orthogroup	block	seqid	start	intact	n_sites	n_third	T1_ABBA	T1_BABA	T1_BBAA	T2_ABBA	T2_BABA	T2_BBAA	T3_ABBA	T3_BABA	T3_BBAA	T4_ABBA	T4_BABA	T4_BBAA
OG0001668	NC_051862.1:0	NC_051862.1	3163154	False	1404	468	15	8	17	19	6	9	6	13	19	8	18	14
OG0001669	NC_051862.1:0	NC_051862.1	2268510	True	1437	479	1	12	9	2	13	10	3	5	10	3	3	19
OG0001670	NC_051862.1:0	NC_051862.1	2423988	True	1467	489	13	22	8	13	17	13	15	3	18	10	4	23
OG0001671	NC_051862.1:0	NC_051862.1	2420017	True	1461	487	15	19	23	16	12	18	13	10	22	9	14	22
OG0001672	NC_051862.1:41	NC_051862.1	209113365	True	1458	486	10	19	7	8	16	16	16	4	14	17	5	22
OG0001674	NC_051862.1:41	NC_051862.1	209424162	False	1485	495	5	25	3	4	24	7	11	3	8	6	2	23
OG0001675	NC_051862.1:41	NC_051862.1	209428342	False	1536	512	1	2	26	1	2	28	6	6	25	6	6	26
OG0001676	NC_051863.1:36	NC_051863.1	184176274	False	1512	504	5	17	16	5	17	12	2	6	24	1	5	35
OG0001677	NC_051862.1:18	NC_051862.1	90719299	True	705	235	1	0	1	1	0	0	0	1	1	0	1	0
OG0001678	NC_051862.1:9	NC_051862.1	46048039	False	291	97	0	0	0	0	0	0	0	0	1	0	0	1
OG0001679	NC_051862.1:23	NC_051862.1	115341566	False	555	185	0	2	0	0	2	0	0	0	0	0	0	2
OG0001680	NC_051863.1:17	NC_051863.1	89344635	False	408	136	5	0	0	5	0	0	0	0	5	0	0	0
OG0001681	NC_051863.1:6	NC_051863.1	34464857	True	732	244	3	2	14	3	2	15	3	2	7	3	2	6
OG0001683	NC_051861.1:22	NC_051861.1	114444031	False	1614	538	8	3	8	7	4	8	4	4	8	5	4	3
OG0001684	NC_051863.1:11	NC_051863.1	59810173	True	1014	338	2	7	10	2	7	8	6	8	4	5	6	8
OG0001685	NC_051863.1:11	NC_051863.1	59798841	False	1305	435	3	8	3	5	7	5	6	2	3	5	5	7
OG0001686	NC_051863.1:7	NC_051863.1	36251802	True	1533	511	1	1	25	1	1	25	6	5	13	6	5	13
OG0001687	NC_051862.1:16	NC_051862.1	84333948	True	1533	511	0	2	19	2	1	13	3	8	9	3	10	10
OG0001688	NC_051862.1:35	NC_051862.1	177588115	True	1515	505	10	12	6	16	8	8	8	2	14	4	8	12
OG0001689	NC_051863.1:10	NC_051863.1	53793485	True	1458	486	5	1	15	5	1	13	1	3	24	1	3	20
OG0001690	NC_051863.1:12	NC_051863.1	61774628	True	1452	484	0	4	25	0	5	26	6	6	6	6	4	10
OG0001691	NC_051862.1:34	NC_051862.1	174521826	True	1104	368	7	7	2	12	11	0	3	10	9	1	7	8
OG0001692	NC_051862.1:43	NC_051862.1	219125236	True	1203	401	0	5	15	0	5	15	8	7	8	7	6	12
OG0001693	NC_051861.1:0	NC_051861.1	2318125	True	1425	475	1	5	20	2	5	20	4	4	11	4	5	15
OG0001694	NC_051861.1:0	NC_051861.1	2455980	True	1743	581	4	4	55	4	6	58	8	9	36	9	8	36
OG0001695	NC_051863.1:37	NC_051863.1	188469141	False	933	311	8	5	10	5	8	10	5	8	11	8	5	10
OG0001696	NC_051863.1:27	NC_051863.1	139492655	True	312	104	2	1	1	4	1	2	2	1	2	2	3	1
OG0001698	NC_051862.1:4	NC_051862.1	23722171	False	423	141	0	1	14	0	0	5	3	12	3	2	12	3
OG0001699	NC_051861.1:24	NC_051861.1	122620691	False	603	201	1	0	9	1	0	12	3	0	9	3	0	7
OG0001701	NC_051862.1:7	NC_051862.1	38236890	False	1002	334	9	9	12	4	8	10	4	4	10	7	4	13
OG0001702	NC_051862.1:24	NC_051862.1	120010398	False	1905	635	12	407	1	14	2	3	410	2	14	2	2	2
OG0001703	NC_051862.1:3	NC_051862.1	17109333	True	867	289	9	4	6	10	3	1	3	7	6	5	11	3
OG0001705	NC_051862.1:3	NC_051862.1	16557367	True	2127	709	5	8	14	6	8	10	13	16	4	10	15	6
OG0001707	NC_051862.1:8	NC_051862.1	43732861	False	1386	462	0	1	12	1	1	33	24	3	7	23	3	7
OG0001708	NC_051862.1:8	NC_051862.1	43709853	True	1617	539	1	6	26	2	2	7	5	20	2	2	22	4
OG0001709	NC_051862.1:8	NC_051862.1	43712959	True	1617	539	7	11	12	7	15	6	6	16	6	6	12	10
OG0001711	NC_051862.1:9	NC_051862.1	45655093	True	411	137	0	4	0	1	5	1	1	1	0	1	1	4
OG0001712	NC_051862.1:9	NC_051862.1	45656164	True	495	165	3	8	4	2	5	2	3	3	3	2	3	6
OG0001713	NC_051862.1:22	NC_051862.1	112510418	False	222	74	2	0	0	2	0	0	0	0	2	0	0	0
OG0001714	NC_051862.1:5	NC_051862.1	28509616	False	684	228	4	10	7	3	7	8	7	3	6	6	4	11
OG0001716	NC_051862.1:6	NC_051862.1	33724286	False	225	75	1	0	2	1	0	1	0	1	1	0	1	0
OG0001717	NC_051862.1:6	NC_051862.1	33665498	True	1884	628	6	4	8	7	7	9	6	8	8	8	8	7
OG0001718	NC_051862.1:6	NC_051862.1	33697160	True	1845	615	9	8	10	4	13	15	12	14	3	17	8	7
OG0001719	NC_051862.1:6	NC_051862.1	33711924	False	1731	577	5	9	7	10	7	15	18	7	3	15	11	4
OG0001720	NC_051863.1:39	NC_051863.1	199877894	True	879	293	2	7	13	2	2	32	26	2	11	22	3	12
OG0001721	NC_051862.1:40	NC_051862.1	204500897	True	387	129	2	0	0	1	2	1	1	2	1	2	0	0
OG0001722	NC_051862.1:40	NC_051862.1	204536018	True	378	126	0	0	0	0	0	0	0	0	0	0	0	0
OG0001723	NC_051862.1:40	NC_051862.1	204471500	True	375	125	1	1	1	1	1	1	0	0	8	0	0	8
OG0001724	NC_051862.1:38	NC_051862.1	194851636	False	231	77	1	1	1	2	5	2	2	5	1	2	2	1
OG0001725	NC_051862.1:19	NC_051862.1	95292438	True	951	317	0	7	3	0	8	4	2	2	3	2	1	10
OG0001726	NC_051861.1:8	NC_051861.1	41776623	False	438	146	1	5	0	0	5	0	0	0	0	1	0	5
OG0001727	NC_051863.1:13	NC_051863.1	66850141	True	1185	395	0	7	13	0	7	11	0	2	11	0	2	18
OG0001728	NC_051862.1:33	NC_051862.1	165718026	True	1740	580	5	1	30	4	2	29	7	8	8	9	8	6
OG0001729	NC_051862.1:33	NC_051862.1	165686557	True	1824	608	1	2	21	2	2	25	5	5	21	5	6	22
OG0001730	NC_051863.1:8	NC_051863.1	40548973	True	1698	566	7	10	6	9	10	6	3	3	13	2	4	14
OG0001731	NC_051862.1:3	NC_051862.1	17857382	False	1122	374	5	7	1	4	7	3	3	1	6	3	1	9
OG0001732	NC_051862.1:39	NC_051862.1	199738016	False	687	229	2	3	3	7	0	4	5	0	2	2	6	1
OG0001733	NC_051863.1:3	NC_051863.1	15376249	False	363	121	1	0	1	0	1	0	0	2	1	1	1	1
OG0001734	NC_051863.1:14	NC_051863.1	72894200	False	573	191	0	3	7	0	3	0	2	6	1	0	6	2
OG0001735	NC_051861.1:14	NC_051861.1	73296875	False	888	296	0	96	1	17	2	3	97	0	2	2	16	4
OG0001737	NC_051862.1:10	NC_051862.1	52633141	True	1017	339	0	0	9	0	0	13	7	3	4	7	3	4
OG0001738	NC_051861.1:0	NC_051861.1	1131021	True	984	328	2	2	15	2	0	17	6	2	15	4	2	13
OG0001739	NC_051861.1:0	NC_051861.1	1134801	True	1011	337	3	4	8	2	4	8	5	4	6	5	3	7
OG0001740	NC_051863.1:31	NC_051863.1	157038159	True	735	245	1	0	10	1	0	12	4	2	8	4	2	7
OG0001741	NC_051862.1:23	NC_051862.1	118860471	True	741	247	2	5	12	2	5	13	1	0	14	1	0	17
OG0001742	NC_051863.1:32	NC_051863.1	161976820	True	744	248	0	2	6	2	2	3	2	5	2	1	6	3
OG0001743	NC_051863.1:31	NC_051863.1	157031337	True	741	247	0	1	17	0	2	9	0	10	13	0	9	13
OG0001744	NC_051861.1:21	NC_051861.1	109117875	True	573	191	2	1	15	2	1	17	2	1	9	2	1	8
OG0001745	NC_051861.1:2	NC_051861.1	11170818	True	543	181	0	12	1	1	10	1	3	1	2	1	2	12
OG0001746	NC_051863.1:27	NC_051863.1	137448881	True	3084	1028	28	15	13	18	22	11	14	23	18	24	18	16
OG0001747	NC_051861.1:5	NC_051861.1	27116205	True	3186	1062	8	18	44	8	17	46	7	5	51	5	4	59
OG0001748	NC_051863.1:31	NC_051863.1	156983679	False	4116	1372	7	5	46	8	2	47	17	11	35	18	15	32
OG0001749	NC_051861.1:20	NC_051861.1	101887783	False	42	14	1	0	0	1	0	0	0	0	1	0	0	0
OG0001750	NC_051861.1:16	NC_051861.1	82511593	False	429	143	1	36	1	1	8	29	38	1	0	32	2	8
OG0001751	NC_051861.1:23	NC_051861.1	118500539	True	1344	448	15	4	8	16	5	9	5	4	17	6	6	7
OG0001752	NC_051863.1:2	NC_051863.1	10110212	True	552	184	0	0	11	0	0	13	3	1	7	3	1	7
OG0001753	NC_051861.1:18	NC_051861.1	93185395	False	1827	609	6	7	13	7	13	18	10	10	10	11	7	11
OG0001756	NC_051863.1:15	NC_051863.1	77218827	False	1020	340	3	6	3	6	4	2	5	3	5	3	7	7
OG0001757	NC_051863.1:15	NC_051863.1	77225888	True	1839	613	4	31	2	4	31	3	1	0	10	1	0	36
OG0001758	NC_051863.1:7	NC_051863.1	37437083	False	1494	498	0	1	8	0	1	22	14	0	357	14	0	355
OG0001759	NC_051863.1:0	NC_051863.1	2221116	False	1905	635	7	1	29	7	1	27	0	1	894	0	1	890
OG0001760	NC_051861.1:10	NC_051861.1	50977812	False	1731	577	0	4	4	0	4	0	0	4	1	0	5	5
OG0001761	NC_051862.1:35	NC_051862.1	178586601	False	816	272	1	1	0	1	1	0	0	0	1	0	0	1
OG0001763	NC_051862.1:31	NC_051862.1	158772823	False	1272	424	2	446	1	18	3	10	451	2	4	9	16	3
OG0001764	NC_051861.1:25	NC_051861.1	127190790	True	1128	376	0	0	2	0	0	2	0	0	2	0	0	2
OG0001765	NC_051861.1:7	NC_051861.1	39294379	True	1128	376	1	4	2	3	4	3	1	0	3	1	2	6
OG0001766	NC_051862.1:18	NC_051862.1	92377307	True	1128	376	2	2	2	5	3	1	0	2	2	1	5	3
OG0001767	NC_051862.1:5	NC_051862.1	26809625	True	1128	376	2	5	2	1	3	4	4	0	1	3	0	3
OG0001768	NC_051862.1:18	NC_051862.1	92344716	True	1128	376	5	2	4	12	0	0	2	4	5	0	11	0
OG0001769	NC_051863.1:8	NC_051863.1	42764258	True	1074	358	1	1	11	1	1	11	2	2	6	2	2	5
OG0001770	NC_051861.1:3	NC_051861.1	17680759	False	1044	348	2	8	21	5	12	6	8	25	5	5	23	8
OG0001771	NC_051862.1:11	NC_051862.1	56969663	True	1083	361	7	11	8	6	11	8	7	8	9	7	7	13
OG0001772	NC_051862.1:34	NC_051862.1	172613627	True	318	106	0	0	1	0	0	2	1	0	2	1	0	2
OG0001773	NC_051863.1:35	NC_051863.1	176276791	False	291	97	0	0	0	0	0	0	0	0	0	0	0	0
OG0001774	NC_051862.1:34	NC_051862.1	170499112	False	156	52	2	0	0	2	0	0	0	0	2	0	0	0
OG0001775	NC_051863.1:16	NC_051863.1	82965117	False	921	307	0	1	12	0	1	14	5	4	5	5	4	6
OG0001776	NC_051862.1:14	NC_051862.1	73602977	True	1350	450	2	4	2	0	2	2	3	1	2	3	1	4
OG0001777	NC_051863.1:10	NC_051863.1	53046062	False	1182	394	13	2	1	14	3	6	7	3	13	6	2	1
OG0001778	NC_051861.1:26	NC_051861.1	131239969	True	1347	449	7	6	3	5	4	4	8	4	4	6	3	2
OG0001779	NC_051863.1:12	NC_051863.1	61812143	True	1350	450	4	1	3	3	0	2	1	1	3	1	1	0
OG0001780	NC_051862.1:0	NC_051862.1	2463450	False	894	298	11	7	1	15	7	2	1	0	15	1	4	11
OG0001781	NC_051862.1:0	NC_051862.1	2237454	True	969	323	0	3	13	1	2	13	3	2	4	2	3	6
OG0001783	NC_051861.1:7	NC_051861.1	35258154	False	840	280	0	12	2	8	7	4	12	3	0	4	10	6
OG0001784	NC_051862.1:0	NC_051862.1	2240519	True	930	310	6	4	2	3	5	6	4	2	10	8	1	11
OG0001785	NC_051862.1:44	NC_051862.1	220240908	False	540	180	2	1	3	1	1	46	43	0	3	45	0	3
OG0001786	NC_051862.1:44	NC_051862.1	220351144	False	960	320	15	7	0	16	7	1	1	0	18	2	1	10
OG0001787	NC_051862.1:44	NC_051862.1	220248855	True	1263	421	0	0	9	1	0	14	5	0	8	5	1	7
OG0001788	NC_051863.1:25	NC_051863.1	126993655	False	714	238	0	1	23	0	0	22	2	3	7	2	3	7
OG0001789	NC_051863.1:25	NC_051863.1	127011042	False	732	244	0	0	15	0	0	18	6	3	1	7	3	1
OG0001790	NC_051863.1:25	NC_051863.1	126910734	False	108	36	0	0	0	0	0	0	0	0	0	0	0	0
OG0001791	NC_051863.1:14	NC_051863.1	74589122	True	1869	623	3	17	4	2	21	5	2	5	6	3	1	20
OG0001792	NC_051863.1:14	NC_051863.1	74716733	True	1437	479	2	1	0	0	0	2	3	0	0	4	0	0
OG0001793	NC_051863.1:14	NC_051863.1	74765757	True	1860	620	3	12	7	3	13	10	4	2	12	4	1	21
OG0001794	NC_051863.1:9	NC_051863.1	49824622	False	942	314	19	0	0	20	0	0	0	0	19	0	2	0
OG0001795	NC_051862.1:43	NC_051862.1	217419460	False	273	91	0	2	0	1	0	1	3	1	1	1	1	1
OG0001796	NC_051862.1:43	NC_051862.1	217458327	False	1065	355	8	7	8	10	6	8	8	7	7	9	9	6
OG0001797	NC_051862.1:43	NC_051862.1	217381491	True	1410	470	7	4	11	18	5	9	6	9	10	4	18	6
OG0001798	NC_051861.1:15	NC_051861.1	79582249	False	1533	511	3	19	4	10	8	3	15	5	4	2	10	7
OG0001799	NC_051861.1:15	NC_051861.1	79584259	False	1470	490	13	11	6	10	11	10	6	4	12	9	3	11
OG0001800	NC_051862.1:23	NC_051862.1	119165572	False	1092	364	1	2	10	1	2	12	3	1	11	3	1	12
OG0001801	NC_051861.1:1	NC_051861.1	6544540	False	1560	520	3	26	2	2	29	5	4	3	7	6	3	32
OG0001802	NC_051862.1:24	NC_051862.1	124724210	True	1422	474	20	8	7	21	8	10	5	2	31	5	3	18
OG0001803	NC_051862.1:33	NC_051862.1	168751425	False	1032	344	2	12	20	0	43	15	11	27	2	13	10	15
OG0001804	NC_051863.1:37	NC_051863.1	185004532	False	1062	354	7	3	8	10	7	11	8	9	11	8	9	7
OG0001805	NC_051863.1:37	NC_051863.1	185047682	True	1461	487	5	11	6	4	9	4	6	5	5	3	4	9
OG0001806	NC_051863.1:8	NC_051863.1	42859571	True	1146	382	1	1	8	1	1	8	1	1	12	1	1	11
OG0001807	NC_051863.1:34	NC_051863.1	172714296	False	1035	345	2	12	3	10	1	3	14	3	2	3	11	1
OG0001808	NC_051863.1:15	NC_051863.1	79358335	True	1158	386	0	1	11	1	1	6	3	8	12	3	9	13
OG0001809	NC_051863.1:15	NC_051863.1	79362662	False	1818	606	3	5	28	3	5	33	8	3	21	7	3	23
OG0001810	NC_051863.1:15	NC_051863.1	79361292	True	837	279	0	0	7	0	0	11	7	3	3	7	3	3
OG0001811	NC_051863.1:15	NC_051863.1	79346516	True	885	295	0	2	8	0	2	8	1	1	6	1	1	8
OG0001812	NC_051863.1:1	NC_051863.1	6013251	True	1122	374	0	1	14	0	1	14	2	2	7	2	2	8
OG0001813	NC_051863.1:0	NC_051863.1	4162733	True	1113	371	0	0	10	0	0	8	2	2	10	2	2	11
OG0001814	NC_051863.1:1	NC_051863.1	5524873	True	1095	365	4	3	8	5	3	10	6	3	6	4	3	4
OG0001815	NC_051862.1:40	NC_051862.1	204493123	True	372	124	0	2	1	0	3	2	1	0	0	1	0	2
OG0001816	NC_051863.1:6	NC_051863.1	33943114	True	435	145	0	1	4	0	1	7	4	1	4	4	1	5
OG0001817	NC_051863.1:6	NC_051863.1	33941464	True	537	179	2	4	9	2	4	11	2	0	11	2	0	13
OG0001819	NC_051863.1:30	NC_051863.1	153566866	False	1455	485	2	17	14	2	16	12	1	2	10	0	2	24
OG0001820	NC_051861.1:3	NC_051861.1	15212117	True	540	180	0	2	0	0	1	1	2	0	0	1	0	1
OG0001821	NC_051861.1:3	NC_051861.1	15255972	True	591	197	0	11	3	1	10	5	4	1	0	3	2	10
OG0001822	NC_051861.1:3	NC_051861.1	15239588	True	591	197	2	6	1	2	7	0	0	2	4	0	1	8
OG0001823	NC_051862.1:14	NC_051862.1	73573635	True	2709	903	5	1	22	5	1	17	2	6	19	2	6	15
OG0001824	NC_051862.1:14	NC_051862.1	73582448	True	2547	849	1	9	21	1	8	16	4	8	11	3	8	18
OG0001825	NC_051862.1:44	NC_051862.1	223744018	True	2163	721	3	5	8	4	7	7	1	4	5	1	3	7
OG0001826	NC_051861.1:3	NC_051861.1	18147205	False	243	81	0	3	0	0	3	0	0	0	1	0	0	4
OG0001827	NC_051863.1:9	NC_051863.1	46559281	True	783	261	2	1	12	2	0	19	10	1	12	9	1	10
OG0001829	NC_051862.1:10	NC_051862.1	54389088	True	750	250	2	4	2	3	3	1	1	1	3	0	3	4
OG0001830	NC_051862.1:10	NC_051862.1	54378207	True	777	259	4	3	4	2	4	2	3	6	0	6	6	2
OG0001831	NC_051862.1:28	NC_051862.1	143727829	True	546	182	0	0	8	0	0	9	1	0	0	1	1	0
OG0001832	NC_051862.1:28	NC_051862.1	143746854	True	555	185	2	0	3	2	0	1	0	2	1	1	3	0
OG0001833	NC_051861.1:0	NC_051861.1	1421854	True	2997	999	3	6	36	3	2	32	23	22	9	20	23	9
OG0001834	NC_051862.1:25	NC_051862.1	129177870	False	285	95	1	1	0	2	0	11	13	0	1	11	2	1
OG0001835	NC_051862.1:25	NC_051862.1	129202281	True	1101	367	1	11	18	2	13	19	5	6	11	5	5	21
OG0001837	NC_051862.1:25	NC_051862.1	129184718	True	1173	391	2	17	2	4	17	7	7	2	5	5	2	18
OG0001838	NC_051862.1:7	NC_051862.1	38251575	False	684	228	0	0	13	0	0	13	5	5	4	5	5	4
OG0001839	NC_051862.1:7	NC_051862.1	38966758	False	1461	487	6	6	6	5	7	3	2	7	8	2	4	7
OG0001840	NC_051863.1:11	NC_051863.1	55965328	False	456	152	2	7	1	4	7	1	0	0	2	1	2	8
OG0001841	NC_051863.1:33	NC_051863.1	168505100	False	1428	476	2	4	45	1	3	57	42	23	15	43	24	17
OG0001842	NC_051861.1:0	NC_051861.1	2411318	True	1527	509	6	13	16	6	10	13	3	3	14	2	5	19
OG0001844	NC_051862.1:3	NC_051862.1	15434078	False	1704	568	17	6	4	22	3	2	3	2	18	2	9	6
OG0001845	NC_051862.1:3	NC_051862.1	15411252	True	2085	695	19	8	11	26	8	9	8	11	20	7	18	10
OG0001846	NC_051862.1:3	NC_051862.1	15421974	False	1383	461	14	8	5	14	6	6	5	3	13	8	8	10
OG0001847	NC_051862.1:17	NC_051862.1	88784013	True	1509	503	1	4	29	2	4	30	8	6	24	8	7	27
OG0001848	NC_051862.1:17	NC_051862.1	88154830	True	1395	465	1	5	7	1	5	8	5	4	3	5	4	7
OG0001849	NC_051863.1:23	NC_051863.1	116267978	False	1401	467	0	15	7	1	11	7	6	3	1	3	4	12
OG0001850	NC_051863.1:23	NC_051863.1	116292037	True	1680	560	0	6	28	0	6	25	3	6	11	3	6	16
OG0001851	NC_051861.1:6	NC_051861.1	33713670	False	876	292	2	10	10	3	6	13	10	3	10	6	4	14
OG0001852	NC_051863.1:11	NC_051863.1	58072115	True	1467	489	11	9	7	15	9	8	6	4	19	4	5	15
OG0001853	NC_051861.1:7	NC_051861.1	39477573	True	1608	536	2	17	3	2	17	4	2	1	7	2	1	22
OG0001854	NC_051861.1:6	NC_051861.1	33698093	False	249	83	0	3	4	0	2	7	3	1	37	3	1	38
OG0001855	NC_051863.1:30	NC_051863.1	150167403	True	2064	688	1	3	24	2	5	22	5	8	23	5	7	25
OG0001856	NC_051861.1:5	NC_051861.1	25895630	False	1665	555	2	10	15	2	9	15	9	6	29	5	8	35
OG0001857	NC_051863.1:22	NC_051863.1	112282274	False	858	286	0	450	0	13	4	4	448	0	0	4	13	4
OG0001858	NC_051861.1:1	NC_051861.1	8125477	True	2052	684	9	3	23	6	3	16	7	13	18	10	14	16
OG0001859	NC_051862.1:1	NC_051862.1	5862684	False	1419	473	24	14	6	24	14	3	4	9	29	0	3	17
OG0001860	NC_051862.1:1	NC_051862.1	5829642	False	1596	532	4	29	5	4	30	2	1	5	5	3	6	32
OG0001861	NC_051862.1:1	NC_051862.1	5865786	False	1170	390	10	19	5	10	18	3	2	3	16	1	3	24
OG0001862	NC_051862.1:1	NC_051862.1	5855982	True	1581	527	12	19	4	12	17	4	3	1	18	2	2	25
OG0001863	NC_051862.1:1	NC_051862.1	5857908	True	1722	574	2	22	2	2	26	3	3	4	7	1	0	25
OG0001864	NC_051862.1:10	NC_051862.1	50611300	False	1251	417	11	20	7	10	19	14	15	8	11	12	5	18
OG0001865	NC_051862.1:16	NC_051862.1	82429877	False	828	276	1	5	16	1	3	14	6	6	7	4	6	9
OG0001866	NC_051862.1:16	NC_051862.1	82734502	False	690	230	1	0	8	1	0	11	4	0	3	4	0	2
OG0001867	NC_051861.1:24	NC_051861.1	121129604	True	783	261	1	8	8	1	6	5	5	6	3	3	6	8
OG0001868	NC_051862.1:16	NC_051862.1	84263037	True	594	198	0	5	5	0	6	3	0	3	5	0	2	10
OG0001869	NC_051862.1:18	NC_051862.1	92558260	False	4653	1551	8	24	13	12	25	20	22	15	8	19	16	22
OG0001870	NC_051862.1:16	NC_051862.1	84273095	True	4833	1611	1	11	90	3	10	97	32	22	41	30	24	51
OG0001871	NC_051863.1:8	NC_051863.1	42678829	True	651	217	0	0	4	4	0	0	0	4	0	0	8	0
OG0001874	NC_051862.1:8	NC_051862.1	43044982	True	477	159	0	0	16	0	0	13	0	3	7	0	3	7
OG0001875	NC_051861.1:16	NC_051861.1	82066009	True	1092	364	1	4	14	1	4	12	0	2	10	1	3	13
OG0001876	NC_051863.1:8	NC_051863.1	42041682	False	1242	414	5	10	5	5	12	7	4	4	4	6	4	11
OG0001877	NC_051863.1:15	NC_051863.1	79841118	True	609	203	0	0	4	0	0	3	0	1	0	0	1	0
OG0001878	NC_051861.1:19	NC_051861.1	99224207	True	264	88	0	1	0	0	1	1	1	0	0	1	0	1
OG0001879	NC_051862.1:4	NC_051862.1	20796154	True	477	159	0	0	0	0	0	0	0	0	0	0	0	0
OG0001880	NC_051863.1:0	NC_051863.1	1575663	False	237	79	0	0	0	0	0	0	0	0	0	0	0	0
OG0001881	NC_051862.1:34	NC_051862.1	170795436	True	336	112	1	0	2	1	0	2	1	1	2	1	1	1
OG0001882	NC_051862.1:24	NC_051862.1	123954553	False	1587	529	5	11	6	7	11	5	3	4	12	3	6	17
OG0001883	NC_051862.1:24	NC_051862.1	124843596	False	1584	528	24	5	3	28	4	3	6	5	24	4	9	3
OG0001884	NC_051862.1:24	NC_051862.1	123941356	True	1581	527	0	1	12	1	1	12	5	6	9	5	6	10
OG0001885	NC_051862.1:24	NC_051862.1	123938635	False	1596	532	4	6	25	5	6	24	6	7	21	5	7	23
OG0001886	NC_051862.1:34	NC_051862.1	173182532	True	888	296	0	1	17	0	1	18	4	3	9	4	3	10
OG0001887	NC_051862.1:39	NC_051862.1	199595839	True	897	299	9	5	3	10	7	1	0	4	9	0	3	5
OG0001888	NC_051862.1:39	NC_051862.1	199594124	True	918	306	6	4	3	5	5	3	5	6	2	7	6	2
OG0001889	NC_051862.1:16	NC_051862.1	81926621	False	768	256	8	1	3	2	2	7	4	1	3	15	0	2
OG0001890	NC_051862.1:1	NC_051862.1	6579791	True	1563	521	17	9	15	9	10	10	9	14	10	15	9	8
OG0001891	NC_051863.1:40	NC_051863.1	200799081	True	1497	499	0	5	5	1	6	4	1	3	5	1	3	10
OG0001893	NC_051863.1:6	NC_051863.1	31073172	False	75	25	0	1	0	0	1	0	0	0	0	0	0	1
OG0001894	NC_051863.1:6	NC_051863.1	31094123	True	1758	586	8	33	8	10	31	9	16	13	15	9	9	30
OG0001895	NC_051862.1:4	NC_051862.1	21755526	True	1386	462	0	1	10	0	2	11	2	2	4	2	1	5
OG0001896	NC_051862.1:2	NC_051862.1	14171911	True	1761	587	5	7	2	5	5	1	4	3	6	2	3	6
OG0001897	NC_051862.1:0	NC_051862.1	2859430	True	381	127	23	2	4	23	2	5	1	0	27	1	1	6
OG0001898	NC_051862.1:1	NC_051862.1	8477380	True	1191	397	10	5	5	13	8	5	5	8	10	5	8	5
OG0001899	NC_051863.1:32	NC_051863.1	160590049	True	1182	394	6	14	4	7	18	5	4	7	7	5	5	16
OG0001900	NC_051862.1:37	NC_051862.1	187340343	True	603	201	2	1	13	2	1	12	1	4	5	1	4	4
OG0001901	NC_051862.1:37	NC_051862.1	187169034	True	579	193	0	2	9	0	2	13	7	3	6	6	2	7
OG0001902	NC_051863.1:8	NC_051863.1	40596387	False	10650	3550	10	3164	15	6	3171	14	23	36	34	16	12	3189
OG0001903	NC_051862.1:6	NC_051862.1	34224903	True	11790	3930	37	73	48	35	67	43	43	43	46	39	40	77
OG0001904	NC_051862.1:30	NC_051862.1	154097222	False	12015	4005	69	29	31	64	35	33	29	31	63	41	34	38
OG0001905	NC_051862.1:15	NC_051862.1	75347906	False	13905	4635	10	190	93	15	17	81	200	38	67	25	41	70
OG0001906	NC_051862.1:41	NC_051862.1	206324599	True	13731	4577	33	72	84	56	45	37	51	67	70	21	88	80
OG0001907	NC_051863.1:15	NC_051863.1	79832661	False	714	238	10	3	0	3	26	2	2	22	6	9	0	6
OG0001908	NC_051863.1:9	NC_051863.1	47120103	True	417	139	0	2	1	4	0	0	2	1	0	0	5	0
OG0001910	NC_051863.1:8	NC_051863.1	41996185	False	333	111	5	2	1	1	29	4	3	29	2	4	0	1
OG0001911	NC_051863.1:8	NC_051863.1	41986295	True	228	76	0	1	0	0	1	0	0	0	0	0	0	1
OG0001912	NC_051863.1:0	NC_051863.1	3041426	True	1629	543	5	12	12	4	15	9	6	12	4	8	11	12
OG0001913	NC_051862.1:0	NC_051862.1	4009281	False	648	216	3	2	2	1	2	3	4	2	2	5	1	2
OG0001914	NC_051862.1:0	NC_051862.1	3842940	False	1626	542	19	18	12	13	21	15	16	16	20	19	9	21
OG0001915	NC_051863.1:35	NC_051863.1	177614459	True	1638	546	1	2	21	3	2	25	5	1	13	5	4	14
OG0001916	NC_051861.1:15	NC_051861.1	75043514	True	1188	396	4	0	1	4	0	0	0	1	5	0	1	1
OG0001918	NC_051862.1:17	NC_051862.1	88168282	True	1104	368	1	1	18	1	1	14	0	3	16	0	3	16
OG0001921	NC_051862.1:18	NC_051862.1	90877791	True	2076	692	4	4	3	12	1	2	5	3	3	3	12	1
OG0001922	NC_051862.1:11	NC_051862.1	59867762	False	1005	335	0	1	1	0	0	0	1	1	0	0	1	0
OG0001923	NC_051862.1:43	NC_051862.1	217790958	False	1206	402	0	2	2	0	1	0	1	2	1	0	2	2
OG0001925	NC_051863.1:27	NC_051863.1	139047536	False	1056	352	5	0	4	6	0	18	18	3	4	19	5	1
OG0001926	NC_051862.1:34	NC_051862.1	173971031	False	1239	413	4	13	5	8	12	4	7	7	3	4	8	9
OG0001927	NC_051862.1:34	NC_051862.1	173961030	False	2040	680	30	15	4	8	484	2	3	475	12	24	3	20
OG0001928	NC_051862.1:2	NC_051862.1	10380029	True	1236	412	9	4	7	9	4	7	4	4	11	5	5	6
OG0001929	NC_051862.1:2	NC_051862.1	10368464	False	1278	426	10	2	4	5	16	9	7	16	8	12	4	5
OG0001930	NC_051862.1:0	NC_051862.1	651900	False	447	149	0	4	0	1	2	3	5	0	0	3	1	2
OG0001931	NC_051862.1:40	NC_051862.1	201787323	True	1473	491	1	4	15	1	2	14	12	11	4	10	11	5
OG0001932	NC_051862.1:17	NC_051862.1	88195747	False	1374	458	14	8	9	17	7	6	9	11	10	8	16	3
OG0001933	NC_051863.1:25	NC_051863.1	126283878	False	1674	558	4	16	5	8	14	4	9	6	7	5	10	15
OG0001934	NC_051863.1:6	NC_051863.1	31487667	True	1944	648	6	3	2	5	4	3	2	2	6	3	1	4
OG0001935	NC_051861.1:22	NC_051861.1	110768603	True	1917	639	8	4	2	11	5	1	1	3	7	1	6	4
OG0001937	NC_051863.1:2	NC_051863.1	11129654	True	1947	649	0	3	3	0	3	4	1	0	8	1	0	11
OG0001938	NC_051861.1:1	NC_051861.1	7497054	True	1494	498	3	12	4	6	14	2	2	7	6	1	5	14
OG0001939	NC_051862.1:39	NC_051862.1	195607796	True	1473	491	9	4	6	7	6	8	5	5	16	7	3	12
OG0001940	NC_051861.1:1	NC_051861.1	7507047	True	1470	490	3	14	7	4	14	8	2	1	9	1	1	19
OG0001941	NC_051862.1:13	NC_051862.1	65830684	False	2799	933	12	4	4	5	7	31	33	6	8	37	4	6
OG0001942	NC_051863.1:8	NC_051863.1	43102984	False	2967	989	50	19	9	48	18	12	12	8	52	13	5	22
OG0001943	NC_051863.1:4	NC_051863.1	23826714	False	123	41	2	0	0	2	0	0	0	0	2	0	0	0
OG0001944	NC_051861.1:22	NC_051861.1	111959560	True	5946	1982	22	23	22	17	18	20	20	18	27	20	17	28
OG0001945	NC_051863.1:10	NC_051863.1	52951422	False	693	231	6	0	0	13	0	1	1	0	6	1	7	0
OG0001946	NC_051863.1:11	NC_051863.1	58173500	True	240	80	2	0	1	4	0	0	0	1	2	0	3	0
OG0001947	NC_051862.1:24	NC_051862.1	124508161	False	792	264	5	3	1	3	3	6	7	2	4	9	1	3
OG0001948	NC_051863.1:35	NC_051863.1	178058067	True	276	92	1	0	6	1	0	5	0	1	5	0	1	4
OG0001949	NC_051863.1:35	NC_051863.1	177913282	True	279	93	0	1	3	1	1	3	2	2	2	2	3	3
OG0001950	NC_051863.1:36	NC_051863.1	183869236	True	975	325	0	0	7	0	2	7	1	2	1	1	0	1
OG0001951	NC_051862.1:17	NC_051862.1	89790739	True	1362	454	4	0	0	13	0	0	0	0	5	0	9	1
OG0001952	NC_051862.1:17	NC_051862.1	89705412	True	1338	446	0	1	1	0	0	1	1	0	0	0	0	0
OG0001953	NC_051863.1:25	NC_051863.1	126628251	False	510	170	1	0	6	1	0	6	0	0	299	0	0	300
OG0001954	NC_051862.1:39	NC_051862.1	198480195	False	2799	933	0	5	17	0	5	63	52	6	11	50	4	14
OG0001955	NC_051861.1:2	NC_051861.1	10045654	False	720	240	0	0	11	0	0	12	1	0	11	1	0	11
OG0001956	NC_051861.1:2	NC_051861.1	10056439	False	747	249	1	3	3	1	3	4	2	1	2	2	1	4
OG0001957	NC_051862.1:41	NC_051862.1	205492677	False	975	325	2	1	15	0	4	6	1	13	6	3	10	7
OG0001958	NC_051862.1:41	NC_051862.1	205488480	False	1452	484	2	96	68	0	150	69	5	52	62	7	1	157
OG0001959	NC_051863.1:8	NC_051863.1	42704495	True	729	243	2	0	28	2	0	29	2	1	14	2	1	12
OG0001961	NC_051861.1:3	NC_051861.1	16607069	False	195	65	7	3	5	4	3	0	0	5	5	3	5	3
OG0001962	NC_051861.1:3	NC_051861.1	16609139	True	1521	507	4	24	3	8	16	8	17	3	8	9	6	18
OG0001963	NC_051863.1:2	NC_051863.1	13673342	True	1374	458	5	15	8	11	15	5	4	7	7	4	11	16
OG0001964	NC_051863.1:2	NC_051863.1	13692086	True	1485	495	7	8	9	6	10	7	6	7	7	6	5	8
OG0001965	NC_051861.1:0	NC_051861.1	2875968	True	1632	544	11	6	4	14	5	4	5	2	15	3	7	9
OG0001967	NC_051861.1:9	NC_051861.1	45756656	False	234	78	0	2	1	2	2	0	0	1	0	0	3	2
OG0001968	NC_051863.1:15	NC_051863.1	77197051	False	1014	338	1	15	6	8	6	4	14	6	1	5	12	5
OG0001969	NC_051862.1:41	NC_051862.1	205053699	False	489	163	1	3	5	1	1	6	4	2	4	2	2	4
OG0001970	NC_051861.1:21	NC_051861.1	106087626	False	1137	379	6	13	2	5	14	2	2	3	9	3	2	17
OG0001971	NC_051861.1:23	NC_051861.1	116167487	True	1599	533	17	8	12	20	6	5	7	13	12	11	22	8
OG0001972	NC_051861.1:23	NC_051861.1	116165643	False	1521	507	10	10	9	17	9	4	4	8	12	4	14	12
OG0001973	NC_051861.1:4	NC_051861.1	22683458	True	747	249	0	6	4	0	6	5	1	0	6	1	0	12
OG0001975	NC_051862.1:8	NC_051862.1	42846910	False	324	108	0	1	14	0	0	43	29	3	6	29	3	6
OG0001976	NC_051862.1:8	NC_051862.1	42839277	True	417	139	2	4	10	1	4	9	2	3	9	3	3	12
OG0001977	NC_051861.1:10	NC_051861.1	53177194	True	573	191	0	0	0	0	0	0	0	0	3	0	0	3
OG0001978	NC_051861.1:16	NC_051861.1	82126068	False	492	164	1	126	3	1	126	4	1	0	10	1	0	137
OG0001981	NC_051862.1:36	NC_051862.1	184869455	True	1605	535	0	6	13	0	7	15	4	3	9	4	2	15
OG0001982	NC_051862.1:35	NC_051862.1	179190065	True	2220	740	5	15	5	35	0	0	15	5	5	0	35	0
OG0001983	NC_051862.1:11	NC_051862.1	56331973	False	471	157	6	5	7	4	5	8	1	0	14	3	0	15
OG0001984	NC_051862.1:11	NC_051862.1	56340220	True	1812	604	15	18	9	14	18	5	6	10	22	7	9	23
OG0001985	NC_051862.1:11	NC_051862.1	56335489	False	1485	495	9	34	2	11	30	6	12	4	11	7	5	31
OG0001986	NC_051863.1:12	NC_051863.1	61400973	False	543	181	0	1	17	0	2	7	0	11	5	0	10	5
OG0001987	NC_051862.1:6	NC_051862.1	33895390	False	0	0	0	0	0	0	0	0	0	0	0	0	0	0
OG0001988	NC_051862.1:32	NC_051862.1	160439126	True	666	222	1	0	7	1	0	3	0	3	2	0	3	1
OG0001989	NC_051862.1:32	NC_051862.1	160431896	True	639	213	0	0	16	0	0	11	0	5	4	0	5	4
OG0001990	NC_051862.1:32	NC_051862.1	160433788	False	618	206	0	0	14	0	0	1	0	13	3	0	13	3
OG0001993	NC_051862.1:8	NC_051862.1	40205210	True	579	193	1	0	0	0	0	2	2	0	0	3	0	0
OG0001994	NC_051862.1:8	NC_051862.1	40235353	True	846	282	2	1	2	2	2	3	2	2	2	2	1	1
OG0001995	NC_051861.1:23	NC_051861.1	116089729	False	1194	398	7	12	7	6	13	4	3	7	9	3	5	15
OG0001997	NC_051862.1:28	NC_051862.1	140518205	False	1842	614	2	12	1	2	14	4	4	3	2	5	2	13
OG0001998	NC_051863.1:27	NC_051863.1	139765310	False	96	32	0	0	0	0	0	0	0	0	0	0	0	0
OG0001999	NC_051862.1:41	NC_051862.1	209270434	True	1467	489	9	10	9	9	2	8	12	6	10	7	9	6
OG0002000	NC_051862.1:5	NC_051862.1	29886653	True	798	266	0	4	10	0	4	6	1	5	3	2	5	7
OG0002001	NC_051863.1:5	NC_051863.1	28519560	False	1128	376	5	4	3	7	7	1	1	6	7	1	5	6
OG0002003	NC_051862.1:1	NC_051862.1	8739210	False	978	326	2	1	8	3	1	11	9	5	5	9	7	5
OG0002004	NC_051863.1:16	NC_051863.1	81697857	True	3759	1253	1	37	2	0	35	0	1	2	1	1	2	36
OG0002005	NC_051863.1:12	NC_051863.1	61701474	False	69	23	16	0	1	16	0	1	0	0	16	0	0	0
OG0002006	NC_051861.1:16	NC_051861.1	80148585	False	555	185	1	3	2	2	2	9	9	2	1	7	2	1
OG0002007	NC_051863.1:14	NC_051863.1	74039187	False	1479	493	0	0	3	0	0	3	0	0	2	0	0	2
OG0002008	NC_051861.1:26	NC_051861.1	131378102	True	1668	556	7	1	6	5	2	4	1	4	6	3	3	2
OG0002009	NC_051861.1:14	NC_051861.1	70470980	False	582	194	0	1	1	0	1	1	0	0	0	0	0	1
OG0002010	NC_051863.1:14	NC_051863.1	74460841	False	1407	469	3	6	4	2	9	8	4	3	7	5	0	10
OG0002011	NC_051863.1:8	NC_051863.1	42092622	True	381	127	0	0	8	1	0	12	4	0	3	4	1	3
OG0002012	NC_051862.1:36	NC_051862.1	182859089	True	2070	690	0	0	42	0	0	49	16	10	36	16	10	36
OG0002013	NC_051862.1:36	NC_051862.1	182851827	True	2001	667	1	1	46	2	1	46	9	8	28	9	9	28
OG0002014	NC_051862.1:17	NC_051862.1	87249609	False	0	0	0	0	0	0	0	0	0	0	0	0	0	0
OG0002015	NC_051863.1:33	NC_051863.1	165815494	True	312	104	0	0	2	0	0	0	0	2	0	0	2	0
OG0002016	NC_051862.1:33	NC_051862.1	167433686	True	306	102	1	1	1	1	0	1	1	0	2	0	0	0
OG0002017	NC_051861.1:25	NC_051861.1	127082073	True	453	151	2	0	3	0	0	3	0	0	0	2	0	0
OG0002018	NC_051862.1:30	NC_051862.1	152672680	False	306	102	1	1	0	1	1	0	0	0	1	0	0	1
OG0002019	NC_051862.1:29	NC_051862.1	147736410	True	519	173	0	0	2	0	0	1	1	2	1	1	2	1
OG0002020	NC_051863.1:34	NC_051863.1	173784001	True	1002	334	4	5	8	5	3	4	3	5	3	1	7	3
OG0002021	NC_051863.1:16	NC_051863.1	82263100	True	327	109	1	4	0	1	3	0	1	0	1	0	0	3
OG0002022	NC_051862.1:4	NC_051862.1	24424978	True	225	75	0	3	0	0	2	0	1	0	0	0	0	2
OG0002024	NC_051862.1:7	NC_051862.1	36007788	False	531	177	0	0	1	0	0	0	0	1	0	0	1	0
OG0002025	NC_051862.1:37	NC_051862.1	186588589	True	1191	397	3	1	10	3	1	15	4	1	8	4	1	6
OG0002026	NC_051861.1:2	NC_051861.1	11244089	False	1200	400	6	7	3	4	5	3	4	3	5	6	4	7
OG0002027	NC_051861.1:4	NC_051861.1	23661543	True	999	333	2	7	25	2	5	24	8	8	15	7	7	18
OG0002028	NC_051861.1:4	NC_051861.1	23654534	True	1002	334	1	5	14	2	5	13	1	1	7	1	1	10
OG0002030	NC_051861.1:24	NC_051861.1	123912174	True	1773	591	2	4	9	4	4	7	3	5	5	2	6	6
OG0002032	NC_051863.1:40	NC_051863.1	200191892	True	630	210	1	4	0	1	4	2	3	1	1	2	0	3
OG0002033	NC_051863.1:40	NC_051863.1	200187379	True	909	303	3	8	4	0	15	0	0	11	0	3	4	8
OG0002034	NC_051863.1:14	NC_051863.1	72560933	False	9297	3099	143	27	89	5	2687	61	9	2712	23	150	39	46
OG0002035	NC_051861.1:2	NC_051861.1	14883025	False	13362	4454	15	49	178	15	50	181	33	28	106	31	30	140
OG0002036	NC_051863.1:31	NC_051863.1	155363630	False	423	141	2	1	0	1	1	0	0	0	1	1	0	1
OG0002037	NC_051863.1:38	NC_051863.1	190222227	False	444	148	0	0	0	0	0	0	0	0	1	0	0	1
OG0002038	NC_051863.1:15	NC_051863.1	79994907	True	456	152	1	0	4	1	0	4	0	0	2	0	0	1
OG0002039	NC_051863.1:16	NC_051863.1	80005602	True	336	112	0	0	7	0	0	8	1	0	1	1	0	1
OG0002040	NC_051863.1:30	NC_051863.1	154116727	False	792	264	10	168	5	2	330	0	1	168	0	10	6	164
OG0002041	NC_051862.1:30	NC_051862.1	152314239	False	297	99	0	0	0	0	0	3	3	0	1	3	0	1
OG0002042	NC_051862.1:42	NC_051862.1	211939207	True	921	307	10	10	6	8	10	5	1	2	10	2	1	12
OG0002043	NC_051862.1:42	NC_051862.1	211945548	True	903	301	1	3	7	2	2	3	5	7	2	3	8	3
OG0002044	NC_051862.1:31	NC_051862.1	156209608	False	669	223	0	1	6	0	0	7	3	0	133	2	0	133
OG0002045	NC_051862.1:41	NC_051862.1	208673282	True	1986	662	9	5	4	6	7	6	6	5	8	9	4	7
OG0002046	NC_051862.1:35	NC_051862.1	175544288	False	390	130	2	0	0	6	0	0	0	0	2	0	4	0
OG0002047	NC_051861.1:15	NC_051861.1	76349383	False	1788	596	0	380	8	0	378	11	4	2	12	3	0	393
OG0002048	NC_051862.1:15	NC_051862.1	79241372	False	888	296	7	5	29	0	10	7	1	26	0	9	22	5
OG0002050	NC_051862.1:12	NC_051862.1	64070031	False	579	193	4	6	2	2	4	2	2	0	5	2	0	7
OG0002052	NC_051862.1:4	NC_051862.1	23670266	False	309	103	0	0	0	0	0	2	2	0	0	2	0	0
OG0002053	NC_051862.1:41	NC_051862.1	205240988	True	567	189	1	0	0	0	0	0	0	0	0	1	0	0
OG0002054	NC_051863.1:27	NC_051863.1	137249829	False	468	156	0	200	0	24	0	1	200	0	0	1	25	0
OG0002055	NC_051863.1:27	NC_051863.1	137227095	False	1299	433	4	4	7	6	3	8	5	3	4	3	4	2
OG0002056	NC_051862.1:34	NC_051862.1	174425232	True	1521	507	5	11	9	9	4	5	10	7	5	3	12	4
OG0002057	NC_051863.1:38	NC_051863.1	192715351	True	1485	495	4	16	4	5	10	8	14	4	8	6	4	11
OG0002058	NC_051862.1:26	NC_051862.1	131184540	False	1173	391	2	2	10	2	3	12	6	5	7	6	4	7
OG0002059	NC_051862.1:6	NC_051862.1	34879033	False	1140	380	2	0	31	2	0	32	1	0	403	1	0	397
OG0002060	NC_051863.1:32	NC_051863.1	160604765	False	390	130	0	1	2	3	3	0	0	3	0	0	5	1
OG0002061	NC_051862.1:9	NC_051862.1	49819306	False	777	259	1	0	23	1	0	21	3	5	14	3	5	13
OG0002062	NC_051863.1:9	NC_051863.1	47479062	True	291	97	1	0	0	1	2	2	2	2	1	2	0	0
OG0002063	NC_051863.1:31	NC_051863.1	158918907	True	768	256	4	2	5	3	3	4	4	5	5	5	5	4
OG0002064	NC_051863.1:11	NC_051863.1	55981948	True	768	256	4	9	1	3	8	0	2	2	3	1	1	8
OG0002065	NC_051861.1:2	NC_051861.1	11226213	True	1218	406	5	3	10	7	3	10	3	4	8	3	6	6
OG0002066	NC_051863.1:35	NC_051863.1	179195780	True	1176	392	1	2	13	1	2	11	2	3	11	1	2	11
OG0002067	NC_051862.1:36	NC_051862.1	182423051	False	207	69	0	1	6	0	1	5	1	3	2	1	3	3
OG0002068	NC_051862.1:1	NC_051862.1	6977038	True	393	131	0	1	0	0	0	1	2	0	0	1	0	0
OG0002069	NC_051863.1:40	NC_051863.1	201346663	True	1395	465	0	0	7	0	0	7	0	0	7	0	0	7
OG0002070	NC_051862.1:33	NC_051862.1	167121006	True	1470	490	2	21	5	6	13	4	11	2	4	3	7	15
OG0002071	NC_051861.1:13	NC_051861.1	69583386	False	21	7	0	0	0	0	0	3	3	0	0	3	0	0
OG0002072	NC_051861.1:14	NC_051861.1	71667611	False	1218	406	0	141	5	0	140	6	2	0	7	1	0	147
OG0002073	NC_051863.1:12	NC_051863.1	61274174	True	738	246	0	1	18	0	1	14	3	8	4	3	8	4
OG0002074	NC_051861.1:14	NC_051861.1	73157806	True	510	170	0	0	0	0	0	2	2	0	0	2	0	0
OG0002075	NC_051861.1:14	NC_051861.1	73167255	True	516	172	0	2	0	3	0	1	3	0	0	1	3	0
OG0002076	NC_051863.1:39	NC_051863.1	196086595	True	1725	575	0	1	13	0	2	15	3	2	10	3	1	11
OG0002077	NC_051863.1:33	NC_051863.1	166062361	False	1563	521	13	4	13	0	30	3	0	35	1	12	9	5
OG0002080	NC_051861.1:25	NC_051861.1	129158557	True	993	331	0	2	8	1	1	13	12	6	4	10	6	4
OG0002081	NC_051862.1:42	NC_051862.1	212012287	False	405	135	2	2	0	2	2	1	1	0	2	1	0	2
OG0002082	NC_051861.1:3	NC_051861.1	17460812	True	645	215	0	0	4	0	0	5	0	1	4	0	1	4
OG0002083	NC_051861.1:3	NC_051861.1	17443863	True	1050	350	1	0	11	1	0	12	2	1	3	2	1	2
OG0002084	NC_051863.1:3	NC_051863.1	19276559	False	336	112	0	1	5	0	1	3	0	2	6	0	2	7
OG0002085	NC_051863.1:3	NC_051863.1	19285301	True	408	136	0	0	10	0	0	10	0	0	6	0	0	7
OG0002086	NC_051862.1:12	NC_051862.1	62057669	True	945	315	0	0	17	0	0	0	0	17	0	0	17	0
OG0002087	NC_051862.1:12	NC_051862.1	62074329	True	825	275	0	0	3	0	0	3	0	0	8	0	0	7
OG0002088	NC_051863.1:37	NC_051863.1	188538609	False	372	124	2	0	6	1	0	7	2	2	1	4	2	1
OG0002089	NC_051863.1:37	NC_051863.1	188539547	False	453	151	1	10	3	3	12	1	3	6	2	1	5	10
OG0002090	NC_051863.1:35	NC_051863.1	179894236	True	3600	1200	7	4	15	7	3	14	4	5	16	2	4	10
OG0002091	NC_051862.1:28	NC_051862.1	140786237	True	5826	1942	11	1	0	3	2	3	4	2	3	11	0	0
OG0002092	NC_051861.1:11	NC_051861.1	59041886	True	5844	1948	16	165	20	3	168	14	11	19	15	20	13	172
OG0002093	NC_051862.1:43	NC_051862.1	216328245	True	918	306	0	0	21	0	0	23	3	0	18	3	0	18
OG0002094	NC_051862.1:43	NC_051862.1	216330651	True	894	298	0	1	9	0	1	9	1	2	8	1	2	9
OG0002095	NC_051862.1:33	NC_051862.1	166221314	True	315	105	0	0	4	0	0	2	0	2	0	0	2	0
OG0002096	NC_051863.1:31	NC_051863.1	159150151	False	1884	628	9	209	12	2	721	0	1	300	0	9	13	207
OG0002097	NC_051862.1:0	NC_051862.1	831027	False	1452	484	13	564	2	13	566	2	1	1	18	0	0	576
OG0002098	NC_051861.1:23	NC_051861.1	115805480	False	5190	1730	64	19	31	57	19	51	50	26	58	57	34	24
OG0002099	NC_051862.1:9	NC_051862.1	45693754	False	1467	489	1	1	2	1	1	2	3	2	4	1	1	3
OG0002100	NC_051862.1:9	NC_051862.1	45127503	True	1920	640	5	7	11	4	4	11	8	3	12	7	5	13
OG0002101	NC_051862.1:11	NC_051862.1	56543340	False	201	67	0	0	2	0	0	2	0	0	1	0	0	1
OG0002102	NC_051863.1:10	NC_051863.1	51038405	True	3141	1047	26	12	6	32	1	6	13	2	30	2	8	5
OG0002103	NC_051863.1:13	NC_051863.1	65217619	True	2892	964	8	9	7	7	9	3	4	8	10	5	8	12
OG0002104	NC_051862.1:6	NC_051862.1	33749356	True	861	287	10	7	2	4	10	2	3	6	5	8	2	6
OG0002106	NC_051862.1:36	NC_051862.1	182640221	False	456	152	0	0	5	0	0	4	1	2	3	1	2	3
OG0002107	NC_051862.1:36	NC_051862.1	182655391	False	924	308	4	1	18	5	0	30	23	5	9	22	7	6
OG0002108	NC_051863.1:0	NC_051863.1	907124	False	597	199	2	3	0	1	5	0	0	2	1	1	0	3
OG0002109	NC_051862.1:37	NC_051862.1	187654089	True	3864	1288	7	6	28	9	7	23	6	14	15	5	14	13
OG0002110	NC_051861.1:3	NC_051861.1	16182063	True	264	88	0	0	4	0	0	4	1	1	0	1	1	0
OG0002111	NC_051861.1:3	NC_051861.1	16149676	True	1434	478	3	3	15	3	4	14	2	4	9	2	3	9
OG0002112	NC_051861.1:23	NC_051861.1	117499195	True	825	275	14	5	8	13	4	7	3	3	15	2	2	6
OG0002113	NC_051863.1:11	NC_051863.1	55208847	True	930	310	0	0	22	0	0	20	1	3	11	1	3	11
OG0002114	NC_051861.1:1	NC_051861.1	6733914	False	762	254	0	1	8	0	2	8	3	4	2	2	2	2
OG0002115	NC_051862.1:0	NC_051862.1	4751393	True	1329	443	2	1	3	1	1	5	4	1	1	4	1	0
OG0002116	NC_051861.1:2	NC_051861.1	11823909	True	357	119	1	1	13	1	1	13	2	1	8	2	1	9
OG0002117	NC_051863.1:1	NC_051863.1	8106896	True	1263	421	0	2	1	0	1	2	3	1	2	2	1	3
OG0002118	NC_051862.1:10	NC_051862.1	50117518	False	2109	703	12	10	23	12	6	43	39	8	20	38	13	18
OG0002119	NC_051862.1:35	NC_051862.1	175077674	False	1938	646	8	84	4	11	0	3	85	3	6	3	7	0
OG0002120	NC_051863.1:28	NC_051863.1	144261122	False	1011	337	47	5	2	3	89	3	6	87	2	48	3	2
OG0002121	NC_051861.1:23	NC_051861.1	118520549	True	1581	527	8	3	5	8	3	4	5	7	5	7	8	1
OG0002122	NC_051861.1:19	NC_051861.1	99407161	True	729	243	1	8	8	0	8	3	3	7	4	1	5	10
OG0002123	NC_051861.1:19	NC_051861.1	99409579	True	1281	427	1	8	5	3	8	2	3	4	7	2	6	13
OG0002124	NC_051862.1:43	NC_051862.1	217778438	True	894	298	1	1	3	7	0	0	1	3	1	0	9	0
OG0002125	NC_051863.1:21	NC_051863.1	105913072	True	867	289	1	0	14	1	0	13	0	1	8	0	1	7
OG0002126	NC_051863.1:28	NC_051863.1	144489500	False	579	193	1	0	1	1	3	1	0	3	1	0	0	0
OG0002127	NC_051862.1:9	NC_051862.1	48101359	True	1743	581	2	3	5	1	3	9	6	1	4	7	0	5
OG0002128	NC_051862.1:26	NC_051862.1	130581301	False	1278	426	7	8	5	8	3	14	13	0	4	11	4	3
OG0002129	NC_051862.1:20	NC_051862.1	100928293	True	1632	544	1	0	7	1	0	7	0	0	5	0	0	4
OG0002130	NC_051863.1:1	NC_051863.1	7318959	True	1374	458	5	2	2	4	3	2	2	3	4	2	1	1
OG0002131	NC_051862.1:0	NC_051862.1	1166917	False	1377	459	0	223	11	0	219	9	5	1	11	0	1	230
OG0002132	NC_051862.1:32	NC_051862.1	164242871	False	1569	523	8	3	29	6	5	24	5	11	21	6	10	19
OG0002133	NC_051861.1:0	NC_051861.1	3927890	False	663	221	11	1	1	12	5	3	3	5	9	6	5	2
OG0002134	NC_051863.1:21	NC_051863.1	107726755	False	987	329	0	0	10	0	0	13	5	0	336	5	0	334
OG0002135	NC_051863.1:15	NC_051863.1	75226968	False	1338	446	2	13	2	5	16	2	2	5	4	1	4	14
OG0002136	NC_051862.1:25	NC_051862.1	128071932	True	1689	563	0	15	2	3	1	0	15	2	0	0	5	1
OG0002137	NC_051863.1:29	NC_051863.1	145986701	True	510	170	0	1	14	0	1	16	6	4	5	6	4	6
OG0002138	NC_051861.1:15	NC_051861.1	77567437	True	486	162	0	0	0	0	0	1	0	0	0	0	0	0
OG0002139	NC_051862.1:29	NC_051862.1	149448630	True	495	165	0	7	2	6	1	0	6	2	0	0	8	1
OG0002140	NC_051862.1:17	NC_051862.1	88844844	True	684	228	1	0	0	1	0	24	24	0	1	25	1	1
OG0002141	NC_051861.1:4	NC_051861.1	20680297	True	3003	1001	0	3	1	0	6	0	0	4	0	0	1	3
OG0002142	NC_051863.1:31	NC_051863.1	155038217	False	117	39	0	0	0	0	0	0	0	0	0	0	0	0
OG0002143	NC_051862.1:8	NC_051862.1	40167315	False	273	91	0	0	0	2	1	2	2	1	0	3	2	0
OG0002144	NC_051861.1:10	NC_051861.1	53748280	True	540	180	0	2	0	0	2	0	0	0	1	0	0	3
OG0002145	NC_051863.1:25	NC_051863.1	129567350	True	525	175	1	1	0	1	1	0	0	0	1	0	0	1
OG0002146	NC_051862.1:10	NC_051862.1	52768047	True	546	182	1	0	0	0	0	0	0	0	0	1	0	0
OG0002147	NC_051862.1:32	NC_051862.1	163183125	False	2124	708	19	8	4	5	671	2	0	665	3	17	5	8
OG0002148	NC_051862.1:32	NC_051862.1	164647992	False	1800	600	3	3	38	3	3	36	5	7	30	4	6	30
OG0002149	NC_051862.1:39	NC_051862.1	199817286	False	1665	555	6	13	7	4	14	3	5	10	4	7	9	13
OG0002150	NC_051863.1:32	NC_051863.1	162014078	True	552	184	0	1	6	0	1	1	1	6	0	1	6	1
OG0002151	NC_051863.1:32	NC_051863.1	162064540	False	0	0	0	0	0	0	0	0	0	0	0	0	0	0
OG0002152	NC_051863.1:32	NC_051863.1	162061054	True	570	190	0	1	10	0	1	4	0	4	6	0	4	7
OG0002153	NC_051862.1:7	NC_051862.1	39024518	False	1119	373	6	3	2	6	1	4	4	0	8	3	1	4
OG0002154	NC_051862.1:7	NC_051862.1	39038056	True	1656	552	22	3	4	11	6	15	14	6	10	25	3	2
OG0002156	NC_051861.1:18	NC_051861.1	93434790	False	891	297	2	1	27	0	1	17	1	14	194	3	14	196
OG0002157	NC_051861.1:24	NC_051861.1	123406835	True	1464	488	2	1	13	3	5	13	5	9	11	5	6	10
OG0002158	NC_051861.1:24	NC_051861.1	123411462	True	1809	603	5	12	9	8	6	6	10	6	4	4	9	6
OG0002159	NC_051863.1:10	NC_051863.1	50579332	True	909	303	17	1	0	18	0	0	1	0	17	0	2	0
OG0002160	NC_051863.1:4	NC_051863.1	23438345	False	1416	472	4	96	12	3	100	17	7	5	77	7	1	260
OG0002161	NC_051862.1:31	NC_051862.1	155660178	True	798	266	5	5	5	7	3	1	2	4	6	0	6	4
OG0002162	NC_051862.1:23	NC_051862.1	118303469	True	2103	701	0	0	12	0	0	13	1	0	13	1	0	13
OG0002163	NC_051862.1:4	NC_051862.1	22450951	True	1542	514	19	7	3	25	0	0	7	3	19	0	9	0
OG0002164	NC_051861.1:21	NC_051861.1	109639000	True	2139	713	0	4	7	1	6	11	5	2	7	4	1	11
OG0002165	NC_051863.1:32	NC_051863.1	161248551	False	1338	446	6	6	53	19	0	3	7	51	6	1	66	0
OG0002167	NC_051863.1:32	NC_051863.1	161255567	True	1026	342	1	1	19	0	3	17	10	13	3	11	11	4
OG0002168	NC_051862.1:31	NC_051862.1	157936047	False	2103	701	51	8	5	17	771	3	1	769	19	35	4	12
OG0002169	NC_051862.1:16	NC_051862.1	84369659	True	2439	813	3	1	19	3	1	27	13	4	15	13	4	13
OG0002170	NC_051862.1:16	NC_051862.1	84477301	False	2616	872	2	5	19	2	4	18	8	8	14	7	7	15
OG0002171	NC_051861.1:3	NC_051861.1	17150686	True	2649	883	2	23	1	5	18	7	11	2	10	9	5	26
OG0002172	NC_051861.1:3	NC_051861.1	17317891	True	2655	885	1	21	8	1	21	4	3	7	3	2	6	23
OG0002173	NC_051861.1:3	NC_051861.1	17322914	False	2637	879	4	21	5	2	23	4	2	3	9	4	3	28
OG0002174	NC_051863.1:9	NC_051863.1	49914261	False	621	207	4	1	1	6	1	0	1	2	3	1	4	0
OG0002175	NC_051863.1:30	NC_051863.1	152614839	False	876	292	2	106	9	7	2	15	117	8	1	16	14	3
OG0002176	NC_051863.1:30	NC_051863.1	152610243	False	891	297	1	0	7	1	0	5	1	3	5	1	3	4
OG0002177	NC_051861.1:16	NC_051861.1	81079465	True	1509	503	5	19	4	5	20	7	5	2	9	6	3	24
OG0002178	NC_051861.1:0	NC_051861.1	3041619	True	1953	651	3	7	8	4	9	7	5	8	6	5	6	9
OG0002179	NC_051862.1:35	NC_051862.1	178767247	True	852	284	18	6	4	7	11	8	11	11	5	19	5	2
OG0002180	NC_051862.1:35	NC_051862.1	178768320	True	852	284	5	5	8	13	4	3	1	5	11	0	13	10
OG0002181	NC_051862.1:40	NC_051862.1	203025474	False	462	154	0	2	26	0	3	27	2	2	27	2	1	29
OG0002182	NC_051862.1:0	NC_051862.1	4065843	True	915	305	4	1	8	2	2	5	4	10	4	5	6	2
OG0002183	NC_051862.1:0	NC_051862.1	4063623	True	966	322	4	7	3	7	10	3	3	6	9	3	6	12
OG0002184	NC_051862.1:33	NC_051862.1	169517685	True	663	221	1	1	10	0	1	8	1	3	1	2	3	2
OG0002185	NC_051862.1:7	NC_051862.1	39672155	True	960	320	18	14	7	22	6	9	15	7	18	7	11	4
OG0002186	NC_051861.1:22	NC_051861.1	111926846	True	750	250	2	5	4	6	3	1	3	4	2	1	8	3
OG0002187	NC_051863.1:39	NC_051863.1	196226201	True	1146	382	0	1	13	0	1	13	4	3	12	4	3	13
OG0002188	NC_051861.1:22	NC_051861.1	113885634	True	300	100	0	1	2	0	1	1	0	1	1	0	1	2
OG0002189	NC_051861.1:16	NC_051861.1	84455495	True	927	309	2	4	1	4	4	4	4	0	4	4	4	6
OG0002190	NC_051862.1:4	NC_051862.1	23984700	False	1077	359	1	2	11	0	2	12	1	0	13	2	0	14
OG0002191	NC_051863.1:21	NC_051863.1	105053833	False	2487	829	18	235	9	0	1308	1	3	796	1	18	9	234
OG0002192	NC_051863.1:1	NC_051863.1	6703563	False	1245	415	4	3	10	4	4	6	3	8	12	4	7	12
OG0002194	NC_051861.1:17	NC_051861.1	87826028	True	783	261	4	7	2	3	5	5	6	1	4	4	0	4
OG0002195	NC_051863.1:40	NC_051863.1	200183204	True	786	262	1	10	0	1	10	3	3	0	2	4	1	13
OG0002196	NC_051863.1:11	NC_051863.1	56487567	True	2088	696	0	2	24	1	2	25	8	6	7	8	7	9
OG0002197	NC_051861.1:3	NC_051861.1	15490402	True	2133	711	1	9	4	2	8	2	3	4	3	0	3	8
OG0002198	NC_051861.1:17	NC_051861.1	87660308	False	3054	1018	3	524	2	24	21	13	522	4	5	13	24	20
OG0002199	NC_051862.1:0	NC_051862.1	1278287	False	3612	1204	3	6	41	4	8	64	40	12	19	39	11	22
OG0002200	NC_051862.1:44	NC_051862.1	224272291	True	1131	377	13	4	5	5	6	2	2	7	5	9	5	4
OG0002201	NC_051862.1:17	NC_051862.1	89537149	True	633	211	3	3	2	3	2	3	2	0	4	2	1	4
OG0002202	NC_051861.1:10	NC_051861.1	54747302	True	2481	827	0	25	0	0	24	0	2	0	0	0	0	24
OG0002203	NC_051861.1:0	NC_051861.1	2859680	False	1113	371	0	9	8	0	9	6	1	3	6	1	3	15
OG0002204	NC_051861.1:5	NC_051861.1	27849586	True	441	147	0	0	1	0	1	0	0	2	0	0	1	0
OG0002206	NC_051863.1:31	NC_051863.1	159895138	True	672	224	0	0	3	0	0	0	0	3	0	0	3	0
OG0002207	NC_051862.1:1	NC_051862.1	7721314	True	957	319	13	3	8	5	9	5	4	13	3	14	9	3
OG0002208	NC_051863.1:0	NC_051863.1	331718	True	693	231	0	0	3	1	0	2	0	1	1	0	2	1
OG0002209	NC_051863.1:15	NC_051863.1	78023313	False	708	236	0	1	15	0	4	3	0	16	0	0	14	1
OG0002210	NC_051863.1:0	NC_051863.1	1472438	True	1092	364	0	2	3	0	3	2	1	3	2	1	2	4
OG0002211	NC_051861.1:24	NC_051861.1	120815071	True	924	308	1	1	1	2	0	3	4	0	2	3	0	1
OG0002212	NC_051863.1:30	NC_051863.1	151054352	False	1347	449	0	0	11	0	0	8	1	6	3	1	6	3
OG0002213	NC_051861.1:18	NC_051861.1	94371534	False	2382	794	3	986	6	21	328	16	311	3	11	11	17	332
OG0002216	NC_051863.1:37	NC_051863.1	187250924	False	1434	478	0	2	8	0	2	10	4	2	8	4	2	10
OG0002217	NC_051862.1:11	NC_051862.1	57346098	True	1581	527	2	3	21	2	2	17	7	7	10	6	7	10
OG0002218	NC_051861.1:18	NC_051861.1	92853884	False	1512	504	0	488	1	0	493	21	22	3	2	21	0	491
OG0002219	NC_051862.1:29	NC_051862.1	145793424	False	3930	1310	0	4	34	3	6	57	29	5	11	29	6	15
OG0002220	NC_051862.1:26	NC_051862.1	133484332	False	4095	1365	21	10	30	22	14	20	17	33	19	20	30	10
OG0002221	NC_051863.1:8	NC_051863.1	41832825	True	1917	639	5	2	25	5	3	23	2	4	16	3	4	14
OG0002222	NC_051863.1:8	NC_051863.1	41872746	True	1944	648	6	18	11	9	16	11	7	4	9	4	6	19
OG0002223	NC_051863.1:10	NC_051863.1	54438093	False	312	104	2	0	10	2	0	10	1	1	11	1	1	9
OG0002224	NC_051863.1:10	NC_051863.1	53875435	True	396	132	2	2	3	2	1	2	2	1	5	1	1	4
OG0002225	NC_051861.1:18	NC_051861.1	90446559	True	498	166	0	0	5	0	0	5	0	0	5	0	0	5
OG0002226	NC_051861.1:17	NC_051861.1	87148932	True	1980	660	6	13	5	5	12	7	4	2	7	5	3	15
OG0002227	NC_051861.1:18	NC_051861.1	90492946	True	1782	594	3	2	19	3	2	20	5	2	12	5	2	11
OG0002228	NC_051862.1:25	NC_051862.1	127340290	True	1266	422	2	8	13	2	7	10	4	8	8	3	7	12
OG0002229	NC_051863.1:33	NC_051863.1	169103284	False	576	192	0	0	14	0	0	7	2	9	2	2	9	2
OG0002230	NC_051863.1:33	NC_051863.1	169352589	False	399	133	1	0	2	0	1	2	1	2	3	2	1	3
OG0002231	NC_051863.1:29	NC_051863.1	145613617	True	429	143	1	0	3	0	0	3	0	0	7	1	0	7
OG0002232	NC_051863.1:6	NC_051863.1	33177572	True	729	243	6	3	2	3	1	2	4	2	3	5	2	1
OG0002233	NC_051861.1:4	NC_051861.1	21717000	True	471	157	2	0	4	1	0	3	1	2	3	2	2	2
OG0002234	NC_051863.1:3	NC_051863.1	18779212	True	1074	358	4	9	7	3	12	5	1	6	8	3	4	15
OG0002235	NC_051862.1:7	NC_051862.1	37913225	False	546	182	0	0	8	0	0	10	3	1	4	3	1	4
OG0002236	NC_051861.1:23	NC_051861.1	115665002	False	561	187	3	5	4	4	4	4	2	1	5	1	2	6
OG0002237	NC_051862.1:41	NC_051862.1	207823428	False	1842	614	0	225	6	5	0	9	228	0	0	3	5	0
OG0002238	NC_051863.1:2	NC_051863.1	14957978	False	531	177	1	0	0	0	0	1	1	0	0	2	0	0
OG0002239	NC_051863.1:14	NC_051863.1	73975721	True	912	304	6	9	17	4	9	16	1	2	25	3	2	30
OG0002240	NC_051862.1:3	NC_051862.1	15510937	False	906	302	0	2	2	7	0	0	2	2	0	0	8	0
OG0002241	NC_051861.1:21	NC_051861.1	106499171	False	1305	435	33	8	6	33	5	12	13	4	36	13	3	15
OG0002242	NC_051863.1:34	NC_051863.1	174203047	True	1506	502	3	9	44	2	9	47	3	2	55	4	2	61
OG0002243	NC_051863.1:34	NC_051863.1	174209804	True	1500	500	2	9	9	0	11	5	2	7	1	3	4	9
OG0002244	NC_051862.1:12	NC_051862.1	61748023	True	486	162	3	0	1	3	0	1	1	1	3	1	1	0
OG0002245	NC_051862.1:36	NC_051862.1	180890272	False	648	216	0	0	1	1	0	0	0	1	0	0	2	0
OG0002246	NC_051861.1:7	NC_051861.1	39308896	False	1584	528	1	253	2	1	231	17	24	4	2	16	2	232
OG0002247	NC_051863.1:22	NC_051863.1	112336058	True	1785	595	3	2	24	2	2	25	1	1	16	2	1	16
OG0002248	NC_051863.1:23	NC_051863.1	117178378	True	1959	653	3	11	5	1	14	8	6	5	10	8	2	20
OG0002249	NC_051863.1:1	NC_051863.1	7888336	True	2361	787	2	10	14	4	8	16	7	4	13	6	7	20
OG0002250	NC_051863.1:14	NC_051863.1	71196710	True	1203	401	9	9	5	6	9	7	5	3	8	8	3	11
OG0002251	NC_051861.1:5	NC_051861.1	29519883	False	183	61	0	0	0	0	0	0	0	0	0	0	0	0
OG0002252	NC_051862.1:24	NC_051862.1	123907983	True	975	325	1	2	10	1	2	13	4	3	7	4	2	8
OG0002254	NC_051863.1:0	NC_051863.1	1122536	False	2886	962	27	14	7	28	19	2	3	13	29	0	6	15
OG0002255	NC_051862.1:17	NC_051862.1	87359085	True	852	284	0	3	0	0	2	1	2	0	0	1	0	2
OG0002256	NC_051862.1:17	NC_051862.1	87293773	False	2445	815	3	2	17	4	1	42	34	9	13	35	8	10
OG0002257	NC_051862.1:39	NC_051862.1	199897711	False	150	50	0	0	1	0	0	1	0	0	0	0	0	0
OG0002259	NC_051863.1:4	NC_051863.1	22061281	True	1887	629	5	9	7	5	9	2	3	8	10	3	9	16
OG0002260	NC_051863.1:9	NC_051863.1	45550342	True	1401	467	3	2	27	3	2	27	2	1	19	2	1	18
OG0002261	NC_051862.1:30	NC_051862.1	151100408	True	870	290	1	6	8	1	2	6	7	5	5	3	5	6
OG0002262	NC_051863.1:29	NC_051863.1	146510856	False	498	166	0	0	0	0	0	0	0	0	1	0	0	1
OG0002263	NC_051863.1:31	NC_051863.1	157439373	True	1302	434	4	9	12	19	1	3	11	12	4	3	28	1
OG0002264	NC_051863.1:13	NC_051863.1	65479367	True	1653	551	2	2	28	1	2	27	2	3	19	3	3	20
OG0002265	NC_051863.1:16	NC_051863.1	83045185	False	2154	718	20	1	20	21	1	19	1	2	802	0	2	781
OG0002266	NC_051863.1:38	NC_051863.1	194458317	False	2367	789	1	1	7	3	0	10	5	2	0	6	5	0
OG0002267	NC_051861.1:7	NC_051861.1	38623117	True	987	329	1	1	2	1	1	2	0	0	2	0	0	2
OG0002268	NC_051861.1:7	NC_051861.1	38319388	True	957	319	1	1	0	0	1	0	0	0	0	1	0	1
OG0002269	NC_051862.1:32	NC_051862.1	162199462	False	831	277	1	0	5	1	0	3	1	3	5	1	3	5
OG0002270	NC_051862.1:32	NC_051862.1	162238551	True	2586	862	2	16	12	3	20	13	7	12	8	7	9	22
OG0002271	NC_051862.1:5	NC_051862.1	29223664	True	2145	715	2	2	22	2	2	20	5	7	8	4	6	7
OG0002272	NC_051862.1:0	NC_051862.1	947897	False	1965	655	1	4	27	3	3	24	8	10	15	7	12	18
OG0002273	NC_051862.1:0	NC_051862.1	1524461	False	789	263	23	1	6	22	3	6	1	3	22	5	3	6
OG0002274	NC_051863.1:23	NC_051863.1	116111448	True	756	252	0	6	4	0	7	3	0	2	2	0	1	8
OG0002275	NC_051863.1:28	NC_051863.1	144738478	False	2607	869	21	8	5	1	633	2	2	635	4	22	5	11
OG0002276	NC_051862.1:13	NC_051862.1	65643326	True	1152	384	5	2	4	10	0	0	2	4	5	0	9	0
OG0002277	NC_051863.1:0	NC_051863.1	3758450	False	534	178	2	3	1	1	4	1	2	3	1	2	1	2
OG0002278	NC_051862.1:40	NC_051862.1	202903613	False	360	120	1	4	4	1	1	6	5	0	5	2	0	5
OG0002279	NC_051862.1:39	NC_051862.1	199051863	True	1110	370	7	8	9	6	10	10	6	8	7	6	4	8
OG0002280	NC_051863.1:12	NC_051863.1	64321434	True	720	240	0	2	21	0	2	16	0	5	9	0	5	11
OG0002281	NC_051863.1:23	NC_051863.1	117335429	True	1167	389	4	11	6	4	11	6	0	0	20	0	0	26
OG0002282	NC_051863.1:31	NC_051863.1	158227235	True	576	192	2	2	10	9	3	0	0	12	3	0	18	2
OG0002283	NC_051862.1:28	NC_051862.1	140773389	True	1329	443	4	4	3	3	6	3	1	3	2	3	2	4
OG0002284	NC_051863.1:26	NC_051863.1	134149580	True	696	232	3	2	4	0	3	2	0	3	3	3	2	5
OG0002286	NC_051862.1:19	NC_051862.1	99705152	False	660	220	0	0	3	0	0	0	0	3	0	0	3	0
OG0002287	NC_051861.1:14	NC_051861.1	70981395	True	1200	400	0	0	4	0	0	4	0	0	10	0	0	10
OG0002288	NC_051863.1:6	NC_051863.1	30858024	False	2349	783	62	21	10	66	24	9	10	11	65	11	11	24
OG0002289	NC_051861.1:5	NC_051861.1	29804226	False	774	258	14	6	2	3	202	2	2	200	7	11	2	10
OG0002290	NC_051862.1:25	NC_051862.1	127226843	True	936	312	1	6	1	1	4	1	3	1	1	0	0	3
OG0002291	NC_051863.1:11	NC_051863.1	56939699	False	1263	421	1	7	1	1	6	3	3	0	1	3	1	7
OG0002292	NC_051862.1:23	NC_051862.1	117754701	True	453	151	0	0	1	0	0	2	1	0	4	1	0	4
OG0002293	NC_051862.1:23	NC_051862.1	117950080	True	999	333	0	8	4	1	4	3	4	1	3	0	2	7
OG0002294	NC_051862.1:29	NC_051862.1	145631988	True	297	99	3	4	1	3	4	1	0	0	3	0	0	4
OG0002295	NC_051862.1:16	NC_051862.1	82342310	True	624	208	1	2	6	1	2	8	3	1	6	3	1	7
OG0002296	NC_051862.1:12	NC_051862.1	60519804	False	876	292	2	5	8	8	6	2	4	11	2	2	14	3
OG0002298	NC_051863.1:8	NC_051863.1	42775600	False	1203	401	3	1	24	4	2	7	1	17	55	1	17	53
OG0002299	NC_051863.1:27	NC_051863.1	137537320	True	1491	497	24	2	4	29	2	1	0	3	21	3	11	2
OG0002300	NC_051862.1:4	NC_051862.1	20216147	True	1227	409	0	7	16	0	6	18	10	8	9	9	8	15
OG0002302	NC_051861.1:3	NC_051861.1	17121423	True	1242	414	0	10	5	0	9	4	4	4	3	1	2	10
OG0002303	NC_051861.1:16	NC_051861.1	83186835	True	540	180	2	3	0	1	4	3	2	0	2	3	0	4
OG0002304	NC_051862.1:41	NC_051862.1	208442049	True	312	104	1	0	3	1	0	8	5	0	3	5	0	2
OG0002305	NC_051863.1:2	NC_051863.1	11550548	True	573	191	4	3	7	3	4	4	1	5	6	1	3	5
OG0002306	NC_051862.1:43	NC_051862.1	217228849	False	525	175	9	12	2	8	3	9	17	1	4	13	5	2
OG0002307	NC_051862.1:43	NC_051862.1	217234281	True	795	265	2	5	5	3	4	7	5	2	7	4	3	9
OG0002308	NC_051863.1:7	NC_051863.1	39988983	True	1212	404	4	18	3	4	15	5	5	1	8	3	1	18
OG0002309	NC_051863.1:11	NC_051863.1	59005508	True	1230	410	1	16	3	1	19	3	5	7	5	3	3	17
OG0002310	NC_051863.1:36	NC_051863.1	183039515	True	483	161	0	2	2	0	6	1	0	6	0	0	2	2
OG0002311	NC_051863.1:36	NC_051863.1	182881163	False	285	95	0	0	1	0	0	1	0	0	1	0	0	1
OG0002312	NC_051863.1:23	NC_051863.1	115067337	False	342	114	4	0	3	4	0	3	1	1	5	1	1	1
OG0002313	NC_051863.1:23	NC_051863.1	115072964	True	468	156	0	0	7	0	0	9	3	1	2	3	1	2
OG0002314	NC_051863.1:20	NC_051863.1	100028080	True	918	306	0	0	0	0	0	0	0	0	0	0	0	0
OG0002315	NC_051862.1:35	NC_051862.1	176129244	True	906	302	12	2	2	13	2	3	1	0	13	1	2	3
OG0002316	NC_051863.1:1	NC_051863.1	6686319	False	429	143	6	5	2	3	47	1	1	44	4	4	2	7
OG0002317	NC_051863.1:1	NC_051863.1	6687381	False	411	137	1	2	2	0	1	1	1	1	0	1	1	1
OG0002318	NC_051863.1:21	NC_051863.1	105939524	False	513	171	18	2	1	18	2	1	0	0	19	0	0	6
OG0002319	NC_051861.1:2	NC_051861.1	14916462	False	2229	743	38	15	22	40	10	25	15	7	52	9	5	24
OG0002320	NC_051863.1:21	NC_051863.1	105861468	False	933	311	2	3	11	0	3	5	0	9	260	2	7	266
OG0002321	NC_051863.1:30	NC_051863.1	151389263	True	1707	569	3	8	6	3	8	5	3	4	7	2	3	12
OG0002322	NC_051863.1:39	NC_051863.1	197427224	True	444	148	2	4	3	6	2	0	3	4	2	0	7	1
OG0002323	NC_051863.1:39	NC_051863.1	197430261	True	687	229	1	5	3	5	0	0	5	3	0	1	8	0
OG0002324	NC_051862.1:16	NC_051862.1	82268710	True	1482	494	5	19	9	11	15	13	17	8	5	13	15	16
OG0002325	NC_051863.1:39	NC_051863.1	196868716	True	1536	512	2	19	5	25	2	3	18	4	3	2	27	4
OG0002326	NC_051862.1:37	NC_051862.1	185164686	True	1440	480	5	4	0	6	3	3	4	0	3	5	3	3
OG0002327	NC_051862.1:6	NC_051862.1	30731855	True	1248	416	1	0	12	0	1	14	7	6	5	8	5	5
OG0002328	NC_051861.1:15	NC_051861.1	77031623	False	159	53	0	0	0	0	0	0	0	0	0	0	0	0
OG0002329	NC_051862.1:38	NC_051862.1	192407540	False	1341	447	16	2	6	15	2	8	4	2	15	3	3	0
OG0002330	NC_051863.1:0	NC_051863.1	1649049	True	3243	1081	1	7	12	1	7	14	5	3	6	7	4	13
OG0002331	NC_051862.1:38	NC_051862.1	192666559	False	2601	867	2	1	30	3	1	31	9	4	816	10	6	814
OG0002332	NC_051863.1:16	NC_051863.1	84807063	False	396	132	2	59	12	12	0	2	63	12	0	4	27	0
OG0002333	NC_051863.1:1	NC_051863.1	6798198	True	2841	947	4	13	9	3	16	5	0	7	6	2	5	17
OG0002334	NC_051863.1:27	NC_051863.1	139930881	True	789	263	9	2	5	12	3	5	3	3	10	3	5	3
OG0002335	NC_051861.1:0	NC_051861.1	4811907	True	942	314	1	3	4	1	2	1	1	3	1	0	3	2
OG0002336	NC_051861.1:0	NC_051861.1	3807056	True	894	298	7	3	4	7	4	1	1	5	4	5	9	4
OG0002337	NC_051861.1:0	NC_051861.1	3814050	False	747	249	5	0	4	4	1	0	0	5	2	3	6	0
OG0002338	NC_051862.1:30	NC_051862.1	152473289	True	927	309	1	0	0	1	0	0	0	0	2	0	0	1
OG0002339	NC_051863.1:14	NC_051863.1	74850909	True	921	307	0	1	3	0	0	2	2	2	2	1	2	2
OG0002340	NC_051863.1:40	NC_051863.1	201219007	False	1233	411	2	0	15	2	0	15	1	1	281	1	1	280
OG0002341	NC_051862.1:3	NC_051862.1	15487381	True	1662	554	8	8	3	8	10	2	3	5	12	3	3	12
OG0002342	NC_051863.1:40	NC_051863.1	200694760	False	477	159	0	1	3	1	2	3	0	1	0	0	1	1
OG0002343	NC_051863.1:40	NC_051863.1	200680189	False	537	179	0	6	3	0	9	1	0	4	0	0	2	6
OG0002344	NC_051863.1:4	NC_051863.1	20536024	True	1410	470	2	4	7	2	5	8	3	2	4	2	1	6
OG0002345	NC_051863.1:30	NC_051863.1	153998143	True	1260	420	0	0	0	1	1	0	0	1	1	0	1	1
OG0002346	NC_051862.1:44	NC_051862.1	220580058	True	6504	2168	18	35	21	22	37	32	34	26	29	24	15	36
OG0002347	NC_051862.1:34	NC_051862.1	173945313	False	6327	2109	29	49	24	23	45	15	18	23	38	18	21	59
OG0002348	NC_051861.1:18	NC_051861.1	93579203	True	420	140	0	0	0	0	0	0	0	0	0	0	0	0
OG0002349	NC_051862.1:42	NC_051862.1	211016815	True	648	216	0	1	0	1	0	1	2	0	0	1	1	0
OG0002350	NC_051862.1:16	NC_051862.1	84187746	True	1074	358	0	6	4	1	6	5	1	0	3	1	1	9
OG0002351	NC_051862.1:27	NC_051862.1	138471637	False	126	42	0	0	0	0	0	0	0	0	0	0	0	0
OG0002352	NC_051862.1:16	NC_051862.1	83753002	False	819	273	0	0	0	0	0	10	10	0	0	10	0	0
OG0002353	NC_051861.1:22	NC_051861.1	111751411	True	822	274	1	2	2	4	2	4	4	2	2	3	3	2
OG0002354	NC_051863.1:21	NC_051863.1	109231198	True	648	216	2	0	0	0	0	3	3	0	0	5	0	0
OG0002355	NC_051863.1:37	NC_051863.1	185385877	False	357	119	0	2	6	0	2	5	0	1	6	0	1	8
OG0002356	NC_051862.1:9	NC_051862.1	49646958	False	204	68	5	0	2	5	0	2	0	0	6	0	0	2
OG0002357	NC_051863.1:21	NC_051863.1	109579752	False	1521	507	5	65	26	0	171	16	5	73	8	10	21	70
OG0002358	NC_051861.1:1	NC_051861.1	5642444	False	219	73	3	0	0	3	0	0	0	0	3	0	0	0
OG0002359	NC_051862.1:44	NC_051862.1	223705242	False	1653	551	5	6	7	4	7	6	6	7	2	7	7	4
OG0002360	NC_051861.1:8	NC_051861.1	44069665	True	1878	626	5	21	6	4	20	5	4	4	9	3	3	24
OG0002361	NC_051861.1:8	NC_051861.1	44123025	True	2010	670	6	30	3	9	24	6	10	4	10	5	5	27
OG0002362	NC_051862.1:31	NC_051862.1	158084645	False	1278	426	2	520	1	28	2	2	519	1	2	2	29	2
OG0002363	NC_051863.1:15	NC_051863.1	76594623	True	1092	364	3	5	5	2	5	6	5	4	4	7	5	8
OG0002364	NC_051861.1:2	NC_051861.1	11031005	True	1122	374	4	2	4	5	3	0	0	5	6	0	5	4
OG0002365	NC_051861.1:2	NC_051861.1	11037591	False	855	285	1	8	6	1	8	7	3	2	1	3	2	8
OG0002366	NC_051863.1:38	NC_051863.1	190211099	True	2013	671	6	5	36	5	4	30	8	12	21	9	14	21
OG0002367	NC_051862.1:36	NC_051862.1	183864645	True	1200	400	1	4	6	1	5	4	1	3	5	2	2	8
OG0002368	NC_051862.1:7	NC_051862.1	35406921	True	1428	476	4	9	3	6	10	2	3	4	4	0	4	6
OG0002369	NC_051861.1:14	NC_051861.1	71090019	False	318	106	0	0	198	0	0	1	1	196	0	1	196	0
OG0002370	NC_051862.1:33	NC_051862.1	165538807	False	450	150	24	0	1	23	0	1	0	0	27	0	0	3
OG0002371	NC_051862.1:0	NC_051862.1	2301010	True	1212	404	9	4	13	12	6	6	5	14	7	5	15	2
OG0002372	NC_051862.1:0	NC_051862.1	2302940	True	1230	410	3	9	11	1	9	11	5	5	4	4	2	9
OG0002373	NC_051862.1:8	NC_051862.1	40027939	False	1518	506	11	9	47	12	8	9	4	39	22	3	42	21
OG0002374	NC_051862.1:8	NC_051862.1	40034055	True	1707	569	22	5	6	19	3	6	6	4	22	8	5	6
OG0002375	NC_051862.1:31	NC_051862.1	159607761	False	1683	561	31	1	9	39	0	0	1	9	31	0	18	0
OG0002376	NC_051861.1:10	NC_051861.1	54346099	False	1551	517	0	7	0	0	7	0	0	0	0	0	0	7
OG0002377	NC_051863.1:31	NC_051863.1	157500109	False	936	312	1	397	4	19	1	1	397	3	0	1	22	1
OG0002378	NC_051862.1:38	NC_051862.1	194240732	True	750	250	1	4	1	1	6	1	1	2	1	1	1	4
OG0002379	NC_051862.1:38	NC_051862.1	194134895	True	2208	736	12	14	10	14	16	13	12	10	13	11	10	14
OG0002380	NC_051862.1:38	NC_051862.1	194120277	True	2253	751	17	15	16	14	15	14	12	15	20	13	12	20
OG0002381	NC_051862.1:37	NC_051862.1	189494187	True	1206	402	0	7	3	0	6	2	2	2	2	0	1	7
OG0002382	NC_051861.1:7	NC_051861.1	37239069	True	1122	374	3	4	4	2	3	4	5	4	9	4	3	9
OG0002383	NC_051861.1:25	NC_051861.1	126359417	True	1884	628	0	1	2	0	1	3	3	1	1	2	1	2
OG0002384	NC_051861.1:16	NC_051861.1	80019508	False	2142	714	3	3	1	3	3	0	0	1	7	0	1	7
OG0002385	NC_051861.1:18	NC_051861.1	93271865	False	1665	555	0	359	4	6	3	6	359	1	2	3	7	5
OG0002386	NC_051861.1:0	NC_051861.1	2892846	False	1230	410	3	1	17	7	4	16	9	11	59	8	8	56
OG0002387	NC_051861.1:0	NC_051861.1	2972650	True	2100	700	9	4	1	7	8	2	3	6	9	5	1	5
OG0002388	NC_051861.1:2	NC_051861.1	12548737	False	3426	1142	5	871	4	4	874	4	11	7	6	6	5	868
OG0002389	NC_051862.1:37	NC_051862.1	188098207	False	804	268	0	0	0	0	0	0	0	0	2	0	0	2
OG0002390	NC_051863.1:31	NC_051863.1	159601188	True	1047	349	2	0	4	6	1	2	1	4	5	1	6	3
OG0002391	NC_051861.1:3	NC_051861.1	18290699	False	1125	375	1	8	2	4	2	15	20	2	1	15	5	2
OG0002392	NC_051861.1:3	NC_051861.1	18290484	True	1290	430	2	8	11	4	6	11	4	1	6	2	3	10
OG0002393	NC_051862.1:10	NC_051862.1	52862903	True	1773	591	6	15	7	4	13	6	10	8	12	6	5	17
OG0002394	NC_051862.1:10	NC_051862.1	52818733	True	1881	627	12	12	7	13	11	7	4	3	26	3	4	25
OG0002395	NC_051862.1:4	NC_051862.1	24017525	False	816	272	0	2	9	0	2	9	1	1	16	1	1	19
OG0002396	NC_051862.1:4	NC_051862.1	24021956	True	1491	497	1	2	19	1	4	19	3	7	11	3	5	11
OG0002397	NC_051862.1:40	NC_051862.1	200923959	False	1236	412	0	347	2	6	1	3	344	0	0	1	6	1
OG0002398	NC_051863.1:26	NC_051863.1	134803316	True	2325	775	7	4	3	12	1	2	4	3	8	0	7	1
OG0002399	NC_051863.1:31	NC_051863.1	157441644	False	1959	653	0	836	6	0	841	0	6	13	4	0	6	833
OG0002400	NC_051862.1:44	NC_051862.1	224957661	True	2301	767	3	4	12	3	4	11	1	2	17	1	2	18
OG0002401	NC_051863.1:32	NC_051863.1	160624683	False	7503	2501	4	1982	17	4	2016	6	10	35	2	6	17	1980
OG0002402	NC_051862.1:4	NC_051862.1	22610755	False	5448	1816	13	5	4	14	4	5	2	1	16	3	2	7
OG0002403	NC_051862.1:14	NC_051862.1	72481035	True	1128	376	3	0	10	4	1	11	3	4	9	3	4	6
OG0002404	NC_051862.1:28	NC_051862.1	142392548	False	1131	377	4	8	2	4	8	5	5	3	4	5	3	8
OG0002405	NC_051862.1:1	NC_051862.1	6560776	False	195	65	0	0	0	0	0	0	0	0	0	0	0	0
OG0002406	NC_051861.1:3	NC_051861.1	16505886	False	345	115	0	2	0	0	2	0	0	0	0	0	0	2
OG0002407	NC_051861.1:17	NC_051861.1	85150527	True	1998	666	3	10	14	3	10	12	3	8	9	3	6	16
OG0002408	NC_051861.1:1	NC_051861.1	6480532	True	1941	647	1	31	2	1	17	3	16	2	7	2	1	22
OG0002409	NC_051862.1:18	NC_051862.1	94709352	True	1737	579	1	5	9	1	4	11	4	1	7	3	1	10
OG0002410	NC_051862.1:18	NC_051862.1	94706850	False	1359	453	3	1	15	3	1	11	2	6	11	2	6	9
OG0002411	NC_051862.1:0	NC_051862.1	823436	False	1278	426	0	1	24	0	2	25	5	6	10	5	5	12
OG0002412	NC_051862.1:0	NC_051862.1	819426	True	1278	426	1	2	15	0	4	19	5	4	6	6	2	8
OG0002413	NC_051861.1:5	NC_051861.1	29129448	False	1026	342	1	102	2	2	103	2	1	2	3	1	2	106
OG0002414	NC_051862.1:0	NC_051862.1	1023973	False	843	281	0	0	9	0	0	13	11	1	1	11	1	1
OG0002415	NC_051862.1:0	NC_051862.1	1565157	True	468	156	1	0	1	4	0	3	2	0	1	2	3	0
OG0002416	NC_051862.1:0	NC_051862.1	1568353	True	474	158	2	0	9	1	1	6	0	4	5	1	3	4
OG0002417	NC_051862.1:0	NC_051862.1	1577324	False	3	1	0	0	0	0	0	0	0	0	0	0	0	0
OG0002418	NC_051861.1:18	NC_051861.1	92975977	False	2178	726	0	2	3	1	1	19	17	0	1	18	1	1
OG0002419	NC_051861.1:13	NC_051861.1	65375360	False	225	75	0	0	0	0	0	0	0	0	0	0	0	0
OG0002420	NC_051863.1:32	NC_051863.1	161791515	False	1092	364	0	84	1	1	85	0	1	2	2	0	2	84
OG0002421	NC_051861.1:4	NC_051861.1	20871387	True	552	184	0	1	0	0	1	0	0	0	4	0	0	5
OG0002422	NC_051861.1:4	NC_051861.1	20979763	False	231	77	1	2	0	1	2	1	1	0	1	1	0	2
OG0002423	NC_051863.1:37	NC_051863.1	188770979	False	1338	446	6	180	4	10	104	4	81	5	128	3	6	353
OG0002424	NC_051862.1:34	NC_051862.1	172172117	False	3387	1129	55	14	12	46	148	15	14	143	49	17	7	17
OG0002425	NC_051863.1:26	NC_051863.1	131421901	True	390	130	4	0	1	5	0	0	0	1	3	1	3	0
OG0002426	NC_051863.1:24	NC_051863.1	123768477	True	1485	495	8	11	5	8	9	1	4	5	6	4	7	8
OG0002427	NC_051862.1:3	NC_051862.1	18215724	True	1638	546	5	10	8	9	9	6	8	8	5	5	11	7
OG0002428	NC_051862.1:3	NC_051862.1	18199861	True	1800	600	9	12	9	24	2	3	15	10	9	3	26	0
OG0002429	NC_051863.1:15	NC_051863.1	77271680	False	969	323	0	3	1	0	5	0	0	2	0	0	1	3
OG0002430	NC_051863.1:15	NC_051863.1	77389888	True	1419	473	0	6	2	0	5	4	3	0	1	2	0	6
OG0002431	NC_051862.1:7	NC_051862.1	38486983	False	765	255	2	316	0	0	317	0	1	5	3	2	0	316
OG0002432	NC_051863.1:4	NC_051863.1	23415505	True	1575	525	2	2	15	1	2	20	9	4	8	10	4	9
OG0002433	NC_051862.1:42	NC_051862.1	212962462	False	846	282	1	0	0	1	0	0	0	0	1	0	0	0
OG0002435	NC_051861.1:19	NC_051861.1	96293982	False	18	6	0	0	1	0	0	0	0	1	0	0	1	0
OG0002436	NC_051861.1:26	NC_051861.1	131691737	False	798	266	0	0	16	0	0	3	0	14	1	0	14	1
OG0002437	NC_051862.1:42	NC_051862.1	214194790	True	930	310	2	3	11	1	3	12	7	6	8	6	4	8
OG0002438	NC_051862.1:40	NC_051862.1	203892361	True	1035	345	4	5	5	3	6	6	2	3	8	3	2	9
OG0002439	NC_051863.1:25	NC_051863.1	127402431	True	456	152	1	3	1	1	1	13	14	0	1	12	0	1
OG0002440	NC_051863.1:25	NC_051863.1	127394706	True	483	161	2	3	3	2	3	5	3	1	4	2	0	4
OG0002441	NC_051863.1:16	NC_051863.1	82248934	True	1335	445	2	11	1	2	11	1	0	0	4	0	0	13
OG0002442	NC_051863.1:16	NC_051863.1	82252677	True	1161	387	3	5	2	3	5	2	0	1	6	0	0	8
OG0002443	NC_051863.1:16	NC_051863.1	82166543	True	267	89	1	1	0	1	1	0	0	0	1	0	0	1
OG0002444	NC_051863.1:16	NC_051863.1	82154621	True	1626	542	1	3	30	1	3	30	3	3	19	3	3	22
OG0002445	NC_051863.1:5	NC_051863.1	25074842	True	426	142	0	0	2	0	0	3	1	0	0	1	0	0
OG0002446	NC_051861.1:7	NC_051861.1	35157479	True	381	127	0	2	0	0	2	0	0	0	0	0	0	2
OG0002447	NC_051861.1:10	NC_051861.1	52410881	False	330	110	0	2	0	0	2	0	0	0	0	0	0	2
OG0002448	NC_051861.1:10	NC_051861.1	51920776	True	405	135	0	5	0	0	3	2	3	0	0	2	0	3
OG0002449	NC_051863.1:26	NC_051863.1	131541054	False	747	249	6	0	0	9	0	0	0	0	6	0	5	0
OG0002450	NC_051863.1:26	NC_051863.1	131549550	True	1062	354	10	3	3	20	1	0	3	4	7	3	14	0
OG0002451	NC_051861.1:6	NC_051861.1	32767889	False	2301	767	13	252	11	7	405	12	8	157	10	16	9	260
OG0002452	NC_051863.1:11	NC_051863.1	56902227	False	4002	1334	7	9	126	6	17	45	15	111	26	19	111	32
OG0002453	NC_051862.1:15	NC_051862.1	77849014	True	531	177	0	0	2	0	0	3	1	1	0	1	1	0
OG0002454	NC_051861.1:25	NC_051861.1	128970645	True	555	185	1	3	2	2	2	0	1	2	2	0	3	3
OG0002455	NC_051861.1:22	NC_051861.1	112112100	False	228	76	0	2	1	0	1	1	3	2	0	1	1	0
OG0002456	NC_051862.1:15	NC_051862.1	78274080	True	3561	1187	5	12	28	5	10	25	6	7	29	5	7	34
OG0002457	NC_051862.1:6	NC_051862.1	32481419	True	1737	579	4	0	7	2	2	7	4	6	3	8	6	4
OG0002459	NC_051862.1:31	NC_051862.1	156284643	True	1011	337	0	1	13	1	1	7	0	5	10	0	6	11
OG0002460	NC_051861.1:0	NC_051861.1	4992083	True	1179	393	4	4	0	3	5	2	2	1	7	3	0	8
OG0002461	NC_051862.1:1	NC_051862.1	9759918	True	1620	540	2	2	1	1	2	1	0	0	1	1	0	2
OG0002462	NC_051862.1:1	NC_051862.1	9689223	True	1605	535	1	0	1	0	0	0	0	1	1	1	1	1
OG0002463	NC_051863.1:28	NC_051863.1	144902322	False	792	264	3	6	3	1	7	3	3	4	3	4	2	6
OG0002464	NC_051863.1:28	NC_051863.1	144897957	False	1131	377	2	15	7	1	17	4	1	7	5	1	3	18
OG0002465	NC_051861.1:8	NC_051861.1	42259539	False	0	0	0	0	0	0	0	0	0	0	0	0	0	0
OG0002466	NC_051861.1:8	NC_051861.1	42705917	False	957	319	3	1	4	3	0	2	0	2	6	0	2	3
OG0002467	NC_051861.1:1	NC_051861.1	5295679	True	885	295	2	17	0	4	18	0	3	3	5	0	2	16
OG0002468	NC_051861.1:6	NC_051861.1	33021006	True	1509	503	2	6	0	2	3	1	5	1	3	2	1	3
OG0002469	NC_051863.1:22	NC_051863.1	114724230	False	1632	544	7	15	4	5	16	8	7	4	7	10	2	16
OG0002470	NC_051861.1:25	NC_051861.1	127271678	False	1896	632	10	4	8	10	5	3	4	10	11	3	8	4
OG0002471	NC_051863.1:3	NC_051863.1	18715334	True	768	256	0	1	0	0	1	0	0	0	0	0	0	1
OG0002472	NC_051863.1:37	NC_051863.1	187652486	True	744	248	0	1	1	0	1	1	0	0	0	0	0	1
OG0002473	NC_051861.1:26	NC_051861.1	132836165	True	3312	1104	0	2	13	1	2	11	5	7	6	4	7	7
OG0002474	NC_051863.1:37	NC_051863.1	187254711	True	3141	1047	2	10	36	3	7	33	17	16	16	15	17	20
OG0002475	NC_051863.1:35	NC_051863.1	179256956	False	2373	791	3	774	10	4	757	13	22	13	10	7	6	761
OG0002476	NC_051862.1:5	NC_051862.1	27680705	True	3123	1041	13	21	18	12	23	19	13	14	18	13	11	26
OG0002477	NC_051862.1:23	NC_051862.1	117916841	False	711	237	15	2	7	16	2	7	0	0	18	1	1	6
OG0002478	NC_051862.1:23	NC_051862.1	117912767	True	780	260	0	1	6	0	0	7	2	0	3	1	0	4
OG0002479	NC_051861.1:9	NC_051861.1	45403562	True	1068	356	0	5	1	1	8	1	1	4	0	1	2	5
OG0002480	NC_051861.1:9	NC_051861.1	45304871	True	336	112	0	1	1	0	1	1	0	0	0	0	0	1
OG0002481	NC_051861.1:9	NC_051861.1	45917108	True	1011	337	2	6	2	2	6	3	1	0	11	1	0	15
OG0002482	NC_051861.1:9	NC_051861.1	45471930	False	366	122	1	0	2	1	0	1	0	1	1	0	1	0
OG0002483	NC_051863.1:5	NC_051863.1	28120347	True	1386	462	1	3	0	1	2	0	1	0	1	0	0	2
OG0002484	NC_051863.1:33	NC_051863.1	165571549	True	1389	463	0	1	2	0	0	4	4	1	1	3	1	1
OG0002485	NC_051861.1:14	NC_051861.1	73583599	False	2481	827	1	704	10	1	705	11	1	3	8	1	0	716
OG0002486	NC_051861.1:14	NC_051861.1	73559526	False	2421	807	0	240	5	52	6	7	241	2	6	3	51	11
OG0002487	NC_051862.1:39	NC_051862.1	198725818	True	738	246	1	0	2	1	0	2	0	0	2	0	0	1
OG0002488	NC_051862.1:35	NC_051862.1	175625733	True	738	246	1	6	2	2	5	1	3	3	1	1	3	4
OG0002490	NC_051862.1:34	NC_051862.1	171302688	True	1506	502	7	15	12	6	17	2	1	14	6	3	13	16
OG0002491	NC_051863.1:23	NC_051863.1	119843970	False	873	291	4	1	3	3	2	2	1	3	3	3	3	2
OG0002492	NC_051863.1:32	NC_051863.1	164442905	True	2316	772	5	3	10	4	3	3	4	11	4	4	10	2
OG0002493	NC_051863.1:0	NC_051863.1	1015214	True	900	300	1	1	1	0	1	0	0	1	0	1	1	1
OG0002494	NC_051862.1:2	NC_051862.1	10724490	False	795	265	1	0	7	1	0	1	0	6	3	0	6	2
OG0002495	NC_051862.1:13	NC_051862.1	65535789	True	1350	450	5	3	0	10	0	0	3	0	5	0	4	0
OG0002496	NC_051862.1:3	NC_051862.1	15205017	True	1428	476	3	0	3	3	0	0	0	3	2	2	5	1
OG0002497	NC_051862.1:29	NC_051862.1	145938662	False	1341	447	10	11	5	7	15	7	8	10	9	9	4	11
OG0002498	NC_051862.1:29	NC_051862.1	145949010	False	420	140	3	7	1	4	7	2	2	2	3	2	2	6
OG0002499	NC_051863.1:7	NC_051863.1	35528433	False	2559	853	4	3	30	8	3	31	6	6	16	6	9	14
OG0002500	NC_051863.1:6	NC_051863.1	31564368	False	3942	1314	65	11	16	65	10	15	7	5	65	5	10	16
OG0002501	NC_051861.1:2	NC_051861.1	10415218	False	3720	1240	5	1	26	6	4	53	44	11	9	45	12	9
OG0002502	NC_051863.1:34	NC_051863.1	171238874	True	3819	1273	6	19	12	6	14	19	23	11	14	16	9	21
OG0002503	NC_051863.1:23	NC_051863.1	118467200	False	1182	394	13	33	9	5	134	10	4	102	27	11	2	91
OG0002504	NC_051863.1:23	NC_051863.1	118471716	True	1575	525	2	0	24	2	0	24	3	3	16	3	3	14
OG0002505	NC_051862.1:37	NC_051862.1	189458249	False	1113	371	1	4	4	2	6	5	3	4	3	3	3	6
OG0002506	NC_051862.1:37	NC_051862.1	189454470	True	1278	426	0	10	2	0	11	4	3	2	3	2	0	12
OG0002507	NC_051863.1:13	NC_051863.1	67705884	True	1212	404	1	1	16	1	1	16	2	2	15	2	2	15
OG0002508	NC_051863.1:13	NC_051863.1	67702236	True	1209	403	1	0	15	1	1	14	8	10	7	9	10	7
OG0002509	NC_051861.1:26	NC_051861.1	131275657	True	2157	719	9	18	11	11	16	14	18	13	10	12	12	15
OG0002510	NC_051861.1:26	NC_051861.1	131254845	True	2805	935	20	14	4	12	16	11	14	8	14	19	6	16
OG0002511	NC_051862.1:25	NC_051862.1	127354163	False	1026	342	4	23	6	11	15	25	32	4	5	26	12	17
OG0002512	NC_051862.1:25	NC_051862.1	127356493	False	1770	590	22	18	22	21	13	22	14	10	33	14	13	28
OG0002513	NC_051862.1:9	NC_051862.1	46467494	False	243	81	0	0	1	0	0	0	0	1	0	0	1	0
OG0002514	NC_051863.1:2	NC_051863.1	12180606	False	1833	611	6	9	3	6	9	4	4	3	12	2	1	13
OG0002515	NC_051861.1:15	NC_051861.1	75028961	False	1065	355	1	1	1	1	0	0	1	1	1	0	1	0
OG0002516	NC_051861.1:15	NC_051861.1	75016202	True	1599	533	0	2	0	0	2	1	1	0	1	1	0	3
OG0002517	NC_051861.1:11	NC_051861.1	55917291	False	897	299	0	0	0	0	0	2	2	0	0	2	0	0
OG0002518	NC_051863.1:34	NC_051863.1	171041153	False	1254	418	1	1	7	1	2	6	2	4	7	2	3	7
OG0002519	NC_051863.1:7	NC_051863.1	39402320	False	1140	380	3	7	25	4	5	17	4	12	70	6	15	73
OG0002520	NC_051863.1:7	NC_051863.1	39742255	True	393	131	0	2	0	0	2	0	0	0	1	0	0	3
OG0002521	NC_051862.1:17	NC_051862.1	87958727	False	1584	528	4	20	43	3	20	44	11	7	138	12	6	153
OG0002522	NC_051862.1:17	NC_051862.1	87989775	True	906	302	0	10	6	2	6	4	6	4	2	1	5	7
OG0002523	NC_051862.1:10	NC_051862.1	50310906	True	1284	428	8	1	13	4	1	11	4	6	20	7	5	16
OG0002524	NC_051862.1:10	NC_051862.1	50289152	False	1272	424	1	4	15	2	4	5	3	13	5	1	12	6
OG0002525	NC_051862.1:39	NC_051862.1	197919005	True	2589	863	1	6	6	1	6	5	3	4	2	3	4	7
OG0002526	NC_051862.1:39	NC_051862.1	198079414	True	2670	890	3	10	18	5	7	12	6	9	8	4	12	15
OG0002527	NC_051863.1:37	NC_051863.1	188566258	True	2613	871	6	26	8	8	29	8	12	16	13	10	12	31
OG0002528	NC_051863.1:37	NC_051863.1	188562755	True	2622	874	5	31	13	17	19	18	27	11	5	15	23	19
OG0002529	NC_051863.1:31	NC_051863.1	157070286	False	117	39	0	2	1	0	2	1	0	0	1	0	0	3
OG0002530	NC_051863.1:8	NC_051863.1	44858923	True	357	119	0	0	1	0	0	1	1	1	0	1	1	0
OG0002531	NC_051862.1:42	NC_051862.1	211964925	True	888	296	0	1	15	0	1	12	1	3	3	1	3	4
OG0002532	NC_051862.1:42	NC_051862.1	211957319	True	450	150	0	8	4	2	7	4	1	0	3	0	2	10
OG0002533	NC_051863.1:4	NC_051863.1	24270795	True	906	302	4	10	2	3	10	3	2	1	7	3	1	13
OG0002534	NC_051863.1:4	NC_051863.1	24252513	False	936	312	3	22	2	3	22	1	1	2	6	1	2	25
OG0002535	NC_051863.1:10	NC_051863.1	52782681	True	4737	1579	11	15	6	20	12	8	12	7	14	6	12	12
OG0002537	NC_051863.1:1	NC_051863.1	6284556	False	126	42	0	22	1	0	0	0	23	1	0	0	1	0
OG0002538	NC_051863.1:1	NC_051863.1	5756609	False	105	35	0	0	6	0	0	2	0	5	0	0	4	0
OG0002539	NC_051862.1:24	NC_051862.1	123651007	True	789	263	1	2	6	0	4	6	2	4	1	3	2	3
OG0002540	NC_051862.1:24	NC_051862.1	123767908	False	219	73	0	0	0	0	0	0	0	0	0	0	0	0
OG0002541	NC_051861.1:8	NC_051861.1	42879709	True	942	314	1	7	2	1	7	3	1	0	2	1	0	8
OG0002542	NC_051861.1:8	NC_051861.1	43169909	True	1188	396	1	5	1	2	6	0	0	2	5	0	2	9
OG0002543	NC_051861.1:19	NC_051861.1	96486290	False	1305	435	4	5	6	4	7	9	5	4	15	7	2	18
OG0002544	NC_051861.1:19	NC_051861.1	96500558	False	1551	517	2	8	16	1	9	15	3	5	16	3	2	22
OG0002545	NC_051862.1:43	NC_051862.1	215234015	True	1260	420	3	3	19	4	5	21	7	7	12	7	7	12
OG0002546	NC_051862.1:43	NC_051862.1	215232208	True	1212	404	3	5	23	6	4	20	8	10	15	7	13	16
OG0002547	NC_051863.1:8	NC_051863.1	42072987	True	1722	574	9	41	5	7	42	6	5	6	15	7	4	49
OG0002548	NC_051863.1:8	NC_051863.1	42059422	False	1803	601	7	16	13	6	16	12	9	8	16	7	7	27
OG0002549	NC_051861.1:18	NC_051861.1	94193947	False	1062	354	0	272	5	10	4	46	308	2	2	43	12	6
OG0002550	NC_051861.1:18	NC_051861.1	93785387	False	1596	532	2	4	8	0	66	12	3	62	4	7	0	8
OG0002551	NC_051862.1:2	NC_051862.1	14597529	True	546	182	0	1	8	0	1	6	0	1	2	0	1	3
OG0002552	NC_051862.1:2	NC_051862.1	14588841	True	1125	375	5	1	10	6	3	7	3	8	8	2	6	3
OG0002553	NC_051862.1:32	NC_051862.1	163772845	True	1206	402	5	5	2	3	4	2	3	3	7	4	2	7
OG0002554	NC_051862.1:32	NC_051862.1	163653431	True	2140	714	5	19	9	9	14	10	12	7	13	5	7	20
OG0002555	NC_051861.1:25	NC_051861.1	127655059	True	846	282	2	3	6	1	2	7	4	2	4	4	2	6
OG0002556	NC_051863.1:4	NC_051863.1	23182932	True	1152	384	1	4	22	1	5	23	7	7	12	6	5	14
OG0002558	NC_051863.1:21	NC_051863.1	106945832	False	1779	593	15	528	1	11	617	3	25	125	18	8	1	474
OG0002559	NC_051862.1:37	NC_051862.1	185238867	False	1140	380	0	286	6	1	287	3	2	6	0	0	4	286
OG0002560	NC_051862.1:36	NC_051862.1	184281980	True	1182	394	4	4	8	2	6	4	1	7	8	3	5	10
OG0002561	NC_051861.1:14	NC_051861.1	72755151	False	696	232	1	6	2	1	6	3	2	1	2	1	0	6
OG0002562	NC_051863.1:26	NC_051863.1	134266785	False	1149	383	0	2	4	3	1	5	7	5	0	5	7	0
OG0002563	NC_051861.1:2	NC_051861.1	11568740	True	1551	517	3	10	3	2	10	3	6	4	4	3	2	9
OG0002564	NC_051863.1:15	NC_051863.1	76286386	True	2919	973	4	11	2	5	7	4	7	1	5	3	2	8
OG0002565	NC_051861.1:0	NC_051861.1	1436369	False	2589	863	21	16	8	27	14	14	15	7	27	12	13	19
OG0002566	NC_051861.1:0	NC_051861.1	3822131	True	1656	552	0	2	0	0	1	0	1	0	0	0	0	1
OG0002567	NC_051862.1:34	NC_051862.1	173519834	True	471	157	2	4	2	3	5	5	3	1	4	3	1	6
OG0002568	NC_051862.1:42	NC_051862.1	211338410	False	459	153	0	0	2	0	0	4	2	0	3	2	0	3
OG0002569	NC_051863.1:10	NC_051863.1	50626535	False	393	131	7	4	0	10	2	0	2	0	7	0	3	2
OG0002570	NC_051861.1:8	NC_051861.1	43924132	False	720	240	2	5	1	2	6	4	5	2	3	4	1	5
OG0002571	NC_051862.1:14	NC_051862.1	70207988	True	2025	675	5	11	6	8	12	3	1	5	8	0	6	13
OG0002572	NC_051863.1:27	NC_051863.1	138653363	False	639	213	1	1	0	1	1	2	3	1	2	2	0	1
OG0002573	NC_051861.1:10	NC_051861.1	53849081	False	1815	605	0	17	1	0	18	0	0	2	0	0	1	17
OG0002574	NC_051861.1:9	NC_051861.1	48796656	False	1431	477	2	11	4	1	11	4	1	1	5	2	1	13
OG0002575	NC_051861.1:7	NC_051861.1	37813838	False	1185	395	3	26	5	7	18	12	18	1	9	9	5	21
OG0002576	NC_051862.1:11	NC_051862.1	58839469	False	231	77	0	0	0	0	0	0	0	0	0	0	0	0
OG0002577	NC_051862.1:14	NC_051862.1	70069567	False	1152	384	2	2	4	2	1	7	6	2	2	6	3	2
OG0002578	NC_051862.1:27	NC_051862.1	138787958	True	5214	1738	0	0	55	0	0	50	8	12	40	8	12	40
OG0002579	NC_051862.1:1	NC_051862.1	5787170	True	1776	592	9	6	26	7	4	31	13	6	20	13	6	19
OG0002580	NC_051863.1:9	NC_051863.1	47864898	True	1179	393	14	5	3	11	5	15	14	2	9	19	4	5
OG0002581	NC_051861.1:23	NC_051861.1	118503997	True	672	224	0	3	6	3	4	2	1	6	3	1	8	6
OG0002582	NC_051861.1:23	NC_051861.1	118605062	True	1431	477	4	3	5	6	4	5	3	3	7	2	4	5
OG0002583	NC_051861.1:7	NC_051861.1	35046405	False	1122	374	6	282	8	25	10	2	271	7	4	4	29	11
OG0002584	NC_051863.1:34	NC_051863.1	172448849	True	840	280	5	8	2	3	10	3	2	2	5	4	1	10
OG0002585	NC_051863.1:37	NC_051863.1	186200976	False	567	189	0	0	1	0	0	0	0	1	0	0	1	0
OG0002586	NC_051861.1:1	NC_051861.1	5061073	True	3348	1116	4	21	5	5	21	2	3	6	2	4	8	20
OG0002587	NC_051863.1:34	NC_051863.1	170281199	False	1278	426	2	1	1	5	0	0	2	1	3	0	4	1
OG0002588	NC_051863.1:9	NC_051863.1	45574725	False	1221	407	1	0	21	0	0	20	3	3	9	4	3	9
OG0002589	NC_051863.1:25	NC_051863.1	126341795	True	729	243	0	2	1	1	1	4	6	2	0	4	2	0
OG0002591	NC_051861.1:2	NC_051861.1	10577537	False	1338	446	0	2	22	0	3	19	1	5	17	1	4	19
OG0002592	NC_051861.1:25	NC_051861.1	129111487	True	693	231	0	2	2	1	3	3	3	3	3	3	3	5
OG0002593	NC_051863.1:25	NC_051863.1	127056173	True	1857	619	3	9	21	4	11	21	7	9	9	7	8	15
OG0002594	NC_051861.1:3	NC_051861.1	17484472	True	1623	541	1	2	20	1	2	17	0	4	13	0	4	14
OG0002595	NC_051861.1:5	NC_051861.1	26200706	True	3678	1226	2	3	26	3	6	29	3	5	20	3	2	21
OG0002596	NC_051861.1:11	NC_051861.1	55283909	False	126	42	0	3	0	0	3	0	0	0	0	0	0	3
OG0002597	NC_051863.1:37	NC_051863.1	186803563	False	1290	430	3	9	12	3	10	3	3	13	4	2	10	10
OG0002598	NC_051862.1:12	NC_051862.1	62003579	False	3369	1123	12	7	7	16	7	6	6	7	10	7	12	5
OG0002599	NC_051863.1:23	NC_051863.1	118294782	False	816	272	0	0	18	0	0	11	0	14	4	0	14	4
OG0002600	NC_051861.1:12	NC_051861.1	62225493	False	2064	688	0	1027	0	48	95	32	883	0	0	32	48	95
OG0002601	NC_051862.1:29	NC_051862.1	145902303	True	594	198	2	0	0	1	0	0	0	0	2	1	0	1
OG0002602	NC_051863.1:27	NC_051863.1	136087797	False	0	0	0	0	0	0	0	0	0	0	0	0	0	0
OG0002603	NC_051862.1:40	NC_051862.1	202092255	False	666	222	3	1	4	4	1	4	2	2	4	2	3	2
OG0002604	NC_051862.1:11	NC_051862.1	58988149	True	1038	346	5	2	1	8	0	0	2	1	5	0	4	0
OG0002606	NC_051863.1:27	NC_051863.1	136644926	True	1401	467	13	2	5	15	3	14	9	2	14	12	6	6
OG0002607	NC_051861.1:24	NC_051861.1	123111507	False	5583	1861	13	7	23	13	8	25	12	12	22	12	10	17
OG0002608	NC_051861.1:24	NC_051861.1	121419589	False	1509	503	13	180	8	0	561	1	1	380	1	13	8	184
OG0002609	NC_051861.1:14	NC_051861.1	72464999	False	492	164	5	2	15	3	41	8	5	50	16	7	8	14
OG0002610	NC_051862.1:30	NC_051862.1	150699796	True	369	123	2	2	3	1	2	2	0	1	3	1	1	4
OG0002611	NC_051861.1:9	NC_051861.1	48474310	False	1797	599	3	9	3	4	7	7	9	4	9	8	5	12
OG0002613	NC_051861.1:4	NC_051861.1	20273706	True	897	299	3	4	0	0	4	0	0	0	0	3	0	4
OG0002614	NC_051862.1:9	NC_051862.1	45622259	True	636	212	8	7	3	6	6	3	2	1	11	4	1	12
OG0002616	NC_051862.1:7	NC_051862.1	36724598	True	1896	632	4	3	10	0	3	6	3	7	4	7	7	7
OG0002617	NC_051863.1:0	NC_051863.1	4544320	True	408	136	0	0	1	0	3	1	0	3	3	0	0	3
OG0002618	NC_051862.1:18	NC_051862.1	92180500	False	684	228	4	1	1	5	2	5	5	2	4	6	3	2
OG0002619	NC_051862.1:10	NC_051862.1	54524088	False	1224	408	0	6	22	0	5	20	4	6	7	3	5	11
OG0002620	NC_051863.1:33	NC_051863.1	165835515	True	315	105	1	0	1	1	0	2	2	1	1	2	1	0
OG0002622	NC_051862.1:22	NC_051862.1	110036063	False	588	196	0	0	0	0	0	65	65	0	0	65	0	0
OG0002623	NC_051861.1:0	NC_051861.1	1745267	False	423	141	0	0	8	0	0	7	0	1	9	0	1	9
OG0002624	NC_051863.1:29	NC_051863.1	147023848	True	1719	573	3	1	12	3	2	10	2	5	11	2	4	8
OG0002625	NC_051861.1:1	NC_051861.1	5254643	False	1179	393	1	11	1	2	10	0	1	1	3	0	2	12
OG0002626	NC_051863.1:34	NC_051863.1	173194736	False	1257	419	2	9	16	4	7	17	7	4	6	5	6	11
OG0002627	NC_051861.1:14	NC_051861.1	73717556	True	2607	869	1	21	20	1	21	20	2	2	13	1	0	31
OG0002628	NC_051861.1:18	NC_051861.1	93384439	False	1440	480	0	0	10	0	0	12	3	1	2	3	1	2
OG0002629	NC_051863.1:24	NC_051863.1	120432641	False	3261	1087	1	19	27	3	18	25	3	5	735	1	5	749
OG0002630	NC_051862.1:28	NC_051862.1	143651304	True	468	156	0	1	0	0	1	0	0	0	1	0	0	1
OG0002631	NC_051863.1:8	NC_051863.1	42085466	False	654	218	2	1	17	2	1	16	0	1	12	0	1	11
OG0002632	NC_051861.1:4	NC_051861.1	21653100	True	573	191	7	1	1	6	1	1	0	0	6	1	0	1
OG0002633	NC_051862.1:17	NC_051862.1	86535959	True	426	142	0	4	1	0	4	1	0	0	0	0	0	4
OG0002634	NC_051862.1:37	NC_051862.1	187982478	True	534	178	0	1	3	0	1	3	2	2	0	1	1	0
OG0002635	NC_051861.1:20	NC_051861.1	104610460	False	984	328	1	1	10	0	2	12	5	4	3	6	3	4
OG0002636	NC_051861.1:23	NC_051861.1	119092701	True	258	86	0	0	6	0	0	5	0	1	0	0	1	0
OG0002637	NC_051861.1:20	NC_051861.1	100345549	True	1938	646	1	2	31	1	1	26	7	11	17	6	11	17
OG0002638	NC_051861.1:16	NC_051861.1	84781285	True	486	162	5	3	3	5	3	6	6	2	6	6	2	4
OG0002639	NC_051861.1:24	NC_051861.1	121435009	True	231	77	0	0	0	0	0	0	0	0	0	0	0	0
OG0002640	NC_051861.1:20	NC_051861.1	103252214	True	1275	425	3	3	14	4	2	9	2	7	18	2	9	17
OG0002642	NC_051861.1:20	NC_051861.1	100336249	True	1641	547	0	1	12	0	0	8	1	4	7	0	4	7
OG0002643	NC_051861.1:16	NC_051861.1	81667820	True	4485	1495	13	16	53	12	13	46	19	22	36	16	22	37
OG0002644	NC_051861.1:16	NC_051861.1	81681956	True	1122	374	2	2	5	2	1	8	5	0	9	5	1	8
OG0002647	NC_051861.1:23	NC_051861.1	116457237	True	816	272	8	3	1	8	3	5	4	1	9	7	4	7
OG0002648	NC_051861.1:14	NC_051861.1	74673567	False	606	202	1	1	0	1	1	0	0	0	1	0	0	1
OG0002649	NC_051861.1:10	NC_051861.1	54004187	True	195	65	0	0	0	0	0	0	0	0	0	0	0	0
OG0002650	NC_051861.1:24	NC_051861.1	120304411	False	99	33	0	0	0	0	0	0	0	0	0	0	0	0
OG0002651	NC_051861.1:13	NC_051861.1	69890495	True	618	206	0	2	0	0	2	0	0	0	0	0	0	2
OG0002652	NC_051861.1:19	NC_051861.1	95013391	False	1437	479	2	1	28	6	4	5	1	27	1	2	29	1
OG0002653	NC_051861.1:22	NC_051861.1	111720231	True	1008	336	0	2	3	0	2	3	1	1	0	1	1	2
OG0002654	NC_051861.1:5	NC_051861.1	25434325	True	1302	434	2	0	39	2	0	36	7	11	27	7	10	25
OG0002655	NC_051861.1:2	NC_051861.1	11603609	True	1107	369	6	11	4	5	11	2	1	3	5	3	4	12
OG0002656	NC_051861.1:2	NC_051861.1	11602625	True	750	250	2	4	8	2	3	7	2	2	4	2	2	4
OG0002657	NC_051861.1:23	NC_051861.1	115918986	True	990	330	3	1	1	5	1	2	2	1	3	3	3	2
OG0002658	NC_051861.1:17	NC_051861.1	87621116	True	237	79	2	1	0	2	1	0	0	0	3	0	0	2
OG0002659	NC_051861.1:16	NC_051861.1	84802539	True	528	176	1	5	0	5	3	0	3	0	1	0	4	3
OG0002661	NC_051861.1:24	NC_051861.1	124096184	True	486	162	3	2	5	4	2	1	0	4	4	0	4	3
OG0002662	NC_051861.1:25	NC_051861.1	127083073	False	1053	351	5	2	6	6	3	6	1	2	7	2	3	4
OG0002663	NC_051861.1:15	NC_051861.1	76677928	True	438	146	0	0	4	0	0	4	0	0	4	0	0	4
OG0002664	NC_051861.1:2	NC_051861.1	11591490	True	546	182	1	3	2	3	1	3	3	0	3	1	2	3
OG0002665	NC_051861.1:21	NC_051861.1	105032861	True	231	77	1	0	3	1	0	2	0	1	2	0	1	1
OG0002666	NC_051861.1:24	NC_051861.1	123267073	False	939	313	2	4	13	3	2	9	6	8	10	4	9	10
OG0002667	NC_051861.1:23	NC_051861.1	115939540	True	1299	433	8	5	1	9	4	3	5	2	13	3	2	7
OG0002668	NC_051861.1:13	NC_051861.1	68066840	True	1323	441	0	0	0	0	0	0	0	0	0	0	0	0
OG0002669	NC_051861.1:5	NC_051861.1	29157088	False	519	173	0	6	0	0	11	0	0	5	1	0	0	7
OG0002670	NC_051861.1:19	NC_051861.1	96564065	True	591	197	0	0	0	1	0	1	1	0	0	1	1	0
OG0002671	NC_051861.1:8	NC_051861.1	44777470	True	465	155	0	4	2	0	3	2	1	0	3	0	0	5
OG0002673	NC_051861.1:10	NC_051861.1	54379254	False	378	126	0	1	0	0	1	0	0	0	0	0	0	1
OG0002674	NC_051861.1:16	NC_051861.1	82257641	True	2550	850	5	6	44	5	4	42	13	12	22	11	12	21
OG0002675	NC_051861.1:17	NC_051861.1	85419296	True	939	313	5	5	6	5	8	5	1	5	10	1	2	10
OG0002677	NC_051861.1:15	NC_051861.1	75121276	True	624	208	0	0	0	1	0	1	1	0	0	1	1	0
OG0002678	NC_051861.1:3	NC_051861.1	15431928	False	132	44	1	0	1	1	0	1	0	0	1	0	1	1
OG0002681	NC_051862.1:15	NC_051862.1	78533280	False	1041	347	0	1	19	2	1	21	3	2	13	3	4	14
OG0002682	NC_051862.1:15	NC_051862.1	78874357	True	318	106	0	2	0	0	2	0	0	0	1	0	0	3
OG0002683	NC_051862.1:17	NC_051862.1	87734114	True	303	101	0	5	1	1	4	0	1	1	0	0	2	4
OG0002684	NC_051862.1:18	NC_051862.1	90754714	True	678	226	0	3	1	0	2	1	2	1	0	1	1	2
OG0002685	NC_051861.1:16	NC_051861.1	81708905	True	3351	1117	7	2	41	5	1	46	9	4	41	11	4	38
OG0002686	NC_051862.1:18	NC_051862.1	93759389	False	504	168	0	0	0	0	0	0	0	0	1	0	0	1
OG0002692	NC_051862.1:28	NC_051862.1	144377313	True	663	221	1	5	0	1	5	0	0	0	1	0	0	5
OG0002693	NC_051861.1:4	NC_051861.1	21735648	False	1686	562	10	10	3	23	0	0	10	3	10	0	16	0
OG0002696	NC_051862.1:30	NC_051862.1	154012213	False	444	148	3	3	1	5	2	0	1	0	4	0	2	2
OG0002698	NC_051861.1:1	NC_051861.1	5965352	True	1359	453	5	5	1	8	2	1	4	1	5	1	4	2
OG0002699	NC_051862.1:35	NC_051862.1	179192954	True	1470	490	6	6	8	7	5	5	8	10	5	5	9	2
OG0002700	NC_051862.1:36	NC_051862.1	184362581	False	669	223	0	0	2	0	0	3	1	0	2	1	0	2
OG0002701	NC_051862.1:37	NC_051862.1	185659399	True	969	323	2	6	18	1	6	19	5	3	10	5	2	14
OG0002703	NC_051862.1:20	NC_051862.1	104063747	False	693	231	0	0	0	0	0	0	0	0	0	0	0	0
OG0002704	NC_051862.1:30	NC_051862.1	154940116	False	126	42	20	1	1	21	0	0	1	1	20	1	2	0
OG0002705	NC_051862.1:41	NC_051862.1	207911451	False	351	117	2	4	0	2	2	2	4	0	1	2	1	2
OG0002706	NC_051862.1:42	NC_051862.1	211520222	True	579	193	1	5	3	2	4	1	2	3	3	0	3	5
OG0002707	NC_051861.1:14	NC_051861.1	70068050	True	348	116	0	2	0	0	2	0	0	0	0	0	0	2
OG0002708	NC_051861.1:16	NC_051861.1	81100987	False	4707	1569	8	485	6	16	485	12	16	11	12	15	16	488
OG0002709	NC_051862.1:8	NC_051862.1	42236297	True	951	317	5	3	9	4	4	12	3	1	7	4	0	7
OG0002710	NC_051862.1:35	NC_051862.1	176309984	False	543	181	2	0	6	1	0	3	0	3	3	1	3	2
OG0002711	NC_051862.1:10	NC_051862.1	50124114	False	3132	1044	16	24	22	17	25	22	13	16	24	16	16	35
OG0002712	NC_051862.1:39	NC_051862.1	197745893	True	552	184	4	7	3	5	5	5	4	0	6	2	2	7
OG0002713	NC_051862.1:8	NC_051862.1	44899823	True	2769	923	27	31	23	25	30	21	21	23	37	16	20	38
OG0002714	NC_051862.1:7	NC_051862.1	36450018	True	1671	557	0	2	22	0	4	18	8	13	17	8	11	19
OG0002715	NC_051862.1:7	NC_051862.1	36427087	False	621	207	0	1	9	2	1	9	1	1	2	1	3	3
OG0002716	NC_051862.1:30	NC_051862.1	154927972	True	1119	373	2	3	1	10	0	0	3	1	2	0	10	0
OG0002717	NC_051862.1:11	NC_051862.1	57034672	False	1179	393	2	0	9	1	0	9	3	3	1	4	3	0
OG0002718	NC_051862.1:14	NC_051862.1	74469189	True	981	327	3	6	8	4	6	4	2	7	6	3	7	10
OG0002720	NC_051862.1:11	NC_051862.1	57357905	False	189	63	0	0	1	0	0	1	0	0	0	0	0	0
OG0002721	NC_051862.1:43	NC_051862.1	215449253	False	252	84	1	3	0	1	2	1	2	0	3	1	0	4
OG0002722	NC_051862.1:6	NC_051862.1	33610334	True	756	252	4	7	6	4	6	6	3	2	6	3	3	9
OG0002723	NC_051862.1:5	NC_051862.1	26379410	True	231	77	1	1	4	1	1	3	0	1	4	0	1	4
OG0002724	NC_051862.1:33	NC_051862.1	165392481	True	1146	382	1	1	3	0	0	2	1	1	3	1	1	3
OG0002725	NC_051861.1:10	NC_051861.1	54358235	True	762	254	0	3	3	0	7	1	0	6	0	0	2	3
OG0002726	NC_051862.1:8	NC_051862.1	44164496	False	975	325	1	4	13	1	4	15	4	1	6	4	1	9
OG0002727	NC_051862.1:5	NC_051862.1	27692537	True	321	107	1	1	2	0	1	2	1	1	0	2	1	1
OG0002728	NC_051862.1:25	NC_051862.1	129786404	True	402	134	0	1	0	0	1	0	0	0	0	0	0	1
OG0002729	NC_051862.1:10	NC_051862.1	50076154	False	3708	1236	5	15	39	6	16	37	11	15	21	9	14	31
OG0002730	NC_051862.1:42	NC_051862.1	210686711	True	1032	344	1	4	2	1	4	5	4	0	1	5	1	5
OG0002731	NC_051862.1:22	NC_051862.1	111972382	False	558	186	0	0	0	0	0	0	0	0	0	0	0	0
OG0002732	NC_051862.1:39	NC_051862.1	197173523	True	783	261	1	0	7	2	0	12	5	0	6	5	1	5
OG0002733	NC_051862.1:18	NC_051862.1	93625579	True	2961	987	18	12	13	21	13	12	6	7	23	15	19	26
OG0002734	NC_051862.1:7	NC_051862.1	39679234	False	153	51	13	0	0	13	0	0	0	0	15	0	0	4
OG0002735	NC_051862.1:35	NC_051862.1	175289037	True	2358	786	4	9	3	5	7	5	7	3	4	5	4	7
OG0002736	NC_051862.1:32	NC_051862.1	161765898	True	600	200	0	0	0	0	0	0	0	0	0	0	0	0
OG0002737	NC_051862.1:27	NC_051862.1	137354380	True	1182	394	4	8	1	4	7	1	3	2	7	1	1	10
OG0002738	NC_051862.1:43	NC_051862.1	215362964	True	2076	692	2	0	28	2	0	29	9	8	10	10	9	9
OG0002739	NC_051862.1:10	NC_051862.1	50134436	True	945	315	1	2	5	1	2	4	0	0	7	0	0	8
OG0002741	NC_051861.1:13	NC_051861.1	69698603	True	327	109	0	1	0	0	1	0	0	0	0	0	0	1
OG0002742	NC_051862.1:1	NC_051862.1	6276308	False	1899	633	2	10	10	4	9	13	12	9	6	7	7	9
OG0002743	NC_051861.1:21	NC_051861.1	106197534	False	180	60	0	0	0	0	0	0	0	0	0	0	0	0
OG0002745	NC_051862.1:6	NC_051862.1	33573556	True	906	302	3	4	6	5	3	3	1	3	4	0	5	3
OG0002747	NC_051862.1:44	NC_051862.1	224953372	True	273	91	0	0	1	0	0	1	0	0	0	0	0	0
OG0002748	NC_051862.1:17	NC_051862.1	88186530	True	1074	358	8	8	3	11	5	3	4	2	9	2	5	6
OG0002749	NC_051862.1:36	NC_051862.1	182410086	True	1305	435	4	11	7	4	11	6	1	2	8	2	3	16
OG0002750	NC_051862.1:35	NC_051862.1	175329256	True	453	151	0	2	3	1	3	1	1	4	1	0	3	2
OG0002751	NC_051862.1:28	NC_051862.1	141007599	True	234	78	3	0	0	3	0	0	0	0	3	0	0	0
OG0002753	NC_051862.1:20	NC_051862.1	100797911	False	429	143	0	0	3	0	0	4	1	0	1	1	0	1
OG0002754	NC_051862.1:20	NC_051862.1	100222010	True	738	246	0	0	6	0	0	6	0	0	1	0	0	1
OG0002755	NC_051862.1:15	NC_051862.1	78798057	True	423	141	2	0	0	2	0	0	0	0	3	0	0	1
OG0002756	NC_051862.1:40	NC_051862.1	203184816	True	954	318	0	3	12	2	3	4	0	8	5	0	10	7
OG0002757	NC_051862.1:25	NC_051862.1	128984812	False	699	233	0	2	12	1	3	13	3	3	7	3	3	9
OG0002758	NC_051862.1:41	NC_051862.1	207079018	False	267	89	0	1	0	1	1	0	0	0	0	0	1	1
OG0002759	NC_051862.1:10	NC_051862.1	50036123	True	2208	736	1	6	2	0	7	3	2	2	6	3	1	12
OG0002760	NC_051861.1:16	NC_051861.1	82063204	True	1641	547	5	4	26	6	7	24	3	8	22	4	6	21
OG0002761	NC_051862.1:38	NC_051862.1	190022257	True	1251	417	0	5	1	0	3	2	4	1	2	1	0	4
OG0002762	NC_051862.1:12	NC_051862.1	64619529	False	612	204	9	4	4	18	1	0	3	4	11	0	13	4
OG0002763	NC_051862.1:17	NC_051862.1	87231273	True	1884	628	2	6	22	2	6	20	8	9	7	7	8	10
OG0002764	NC_051862.1:41	NC_051862.1	205040072	False	1239	413	2	50	8	1	52	10	3	2	3	4	1	52
OG0002766	NC_051862.1:41	NC_051862.1	205037673	False	345	115	0	58	2	7	0	2	58	0	0	0	7	0
OG0002768	NC_051861.1:18	NC_051861.1	93740502	True	3771	1257	11	10	14	17	14	9	6	16	19	5	16	17
OG0002769	NC_051862.1:17	NC_051862.1	89453255	False	705	235	10	4	4	10	5	1	2	5	8	4	7	6
OG0002770	NC_051861.1:13	NC_051861.1	65369933	False	1107	369	1	2	1	1	2	1	0	0	1	0	0	2
OG0002771	NC_051862.1:10	NC_051862.1	51146330	True	459	153	0	2	2	1	1	0	1	2	0	0	3	1
OG0002772	NC_051862.1:5	NC_051862.1	29031466	True	567	189	0	2	0	0	3	0	0	1	0	0	0	2
OG0002774	NC_051862.1:41	NC_051862.1	207987601	True	315	105	0	1	7	0	1	6	2	2	4	2	2	5
OG0002775	NC_051862.1:10	NC_051862.1	54878678	True	1026	342	1	5	3	1	7	5	5	4	0	5	3	5
OG0002776	NC_051862.1:40	NC_051862.1	203192275	False	906	302	1	10	9	3	8	13	10	6	4	8	8	11
OG0002777	NC_051862.1:40	NC_051862.1	203876573	True	642	214	2	0	5	1	1	4	1	2	3	3	2	3
OG0002778	NC_051862.1:17	NC_051862.1	88806755	True	726	242	0	1	7	0	1	5	0	2	5	0	2	6
OG0002779	NC_051862.1:16	NC_051862.1	84174334	True	1242	414	5	29	4	9	13	9	23	5	4	7	10	13
OG0002780	NC_051862.1:33	NC_051862.1	165421215	True	1260	420	2	2	5	2	2	3	1	3	11	1	3	11
OG0002781	NC_051862.1:24	NC_051862.1	123895781	True	666	222	0	1	5	0	2	5	0	1	3	0	0	4
OG0002782	NC_051861.1:18	NC_051861.1	92095552	True	780	260	0	1	15	0	1	15	4	4	3	6	4	5
OG0002783	NC_051862.1:8	NC_051862.1	41447887	True	525	175	2	0	0	1	1	1	1	1	1	2	0	1
OG0002784	NC_051862.1:40	NC_051862.1	203869606	True	1410	470	1	6	14	1	6	15	3	2	7	4	3	13
OG0002785	NC_051862.1:14	NC_051862.1	71235978	True	1110	370	0	1	16	0	1	13	0	3	1	0	3	2
OG0002786	NC_051862.1:14	NC_051862.1	70055023	True	1713	571	3	1	23	3	1	29	9	2	18	9	2	16
OG0002787	NC_051862.1:1	NC_051862.1	8437833	True	1176	392	17	8	8	15	9	8	4	6	14	7	4	7
OG0002788	NC_051861.1:22	NC_051861.1	111648370	True	453	151	0	0	1	1	0	0	0	1	0	0	2	0
OG0002790	NC_051862.1:4	NC_051862.1	20474568	True	393	131	0	0	0	0	0	0	0	0	2	0	0	2
OG0002791	NC_051862.1:1	NC_051862.1	8907115	False	234	78	0	84	0	9	0	7	91	0	0	7	9	0
OG0002792	NC_051862.1:38	NC_051862.1	191788878	True	702	234	2	1	3	2	2	3	1	2	3	1	1	2
OG0002793	NC_051862.1:10	NC_051862.1	50109326	True	2184	728	6	12	56	9	9	62	21	14	31	18	18	34
OG0002794	NC_051862.1:38	NC_051862.1	190153572	False	1680	560	2	1	29	2	1	28	8	6	15	8	6	15
OG0002795	NC_051862.1:7	NC_051862.1	39979039	True	936	312	4	2	2	6	2	3	4	3	7	3	4	4
OG0002796	NC_051862.1:3	NC_051862.1	18544082	False	597	199	0	3	2	0	1	6	5	0	2	5	0	3
OG0002797	NC_051862.1:37	NC_051862.1	189516661	True	1218	406	4	7	4	1	10	2	0	6	3	3	3	9
OG0002798	NC_051862.1:23	NC_051862.1	118357666	False	984	328	0	9	9	3	7	14	10	5	0	9	7	7
OG0002799	NC_051862.1:28	NC_051862.1	141031581	True	324	108	0	0	1	0	0	1	1	1	0	1	1	0
OG0002800	NC_051862.1:25	NC_051862.1	127745591	True	2601	867	3	7	3	16	1	0	6	3	4	0	16	2
OG0002801	NC_051862.1:6	NC_051862.1	34214106	True	372	124	1	1	3	1	1	1	1	3	1	1	3	1
OG0002802	NC_051862.1:23	NC_051862.1	116770831	True	780	260	0	0	4	0	0	7	3	0	5	3	0	5
OG0002803	NC_051862.1:43	NC_051862.1	216037461	True	2907	969	4	2	25	4	2	27	8	7	15	8	7	13
OG0002804	NC_051862.1:17	NC_051862.1	88779001	True	1785	595	8	3	15	9	7	12	3	9	14	3	6	9
OG0002805	NC_051862.1:35	NC_051862.1	177492422	True	930	310	2	2	0	0	2	2	2	0	0	4	0	2
OG0002807	NC_051862.1:2	NC_051862.1	14157967	True	606	202	1	2	2	1	2	4	2	0	2	3	1	4
OG0002808	NC_051862.1:38	NC_051862.1	190148473	True	1434	478	2	2	25	1	2	24	1	1	17	1	1	17
OG0002809	NC_051862.1:2	NC_051862.1	10257293	True	777	259	8	1	2	4	4	7	5	3	5	9	0	2
OG0002810	NC_051862.1:12	NC_051862.1	64783339	True	1359	453	2	0	1	7	0	0	0	1	2	0	6	0
OG0002811	NC_051862.1:7	NC_051862.1	36467972	True	825	275	0	1	7	0	0	7	1	0	1	0	0	1
OG0002812	NC_051862.1:18	NC_051862.1	92304261	True	612	204	2	5	1	6	1	1	5	1	4	2	5	3
OG0002813	NC_051862.1:17	NC_051862.1	85595360	False	1434	478	2	2	3	1	3	1	1	4	1	2	3	2
OG0002815	NC_051862.1:38	NC_051862.1	190019670	True	696	232	0	1	8	0	0	6	2	3	1	1	3	1
OG0002817	NC_051862.1:4	NC_051862.1	20707125	True	663	221	2	1	5	5	1	0	0	5	2	0	8	1
OG0002818	NC_051862.1:24	NC_051862.1	121132332	False	663	221	1	0	6	1	0	8	1	0	3	1	0	2
OG0002820	NC_051862.1:37	NC_051862.1	189151694	True	357	119	1	3	2	2	2	0	1	2	3	0	3	4
OG0002821	NC_051862.1:5	NC_051862.1	28331717	True	5250	1750	7	23	28	6	19	18	16	23	19	11	19	29
OG0002822	NC_051862.1:44	NC_051862.1	224085121	False	198	66	1	2	0	1	2	1	1	0	1	1	0	2
OG0002824	NC_051861.1:5	NC_051861.1	25018351	False	1629	543	0	3	24	0	3	31	6	0	9	6	0	12
OG0002825	NC_051862.1:20	NC_051862.1	100665338	True	1698	566	1	1	17	1	1	19	2	0	9	2	0	9
OG0002826	NC_051862.1:24	NC_051862.1	120788104	True	438	146	2	0	3	3	0	4	2	1	5	2	2	3
OG0002827	NC_051862.1:1	NC_051862.1	9487434	True	1122	374	2	1	3	2	0	5	5	2	3	4	2	1
OG0002828	NC_051862.1:21	NC_051862.1	106862531	False	843	281	0	0	0	0	0	0	0	0	0	0	0	0
OG0002829	NC_051862.1:25	NC_051862.1	129262251	True	306	102	0	1	1	0	1	0	0	1	0	0	1	1
OG0002830	NC_051861.1:4	NC_051861.1	22882978	False	243	81	0	0	0	0	0	0	0	0	0	0	0	0
OG0002831	NC_051863.1:34	NC_051863.1	170861042	True	8655	2885	7	16	97	8	17	87	26	39	61	28	41	72
OG0002832	NC_051861.1:16	NC_051861.1	82108368	True	390	130	0	1	2	0	1	2	0	0	4	0	0	5
OG0002833	NC_051863.1:35	NC_051863.1	175604565	True	2172	724	3	4	34	5	4	40	12	7	14	14	11	15
OG0002834	NC_051863.1:38	NC_051863.1	193883056	True	1032	344	1	10	3	1	10	7	8	5	1	5	2	7
OG0002835	NC_051863.1:35	NC_051863.1	178062190	False	0	0	0	0	0	0	0	0	0	0	0	0	0	0
OG0002836	NC_051863.1:21	NC_051863.1	107669934	False	816	272	0	0	19	0	0	1	1	19	0	1	19	0
OG0002837	NC_051861.1:0	NC_051861.1	1565205	True	1197	399	4	0	6	2	0	5	2	2	3	4	2	1
OG0002838	NC_051863.1:33	NC_051863.1	169137555	True	1443	481	0	1	41	0	0	9	1	33	7	0	33	7
OG0002839	NC_051863.1:24	NC_051863.1	123435107	True	1869	623	8	14	14	14	16	12	7	11	23	5	13	29
OG0002840	NC_051863.1:38	NC_051863.1	194345975	True	2310	770	2	7	2	3	9	3	3	4	2	4	4	8
OG0002843	NC_051863.1:34	NC_051863.1	171338256	True	1113	371	1	23	1	1	20	1	4	1	2	1	2	21
OG0002844	NC_051863.1:9	NC_051863.1	47500317	False	1566	522	7	5	1	15	3	8	11	2	5	9	11	1
OG0002845	NC_051863.1:0	NC_051863.1	579528	True	456	152	0	0	7	0	0	2	1	6	0	1	6	0
OG0002846	NC_051861.1:3	NC_051861.1	17373746	True	324	108	0	0	0	0	0	0	0	0	0	0	0	0
OG0002847	NC_051863.1:10	NC_051863.1	53581500	True	1998	666	5	3	25	3	3	23	7	8	12	8	8	11
OG0002848	NC_051863.1:1	NC_051863.1	9563241	False	705	235	1	0	1	2	0	1	0	0	1	0	1	0
OG0002849	NC_051863.1:11	NC_051863.1	59589418	True	1485	495	4	8	7	2	8	3	3	7	2	4	6	7
OG0002851	NC_051861.1:9	NC_051861.1	47587323	True	1245	415	1	1	1	1	1	1	0	0	2	0	0	2
OG0002852	NC_051863.1:11	NC_051863.1	59212855	True	744	248	2	1	0	2	0	0	1	0	2	0	0	0
OG0002853	NC_051863.1:12	NC_051863.1	60888414	True	2232	744	5	18	41	7	15	41	10	9	32	8	11	43
OG0002857	NC_051863.1:22	NC_051863.1	114573645	False	264	88	2	5	2	3	0	1	6	2	2	1	2	0
OG0002858	NC_051863.1:24	NC_051863.1	121197330	False	1257	419	3	98	2	5	99	0	0	3	2	1	5	98
OG0002859	NC_051861.1:20	NC_051861.1	100970470	True	369	123	0	0	0	0	0	1	0	0	1	1	0	1
OG0002862	NC_051863.1:7	NC_051863.1	35659594	True	1515	505	0	2	4	0	2	4	1	1	5	1	1	7
OG0002863	NC_051861.1:20	NC_051861.1	104981180	True	912	304	2	0	11	2	1	12	6	5	4	6	4	3
OG0002864	NC_051863.1:35	NC_051863.1	177514417	True	1269	423	4	1	14	4	2	12	1	4	10	1	3	7
OG0002865	NC_051863.1:14	NC_051863.1	71574219	True	699	233	0	0	4	0	0	4	0	0	1	0	0	1
OG0002866	NC_051863.1:35	NC_051863.1	177682653	True	1542	514	0	3	4	0	3	3	1	1	3	1	1	6
OG0002867	NC_051863.1:35	NC_051863.1	177713478	True	828	276	1	3	11	2	3	11	2	2	5	2	3	7
OG0002868	NC_051863.1:24	NC_051863.1	124739561	True	561	187	3	5	5	2	6	9	5	0	13	5	0	14
OG0002869	NC_051863.1:17	NC_051863.1	86955475	False	837	279	0	0	2	0	0	1	0	1	0	0	1	0
OG0002870	NC_051863.1:38	NC_051863.1	190085655	True	1245	415	6	14	4	5	15	7	7	5	6	6	2	14
OG0002871	NC_051863.1:34	NC_051863.1	171188522	False	885	295	1	2	6	2	1	8	6	3	7	6	5	8
OG0002873	NC_051861.1:6	NC_051861.1	30837522	False	591	197	3	6	2	2	7	4	2	1	7	3	0	11
OG0002874	NC_051863.1:7	NC_051863.1	38669471	True	384	128	1	2	0	1	2	2	2	0	1	2	0	2
OG0002875	NC_051863.1:33	NC_051863.1	165197146	False	618	206	1	4	5	1	1	7	6	1	3	3	1	3
OG0002876	NC_051863.1:11	NC_051863.1	58004331	True	324	108	0	0	0	0	0	0	0	0	0	0	0	0
OG0002877	NC_051863.1:1	NC_051863.1	6966810	False	2679	893	6	1	41	7	1	35	5	11	33	5	12	27
OG0002878	NC_051863.1:2	NC_051863.1	12264396	True	729	243	0	2	1	0	2	1	1	1	1	1	1	3
OG0002879	NC_051863.1:16	NC_051863.1	83031854	False	897	299	2	15	5	2	15	5	0	0	4	0	0	17
OG0002880	NC_051863.1:16	NC_051863.1	83026112	True	546	182	0	1	8	0	1	8	0	0	5	0	0	6
OG0002881	NC_051863.1:26	NC_051863.1	130085095	True	909	303	2	2	2	2	2	7	5	1	2	6	2	3
OG0002882	NC_051863.1:13	NC_051863.1	69792226	True	1938	646	1	24	5	1	29	8	4	6	9	4	1	34
OG0002883	NC_051863.1:31	NC_051863.1	158783155	False	1041	347	18	2	14	20	2	2	2	14	18	0	15	0
OG0002884	NC_051863.1:10	NC_051863.1	51380678	False	2214	738	4	5	3	5	2	2	5	3	4	2	4	2
OG0002885	NC_051863.1:10	NC_051863.1	51396228	True	696	232	5	2	3	3	6	3	3	6	1	7	5	2
OG0002886	NC_051863.1:35	NC_051863.1	177740975	True	1371	457	2	2	11	2	2	8	2	7	4	3	7	5
OG0002887	NC_051863.1:5	NC_051863.1	27703851	True	786	262	1	5	2	0	3	4	5	1	4	4	1	7
OG0002888	NC_051863.1:32	NC_051863.1	161673752	True	195	65	0	1	0	0	1	0	0	0	0	0	0	1
OG0002889	NC_051863.1:35	NC_051863.1	177371405	True	306	102	0	0	1	0	0	1	0	0	4	0	0	4
OG0002890	NC_051863.1:32	NC_051863.1	161634559	True	771	257	2	1	3	2	4	2	3	6	2	3	3	1
OG0002891	NC_051863.1:36	NC_051863.1	184680211	True	378	126	0	3	5	0	3	5	0	0	1	0	0	4
OG0002892	NC_051863.1:21	NC_051863.1	109707566	True	285	95	0	1	0	0	1	0	0	0	1	0	0	2
OG0002893	NC_051863.1:0	NC_051863.1	4135014	True	2238	746	3	13	28	3	11	21	7	12	16	5	12	25
OG0002894	NC_051863.1:0	NC_051863.1	4133260	True	1398	466	0	0	27	0	0	31	8	5	13	8	5	13
OG0002895	NC_051863.1:28	NC_051863.1	141195653	False	42	14	2	0	0	2	0	0	0	0	2	0	0	0
OG0002896	NC_051863.1:8	NC_051863.1	41412303	False	1194	398	2	1	7	1	2	9	2	1	3	3	0	3
OG0002897	NC_051863.1:37	NC_051863.1	188087373	True	231	77	1	2	2	1	1	1	2	2	1	1	2	1
OG0002898	NC_051863.1:8	NC_051863.1	44868871	True	1665	555	0	1	44	0	1	42	3	6	26	3	6	28
OG0002899	NC_051863.1:8	NC_051863.1	44867092	True	1509	503	0	4	33	0	3	28	2	5	23	1	5	26
OG0002900	NC_051863.1:23	NC_051863.1	116722521	True	1206	402	2	0	16	3	0	14	1	3	12	1	4	10
OG0002901	NC_051863.1:6	NC_051863.1	30983574	True	411	137	2	5	1	2	5	1	0	0	5	0	0	9
OG0002902	NC_051863.1:30	NC_051863.1	151364535	False	471	157	1	68	6	1	67	6	0	0	7	0	0	72
OG0002903	NC_051863.1:24	NC_051863.1	121973378	True	417	139	0	3	4	0	3	2	0	2	3	0	2	6
OG0002904	NC_051863.1:27	NC_051863.1	139453800	True	354	118	5	1	1	2	2	5	4	1	2	7	0	1
OG0002905	NC_051863.1:1	NC_051863.1	6896812	True	621	207	1	11	5	1	11	5	7	8	1	3	4	7
OG0002906	NC_051863.1:37	NC_051863.1	187289396	True	2835	945	14	23	18	15	26	19	16	18	15	15	14	22
OG0002907	NC_051863.1:17	NC_051863.1	88997589	False	795	265	0	35	0	0	35	0	0	0	0	0	0	35
OG0002908	NC_051863.1:36	NC_051863.1	183332036	True	2748	916	5	20	14	5	18	16	9	6	16	8	7	31
OG0002909	NC_051861.1:18	NC_051861.1	93546971	True	2064	688	2	3	20	2	3	16	0	5	18	0	5	19
OG0002911	NC_051863.1:8	NC_051863.1	42099593	True	1971	657	1	1	22	1	0	29	10	2	12	9	2	12
OG0002912	NC_051863.1:4	NC_051863.1	22391233	False	339	113	1	1	0	1	1	0	0	0	2	0	0	2
OG0002913	NC_051863.1:35	NC_051863.1	177357340	True	318	106	0	0	2	0	0	1	0	1	1	0	1	1
OG0002914	NC_051863.1:5	NC_051863.1	28104413	True	297	99	1	2	0	1	3	1	1	1	2	1	0	3
OG0002915	NC_051863.1:36	NC_051863.1	182250107	False	285	95	0	5	0	0	4	0	3	2	0	0	0	3
OG0002916	NC_051863.1:8	NC_051863.1	41947883	True	339	113	0	0	0	0	0	0	0	0	0	0	0	0
OG0002917	NC_051863.1:23	NC_051863.1	115462043	True	588	196	0	0	1	2	0	1	1	1	2	1	3	2
OG0002918	NC_051863.1:33	NC_051863.1	165464365	False	306	102	0	0	2	0	0	0	0	2	1	0	2	1
OG0002919	NC_051863.1:36	NC_051863.1	183853981	False	612	204	1	1	1	1	1	1	0	0	2	0	0	1
OG0002920	NC_051863.1:21	NC_051863.1	105606043	True	726	242	2	3	7	2	3	7	1	1	6	1	1	7
OG0002921	NC_051863.1:28	NC_051863.1	143865108	True	498	166	1	2	0	0	2	0	0	0	1	1	0	3
OG0002922	NC_051861.1:12	NC_051861.1	64265525	False	1509	503	0	1	0	0	1	0	0	0	1	0	0	2
OG0002924	NC_051863.1:26	NC_051863.1	133494552	True	726	242	7	2	2	5	0	2	3	1	5	4	2	1
OG0002925	NC_051863.1:39	NC_051863.1	197374742	False	792	264	3	13	4	16	2	3	14	4	3	2	16	1
OG0002927	NC_051863.1:35	NC_051863.1	177502510	True	3552	1184	3	5	25	3	4	27	14	11	22	12	11	22
OG0002928	NC_051863.1:0	NC_051863.1	725515	True	2385	795	0	2	19	3	9	0	0	24	1	0	21	3
OG0002929	NC_051863.1:33	NC_051863.1	167619222	False	273	91	6	1	3	3	44	2	3	44	2	6	1	0
OG0002930	NC_051863.1:28	NC_051863.1	141363906	True	1329	443	2	4	3	7	1	4	5	1	2	2	6	1
OG0002931	NC_051863.1:21	NC_051863.1	107693201	False	711	237	0	308	0	0	303	0	3	3	0	0	0	301
OG0002932	NC_051861.1:18	NC_051861.1	93558512	True	903	301	3	0	6	4	0	10	4	1	11	4	2	8
OG0002933	NC_051861.1:26	NC_051861.1	132155008	False	1017	339	0	2	12	1	2	11	6	5	2	6	6	4
OG0002934	NC_051863.1:29	NC_051863.1	146100385	True	1698	566	8	27	5	11	27	6	6	5	18	5	8	38
OG0002936	NC_051863.1:1	NC_051863.1	9947574	True	348	116	0	0	2	0	0	1	0	1	0	0	1	0
OG0002937	NC_051863.1:27	NC_051863.1	137410964	True	1254	418	8	13	11	6	7	7	10	8	6	7	10	8
OG0002938	NC_051863.1:7	NC_051863.1	38960073	True	594	198	0	9	13	0	9	12	0	0	15	0	0	25
OG0002939	NC_051863.1:4	NC_051863.1	23488183	True	561	187	0	0	4	0	2	5	2	2	2	2	1	2
OG0002940	NC_051863.1:39	NC_051863.1	196532996	True	246	82	0	0	0	0	1	1	1	1	0	1	0	0
OG0002941	NC_051863.1:4	NC_051863.1	22403470	True	573	191	5	4	3	5	5	0	0	4	13	0	3	12
OG0002942	NC_051863.1:30	NC_051863.1	152017774	True	1134	378	5	14	11	6	13	7	5	7	10	2	8	17
OG0002943	NC_051863.1:21	NC_051863.1	107688584	False	702	234	1	298	2	0	297	0	2	3	3	1	2	302
OG0002944	NC_051863.1:21	NC_051863.1	107687564	True	519	173	0	0	5	1	0	2	0	3	0	0	4	0
OG0002945	NC_051863.1:27	NC_051863.1	137406499	True	801	267	3	2	1	2	2	1	2	1	2	2	0	2
OG0002946	NC_051863.1:22	NC_051863.1	112333171	True	669	223	0	0	5	0	0	3	0	1	3	0	1	3
OG0002947	NC_051863.1:23	NC_051863.1	116925355	True	456	152	1	4	2	1	4	1	0	1	2	0	1	4
OG0002948	NC_051863.1:23	NC_051863.1	119411972	False	471	157	0	3	0	0	5	1	1	2	0	1	0	3
OG0002949	NC_051863.1:35	NC_051863.1	177675843	True	339	113	0	0	2	0	0	3	1	0	1	1	0	1
OG0002950	NC_051863.1:25	NC_051863.1	126660574	True	474	158	0	0	2	1	0	3	1	0	9	1	1	9
OG0002951	NC_051863.1:12	NC_051863.1	62217557	True	1233	411	6	6	2	4	9	4	2	3	7	4	0	9
OG0002952	NC_051863.1:34	NC_051863.1	170260370	True	858	286	5	0	4	2	2	2	2	6	2	5	4	0
OG0002953	NC_051861.1:15	NC_051861.1	78137519	False	717	239	2	1	10	1	1	9	2	4	4	3	3	4
OG0002954	NC_051863.1:37	NC_051863.1	189357604	True	498	166	2	2	0	1	4	0	0	1	1	1	0	2
OG0002956	NC_051863.1:15	NC_051863.1	78933290	True	483	161	1	9	1	1	4	3	7	0	1	2	0	4
OG0002957	NC_051863.1:35	NC_051863.1	177326581	True	279	93	0	0	3	1	0	3	1	1	1	1	2	1
OG0002958	NC_051863.1:21	NC_051863.1	109860590	True	1176	392	0	0	12	1	0	11	0	1	15	0	2	15
OG0002959	NC_051863.1:13	NC_051863.1	67911962	True	321	107	0	0	1	0	0	2	1	0	2	1	0	3
OG0002961	NC_051863.1:27	NC_051863.1	137604553	True	1377	459	9	1	1	23	0	0	1	1	8	1	16	0
OG0002962	NC_051863.1:26	NC_051863.1	132560589	True	744	248	3	2	2	6	0	0	2	2	3	0	5	0
OG0002964	NC_051863.1:1	NC_051863.1	6976020	True	585	195	0	0	13	0	0	10	0	4	1	0	4	1
OG0002965	NC_051863.1:16	NC_051863.1	80331057	True	507	169	2	3	0	2	3	0	0	0	4	0	0	5
OG0002966	NC_051863.1:14	NC_051863.1	71422531	True	1371	457	1	4	14	1	3	15	5	3	8	4	3	10
OG0002968	NC_051863.1:30	NC_051863.1	152356189	False	330	110	0	119	0	0	120	0	1	1	3	0	0	124
OG0002969	NC_051863.1:0	NC_051863.1	886563	True	432	144	2	3	2	0	5	0	0	5	0	2	2	3
OG0002971	NC_051863.1:31	NC_051863.1	156588945	True	1239	413	5	9	8	2	11	3	3	10	4	6	7	9
OG0002972	NC_051863.1:10	NC_051863.1	51120193	True	327	109	1	0	1	3	0	0	0	1	2	0	3	1
OG0002973	NC_051863.1:35	NC_051863.1	177811905	False	282	94	0	0	6	0	0	9	5	1	1	5	1	1
OG0002974	NC_051863.1:37	NC_051863.1	186990706	True	1674	558	1	10	5	3	10	5	4	5	2	2	4	9
OG0002975	NC_051863.1:37	NC_051863.1	186327089	True	273	91	1	1	0	1	1	0	0	0	1	0	0	1
OG0002976	NC_051863.1:31	NC_051863.1	156838019	True	375	125	1	1	1	1	0	0	1	1	1	0	1	0
OG0002977	NC_051863.1:35	NC_051863.1	177758645	True	4065	1355	2	8	32	3	8	35	9	5	31	9	6	37
OG0002978	NC_051863.1:22	NC_051863.1	111940121	True	1770	590	1	5	32	0	5	36	5	1	26	5	1	32
OG0002979	NC_051861.1:22	NC_051861.1	114303908	False	1350	450	1	6	17	0	7	12	3	9	6	4	8	12
OG0002980	NC_051861.1:23	NC_051861.1	115942061	True	579	193	0	2	0	1	1	1	2	0	0	1	0	1
OG0002981	NC_051861.1:25	NC_051861.1	129061917	False	894	298	0	0	14	0	1	34	21	5	3	21	4	3
OG0002983	NC_051861.1:17	NC_051861.1	85062661	True	1788	596	4	23	4	5	22	8	7	3	10	5	2	26
OG0002984	NC_051861.1:19	NC_051861.1	98438951	False	3690	1230	7	983	12	7	995	13	17	19	21	7	7	1003
OG0002985	NC_051861.1:24	NC_051861.1	122122264	False	477	159	1	0	5	1	0	3	0	2	6	0	2	4
OG0002986	NC_051861.1:4	NC_051861.1	21330346	False	321	107	7	0	0	4	0	0	0	0	5	3	0	1
OG0002987	NC_051861.1:14	NC_051861.1	73185067	True	447	149	0	6	0	0	1	0	5	0	1	0	0	2
OG0002988	NC_051861.1:2	NC_051861.1	13409997	True	537	179	2	1	1	2	2	0	0	1	2	0	1	1
OG0002990	NC_051861.1:2	NC_051861.1	12182547	False	336	112	1	6	0	2	5	0	3	1	1	0	1	4
OG0002991	NC_051861.1:21	NC_051861.1	107329777	False	192	64	0	0	2	0	0	0	0	2	0	0	2	0
OG0002992	NC_051861.1:5	NC_051861.1	25200115	True	336	112	0	0	1	0	1	2	1	1	0	1	0	0
OG0002993	NC_051861.1:5	NC_051861.1	27294400	True	399	133	3	5	6	2	4	5	2	1	5	2	1	7
OG0002994	NC_051861.1:7	NC_051861.1	37888591	True	291	97	0	2	2	1	0	2	2	0	0	0	1	0
OG0002995	NC_051861.1:3	NC_051861.1	16305430	True	729	243	2	5	3	1	4	2	3	1	1	1	1	4
OG0002996	NC_051861.1:9	NC_051861.1	47132608	False	264	88	0	2	1	0	2	3	2	0	4	2	0	6
OG0002997	NC_051863.1:21	NC_051863.1	106416022	False	2379	793	8	5	31	3	61	32	3	59	23	8	2	25
OG0002998	NC_051863.1:21	NC_051863.1	106586624	True	1890	630	0	0	40	0	0	39	5	6	22	5	6	22
OG0002999	NC_051863.1:21	NC_051863.1	106570873	False	771	257	0	1	4	0	1	4	0	0	6	0	0	7
OG0003000	NC_051863.1:21	NC_051863.1	106340691	True	2133	711	2	1	27	2	1	26	0	3	30	0	3	29
OG0003001	NC_051863.1:21	NC_051863.1	106592422	True	297	99	0	0	4	0	0	4	0	0	2	0	0	2
OG0003002	NC_051863.1:21	NC_051863.1	106477248	True	780	260	0	3	9	0	5	4	2	9	5	2	7	8
OG0003003	NC_051863.1:21	NC_051863.1	106165578	False	564	188	3	3	1	2	2	1	1	0	2	1	0	2
OG0003004	NC_051863.1:21	NC_051863.1	106627958	True	2916	972	4	26	1	4	26	1	0	0	12	0	0	33
OG0003005	NC_051863.1:21	NC_051863.1	106443476	True	888	296	1	1	9	1	1	11	5	3	6	5	3	6
OG0003006	NC_051863.1:21	NC_051863.1	106093835	True	1305	435	1	4	6	1	4	5	0	1	4	0	1	7
OG0003007	NC_051863.1:21	NC_051863.1	106323867	True	1437	479	0	1	30	0	1	27	1	4	13	1	4	14
OG0003008	NC_051863.1:21	NC_051863.1	106502568	False	720	240	0	1	3	0	1	3	0	0	2	0	0	3
OG0003009	NC_051863.1:21	NC_051863.1	106698953	True	2118	706	5	14	1	7	18	1	1	5	6	3	5	17
OG0003010	NC_051863.1:21	NC_051863.1	106550080	True	1116	372	3	7	5	2	7	5	1	1	4	2	1	9
OG0003011	NC_051863.1:21	NC_051863.1	106444868	True	6192	2064	1	8	99	2	10	100	17	17	72	16	15	78
OG0003012	NC_051863.1:21	NC_051863.1	106319245	False	723	241	0	0	10	0	0	7	0	3	4	0	3	4
OG0003013	NC_051863.1:21	NC_051863.1	105956925	False	492	164	0	0	10	0	0	10	0	0	6	0	0	6
OG0003014	NC_051863.1:21	NC_051863.1	105950804	True	1668	556	2	1	24	2	1	24	1	1	30	1	1	29
OG0003015	NC_051863.1:21	NC_051863.1	105917941	False	7278	2426	9	5	99	9	3	102	24	16	55	22	16	49
OG0003016	NC_051863.1:21	NC_051863.1	105784008	True	1791	597	1	4	0	1	4	1	1	0	5	1	0	8
OG0003017	NC_051863.1:21	NC_051863.1	105630871	False	2712	904	3	6	29	2	6	31	7	5	17	8	5	21
OG0003018	NC_051863.1:21	NC_051863.1	105583541	True	4212	1404	0	10	46	1	8	48	6	3	34	5	4	42
OG0003019	NC_051863.1:21	NC_051863.1	105573299	True	1578	526	0	30	2	0	22	3	9	1	0	2	1	22
OG0003020	NC_051863.1:21	NC_051863.1	105373412	False	1947	649	1	0	18	3	1	29	23	6	9	23	7	8
OG0003021	NC_051863.1:21	NC_051863.1	105347792	True	1269	423	0	2	4	0	2	3	0	1	3	0	1	5
OG0003022	NC_051863.1:21	NC_051863.1	105326157	False	1071	357	3	40	9	0	138	9	1	64	14	3	0	54
OG0003023	NC_051863.1:21	NC_051863.1	105325380	True	315	105	1	1	6	1	1	5	0	1	1	0	1	1
OG0003024	NC_051863.1:21	NC_051863.1	105288770	True	285	95	0	1	3	0	1	3	0	0	3	0	0	4
OG0003025	NC_051863.1:21	NC_051863.1	105281189	True	894	298	1	3	0	1	3	0	0	0	5	0	0	7
OG0003026	NC_051863.1:21	NC_051863.1	105011030	True	969	323	4	2	0	4	2	0	0	0	6	0	0	5
OG0003027	NC_051863.1:21	NC_051863.1	105005911	True	1311	437	0	22	7	0	23	7	1	3	5	2	2	27
OG0003028	NC_051863.1:20	NC_051863.1	104990528	False	753	251	1	3	11	0	5	0	0	11	3	1	10	6
OG0003029	NC_051863.1:20	NC_051863.1	104960624	True	594	198	1	1	1	1	1	0	0	1	1	0	1	1
OG0003030	NC_051863.1:20	NC_051863.1	104936966	False	0	0	0	0	0	0	0	0	0	0	0	0	0	0
OG0003031	NC_051863.1:20	NC_051863.1	104927449	True	723	241	1	0	3	1	0	6	3	0	2	3	0	1
OG0003032	NC_051863.1:20	NC_051863.1	104924806	True	1821	607	4	14	4	3	14	5	2	1	14	3	1	26
OG0003033	NC_051863.1:20	NC_051863.1	104919690	True	1458	486	6	16	1	4	18	0	0	3	3	3	2	16
OG0003037	NC_051863.1:38	NC_051863.1	194036257	True	477	159	0	1	5	1	0	3	2	3	2	1	4	2
OG0003038	NC_051863.1:38	NC_051863.1	193947166	False	1398	466	0	4	2	0	6	1	1	4	0	1	2	4
OG0003039	NC_051863.1:38	NC_051863.1	193852924	False	1368	456	7	14	9	7	11	7	5	4	12	4	7	18
OG0003040	NC_051863.1:38	NC_051863.1	194185439	True	873	291	5	2	4	4	4	3	2	5	4	2	3	2
OG0003041	NC_051863.1:38	NC_051863.1	194182528	True	225	75	0	1	0	0	0	0	1	0	0	0	0	0
OG0003042	NC_051863.1:38	NC_051863.1	194047427	True	3567	1189	8	11	15	8	9	14	11	10	12	9	10	13
OG0003043	NC_051863.1:38	NC_051863.1	194099983	True	1629	543	3	6	10	12	0	4	7	7	4	1	16	1
OG0003044	NC_051863.1:38	NC_051863.1	194152625	True	963	321	5	3	4	4	1	3	4	2	3	4	4	2
OG0003045	NC_051863.1:38	NC_051863.1	193847262	True	1341	447	2	7	3	3	6	3	4	3	5	3	3	9
OG0003046	NC_051863.1:38	NC_051863.1	193842014	True	1224	408	3	6	2	2	3	0	4	3	5	1	3	5
OG0003047	NC_051863.1:38	NC_051863.1	193835771	True	1203	401	7	8	6	5	11	1	0	8	3	3	6	8
OG0003048	NC_051863.1:38	NC_051863.1	193726930	True	2202	734	7	6	23	5	6	20	4	7	28	6	6	28
OG0003049	NC_051863.1:38	NC_051863.1	193693906	True	3678	1226	12	7	35	11	8	36	14	15	45	16	14	42
OG0003050	NC_051863.1:38	NC_051863.1	193675486	True	1206	402	2	0	6	3	0	7	3	2	15	3	3	13
OG0003051	NC_051863.1:38	NC_051863.1	193638359	True	1623	541	1	6	4	2	5	3	5	4	1	3	5	5
OG0003052	NC_051863.1:38	NC_051863.1	193449668	True	3252	1084	9	20	14	8	19	12	13	13	14	12	13	27
OG0003053	NC_051863.1:38	NC_051863.1	193390930	True	2694	898	7	9	22	7	7	31	19	9	10	18	10	10
OG0003054	NC_051863.1:38	NC_051863.1	192996170	False	1011	337	0	3	2	1	0	14	14	0	2	13	1	2
OG0003055	NC_051863.1:38	NC_051863.1	192991171	True	1041	347	4	1	15	6	1	12	2	4	11	2	5	8
OG0003056	NC_051863.1:38	NC_051863.1	192933161	True	1095	365	1	2	3	2	1	3	3	2	3	2	3	2
OG0003058	NC_051863.1:38	NC_051863.1	192899366	True	606	202	1	4	6	2	4	4	3	5	3	2	5	5
OG0003059	NC_051863.1:38	NC_051863.1	192855522	True	585	195	0	2	0	0	1	1	3	0	0	1	0	1
OG0003060	NC_051863.1:38	NC_051863.1	192847015	True	576	192	0	0	2	0	2	0	0	4	3	0	2	3
OG0003061	NC_051863.1:38	NC_051863.1	192801189	True	1797	599	3	4	7	1	5	8	1	1	2	3	0	5
OG0003062	NC_051863.1:38	NC_051863.1	192804490	False	738	246	1	4	0	1	3	4	5	0	2	4	0	4
OG0003063	NC_051863.1:38	NC_051863.1	192729981	True	1269	423	2	2	0	2	2	1	1	0	2	1	0	2
OG0003064	NC_051863.1:38	NC_051863.1	192722014	True	4110	1370	11	30	16	15	26	15	17	15	22	9	15	33
OG0003065	NC_051863.1:38	NC_051863.1	192712084	True	1659	553	4	19	10	4	15	9	11	8	6	8	9	19
OG0003066	NC_051863.1:38	NC_051863.1	192676246	False	2073	691	2	12	5	3	10	7	7	3	5	3	2	11
OG0003067	NC_051863.1:38	NC_051863.1	192661523	True	2184	728	2	16	19	12	10	20	14	8	12	7	16	18
OG0003068	NC_051863.1:38	NC_051863.1	192654858	False	921	307	2	15	6	1	19	10	5	7	9	7	2	23
OG0003069	NC_051863.1:38	NC_051863.1	192580331	True	1962	654	10	14	17	6	15	22	13	10	15	16	8	23
OG0003070	NC_051863.1:38	NC_051863.1	192575368	False	792	264	3	2	14	4	2	14	4	3	8	4	3	8
OG0003071	NC_051863.1:38	NC_051863.1	192237705	True	1116	372	2	2	6	1	1	3	3	4	4	1	5	3
OG0003072	NC_051863.1:38	NC_051863.1	191896815	False	1782	594	1	4	43	1	3	44	8	7	22	7	7	24
OG0003073	NC_051863.1:38	NC_051863.1	191746684	True	1167	389	3	8	4	2	8	6	5	3	2	5	2	7
OG0003074	NC_051863.1:38	NC_051863.1	191738478	False	2199	733	15	15	4	13	12	7	7	0	17	9	2	19
OG0003075	NC_051863.1:38	NC_051863.1	191547888	True	1509	503	0	1	19	0	2	16	4	9	6	4	8	7
OG0003076	NC_051863.1:38	NC_051863.1	191532081	True	1311	437	1	2	21	2	2	24	8	7	14	8	8	15
OG0003077	NC_051863.1:38	NC_051863.1	194194712	True	1380	460	0	2	4	0	3	6	1	1	3	1	0	5
OG0003078	NC_051863.1:39	NC_051863.1	198946472	True	1128	376	8	5	6	7	5	4	3	6	7	6	6	7
OG0003079	NC_051863.1:39	NC_051863.1	198791849	False	1740	580	3	2	2	4	2	4	3	1	5	3	2	4
OG0003080	NC_051863.1:39	NC_051863.1	199055121	False	1533	511	1	8	2	3	7	1	4	2	3	1	4	8
OG0003081	NC_051863.1:39	NC_051863.1	198953375	False	2511	837	7	9	2	6	9	16	19	7	7	16	6	9
OG0003082	NC_051863.1:39	NC_051863.1	198754256	True	783	261	0	1	0	0	1	0	0	0	0	0	0	1
OG0003083	NC_051863.1:39	NC_051863.1	198652502	False	2796	932	0	2	31	1	0	60	51	8	11	48	9	11
OG0003084	NC_051863.1:39	NC_051863.1	198479259	True	1290	430	1	2	17	0	2	19	2	2	19	3	2	21
OG0003085	NC_051863.1:39	NC_051863.1	198309179	False	954	318	0	0	7	0	2	11	8	5	124	9	3	123
OG0003086	NC_051863.1:39	NC_051863.1	197926324	False	240	80	2	0	1	2	0	0	0	1	2	0	1	0
OG0003087	NC_051863.1:39	NC_051863.1	197906962	True	1485	495	4	11	3	1	9	4	7	3	1	7	3	9
OG0003088	NC_051863.1:39	NC_051863.1	197899916	False	1533	511	0	840	0	0	843	0	6	7	3	0	0	833
OG0003089	NC_051863.1:39	NC_051863.1	197823767	False	4635	1545	14	24	12	7	26	9	3	10	20	8	5	34
OG0003090	NC_051863.1:39	NC_051863.1	197819907	True	1269	423	1	12	7	2	8	4	4	4	7	0	4	14
OG0003091	NC_051863.1:39	NC_051863.1	197731122	False	186	62	0	0	4	0	0	1	1	4	0	1	4	0
OG0003092	NC_051863.1:39	NC_051863.1	197692048	True	987	329	0	0	4	0	0	5	1	0	1	1	0	1
OG0003093	NC_051863.1:39	NC_051863.1	197628406	True	855	285	3	2	10	2	3	8	0	3	4	1	2	4
OG0003094	NC_051863.1:39	NC_051863.1	197623821	True	783	261	2	5	5	2	4	6	4	1	3	2	1	4
OG0003095	NC_051863.1:39	NC_051863.1	197614892	True	789	263	0	1	9	0	0	6	1	3	4	0	3	4
OG0003096	NC_051863.1:39	NC_051863.1	197596682	False	9	3	0	0	0	0	0	0	0	0	0	0	0	0
OG0003097	NC_051863.1:39	NC_051863.1	197558760	True	645	215	0	1	6	0	1	6	0	0	10	0	0	11
OG0003098	NC_051863.1:39	NC_051863.1	197551832	False	846	282	0	1	13	0	1	11	1	3	5	1	3	6
OG0003099	NC_051863.1:39	NC_051863.1	197544721	True	774	258	1	1	10	1	1	8	1	3	1	1	3	1
OG0003100	NC_051863.1:39	NC_051863.1	197520105	False	7602	2534	6	1896	54	8	1896	51	22	29	47	16	20	1935
OG0003101	NC_051863.1:39	NC_051863.1	197499425	False	78	26	3	1	1	0	48	0	0	48	0	3	1	1
OG0003102	NC_051863.1:39	NC_051863.1	197498699	True	453	151	0	0	6	0	0	4	1	3	1	1	3	1
OG0003103	NC_051863.1:39	NC_051863.1	197490182	False	3024	1008	1	1008	14	1	1005	11	9	9	22	1	4	1034
OG0003104	NC_051863.1:39	NC_051863.1	197485720	False	282	94	1	19	3	0	97	0	2	41	3	2	3	20
OG0003105	NC_051863.1:39	NC_051863.1	197482584	True	447	149	0	0	2	0	0	2	0	0	3	0	0	3
OG0003106	NC_051863.1:39	NC_051863.1	197480365	True	1908	636	4	7	21	2	5	20	10	10	12	11	10	14
OG0003107	NC_051863.1:39	NC_051863.1	197440567	False	2610	870	5	13	61	27	5	4	12	58	7	2	74	5
OG0003108	NC_051863.1:39	NC_051863.1	197379370	True	1485	495	3	4	13	13	1	4	4	11	5	1	21	3
OG0003109	NC_051863.1:39	NC_051863.1	197103776	False	4173	1391	9	6	10	6	389	0	6	399	2	7	14	0
OG0003110	NC_051863.1:39	NC_051863.1	196986545	False	1674	558	7	10	20	24	3	2	10	22	7	3	38	3
OG0003111	NC_051863.1:39	NC_051863.1	196872622	True	1539	513	5	17	9	22	2	4	18	8	5	6	28	5
OG0003112	NC_051863.1:39	NC_051863.1	196814234	False	3336	1112	14	21	18	32	3	4	21	17	14	5	38	5
OG0003113	NC_051863.1:39	NC_051863.1	196809685	True	453	151	1	7	1	7	0	0	7	1	0	1	8	0
OG0003114	NC_051863.1:39	NC_051863.1	196743201	False	4467	1489	4	347	31	15	341	25	12	13	262	3	20	633
OG0003115	NC_051863.1:39	NC_051863.1	196712540	False	1041	347	0	0	4	1	0	0	0	4	1	0	5	1
OG0003116	NC_051863.1:39	NC_051863.1	196705649	True	600	200	2	2	3	8	0	1	2	3	3	1	9	1
OG0003117	NC_051863.1:39	NC_051863.1	196670087	True	2298	766	0	4	2	7	0	0	4	2	0	0	9	0
OG0003118	NC_051863.1:39	NC_051863.1	196616171	True	1065	355	0	0	13	1	3	4	0	12	0	0	10	0
OG0003119	NC_051863.1:39	NC_051863.1	196604456	True	894	298	1	1	3	0	0	0	1	3	2	1	3	2
OG0003120	NC_051863.1:39	NC_051863.1	196590570	True	2871	957	3	9	19	11	4	3	8	19	4	0	24	2
OG0003121	NC_051863.1:39	NC_051863.1	196586729	True	1299	433	6	8	6	21	3	1	7	7	6	1	21	2
OG0003122	NC_051863.1:39	NC_051863.1	196578852	True	1182	394	3	6	2	16	1	2	7	2	4	2	15	2
OG0003123	NC_051863.1:39	NC_051863.1	196563555	True	7500	2500	21	53	30	46	18	9	44	31	22	13	57	20
OG0003124	NC_051862.1:37	NC_051862.1	187013598	True	1563	521	1	12	6	7	5	13	17	3	2	10	9	6
OG0003125	NC_051862.1:37	NC_051862.1	187004053	True	1614	538	0	16	5	3	8	7	11	1	4	3	4	12
OG0003126	NC_051862.1:37	NC_051862.1	186969940	True	7080	2360	22	52	61	25	49	48	31	40	56	23	39	78
OG0003127	NC_051862.1:37	NC_051862.1	186796020	True	939	313	0	2	10	0	2	14	7	3	6	7	3	8
OG0003128	NC_051862.1:37	NC_051862.1	186787916	True	804	268	0	2	9	0	1	9	4	3	4	3	3	5
OG0003129	NC_051862.1:37	NC_051862.1	186773865	False	534	178	2	1	2	2	1	5	4	1	2	5	3	2
OG0003130	NC_051862.1:37	NC_051862.1	186755126	True	855	285	0	2	3	1	0	2	2	1	1	0	2	1
OG0003131	NC_051862.1:37	NC_051862.1	186682319	True	1872	624	1	3	2	2	3	3	1	0	4	1	1	6
OG0003132	NC_051862.1:37	NC_051862.1	186643083	True	1479	493	4	1	29	4	1	24	5	8	11	6	9	9
OG0003133	NC_051862.1:37	NC_051862.1	186063154	True	807	269	1	2	1	0	3	0	0	2	1	0	1	3
OG0003134	NC_051862.1:37	NC_051862.1	186054345	True	762	254	3	7	0	3	5	1	3	0	3	1	0	5
OG0003135	NC_051862.1:37	NC_051862.1	186050934	True	726	242	1	3	5	3	3	3	1	3	3	1	5	5
OG0003136	NC_051862.1:37	NC_051862.1	186040016	True	522	174	1	1	0	1	1	0	0	0	1	0	0	1
OG0003137	NC_051862.1:37	NC_051862.1	186030153	False	2052	684	18	10	16	11	11	14	13	16	10	18	14	7
OG0003138	NC_051862.1:37	NC_051862.1	186027396	False	318	106	0	53	2	3	2	3	54	2	0	1	5	1
OG0003139	NC_051862.1:37	NC_051862.1	185990054	False	1290	430	2	7	3	1	10	5	2	3	9	3	0	15
OG0003140	NC_051862.1:37	NC_051862.1	185847881	False	384	128	3	4	0	1	5	5	6	1	2	7	0	4
OG0003141	NC_051862.1:37	NC_051862.1	185770431	True	432	144	0	0	3	0	0	3	2	2	0	2	2	0
OG0003142	NC_051862.1:37	NC_051862.1	185719489	True	162	54	0	0	0	0	0	0	0	0	1	0	0	1
OG0003143	NC_051862.1:37	NC_051862.1	185266304	True	759	253	0	1	6	0	1	6	4	3	0	4	3	1
OG0003144	NC_051862.1:37	NC_051862.1	185248132	True	852	284	1	3	13	2	3	17	7	3	3	7	4	5
OG0003145	NC_051862.1:37	NC_051862.1	185232429	False	2490	830	0	1	28	0	1	25	8	10	6	8	10	7
OG0003146	NC_051862.1:37	NC_051862.1	185218249	True	1464	488	2	13	9	2	11	9	6	4	7	3	3	15
OG0003147	NC_051862.1:37	NC_051862.1	185216758	False	1071	357	3	11	6	4	11	8	6	4	6	5	4	14
OG0003148	NC_051862.1:37	NC_051862.1	185212309	False	1065	355	5	237	0	5	237	0	0	1	4	2	1	238
OG0003149	NC_051862.1:36	NC_051862.1	184876316	True	996	332	2	1	1	2	1	1	1	1	3	1	1	2
OG0003150	NC_051863.1:23	NC_051863.1	115074752	False	681	227	1	3	11	1	3	11	3	3	8	3	3	10
OG0003151	NC_051863.1:23	NC_051863.1	115192232	False	834	278	4	6	2	7	7	2	1	3	7	0	4	8
OG0003152	NC_051863.1:23	NC_051863.1	115200695	False	1410	470	7	7	3	2	10	2	3	6	5	7	3	10
OG0003153	NC_051862.1:34	NC_051862.1	170081299	True	4002	1334	26	13	6	30	8	6	7	4	29	7	12	16
OG0003154	NC_051862.1:34	NC_051862.1	170141264	False	570	190	3	3	4	3	0	8	10	3	3	8	4	1
OG0003155	NC_051862.1:34	NC_051862.1	170039001	True	1290	430	11	3	3	17	0	0	3	3	11	0	10	0
OG0003156	NC_051862.1:34	NC_051862.1	170027974	False	705	235	5	1	2	7	0	0	1	2	5	0	4	0
OG0003157	NC_051862.1:34	NC_051862.1	170010517	True	1665	555	12	6	3	20	2	0	4	3	13	0	11	3
OG0003158	NC_051862.1:34	NC_051862.1	170006931	True	234	78	1	0	0	3	0	0	0	0	1	0	2	0
OG0003159	NC_051862.1:33	NC_051862.1	169954816	False	3666	1222	19	5	3	17	5	1	2	4	13	7	7	4
OG0003160	NC_051862.1:33	NC_051862.1	169937110	False	1206	402	7	5	4	8	5	3	3	4	5	3	5	3
OG0003161	NC_051862.1:33	NC_051862.1	169930162	True	609	203	6	1	1	12	1	0	0	1	6	0	7	1
OG0003162	NC_051862.1:33	NC_051862.1	169789555	True	2973	991	26	4	7	29	2	2	5	9	22	6	15	1
OG0003163	NC_051862.1:33	NC_051862.1	169697105	True	1116	372	5	6	5	6	4	3	4	4	7	2	5	6
OG0003164	NC_051862.1:33	NC_051862.1	169662993	True	2865	955	1	2	34	1	1	27	5	8	13	4	8	13
OG0003165	NC_051862.1:33	NC_051862.1	169622220	True	447	149	0	0	2	0	0	3	1	0	1	1	0	1
OG0003166	NC_051862.1:33	NC_051862.1	169587028	True	3237	1079	3	3	32	3	2	27	7	9	23	7	9	23
OG0003167	NC_051862.1:33	NC_051862.1	169474619	True	936	312	1	2	9	1	2	8	1	2	4	1	2	5
OG0003168	NC_051862.1:33	NC_051862.1	169515709	True	753	251	1	1	2	1	1	2	2	1	6	2	1	6
OG0003169	NC_051862.1:33	NC_051862.1	169495689	True	621	207	0	1	7	0	1	8	3	2	4	3	2	5
OG0003170	NC_051862.1:33	NC_051862.1	169463320	False	1980	660	0	1	17	0	1	29	18	3	5	19	2	5
OG0003171	NC_051862.1:33	NC_051862.1	169458316	True	729	243	0	0	5	0	0	6	1	0	8	1	0	7
OG0003172	NC_051862.1:33	NC_051862.1	169399984	True	600	200	0	1	2	1	0	3	2	1	0	1	2	0
OG0003173	NC_051862.1:33	NC_051862.1	169306285	True	3687	1229	25	14	6	42	5	0	9	6	24	1	24	5
OG0003174	NC_051862.1:33	NC_051862.1	169302973	True	318	106	1	0	2	0	0	2	0	0	1	1	0	1
OG0003175	NC_051862.1:33	NC_051862.1	169290355	True	2316	772	6	2	16	7	1	12	1	5	22	1	6	17
OG0003176	NC_051862.1:33	NC_051862.1	169265228	True	2052	684	0	2	9	0	1	8	1	1	2	0	1	3
OG0003177	NC_051862.1:33	NC_051862.1	169147883	False	426	142	0	0	4	0	0	0	0	4	0	0	4	0
OG0003178	NC_051862.1:33	NC_051862.1	169131424	True	960	320	0	0	7	0	0	8	1	0	7	1	0	7
OG0003179	NC_051862.1:33	NC_051862.1	169121858	False	645	215	0	254	1	17	1	5	258	0	0	4	17	1
OG0003180	NC_051862.1:33	NC_051862.1	169115486	False	3729	1243	6	32	63	6	5	71	47	14	24	22	16	24
OG0003181	NC_051862.1:33	NC_051862.1	169073791	False	1602	534	3	61	18	2	196	16	4	60	9	5	6	69
OG0003182	NC_051862.1:33	NC_051862.1	169006587	True	1776	592	2	0	2	1	0	2	0	0	5	1	0	4
OG0003183	NC_051862.1:25	NC_051862.1	129046144	False	1950	650	51	13	14	49	12	16	11	7	57	8	4	20
OG0003185	NC_051862.1:25	NC_051862.1	129386998	True	1755	585	3	3	28	4	5	29	10	11	13	10	10	13
OG0003186	NC_051861.1:14	NC_051861.1	72403960	True	972	324	0	2	0	0	2	1	1	0	1	1	0	3
OG0003187	NC_051861.1:14	NC_051861.1	72242649	False	3594	1198	8	20	37	1	22	3	4	39	7	9	38	24
OG0003188	NC_051861.1:14	NC_051861.1	72769217	True	678	226	1	2	2	0	1	3	2	0	2	2	0	3
OG0003189	NC_051861.1:14	NC_051861.1	72800889	False	843	281	1	56	1	1	56	1	0	0	4	0	0	60
OG0003190	NC_051861.1:14	NC_051861.1	72802903	False	1521	507	3	267	1	4	267	0	1	2	7	0	2	272
OG0003191	NC_051862.1:19	NC_051862.1	95983209	False	912	304	0	3	1	0	3	1	0	0	1	0	0	4
OG0003192	NC_051862.1:19	NC_051862.1	96048942	True	1335	445	0	7	1	0	7	1	1	1	2	0	0	8
OG0003193	NC_051862.1:19	NC_051862.1	96065835	True	1128	376	1	2	9	1	4	7	0	4	7	0	2	8
OG0003194	NC_051862.1:19	NC_051862.1	96102448	True	678	226	0	7	3	0	6	3	2	1	5	1	1	11
OG0003195	NC_051862.1:19	NC_051862.1	96108210	False	876	292	2	3	9	2	3	7	0	2	8	0	2	9
OG0003196	NC_051862.1:19	NC_051862.1	96111632	True	9012	3004	5	58	8	4	56	8	8	6	19	7	6	71
OG0003197	NC_051862.1:19	NC_051862.1	96135833	True	3912	1304	12	33	16	14	36	6	9	21	20	8	20	40
OG0003198	NC_051862.1:19	NC_051862.1	96169982	True	339	113	0	1	0	0	0	0	1	0	2	0	0	0
OG0003199	NC_051862.1:19	NC_051862.1	96589119	True	2544	848	6	3	27	5	3	23	3	6	21	5	7	20
OG0003200	NC_051862.1:19	NC_051862.1	96600422	True	6270	2090	8	14	53	6	14	56	17	15	38	20	14	46
OG0003201	NC_051862.1:19	NC_051862.1	96637018	True	672	224	0	1	5	0	1	4	0	1	1	0	1	2
OG0003202	NC_051862.1:19	NC_051862.1	96661124	False	3717	1239	1	5	40	0	4	38	11	13	15	10	13	19
OG0003203	NC_051862.1:19	NC_051862.1	96885691	True	2112	704	1	3	10	1	3	9	0	1	4	0	1	6
OG0003204	NC_051862.1:19	NC_051862.1	97229883	True	606	202	0	3	13	0	3	13	1	1	6	1	1	9
OG0003205	NC_051862.1:19	NC_051862.1	97235585	False	513	171	0	0	4	0	0	5	1	0	2	1	0	2
OG0003206	NC_051862.1:19	NC_051862.1	97236551	False	1530	510	0	3	20	1	3	19	3	4	15	2	4	17
OG0003207	NC_051862.1:19	NC_051862.1	97247905	True	621	207	0	0	5	0	0	5	0	0	4	0	0	4
OG0003208	NC_051862.1:19	NC_051862.1	97256127	False	1323	441	1	1	10	2	1	7	0	3	9	0	4	9
OG0003209	NC_051862.1:19	NC_051862.1	97281130	True	2313	771	1	3	22	1	2	22	4	3	21	3	3	22
OG0003210	NC_051862.1:19	NC_051862.1	97290589	True	459	153	0	0	2	0	0	2	0	0	2	0	0	2
OG0003211	NC_051862.1:19	NC_051862.1	97296711	True	489	163	1	3	3	1	3	3	0	0	6	0	0	8
OG0003212	NC_051862.1:19	NC_051862.1	97297375	True	3321	1107	4	5	41	4	5	41	8	8	38	8	8	40
OG0003213	NC_051862.1:19	NC_051862.1	97318458	True	2691	897	0	1	25	0	1	26	5	4	15	5	4	16
OG0003214	NC_051862.1:19	NC_051862.1	97337159	False	1077	359	0	0	7	0	0	7	0	0	4	0	0	4
OG0003215	NC_051862.1:19	NC_051862.1	97373068	True	1620	540	0	1	17	0	2	17	4	5	5	4	4	6
OG0003216	NC_051862.1:19	NC_051862.1	97451426	True	1713	571	1	6	9	2	6	9	0	0	9	0	1	13
OG0003217	NC_051862.1:19	NC_051862.1	97458168	True	570	190	2	2	0	2	2	0	0	0	6	0	0	6
OG0003218	NC_051862.1:19	NC_051862.1	97493887	True	1380	460	2	8	7	1	10	9	3	4	9	4	2	17
OG0003219	NC_051862.1:19	NC_051862.1	97496965	True	669	223	1	0	3	0	0	2	0	1	2	1	1	2
OG0003220	NC_051862.1:19	NC_051862.1	97517498	False	1317	439	1	1	1	1	1	1	0	0	2	0	0	2
OG0003221	NC_051861.1:4	NC_051861.1	23521137	True	735	245	0	6	10	1	6	11	4	2	11	3	2	15
OG0003222	NC_051861.1:4	NC_051861.1	23522113	True	711	237	0	0	21	0	0	21	1	1	10	1	1	9
OG0003223	NC_051861.1:4	NC_051861.1	23530443	True	717	239	1	4	11	3	4	10	2	3	4	1	4	6
OG0003224	NC_051861.1:4	NC_051861.1	23599845	False	1284	428	1	11	12	1	9	13	4	1	6	3	2	15
OG0003225	NC_051861.1:4	NC_051861.1	23688020	True	3294	1098	3	14	8	4	16	9	1	2	21	1	1	32
OG0003226	NC_051861.1:4	NC_051861.1	23720686	True	1110	370	1	7	7	2	6	7	3	2	6	2	3	11
OG0003227	NC_051861.1:4	NC_051861.1	23725688	False	1242	414	8	6	11	2	7	12	1	3	17	6	1	20
OG0003228	NC_051861.1:4	NC_051861.1	23853956	True	1914	638	5	10	29	6	15	30	9	8	15	7	4	19
OG0003229	NC_051861.1:4	NC_051861.1	24560316	True	732	244	0	1	8	1	1	7	0	1	2	0	2	3
OG0003230	NC_051861.1:4	NC_051861.1	24582732	True	1125	375	0	0	9	0	0	6	1	4	13	1	4	13
OG0003231	NC_051861.1:4	NC_051861.1	24732724	True	1827	609	1	5	41	0	5	22	8	25	11	8	24	15
OG0003232	NC_051861.1:4	NC_051861.1	24867607	True	2013	671	0	3	25	0	3	25	0	1	13	0	1	16
OG0003233	NC_051861.1:4	NC_051861.1	24888178	True	873	291	0	2	12	0	2	11	1	2	6	1	2	8
OG0003234	NC_051861.1:5	NC_051861.1	25009196	True	1053	351	0	0	14	0	0	12	1	4	8	1	4	8
OG0003235	NC_051861.1:5	NC_051861.1	25031290	True	1503	501	1	2	23	1	2	23	3	3	19	3	3	20
OG0003236	NC_051861.1:5	NC_051861.1	25043073	True	498	166	0	6	6	0	6	4	0	2	2	0	2	8
OG0003237	NC_051861.1:5	NC_051861.1	25050722	True	387	129	1	15	1	1	15	2	1	1	2	1	0	16
OG0003238	NC_051861.1:5	NC_051861.1	25056932	True	3546	1182	1	16	23	1	11	23	9	4	10	4	4	20
OG0003239	NC_051861.1:5	NC_051861.1	25089041	True	417	139	1	2	11	1	1	11	0	0	8	0	0	8
OG0003240	NC_051861.1:5	NC_051861.1	25123327	False	1503	501	5	9	16	6	11	17	2	4	12	2	3	16
OG0003241	NC_051861.1:5	NC_051861.1	25142961	True	1617	539	2	8	21	3	8	20	2	3	24	1	3	29
OG0003242	NC_051861.1:5	NC_051861.1	25151449	True	1527	509	5	7	13	4	6	13	4	3	10	5	4	13
OG0003243	NC_051861.1:5	NC_051861.1	25156837	True	1527	509	3	8	10	3	6	15	7	1	10	6	1	12
OG0003244	NC_051861.1:5	NC_051861.1	25201461	True	1182	394	4	7	12	3	4	9	4	4	18	2	4	18
OG0003245	NC_051861.1:5	NC_051861.1	25257176	False	1116	372	0	1	4	0	1	4	0	0	5	0	0	7
OG0003246	NC_051862.1:5	NC_051862.1	26264715	False	702	234	8	5	0	0	260	0	1	262	0	8	0	4
OG0003247	NC_051862.1:5	NC_051862.1	26143675	True	249	83	0	0	0	0	0	0	0	0	0	0	0	0
OG0003248	NC_051862.1:5	NC_051862.1	26133490	True	1704	568	4	1	20	4	1	22	3	4	13	3	4	10
OG0003249	NC_051862.1:5	NC_051862.1	26019778	True	927	309	1	5	4	1	2	1	3	3	0	1	5	3
OG0003250	NC_051862.1:5	NC_051862.1	26007985	False	1842	614	8	13	10	8	11	9	6	5	8	6	7	13
OG0003251	NC_051862.1:5	NC_051862.1	25941073	False	2697	899	41	132	22	18	447	20	10	324	128	33	8	399
OG0003252	NC_051862.1:23	NC_051862.1	116889439	True	1377	459	1	0	27	0	0	27	0	0	17	1	0	17
OG0003253	NC_051862.1:30	NC_051862.1	153280301	True	537	179	3	1	1	4	1	3	4	2	4	5	3	2
OG0003254	NC_051862.1:30	NC_051862.1	153520584	True	813	271	5	1	3	1	1	1	1	3	1	5	3	1
OG0003255	NC_051862.1:30	NC_051862.1	153555577	True	981	327	4	4	5	6	3	3	5	6	4	4	8	3
OG0003256	NC_051862.1:30	NC_051862.1	153645882	True	1296	432	5	3	3	2	4	3	2	3	4	5	2	4
OG0003257	NC_051862.1:30	NC_051862.1	153674060	True	2310	770	16	9	6	23	6	3	7	7	15	5	16	7
OG0003258	NC_051862.1:30	NC_051862.1	153703933	True	720	240	8	5	1	8	5	1	0	1	10	1	1	8
OG0003259	NC_051862.1:28	NC_051862.1	140888588	True	1389	463	9	2	7	3	4	11	6	4	8	12	2	7
OG0003260	NC_051862.1:28	NC_051862.1	140854493	False	600	200	0	2	4	0	2	0	0	4	0	0	4	2
OG0003261	NC_051862.1:28	NC_051862.1	140648347	True	3288	1096	7	19	5	9	13	3	10	8	9	4	9	15
OG0003262	NC_051862.1:28	NC_051862.1	140617431	False	2463	821	4	22	6	7	21	7	7	5	11	7	9	30
OG0003263	NC_051862.1:28	NC_051862.1	140600231	False	804	268	5	5	4	4	7	3	5	7	8	3	3	7
OG0003264	NC_051862.1:28	NC_051862.1	140595536	True	435	145	2	4	0	3	4	1	3	2	3	1	1	3
OG0003265	NC_051862.1:28	NC_051862.1	140159015	False	168	56	0	0	0	0	1	0	0	1	0	0	0	0
OG0003266	NC_051862.1:28	NC_051862.1	140144591	True	1176	392	8	8	5	7	8	6	3	2	10	4	2	10
OG0003267	NC_051862.1:28	NC_051862.1	140143028	False	1314	438	2	15	8	3	15	5	6	9	5	5	9	15
OG0003268	NC_051862.1:28	NC_051862.1	140132081	False	1083	361	3	3	3	3	4	1	3	5	3	2	4	2
OG0003269	NC_051862.1:28	NC_051862.1	140071595	True	1125	375	1	1	0	1	1	0	0	0	2	0	0	2
OG0003270	NC_051862.1:28	NC_051862.1	140025217	True	1137	379	0	1	2	0	1	2	0	0	1	0	0	2
OG0003271	NC_051862.1:28	NC_051862.1	140013060	True	930	310	0	0	7	0	0	8	1	0	7	1	0	6
OG0003272	NC_051862.1:27	NC_051862.1	139946005	True	642	214	1	7	3	1	4	1	2	2	1	1	3	5
OG0003273	NC_051862.1:27	NC_051862.1	139853536	False	2295	765	4	9	11	7	8	14	6	2	11	4	4	14
OG0003274	NC_051862.1:27	NC_051862.1	139845578	True	831	277	0	1	12	0	1	12	4	4	2	4	4	3
OG0003275	NC_051862.1:27	NC_051862.1	139837555	True	717	239	0	0	7	0	0	5	0	2	3	0	2	3
OG0003276	NC_051862.1:27	NC_051862.1	139832402	False	1179	393	2	2	12	0	3	13	7	7	4	9	6	6
OG0003277	NC_051862.1:27	NC_051862.1	139821810	True	615	205	2	0	7	1	0	7	0	0	2	1	0	1
OG0003278	NC_051862.1:27	NC_051862.1	139803351	False	1983	661	4	5	14	3	2	16	10	5	13	8	6	12
OG0003279	NC_051862.1:27	NC_051862.1	139799529	False	1242	414	8	11	5	8	12	7	5	4	10	5	4	13
OG0003280	NC_051862.1:27	NC_051862.1	139796892	True	843	281	5	4	1	1	4	2	3	1	2	6	1	4
OG0003281	NC_051862.1:27	NC_051862.1	139658510	False	885	295	0	0	0	0	0	0	0	0	1	0	0	1
OG0003282	NC_051862.1:27	NC_051862.1	139469817	True	414	138	1	2	1	2	3	1	1	3	1	1	2	1
OG0003283	NC_051862.1:27	NC_051862.1	139468046	True	789	263	0	4	14	2	3	13	5	5	12	3	6	14
OG0003284	NC_051862.1:27	NC_051862.1	139402986	True	1929	643	3	1	26	2	1	24	3	5	18	4	5	17
OG0003285	NC_051862.1:27	NC_051862.1	139411023	True	1326	442	0	1	20	0	2	18	3	6	7	3	5	8
OG0003286	NC_051862.1:27	NC_051862.1	139318402	True	1080	360	0	1	6	0	1	10	4	1	4	4	1	5
OG0003287	NC_051862.1:27	NC_051862.1	139283467	False	720	240	1	2	5	2	1	12	11	3	11	9	3	11
OG0003288	NC_051862.1:27	NC_051862.1	139289072	True	1203	401	0	4	11	1	5	9	1	4	3	1	3	8
OG0003289	NC_051862.1:27	NC_051862.1	139262305	True	1938	646	2	1	22	2	2	21	5	5	15	5	4	14
OG0003290	NC_051862.1:27	NC_051862.1	139259228	True	900	300	1	1	5	2	1	8	5	2	2	5	3	2
OG0003291	NC_051862.1:27	NC_051862.1	139080034	True	4581	1527	6	8	79	7	9	65	15	32	41	15	32	42
OG0003292	NC_051862.1:27	NC_051862.1	139043295	False	2484	828	2	5	30	1	4	28	8	9	15	8	9	18
OG0003293	NC_051862.1:38	NC_051862.1	192027757	True	1470	490	2	8	15	2	7	16	7	4	7	5	4	11
OG0003294	NC_051862.1:38	NC_051862.1	192006876	True	1314	438	0	0	0	0	0	0	0	0	0	0	0	0
OG0003295	NC_051862.1:38	NC_051862.1	192033378	False	531	177	0	1	3	0	1	7	4	0	3	4	0	4
OG0003296	NC_051862.1:38	NC_051862.1	192069622	True	1041	347	1	1	5	0	2	4	0	2	0	1	2	1
OG0003297	NC_051862.1:38	NC_051862.1	192073908	True	1146	382	2	7	11	3	6	11	9	7	2	8	8	5
OG0003298	NC_051862.1:38	NC_051862.1	192075779	True	1374	458	6	7	9	4	9	2	2	11	6	3	8	7
OG0003299	NC_051862.1:38	NC_051862.1	192078797	True	1140	380	2	2	5	2	2	7	2	0	6	2	0	6
OG0003300	NC_051862.1:38	NC_051862.1	192218281	True	804	268	1	0	1	1	0	0	0	1	4	0	1	3
OG0003301	NC_051862.1:38	NC_051862.1	192531620	True	348	116	0	0	0	0	0	2	2	0	1	2	0	1
OG0003302	NC_051862.1:38	NC_051862.1	192557074	True	252	84	0	0	2	0	0	3	1	0	1	1	0	1
OG0003303	NC_051862.1:38	NC_051862.1	192558452	False	852	284	2	5	8	3	4	4	4	7	6	5	9	10
OG0003304	NC_051862.1:38	NC_051862.1	192581520	True	813	271	1	3	2	0	3	2	1	1	6	1	0	8
OG0003305	NC_051862.1:38	NC_051862.1	192585801	True	801	267	4	5	3	4	5	3	0	0	9	0	0	10
OG0003306	NC_051862.1:38	NC_051862.1	192601329	True	1119	373	4	7	5	4	7	4	2	2	9	0	2	12
OG0003307	NC_051862.1:38	NC_051862.1	192609489	False	1251	417	1	4	5	43	4	13	14	3	1	13	45	4
OG0003308	NC_051862.1:38	NC_051862.1	192627920	True	1038	346	0	7	3	3	6	8	6	1	4	5	3	9
OG0003309	NC_051862.1:38	NC_051862.1	192661664	True	468	156	1	0	5	0	0	6	1	0	5	2	0	5
OG0003310	NC_051862.1:38	NC_051862.1	192884158	False	840	280	0	0	8	0	0	12	4	1	4	4	1	4
OG0003311	NC_051862.1:38	NC_051862.1	192903102	True	1941	647	1	6	22	2	2	22	10	5	10	6	6	11
OG0003312	NC_051862.1:38	NC_051862.1	192987442	False	831	277	0	1	26	0	1	21	0	5	19	0	5	20
OG0003313	NC_051862.1:11	NC_051862.1	59841534	False	1338	446	5	1	1	13	0	0	1	1	5	0	9	0
OG0003314	NC_051862.1:11	NC_051862.1	59667720	True	1527	509	3	8	2	4	5	2	6	4	3	3	4	4
OG0003315	NC_051862.1:38	NC_051862.1	192003197	True	360	120	0	2	1	0	2	0	0	1	3	0	1	5
OG0003316	NC_051863.1:26	NC_051863.1	134167296	False	774	258	1	4	3	1	1	1	4	3	2	2	4	3
OG0003317	NC_051863.1:26	NC_051863.1	134148393	True	870	290	9	5	2	11	1	1	4	1	9	1	4	2
OG0003318	NC_051862.1:26	NC_051862.1	131794386	True	999	333	3	4	1	5	2	0	2	1	4	0	3	3
OG0003319	NC_051862.1:26	NC_051862.1	131751916	True	1248	416	2	1	9	3	1	10	1	0	19	1	1	18
OG0003320	NC_051862.1:26	NC_051862.1	131609772	True	1461	487	0	1	15	0	0	21	9	3	6	8	3	6
OG0003321	NC_051862.1:26	NC_051862.1	131603656	True	1125	375	0	0	4	0	0	6	2	0	6	2	0	5
OG0003322	NC_051862.1:26	NC_051862.1	131595930	True	1323	441	1	0	2	1	0	3	2	1	3	2	1	2
OG0003323	NC_051862.1:26	NC_051862.1	131527040	False	3198	1066	3	1	36	3	4	58	37	18	22	37	15	20
OG0003324	NC_051862.1:26	NC_051862.1	131556850	True	456	152	1	0	3	1	0	6	3	0	2	3	0	1
OG0003325	NC_051862.1:26	NC_051862.1	131494471	True	399	133	0	0	7	0	0	9	3	2	5	3	2	5
OG0003326	NC_051862.1:26	NC_051862.1	131399605	False	3201	1067	0	0	34	0	0	35	4	4	10	4	4	10
OG0003327	NC_051862.1:26	NC_051862.1	131360990	True	456	152	0	0	6	0	1	8	1	0	4	1	0	4
OG0003328	NC_051862.1:26	NC_051862.1	131284294	True	339	113	0	0	3	0	0	3	1	1	0	1	1	0
OG0003329	NC_051862.1:26	NC_051862.1	131207127	False	1665	555	5	7	57	1	5	15	9	47	4	9	47	6
OG0003330	NC_051862.1:26	NC_051862.1	131063628	True	4170	1390	6	17	28	9	17	31	20	20	14	17	21	22
OG0003331	NC_051862.1:26	NC_051862.1	131061454	True	693	231	4	13	1	6	12	1	3	2	6	1	3	12
OG0003332	NC_051862.1:26	NC_051862.1	131059767	True	1230	410	4	10	7	2	11	5	4	7	1	6	6	9
OG0003333	NC_051862.1:26	NC_051862.1	131040224	True	843	281	1	1	1	1	1	1	0	0	1	0	0	1
OG0003334	NC_051862.1:26	NC_051862.1	131015717	True	3915	1305	14	34	15	14	31	12	16	16	14	15	17	32
OG0003335	NC_051862.1:26	NC_051862.1	130988911	True	1527	509	7	11	4	9	12	6	7	6	8	6	5	11
OG0003336	NC_051862.1:26	NC_051862.1	130703996	True	1188	396	2	4	2	1	4	0	0	2	2	1	2	5
OG0003337	NC_051862.1:26	NC_051862.1	130700052	True	312	104	0	0	0	0	0	0	0	0	0	0	0	0
OG0003338	NC_051862.1:26	NC_051862.1	130665733	True	3261	1087	13	27	9	11	26	7	5	6	23	8	8	39
OG0003339	NC_051862.1:26	NC_051862.1	130644966	True	912	304	1	8	2	2	9	10	10	4	2	9	2	7
OG0003340	NC_051862.1:26	NC_051862.1	130608034	False	411	137	0	10	2	1	7	4	5	0	3	2	1	11
OG0003341	NC_051862.1:26	NC_051862.1	130602704	False	654	218	1	16	5	0	16	4	1	3	1	2	2	17
OG0003342	NC_051862.1:26	NC_051862.1	130205287	True	318	106	0	1	1	0	0	2	3	1	0	2	1	0
OG0003343	NC_051862.1:26	NC_051862.1	130193761	False	1059	353	1	1	12	3	1	15	5	3	6	5	5	6
OG0003344	NC_051861.1:0	NC_051861.1	69404	True	1122	374	1	0	2	1	0	2	0	0	2	0	0	1
OG0003345	NC_051861.1:0	NC_051861.1	100545	True	1122	374	1	0	6	1	0	6	1	1	5	1	1	4
OG0003346	NC_051861.1:0	NC_051861.1	128139	True	1071	357	2	0	16	2	0	16	0	0	24	0	0	22
OG0003347	NC_051861.1:0	NC_051861.1	890126	False	1128	376	0	1	7	0	1	6	2	3	1	2	3	2
OG0003348	NC_051861.1:0	NC_051861.1	975130	True	1881	627	2	0	13	3	0	13	6	5	14	6	6	12
OG0003349	NC_051861.1:0	NC_051861.1	1003154	True	462	154	2	1	1	1	0	2	3	1	0	4	2	0
OG0003350	NC_051861.1:0	NC_051861.1	1003749	True	1401	467	5	4	9	4	6	12	6	4	10	6	1	10
OG0003351	NC_051861.1:0	NC_051861.1	1012099	True	1827	609	6	8	12	7	8	11	4	5	12	3	5	13
OG0003352	NC_051861.1:0	NC_051861.1	1196191	True	1596	532	0	1	5	0	1	6	2	1	1	2	1	2
OG0003353	NC_051861.1:0	NC_051861.1	1204650	True	1512	504	0	2	21	0	2	15	2	6	9	2	6	11
OG0003354	NC_051861.1:0	NC_051861.1	1248954	False	2175	725	5	3	32	5	3	29	5	7	23	5	7	21
OG0003355	NC_051861.1:0	NC_051861.1	1288919	False	900	300	3	2	11	4	1	11	2	1	11	1	2	9
OG0003356	NC_051861.1:0	NC_051861.1	1298341	True	2556	852	3	3	16	3	2	13	3	5	9	2	5	8
OG0003357	NC_051861.1:0	NC_051861.1	1380482	True	1035	345	0	2	4	0	2	3	0	1	3	0	1	5
OG0003358	NC_051861.1:0	NC_051861.1	1446498	True	1971	657	22	5	16	15	8	8	3	14	14	10	13	4
OG0003359	NC_051861.1:0	NC_051861.1	1449923	True	456	152	3	0	0	4	0	0	0	0	3	0	1	0
OG0003360	NC_051861.1:0	NC_051861.1	1453183	True	732	244	2	3	0	1	3	2	3	1	0	4	1	2
OG0003361	NC_051861.1:0	NC_051861.1	1454650	True	1857	619	8	19	14	8	13	14	15	8	20	10	10	27
OG0003362	NC_051861.1:0	NC_051861.1	1460105	False	714	238	0	2	7	1	2	6	4	5	3	3	5	4
OG0003363	NC_051861.1:0	NC_051861.1	1490536	True	231	77	0	1	2	0	1	2	0	0	0	0	0	1
OG0003364	NC_051861.1:0	NC_051861.1	1491047	True	1863	621	0	5	20	0	3	16	7	9	8	5	9	11
OG0003365	NC_051861.1:0	NC_051861.1	1503388	True	2511	837	8	8	25	8	6	18	5	13	19	4	13	16
OG0003366	NC_051861.1:0	NC_051861.1	1509402	False	936	312	1	1	6	1	3	5	3	5	8	2	2	7
OG0003367	NC_051861.1:0	NC_051861.1	1524299	True	4101	1367	12	16	23	14	11	21	16	14	23	12	18	21
OG0003368	NC_051861.1:0	NC_051861.1	1566891	False	2373	791	0	1	3	1	1	2	1	1	5	1	2	6
OG0003369	NC_051861.1:0	NC_051861.1	1621829	True	906	302	2	2	4	1	2	3	0	1	3	0	1	4
OG0003370	NC_051861.1:0	NC_051861.1	1608461	True	3516	1172	1	11	17	4	12	16	8	9	6	5	8	13
OG0003371	NC_051861.1:0	NC_051861.1	1656481	True	1386	462	1	0	11	1	1	11	2	2	7	2	1	6
OG0003372	NC_051861.1:0	NC_051861.1	1727950	True	1785	595	5	6	19	4	3	21	11	7	12	9	6	11
OG0003373	NC_051861.1:0	NC_051861.1	1730685	False	1467	489	1	2	19	1	2	17	3	5	10	3	5	11
OG0003374	NC_051861.1:0	NC_051861.1	1738867	True	1728	576	3	8	17	4	9	16	2	4	15	2	4	20
OG0003375	NC_051861.1:0	NC_051861.1	1780278	True	6696	2232	10	7	63	9	10	62	25	30	32	27	28	30
OG0003376	NC_051861.1:0	NC_051861.1	1798353	True	1965	655	5	1	8	9	2	8	6	7	10	7	10	6
OG0003377	NC_051861.1:0	NC_051861.1	5	False	1530	510	1	0	5	1	0	6	1	0	1	1	0	0
OG0003378	NC_051862.1:43	NC_051862.1	219348108	True	381	127	1	0	0	1	0	1	1	0	1	1	0	0
OG0003379	NC_051862.1:43	NC_051862.1	219210037	False	3324	1108	4	3	42	2	2	35	5	8	23	6	8	23
OG0003380	NC_051862.1:43	NC_051862.1	218957754	True	1386	462	3	2	0	3	2	0	0	0	4	0	0	3
OG0003381	NC_051862.1:43	NC_051862.1	218543221	True	936	312	1	1	3	1	1	3	1	1	5	1	1	5
OG0003382	NC_051862.1:43	NC_051862.1	218539792	True	243	81	0	0	0	0	0	0	0	0	0	0	0	0
OG0003383	NC_051862.1:43	NC_051862.1	218534416	True	1611	537	4	8	15	3	9	16	4	3	10	4	2	14
OG0003384	NC_051862.1:43	NC_051862.1	218496422	True	2436	812	9	11	29	7	11	27	7	9	25	8	9	27
OG0003385	NC_051862.1:43	NC_051862.1	218492838	True	1059	353	2	3	11	3	3	13	6	3	5	6	4	6
OG0003386	NC_051862.1:43	NC_051862.1	218478735	True	2532	844	2	6	4	2	6	3	2	3	8	2	3	12
OG0003387	NC_051862.1:43	NC_051862.1	218421806	True	627	209	0	0	7	0	0	9	3	1	2	3	1	2
OG0003388	NC_051862.1:43	NC_051862.1	218417147	True	1173	391	13	1	11	1	2	11	3	3	4	16	2	4
OG0003389	NC_051862.1:43	NC_051862.1	218303935	True	2733	911	11	9	25	9	11	25	13	13	16	13	11	16
OG0003390	NC_051862.1:43	NC_051862.1	218273687	True	1149	383	3	0	14	3	0	6	0	8	9	0	8	6
OG0003391	NC_051862.1:43	NC_051862.1	218090268	False	1299	433	0	1	14	0	0	17	6	2	2	5	2	2
OG0003392	NC_051862.1:43	NC_051862.1	217783401	True	666	222	4	2	4	5	2	1	0	3	5	1	5	4
OG0003393	NC_051862.1:43	NC_051862.1	219478179	True	1068	356	0	0	11	0	0	9	0	3	1	0	3	1
OG0003394	NC_051861.1:3	NC_051861.1	19384406	True	642	214	0	6	2	0	6	2	0	0	2	0	0	8
OG0003395	NC_051861.1:3	NC_051861.1	19388832	False	2382	794	0	799	4	24	120	37	602	1	7	33	23	126
OG0003396	NC_051863.1:1	NC_051863.1	6690834	True	1248	416	5	15	2	5	13	2	3	1	7	1	1	17
OG0003397	NC_051863.1:1	NC_051863.1	6695328	True	1803	601	9	25	10	7	27	15	9	6	18	10	3	33
OG0003398	NC_051863.1:1	NC_051863.1	6722153	True	2352	784	0	3	18	2	2	21	3	0	12	2	2	14
OG0003399	NC_051863.1:1	NC_051863.1	6811332	True	381	127	0	5	3	0	3	0	3	4	0	0	3	2
OG0003400	NC_051863.1:1	NC_051863.1	6832325	False	1275	425	37	6	6	1	675	0	0	677	1	36	6	6
OG0003401	NC_051863.1:1	NC_051863.1	6878368	True	1557	519	1	2	0	2	2	1	1	0	4	1	1	5
OG0003402	NC_051863.1:1	NC_051863.1	6892185	True	447	149	0	1	1	0	1	1	0	0	0	0	0	1
OG0003403	NC_051863.1:1	NC_051863.1	6892900	True	576	192	1	2	3	2	2	1	1	3	1	0	3	1
OG0003404	NC_051863.1:1	NC_051863.1	6894530	False	1368	456	8	8	6	6	14	7	7	13	13	11	8	15
OG0003405	NC_051863.1:1	NC_051863.1	6896194	True	477	159	1	3	3	0	3	4	3	2	0	4	2	3
OG0003406	NC_051863.1:1	NC_051863.1	6902122	True	5409	1803	7	19	46	4	20	37	5	15	32	8	14	46
OG0003407	NC_051863.1:1	NC_051863.1	6925736	True	1605	535	1	12	4	5	14	6	3	3	6	3	5	17
OG0003408	NC_051863.1:1	NC_051863.1	6957785	True	234	78	1	0	0	1	0	1	1	0	1	1	0	0
OG0003409	NC_051863.1:1	NC_051863.1	6981742	True	303	101	0	1	3	0	1	3	1	1	3	1	1	4
OG0003410	NC_051863.1:1	NC_051863.1	6982264	True	1095	365	3	3	23	3	3	17	6	11	9	5	10	8
OG0003411	NC_051863.1:1	NC_051863.1	6991028	True	5571	1857	6	6	83	7	7	83	16	19	69	15	19	71
OG0003412	NC_051863.1:1	NC_051863.1	7011893	False	420	140	1	0	11	1	0	11	0	0	10	0	0	9
OG0003413	NC_051863.1:1	NC_051863.1	7113521	False	3870	1290	6	1	59	5	1	53	4	12	63	5	12	59
OG0003414	NC_051863.1:1	NC_051863.1	7243118	True	1638	546	3	4	0	1	5	1	2	2	5	3	1	6
OG0003415	NC_051863.1:1	NC_051863.1	7311490	True	2604	868	18	30	19	19	26	16	21	20	20	19	24	30
OG0003416	NC_051863.1:1	NC_051863.1	7324090	True	2568	856	6	14	4	8	11	5	6	2	5	4	6	11
OG0003417	NC_051863.1:1	NC_051863.1	7354273	True	1119	373	7	11	3	5	12	4	6	6	6	5	2	9
OG0003418	NC_051863.1:1	NC_051863.1	7388992	True	588	196	1	2	0	2	1	1	2	0	1	1	1	1
OG0003419	NC_051863.1:1	NC_051863.1	7390085	True	1746	582	9	7	6	15	9	8	7	8	13	7	13	11
OG0003420	NC_051863.1:1	NC_051863.1	7419913	True	402	134	0	0	0	0	0	0	0	0	0	0	0	0
OG0003421	NC_051863.1:1	NC_051863.1	7427884	True	2253	751	1	7	8	0	6	7	2	3	7	2	2	12
OG0003422	NC_051863.1:1	NC_051863.1	7462013	False	336	112	0	0	0	0	0	0	0	0	1	0	0	1
OG0003423	NC_051863.1:1	NC_051863.1	7495082	False	1080	360	3	2	8	1	3	6	2	5	4	4	4	5
OG0003424	NC_051863.1:1	NC_051863.1	7513933	True	297	99	0	9	1	0	7	3	4	0	0	2	0	7
OG0003425	NC_051863.1:1	NC_051863.1	7526393	True	1347	449	6	6	6	3	8	6	5	8	4	6	5	6
OG0003426	NC_051862.1:2	NC_051862.1	14373928	True	831	277	0	1	1	0	0	0	1	1	0	0	1	0
OG0003427	NC_051862.1:2	NC_051862.1	14320276	True	630	210	0	2	0	0	3	0	0	2	0	0	0	2
OG0003428	NC_051862.1:2	NC_051862.1	14315421	True	978	326	0	2	1	0	2	1	0	0	1	0	0	3
OG0003429	NC_051862.1:2	NC_051862.1	14301263	False	1329	443	0	2	1	0	1	1	1	0	2	0	0	3
OG0003430	NC_051862.1:2	NC_051862.1	14268349	False	3039	1013	1	5	34	1	5	41	16	10	8	15	9	12
OG0003431	NC_051862.1:2	NC_051862.1	14256571	True	1803	601	0	0	27	0	1	38	14	6	12	14	4	12
OG0003432	NC_051862.1:2	NC_051862.1	14268824	True	903	301	1	1	8	1	1	7	3	4	5	3	4	5
OG0003433	NC_051862.1:2	NC_051862.1	14162316	True	2004	668	5	6	2	6	4	2	4	3	6	3	4	6
OG0003434	NC_051862.1:2	NC_051862.1	14122165	False	753	251	3	1	2	3	2	2	1	2	4	1	1	2
OG0003435	NC_051862.1:2	NC_051862.1	13778578	True	651	217	0	0	1	0	0	1	0	0	0	0	0	0
OG0003436	NC_051862.1:2	NC_051862.1	13733276	True	1407	469	3	4	12	2	4	7	1	4	7	2	4	9
OG0003437	NC_051862.1:2	NC_051862.1	13701450	False	1293	431	1	6	2	3	2	2	6	2	0	2	4	1
OG0003438	NC_051862.1:2	NC_051862.1	13670981	True	297	99	2	3	2	4	3	3	2	1	2	2	3	3
OG0003439	NC_051862.1:2	NC_051862.1	13632260	False	435	145	10	2	1	9	2	0	0	1	9	1	1	2
OG0003440	NC_051862.1:2	NC_051862.1	13571579	True	1206	402	3	4	5	3	3	1	1	3	6	0	3	6
OG0003441	NC_051862.1:2	NC_051862.1	13552390	True	3774	1258	16	9	15	12	11	12	9	13	16	13	11	12
OG0003442	NC_051862.1:2	NC_051862.1	13545717	True	795	265	0	3	3	0	3	2	0	1	3	0	1	6
OG0003443	NC_051862.1:2	NC_051862.1	13531152	True	2289	763	2	3	19	1	3	18	8	9	8	8	8	9
OG0003444	NC_051862.1:2	NC_051862.1	13525518	True	1245	415	7	8	9	9	7	8	4	4	12	4	7	13
OG0003446	NC_051862.1:2	NC_051862.1	13491725	True	2724	908	4	6	22	3	5	16	7	12	10	7	12	13
OG0003447	NC_051862.1:2	NC_051862.1	13464362	True	480	160	0	0	0	0	0	0	0	0	0	0	0	0
OG0003448	NC_051862.1:2	NC_051862.1	13455196	True	651	217	3	0	6	3	1	3	0	4	5	1	4	3
OG0003449	NC_051862.1:2	NC_051862.1	13443233	True	1032	344	1	3	6	1	4	3	1	3	5	1	2	7
OG0003450	NC_051862.1:2	NC_051862.1	13433980	False	915	305	1	1	13	1	1	10	2	5	4	2	5	4
OG0003451	NC_051862.1:2	NC_051862.1	13358799	True	1215	405	2	7	2	2	9	2	1	3	2	1	1	7
OG0003452	NC_051862.1:2	NC_051862.1	13324149	True	1557	519	1	3	4	1	3	4	3	4	6	2	3	7
OG0003453	NC_051862.1:2	NC_051862.1	13257834	False	15336	5112	18	65	16	72	45	17	39	19	16	22	74	45
OG0003454	NC_051862.1:2	NC_051862.1	12842765	False	3753	1251	21	10	6	18	12	7	9	10	22	8	6	12
OG0003455	NC_051862.1:13	NC_051862.1	69907859	True	3270	1090	4	1	10	4	1	11	2	1	9	2	1	6
OG0003456	NC_051862.1:13	NC_051862.1	69867345	False	1065	355	0	2	21	0	2	20	2	3	8	2	3	10
OG0003457	NC_051862.1:13	NC_051862.1	69308059	False	1689	563	3	1	11	3	1	35	28	4	18	28	4	16
OG0003458	NC_051862.1:13	NC_051862.1	69241457	False	666	222	0	0	8	1	0	15	10	2	1	10	3	2
OG0003459	NC_051862.1:13	NC_051862.1	68941772	True	486	162	2	1	1	4	0	0	1	1	2	0	4	0
OG0003460	NC_051862.1:13	NC_051862.1	68805718	True	1413	471	4	1	0	4	0	1	2	0	5	2	2	2
OG0003461	NC_051862.1:13	NC_051862.1	68624718	True	975	325	2	1	1	1	0	4	5	1	2	5	1	0
OG0003462	NC_051862.1:13	NC_051862.1	68620923	False	516	172	1	0	1	5	0	0	0	1	1	0	5	0
OG0003463	NC_051862.1:13	NC_051862.1	68581539	False	2217	739	14	9	13	17	6	6	5	8	15	4	13	9
OG0003464	NC_051862.1:13	NC_051862.1	68559110	False	4287	1429	20	378	7	14	371	6	18	9	19	13	10	373
OG0003465	NC_051862.1:13	NC_051862.1	68363950	True	492	164	0	0	0	0	0	0	0	0	0	0	0	0
OG0003466	NC_051862.1:13	NC_051862.1	68340835	True	1860	620	4	8	4	3	9	3	4	6	7	4	4	11
OG0003467	NC_051862.1:31	NC_051862.1	157780926	False	1170	390	1	2	4	3	0	3	2	2	3	1	4	2
OG0003468	NC_051862.1:23	NC_051862.1	118648794	False	267	89	0	0	0	0	0	0	0	0	0	0	0	0
OG0003469	NC_051862.1:23	NC_051862.1	118734668	True	2187	729	3	3	20	1	3	18	0	2	18	2	2	20
OG0003470	NC_051862.1:23	NC_051862.1	118758659	True	1422	474	2	0	7	2	0	9	2	0	14	2	0	13
OG0003471	NC_051862.1:23	NC_051862.1	118778062	True	2136	712	1	0	20	1	0	17	1	4	16	1	4	16
OG0003472	NC_051862.1:23	NC_051862.1	118789747	True	15264	5088	4	10	174	4	10	175	7	6	147	7	6	153
OG0003473	NC_051862.1:23	NC_051862.1	118838445	True	573	191	0	0	0	0	0	0	0	0	2	0	0	2
OG0003474	NC_051862.1:23	NC_051862.1	118865630	True	1242	414	2	3	9	2	3	8	0	1	13	0	1	14
OG0003475	NC_051862.1:23	NC_051862.1	118886095	True	891	297	0	8	1	0	9	1	0	1	6	0	0	14
OG0003476	NC_051862.1:23	NC_051862.1	118890685	True	1182	394	1	2	14	2	2	14	3	3	6	3	4	7
OG0003477	NC_051862.1:23	NC_051862.1	119014292	True	951	317	0	1	5	0	1	6	1	0	5	1	0	6
OG0003478	NC_051862.1:23	NC_051862.1	119081137	True	1614	538	1	0	4	1	0	5	1	0	9	1	0	8
OG0003479	NC_051862.1:23	NC_051862.1	119160802	True	2241	747	0	1	23	0	2	21	1	5	16	1	4	17
OG0003480	NC_051862.1:23	NC_051862.1	119173978	True	1947	649	4	2	25	4	3	23	3	4	17	3	3	15
OG0003481	NC_051862.1:23	NC_051862.1	119198198	False	831	277	1	0	20	1	0	19	0	1	9	0	1	8
OG0003482	NC_051862.1:23	NC_051862.1	119201486	True	1074	358	1	0	8	1	0	6	1	1	9	1	1	8
OG0003483	NC_051862.1:23	NC_051862.1	119223388	True	987	329	0	1	0	0	2	0	0	1	5	0	0	6
OG0003484	NC_051862.1:23	NC_051862.1	119256587	True	1839	613	2	0	19	1	0	20	2	2	13	3	2	12
OG0003485	NC_051862.1:23	NC_051862.1	119299594	True	1194	398	0	0	9	0	0	9	1	1	8	1	1	8
OG0003486	NC_051862.1:23	NC_051862.1	119848787	True	1719	573	0	2	25	0	4	24	3	6	18	3	4	20
OG0003487	NC_051862.1:31	NC_051862.1	157884871	True	2208	736	13	8	7	15	2	5	10	6	14	5	9	4
OG0003488	NC_051863.1:13	NC_051863.1	67258112	True	414	138	0	1	2	0	1	0	0	2	3	1	2	4
OG0003489	NC_051863.1:13	NC_051863.1	67255930	True	1785	595	7	3	10	7	5	10	5	6	11	6	6	8
OG0003490	NC_051863.1:13	NC_051863.1	67235518	True	1167	389	0	2	17	0	2	13	0	4	10	0	4	11
OG0003491	NC_051863.1:13	NC_051863.1	67261099	True	279	93	0	0	3	0	0	0	0	3	0	0	3	0
OG0003492	NC_051863.1:13	NC_051863.1	66426683	False	738	246	1	2	18	0	1	1	2	17	1	1	17	1
OG0003493	NC_051863.1:13	NC_051863.1	66361779	True	1608	536	4	3	6	6	4	3	2	5	3	3	8	3
OG0003494	NC_051863.1:13	NC_051863.1	66333074	False	2013	671	24	2	15	17	9	7	2	17	16	12	12	3
OG0003495	NC_051863.1:13	NC_051863.1	66313158	True	717	239	3	4	5	5	1	5	6	3	5	4	6	4
OG0003496	NC_051863.1:13	NC_051863.1	66303380	True	1461	487	11	1	0	5	3	5	5	3	6	10	0	1
OG0003497	NC_051863.1:13	NC_051863.1	66295650	True	1050	350	4	2	4	0	1	3	1	1	0	4	1	1
OG0003498	NC_051863.1:13	NC_051863.1	66145746	False	141	47	0	0	0	0	0	0	0	0	1	0	0	1
OG0003499	NC_051863.1:13	NC_051863.1	66135554	True	1209	403	1	2	1	1	2	2	1	0	3	1	0	4
OG0003500	NC_051863.1:13	NC_051863.1	66134804	True	450	150	0	2	2	0	2	2	1	1	0	1	1	2
OG0003501	NC_051863.1:13	NC_051863.1	66112296	False	1905	635	7	9	7	1	7	4	5	8	4	8	7	7
OG0003502	NC_051863.1:13	NC_051863.1	66060374	True	2010	670	0	10	1	1	6	0	7	3	3	0	2	6
OG0003503	NC_051863.1:13	NC_051863.1	66046429	True	597	199	1	0	0	1	0	0	0	0	1	0	0	0
OG0003504	NC_051863.1:13	NC_051863.1	66037014	True	759	253	2	4	4	2	3	1	1	3	3	0	3	4
OG0003505	NC_051863.1:13	NC_051863.1	65523535	True	615	205	0	0	0	0	0	2	2	0	0	2	0	0
OG0003506	NC_051863.1:13	NC_051863.1	65460443	False	6888	2296	12	26	80	13	24	76	31	31	49	26	31	60
OG0003507	NC_051863.1:13	NC_051863.1	65420729	False	402	134	1	2	0	0	3	1	1	1	0	2	0	2
OG0003508	NC_051861.1:0	NC_051861.1	4899456	False	1239	413	2	326	5	4	327	4	7	12	2	2	6	319
OG0003509	NC_051861.1:0	NC_051861.1	4815112	True	1758	586	1	2	3	1	3	4	1	1	1	2	1	3
OG0003510	NC_051861.1:0	NC_051861.1	4785144	True	4392	1464	3	59	2	2	59	5	4	0	8	4	0	64
OG0003511	NC_051861.1:0	NC_051861.1	4770331	False	516	172	1	7	0	2	6	0	1	0	0	1	2	6
OG0003512	NC_051861.1:0	NC_051861.1	4545266	False	708	236	1	1	1	0	1	3	3	1	0	4	1	1
OG0003513	NC_051861.1:0	NC_051861.1	4498175	True	1794	598	2	5	7	5	4	5	7	8	6	4	8	6
OG0003514	NC_051861.1:0	NC_051861.1	4497388	False	918	306	0	4	4	0	6	3	1	4	6	1	2	10
OG0003515	NC_051861.1:0	NC_051861.1	4484459	True	1380	460	1	4	6	2	3	5	1	2	11	1	3	12
OG0003516	NC_051861.1:0	NC_051861.1	4476426	False	1707	569	1	8	3	0	4	1	5	2	2	2	2	6
OG0003517	NC_051861.1:0	NC_051861.1	4462664	True	2943	981	5	11	27	7	12	26	7	11	17	7	11	23
OG0003518	NC_051861.1:0	NC_051861.1	4162936	True	3711	1237	8	4	6	6	3	8	4	2	8	6	3	7
OG0003519	NC_051861.1:0	NC_051861.1	4161950	False	414	138	0	5	3	1	5	0	0	3	2	0	3	7
OG0003520	NC_051861.1:0	NC_051861.1	4156915	True	2691	897	8	6	8	7	9	4	2	9	6	5	8	7
OG0003521	NC_051861.1:0	NC_051861.1	4154334	True	546	182	10	2	1	8	3	2	4	4	7	5	2	0
OG0003522	NC_051861.1:0	NC_051861.1	4147693	True	1533	511	3	7	1	2	5	1	3	1	3	3	2	7
OG0003523	NC_051861.1:0	NC_051861.1	4110162	True	1125	375	1	0	0	0	0	1	1	0	1	2	0	1
OG0003524	NC_051861.1:0	NC_051861.1	4105265	True	1800	600	8	8	7	5	11	9	10	11	6	12	7	8
OG0003525	NC_051861.1:0	NC_051861.1	4100483	True	699	233	5	4	3	3	2	3	4	2	6	3	1	4
OG0003526	NC_051861.1:0	NC_051861.1	4098534	True	1560	520	7	5	10	7	4	9	10	10	7	6	8	1
OG0003527	NC_051861.1:0	NC_051861.1	3925033	True	930	310	7	4	5	7	4	1	2	6	6	3	7	4
OG0003528	NC_051861.1:0	NC_051861.1	3906867	True	4767	1589	19	21	7	23	18	5	11	10	20	5	13	17
OG0003529	NC_051861.1:0	NC_051861.1	3900388	True	567	189	0	1	2	0	1	0	0	2	0	0	2	1
OG0003530	NC_051861.1:0	NC_051861.1	3768296	True	3981	1327	25	21	17	37	7	2	16	17	29	4	32	13
OG0003531	NC_051861.1:0	NC_051861.1	3742920	True	1503	501	5	2	5	13	0	0	2	5	5	0	13	0
OG0003532	NC_051861.1:0	NC_051861.1	3738661	True	1653	551	10	6	14	27	0	3	7	12	10	1	30	0
OG0003533	NC_051861.1:0	NC_051861.1	3730832	True	1461	487	5	5	8	6	1	6	6	4	6	4	7	5
OG0003534	NC_051861.1:0	NC_051861.1	3671617	True	1281	427	2	1	2	3	0	3	3	1	2	2	2	0
OG0003535	NC_051861.1:0	NC_051861.1	3527130	False	0	0	0	0	0	0	0	0	0	0	0	0	0	0
OG0003536	NC_051861.1:0	NC_051861.1	3504344	True	1320	440	9	3	1	10	8	3	4	7	8	8	7	6
OG0003537	NC_051861.1:0	NC_051861.1	3494553	True	357	119	3	1	0	0	1	0	0	0	1	3	0	3
OG0003538	NC_051861.1:0	NC_051861.1	3493505	True	738	246	3	1	1	2	1	1	1	1	2	2	1	1
OG0003539	NC_051861.1:0	NC_051861.1	3475105	True	798	266	3	0	0	2	0	0	0	0	2	1	0	0
OG0003540	NC_051861.1:0	NC_051861.1	3459548	True	879	293	7	1	1	6	1	2	2	1	6	4	2	2
OG0003541	NC_051861.1:0	NC_051861.1	3443071	True	1137	379	5	1	1	5	0	1	2	1	4	2	3	0
OG0003542	NC_051861.1:0	NC_051861.1	3411714	True	2031	677	5	2	2	12	0	2	2	0	5	1	8	1
OG0003543	NC_051861.1:0	NC_051861.1	3356563	True	1788	596	6	1	2	5	2	2	1	2	5	3	2	2
OG0003544	NC_051861.1:0	NC_051861.1	3347223	False	6015	2005	42	19	28	46	11	26	20	15	48	16	23	22
OG0003545	NC_051861.1:0	NC_051861.1	3323103	True	1656	552	1	18	7	3	16	8	9	6	7	3	4	19
OG0003546	NC_051861.1:0	NC_051861.1	3315374	False	1593	531	7	9	4	14	2	0	7	4	7	1	12	3
OG0003547	NC_051861.1:0	NC_051861.1	3307646	True	486	162	4	1	1	7	0	0	1	1	4	0	4	0
OG0003548	NC_051861.1:0	NC_051861.1	3283577	True	2625	875	13	5	12	25	4	3	3	11	14	1	22	4
OG0003549	NC_051861.1:0	NC_051861.1	3282318	True	567	189	1	1	2	4	0	0	1	2	1	0	4	0
OG0003550	NC_051861.1:0	NC_051861.1	4908288	False	1263	421	0	504	2	4	3	8	505	0	1	6	4	4
OG0003551	NC_051863.1:14	NC_051863.1	74855910	True	771	257	0	3	8	0	2	4	3	6	4	1	5	5
OG0003552	NC_051863.1:14	NC_051863.1	74858092	True	915	305	1	1	6	0	1	6	3	3	2	4	3	3
OG0003553	NC_051863.1:14	NC_051863.1	74864134	True	1563	521	2	1	16	1	1	13	2	4	9	3	4	9
OG0003554	NC_051863.1:15	NC_051863.1	75159011	True	1611	537	8	9	4	7	14	4	4	6	8	5	4	11
OG0003555	NC_051863.1:15	NC_051863.1	75176490	True	2028	676	9	22	6	9	24	7	8	9	9	9	8	23
OG0003556	NC_051863.1:15	NC_051863.1	75187960	False	396	132	0	2	0	0	2	0	0	0	0	0	0	2
OG0003557	NC_051863.1:15	NC_051863.1	75225671	True	597	199	1	5	3	1	6	4	2	2	1	2	1	5
OG0003558	NC_051863.1:15	NC_051863.1	75252242	False	1005	335	1	23	3	2	17	3	7	3	4	1	2	19
OG0003559	NC_051863.1:15	NC_051863.1	75270051	False	3372	1124	43	5	4	43	3	3	2	1	46	0	2	11
OG0003560	NC_051863.1:15	NC_051863.1	75489061	False	705	235	0	3	0	0	2	1	2	0	0	1	0	2
OG0003561	NC_051863.1:15	NC_051863.1	75561741	True	885	295	4	7	2	4	6	1	1	1	5	0	1	7
OG0003562	NC_051863.1:15	NC_051863.1	76002938	True	804	268	1	6	2	1	6	3	2	1	2	2	1	7
OG0003563	NC_051863.1:15	NC_051863.1	76014116	True	1065	355	6	12	11	3	14	8	3	7	7	5	5	15
OG0003564	NC_051863.1:15	NC_051863.1	76058666	True	4197	1399	4	24	12	3	23	9	11	11	5	7	9	21
OG0003565	NC_051863.1:15	NC_051863.1	76190343	True	1095	365	4	10	7	1	9	7	7	6	4	6	3	9
OG0003566	NC_051863.1:15	NC_051863.1	76199823	True	3741	1247	12	22	9	12	25	4	8	16	18	5	10	25
OG0003567	NC_051863.1:15	NC_051863.1	76219915	True	2160	720	0	3	33	0	3	34	5	4	20	5	4	23
OG0003568	NC_051863.1:40	NC_051863.1	201408206	False	810	270	0	215	4	0	214	5	2	0	5	1	0	223
OG0003569	NC_051863.1:40	NC_051863.1	201388906	True	1608	536	0	0	20	0	0	18	2	4	7	2	4	8
OG0003570	NC_051863.1:40	NC_051863.1	201368174	True	4875	1625	0	1	34	0	1	34	3	2	15	3	2	16
OG0003571	NC_051863.1:40	NC_051863.1	201438898	False	1104	368	0	1	7	0	1	6	0	1	4	0	1	5
OG0003572	NC_051863.1:40	NC_051863.1	201406793	True	555	185	0	0	15	0	0	16	1	0	4	1	0	4
OG0003573	NC_051863.1:40	NC_051863.1	201362361	True	3042	1014	1	1	35	1	1	32	0	2	17	0	2	17
OG0003574	NC_051863.1:40	NC_051863.1	201342421	True	1134	378	1	0	4	1	0	4	0	0	5	0	0	4
OG0003575	NC_051863.1:40	NC_051863.1	201331899	False	2376	792	11	724	3	11	728	3	1	3	182	0	0	1090
OG0003576	NC_051863.1:40	NC_051863.1	201326001	False	630	210	0	7	1	1	7	1	0	0	0	0	1	7
OG0003577	NC_051863.1:40	NC_051863.1	201324261	True	1209	403	0	4	1	0	5	2	2	2	1	2	1	5
OG0003578	NC_051863.1:40	NC_051863.1	201323773	True	384	128	0	1	0	1	1	0	0	0	0	0	1	1
OG0003579	NC_051863.1:40	NC_051863.1	201284019	False	2685	895	1	6	3	2	8	1	1	5	2	1	4	6
OG0003580	NC_051863.1:40	NC_051863.1	201280326	False	1314	438	3	3	5	3	4	5	1	2	38	1	1	38
OG0003581	NC_051863.1:40	NC_051863.1	201275941	True	1284	428	0	3	2	0	4	1	1	3	1	1	2	4
OG0003582	NC_051863.1:40	NC_051863.1	201267125	True	1077	359	1	5	0	1	5	1	1	0	2	1	0	6
OG0003583	NC_051863.1:40	NC_051863.1	201263584	False	1104	368	0	1	4	0	2	1	2	6	1	1	4	1
OG0003584	NC_051863.1:40	NC_051863.1	201216986	True	423	141	0	0	0	0	0	0	0	0	0	0	0	0
OG0003585	NC_051863.1:40	NC_051863.1	201213304	True	1335	445	1	2	9	1	3	7	3	6	0	3	6	2
OG0003586	NC_051863.1:40	NC_051863.1	201187205	True	2304	768	1	0	16	1	0	22	7	1	9	7	1	8
OG0003587	NC_051863.1:40	NC_051863.1	201182132	True	2763	921	0	10	6	1	12	3	0	5	5	0	4	15
OG0003588	NC_051863.1:40	NC_051863.1	201173301	False	465	155	0	2	3	0	2	2	0	1	0	0	1	2
OG0003589	NC_051863.1:40	NC_051863.1	201001113	True	1539	513	0	1	0	0	1	1	1	0	0	1	0	1
OG0003590	NC_051863.1:40	NC_051863.1	200988904	False	2043	681	0	459	8	0	465	9	1	3	6	1	0	466
OG0003591	NC_051863.1:40	NC_051863.1	200983684	True	1311	437	0	1	4	0	1	4	2	2	5	2	2	6
OG0003592	NC_051863.1:40	NC_051863.1	200982496	True	666	222	1	0	4	0	0	5	2	1	0	3	1	0
OG0003593	NC_051863.1:40	NC_051863.1	200977972	True	327	109	0	1	2	0	1	1	0	1	1	0	1	2
OG0003594	NC_051863.1:40	NC_051863.1	200860102	True	1566	522	0	15	1	2	11	2	7	2	1	2	2	11
OG0003595	NC_051863.1:40	NC_051863.1	200830326	False	1515	505	3	1	58	1	4	9	2	57	2	5	55	3
OG0003596	NC_051863.1:40	NC_051863.1	200827717	True	765	255	2	0	5	1	0	2	0	4	2	1	3	1
OG0003597	NC_051863.1:40	NC_051863.1	200809425	True	2139	713	1	5	6	0	7	7	2	3	2	3	1	7
OG0003598	NC_051863.1:40	NC_051863.1	200789513	False	3132	1044	1	6	11	3	7	10	4	6	8	4	7	13
OG0003599	NC_051863.1:40	NC_051863.1	200751816	True	1482	494	0	2	3	0	1	2	4	4	0	2	3	0
OG0003600	NC_051863.1:40	NC_051863.1	200750846	True	564	188	0	1	5	0	1	8	3	0	3	3	0	4
OG0003601	NC_051863.1:40	NC_051863.1	200744646	False	1944	648	5	1	55	5	1	54	0	0	732	0	0	728
OG0003602	NC_051863.1:40	NC_051863.1	200722816	True	1221	407	1	1	1	4	0	1	1	0	2	0	3	0
OG0003603	NC_051863.1:40	NC_051863.1	200702177	True	1293	431	0	5	14	0	4	8	2	7	1	1	7	5
OG0003604	NC_051863.1:40	NC_051863.1	200704637	True	1437	479	2	0	13	4	0	7	3	9	2	3	11	0
OG0003605	NC_051863.1:40	NC_051863.1	200676854	True	702	234	0	0	1	0	0	0	0	1	4	0	1	4
OG0003606	NC_051863.1:40	NC_051863.1	200668576	False	471	157	0	0	5	0	0	2	1	4	1	1	4	1
OG0003607	NC_051863.1:40	NC_051863.1	200667865	True	573	191	0	1	2	1	0	1	1	1	0	0	2	0
OG0003608	NC_051863.1:40	NC_051863.1	200640016	False	5640	1880	29	1378	24	31	1405	17	4	19	47	1	11	1408
OG0003609	NC_051863.1:40	NC_051863.1	200561978	True	2739	913	0	1	20	0	1	20	1	1	12	1	1	13
OG0003610	NC_051863.1:40	NC_051863.1	200381750	True	870	290	0	1	2	0	2	1	1	3	0	1	2	1
OG0003611	NC_051863.1:40	NC_051863.1	200359440	True	672	224	6	3	1	2	8	0	0	7	2	4	1	3
OG0003612	NC_051863.1:40	NC_051863.1	200358725	True	396	132	3	0	10	3	2	0	0	12	5	0	10	2
OG0003613	NC_051863.1:40	NC_051863.1	200354035	True	558	186	0	1	5	0	1	1	0	4	1	0	4	2
OG0003614	NC_051863.1:40	NC_051863.1	200349045	True	2703	901	3	1	19	3	4	5	0	17	10	0	14	8
OG0003615	NC_051863.1:40	NC_051863.1	200327901	True	1143	381	1	1	3	1	1	3	0	0	4	0	0	4
OG0003616	NC_051863.1:40	NC_051863.1	200293477	False	792	264	3	5	5	5	5	3	3	5	6	2	6	7
OG0003617	NC_051863.1:40	NC_051863.1	200299313	True	906	302	2	1	3	1	2	3	3	4	1	4	3	1
OG0003618	NC_051863.1:40	NC_051863.1	200284836	False	1233	411	1	4	1	2	2	39	41	1	2	38	1	2
OG0003619	NC_051863.1:40	NC_051863.1	200235666	True	2313	771	1	1	2	1	1	1	1	2	2	2	3	3
OG0003620	NC_051863.1:40	NC_051863.1	200234520	True	915	305	2	6	2	0	8	1	1	4	0	2	1	5
OG0003621	NC_051863.1:40	NC_051863.1	200214587	True	228	76	0	1	0	0	1	0	0	0	0	0	0	1
OG0003622	NC_051863.1:40	NC_051863.1	200143435	False	2694	898	3	7	2	3	8	1	1	3	5	2	3	10
OG0003623	NC_051863.1:40	NC_051863.1	200109917	False	1317	439	3	4	4	3	5	2	0	3	3	3	5	7
OG0003624	NC_051863.1:39	NC_051863.1	199998673	True	1608	536	0	1	6	5	1	5	0	1	3	0	6	4
OG0003625	NC_051863.1:39	NC_051863.1	199941908	True	1569	523	5	11	4	3	11	4	3	5	4	5	3	12
OG0003626	NC_051863.1:39	NC_051863.1	199765474	False	738	246	2	0	6	3	0	4	0	2	3	0	3	1
OG0003627	NC_051863.1:39	NC_051863.1	199766623	True	2664	888	3	0	29	3	0	27	5	7	19	5	7	16
OG0003628	NC_051863.1:39	NC_051863.1	199732683	True	3627	1209	0	1	15	0	3	11	1	7	9	1	5	10
OG0003629	NC_051862.1:29	NC_051862.1	149285672	True	2001	667	6	17	7	5	13	4	11	9	6	6	8	13
OG0003630	NC_051862.1:29	NC_051862.1	149326957	True	1437	479	2	8	2	1	7	1	2	2	2	2	2	8
OG0003631	NC_051862.1:29	NC_051862.1	149388477	False	1152	384	0	1	3	1	0	13	11	1	0	11	2	0
OG0003632	NC_051862.1:29	NC_051862.1	149559321	True	738	246	1	0	6	1	0	6	0	0	9	0	0	8
OG0003633	NC_051862.1:29	NC_051862.1	149560749	False	5634	1878	9	1672	73	105	41	33	1663	73	14	28	169	44
OG0003634	NC_051862.1:29	NC_051862.1	149589717	True	2292	764	6	3	28	3	4	25	4	8	20	7	7	20
OG0003635	NC_051862.1:29	NC_051862.1	149598115	True	984	328	0	1	16	0	1	9	1	8	2	1	8	3
OG0003636	NC_051862.1:29	NC_051862.1	149602984	True	957	319	4	1	14	4	2	12	1	4	7	1	3	4
OG0003637	NC_051862.1:29	NC_051862.1	149609415	True	1092	364	0	2	9	0	2	2	0	7	2	0	7	4
OG0003638	NC_051862.1:29	NC_051862.1	149614603	True	2934	978	4	8	13	5	9	10	6	10	7	7	11	12
OG0003639	NC_051862.1:29	NC_051862.1	149642622	True	300	100	0	0	1	0	0	0	0	1	0	0	1	0
OG0003640	NC_051862.1:29	NC_051862.1	149695547	True	1344	448	1	1	0	2	1	2	2	0	1	2	1	1
OG0003641	NC_051862.1:29	NC_051862.1	149931784	False	1308	436	23	7	9	26	7	6	5	9	22	5	14	7
OG0003642	NC_051862.1:29	NC_051862.1	149951976	True	951	317	0	0	3	0	0	2	0	1	0	0	1	0
OG0003643	NC_051862.1:30	NC_051862.1	150133252	True	1524	508	1	2	28	0	2	21	0	8	10	1	8	12
OG0003644	NC_051862.1:30	NC_051862.1	150249499	False	3558	1186	1	10	16	3	12	11	3	10	15	3	10	25
OG0003645	NC_051862.1:30	NC_051862.1	150639024	True	1632	544	2	7	34	1	6	33	4	5	14	4	5	19
OG0003646	NC_051862.1:30	NC_051862.1	150690928	True	360	120	1	2	0	1	1	0	0	0	2	0	0	2
OG0003647	NC_051862.1:30	NC_051862.1	150682672	True	1713	571	6	10	7	7	10	9	6	5	6	4	5	9
OG0003648	NC_051862.1:30	NC_051862.1	150721672	True	1959	653	2	6	6	2	7	4	3	5	8	3	4	13
OG0003649	NC_051861.1:3	NC_051861.1	15329034	True	777	259	1	4	3	0	2	2	3	2	0	2	2	2
OG0003650	NC_051861.1:3	NC_051861.1	15106931	True	2085	695	7	30	15	8	32	9	6	14	10	6	13	33
OG0003651	NC_051861.1:2	NC_051861.1	14987565	True	1314	438	1	9	5	1	8	2	1	3	5	0	3	13
OG0003652	NC_051861.1:2	NC_051861.1	14708605	False	669	223	1	0	10	0	0	1	0	10	0	1	10	0
OG0003653	NC_051861.1:2	NC_051861.1	14350062	False	1764	588	4	9	7	4	9	7	6	6	8	6	6	13
OG0003654	NC_051863.1:4	NC_051863.1	21581678	True	2526	842	3	8	23	2	8	21	12	14	6	12	13	11
OG0003655	NC_051863.1:4	NC_051863.1	21423076	False	1479	493	2	2	13	2	1	13	4	3	13	3	3	12
OG0003656	NC_051863.1:4	NC_051863.1	21634872	True	3849	1283	12	13	52	9	15	50	15	20	45	17	19	48
OG0003657	NC_051863.1:4	NC_051863.1	21415003	False	1485	495	3	3	72	1	8	50	24	39	17	27	36	19
OG0003658	NC_051863.1:4	NC_051863.1	21381053	False	1368	456	19	8	9	19	7	6	4	5	28	3	4	18
OG0003659	NC_051863.1:4	NC_051863.1	21339783	True	1806	602	8	14	1	6	15	1	4	5	9	5	3	16
OG0003660	NC_051863.1:4	NC_051863.1	21296724	False	312	104	0	0	1	1	0	1	0	0	0	0	1	0
OG0003661	NC_051863.1:4	NC_051863.1	21293012	True	2016	672	3	11	1	4	10	3	5	2	4	3	2	10
OG0003662	NC_051863.1:4	NC_051863.1	21284794	True	1848	616	4	17	4	5	17	4	4	4	6	3	4	18
OG0003663	NC_051863.1:4	NC_051863.1	21274926	False	1491	497	5	14	6	4	10	7	13	7	6	9	8	11
OG0003664	NC_051863.1:4	NC_051863.1	21240473	False	3351	1117	8	23	14	9	26	14	10	15	10	13	15	28
OG0003665	NC_051863.1:4	NC_051863.1	21228469	True	735	245	2	4	6	2	5	3	2	7	2	2	6	4
OG0003666	NC_051863.1:4	NC_051863.1	21213436	True	669	223	3	9	2	3	7	8	12	4	3	8	2	5
OG0003667	NC_051863.1:4	NC_051863.1	21007371	True	6561	2187	15	33	31	15	36	49	43	25	23	42	25	42
OG0003668	NC_051863.1:4	NC_051863.1	20891592	True	2046	682	4	11	28	7	9	23	6	9	18	3	11	23
OG0003669	NC_051863.1:4	NC_051863.1	20751018	True	3192	1064	5	12	25	4	14	29	13	10	17	12	7	23
OG0003670	NC_051863.1:4	NC_051863.1	20696863	True	2898	966	4	15	8	5	15	9	6	4	15	4	4	24
OG0003671	NC_051863.1:4	NC_051863.1	20622773	True	3063	1021	6	12	31	8	9	33	15	11	37	12	12	40
OG0003672	NC_051863.1:4	NC_051863.1	20534581	True	3951	1317	9	18	23	6	21	24	10	15	10	13	12	25
OG0003673	NC_051863.1:4	NC_051863.1	20486954	True	948	316	2	5	7	3	4	5	3	4	8	2	5	10
OG0003674	NC_051863.1:4	NC_051863.1	20452077	True	6117	2039	20	28	35	25	30	32	25	28	28	25	32	34
OG0003675	NC_051863.1:4	NC_051863.1	20423776	False	1872	624	5	10	7	6	10	5	3	5	6	5	8	12
OG0003676	NC_051863.1:4	NC_051863.1	20423005	True	2115	705	8	16	8	7	14	7	9	9	10	9	10	19
OG0003677	NC_051863.1:4	NC_051863.1	20300534	False	2118	706	4	5	5	1	6	3	2	6	1	5	4	5
OG0003678	NC_051863.1:4	NC_051863.1	20294771	True	516	172	0	1	0	1	0	1	2	0	0	1	1	0
OG0003679	NC_051863.1:4	NC_051863.1	20236381	False	651	217	5	6	7	4	11	6	3	9	7	5	5	11
OG0003681	NC_051862.1:34	NC_051862.1	173806697	False	1446	482	9	3	5	9	4	3	3	6	11	3	6	6
OG0003682	NC_051862.1:34	NC_051862.1	173824175	False	825	275	0	2	0	0	2	0	1	1	0	0	0	1
OG0003683	NC_051862.1:34	NC_051862.1	173853690	True	1521	507	6	11	7	4	11	6	0	1	7	3	2	13
OG0003684	NC_051862.1:34	NC_051862.1	173866645	False	3573	1191	8	887	9	37	19	23	889	6	12	19	34	23
OG0003685	NC_051862.1:34	NC_051862.1	173933706	False	723	241	11	4	0	9	3	0	2	1	36	2	0	28
OG0003686	NC_051862.1:34	NC_051862.1	173943784	True	768	256	2	1	3	2	3	0	0	4	2	0	3	1
OG0003687	NC_051862.1:34	NC_051862.1	173972581	True	4317	1439	7	28	24	6	28	24	13	13	17	9	8	35
OG0003688	NC_051862.1:34	NC_051862.1	174007921	True	465	155	0	0	4	0	1	5	1	1	1	1	0	1
OG0003689	NC_051862.1:34	NC_051862.1	174040264	False	654	218	1	0	3	1	0	15	15	0	2	14	1	2
OG0003690	NC_051862.1:34	NC_051862.1	174274489	False	3924	1308	10	12	44	14	11	11	11	45	11	9	46	10
OG0003691	NC_051862.1:34	NC_051862.1	174630450	False	3108	1036	16	11	8	8	12	7	9	12	9	15	9	9
OG0003692	NC_051862.1:34	NC_051862.1	174664524	False	2574	858	14	14	13	16	11	13	12	8	16	11	12	15
OG0003693	NC_051862.1:35	NC_051862.1	178067519	True	342	114	3	2	2	3	2	6	4	1	1	6	3	1
OG0003694	NC_051862.1:35	NC_051862.1	178008941	True	2577	859	12	9	6	14	13	5	2	7	13	6	9	14
OG0003695	NC_051862.1:35	NC_051862.1	178043724	True	1101	367	4	1	11	7	2	7	2	7	3	3	10	1
OG0003696	NC_051862.1:35	NC_051862.1	177990513	False	780	260	4	6	7	11	0	1	6	6	3	1	14	0
OG0003697	NC_051862.1:35	NC_051862.1	177969992	True	795	265	4	0	2	3	1	0	0	3	2	2	3	0
OG0003698	NC_051862.1:35	NC_051862.1	177780784	True	2550	850	7	4	6	5	4	7	6	5	2	9	5	3
OG0003699	NC_051862.1:35	NC_051862.1	177875262	True	306	102	2	3	0	3	0	0	3	0	3	0	1	1
OG0003700	NC_051862.1:35	NC_051862.1	177873045	True	357	119	0	1	0	0	1	0	1	1	0	0	0	0
OG0003701	NC_051862.1:35	NC_051862.1	177861884	False	348	116	0	1	2	5	0	0	1	2	0	0	7	0
OG0003702	NC_051862.1:35	NC_051862.1	177746954	True	1977	659	5	6	3	12	3	4	7	3	5	4	10	3
OG0003703	NC_051862.1:35	NC_051862.1	177738590	False	1539	513	10	6	6	16	0	0	6	6	10	0	13	0
OG0003704	NC_051862.1:35	NC_051862.1	177724060	True	708	236	5	3	5	7	2	7	5	2	8	4	4	5
OG0003705	NC_051862.1:35	NC_051862.1	177677183	False	3270	1090	8	16	10	20	5	2	13	10	13	1	21	9
OG0003706	NC_051862.1:35	NC_051862.1	177462000	False	168	56	1	1	0	2	0	0	1	0	1	0	0	0
OG0003707	NC_051862.1:35	NC_051862.1	177216484	True	471	157	0	0	1	0	0	0	0	1	0	0	1	0
OG0003708	NC_051862.1:35	NC_051862.1	177188096	True	1284	428	7	6	5	14	6	6	8	7	7	7	13	5
OG0003709	NC_051862.1:35	NC_051862.1	177196428	True	1041	347	5	4	6	11	0	1	5	6	5	2	13	1
OG0003710	NC_051862.1:35	NC_051862.1	177176380	False	1638	546	83	2	5	83	3	4	0	3	84	0	4	3
OG0003711	NC_051862.1:35	NC_051862.1	177167859	True	1788	596	10	7	6	23	5	2	6	8	11	1	19	3
OG0003712	NC_051862.1:35	NC_051862.1	177045791	True	2232	744	11	5	4	7	6	3	2	4	9	5	2	6
OG0003713	NC_051862.1:35	NC_051862.1	177031960	True	1083	361	9	2	7	10	2	5	0	2	10	1	4	5
OG0003714	NC_051862.1:35	NC_051862.1	176923112	True	891	297	3	1	1	2	1	2	1	0	1	3	1	1
OG0003715	NC_051862.1:35	NC_051862.1	176873676	True	4416	1472	40	31	19	35	31	21	24	21	38	29	20	30
OG0003716	NC_051862.1:35	NC_051862.1	176529564	False	1833	611	2	3	5	12	2	2	2	4	2	0	13	1
OG0003717	NC_051862.1:35	NC_051862.1	176515948	True	4341	1447	28	20	9	54	5	4	21	11	29	6	35	6
OG0003718	NC_051862.1:35	NC_051862.1	176492081	True	243	81	5	1	1	5	0	1	2	1	5	1	1	0
OG0003719	NC_051862.1:35	NC_051862.1	176487967	True	1071	357	15	1	5	14	1	0	1	6	14	1	5	0
OG0003720	NC_051862.1:35	NC_051862.1	176486274	True	1515	505	9	1	7	27	0	0	1	7	9	0	21	0
OG0003721	NC_051862.1:35	NC_051862.1	176466107	False	1332	444	7	2	2	26	0	0	2	2	7	0	21	0
OG0003722	NC_051862.1:35	NC_051862.1	176314334	True	786	262	5	9	8	7	8	6	1	2	10	0	4	13
OG0003723	NC_051862.1:35	NC_051862.1	178070917	True	636	212	3	3	1	3	5	1	2	4	2	2	2	2
OG0003724	NC_051862.1:36	NC_051862.1	182320734	False	1212	404	1	0	0	1	0	14	14	0	3	15	1	3
OG0003725	NC_051862.1:36	NC_051862.1	182401393	False	5679	1893	18	29	22	19	28	21	20	18	27	20	19	38
OG0003726	NC_051862.1:36	NC_051862.1	182146909	True	3765	1255	5	26	6	6	23	8	14	9	10	10	7	24
OG0003727	NC_051862.1:36	NC_051862.1	182138625	False	387	129	0	2	8	2	2	9	1	1	5	1	2	7
OG0003728	NC_051862.1:36	NC_051862.1	182136910	True	1191	397	2	3	20	2	3	20	2	2	13	2	2	14
OG0003729	NC_051862.1:36	NC_051862.1	182115708	True	972	324	2	3	4	2	4	3	1	3	4	2	3	6
OG0003730	NC_051862.1:36	NC_051862.1	182065628	True	4854	1618	20	36	18	16	40	33	25	13	30	25	6	46
OG0003731	NC_051862.1:36	NC_051862.1	182039282	False	726	242	0	149	0	0	149	0	0	0	1	0	0	150
OG0003732	NC_051861.1:4	NC_051861.1	21618977	True	1656	552	7	3	0	11	0	0	3	0	7	0	4	0
OG0003733	NC_051862.1:36	NC_051862.1	181827260	False	102	34	0	0	4	0	1	0	0	5	0	0	4	0
OG0003734	NC_051862.1:36	NC_051862.1	181646604	True	675	225	0	4	7	0	5	2	1	7	6	1	7	9
OG0003735	NC_051862.1:36	NC_051862.1	181509776	False	795	265	4	19	6	6	2	6	21	4	8	4	5	5
OG0003736	NC_051862.1:36	NC_051862.1	181440213	True	1392	464	0	2	7	0	3	7	3	5	4	2	3	5
OG0003737	NC_051862.1:36	NC_051862.1	181223208	False	531	177	1	5	0	0	4	1	2	0	0	2	0	4
OG0003738	NC_051862.1:36	NC_051862.1	181179629	False	123	41	0	0	0	0	0	0	0	0	0	0	0	0
OG0003739	NC_051862.1:36	NC_051862.1	180967013	True	3726	1242	10	12	10	10	12	12	14	12	6	14	13	9
OG0003740	NC_051862.1:36	NC_051862.1	180899528	True	2034	678	3	13	10	7	7	4	6	7	7	2	13	12
OG0003741	NC_051862.1:36	NC_051862.1	180880119	True	795	265	3	5	4	4	4	0	1	4	4	0	5	6
OG0003742	NC_051862.1:36	NC_051862.1	180875204	True	963	321	4	4	5	12	0	0	4	5	4	0	12	0
OG0003743	NC_051862.1:36	NC_051862.1	182426520	True	1293	431	7	9	10	7	9	7	2	6	10	2	5	13
OG0003744	NC_051862.1:42	NC_051862.1	210210781	False	672	224	2	156	1	6	7	11	165	1	1	11	6	7
OG0003745	NC_051862.1:42	NC_051862.1	210348690	False	1284	428	1	199	2	1	199	1	1	1	3	0	1	200
OG0003746	NC_051862.1:42	NC_051862.1	210518485	True	729	243	1	0	5	1	0	4	1	2	2	1	2	1
OG0003747	NC_051862.1:42	NC_051862.1	210528311	True	2433	811	5	4	21	4	3	27	15	7	22	13	6	20
OG0003748	NC_051862.1:42	NC_051862.1	210536151	True	381	127	0	0	3	0	2	2	0	3	1	0	1	1
OG0003749	NC_051862.1:42	NC_051862.1	210536728	True	1419	473	3	4	24	0	3	27	10	8	8	12	7	12
OG0003750	NC_051862.1:42	NC_051862.1	210571092	False	3075	1025	6	6	6	5	7	9	6	4	6	7	3	7
OG0003751	NC_051862.1:42	NC_051862.1	210605175	True	1362	454	4	6	5	3	6	4	4	4	4	3	3	7
OG0003752	NC_051862.1:42	NC_051862.1	210676956	False	2148	716	72	16	11	68	17	14	13	12	79	16	8	28
OG0003753	NC_051862.1:42	NC_051862.1	210683576	True	234	78	0	1	0	0	0	0	1	0	0	0	0	0
OG0003754	NC_051862.1:42	NC_051862.1	210687991	False	1920	640	6	9	6	4	5	7	10	5	7	7	4	6
OG0003755	NC_051862.1:42	NC_051862.1	210751901	True	10338	3446	36	29	92	29	34	88	36	46	72	40	39	71
OG0003756	NC_051862.1:42	NC_051862.1	210895155	False	1383	461	2	16	2	11	10	6	11	2	3	4	10	11
OG0003757	NC_051862.1:42	NC_051862.1	210918972	True	2535	845	2	4	9	5	5	9	5	6	6	6	9	9
OG0003758	NC_051862.1:42	NC_051862.1	210938551	False	600	200	0	0	0	0	0	0	0	0	0	0	0	0
OG0003759	NC_051862.1:42	NC_051862.1	210958870	True	546	182	1	4	0	1	5	1	1	1	0	2	1	4
OG0003760	NC_051862.1:42	NC_051862.1	210965818	False	5079	1693	26	44	23	23	39	20	24	18	28	19	19	45
OG0003761	NC_051862.1:42	NC_051862.1	210983635	True	1638	546	3	11	12	4	10	13	6	5	5	5	6	11
OG0003762	NC_051862.1:42	NC_051862.1	211010017	True	1983	661	7	12	8	11	12	11	8	6	12	8	9	17
OG0003763	NC_051862.1:42	NC_051862.1	211036393	True	891	297	5	5	2	5	4	3	3	1	5	2	1	4
OG0003764	NC_051862.1:42	NC_051862.1	211047525	True	954	318	2	3	2	2	2	5	4	0	3	3	0	4
OG0003765	NC_051862.1:42	NC_051862.1	211058598	True	765	255	3	2	3	2	1	2	1	1	2	1	1	1
OG0003766	NC_051862.1:42	NC_051862.1	211073568	True	2184	728	8	13	10	9	17	10	5	10	20	5	6	25
OG0003767	NC_051862.1:42	NC_051862.1	211080067	False	2046	682	4	7	8	4	7	10	3	1	22	3	1	25
OG0003768	NC_051862.1:42	NC_051862.1	211124949	True	420	140	0	0	2	0	0	3	1	0	3	1	0	3
OG0003769	NC_051862.1:42	NC_051862.1	211133856	True	1686	562	3	3	15	3	3	26	11	0	13	12	2	14
OG0003770	NC_051862.1:16	NC_051862.1	84231311	True	2136	712	5	19	5	7	15	5	10	6	10	5	7	20
OG0003771	NC_051862.1:16	NC_051862.1	84218624	True	1527	509	5	14	5	7	9	4	10	5	11	5	7	14
OG0003772	NC_051862.1:16	NC_051862.1	84151543	True	1350	450	3	9	2	5	8	5	5	1	4	4	3	9
OG0003773	NC_051862.1:16	NC_051862.1	84142706	False	1653	551	0	1	8	0	0	6	3	4	1	2	4	1
OG0003774	NC_051862.1:16	NC_051862.1	84074335	False	4539	1513	8	21	19	11	17	14	19	17	10	12	17	16
OG0003775	NC_051862.1:16	NC_051862.1	84060176	True	1539	513	3	3	13	2	4	12	4	7	8	5	5	9
OG0003776	NC_051862.1:16	NC_051862.1	84058460	False	1059	353	1	2	12	1	1	10	6	6	8	4	6	8
OG0003777	NC_051862.1:16	NC_051862.1	84044280	False	354	118	0	0	0	0	0	0	0	0	0	0	0	0
OG0003778	NC_051862.1:16	NC_051862.1	84037312	True	1134	378	2	2	0	2	3	1	0	1	2	0	0	2
OG0003779	NC_051862.1:16	NC_051862.1	84033385	True	3222	1074	6	26	6	6	26	1	3	8	9	2	8	27
OG0003780	NC_051862.1:16	NC_051862.1	84026522	True	1599	533	2	14	3	2	17	4	2	3	5	2	1	17
OG0003781	NC_051862.1:16	NC_051862.1	84003078	False	750	250	0	8	1	2	5	1	3	0	0	0	2	5
OG0003782	NC_051862.1:16	NC_051862.1	83574161	True	363	121	1	1	0	1	2	0	0	1	1	0	0	1
OG0003783	NC_051862.1:16	NC_051862.1	83563569	True	1701	567	5	7	10	8	7	11	5	4	8	6	7	10
OG0003784	NC_051862.1:16	NC_051862.1	83494268	False	597	199	2	19	6	0	17	3	2	3	3	2	4	20
OG0003785	NC_051862.1:16	NC_051862.1	83473141	True	2430	810	5	12	5	3	13	3	4	6	2	6	7	12
OG0003786	NC_051862.1:16	NC_051862.1	83434642	False	1761	587	9	14	11	9	11	11	10	8	9	10	12	13
OG0003787	NC_051862.1:16	NC_051862.1	83425020	True	690	230	1	4	4	1	3	1	1	4	1	1	4	3
OG0003788	NC_051862.1:16	NC_051862.1	83395491	False	1446	482	11	16	5	7	14	4	8	8	8	9	6	13
OG0003789	NC_051862.1:16	NC_051862.1	82666820	True	1920	640	1	2	15	1	2	14	0	1	11	0	1	12
OG0003790	NC_051863.1:21	NC_051863.1	108901643	False	1347	449	58	2	9	2	9	9	1	8	5	58	2	6
OG0003791	NC_051863.1:21	NC_051863.1	108933184	True	4740	1580	6	2	41	6	2	39	7	9	25	8	10	22
OG0003792	NC_051863.1:21	NC_051863.1	108953347	True	1164	388	1	0	13	1	0	16	3	0	16	3	0	15
OG0003793	NC_051863.1:21	NC_051863.1	108959421	True	885	295	0	0	7	0	0	8	1	0	2	1	0	2
OG0003794	NC_051863.1:21	NC_051863.1	109061152	True	3606	1202	2	4	53	2	4	55	14	12	23	14	12	25
OG0003795	NC_051863.1:21	NC_051863.1	109128388	True	366	122	0	0	5	0	0	3	0	2	1	0	2	1
OG0003796	NC_051863.1:21	NC_051863.1	109137753	False	1491	497	0	0	16	0	0	19	3	0	4	3	0	4
OG0003797	NC_051863.1:21	NC_051863.1	109179584	False	3189	1063	13	10	15	27	1	32	38	9	14	28	23	1
OG0003798	NC_051863.1:21	NC_051863.1	109199875	False	2034	678	20	5	8	34	2	0	4	9	19	1	23	1
OG0003799	NC_051863.1:21	NC_051863.1	109246252	False	4980	1660	4	5	48	4	5	51	7	7	21	8	8	22
OG0003800	NC_051863.1:21	NC_051863.1	109399715	True	564	188	2	3	4	2	3	4	1	1	4	1	1	5
OG0003801	NC_051863.1:21	NC_051863.1	109573074	True	1851	617	3	8	10	1	7	14	7	2	8	8	2	14
OG0003802	NC_051863.1:21	NC_051863.1	109592378	False	1260	420	0	1	4	0	1	4	2	2	4	2	2	5
OG0003803	NC_051863.1:21	NC_051863.1	109718068	True	4407	1469	4	14	14	2	14	12	3	4	17	4	4	29
OG0003804	NC_051863.1:21	NC_051863.1	109747343	True	1644	548	0	3	1	0	4	2	2	2	2	1	0	4
OG0003805	NC_051863.1:21	NC_051863.1	109781337	True	444	148	0	0	1	0	0	1	0	0	0	0	0	0
OG0003806	NC_051863.1:21	NC_051863.1	109791537	True	834	278	1	1	7	1	0	7	1	0	3	0	0	2
OG0003807	NC_051863.1:21	NC_051863.1	109792871	True	1368	456	1	2	17	1	2	18	5	5	10	4	4	10
OG0003808	NC_051863.1:21	NC_051863.1	109813649	True	2280	760	0	1	17	0	1	15	0	2	13	0	2	14
OG0003809	NC_051863.1:21	NC_051863.1	109834374	True	1170	390	0	0	12	0	0	12	0	0	7	0	0	7
OG0003810	NC_051863.1:21	NC_051863.1	109853615	True	471	157	0	0	7	0	0	7	0	0	6	0	0	6
OG0003811	NC_051863.1:21	NC_051863.1	109872728	True	2406	802	2	1	27	2	3	27	6	8	17	6	6	16
OG0003812	NC_051863.1:28	NC_051863.1	141490882	False	855	285	11	0	0	10	1	1	1	1	9	3	1	0
OG0003813	NC_051863.1:28	NC_051863.1	141293434	True	651	217	0	1	2	1	0	0	1	2	0	0	3	0
OG0003814	NC_051863.1:28	NC_051863.1	141288763	False	870	290	1	3	5	7	0	0	3	5	1	0	11	0
OG0003815	NC_051863.1:28	NC_051863.1	141245101	True	2604	868	16	11	4	25	4	3	9	3	15	4	13	5
OG0003816	NC_051863.1:28	NC_051863.1	141232461	True	1590	530	13	5	5	7	11	10	9	10	9	14	3	6
OG0003817	NC_051863.1:28	NC_051863.1	141212067	True	1620	540	11	3	3	18	3	3	3	3	12	2	8	3
OG0003818	NC_051863.1:28	NC_051863.1	141188825	True	447	149	4	1	0	2	1	0	0	0	2	2	0	1
OG0003819	NC_051863.1:28	NC_051863.1	141166610	True	669	223	1	2	1	1	0	0	2	1	2	0	1	1
OG0003820	NC_051863.1:28	NC_051863.1	141141572	True	834	278	3	2	3	5	4	2	2	4	7	1	4	5
OG0003821	NC_051863.1:28	NC_051863.1	141134763	False	972	324	7	3	2	8	3	2	1	1	5	3	4	3
OG0003822	NC_051863.1:28	NC_051863.1	141059442	True	2328	776	6	12	9	29	0	0	12	9	6	0	31	0
OG0003823	NC_051863.1:28	NC_051863.1	140799722	True	3393	1131	7	8	4	20	5	2	6	4	8	0	15	3
OG0003824	NC_051863.1:28	NC_051863.1	140781316	True	1812	604	4	2	4	8	1	1	2	4	3	2	8	1
OG0003825	NC_051863.1:28	NC_051863.1	140762366	True	1065	355	1	2	2	10	1	0	2	3	1	0	11	0
OG0003826	NC_051863.1:28	NC_051863.1	140752629	True	720	240	5	1	9	10	0	6	2	5	5	2	10	0
OG0003827	NC_051863.1:28	NC_051863.1	140710156	False	1227	409	4	4	4	4	5	5	5	4	2	5	5	3
OG0003828	NC_051863.1:28	NC_051863.1	140678035	True	1929	643	6	2	0	8	1	1	3	1	6	1	2	0
OG0003829	NC_051863.1:28	NC_051863.1	140542780	False	642	214	0	0	0	0	0	0	0	0	0	0	0	0
OG0003830	NC_051863.1:28	NC_051863.1	140530864	True	11175	3725	73	29	42	62	31	45	40	37	78	52	37	48
OG0003831	NC_051863.1:28	NC_051863.1	140520514	True	630	210	0	3	1	7	3	0	1	2	0	0	7	2
OG0003832	NC_051863.1:28	NC_051863.1	140519646	False	264	88	1	0	1	0	0	1	1	1	0	2	1	0
OG0003833	NC_051863.1:28	NC_051863.1	140503924	False	2298	766	16	16	9	27	13	9	16	14	16	14	25	13
OG0003834	NC_051863.1:28	NC_051863.1	140467102	True	3207	1069	12	10	6	38	0	0	10	6	12	0	32	0
OG0003835	NC_051863.1:28	NC_051863.1	140446710	True	2052	684	10	11	9	28	1	2	13	10	10	2	29	0
OG0003836	NC_051863.1:28	NC_051863.1	140435036	True	1170	390	0	0	1	5	0	2	2	1	0	2	6	0
OG0003837	NC_051863.1:28	NC_051863.1	140397866	True	1287	429	0	3	0	8	0	0	3	0	0	0	8	0
OG0003838	NC_051863.1:28	NC_051863.1	140391297	True	1842	614	5	4	1	2	5	3	3	2	2	6	1	4
OG0003839	NC_051863.1:28	NC_051863.1	140386396	True	1194	398	7	2	0	5	2	5	6	1	3	8	2	1
OG0003840	NC_051863.1:28	NC_051863.1	140233958	False	1674	558	5	5	5	6	2	5	7	4	6	4	5	3
OG0003841	NC_051863.1:28	NC_051863.1	140202884	False	360	120	1	4	1	5	3	2	2	0	1	2	5	4
OG0003842	NC_051862.1:44	NC_051862.1	222791783	True	624	208	0	0	8	0	0	6	0	2	7	0	2	7
OG0003843	NC_051862.1:44	NC_051862.1	222953363	True	723	241	5	11	4	4	11	5	3	1	11	4	2	17
OG0003844	NC_051862.1:44	NC_051862.1	222955631	True	3807	1269	7	10	7	6	10	11	11	6	8	11	6	11
OG0003845	NC_051862.1:44	NC_051862.1	222673139	False	1023	341	1	15	21	1	14	17	7	10	2	5	9	15
OG0003846	NC_051862.1:44	NC_051862.1	223062938	True	384	128	0	1	0	0	1	0	0	0	0	0	0	1
OG0003848	NC_051862.1:44	NC_051862.1	223076540	True	3858	1286	8	13	10	9	10	7	12	11	9	9	13	12
OG0003849	NC_051862.1:44	NC_051862.1	223083780	True	945	315	3	5	5	3	4	6	3	1	4	4	3	7
OG0003850	NC_051862.1:44	NC_051862.1	223263092	True	4764	1588	17	24	26	21	25	29	24	23	22	21	23	26
OG0003851	NC_051862.1:44	NC_051862.1	223280136	True	831	277	4	5	2	3	4	3	1	0	6	4	2	9
OG0003852	NC_051862.1:44	NC_051862.1	223281155	True	1650	550	0	2	2	1	3	3	0	1	3	0	0	4
OG0003853	NC_051862.1:44	NC_051862.1	223289674	True	2751	917	5	12	3	5	12	8	8	3	9	9	4	18
OG0003854	NC_051862.1:44	NC_051862.1	223294218	True	468	156	0	3	1	1	0	1	3	0	1	0	1	1
OG0003855	NC_051862.1:44	NC_051862.1	223298525	True	303	101	0	1	2	0	1	2	0	0	0	0	0	1
OG0003856	NC_051862.1:44	NC_051862.1	223299180	True	1038	346	0	2	14	0	2	15	3	1	24	3	1	26
OG0003857	NC_051862.1:44	NC_051862.1	223306147	True	1188	396	1	2	12	1	1	11	0	1	9	0	1	9
OG0003858	NC_051862.1:44	NC_051862.1	223322241	True	1074	358	1	2	4	3	2	9	6	2	5	5	3	5
OG0003859	NC_051862.1:44	NC_051862.1	223387474	True	1725	575	3	8	9	2	6	8	5	4	3	4	4	7
OG0003860	NC_051862.1:44	NC_051862.1	223401998	True	1449	483	0	2	6	0	2	8	3	1	4	3	1	6
OG0003861	NC_051862.1:44	NC_051862.1	223420060	True	864	288	3	1	2	3	3	0	0	3	5	0	2	3
OG0003862	NC_051862.1:44	NC_051862.1	223712079	True	609	203	0	2	2	1	2	1	2	3	0	1	3	1
OG0003863	NC_051862.1:44	NC_051862.1	223717067	False	1599	533	1	6	6	4	5	4	6	6	5	2	7	7
OG0003864	NC_051862.1:44	NC_051862.1	223719970	False	1008	336	4	4	5	4	3	7	3	0	4	3	1	4
OG0003865	NC_051862.1:44	NC_051862.1	223721576	True	828	276	3	1	7	2	1	4	1	4	2	3	5	2
OG0003866	NC_051862.1:44	NC_051862.1	223727750	True	570	190	0	0	1	0	0	0	0	1	0	0	1	0
OG0003867	NC_051862.1:44	NC_051862.1	223731282	True	492	164	0	1	2	1	0	3	1	0	2	0	1	2
OG0003868	NC_051862.1:44	NC_051862.1	223752328	True	987	329	0	0	3	0	0	3	0	0	2	0	0	2
OG0003869	NC_051862.1:44	NC_051862.1	223757245	False	6321	2107	31	26	29	24	617	105	105	618	16	117	31	20
OG0003870	NC_051862.1:44	NC_051862.1	223816830	True	1197	399	2	5	4	3	5	4	4	5	2	3	4	4
OG0003871	NC_051862.1:44	NC_051862.1	223845244	False	843	281	5	7	3	3	7	1	2	5	5	3	3	7
OG0003872	NC_051862.1:44	NC_051862.1	223846137	True	696	232	3	8	5	2	8	5	5	5	4	6	5	10
OG0003873	NC_051862.1:44	NC_051862.1	223905733	False	2706	902	9	421	8	9	419	11	15	9	16	6	4	418
OG0003874	NC_051862.1:44	NC_051862.1	223933343	True	2799	933	1	8	8	4	6	6	6	6	4	3	8	8
OG0003875	NC_051862.1:44	NC_051862.1	223950097	True	1437	479	5	12	5	7	10	5	6	4	12	3	6	16
OG0003876	NC_051862.1:44	NC_051862.1	223983234	True	2910	970	5	17	14	7	16	9	6	11	6	4	10	14
OG0003877	NC_051862.1:44	NC_051862.1	224097858	True	1254	418	0	0	3	0	0	3	0	0	2	0	0	2
OG0003878	NC_051861.1:8	NC_051861.1	44856205	False	1227	409	6	10	3	3	9	11	12	5	2	14	3	6
OG0003879	NC_051861.1:8	NC_051861.1	44851655	False	363	121	2	0	4	2	1	2	0	3	3	0	2	1
OG0003880	NC_051861.1:8	NC_051861.1	44784318	False	1284	428	0	6	4	0	4	2	4	4	1	1	3	4
OG0003881	NC_051861.1:8	NC_051861.1	44775491	True	816	272	3	8	3	3	7	4	1	0	12	1	0	16
OG0003882	NC_051861.1:8	NC_051861.1	44771005	True	741	247	3	0	2	3	0	2	0	0	11	0	0	8
OG0003883	NC_051861.1:8	NC_051861.1	44696464	False	0	0	0	0	0	0	0	0	0	0	0	0	0	0
OG0003884	NC_051861.1:8	NC_051861.1	44058106	True	2304	768	6	10	6	7	12	3	1	6	8	2	6	13
OG0003885	NC_051861.1:8	NC_051861.1	44031894	False	234	78	0	125	0	1	42	1	84	0	0	1	1	42
OG0003886	NC_051861.1:8	NC_051861.1	44006911	True	1581	527	5	4	2	4	5	3	2	2	3	5	3	5
OG0003887	NC_051861.1:8	NC_051861.1	43971857	True	414	138	0	3	0	0	2	1	2	0	0	1	0	2
OG0003888	NC_051861.1:8	NC_051861.1	43947254	True	3168	1056	14	14	5	13	11	8	13	7	14	11	7	11
OG0003889	NC_051861.1:8	NC_051861.1	43895232	True	4137	1379	11	35	9	13	31	13	16	8	21	12	9	38
OG0003890	NC_051861.1:8	NC_051861.1	43881190	True	1287	429	3	5	2	1	6	1	1	3	2	3	2	7
OG0003891	NC_051861.1:8	NC_051861.1	43873128	True	843	281	0	8	0	0	7	1	3	1	0	1	0	6
OG0003892	NC_051861.1:8	NC_051861.1	43785740	True	1656	552	1	16	2	1	17	2	0	1	6	0	0	22
OG0003893	NC_051861.1:8	NC_051861.1	43773047	True	1494	498	1	13	6	4	13	6	4	3	3	2	5	13
OG0003894	NC_051861.1:8	NC_051861.1	43751566	True	1845	615	3	13	3	4	11	3	5	3	5	4	5	14
OG0003895	NC_051861.1:8	NC_051861.1	43743685	False	621	207	2	3	1	2	2	1	2	1	3	1	1	3
OG0003896	NC_051861.1:8	NC_051861.1	43737439	True	1770	590	1	12	4	2	13	3	1	3	2	1	3	13
OG0003897	NC_051861.1:8	NC_051861.1	43647880	True	2595	865	7	24	5	7	23	6	4	3	10	3	1	25
OG0003898	NC_051861.1:8	NC_051861.1	43646292	True	876	292	3	10	2	3	10	2	0	0	6	0	0	13
OG0003899	NC_051861.1:8	NC_051861.1	43518248	False	2616	872	6	10	38	5	17	4	2	43	13	4	37	19
OG0003900	NC_051861.1:8	NC_051861.1	43511382	True	1257	419	1	21	2	1	21	2	0	0	9	0	0	30
OG0003901	NC_051861.1:8	NC_051861.1	43409457	False	5283	1761	95	257	29	114	12	28	251	5	116	8	28	47
OG0003902	NC_051861.1:8	NC_051861.1	43400961	True	3558	1186	15	55	15	17	55	13	16	18	24	14	18	62
OG0003903	NC_051861.1:8	NC_051861.1	43353867	True	1011	337	10	17	1	6	16	5	6	0	11	8	0	21
OG0003904	NC_051861.1:8	NC_051861.1	43326666	True	303	101	0	1	1	0	0	2	2	0	0	1	0	0
OG0003905	NC_051862.1:26	NC_051862.1	133879583	False	960	320	3	1	2	2	0	2	1	1	1	3	2	0
OG0003906	NC_051862.1:26	NC_051862.1	133986374	False	1119	373	1	0	1	0	0	0	0	2	3	1	1	3
OG0003907	NC_051862.1:26	NC_051862.1	133671583	False	2913	971	6	8	82	10	2	13	13	76	9	12	76	8
OG0003908	NC_051862.1:26	NC_051862.1	134643683	False	438	146	0	0	12	1	0	0	0	11	0	0	12	0
OG0003909	NC_051862.1:26	NC_051862.1	134791778	True	855	285	4	2	5	5	2	1	2	6	5	2	7	3
OG0003910	NC_051862.1:26	NC_051862.1	134812602	False	1629	543	5	0	2	3	0	1	1	2	2	4	3	0
OG0003911	NC_051862.1:19	NC_051862.1	98358796	False	381	127	0	1	1	0	1	1	0	0	2	0	0	3
OG0003912	NC_051862.1:19	NC_051862.1	98277519	False	684	228	0	82	3	0	83	1	0	3	1	0	2	83
OG0003913	NC_051862.1:19	NC_051862.1	98331914	True	7104	2368	2	10	48	1	10	52	8	6	38	9	5	47
OG0003914	NC_051862.1:19	NC_051862.1	98464946	True	1170	390	1	0	12	1	0	11	0	1	11	0	1	10
OG0003915	NC_051862.1:19	NC_051862.1	98477441	True	1530	510	0	1	10	0	1	8	0	2	11	0	3	12
OG0003916	NC_051862.1:19	NC_051862.1	98478660	True	750	250	1	0	5	1	0	4	1	2	8	1	2	7
OG0003917	NC_051862.1:19	NC_051862.1	98545142	True	762	254	0	1	5	0	1	5	0	0	10	0	0	11
OG0003918	NC_051862.1:19	NC_051862.1	98666404	True	1056	352	0	11	3	1	9	4	4	1	0	2	2	9
OG0003919	NC_051862.1:19	NC_051862.1	98679479	True	867	289	3	5	2	1	8	2	0	3	4	2	0	8
OG0003920	NC_051862.1:19	NC_051862.1	98697668	True	3363	1121	10	27	13	11	28	7	3	10	23	1	8	36
OG0003921	NC_051862.1:19	NC_051862.1	98716257	True	1128	376	2	3	5	2	3	6	2	1	12	2	1	14
OG0003922	NC_051862.1:19	NC_051862.1	98727904	True	2745	915	3	19	16	3	19	17	6	6	17	4	3	31
OG0003923	NC_051862.1:19	NC_051862.1	98925512	False	588	196	0	0	0	0	0	0	0	0	0	0	0	0
OG0003924	NC_051863.1:15	NC_051863.1	77242873	True	636	212	0	6	0	0	6	4	5	1	0	4	0	5
OG0003925	NC_051863.1:15	NC_051863.1	77173549	True	2793	931	5	35	3	4	27	10	18	2	5	11	3	29
OG0003926	NC_051863.1:15	NC_051863.1	77131911	True	3546	1182	5	9	5	7	10	7	3	2	14	2	2	17
OG0003927	NC_051863.1:15	NC_051863.1	76962649	True	1827	609	2	8	12	2	8	11	0	1	27	0	1	35
OG0003928	NC_051863.1:15	NC_051863.1	76948890	True	1023	341	1	3	1	1	6	1	0	3	1	0	0	3
OG0003929	NC_051863.1:15	NC_051863.1	76880927	True	2823	941	2	24	2	6	20	5	10	4	7	6	7	23
OG0003930	NC_051863.1:15	NC_051863.1	76787998	True	1479	493	6	10	15	2	13	11	5	12	3	8	8	10
OG0003931	NC_051863.1:15	NC_051863.1	76763858	True	1293	431	1	6	3	1	7	5	4	3	2	4	2	7
OG0003932	NC_051863.1:15	NC_051863.1	76747122	True	2613	871	2	14	9	2	13	9	3	2	10	3	3	22
OG0003933	NC_051863.1:15	NC_051863.1	76745422	True	423	141	0	5	1	1	3	1	3	1	0	1	2	3
OG0003934	NC_051863.1:15	NC_051863.1	76656023	True	807	269	0	6	3	0	2	3	4	0	4	0	0	6
OG0003935	NC_051863.1:15	NC_051863.1	76622916	False	1485	495	6	7	3	4	7	2	3	4	3	3	2	4
OG0003936	NC_051863.1:15	NC_051863.1	76584474	True	1215	405	3	7	5	4	10	2	0	6	3	0	4	7
OG0003937	NC_051863.1:15	NC_051863.1	76580215	True	396	132	1	2	0	0	3	0	0	1	0	1	0	2
OG0003938	NC_051863.1:15	NC_051863.1	76579735	True	321	107	0	2	0	0	2	0	0	0	2	0	0	4
OG0003939	NC_051861.1:2	NC_051861.1	11458355	False	1041	347	4	0	13	4	0	10	1	3	9	2	4	7
OG0003940	NC_051861.1:2	NC_051861.1	11293733	False	1578	526	7	3	48	7	3	2	2	46	4	3	49	1
OG0003941	NC_051861.1:2	NC_051861.1	11284307	True	1773	591	1	1	31	1	1	28	4	7	16	4	7	16
OG0003942	NC_051861.1:2	NC_051861.1	11277004	False	1155	385	0	2	16	0	2	21	4	0	11	4	0	13
OG0003943	NC_051861.1:2	NC_051861.1	11209686	True	1452	484	4	6	2	4	8	2	2	4	9	2	2	10
OG0003944	NC_051861.1:2	NC_051861.1	11164457	True	453	151	1	4	1	1	2	2	3	0	1	1	0	2
OG0003945	NC_051861.1:2	NC_051861.1	11144591	False	438	146	1	1	3	0	0	7	6	0	1	4	0	1
OG0003946	NC_051861.1:2	NC_051861.1	11137673	True	456	152	0	0	14	0	0	14	0	0	7	0	0	7
OG0003947	NC_051861.1:2	NC_051861.1	11048012	True	348	116	1	4	1	1	3	4	5	1	2	4	1	4
OG0003948	NC_051861.1:2	NC_051861.1	11029331	True	924	308	6	6	8	3	8	4	2	8	4	5	6	7
OG0003949	NC_051861.1:2	NC_051861.1	11013719	True	849	283	3	6	2	3	11	2	2	7	1	4	4	6
OG0003950	NC_051861.1:2	NC_051861.1	10968110	False	3510	1170	8	21	6	7	23	1	2	10	10	1	5	22
OG0003951	NC_051861.1:2	NC_051861.1	10947754	True	5598	1866	7	35	21	9	32	21	12	8	15	6	8	36
OG0003952	NC_051861.1:2	NC_051861.1	10881646	False	2808	936	3	1	132	3	2	64	9	105	20	8	102	17
OG0003953	NC_051863.1:16	NC_051863.1	82691153	True	1950	650	2	5	3	2	6	2	1	3	6	1	2	9
OG0003954	NC_051863.1:16	NC_051863.1	82683852	True	675	225	0	5	0	0	4	0	1	0	1	0	0	5
OG0003955	NC_051863.1:16	NC_051863.1	82724333	True	2409	803	0	2	15	0	2	15	1	1	4	1	1	6
OG0003956	NC_051863.1:16	NC_051863.1	82767381	True	2067	689	0	1	12	1	1	10	2	4	8	2	5	9
OG0003957	NC_051863.1:16	NC_051863.1	82778764	False	1794	598	1	416	10	1	413	10	3	0	11	0	0	429
OG0003958	NC_051863.1:16	NC_051863.1	82789763	True	1467	489	0	0	17	0	0	16	0	1	5	0	1	5
OG0003959	NC_051863.1:16	NC_051863.1	82816272	True	456	152	0	0	5	0	0	5	0	0	2	0	0	2
OG0003960	NC_051863.1:16	NC_051863.1	82831396	True	1332	444	0	0	12	0	0	13	1	0	13	1	0	13
OG0003961	NC_051863.1:16	NC_051863.1	82836476	True	1908	636	0	0	19	0	0	17	1	3	6	1	3	6
OG0003962	NC_051863.1:16	NC_051863.1	82876722	True	1575	525	0	0	14	0	0	15	1	0	9	1	0	9
OG0003963	NC_051863.1:16	NC_051863.1	82880283	True	2814	938	0	0	16	0	0	17	2	1	12	2	1	12
OG0003964	NC_051863.1:16	NC_051863.1	82885714	False	213	71	0	0	0	0	0	0	0	0	0	0	0	0
OG0003965	NC_051863.1:16	NC_051863.1	82951179	True	1185	395	0	0	8	0	0	9	1	0	9	1	0	9
OG0003966	NC_051863.1:16	NC_051863.1	82981473	True	570	190	0	0	4	0	0	4	0	0	5	0	0	5
OG0003967	NC_051863.1:16	NC_051863.1	82986471	False	1785	595	1	3	10	2	1	61	58	2	3	56	4	4
OG0003968	NC_051863.1:16	NC_051863.1	83039439	True	1179	393	0	2	7	1	1	6	3	3	2	2	4	3
OG0003969	NC_051863.1:16	NC_051863.1	83116994	True	2022	674	0	5	12	1	4	14	5	1	6	4	2	10
OG0003970	NC_051863.1:16	NC_051863.1	83137778	False	4800	1600	1	2315	1	1	2321	1	2	8	18	0	0	2344
OG0003971	NC_051863.1:16	NC_051863.1	83278989	True	507	169	0	4	6	0	4	6	0	0	7	0	0	11
OG0003972	NC_051863.1:16	NC_051863.1	83279767	False	420	140	0	1	2	0	1	2	0	0	2	0	0	3
OG0003973	NC_051863.1:16	NC_051863.1	83292931	False	2289	763	0	0	13	0	0	12	0	1	4	0	1	4
OG0003974	NC_051863.1:16	NC_051863.1	83376971	True	3165	1055	0	2	18	0	2	18	1	2	11	1	2	13
OG0003975	NC_051863.1:16	NC_051863.1	83467119	True	1491	497	0	0	1	0	0	1	0	0	2	0	0	2
OG0003976	NC_051863.1:16	NC_051863.1	83654769	False	1020	340	1	143	8	1	146	8	0	0	2	0	0	144
OG0003977	NC_051863.1:16	NC_051863.1	83660007	True	1773	591	2	4	7	2	4	7	0	0	9	0	0	11
OG0003978	NC_051863.1:16	NC_051863.1	83906333	False	4194	1398	30	37	3	0	346	0	0	290	1	30	3	38
OG0003979	NC_051863.1:16	NC_051863.1	83937593	False	21	7	0	0	1	0	0	1	0	0	10	0	0	10
OG0003980	NC_051863.1:16	NC_051863.1	82682942	True	657	219	1	5	0	1	5	1	1	0	1	1	0	5
OG0003981	NC_051863.1:38	NC_051863.1	190309528	True	2859	953	1	4	43	1	4	42	7	9	7	8	10	11
OG0003982	NC_051863.1:38	NC_051863.1	190288700	True	1164	388	1	1	10	1	1	8	1	3	3	1	3	3
OG0003983	NC_051863.1:38	NC_051863.1	190208947	True	1632	544	3	3	16	2	2	19	8	5	9	9	5	10
OG0003984	NC_051863.1:38	NC_051863.1	190101988	False	1629	543	4	3	14	4	3	11	3	6	9	5	7	8
OG0003985	NC_051863.1:38	NC_051863.1	190092876	True	2943	981	5	15	17	7	15	13	3	7	14	2	7	21
OG0003986	NC_051863.1:38	NC_051863.1	190010418	False	1611	537	0	3	3	0	2	1	4	3	0	1	3	1
OG0003987	NC_051863.1:37	NC_051863.1	189983578	True	2604	868	3	3	20	2	2	21	9	7	15	8	7	15
OG0003988	NC_051863.1:37	NC_051863.1	189700874	True	693	231	1	2	8	1	2	6	0	1	7	0	1	8
OG0003989	NC_051863.1:37	NC_051863.1	189428555	False	213	71	0	0	1	0	0	0	0	1	0	0	1	0
OG0003990	NC_051863.1:37	NC_051863.1	189420314	True	396	132	0	2	0	0	1	0	1	0	1	0	0	2
OG0003991	NC_051863.1:37	NC_051863.1	189214746	True	1083	361	1	7	2	3	4	4	6	1	2	4	4	6
OG0003992	NC_051863.1:37	NC_051863.1	189358725	True	504	168	0	7	1	0	7	3	3	1	0	3	1	7
OG0003993	NC_051863.1:37	NC_051863.1	189352819	True	465	155	0	2	1	0	2	0	0	1	0	0	1	2
OG0003994	NC_051862.1:24	NC_051862.1	121140496	True	1269	423	0	0	10	0	0	8	2	3	2	2	3	2
OG0003995	NC_051862.1:24	NC_051862.1	121142257	True	783	261	0	1	13	0	1	14	1	0	5	1	0	6
OG0003996	NC_051862.1:24	NC_051862.1	121013472	False	1359	453	0	0	30	0	1	40	19	9	16	19	8	16
OG0003997	NC_051862.1:24	NC_051862.1	121034370	False	1449	483	0	0	14	0	0	14	0	0	910	0	0	911
OG0003998	NC_051862.1:24	NC_051862.1	121023132	True	270	90	0	0	3	0	0	3	0	0	1	0	0	1
OG0003999	NC_051862.1:24	NC_051862.1	121146272	True	2334	778	2	0	15	2	0	15	1	1	9	1	1	7
OG0004000	NC_051862.1:24	NC_051862.1	121168642	True	1392	464	1	0	14	1	0	16	3	1	10	3	1	10
OG0004001	NC_051862.1:24	NC_051862.1	121185716	True	3129	1043	4	2	31	4	1	30	6	7	23	6	7	20
OG0004002	NC_051862.1:24	NC_051862.1	121218257	False	3954	1318	7	3	52	8	2	50	8	9	39	7	10	34
OG0004003	NC_051862.1:24	NC_051862.1	121329918	True	2886	962	7	25	3	5	29	6	5	6	14	8	3	35
OG0004004	NC_051862.1:24	NC_051862.1	121356661	True	1170	390	5	14	3	5	14	2	3	4	8	3	4	17
OG0004005	NC_051862.1:24	NC_051862.1	121358148	False	1398	466	1	14	4	2	15	5	7	7	6	4	4	16
OG0004006	NC_051862.1:24	NC_051862.1	121371651	True	15777	5259	13	104	13	12	100	21	28	16	14	20	11	97
OG0004007	NC_051862.1:24	NC_051862.1	121503138	True	702	234	1	2	1	1	2	2	2	1	2	2	1	3
OG0004008	NC_051862.1:24	NC_051862.1	121514054	True	1212	404	0	14	1	0	13	3	3	0	2	2	0	15
OG0004009	NC_051862.1:24	NC_051862.1	121676403	True	1038	346	2	0	17	1	0	16	1	2	13	2	2	12
OG0004010	NC_051862.1:24	NC_051862.1	121837796	True	801	267	1	0	6	1	0	8	1	0	5	1	0	4
OG0004011	NC_051862.1:24	NC_051862.1	121915906	True	4488	1496	6	7	69	4	7	61	7	15	43	8	14	45
OG0004012	NC_051862.1:24	NC_051862.1	122029608	False	1098	366	0	1	7	0	1	5	0	2	2	0	2	3
OG0004013	NC_051862.1:24	NC_051862.1	122121496	True	561	187	1	0	8	1	0	8	0	0	5	0	0	4
OG0004014	NC_051862.1:24	NC_051862.1	122128937	True	1233	411	3	2	27	2	4	27	4	6	20	5	4	20
OG0004015	NC_051862.1:24	NC_051862.1	122130397	False	984	328	0	2	7	0	2	10	3	0	1	3	0	3
OG0004016	NC_051862.1:24	NC_051862.1	122136019	True	1680	560	5	7	2	5	7	2	0	0	13	0	0	15
OG0004017	NC_051862.1:24	NC_051862.1	122250285	True	909	303	2	8	4	1	9	6	3	3	1	3	0	6
OG0004018	NC_051862.1:24	NC_051862.1	122267715	True	2016	672	2	12	6	3	10	6	5	3	5	3	4	13
OG0004019	NC_051862.1:24	NC_051862.1	122283250	True	342	114	0	4	1	0	2	2	4	1	0	2	1	2
OG0004020	NC_051862.1:6	NC_051862.1	34159291	True	390	130	0	4	2	0	4	1	1	2	0	1	2	4
OG0004021	NC_051862.1:6	NC_051862.1	34144183	True	1389	463	0	6	1	0	5	1	1	1	2	0	0	7
OG0004022	NC_051862.1:6	NC_051862.1	34158077	True	813	271	4	1	0	2	2	3	3	1	5	5	0	3
OG0004023	NC_051862.1:6	NC_051862.1	34177310	False	2052	684	2	4	4	4	5	6	4	2	4	4	3	6
OG0004024	NC_051862.1:6	NC_051862.1	34258389	True	1242	414	1	3	1	1	3	2	1	0	2	1	0	4
OG0004025	NC_051862.1:6	NC_051862.1	34526102	True	2901	967	2	6	13	2	8	11	4	8	15	4	6	19
OG0004026	NC_051862.1:6	NC_051862.1	34601726	True	1761	587	8	16	10	4	13	9	9	7	12	8	5	19
OG0004027	NC_051862.1:6	NC_051862.1	34656506	False	0	0	0	0	0	0	0	0	0	0	0	0	0	0
OG0004028	NC_051862.1:6	NC_051862.1	34661670	True	270	90	0	1	4	0	1	3	1	2	0	1	2	1
OG0004029	NC_051862.1:6	NC_051862.1	34662333	False	726	242	2	3	11	1	3	9	2	4	5	3	4	6
OG0004030	NC_051862.1:6	NC_051862.1	34668417	True	1287	429	2	4	10	1	4	6	3	7	1	4	7	4
OG0004031	NC_051862.1:6	NC_051862.1	34674081	True	3318	1106	5	15	27	5	15	22	11	15	19	10	15	29
OG0004032	NC_051862.1:6	NC_051862.1	34758462	True	2661	887	2	3	32	2	3	30	2	3	33	2	3	34
OG0004033	NC_051862.1:6	NC_051862.1	34766092	True	753	251	1	1	3	1	1	4	2	1	7	2	1	7
OG0004034	NC_051862.1:6	NC_051862.1	34801837	True	2658	886	0	5	23	0	4	28	12	5	9	11	5	13
OG0004035	NC_051862.1:6	NC_051862.1	34825197	False	1158	386	2	1	29	1	0	31	8	5	13	8	5	12
OG0004036	NC_051862.1:6	NC_051862.1	34833062	True	447	149	1	0	8	1	0	7	0	1	1	0	1	0
OG0004037	NC_051862.1:6	NC_051862.1	34838256	True	339	113	0	0	1	0	0	2	1	0	1	1	0	1
OG0004038	NC_051862.1:6	NC_051862.1	34860000	True	2169	723	0	4	23	0	3	19	4	8	23	4	8	27
OG0004039	NC_051862.1:6	NC_051862.1	34870383	True	1308	436	4	5	13	3	5	12	3	4	14	5	5	17
OG0004040	NC_051862.1:6	NC_051862.1	34919474	True	318	106	1	0	2	1	0	0	0	1	5	0	1	4
OG0004041	NC_051862.1:7	NC_051862.1	35121378	False	1698	566	195	1	12	0	3	10	0	4	458	195	2	460
OG0004042	NC_051862.1:17	NC_051862.1	88825036	False	0	0	0	0	0	0	0	0	0	0	0	0	0	0
OG0004043	NC_051862.1:17	NC_051862.1	88835817	True	984	328	1	3	9	0	2	9	5	4	5	5	4	7
OG0004044	NC_051862.1:17	NC_051862.1	88984517	True	1266	422	13	2	3	14	1	3	3	2	11	3	5	1
OG0004045	NC_051862.1:17	NC_051862.1	88987501	True	1269	423	12	9	10	19	2	5	9	8	10	4	16	1
OG0004046	NC_051862.1:17	NC_051862.1	88994953	True	1923	641	14	7	14	17	6	6	7	14	13	5	16	4
OG0004047	NC_051862.1:17	NC_051862.1	89001435	True	1365	455	6	9	2	9	7	0	2	2	8	0	5	10
OG0004048	NC_051862.1:17	NC_051862.1	89029153	False	885	295	4	4	1	11	1	0	3	1	3	1	9	1
OG0004049	NC_051862.1:17	NC_051862.1	89076076	True	1611	537	9	9	7	20	2	0	7	7	10	0	18	3
OG0004050	NC_051862.1:17	NC_051862.1	89274680	False	18540	6180	60	3929	38	170	3029	10	948	83	107	12	151	3048
OG0004051	NC_051862.1:17	NC_051862.1	89396991	True	3732	1244	18	13	13	42	5	3	12	14	17	3	37	3
OG0004052	NC_051862.1:17	NC_051862.1	89526752	True	1551	517	23	9	7	31	6	3	7	9	24	4	16	5
OG0004053	NC_051862.1:17	NC_051862.1	89574460	True	1491	497	11	3	6	8	4	4	1	4	12	5	4	9
OG0004054	NC_051862.1:17	NC_051862.1	89581225	False	1629	543	8	6	43	16	1	0	5	43	7	1	49	1
OG0004055	NC_051862.1:17	NC_051862.1	89658936	True	873	291	5	2	7	11	3	1	1	8	5	3	15	3
OG0004056	NC_051862.1:17	NC_051862.1	89991229	True	1152	384	1	3	2	2	0	0	3	2	1	0	3	0
OG0004057	NC_051861.1:16	NC_051861.1	84608740	False	309	103	1	0	0	0	1	0	0	1	0	1	0	0
OG0004058	NC_051861.1:16	NC_051861.1	84750137	True	759	253	0	4	0	0	3	1	2	0	0	1	0	3
OG0004059	NC_051861.1:16	NC_051861.1	84769656	False	3357	1119	0	793	2	22	245	10	232	8	4	10	23	241
OG0004060	NC_051861.1:16	NC_051861.1	84804669	True	498	166	1	6	1	2	6	2	1	0	2	1	1	7
OG0004061	NC_051861.1:16	NC_051861.1	84889648	True	420	140	1	4	1	2	4	1	3	2	0	2	3	3
OG0004062	NC_051861.1:16	NC_051861.1	84892816	False	1242	414	7	10	4	11	9	8	10	4	6	10	10	7
OG0004063	NC_051861.1:16	NC_051861.1	84936501	False	1041	347	1	10	2	1	10	3	4	3	2	2	1	9
OG0004064	NC_051861.1:16	NC_051861.1	84948947	True	2055	685	7	8	2	10	8	2	3	1	16	0	3	14
OG0004065	NC_051861.1:17	NC_051861.1	85016703	False	303	101	0	3	2	0	3	2	0	0	147	0	0	151
OG0004066	NC_051862.1:40	NC_051862.1	204912489	False	2415	805	6	5	7	6	5	12	8	3	10	8	3	9
OG0004067	NC_051862.1:40	NC_051862.1	204835076	False	1467	489	3	5	15	0	5	13	6	8	10	8	6	14
OG0004068	NC_051862.1:40	NC_051862.1	204828845	True	750	250	1	0	4	1	0	7	4	1	6	4	1	5
OG0004069	NC_051862.1:40	NC_051862.1	204761750	False	366	122	0	1	0	0	1	0	0	0	0	0	0	1
OG0004070	NC_051862.1:40	NC_051862.1	204694156	True	384	128	0	1	0	0	2	0	0	0	1	0	0	2
OG0004071	NC_051862.1:40	NC_051862.1	204545579	True	456	152	0	4	2	0	2	3	3	0	0	1	0	2
OG0004072	NC_051862.1:40	NC_051862.1	204443482	True	1428	476	3	4	8	4	5	6	3	6	4	4	7	7
OG0004073	NC_051862.1:40	NC_051862.1	204409185	True	6126	2042	19	27	50	21	35	52	21	26	59	23	21	69
OG0004074	NC_051862.1:40	NC_051862.1	204316632	True	1509	503	0	0	7	0	0	7	1	1	3	1	1	3
OG0004075	NC_051862.1:40	NC_051862.1	204309011	True	846	282	0	2	17	1	2	19	2	0	6	2	1	8
OG0004076	NC_051862.1:40	NC_051862.1	204304933	True	1452	484	1	4	22	0	4	15	4	12	13	5	9	16
OG0004077	NC_051862.1:40	NC_051862.1	204304267	True	405	135	1	0	4	1	0	3	0	1	4	0	1	3
OG0004078	NC_051862.1:40	NC_051862.1	204292135	True	1677	559	2	3	25	2	2	27	9	7	14	8	6	13
OG0004079	NC_051862.1:40	NC_051862.1	204283910	False	1338	446	6	8	13	6	7	8	6	11	11	4	10	9
OG0004080	NC_051862.1:40	NC_051862.1	204282957	True	339	113	0	1	1	0	1	2	1	0	0	1	0	1
OG0004081	NC_051862.1:40	NC_051862.1	204275953	True	2028	676	4	14	4	4	15	7	9	7	8	7	4	16
OG0004082	NC_051862.1:40	NC_051862.1	204270899	True	693	231	7	14	7	6	16	3	2	8	5	3	7	13
OG0004083	NC_051862.1:40	NC_051862.1	204262723	True	2274	758	5	17	5	5	20	7	3	4	5	5	2	19
OG0004084	NC_051862.1:40	NC_051862.1	204220801	False	3255	1085	4	614	4	11	607	36	42	8	9	34	10	605
OG0004085	NC_051862.1:40	NC_051862.1	204208939	True	717	239	3	2	4	1	4	3	1	4	6	4	3	8
OG0004086	NC_051862.1:40	NC_051862.1	204203160	True	480	160	1	1	2	3	1	0	0	2	1	0	4	1
OG0004087	NC_051862.1:40	NC_051862.1	204190030	False	2358	786	1	3	163	1	3	9	1	154	2	1	154	4
OG0004088	NC_051861.1:14	NC_051861.1	70755350	True	1488	496	0	0	13	0	0	14	1	0	7	1	0	7
OG0004089	NC_051861.1:14	NC_051861.1	70805621	False	1086	362	1	101	12	1	99	11	0	1	9	0	1	108
OG0004090	NC_051861.1:14	NC_051861.1	70819370	False	9504	3168	0	4600	4	110	2329	21	2291	3	26	19	112	2376
OG0004091	NC_051861.1:14	NC_051861.1	70829662	True	1125	375	1	0	9	1	0	11	2	0	11	2	0	10
OG0004092	NC_051861.1:14	NC_051861.1	70839956	False	1965	655	0	0	7	0	0	9	3	1	16	3	1	16
OG0004093	NC_051861.1:14	NC_051861.1	70882451	True	768	256	0	0	6	0	0	7	1	0	13	1	0	12
OG0004094	NC_051861.1:14	NC_051861.1	70911976	True	2607	869	1	0	20	1	0	20	1	1	12	1	1	11
OG0004095	NC_051861.1:14	NC_051861.1	70985672	False	372	124	0	0	0	0	0	0	0	0	2	0	0	2
OG0004096	NC_051861.1:14	NC_051861.1	70991951	False	1812	604	0	776	2	0	779	2	2	3	14	0	0	790
OG0004097	NC_051861.1:14	NC_051861.1	71119881	True	639	213	0	1	1	0	1	1	0	0	2	0	0	3
OG0004098	NC_051861.1:14	NC_051861.1	71127767	True	927	309	0	0	7	0	0	7	0	0	6	0	0	6
OG0004099	NC_051861.1:14	NC_051861.1	71130945	True	1014	338	1	0	7	1	0	6	0	1	3	0	1	2
OG0004100	NC_051861.1:14	NC_051861.1	71171334	True	3585	1195	1	1	30	1	1	28	0	2	30	0	2	30
OG0004101	NC_051861.1:14	NC_051861.1	71175335	True	840	280	0	0	16	0	0	16	1	0	13	1	0	13
OG0004102	NC_051861.1:14	NC_051861.1	71188808	True	3252	1084	1	1	22	1	1	19	0	3	30	0	3	30
OG0004103	NC_051861.1:14	NC_051861.1	71245026	True	747	249	0	0	4	0	0	4	0	0	5	0	0	5
OG0004104	NC_051861.1:14	NC_051861.1	71260663	True	273	91	0	0	1	0	0	2	1	0	2	1	0	2
OG0004105	NC_051861.1:14	NC_051861.1	71314210	False	1155	385	0	0	5	0	0	3	0	2	4	0	2	4
OG0004106	NC_051861.1:14	NC_051861.1	71491595	True	1347	449	0	0	6	0	0	5	0	1	11	0	1	10
OG0004107	NC_051861.1:14	NC_051861.1	71546730	False	750	250	0	297	1	0	297	1	0	0	3	0	0	306
OG0004108	NC_051861.1:14	NC_051861.1	71620248	True	2616	872	0	7	3	0	7	3	0	0	6	0	0	13
OG0004109	NC_051861.1:14	NC_051861.1	71665844	False	579	193	0	2	1	0	2	1	0	0	3	0	0	5
OG0004110	NC_051861.1:14	NC_051861.1	71704891	False	6015	2005	2	38	8	2	39	7	0	2	13	0	1	48
OG0004111	NC_051861.1:14	NC_051861.1	71793897	False	2292	764	1	642	1	1	642	1	0	0	12	0	0	656
OG0004112	NC_051861.1:14	NC_051861.1	71821823	True	2424	808	0	6	11	0	6	11	1	1	10	1	1	16
OG0004113	NC_051861.1:14	NC_051861.1	71829785	True	1635	545	0	6	0	0	7	0	0	1	3	1	0	9
OG0004114	NC_051861.1:14	NC_051861.1	71847860	True	639	213	0	1	1	0	1	1	0	0	0	0	0	1
OG0004115	NC_051861.1:14	NC_051861.1	71850274	False	888	296	0	223	0	0	223	0	1	0	4	0	0	228
OG0004116	NC_051861.1:14	NC_051861.1	71854420	True	3831	1277	0	22	7	0	22	7	0	0	10	0	0	32
OG0004117	NC_051861.1:14	NC_051861.1	71881673	True	1410	470	0	11	0	0	11	0	0	0	3	0	0	14
OG0004118	NC_051861.1:14	NC_051861.1	71927894	False	1128	376	0	12	0	0	12	1	1	0	1	1	0	13
OG0004119	NC_051861.1:14	NC_051861.1	71940100	True	1299	433	0	8	0	0	8	0	0	0	0	0	0	8
OG0004120	NC_051861.1:14	NC_051861.1	71971203	False	3426	1142	1	804	7	6	667	46	102	7	5	46	11	673
OG0004121	NC_051861.1:14	NC_051861.1	72071072	False	2484	828	0	819	1	0	819	1	1	0	6	0	0	827
OG0004122	NC_051862.1:0	NC_051862.1	2885195	True	750	250	1	1	6	1	1	6	1	1	4	1	1	4
OG0004123	NC_051862.1:0	NC_051862.1	2734580	True	1638	546	0	1	18	1	1	14	0	3	4	0	4	5
OG0004124	NC_051862.1:0	NC_051862.1	2639764	True	1818	606	2	5	3	1	7	0	0	5	1	1	3	5
OG0004125	NC_051862.1:0	NC_051862.1	2635519	True	1239	413	0	5	4	1	5	1	0	3	5	0	4	10
OG0004126	NC_051862.1:0	NC_051862.1	2338754	True	2748	916	4	3	24	6	2	20	6	9	18	5	12	16
OG0004127	NC_051862.1:0	NC_051862.1	2331059	True	2298	766	4	12	6	6	9	5	7	6	4	4	7	8
OG0004128	NC_051862.1:0	NC_051862.1	2285206	True	1476	492	3	4	5	3	4	5	3	3	8	3	3	9
OG0004129	NC_051862.1:0	NC_051862.1	2259290	True	2427	809	6	8	12	5	10	8	3	8	5	4	6	8
OG0004130	NC_051862.1:0	NC_051862.1	2222598	True	2502	834	2	0	41	1	1	43	12	13	19	13	12	18
OG0004131	NC_051862.1:0	NC_051862.1	2209080	True	3636	1212	3	7	26	3	7	23	8	11	21	8	11	25
OG0004132	NC_051862.1:0	NC_051862.1	2194605	False	339	113	0	0	2	0	0	2	0	0	3	0	0	3
OG0004133	NC_051862.1:0	NC_051862.1	2153847	True	486	162	0	0	0	0	0	0	0	0	0	0	0	0
OG0004134	NC_051862.1:0	NC_051862.1	2131287	True	642	214	2	4	1	2	2	0	2	1	3	0	1	3
OG0004135	NC_051862.1:0	NC_051862.1	1925973	True	888	296	0	1	0	0	3	1	2	2	0	1	0	1
OG0004136	NC_051862.1:0	NC_051862.1	1698931	True	1896	632	5	3	17	4	4	13	2	7	14	4	7	14
OG0004137	NC_051862.1:0	NC_051862.1	1853896	True	1551	517	5	2	21	5	3	23	12	10	13	12	9	10
OG0004138	NC_051863.1:27	NC_051863.1	138502972	True	582	194	0	0	1	0	0	0	0	1	0	0	1	0
OG0004139	NC_051863.1:27	NC_051863.1	138511333	False	1128	376	13	2	4	12	1	5	6	4	12	7	4	1
OG0004140	NC_051863.1:27	NC_051863.1	138515497	True	1638	546	11	4	6	10	3	5	7	8	9	8	9	3
OG0004141	NC_051863.1:27	NC_051863.1	138640884	False	2151	717	18	8	7	18	10	8	3	4	21	6	5	13
OG0004142	NC_051863.1:27	NC_051863.1	138806323	False	3033	1011	21	3	10	25	5	9	4	7	20	5	10	3
OG0004143	NC_051863.1:27	NC_051863.1	138834868	True	876	292	4	2	4	4	3	3	1	3	3	3	5	3
OG0004144	NC_051863.1:27	NC_051863.1	138843211	True	1437	479	7	5	1	8	2	1	5	2	9	2	3	4
OG0004145	NC_051863.1:27	NC_051863.1	138879061	False	894	298	3	7	3	5	8	1	2	6	3	2	6	7
OG0004146	NC_051863.1:27	NC_051863.1	138893864	True	6282	2094	62	10	7	68	12	7	6	8	66	8	12	17
OG0004147	NC_051863.1:27	NC_051863.1	138915364	True	1893	631	6	4	6	14	0	0	4	6	6	0	14	0
OG0004148	NC_051863.1:27	NC_051863.1	139041643	True	531	177	9	0	2	13	0	0	0	2	9	0	6	0
OG0004149	NC_051863.1:27	NC_051863.1	139136650	False	609	203	5	0	1	4	0	1	0	0	6	1	0	2
OG0004150	NC_051863.1:27	NC_051863.1	139146545	True	1206	402	5	6	6	6	3	2	4	5	10	1	6	8
OG0004151	NC_051863.1:27	NC_051863.1	139160950	True	726	242	1	2	0	0	2	0	0	0	1	1	0	3
OG0004152	NC_051863.1:27	NC_051863.1	139219560	True	786	262	0	1	1	0	1	0	0	1	0	0	1	1
OG0004153	NC_051863.1:27	NC_051863.1	139230546	True	1071	357	3	2	6	5	2	1	1	6	4	0	7	2
OG0004154	NC_051863.1:27	NC_051863.1	139362798	False	546	182	4	0	4	5	0	1	0	3	4	1	5	1
OG0004155	NC_051863.1:27	NC_051863.1	139590285	False	555	185	1	1	3	1	0	1	2	3	1	1	3	0
OG0004156	NC_051862.1:8	NC_051862.1	40041190	True	1752	584	15	8	12	20	10	8	8	13	14	11	19	10
OG0004157	NC_051862.1:8	NC_051862.1	40048228	True	1344	448	3	3	3	1	3	4	4	3	1	5	2	2
OG0004158	NC_051862.1:8	NC_051862.1	40134431	True	2115	705	32	4	10	36	4	5	7	12	29	9	18	3
OG0004159	NC_051862.1:8	NC_051862.1	40280782	True	4161	1387	10	11	19	11	12	20	12	12	24	12	13	27
OG0004160	NC_051862.1:8	NC_051862.1	40297997	True	1458	486	4	5	13	3	5	4	4	13	3	6	14	6
OG0004161	NC_051862.1:8	NC_051862.1	40300945	False	606	202	1	3	3	1	3	7	5	0	2	5	0	5
OG0004162	NC_051862.1:8	NC_051862.1	40306235	True	2013	671	7	5	16	5	5	12	5	9	12	7	9	12
OG0004163	NC_051862.1:8	NC_051862.1	40315204	True	1113	371	5	5	6	4	5	3	3	6	6	3	5	6
OG0004164	NC_051862.1:8	NC_051862.1	40340925	True	930	310	4	4	1	4	6	0	0	3	5	0	2	6
OG0004165	NC_051862.1:8	NC_051862.1	40601152	False	330	110	0	1	0	0	1	0	0	0	1	0	0	2
OG0004166	NC_051862.1:8	NC_051862.1	40859870	True	1308	436	3	1	8	3	2	5	0	5	6	0	3	4
OG0004167	NC_051862.1:8	NC_051862.1	41065811	True	744	248	1	1	8	0	1	4	1	5	6	2	5	7
OG0004168	NC_051862.1:8	NC_051862.1	41260579	True	1638	546	1	0	12	2	0	17	6	1	9	6	2	8
OG0004169	NC_051862.1:8	NC_051862.1	41373089	False	2505	835	7	2	29	5	2	21	5	10	14	6	10	11
OG0004170	NC_051862.1:8	NC_051862.1	41407139	True	1422	474	4	1	16	2	4	14	3	8	12	5	5	12
OG0004171	NC_051862.1:8	NC_051862.1	41488760	True	1128	376	0	0	2	0	1	3	1	1	0	1	0	0
OG0004172	NC_051862.1:8	NC_051862.1	41517962	True	699	233	1	0	9	1	0	9	2	2	7	2	2	6
OG0004173	NC_051861.1:10	NC_051861.1	54776677	True	756	252	0	2	0	0	2	0	0	0	0	0	0	2
OG0004174	NC_051861.1:10	NC_051861.1	54804129	True	1875	625	0	8	0	0	8	0	0	0	0	0	0	8
OG0004175	NC_051861.1:10	NC_051861.1	54735995	True	915	305	0	5	0	0	5	0	0	0	0	0	0	5
OG0004176	NC_051861.1:10	NC_051861.1	54718628	True	738	246	0	3	0	0	3	0	0	0	0	0	0	3
OG0004177	NC_051861.1:10	NC_051861.1	54698353	True	1248	416	0	9	1	0	9	1	0	0	0	0	0	9
OG0004178	NC_051861.1:10	NC_051861.1	54666215	True	1248	416	0	6	0	0	6	0	0	0	0	0	0	6
OG0004179	NC_051861.1:10	NC_051861.1	54619850	True	1296	432	0	7	0	0	7	0	0	0	0	0	0	7
OG0004180	NC_051861.1:10	NC_051861.1	54553022	True	1533	511	0	10	0	0	11	0	0	0	1	0	0	11
OG0004181	NC_051861.1:10	NC_051861.1	54582216	True	642	214	0	3	0	0	3	0	0	0	0	0	0	3
OG0004182	NC_051861.1:10	NC_051861.1	54550498	True	309	103	0	1	0	0	1	0	0	0	0	0	0	1
OG0004183	NC_051861.1:10	NC_051861.1	54535060	True	3231	1077	4	14	0	1	14	0	0	0	1	3	0	14
OG0004184	NC_051861.1:10	NC_051861.1	54516672	True	3000	1000	0	18	0	0	18	0	0	1	0	0	0	18
OG0004185	NC_051861.1:10	NC_051861.1	54501089	True	2988	996	1	9	2	2	12	0	0	5	1	0	3	9
OG0004186	NC_051861.1:10	NC_051861.1	54491500	False	1254	418	0	8	0	0	8	0	0	0	0	0	0	8
OG0004187	NC_051861.1:10	NC_051861.1	54480798	True	1722	574	0	11	0	0	11	0	0	0	0	0	0	11
OG0004188	NC_051861.1:10	NC_051861.1	54456505	True	1326	442	0	6	0	0	5	0	1	0	0	0	0	5
OG0004189	NC_051861.1:10	NC_051861.1	54407883	False	0	0	0	0	0	0	0	0	0	0	0	0	0	0
OG0004190	NC_051861.1:10	NC_051861.1	54403879	True	3636	1212	1	31	0	0	34	1	1	1	0	2	0	31
OG0004191	NC_051861.1:10	NC_051861.1	54395558	True	2115	705	1	6	1	1	6	1	0	0	2	0	0	7
OG0004192	NC_051861.1:10	NC_051861.1	54365234	True	978	326	0	10	0	0	10	0	0	0	0	0	0	10
OG0004193	NC_051861.1:10	NC_051861.1	54359934	True	504	168	0	3	0	0	3	0	0	0	0	0	0	3
OG0004194	NC_051861.1:10	NC_051861.1	54280935	True	3573	1191	0	20	0	0	20	0	0	0	0	0	0	20
OG0004195	NC_051861.1:10	NC_051861.1	54273926	True	3195	1065	0	22	0	1	22	0	0	0	0	0	1	22
OG0004196	NC_051861.1:10	NC_051861.1	54252597	True	3729	1243	2	26	5	2	26	6	2	1	13	2	1	36
OG0004197	NC_051861.1:10	NC_051861.1	54110948	True	2856	952	2	7	0	2	7	1	1	0	6	1	0	11
OG0004198	NC_051861.1:10	NC_051861.1	54010611	True	1440	480	2	3	2	2	3	2	0	0	6	0	0	7
OG0004199	NC_051861.1:10	NC_051861.1	54003062	True	333	111	0	0	0	0	0	0	0	0	1	0	0	1
OG0004200	NC_051861.1:10	NC_051861.1	53947178	True	624	208	0	1	0	0	1	0	0	0	0	0	0	1
OG0004201	NC_051861.1:10	NC_051861.1	53924736	True	1026	342	1	5	0	1	5	0	0	0	1	0	0	5
OG0004202	NC_051861.1:10	NC_051861.1	53920649	False	1101	367	2	0	34	2	0	34	0	0	618	0	0	623
OG0004203	NC_051861.1:10	NC_051861.1	53904279	True	627	209	0	3	0	1	3	0	0	0	3	0	1	6
OG0004204	NC_051861.1:10	NC_051861.1	53889119	True	483	161	1	2	0	1	2	0	0	0	1	0	0	3
OG0004205	NC_051861.1:10	NC_051861.1	53883663	True	2868	956	4	8	2	4	8	2	1	1	11	1	1	15
OG0004206	NC_051861.1:10	NC_051861.1	53879419	True	687	229	0	2	1	0	2	0	0	1	0	0	1	2
OG0004207	NC_051861.1:10	NC_051861.1	53862709	True	1188	396	0	18	0	0	18	0	0	0	0	0	0	18
OG0004208	NC_051861.1:10	NC_051861.1	53861223	True	1179	393	0	8	0	0	8	0	0	0	0	0	0	8
OG0004209	NC_051861.1:10	NC_051861.1	53858182	True	549	183	0	5	0	0	5	0	0	0	0	0	0	5
OG0004210	NC_051861.1:10	NC_051861.1	53770228	True	2136	712	0	18	0	0	17	0	1	0	0	0	0	17
OG0004211	NC_051861.1:10	NC_051861.1	53729017	True	1524	508	1	11	0	1	10	0	1	0	1	0	0	10
OG0004212	NC_051861.1:10	NC_051861.1	53723897	True	582	194	0	3	1	0	3	1	0	0	1	0	0	4
OG0004213	NC_051861.1:10	NC_051861.1	53713079	True	2397	799	1	13	0	0	12	0	1	0	0	1	0	12
OG0004214	NC_051861.1:10	NC_051861.1	53710159	True	2361	787	2	12	0	1	14	1	1	2	2	2	0	13
OG0004215	NC_051861.1:10	NC_051861.1	53708002	True	996	332	0	15	0	0	14	0	0	0	0	0	0	14
OG0004216	NC_051861.1:10	NC_051861.1	53703440	True	2946	982	3	7	3	3	7	3	0	0	22	0	0	26
OG0004217	NC_051861.1:10	NC_051861.1	53650603	True	2079	693	1	4	6	1	4	6	0	0	10	0	0	13
OG0004218	NC_051861.1:10	NC_051861.1	53641953	True	1047	349	0	2	0	1	1	0	1	0	0	0	1	1
OG0004219	NC_051861.1:10	NC_051861.1	53638843	True	885	295	1	6	1	1	7	1	1	2	0	2	2	6
OG0004220	NC_051861.1:10	NC_051861.1	53629551	True	783	261	0	8	0	1	6	0	2	0	0	0	1	6
OG0004221	NC_051861.1:10	NC_051861.1	53618540	True	1725	575	0	16	1	1	16	1	2	2	0	1	2	15
OG0004222	NC_051862.1:39	NC_051862.1	195001124	True	2376	792	4	16	14	4	14	8	6	11	12	5	10	23
OG0004223	NC_051862.1:38	NC_051862.1	194991972	True	975	325	3	5	4	2	5	2	2	4	3	2	3	6
OG0004224	NC_051862.1:38	NC_051862.1	194987067	True	1476	492	4	14	5	4	17	3	2	7	6	3	5	16
OG0004225	NC_051862.1:38	NC_051862.1	194985686	False	654	218	3	10	2	2	8	4	5	1	6	4	1	12
OG0004226	NC_051862.1:38	NC_051862.1	194947237	False	267	89	2	0	1	2	0	3	2	0	88	2	0	83
OG0004227	NC_051862.1:38	NC_051862.1	194899849	True	1029	343	3	6	2	4	7	4	3	2	2	4	3	6
OG0004228	NC_051862.1:38	NC_051862.1	194813218	True	372	124	0	4	0	0	4	0	1	0	1	0	0	4
OG0004229	NC_051862.1:38	NC_051862.1	194777699	True	2061	687	3	21	3	7	12	6	16	4	2	7	8	11
OG0004230	NC_051862.1:38	NC_051862.1	194685237	True	2019	673	6	12	11	5	17	15	11	10	6	12	8	15
OG0004231	NC_051862.1:38	NC_051862.1	194632803	True	552	184	1	3	0	3	3	1	1	0	1	1	2	3
OG0004232	NC_051862.1:38	NC_051862.1	194632047	False	423	141	1	22	1	1	7	0	18	3	1	1	2	6
OG0004233	NC_051862.1:38	NC_051862.1	194606867	True	1287	429	0	3	2	0	3	1	0	1	1	0	1	4
OG0004234	NC_051862.1:38	NC_051862.1	194604314	True	876	292	4	9	3	2	9	2	3	3	5	3	2	11
OG0004235	NC_051862.1:38	NC_051862.1	194533764	True	14043	4681	7	38	109	14	35	112	45	40	60	38	42	82
OG0004236	NC_051862.1:38	NC_051862.1	194416132	True	1728	576	0	5	2	0	7	3	2	3	1	2	1	7
OG0004237	NC_051862.1:38	NC_051862.1	194304963	True	567	189	0	0	4	0	0	3	1	2	0	1	2	0
OG0004238	NC_051862.1:38	NC_051862.1	194272317	True	1773	591	5	15	2	10	12	7	11	2	7	6	6	12
OG0004239	NC_051862.1:38	NC_051862.1	194271532	True	609	203	2	6	3	3	5	4	3	0	4	4	3	9
OG0004240	NC_051862.1:38	NC_051862.1	194209418	True	2016	672	2	7	2	4	7	4	2	1	5	3	3	9
OG0004241	NC_051862.1:38	NC_051862.1	194200877	True	897	299	4	10	1	6	10	5	6	2	3	6	4	9
OG0004242	NC_051862.1:38	NC_051862.1	194196374	True	423	141	1	0	0	1	0	1	1	0	1	1	0	0
OG0004243	NC_051862.1:38	NC_051862.1	194172530	True	2592	864	3	6	18	3	7	17	9	11	9	7	8	10
OG0004244	NC_051862.1:38	NC_051862.1	194163100	False	1014	338	2	2	6	1	2	12	6	0	1	7	0	2
OG0004245	NC_051862.1:38	NC_051862.1	194155171	True	1293	431	5	21	6	3	21	5	2	1	7	4	3	26
OG0004246	NC_051862.1:38	NC_051862.1	194071877	True	831	277	1	3	5	0	3	2	1	5	3	2	4	6
OG0004247	NC_051862.1:38	NC_051862.1	193993257	True	990	330	0	2	6	1	1	5	2	2	1	0	2	1
OG0004248	NC_051862.1:38	NC_051862.1	193988847	True	321	107	0	1	2	0	1	1	0	1	2	0	1	3
OG0004249	NC_051862.1:38	NC_051862.1	193982823	True	822	274	2	1	12	2	1	12	2	3	13	2	3	12
OG0004250	NC_051862.1:38	NC_051862.1	193957322	True	798	266	1	8	5	1	9	4	2	4	2	2	3	9
OG0004251	NC_051862.1:38	NC_051862.1	193952560	True	1050	350	2	1	17	1	5	22	7	5	11	8	1	12
OG0004252	NC_051862.1:38	NC_051862.1	193945972	False	768	256	0	2	6	0	3	4	1	5	4	1	4	6
OG0004253	NC_051863.1:4	NC_051863.1	22473418	True	3822	1274	11	29	8	10	27	8	10	9	20	9	8	36
OG0004254	NC_051863.1:4	NC_051863.1	22524643	True	1596	532	1	17	2	2	12	9	12	1	2	7	1	11
OG0004255	NC_051863.1:4	NC_051863.1	22529989	True	672	224	0	0	5	0	0	4	2	3	1	2	3	1
OG0004256	NC_051863.1:4	NC_051863.1	22543503	True	6279	2093	16	24	61	18	21	68	40	31	52	38	31	56
OG0004257	NC_051861.1:9	NC_051861.1	49470584	True	1194	398	0	0	11	0	0	10	0	1	10	0	1	10
OG0004258	NC_051861.1:9	NC_051861.1	49294822	True	3378	1126	4	22	5	3	22	6	2	1	10	3	1	30
OG0004259	NC_051861.1:9	NC_051861.1	49276812	False	3387	1129	19	23	17	11	38	8	6	30	13	13	14	23
OG0004260	NC_051861.1:9	NC_051861.1	49260598	False	2637	879	5	10	3	6	11	3	1	2	11	2	3	18
OG0004261	NC_051861.1:9	NC_051861.1	49241562	False	1731	577	3	9	3	4	9	5	5	3	4	6	5	11
OG0004262	NC_051861.1:9	NC_051861.1	49134887	True	573	191	2	1	0	2	1	0	0	0	4	0	0	3
OG0004263	NC_051861.1:9	NC_051861.1	48629219	False	450	150	17	0	1	15	118	0	0	119	17	2	1	1
OG0004264	NC_051861.1:9	NC_051861.1	48513302	True	1329	443	2	6	4	4	5	3	1	1	10	0	3	12
OG0004265	NC_051861.1:9	NC_051861.1	48496069	False	4569	1523	13	38	20	15	45	20	9	17	35	8	10	60
OG0004266	NC_051861.1:9	NC_051861.1	48490788	True	747	249	6	4	2	6	4	3	1	0	13	1	0	10
OG0004267	NC_051861.1:9	NC_051861.1	48487534	False	447	149	2	0	1	1	0	1	0	0	8	1	0	7
OG0004268	NC_051861.1:9	NC_051861.1	48269902	False	828	276	3	3	1	3	2	0	1	1	3	0	1	2
OG0004269	NC_051861.1:9	NC_051861.1	48197318	False	1467	489	8	207	6	0	661	1	2	218	0	9	6	209
OG0004270	NC_051863.1:6	NC_051863.1	31460849	False	3423	1141	13	36	17	11	36	17	14	10	19	13	9	41
OG0004271	NC_051863.1:6	NC_051863.1	31498082	True	3783	1261	10	26	11	12	31	18	14	11	14	14	8	31
OG0004272	NC_051863.1:6	NC_051863.1	31449035	False	1263	421	3	2	3	3	2	3	2	2	7	1	1	5
OG0004273	NC_051863.1:6	NC_051863.1	31401109	False	1350	450	3	9	6	2	6	6	5	2	5	4	3	10
OG0004274	NC_051863.1:6	NC_051863.1	31391945	True	990	330	2	11	3	1	12	6	6	5	2	5	1	9
OG0004275	NC_051863.1:6	NC_051863.1	31364460	True	2511	837	8	29	8	10	27	9	10	7	13	8	10	33
OG0004276	NC_051863.1:6	NC_051863.1	31359685	True	312	104	2	2	0	1	3	1	1	1	3	2	0	4
OG0004277	NC_051863.1:6	NC_051863.1	31356332	False	2271	757	7	21	7	10	21	3	5	9	20	2	9	31
OG0004278	NC_051863.1:6	NC_051863.1	31342334	True	1617	539	4	10	5	4	9	3	2	4	1	3	6	9
OG0004279	NC_051863.1:6	NC_051863.1	31276307	True	1866	622	2	3	1	2	3	1	1	1	4	2	2	7
OG0004280	NC_051863.1:6	NC_051863.1	31126432	True	1236	412	2	5	0	1	1	0	4	0	3	1	0	3
OG0004281	NC_051863.1:6	NC_051863.1	31115664	True	1089	363	3	6	4	2	8	2	1	5	3	3	4	8
OG0004282	NC_051863.1:6	NC_051863.1	31106809	True	1851	617	7	13	8	7	16	7	7	11	12	8	9	19
OG0004283	NC_051863.1:6	NC_051863.1	31038600	False	1158	386	2	8	3	1	6	6	6	1	3	4	0	7
OG0004284	NC_051863.1:6	NC_051863.1	31037442	True	855	285	3	9	4	4	9	5	3	2	11	2	2	17
OG0004285	NC_051863.1:6	NC_051863.1	31035879	True	732	244	4	2	3	5	2	2	3	4	4	3	5	2
OG0004286	NC_051863.1:6	NC_051863.1	30990989	True	1086	362	2	11	5	2	9	4	4	3	5	1	2	11
OG0004287	NC_051863.1:6	NC_051863.1	30989214	True	1161	387	3	7	3	4	14	2	2	12	4	2	5	9
OG0004288	NC_051863.1:6	NC_051863.1	30946420	False	357	119	1	2	1	1	2	0	0	1	1	0	1	2
OG0004289	NC_051863.1:6	NC_051863.1	30945180	True	759	253	3	4	4	3	3	7	6	2	5	6	2	5
OG0004290	NC_051863.1:6	NC_051863.1	30938181	False	1194	398	3	5	3	3	5	5	5	4	3	6	4	5
OG0004291	NC_051863.1:6	NC_051863.1	30924790	True	1557	519	3	5	19	4	3	19	6	5	19	5	7	20
OG0004292	NC_051863.1:6	NC_051863.1	30868809	True	7398	2466	22	48	26	24	49	26	25	27	26	22	26	50
OG0004293	NC_051863.1:6	NC_051863.1	30766367	False	2781	927	9	14	9	9	16	7	4	8	10	4	7	16
OG0004294	NC_051863.1:6	NC_051863.1	30686711	True	2319	773	12	17	12	9	18	7	10	15	14	8	10	16
OG0004295	NC_051863.1:6	NC_051863.1	30680406	True	711	237	6	1	1	8	1	1	3	2	6	1	3	0
OG0004296	NC_051863.1:6	NC_051863.1	30664875	True	513	171	0	8	2	0	8	1	0	1	0	0	1	8
OG0004297	NC_051863.1:6	NC_051863.1	30632015	True	2178	726	2	18	6	2	16	2	3	5	5	1	6	19
OG0004298	NC_051863.1:6	NC_051863.1	30424916	False	600	200	1	1	32	1	1	21	3	13	12	2	12	11
OG0004299	NC_051861.1:7	NC_051861.1	38306093	False	1347	449	5	19	4	3	18	5	5	2	12	4	1	24
OG0004300	NC_051861.1:7	NC_051861.1	38041147	True	1146	382	0	8	1	0	7	0	1	1	1	0	1	8
OG0004301	NC_051861.1:7	NC_051861.1	38036867	True	774	258	5	17	9	6	16	9	2	1	6	2	2	20
OG0004302	NC_051861.1:7	NC_051861.1	38029951	True	1368	456	7	18	8	3	22	10	7	12	14	11	6	27
OG0004303	NC_051861.1:7	NC_051861.1	38025920	False	534	178	1	3	3	1	2	1	1	2	4	0	2	5
OG0004304	NC_051861.1:7	NC_051861.1	38014915	True	744	248	5	1	9	5	1	10	3	2	16	3	2	12
OG0004305	NC_051861.1:7	NC_051861.1	37864667	True	1533	511	3	15	0	1	10	7	12	1	1	9	0	9
OG0004306	NC_051861.1:7	NC_051861.1	37841679	True	396	132	0	1	2	1	1	0	0	1	0	0	2	1
OG0004307	NC_051861.1:7	NC_051861.1	37829302	True	354	118	0	4	3	0	2	4	4	1	3	2	1	6
OG0004308	NC_051861.1:7	NC_051861.1	37765755	True	1725	575	0	9	1	1	6	1	4	1	2	1	2	8
OG0004309	NC_051861.1:7	NC_051861.1	37645833	True	2013	671	13	12	6	8	12	6	3	4	26	6	3	30
OG0004310	NC_051861.1:7	NC_051861.1	37632174	False	2148	716	6	15	8	10	14	11	5	1	16	5	6	26
OG0004311	NC_051861.1:7	NC_051861.1	37273828	True	1086	362	2	9	2	1	9	2	0	0	7	1	0	15
OG0004312	NC_051861.1:7	NC_051861.1	37258438	True	1305	435	4	6	2	4	4	5	5	0	3	4	1	4
OG0004313	NC_051861.1:7	NC_051861.1	37113614	False	2217	739	5	5	7	5	7	8	4	5	9	3	2	8
OG0004314	NC_051861.1:25	NC_051861.1	126523242	False	993	331	0	0	23	0	0	26	14	11	5	13	11	5
OG0004315	NC_051861.1:25	NC_051861.1	126488291	False	1773	591	0	6	8	0	7	8	2	4	5	2	3	11
OG0004316	NC_051861.1:25	NC_051861.1	126531637	False	2352	784	5	4	32	6	6	32	6	10	21	6	9	19
OG0004317	NC_051861.1:25	NC_051861.1	126456748	True	528	176	1	1	1	1	2	0	0	2	1	0	1	1
OG0004318	NC_051861.1:25	NC_051861.1	126454990	True	621	207	2	2	2	2	5	0	0	5	1	1	3	2
OG0004319	NC_051861.1:25	NC_051861.1	126429625	True	1131	377	1	1	9	1	1	5	0	4	3	0	4	4
OG0004320	NC_051861.1:25	NC_051861.1	126426336	True	390	130	0	1	2	0	1	0	0	2	0	0	2	1
OG0004321	NC_051861.1:25	NC_051861.1	126425425	True	357	119	0	0	4	0	0	3	0	1	3	0	1	3
OG0004322	NC_051861.1:25	NC_051861.1	126418126	True	2970	990	3	18	7	10	21	10	11	10	9	8	11	21
OG0004323	NC_051861.1:25	NC_051861.1	126327473	True	1323	441	3	2	2	3	2	2	2	2	4	2	2	3
OG0004324	NC_051861.1:25	NC_051861.1	126314890	True	2616	872	6	11	4	9	10	6	7	4	6	7	8	11
OG0004325	NC_051861.1:25	NC_051861.1	126305803	True	765	255	0	0	0	0	1	0	0	1	1	0	0	1
OG0004326	NC_051861.1:25	NC_051861.1	126260929	True	1443	481	7	5	5	2	5	4	2	3	4	7	3	7
OG0004327	NC_051861.1:25	NC_051861.1	126263928	True	936	312	0	9	6	1	6	5	6	4	1	3	5	7
OG0004328	NC_051861.1:25	NC_051861.1	126257830	True	939	313	2	5	6	0	4	6	4	3	3	4	3	7
OG0004329	NC_051861.1:25	NC_051861.1	126231850	True	1041	347	1	0	1	1	0	2	2	1	2	2	1	1
OG0004330	NC_051861.1:25	NC_051861.1	126160585	True	1785	595	4	1	4	3	2	6	4	3	5	5	2	3
OG0004331	NC_051861.1:25	NC_051861.1	126153883	True	1509	503	2	4	8	4	3	2	1	6	2	0	8	3
OG0004332	NC_051861.1:25	NC_051861.1	126148675	True	1089	363	2	15	2	4	6	7	15	0	2	6	2	6
OG0004333	NC_051861.1:25	NC_051861.1	126008789	False	294	98	0	0	0	0	0	0	0	0	0	0	0	0
OG0004334	NC_051861.1:25	NC_051861.1	125849629	False	3753	1251	6	10	25	7	12	23	14	19	24	14	17	28
OG0004335	NC_051861.1:25	NC_051861.1	125723538	True	684	228	0	1	17	0	1	11	1	7	4	1	7	5
OG0004336	NC_051861.1:25	NC_051861.1	125721514	True	393	131	2	3	5	0	2	5	0	0	0	2	0	2
OG0004337	NC_051861.1:25	NC_051861.1	125467840	True	3867	1289	5	4	34	5	4	22	3	14	18	3	14	18
OG0004338	NC_051861.1:25	NC_051861.1	125428654	True	1536	512	3	8	9	2	8	10	7	6	9	6	4	13
OG0004339	NC_051861.1:0	NC_051861.1	2414908	False	465	155	1	2	4	0	3	4	1	2	1	2	1	3
OG0004340	NC_051861.1:0	NC_051861.1	2643603	False	1146	382	6	23	6	4	19	5	9	6	3	8	7	19
OG0004341	NC_051861.1:0	NC_051861.1	2661557	False	1080	360	2	5	5	3	5	7	4	2	3	4	3	7
OG0004342	NC_051861.1:0	NC_051861.1	2692445	False	2889	963	19	6	18	7	139	47	40	143	9	53	9	9
OG0004343	NC_051861.1:0	NC_051861.1	2797650	True	3141	1047	1	17	18	0	14	20	6	3	12	5	3	26
OG0004344	NC_051861.1:0	NC_051861.1	2829511	False	807	269	0	0	2	0	0	35	34	1	2	34	1	2
OG0004345	NC_051861.1:0	NC_051861.1	2853734	False	1083	361	8	2	12	7	1	14	10	6	8	12	7	3
OG0004346	NC_051861.1:0	NC_051861.1	2871044	True	762	254	1	2	2	1	2	0	0	2	4	0	2	5
OG0004347	NC_051861.1:0	NC_051861.1	2874634	True	933	311	1	2	2	5	1	3	4	3	0	3	6	0
OG0004348	NC_051861.1:0	NC_051861.1	2882194	True	6135	2045	36	28	18	32	26	14	17	18	45	12	14	34
OG0004349	NC_051861.1:0	NC_051861.1	2889961	True	528	176	1	0	2	2	0	3	3	2	2	3	3	1
OG0004350	NC_051861.1:0	NC_051861.1	2890700	True	495	165	0	0	3	0	0	1	1	3	1	1	3	1
OG0004351	NC_051861.1:0	NC_051861.1	2929170	True	1971	657	16	5	9	23	1	1	4	8	16	2	17	3
OG0004352	NC_051861.1:0	NC_051861.1	2937587	True	1740	580	13	5	1	15	2	3	6	1	13	4	4	2
OG0004353	NC_051861.1:0	NC_051861.1	3075063	True	966	322	3	4	2	4	3	3	2	0	2	2	2	3
OG0004354	NC_051861.1:0	NC_051861.1	3076217	True	1740	580	8	6	19	13	6	6	5	18	10	4	22	7
OG0004355	NC_051861.1:0	NC_051861.1	3080391	True	1041	347	2	5	2	8	5	2	3	3	3	2	8	5
OG0004356	NC_051861.1:0	NC_051861.1	3078001	True	885	295	3	6	2	0	4	2	4	2	4	5	2	8
OG0004357	NC_051861.1:0	NC_051861.1	3161146	True	1869	623	16	7	10	16	6	6	5	8	19	4	9	9
OG0004358	NC_051862.1:37	NC_051862.1	188106472	True	819	273	0	0	4	0	0	6	4	2	3	4	2	3
OG0004359	NC_051862.1:37	NC_051862.1	188237899	True	1530	510	0	8	19	0	10	14	3	10	5	4	8	14
OG0004360	NC_051862.1:37	NC_051862.1	188269238	True	561	187	0	1	2	1	2	2	1	1	3	1	1	4
OG0004361	NC_051862.1:37	NC_051862.1	188277652	False	1536	512	4	2	3	4	2	1	0	2	4	0	3	2
OG0004362	NC_051862.1:37	NC_051862.1	188367023	True	2613	871	4	14	18	1	12	19	15	12	16	12	8	22
OG0004363	NC_051862.1:37	NC_051862.1	188431416	True	1767	589	3	6	1	2	7	1	2	3	3	3	2	7
OG0004364	NC_051862.1:37	NC_051862.1	188509948	False	591	197	1	1	5	0	2	1	0	5	0	1	4	1
OG0004365	NC_051862.1:37	NC_051862.1	188828433	False	1299	433	0	4	5	0	2	8	6	1	5	4	1	7
OG0004366	NC_051862.1:37	NC_051862.1	188951815	False	390	130	21	0	2	12	0	3	0	0	14	7	0	1
OG0004367	NC_051862.1:37	NC_051862.1	188954768	False	1224	408	0	1	10	0	0	6	3	6	2	2	6	2
OG0004368	NC_051862.1:37	NC_051862.1	188961681	True	576	192	0	0	0	0	0	0	0	0	3	0	0	3
OG0004369	NC_051862.1:37	NC_051862.1	188968465	False	1314	438	3	4	15	2	5	14	6	8	7	7	7	8
OG0004370	NC_051862.1:37	NC_051862.1	188970728	True	540	180	0	4	0	0	3	2	3	1	2	2	0	5
OG0004371	NC_051862.1:37	NC_051862.1	188982340	True	405	135	2	2	10	2	2	12	5	3	5	5	3	6
OG0004372	NC_051862.1:37	NC_051862.1	189148027	False	669	223	3	6	5	3	5	1	2	5	2	1	5	4
OG0004373	NC_051862.1:37	NC_051862.1	189155972	True	1557	519	3	14	5	10	12	5	4	2	15	1	8	23
OG0004374	NC_051862.1:37	NC_051862.1	189168831	False	597	199	0	0	3	1	0	3	1	1	1	1	2	1
OG0004375	NC_051862.1:37	NC_051862.1	189192350	True	2082	694	11	15	10	19	15	4	4	10	21	2	16	23
OG0004376	NC_051862.1:37	NC_051862.1	189221804	True	1380	460	2	4	1	3	2	3	6	3	1	4	3	1
OG0004377	NC_051863.1:36	NC_051863.1	182757316	False	3297	1099	2	5	29	2	4	28	8	9	15	7	9	17
OG0004378	NC_051863.1:36	NC_051863.1	183267867	True	1278	426	0	2	3	0	4	1	0	4	2	0	2	3
OG0004379	NC_051863.1:36	NC_051863.1	183285611	True	2916	972	6	12	17	6	11	18	7	4	18	5	4	20
OG0004380	NC_051863.1:36	NC_051863.1	183815056	True	2946	982	7	11	7	7	16	6	4	9	15	2	3	20
OG0004381	NC_051863.1:36	NC_051863.1	183833690	True	1125	375	2	4	3	4	4	7	5	1	4	6	4	6
OG0004382	NC_051863.1:36	NC_051863.1	183847278	False	1104	368	4	8	3	1	8	3	2	2	5	4	1	11
OG0004383	NC_051861.1:10	NC_051861.1	50281067	False	294	98	0	2	1	0	3	0	0	2	0	0	1	2
OG0004384	NC_051861.1:10	NC_051861.1	50294345	False	1023	341	1	11	0	1	12	0	0	1	1	0	0	11
OG0004385	NC_051861.1:10	NC_051861.1	50300641	True	3315	1105	3	19	7	0	34	2	2	20	1	3	6	19
OG0004386	NC_051861.1:10	NC_051861.1	50491737	True	1416	472	4	5	5	2	6	1	3	9	3	3	5	4
OG0004387	NC_051861.1:10	NC_051861.1	50500460	True	522	174	2	0	1	1	0	2	1	0	1	2	0	0
OG0004388	NC_051861.1:10	NC_051861.1	50513769	True	4152	1384	14	23	6	12	24	6	3	4	29	4	3	41
OG0004389	NC_051861.1:10	NC_051861.1	50535106	False	600	200	1	4	3	0	4	3	2	2	3	3	2	7
OG0004390	NC_051861.1:10	NC_051861.1	50536162	True	1293	431	0	0	1	0	0	0	0	1	2	0	1	2
OG0004391	NC_051861.1:10	NC_051861.1	50539505	True	1602	534	5	12	8	5	10	9	3	0	12	1	0	17
OG0004392	NC_051861.1:10	NC_051861.1	50554709	False	954	318	0	6	3	0	4	3	2	1	2	1	1	6
OG0004393	NC_051861.1:10	NC_051861.1	50576357	True	858	286	4	10	5	4	11	6	1	0	6	1	0	12
OG0004394	NC_051861.1:10	NC_051861.1	50577500	True	2541	847	8	35	9	6	35	0	1	11	15	3	10	44
OG0004395	NC_051861.1:10	NC_051861.1	50589438	True	966	322	4	6	3	1	12	2	2	9	1	5	3	6
OG0004396	NC_051861.1:10	NC_051861.1	50591723	True	543	181	0	4	1	1	3	0	1	1	1	0	2	4
OG0004397	NC_051861.1:10	NC_051861.1	50642618	False	147	49	1	0	0	1	0	1	1	0	1	1	0	0
OG0004398	NC_051861.1:10	NC_051861.1	50758719	True	1272	424	3	6	2	3	3	2	3	0	7	0	0	7
OG0004399	NC_051861.1:10	NC_051861.1	50840070	True	666	222	1	4	1	1	4	1	0	0	4	0	0	7
OG0004400	NC_051861.1:3	NC_051861.1	18759724	False	2571	857	3	16	27	8	15	34	15	6	22	12	9	31
OG0004401	NC_051861.1:3	NC_051861.1	18732983	False	567	189	0	8	1	0	9	2	1	0	0	1	0	8
OG0004402	NC_051861.1:3	NC_051861.1	18733711	True	402	134	0	7	0	0	7	0	0	0	0	0	0	7
OG0004403	NC_051861.1:3	NC_051861.1	18711115	True	2109	703	3	19	6	6	15	5	12	8	4	6	10	16
OG0004404	NC_051861.1:3	NC_051861.1	18708854	False	1155	385	2	269	1	20	12	4	263	0	5	3	18	14
OG0004405	NC_051861.1:3	NC_051861.1	18643031	True	1986	662	1	22	3	0	22	3	4	6	1	2	1	19
OG0004406	NC_051861.1:3	NC_051861.1	18635574	True	909	303	2	6	1	1	7	3	3	2	3	4	1	8
OG0004407	NC_051861.1:3	NC_051861.1	18509575	True	2553	851	1	15	13	1	16	12	2	4	11	1	2	23
OG0004408	NC_051861.1:3	NC_051861.1	18426970	False	2799	933	4	448	4	16	26	5	430	2	8	4	15	32
OG0004409	NC_051861.1:3	NC_051861.1	18357956	False	3012	1004	2	966	3	10	675	13	120	8	4	13	11	672
OG0004410	NC_051861.1:3	NC_051861.1	18314058	True	1455	485	4	12	5	5	12	3	2	4	7	2	6	15
OG0004411	NC_051861.1:3	NC_051861.1	18306150	True	1488	496	5	8	5	5	7	4	3	3	9	2	3	11
OG0004412	NC_051861.1:3	NC_051861.1	18277456	False	726	242	1	14	4	2	15	4	4	5	1	3	4	13
OG0004413	NC_051861.1:3	NC_051861.1	18269118	False	189	63	0	1	0	0	1	0	0	0	1	0	0	2
OG0004414	NC_051861.1:3	NC_051861.1	18175043	False	5691	1897	26	29	16	13	578	11	9	559	26	22	14	43
OG0004415	NC_051861.1:3	NC_051861.1	17889817	False	828	276	0	8	2	1	7	0	0	2	0	0	3	7
OG0004416	NC_051862.1:15	NC_051862.1	78523362	True	483	161	0	0	6	0	0	4	0	2	0	0	2	0
OG0004417	NC_051863.1:26	NC_051863.1	132916711	True	1101	367	2	1	1	8	0	0	1	1	2	0	7	0
OG0004418	NC_051863.1:26	NC_051863.1	133252774	True	552	184	0	0	1	5	0	0	0	1	0	0	6	0
OG0004419	NC_051863.1:26	NC_051863.1	133270918	False	273	91	5	1	0	5	0	0	1	0	5	0	0	0
OG0004420	NC_051863.1:26	NC_051863.1	133451648	True	1437	479	11	12	15	10	15	11	10	18	10	10	14	10
OG0004421	NC_051863.1:26	NC_051863.1	133459398	True	1446	482	4	4	4	5	2	1	3	4	5	2	6	4
OG0004422	NC_051863.1:26	NC_051863.1	133471893	True	1509	503	11	1	6	14	5	0	0	10	11	2	11	3
OG0004423	NC_051863.1:26	NC_051863.1	133493418	True	978	326	11	5	2	10	3	8	11	3	10	10	3	3
OG0004424	NC_051863.1:26	NC_051863.1	133488296	False	252	84	2	0	1	2	0	0	0	1	2	0	1	0
OG0004425	NC_051863.1:26	NC_051863.1	133485639	True	417	139	10	6	4	10	4	2	3	3	12	1	3	6
OG0004426	NC_051863.1:26	NC_051863.1	133483129	True	2346	782	10	11	6	7	13	10	10	8	12	12	5	16
OG0004427	NC_051863.1:26	NC_051863.1	133514275	True	813	271	9	2	3	7	3	4	3	3	6	6	3	2
OG0004428	NC_051863.1:26	NC_051863.1	133635029	True	441	147	0	1	2	0	0	1	1	1	0	0	1	0
OG0004429	NC_051863.1:26	NC_051863.1	133657362	False	528	176	3	0	1	3	0	0	0	1	2	1	4	0
OG0004430	NC_051863.1:26	NC_051863.1	133660879	True	1197	399	6	7	4	4	4	6	6	2	6	7	3	6
OG0004431	NC_051863.1:26	NC_051863.1	133670723	True	11067	3689	51	48	34	71	33	40	50	30	46	40	56	36
OG0004432	NC_051863.1:26	NC_051863.1	133774777	False	0	0	0	0	0	0	0	0	0	0	0	0	0	0
OG0004433	NC_051861.1:9	NC_051861.1	46434418	True	4080	1360	7	14	7	3	15	8	9	9	9	9	4	16
OG0004434	NC_051861.1:9	NC_051861.1	47137229	True	606	202	0	3	1	0	2	3	3	0	2	2	0	4
OG0004435	NC_051861.1:4	NC_051861.1	22292341	True	2076	692	3	9	20	1	11	21	1	2	14	3	0	22
OG0004436	NC_051861.1:4	NC_051861.1	22317017	True	669	223	1	1	2	0	1	2	0	0	8	1	0	9
OG0004437	NC_051861.1:4	NC_051861.1	22032529	False	24	8	0	0	0	0	0	0	0	0	0	0	0	0
OG0004438	NC_051861.1:4	NC_051861.1	22324467	True	1005	335	2	2	6	1	3	6	1	2	8	2	1	9
OG0004439	NC_051861.1:4	NC_051861.1	22343454	True	453	151	0	0	0	0	0	0	0	0	0	0	0	0
OG0004440	NC_051861.1:4	NC_051861.1	22350946	True	768	256	3	1	7	3	2	9	2	1	6	2	0	4
OG0004441	NC_051861.1:4	NC_051861.1	22359629	True	2973	991	1	16	17	2	10	12	6	5	12	1	6	21
OG0004442	NC_051861.1:4	NC_051861.1	22377489	True	3261	1087	8	29	27	8	31	31	5	5	21	8	6	45
OG0004443	NC_051861.1:4	NC_051861.1	22387426	False	2166	722	0	9	13	2	5	31	23	3	5	23	5	10
OG0004444	NC_051861.1:4	NC_051861.1	22467255	True	2730	910	2	16	17	3	17	24	11	5	18	9	3	30
OG0004445	NC_051861.1:4	NC_051861.1	22471506	True	915	305	2	3	2	0	3	2	1	2	0	3	1	3
OG0004446	NC_051861.1:4	NC_051861.1	22498055	True	1671	557	3	6	7	0	6	7	3	3	3	4	1	7
OG0004447	NC_051861.1:4	NC_051861.1	22501560	True	1335	445	0	8	11	0	6	10	3	2	11	1	2	18
OG0004448	NC_051861.1:4	NC_051861.1	22521834	True	645	215	0	0	1	0	0	1	0	0	1	0	0	1
OG0004449	NC_051861.1:4	NC_051861.1	22555047	True	2589	863	3	11	9	1	8	8	3	2	5	3	2	14
OG0004450	NC_051861.1:4	NC_051861.1	22610133	False	3681	1227	5	20	35	6	17	37	10	6	20	7	6	31
OG0004451	NC_051861.1:4	NC_051861.1	22619621	True	1872	624	2	6	24	1	7	22	3	5	14	4	4	19
OG0004452	NC_051861.1:4	NC_051861.1	22711081	False	384	128	1	1	0	0	1	0	0	0	1	1	0	2
OG0004453	NC_051861.1:4	NC_051861.1	22821557	True	1515	505	0	2	23	0	2	23	2	2	8	2	2	9
OG0004454	NC_051861.1:4	NC_051861.1	22856826	True	573	191	1	4	1	1	2	1	2	0	1	0	0	2
OG0004455	NC_051861.1:4	NC_051861.1	22859421	True	2241	747	4	14	22	4	16	14	1	11	17	3	11	28
OG0004456	NC_051863.1:23	NC_051863.1	116736571	False	2610	870	5	5	24	4	3	28	14	8	16	12	8	15
OG0004457	NC_051863.1:23	NC_051863.1	116769035	False	456	152	0	1	6	0	1	4	0	2	5	0	2	6
OG0004458	NC_051863.1:23	NC_051863.1	116784438	False	1809	603	4	2	58	2	4	27	7	47	17	9	48	17
OG0004459	NC_051863.1:23	NC_051863.1	116800713	True	531	177	0	1	1	0	1	1	1	1	3	1	1	4
OG0004460	NC_051863.1:23	NC_051863.1	116907422	False	1896	632	1	340	3	0	344	1	0	3	3	1	2	344
OG0004461	NC_051863.1:23	NC_051863.1	116995331	True	1431	477	5	17	6	4	15	3	4	5	6	4	6	18
OG0004462	NC_051863.1:23	NC_051863.1	117004711	False	1164	388	3	17	15	4	14	12	5	5	58	2	5	68
OG0004463	NC_051863.1:23	NC_051863.1	117010115	False	1059	353	2	123	1	2	124	1	1	2	1	2	2	125
OG0004464	NC_051863.1:23	NC_051863.1	117026455	False	3129	1043	4	663	24	6	670	21	4	9	29	3	8	692
OG0004465	NC_051863.1:23	NC_051863.1	117057363	True	1221	407	3	9	6	3	8	7	9	7	4	4	3	5
OG0004466	NC_051863.1:23	NC_051863.1	117196119	True	1299	433	0	5	2	2	4	0	1	2	1	0	4	5
OG0004467	NC_051863.1:23	NC_051863.1	117198148	True	885	295	0	6	5	1	5	2	2	4	1	1	5	6
OG0004468	NC_051863.1:23	NC_051863.1	117211227	True	2895	965	6	13	8	4	14	8	7	10	9	5	4	13
OG0004469	NC_051863.1:23	NC_051863.1	117232436	False	5331	1777	97	33	19	97	25	18	22	15	100	15	21	35
OG0004470	NC_051863.1:23	NC_051863.1	117256901	True	963	321	3	5	2	4	3	6	9	3	2	8	5	3
OG0004471	NC_051863.1:23	NC_051863.1	117258238	False	963	321	1	395	0	1	405	1	2	9	3	1	0	395
OG0004472	NC_051863.1:23	NC_051863.1	117351874	False	885	295	9	3	9	0	114	6	1	115	2	10	4	5
OG0004473	NC_051863.1:23	NC_051863.1	117356413	True	1215	405	1	0	4	1	0	5	1	0	8	1	0	6
OG0004474	NC_051863.1:23	NC_051863.1	116300840	False	747	249	0	1	1	0	1	1	0	0	2	0	0	3
OG0004475	NC_051861.1:5	NC_051861.1	27623732	False	969	323	1	1	23	1	1	24	1	1	7	1	1	7
OG0004476	NC_051861.1:5	NC_051861.1	27652131	False	810	270	1	2	19	1	2	13	3	14	4	3	14	5
OG0004477	NC_051861.1:5	NC_051861.1	27278853	False	3615	1205	8	428	24	4	439	22	16	23	20	14	11	443
OG0004478	NC_051861.1:5	NC_051861.1	27236326	False	2469	823	0	440	7	1	435	4	6	8	7	1	5	438
OG0004479	NC_051861.1:5	NC_051861.1	27227677	False	2514	838	0	7	20	0	4	23	10	4	15	6	3	18
OG0004480	NC_051862.1:25	NC_051862.1	126829801	False	375	125	0	0	0	0	0	0	0	0	0	0	0	0
OG0004481	NC_051862.1:10	NC_051862.1	52531088	True	342	114	0	0	4	0	0	4	1	1	1	1	1	1
OG0004482	NC_051862.1:10	NC_051862.1	52641488	True	936	312	1	0	6	1	0	5	1	3	3	1	3	2
OG0004483	NC_051862.1:10	NC_051862.1	52654342	False	612	204	0	1	10	0	1	9	0	1	8	0	1	9
OG0004484	NC_051862.1:10	NC_051862.1	52669955	True	1812	604	3	6	0	3	6	2	2	0	5	3	1	9
OG0004485	NC_051862.1:10	NC_051862.1	52694250	True	1956	652	10	17	8	12	21	17	16	10	10	15	8	16
OG0004486	NC_051862.1:10	NC_051862.1	52793210	True	2694	898	8	20	9	10	20	11	11	10	14	7	8	22
OG0004487	NC_051862.1:10	NC_051862.1	52811683	True	1233	411	4	2	5	7	2	4	4	5	5	5	9	4
OG0004488	NC_051862.1:10	NC_051862.1	52892600	True	3318	1106	6	15	17	8	15	16	0	2	23	0	3	31
OG0004489	NC_051862.1:10	NC_051862.1	52926139	True	819	273	0	2	5	0	2	6	1	0	0	1	0	2
OG0004490	NC_051862.1:10	NC_051862.1	52956129	True	456	152	1	1	3	1	1	3	0	1	3	0	1	3
OG0004491	NC_051862.1:10	NC_051862.1	52957928	True	1989	663	1	0	16	1	0	14	3	5	8	3	5	7
OG0004492	NC_051862.1:10	NC_051862.1	52975375	True	1023	341	0	1	11	0	1	10	3	4	5	3	4	6
OG0004493	NC_051862.1:10	NC_051862.1	53006612	True	2367	789	5	8	15	4	5	18	14	8	19	11	7	18
OG0004495	NC_051862.1:10	NC_051862.1	53069749	True	3426	1142	2	11	6	1	14	2	4	12	3	3	6	12
OG0004496	NC_051862.1:10	NC_051862.1	53190897	False	807	269	0	0	5	0	0	5	1	0	5	2	0	5
OG0004497	NC_051862.1:10	NC_051862.1	53196891	False	489	163	1	0	6	1	0	6	1	1	3	1	1	2
OG0004498	NC_051862.1:10	NC_051862.1	53197868	True	1104	368	1	1	10	1	1	11	2	1	16	2	1	16
OG0004499	NC_051862.1:10	NC_051862.1	53220051	True	810	270	0	0	7	0	0	8	3	2	1	3	2	1
OG0004500	NC_051862.1:10	NC_051862.1	53228303	False	516	172	0	0	13	1	0	9	2	4	5	2	5	5
OG0004501	NC_051862.1:10	NC_051862.1	53229832	True	2004	668	2	4	34	2	4	32	6	7	22	6	7	25
OG0004502	NC_051862.1:10	NC_051862.1	52354671	True	990	330	4	3	13	2	3	14	2	1	18	4	1	18
OG0004503	NC_051862.1:43	NC_051862.1	219845728	True	813	271	3	4	3	6	1	3	4	1	5	1	4	2
OG0004504	NC_051862.1:43	NC_051862.1	219876254	True	1710	570	3	7	8	3	7	12	8	5	4	8	4	8
OG0004505	NC_051862.1:43	NC_051862.1	219897536	True	1005	335	5	3	9	4	9	4	3	14	6	5	9	6
OG0004506	NC_051862.1:44	NC_051862.1	220074775	False	2112	704	4	94	5	4	98	4	0	5	89	1	2	319
OG0004507	NC_051862.1:44	NC_051862.1	220444937	True	2823	941	7	10	9	8	8	15	13	6	12	13	8	14
OG0004508	NC_051862.1:44	NC_051862.1	220478519	True	2085	695	6	8	16	6	6	12	10	13	10	7	11	9
OG0004509	NC_051862.1:44	NC_051862.1	220494195	True	1629	543	11	17	12	13	14	8	6	10	15	6	12	20
OG0004510	NC_051862.1:44	NC_051862.1	220496563	True	1230	410	5	7	5	4	7	8	10	7	10	9	5	11
OG0004511	NC_051862.1:44	NC_051862.1	220501259	False	492	164	0	0	2	1	1	0	1	3	3	0	3	3
OG0004512	NC_051862.1:44	NC_051862.1	220502847	False	1266	422	3	11	4	5	6	5	8	2	5	2	3	7
OG0004513	NC_051862.1:44	NC_051862.1	220538878	True	1227	409	4	2	3	2	3	4	4	4	3	5	2	2
OG0004514	NC_051862.1:44	NC_051862.1	220557150	True	1626	542	5	6	9	7	8	6	0	5	13	0	5	14
OG0004515	NC_051862.1:44	NC_051862.1	220663883	False	855	285	2	1	1	4	1	0	0	1	6	0	3	5
OG0004516	NC_051862.1:44	NC_051862.1	220654728	True	1509	503	4	5	1	5	7	1	0	2	5	0	1	6
OG0004517	NC_051862.1:44	NC_051862.1	220705196	True	3651	1217	12	14	46	16	16	40	25	32	27	21	29	26
OG0004518	NC_051862.1:44	NC_051862.1	220780358	True	1188	396	1	2	1	1	3	3	2	1	0	3	1	2
OG0004519	NC_051862.1:44	NC_051862.1	220789411	True	1644	548	6	4	9	5	7	4	2	11	6	4	8	5
OG0004520	NC_051862.1:44	NC_051862.1	220800784	True	1326	442	1	2	3	0	1	4	5	3	1	5	3	2
OG0004521	NC_051862.1:44	NC_051862.1	220810676	True	1044	348	6	1	11	4	1	4	2	9	4	5	10	2
OG0004522	NC_051863.1:16	NC_051863.1	80303025	False	1605	535	2	27	6	4	25	6	11	9	3	6	8	23
OG0004523	NC_051863.1:16	NC_051863.1	80278264	True	303	101	2	2	0	1	2	0	1	1	2	1	0	2
OG0004524	NC_051863.1:16	NC_051863.1	80273040	True	501	167	0	6	0	2	6	0	0	0	0	0	2	6
OG0004525	NC_051863.1:16	NC_051863.1	80215647	True	3801	1267	8	34	8	8	37	9	3	6	19	3	2	45
OG0004526	NC_051863.1:16	NC_051863.1	80093385	True	1095	365	7	10	1	0	18	2	3	11	0	9	1	9
OG0004527	NC_051863.1:16	NC_051863.1	80061309	True	819	273	2	4	1	2	5	0	0	2	3	0	1	5
OG0004528	NC_051863.1:16	NC_051863.1	80041482	True	522	174	0	0	1	0	0	1	0	0	3	0	0	3
OG0004529	NC_051863.1:16	NC_051863.1	80021161	True	408	136	0	0	3	0	0	2	0	1	1	0	1	1
OG0004530	NC_051863.1:15	NC_051863.1	79945791	True	1344	448	0	0	7	0	0	7	1	1	3	1	1	3
OG0004531	NC_051863.1:15	NC_051863.1	79928224	True	1467	489	1	0	6	1	0	9	3	0	14	3	0	13
OG0004532	NC_051863.1:15	NC_051863.1	79866783	False	696	232	0	257	1	3	106	1	70	0	0	0	3	106
OG0004533	NC_051863.1:15	NC_051863.1	79831141	True	1341	447	4	1	15	4	3	9	2	10	8	2	8	6
OG0004534	NC_051863.1:15	NC_051863.1	79770781	False	3756	1252	5	1	80	3	1	17	3	71	7	5	71	5
OG0004535	NC_051863.1:15	NC_051863.1	79371037	True	960	320	0	0	12	0	0	12	2	2	2	2	2	3
OG0004536	NC_051863.1:16	NC_051863.1	80320326	True	423	141	0	0	0	0	0	1	1	0	1	1	0	1
OG0004537	NC_051862.1:3	NC_051862.1	16871577	True	978	326	7	5	5	9	3	5	7	6	8	5	7	3
OG0004538	NC_051862.1:4	NC_051862.1	24036204	True	153	51	0	1	0	0	0	1	1	0	0	0	0	0
OG0004539	NC_051862.1:4	NC_051862.1	24039930	False	771	257	0	188	4	3	54	6	60	2	4	3	3	56
OG0004540	NC_051862.1:4	NC_051862.1	24043736	False	1050	350	0	1	9	0	1	7	1	3	6	1	3	7
OG0004541	NC_051862.1:4	NC_051862.1	24128170	False	1527	509	0	605	1	0	604	1	2	0	0	0	0	602
OG0004542	NC_051862.1:4	NC_051862.1	24240058	False	498	166	1	1	0	0	1	2	2	0	2	3	0	3
OG0004543	NC_051862.1:4	NC_051862.1	24248414	True	2742	914	4	9	6	2	12	6	5	8	4	7	5	11
OG0004544	NC_051862.1:4	NC_051862.1	24450842	True	2451	817	7	17	12	10	11	13	13	7	8	10	12	14
OG0004545	NC_051862.1:4	NC_051862.1	24463341	True	2730	910	3	13	6	1	12	3	3	4	2	4	5	13
OG0004546	NC_051862.1:4	NC_051862.1	24509635	True	1143	381	10	6	1	11	5	6	9	3	9	7	3	3
OG0004547	NC_051862.1:4	NC_051862.1	24528955	True	849	283	5	4	1	5	4	2	2	1	6	2	1	5
OG0004548	NC_051862.1:4	NC_051862.1	24549881	True	2778	926	8	18	11	12	18	11	16	14	14	12	14	20
OG0004549	NC_051862.1:4	NC_051862.1	24581520	True	2088	696	7	11	6	8	7	5	6	4	13	4	6	14
OG0004550	NC_051862.1:4	NC_051862.1	24687355	True	984	328	3	3	2	3	4	11	11	2	6	11	1	6
OG0004551	NC_051862.1:14	NC_051862.1	70022810	False	1218	406	0	0	11	0	0	15	3	0	3	3	0	3
OG0004552	NC_051862.1:14	NC_051862.1	70101189	True	276	92	0	1	1	1	1	0	0	1	0	0	2	1
OG0004553	NC_051862.1:14	NC_051862.1	70114183	True	600	200	3	2	0	3	3	2	2	1	3	2	0	2
OG0004554	NC_051862.1:14	NC_051862.1	70121388	True	2016	672	10	8	7	9	9	3	2	7	15	4	7	15
OG0004555	NC_051862.1:14	NC_051862.1	70144297	True	783	261	1	1	4	1	2	3	1	3	2	1	2	2
OG0004556	NC_051862.1:14	NC_051862.1	70161689	True	2526	842	2	11	4	6	4	8	13	1	1	6	6	4
OG0004557	NC_051862.1:14	NC_051862.1	70221633	False	708	236	1	2	7	1	1	8	2	1	101	1	0	101
OG0004558	NC_051862.1:14	NC_051862.1	70235212	False	912	304	3	6	1	5	7	14	15	3	3	15	5	7
OG0004559	NC_051862.1:14	NC_051862.1	70455556	True	1710	570	3	2	22	2	3	23	4	4	24	5	3	24
OG0004560	NC_051862.1:14	NC_051862.1	70479913	True	1458	486	2	1	24	2	0	25	7	5	16	6	5	14
OG0004561	NC_051862.1:14	NC_051862.1	70498377	True	1692	564	4	4	5	2	3	3	1	2	8	2	2	8
OG0004562	NC_051862.1:14	NC_051862.1	70553673	True	453	151	0	0	2	0	0	1	0	1	0	0	1	0
OG0004563	NC_051862.1:14	NC_051862.1	70571720	True	1800	600	0	5	1	3	3	1	4	2	0	1	4	2
OG0004565	NC_051862.1:14	NC_051862.1	70684658	True	1725	575	5	6	13	3	5	15	4	0	17	4	0	19
OG0004566	NC_051862.1:14	NC_051862.1	70692057	True	726	242	2	3	11	2	4	13	3	2	5	3	1	5
OG0004567	NC_051862.1:14	NC_051862.1	70697163	True	1293	431	3	10	22	7	5	20	8	4	13	3	8	15
OG0004568	NC_051862.1:14	NC_051862.1	70704501	True	1758	586	1	0	14	1	0	12	0	2	3	0	2	2
OG0004569	NC_051862.1:14	NC_051862.1	70754256	False	1197	399	3	3	10	2	3	6	3	8	3	3	6	3
OG0004570	NC_051862.1:14	NC_051862.1	70801194	True	6609	2203	10	15	54	10	15	57	18	13	24	17	12	28
OG0004571	NC_051862.1:14	NC_051862.1	70923372	True	258	86	0	3	0	1	2	1	2	0	0	1	1	2
OG0004572	NC_051862.1:14	NC_051862.1	71049982	True	1749	583	1	2	2	1	0	2	4	2	1	3	3	1
OG0004573	NC_051862.1:13	NC_051862.1	69984379	True	939	313	1	1	10	0	1	10	0	0	6	1	0	7
OG0004574	NC_051862.1:43	NC_051862.1	215438577	False	4476	1492	7	12	57	11	12	55	24	26	25	23	29	30
OG0004575	NC_051862.1:43	NC_051862.1	215456426	True	2442	814	2	2	20	1	2	24	7	2	24	8	2	25
OG0004576	NC_051862.1:43	NC_051862.1	215494162	False	495	165	17	1	3	0	244	0	0	247	0	18	3	1
OG0004577	NC_051862.1:43	NC_051862.1	215664482	True	1800	600	6	3	26	7	3	25	7	10	21	7	11	17
OG0004578	NC_051862.1:43	NC_051862.1	215676233	True	453	151	0	3	2	0	3	5	3	0	2	3	0	5
OG0004579	NC_051862.1:43	NC_051862.1	215681133	True	855	285	1	3	8	0	3	9	2	1	4	3	1	7
OG0004580	NC_051862.1:43	NC_051862.1	215692052	False	3837	1279	16	8	56	13	11	47	11	24	35	13	19	30
OG0004581	NC_051862.1:43	NC_051862.1	215708537	True	1008	336	0	1	6	0	1	6	2	1	2	1	1	3
OG0004582	NC_051862.1:43	NC_051862.1	215746930	True	939	313	1	1	9	1	1	7	0	2	7	0	2	6
OG0004583	NC_051862.1:43	NC_051862.1	215751895	True	972	324	0	3	17	0	2	13	4	7	8	3	7	10
OG0004584	NC_051862.1:43	NC_051862.1	215760023	True	1173	391	0	2	6	0	2	5	1	2	7	1	2	9
OG0004585	NC_051862.1:43	NC_051862.1	215771731	False	1287	429	0	2	18	0	3	18	7	8	11	7	7	13
OG0004586	NC_051862.1:43	NC_051862.1	215813367	True	768	256	0	0	5	0	1	5	2	4	3	2	3	3
OG0004587	NC_051862.1:43	NC_051862.1	215817165	True	1494	498	2	6	21	2	6	19	6	7	12	5	7	16
OG0004588	NC_051862.1:43	NC_051862.1	215834325	True	363	121	0	0	1	0	1	2	1	1	0	1	0	0
OG0004589	NC_051862.1:43	NC_051862.1	215999298	True	3693	1231	7	4	29	6	4	23	8	13	16	9	13	14
OG0004590	NC_051862.1:43	NC_051862.1	216033315	False	984	328	2	2	11	2	3	12	6	6	7	6	5	8
OG0004591	NC_051862.1:43	NC_051862.1	216053665	True	5145	1715	4	7	36	2	5	37	11	11	16	12	12	19
OG0004592	NC_051862.1:43	NC_051862.1	216084433	True	345	115	2	0	3	2	0	4	1	0	2	2	1	1
OG0004593	NC_051862.1:43	NC_051862.1	216119429	False	2049	683	3	6	21	2	5	27	16	8	15	15	8	17
OG0004594	NC_051862.1:43	NC_051862.1	216135210	True	1536	512	2	0	10	2	0	12	2	0	10	2	0	8
OG0004595	NC_051862.1:43	NC_051862.1	216158674	True	1629	543	5	1	15	1	2	16	3	3	6	7	2	6
OG0004596	NC_051862.1:43	NC_051862.1	216165576	True	3495	1165	2	4	39	2	4	41	14	14	14	15	15	17
OG0004597	NC_051862.1:43	NC_051862.1	216194216	True	1443	481	1	2	15	2	2	13	4	6	12	4	7	13
OG0004598	NC_051862.1:43	NC_051862.1	216291147	True	894	298	1	0	15	1	0	19	8	4	9	8	4	8
OG0004599	NC_051862.1:43	NC_051862.1	216336611	False	396	132	0	1	5	0	1	4	1	2	3	0	1	3
OG0004600	NC_051862.1:43	NC_051862.1	216349313	True	864	288	0	0	23	0	0	16	5	11	11	5	11	9
OG0004601	NC_051862.1:43	NC_051862.1	216353722	False	1098	366	0	2	3	0	2	3	1	1	3	1	1	5
OG0004602	NC_051862.1:43	NC_051862.1	215407778	True	1293	431	5	5	12	2	2	11	6	5	6	6	5	6
OG0004603	NC_051862.1:31	NC_051862.1	159645427	True	1956	652	12	6	10	11	10	11	11	14	11	14	12	8
OG0004604	NC_051862.1:31	NC_051862.1	159611224	True	2637	879	3	6	8	15	0	0	6	8	3	0	20	0
OG0004605	NC_051862.1:31	NC_051862.1	159556202	True	2001	667	6	5	4	4	5	3	5	6	4	6	5	4
OG0004606	NC_051862.1:31	NC_051862.1	159661599	True	2163	721	11	8	6	15	6	6	8	7	14	9	11	10
OG0004607	NC_051862.1:6	NC_051862.1	30477942	True	2340	780	1	0	25	1	1	29	9	7	12	9	6	11
OG0004608	NC_051862.1:6	NC_051862.1	30475952	True	612	204	2	2	9	2	2	7	3	5	3	3	5	3
OG0004609	NC_051862.1:6	NC_051862.1	30431545	True	933	311	2	3	18	2	3	12	4	10	8	4	10	9
OG0004610	NC_051862.1:6	NC_051862.1	30316091	True	1458	486	0	0	5	0	0	7	2	1	4	2	1	4
OG0004611	NC_051862.1:6	NC_051862.1	30287055	True	990	330	0	0	13	0	0	15	9	6	5	9	6	5
OG0004612	NC_051862.1:6	NC_051862.1	30109859	False	894	298	1	2	2	2	2	3	2	1	3	2	2	4
OG0004613	NC_051862.1:6	NC_051862.1	30104301	True	816	272	0	5	2	0	5	2	1	1	9	0	0	12
OG0004614	NC_051862.1:5	NC_051862.1	29713476	True	5043	1681	10	28	34	14	24	27	15	20	27	12	24	40
OG0004615	NC_051862.1:5	NC_051862.1	29634304	True	882	294	0	0	3	0	0	5	3	1	2	3	1	2
OG0004616	NC_051862.1:5	NC_051862.1	29624876	True	1809	603	6	4	35	4	4	33	9	11	21	9	10	20
OG0004617	NC_051863.1:26	NC_051863.1	134516784	True	900	300	8	6	2	17	2	0	4	2	8	0	11	2
OG0004618	NC_051862.1:40	NC_051862.1	200563015	False	2154	718	2	10	6	1	11	2	0	4	6	1	3	14
OG0004619	NC_051862.1:40	NC_051862.1	200898275	True	1590	530	7	4	13	3	7	7	3	10	8	7	10	10
OG0004620	NC_051862.1:40	NC_051862.1	200909093	False	51	17	0	0	0	0	0	0	0	0	0	0	0	0
OG0004621	NC_051862.1:40	NC_051862.1	201197945	True	294	98	1	0	7	1	0	7	0	0	4	0	0	3
OG0004622	NC_051862.1:40	NC_051862.1	201198647	False	5766	1922	116	17	34	115	14	29	11	13	622	11	11	526
OG0004623	NC_051862.1:40	NC_051862.1	201296082	True	3159	1053	3	27	10	3	25	10	11	8	5	8	8	27
OG0004624	NC_051862.1:40	NC_051862.1	201306689	True	1404	468	6	5	3	4	5	5	7	5	3	9	4	3
OG0004625	NC_051862.1:40	NC_051862.1	201328475	False	1950	650	4	122	1	8	120	2	5	3	6	3	4	120
OG0004626	NC_051862.1:40	NC_051862.1	201373011	False	321	107	0	2	0	0	2	1	1	0	0	1	0	3
OG0004627	NC_051862.1:30	NC_051862.1	154876458	False	1218	406	5	2	3	5	0	5	6	2	7	4	2	2
OG0004628	NC_051862.1:30	NC_051862.1	154810609	True	2565	855	12	3	5	14	3	4	2	3	13	4	7	6
OG0004629	NC_051862.1:30	NC_051862.1	154569033	False	9060	3020	74	47	42	77	32	32	39	34	88	40	53	63
OG0004630	NC_051862.1:30	NC_051862.1	154248755	False	2232	744	6	1	7	7	2	7	4	5	4	7	8	2
OG0004631	NC_051862.1:30	NC_051862.1	154230759	False	1218	406	3	7	4	0	7	6	3	2	2	6	2	9
OG0004632	NC_051862.1:30	NC_051862.1	154079257	False	2262	754	23	11	9	20	8	7	9	7	17	11	9	7
OG0004633	NC_051862.1:30	NC_051862.1	154033928	True	945	315	6	3	3	5	5	3	5	7	8	6	4	5
OG0004634	NC_051862.1:30	NC_051862.1	153999413	True	2244	748	17	9	9	16	10	7	5	8	23	7	9	17
OG0004635	NC_051862.1:30	NC_051862.1	154907373	True	2286	762	24	10	13	29	8	6	7	12	26	4	15	10
OG0004636	NC_051863.1:27	NC_051863.1	135475548	False	207	69	1	0	3	1	0	3	0	0	4	0	0	3
OG0004637	NC_051863.1:27	NC_051863.1	135205488	False	390	130	0	0	1	0	0	1	0	0	0	0	0	0
OG0004638	NC_051863.1:26	NC_051863.1	134739571	True	1272	424	9	1	5	15	0	0	1	5	9	0	11	0
OG0004639	NC_051863.1:26	NC_051863.1	134734354	True	1149	383	10	3	3	10	3	3	2	2	15	2	2	8
OG0004640	NC_051863.1:26	NC_051863.1	134715458	True	1566	522	20	2	6	21	0	2	3	5	19	2	7	0
OG0004642	NC_051863.1:26	NC_051863.1	134683562	True	2607	869	20	8	7	40	0	0	8	7	20	0	27	0
OG0004643	NC_051863.1:26	NC_051863.1	134652155	True	1113	371	1	1	0	2	0	0	1	0	2	0	1	1
OG0004644	NC_051863.1:26	NC_051863.1	134641379	False	534	178	0	0	0	0	0	0	0	0	0	0	0	0
OG0004645	NC_051863.1:26	NC_051863.1	134632950	True	2289	763	14	5	8	24	0	0	5	8	14	0	18	0
OG0004646	NC_051863.1:26	NC_051863.1	134605615	True	393	131	0	0	0	0	0	0	0	0	0	0	0	0
OG0004647	NC_051863.1:31	NC_051863.1	157854303	True	906	302	0	0	13	0	1	0	0	14	1	0	13	1
OG0004648	NC_051863.1:31	NC_051863.1	157847838	True	495	165	1	1	10	0	7	1	0	16	0	1	9	1
OG0004649	NC_051863.1:31	NC_051863.1	157872551	False	1809	603	2	579	14	0	618	4	1	35	0	2	11	576
OG0004650	NC_051863.1:31	NC_051863.1	157923353	False	381	127	0	3	6	0	2	0	1	6	0	0	6	2
OG0004651	NC_051863.1:31	NC_051863.1	157782371	False	1065	355	0	0	23	0	0	3	0	20	0	0	20	0
OG0004652	NC_051863.1:31	NC_051863.1	157768177	False	945	315	0	187	19	0	193	5	0	18	4	0	14	191
OG0004653	NC_051863.1:31	NC_051863.1	157754041	True	738	246	2	0	27	3	0	6	0	21	2	0	23	0
OG0004654	NC_051863.1:31	NC_051863.1	157750975	False	1467	489	0	3	9	1	4	4	2	9	3	2	8	6
OG0004655	NC_051863.1:31	NC_051863.1	157745372	True	1596	532	4	3	29	5	3	9	3	24	5	2	23	3
OG0004656	NC_051863.1:31	NC_051863.1	157743962	True	939	313	1	0	21	1	2	5	1	19	3	2	18	3
OG0004657	NC_051863.1:31	NC_051863.1	157736905	True	729	243	0	1	8	0	1	4	0	4	0	0	4	1
OG0004658	NC_051863.1:31	NC_051863.1	157433763	True	1368	456	3	0	14	0	6	0	0	21	0	3	14	0
OG0004659	NC_051863.1:31	NC_051863.1	157405218	False	165	55	0	0	0	0	0	3	3	0	0	4	0	0
OG0004660	NC_051863.1:31	NC_051863.1	157358195	False	2538	846	1	7	35	1	7	19	6	22	9	5	21	14
OG0004661	NC_051863.1:31	NC_051863.1	157334046	True	1425	475	0	1	24	0	2	3	0	22	0	0	21	1
OG0004662	NC_051863.1:31	NC_051863.1	157297339	True	1110	370	3	5	20	2	4	8	5	16	4	4	15	5
OG0004663	NC_051863.1:31	NC_051863.1	157295562	True	1020	340	3	3	38	1	3	10	2	29	2	4	29	4
OG0004664	NC_051863.1:31	NC_051863.1	157273621	True	1536	512	1	2	21	3	5	5	2	21	4	3	20	6
OG0004665	NC_051863.1:31	NC_051863.1	157263656	True	816	272	1	0	18	0	1	1	0	17	4	1	15	4
OG0004666	NC_051863.1:31	NC_051863.1	157258163	True	504	168	1	0	1	0	0	1	0	0	0	1	0	0
OG0004667	NC_051863.1:31	NC_051863.1	157193747	True	3102	1034	2	5	39	2	5	26	4	17	12	4	16	15
OG0004668	NC_051863.1:31	NC_051863.1	157174071	True	228	76	0	0	0	0	0	0	0	0	2	0	0	2
OG0004669	NC_051863.1:31	NC_051863.1	157169605	True	1527	509	5	10	8	6	9	11	8	6	13	7	5	16
OG0004670	NC_051863.1:31	NC_051863.1	157168014	True	1314	438	4	3	13	6	3	15	9	8	11	9	10	10
OG0004671	NC_051863.1:31	NC_051863.1	157166578	True	870	290	2	2	8	1	1	5	2	5	3	3	5	3
OG0004672	NC_051863.1:31	NC_051863.1	157159988	True	654	218	0	1	3	0	0	3	1	0	0	0	0	0
OG0004673	NC_051863.1:31	NC_051863.1	157154865	True	465	155	0	1	1	0	1	1	0	0	3	0	0	4
OG0004674	NC_051863.1:31	NC_051863.1	157143147	True	2628	876	1	4	29	1	3	26	6	9	13	4	8	14
OG0004675	NC_051863.1:31	NC_051863.1	157055279	False	2937	979	0	4	19	0	6	18	6	8	17	5	6	20
OG0004676	NC_051863.1:31	NC_051863.1	157044403	False	1080	360	1	1	33	0	0	11	3	24	3	3	24	3
OG0004677	NC_051863.1:31	NC_051863.1	156964183	True	3060	1020	1	8	38	2	8	39	2	1	39	2	2	46
OG0004678	NC_051863.1:31	NC_051863.1	156899865	True	651	217	0	0	0	0	0	0	0	0	2	0	0	2
OG0004679	NC_051863.1:31	NC_051863.1	156891665	True	2127	709	3	8	4	5	5	5	6	2	7	4	5	10
OG0004680	NC_051862.1:44	NC_051862.1	221871823	True	627	209	0	0	17	1	0	14	2	5	2	2	6	2
OG0004681	NC_051862.1:44	NC_051862.1	221847881	True	1182	394	1	1	4	2	2	4	0	1	5	0	1	5
OG0004682	NC_051862.1:44	NC_051862.1	221818474	True	2526	842	0	5	14	1	3	15	5	2	3	3	3	6
OG0004683	NC_051862.1:44	NC_051862.1	221761900	True	810	270	0	0	2	0	0	3	1	0	2	1	0	2
OG0004684	NC_051862.1:44	NC_051862.1	221693444	True	999	333	0	3	17	1	2	15	2	5	5	1	6	7
OG0004685	NC_051862.1:44	NC_051862.1	221617230	True	4290	1430	5	11	21	7	10	25	17	13	21	12	10	21
OG0004686	NC_051862.1:44	NC_051862.1	221594620	False	7401	2467	37	58	34	30	65	32	25	30	46	28	23	72
OG0004687	NC_051862.1:44	NC_051862.1	221578889	True	813	271	3	1	6	4	1	9	3	0	3	3	1	1
OG0004688	NC_051862.1:44	NC_051862.1	221542464	True	246	82	1	0	1	1	0	2	2	1	3	2	1	2
OG0004689	NC_051862.1:44	NC_051862.1	221533822	True	624	208	0	0	3	0	0	1	0	2	0	0	2	0
OG0004690	NC_051862.1:44	NC_051862.1	221503423	True	1014	338	0	2	2	0	1	1	1	1	0	0	1	1
OG0004691	NC_051862.1:44	NC_051862.1	221048181	True	1515	505	2	9	23	2	8	25	8	5	9	7	4	14
OG0004692	NC_051862.1:33	NC_051862.1	168686357	True	1455	485	2	8	36	4	6	29	8	15	27	5	15	29
OG0004693	NC_051862.1:33	NC_051862.1	168578141	False	1254	418	1	174	9	3	65	13	51	3	2	8	6	68
OG0004694	NC_051862.1:33	NC_051862.1	168493445	False	1437	479	0	2	19	0	3	15	7	12	7	7	11	9
OG0004695	NC_051862.1:33	NC_051862.1	168337741	True	1071	357	1	0	9	1	0	8	0	1	4	0	1	3
OG0004696	NC_051862.1:33	NC_051862.1	168065695	False	420	140	0	0	1	1	0	2	2	0	0	2	1	0
OG0004697	NC_051862.1:33	NC_051862.1	168013230	True	2028	676	5	12	4	4	11	2	3	4	14	1	2	20
OG0004698	NC_051862.1:33	NC_051862.1	167851170	False	1290	430	1	438	0	2	439	10	13	4	4	10	1	437
OG0004699	NC_051862.1:33	NC_051862.1	167778160	True	1296	432	3	2	11	3	2	9	3	5	7	3	5	5
OG0004700	NC_051862.1:33	NC_051862.1	167761082	True	618	206	0	1	9	0	0	6	1	2	4	0	2	4
OG0004701	NC_051863.1:29	NC_051863.1	147670778	True	1011	337	0	0	40	0	0	44	22	15	17	22	15	17
OG0004702	NC_051863.1:29	NC_051863.1	147360527	False	2805	935	2	143	5	5	1	4	144	4	5	2	6	3
OG0004703	NC_051863.1:29	NC_051863.1	147349947	True	609	203	1	4	3	0	4	2	1	2	1	2	2	5
OG0004704	NC_051863.1:29	NC_051863.1	147346314	True	714	238	2	6	4	2	6	3	2	3	3	1	2	6
OG0004705	NC_051863.1:29	NC_051863.1	147330468	True	444	148	1	0	0	1	0	0	0	0	1	0	0	0
OG0004706	NC_051863.1:29	NC_051863.1	147294026	True	888	296	1	7	4	1	8	3	0	2	7	0	1	13
OG0004707	NC_051863.1:29	NC_051863.1	147281517	True	999	333	0	2	3	0	1	3	3	1	1	2	1	2
OG0004708	NC_051863.1:29	NC_051863.1	147059495	True	1968	656	3	0	23	2	0	19	4	7	10	5	7	7
OG0004709	NC_051863.1:29	NC_051863.1	147055163	True	225	75	0	0	1	0	0	0	0	1	1	0	1	1
OG0004710	NC_051863.1:29	NC_051863.1	147000107	False	555	185	0	1	6	0	1	7	3	2	1	2	1	1
OG0004711	NC_051863.1:29	NC_051863.1	146990351	False	321	107	0	0	1	0	0	3	2	0	0	2	0	0
OG0004712	NC_051863.1:29	NC_051863.1	146866644	True	1932	644	2	8	15	2	6	15	5	3	11	3	3	15
OG0004713	NC_051862.1:39	NC_051862.1	197658474	True	939	313	0	3	0	0	3	2	2	0	2	2	0	5
OG0004714	NC_051862.1:39	NC_051862.1	197649606	True	1476	492	4	7	4	1	6	2	3	4	1	4	4	6
OG0004715	NC_051862.1:39	NC_051862.1	197643646	True	474	158	0	0	1	0	1	0	0	2	1	0	1	1
OG0004716	NC_051862.1:39	NC_051862.1	197638780	False	1383	461	5	6	1	4	6	0	2	3	5	4	4	8
OG0004717	NC_051862.1:39	NC_051862.1	197697324	True	399	133	0	1	1	0	1	0	0	1	1	0	1	2
OG0004718	NC_051862.1:39	NC_051862.1	197690509	True	591	197	2	3	2	4	2	1	1	1	4	0	3	4
OG0004719	NC_051862.1:39	NC_051862.1	197626988	True	2331	777	8	9	3	8	15	9	11	10	9	10	4	11
OG0004720	NC_051862.1:39	NC_051862.1	197565272	True	690	230	1	0	0	1	2	2	2	2	1	2	0	0
OG0004721	NC_051862.1:39	NC_051862.1	197551001	False	2973	991	5	26	10	5	20	12	13	6	12	7	5	27
OG0004722	NC_051862.1:39	NC_051862.1	197539514	True	2361	787	4	5	9	3	4	6	5	7	9	5	7	10
OG0004723	NC_051862.1:39	NC_051862.1	197537386	True	1131	377	2	8	8	2	5	8	8	5	1	4	4	3
OG0004724	NC_051862.1:39	NC_051862.1	197536060	True	1161	387	0	14	1	1	12	3	6	2	3	2	1	13
OG0004725	NC_051862.1:39	NC_051862.1	197517739	True	1914	638	2	9	4	0	9	4	2	2	3	4	2	12
OG0004726	NC_051862.1:39	NC_051862.1	197511314	True	336	112	0	0	0	0	0	0	0	0	0	0	0	0
OG0004727	NC_051862.1:39	NC_051862.1	197473935	True	945	315	4	3	10	4	3	10	6	7	5	6	7	4
OG0004728	NC_051862.1:39	NC_051862.1	197445853	True	1572	524	3	7	10	2	7	11	4	3	8	5	3	13
OG0004729	NC_051862.1:39	NC_051862.1	197415425	True	258	86	0	0	1	0	0	0	0	1	1	0	1	1
OG0004730	NC_051862.1:39	NC_051862.1	197391826	True	927	309	0	2	9	0	2	8	2	3	5	2	3	7
OG0004731	NC_051862.1:39	NC_051862.1	197380007	True	3894	1298	10	4	39	8	3	41	15	11	30	18	12	28
OG0004732	NC_051862.1:39	NC_051862.1	197368227	True	645	215	0	0	5	0	0	6	2	1	0	2	1	0
OG0004733	NC_051862.1:39	NC_051862.1	197360596	True	996	332	1	0	9	1	0	9	2	2	6	2	3	5
OG0004734	NC_051862.1:39	NC_051862.1	197318460	True	2001	667	2	1	20	2	0	19	5	6	5	4	5	4
OG0004735	NC_051862.1:39	NC_051862.1	197317746	True	555	185	0	2	3	0	2	8	5	0	2	5	0	4
OG0004736	NC_051862.1:39	NC_051862.1	197312259	True	1080	360	2	5	6	2	3	3	4	5	5	1	4	5
OG0004737	NC_051862.1:39	NC_051862.1	197310998	False	681	227	1	0	2	0	0	0	0	2	2	1	2	2
OG0004738	NC_051862.1:39	NC_051862.1	197283999	True	1482	494	2	3	3	2	2	6	4	0	6	3	0	6
OG0004739	NC_051862.1:39	NC_051862.1	197169849	True	3402	1134	8	14	11	3	9	14	16	9	10	16	8	16
OG0004740	NC_051862.1:39	NC_051862.1	197129906	True	1107	369	0	0	3	0	0	2	0	1	0	0	1	0
OG0004741	NC_051862.1:39	NC_051862.1	197096709	True	1467	489	0	3	4	2	1	5	4	1	3	2	3	4
OG0004742	NC_051862.1:39	NC_051862.1	197092713	True	1518	506	7	5	16	6	4	11	2	5	5	4	7	5
OG0004743	NC_051862.1:39	NC_051862.1	196902888	False	4479	1493	11	16	11	8	13	18	14	4	16	14	4	21
OG0004744	NC_051862.1:39	NC_051862.1	196897963	False	1158	386	7	11	5	3	13	4	4	7	4	7	4	11
OG0004745	NC_051862.1:39	NC_051862.1	196803332	False	3966	1322	11	45	11	11	35	70	78	9	11	66	9	35
OG0004746	NC_051862.1:39	NC_051862.1	196734432	True	1617	539	2	10	5	2	10	2	2	5	1	3	6	10
OG0004747	NC_051861.1:1	NC_051861.1	7434099	False	7278	2426	12	627	43	25	217	49	202	16	32	23	29	237
OG0004748	NC_051861.1:1	NC_051861.1	7488588	True	600	200	1	4	4	1	2	4	3	1	4	1	1	5
OG0004749	NC_051861.1:1	NC_051861.1	7960624	True	396	132	1	2	4	1	2	2	1	3	7	1	3	8
OG0004750	NC_051861.1:1	NC_051861.1	7969049	True	1449	483	0	1	26	0	1	25	6	7	14	6	7	15
OG0004751	NC_051861.1:1	NC_051861.1	7962330	False	1125	375	2	97	2	0	98	3	2	2	3	4	1	100
OG0004752	NC_051861.1:1	NC_051861.1	8033322	True	1200	400	3	1	4	2	0	4	3	2	4	4	4	3
OG0004753	NC_051861.1:1	NC_051861.1	8118986	True	5280	1760	3	11	53	6	11	57	14	11	21	13	13	27
OG0004754	NC_051861.1:1	NC_051861.1	8321673	False	1038	346	2	3	14	1	4	13	2	5	11	3	4	13
OG0004755	NC_051861.1:1	NC_051861.1	8327269	False	474	158	0	2	2	0	2	3	1	0	2	1	0	4
OG0004756	NC_051861.1:1	NC_051861.1	8337613	True	4173	1391	11	36	11	12	35	19	13	6	25	12	5	48
OG0004757	NC_051863.1:26	NC_051863.1	132826300	False	1170	390	7	3	4	3	6	7	5	5	5	8	2	5
OG0004758	NC_051863.1:26	NC_051863.1	132841534	True	468	156	0	0	0	0	0	0	0	0	0	0	0	0
OG0004759	NC_051863.1:26	NC_051863.1	132818700	True	720	240	6	2	2	3	0	1	2	1	3	4	2	1
OG0004760	NC_051863.1:26	NC_051863.1	132753884	True	2109	703	9	6	13	17	3	5	9	14	9	5	22	3
OG0004761	NC_051863.1:26	NC_051863.1	132733284	True	723	241	1	0	2	2	0	0	0	2	1	0	3	0
OG0004762	NC_051863.1:26	NC_051863.1	132725590	True	3036	1012	5	23	15	9	18	12	17	15	10	7	14	17
OG0004763	NC_051863.1:26	NC_051863.1	132689491	True	477	159	0	2	0	0	0	0	2	0	0	0	0	0
OG0004764	NC_051863.1:26	NC_051863.1	132680465	True	894	298	13	4	1	11	5	7	7	2	11	10	2	5
OG0004765	NC_051863.1:26	NC_051863.1	132520989	False	2292	764	6	6	16	19	1	4	8	16	9	2	28	3
OG0004766	NC_051863.1:26	NC_051863.1	132268331	False	978	326	0	1	0	1	1	2	2	0	0	2	1	1
OG0004767	NC_051863.1:26	NC_051863.1	132308706	True	1242	414	6	9	8	10	7	8	10	8	4	8	13	6
OG0004768	NC_051863.1:26	NC_051863.1	131910566	True	1236	412	8	1	5	9	3	3	1	5	2	7	9	1
OG0004769	NC_051863.1:26	NC_051863.1	131843965	True	3975	1325	12	15	9	23	5	6	16	9	11	8	21	6
OG0004770	NC_051863.1:26	NC_051863.1	131997254	True	1197	399	3	2	4	5	1	0	1	4	3	0	6	1
OG0004771	NC_051863.1:31	NC_051863.1	159776789	False	1398	466	0	2	4	2	2	1	0	3	0	0	5	2
OG0004772	NC_051863.1:31	NC_051863.1	159701236	True	1179	393	2	4	18	10	1	3	6	18	2	3	27	1
OG0004773	NC_051863.1:31	NC_051863.1	159920789	True	1815	605	4	6	7	8	3	3	6	7	3	3	11	2
OG0004774	NC_051863.1:31	NC_051863.1	159936636	False	1011	337	1	0	9	8	0	0	0	9	1	0	16	0
OG0004775	NC_051863.1:31	NC_051863.1	159951745	True	1995	665	0	1	22	5	2	1	0	22	0	0	26	1
OG0004776	NC_051863.1:32	NC_051863.1	160088419	False	1149	383	1	2	30	1	5	4	0	29	1	1	27	3
OG0004777	NC_051863.1:32	NC_051863.1	160541861	False	1911	637	3	261	1	3	268	1	0	4	6	1	1	266
OG0004778	NC_051862.1:14	NC_051862.1	72448544	True	1686	562	2	2	22	2	2	21	4	5	10	4	5	10
OG0004779	NC_051862.1:14	NC_051862.1	73003196	False	3261	1087	10	11	3	14	10	1	2	4	10	3	9	11
OG0004780	NC_051862.1:14	NC_051862.1	73109485	True	438	146	8	7	2	4	5	3	6	3	5	8	4	6
OG0004781	NC_051862.1:14	NC_051862.1	73118583	True	1488	496	5	10	7	6	10	7	5	6	5	7	8	12
OG0004782	NC_051862.1:14	NC_051862.1	73128019	True	1140	380	6	5	3	4	3	4	5	3	3	7	3	3
OG0004783	NC_051862.1:14	NC_051862.1	73145679	True	582	194	4	7	1	2	7	1	0	0	3	2	0	9
OG0004784	NC_051862.1:14	NC_051862.1	73146906	True	732	244	4	6	1	4	5	0	2	2	11	0	1	10
OG0004785	NC_051862.1:14	NC_051862.1	73362859	True	1182	394	1	1	12	2	1	13	2	1	5	3	3	6
OG0004786	NC_051862.1:27	NC_051862.1	138930567	True	384	128	1	2	4	1	2	4	0	1	1	0	0	2
OG0004787	NC_051862.1:27	NC_051862.1	138810091	True	1488	496	4	7	2	3	6	2	0	0	11	1	0	14
OG0004788	NC_051862.1:27	NC_051862.1	138806562	True	864	288	0	8	1	0	7	2	1	0	3	0	0	10
OG0004789	NC_051862.1:27	NC_051862.1	138713958	True	597	199	0	0	5	0	0	2	0	2	5	0	2	5
OG0004790	NC_051862.1:27	NC_051862.1	138675471	True	1008	336	0	0	4	0	0	3	0	1	2	0	1	2
OG0004791	NC_051862.1:27	NC_051862.1	138675920	False	903	301	2	0	4	2	0	3	0	2	4	0	2	2
OG0004792	NC_051862.1:27	NC_051862.1	138464864	True	351	117	0	0	2	0	0	1	0	1	1	0	1	1
OG0004793	NC_051862.1:27	NC_051862.1	138226931	True	714	238	1	0	7	1	0	7	3	3	1	3	3	0
OG0004794	NC_051862.1:27	NC_051862.1	138091371	True	1143	381	0	2	9	0	2	8	3	3	4	3	3	6
OG0004795	NC_051862.1:27	NC_051862.1	138085908	False	216	72	0	0	1	0	0	1	0	0	0	0	0	0
OG0004796	NC_051862.1:27	NC_051862.1	138077181	True	1251	417	0	3	18	0	2	14	6	8	7	5	8	9
OG0004797	NC_051862.1:1	NC_051862.1	5576345	False	393	131	1	3	4	2	4	3	2	3	4	0	2	5
OG0004798	NC_051862.1:1	NC_051862.1	5587360	False	1266	422	5	58	3	19	16	7	44	4	2	9	20	16
OG0004799	NC_051862.1:1	NC_051862.1	6251578	True	2079	693	8	11	11	18	4	14	15	5	8	11	17	7
OG0004800	NC_051862.1:1	NC_051862.1	6263518	True	819	273	6	4	6	4	4	7	6	5	4	9	7	5
OG0004801	NC_051862.1:1	NC_051862.1	6268430	True	1227	409	8	1	5	6	4	4	2	5	8	6	3	4
OG0004802	NC_051862.1:1	NC_051862.1	6439043	True	2745	915	4	4	5	5	2	5	7	5	3	7	6	2
OG0004803	NC_051862.1:1	NC_051862.1	5553763	True	1119	373	2	16	4	2	14	2	5	4	2	2	4	14
OG0004804	NC_051862.1:15	NC_051862.1	76785680	False	2589	863	20	4	42	22	3	4	0	39	24	0	42	7
OG0004805	NC_051862.1:15	NC_051862.1	76830864	False	1026	342	1	0	13	1	0	3	0	10	8	0	10	7
OG0004806	NC_051862.1:15	NC_051862.1	76728412	True	2013	671	2	3	3	1	4	4	1	2	3	2	1	5
OG0004807	NC_051862.1:15	NC_051862.1	76694181	True	8838	2946	6	40	68	6	46	60	14	28	30	12	19	61
OG0004808	NC_051862.1:15	NC_051862.1	76685961	False	1644	548	5	2	20	6	3	15	3	9	14	3	9	11
OG0004809	NC_051862.1:15	NC_051862.1	76665099	True	657	219	0	0	4	0	0	2	0	2	1	0	2	1
OG0004810	NC_051862.1:15	NC_051862.1	76651464	True	2349	783	0	0	37	0	0	32	8	11	20	8	11	20
OG0004811	NC_051862.1:15	NC_051862.1	76535836	True	5133	1711	2	8	37	3	8	29	4	12	21	4	13	27
OG0004812	NC_051862.1:15	NC_051862.1	76426754	False	0	0	0	0	0	0	0	0	0	0	0	0	0	0
OG0004813	NC_051862.1:8	NC_051862.1	44910765	True	729	243	3	5	9	2	11	6	3	10	5	3	5	8
OG0004814	NC_051861.1:1	NC_051861.1	6531276	False	909	303	0	10	4	0	7	2	5	4	2	1	3	8
OG0004815	NC_051861.1:1	NC_051861.1	6548044	True	426	142	0	2	1	0	2	0	0	1	1	0	1	2
OG0004816	NC_051861.1:1	NC_051861.1	6500134	False	396	132	0	6	0	1	8	0	1	3	0	1	1	5
OG0004817	NC_051861.1:1	NC_051861.1	6487181	True	1839	613	5	15	5	3	10	3	8	5	7	4	4	12
OG0004818	NC_051861.1:1	NC_051861.1	6439412	False	774	258	0	375	0	7	124	5	127	6	0	5	7	118
OG0004819	NC_051861.1:1	NC_051861.1	6419622	False	972	324	8	3	4	8	4	5	2	2	8	3	1	5
OG0004820	NC_051861.1:1	NC_051861.1	6402088	True	1098	366	3	5	9	6	4	11	8	5	6	7	8	6
OG0004821	NC_051861.1:1	NC_051861.1	6173318	True	780	260	0	5	1	3	4	0	3	3	0	0	3	3
OG0004822	NC_051861.1:1	NC_051861.1	6156019	True	735	245	1	4	1	2	3	0	1	1	1	0	2	3
OG0004823	NC_051861.1:1	NC_051861.1	6112434	True	3609	1203	3	9	13	7	7	3	4	12	2	2	16	6
OG0004824	NC_051861.1:1	NC_051861.1	6109094	True	498	166	1	1	1	0	1	2	1	0	2	2	0	3
OG0004826	NC_051862.1:13	NC_051862.1	66154107	True	1047	349	4	5	4	10	0	0	5	4	4	0	10	0
OG0004827	NC_051863.1:32	NC_051863.1	163625954	False	2337	779	8	5	57	4	8	12	6	54	1	11	53	4
OG0004828	NC_051863.1:32	NC_051863.1	163761916	False	738	246	1	0	1	0	0	0	0	1	0	1	1	0
OG0004829	NC_051863.1:32	NC_051863.1	163987831	True	1029	343	0	3	13	0	3	8	1	6	5	1	6	8
OG0004830	NC_051862.1:18	NC_051862.1	94962562	True	3264	1088	3	3	22	2	3	19	4	8	16	5	8	17
OG0004831	NC_051862.1:18	NC_051862.1	94991140	True	786	262	2	1	3	2	0	3	2	1	2	1	1	0
OG0004832	NC_051862.1:18	NC_051862.1	94906678	False	1974	658	0	2	10	0	1	10	2	1	4	1	1	5
OG0004833	NC_051862.1:18	NC_051862.1	94784851	True	1716	572	1	2	11	0	2	15	6	2	9	7	2	11
OG0004834	NC_051862.1:18	NC_051862.1	94713486	True	2217	739	0	0	9	0	0	8	0	1	6	0	1	6
OG0004835	NC_051862.1:18	NC_051862.1	94703969	True	1743	581	3	1	18	1	0	18	4	3	8	6	3	6
OG0004836	NC_051862.1:18	NC_051862.1	94614058	True	6885	2295	4	11	39	4	8	34	15	14	20	14	15	25
OG0004837	NC_051862.1:18	NC_051862.1	94518844	True	6384	2128	18	29	42	12	35	43	24	26	39	25	16	51
OG0004838	NC_051862.1:18	NC_051862.1	94306111	False	2769	923	1	2	25	0	2	14	2	13	2	3	13	4
OG0004839	NC_051862.1:18	NC_051862.1	93065506	False	3264	1088	25	17	15	28	14	10	11	14	31	9	17	21
OG0004840	NC_051862.1:18	NC_051862.1	93051299	True	1266	422	14	8	4	24	0	0	8	4	16	0	13	1
OG0004841	NC_051862.1:18	NC_051862.1	93050292	True	501	167	1	2	3	5	0	0	2	3	1	0	8	0
OG0004842	NC_051862.1:18	NC_051862.1	93025564	True	1827	609	12	6	4	18	2	3	6	3	11	5	13	4
OG0004843	NC_051862.1:18	NC_051862.1	92954997	True	1989	663	5	7	5	7	4	3	4	3	3	3	8	4
OG0004844	NC_051862.1:18	NC_051862.1	92817689	True	1296	432	2	1	0	2	2	0	0	1	3	0	0	2
OG0004845	NC_051862.1:18	NC_051862.1	92626820	False	3462	1154	57	8	8	53	7	7	4	5	61	5	5	18
OG0004846	NC_051862.1:18	NC_051862.1	92616810	True	996	332	6	2	3	6	2	2	1	2	6	3	4	4
OG0004847	NC_051862.1:18	NC_051862.1	92600899	True	858	286	11	2	6	9	3	3	1	5	11	2	4	3
OG0004848	NC_051862.1:18	NC_051862.1	92599830	True	816	272	4	8	5	10	8	4	4	4	5	2	9	7
OG0004849	NC_051862.1:18	NC_051862.1	92592658	True	1149	383	6	3	7	4	3	8	4	2	5	7	3	5
OG0004850	NC_051862.1:18	NC_051862.1	92575173	True	1884	628	7	8	8	8	5	8	6	3	11	5	6	13
OG0004851	NC_051862.1:18	NC_051862.1	92395490	True	2121	707	9	5	3	9	9	4	5	9	8	7	7	6
OG0004852	NC_051861.1:21	NC_051861.1	109617305	False	1707	569	8	7	15	10	4	17	10	6	13	9	9	11
OG0004853	NC_051863.1:9	NC_051863.1	48591022	True	597	199	1	5	2	3	5	1	0	1	5	0	2	9
OG0004854	NC_051863.1:9	NC_051863.1	48584689	True	2424	808	15	10	9	17	7	11	9	3	20	7	7	14
OG0004855	NC_051863.1:9	NC_051863.1	48470921	False	3063	1021	8	10	6	14	6	11	13	3	12	11	10	11
OG0004856	NC_051863.1:9	NC_051863.1	47967339	True	2808	936	21	8	11	12	14	8	6	15	10	18	12	9
OG0004857	NC_051863.1:9	NC_051863.1	47802340	True	654	218	1	0	2	2	1	0	0	3	1	0	3	0
OG0004858	NC_051861.1:21	NC_051861.1	107968048	True	477	159	0	0	1	1	0	1	0	0	2	0	1	2
OG0004859	NC_051861.1:21	NC_051861.1	108035433	True	390	130	0	0	0	0	0	1	1	0	0	1	0	0
OG0004860	NC_051861.1:21	NC_051861.1	108109946	False	435	145	0	224	0	12	1	1	224	0	0	1	12	1
OG0004861	NC_051861.1:21	NC_051861.1	108130669	True	1017	339	1	6	9	1	4	9	4	3	7	2	2	10
OG0004862	NC_051861.1:21	NC_051861.1	108240486	True	5520	1840	240	20	33	245	21	33	13	17	275	11	19	49
OG0004863	NC_051861.1:21	NC_051861.1	108359473	False	1110	370	11	177	4	20	8	2	174	11	14	4	18	5
OG0004864	NC_051861.1:21	NC_051861.1	108499298	True	1353	451	2	5	10	1	6	8	1	5	5	2	4	9
OG0004865	NC_051861.1:21	NC_051861.1	108515026	True	612	204	0	1	0	0	1	0	0	0	0	0	0	1
OG0004866	NC_051861.1:21	NC_051861.1	108662736	True	828	276	0	0	1	1	0	4	3	0	1	3	1	1
OG0004867	NC_051862.1:35	NC_051862.1	179474953	False	1140	380	3	3	6	7	3	3	3	6	6	3	9	5
OG0004868	NC_051862.1:35	NC_051862.1	179614816	True	3837	1279	13	3	6	25	6	8	7	8	15	7	17	5
OG0004869	NC_051862.1:35	NC_051862.1	179463713	True	969	323	3	4	2	1	5	3	2	2	2	5	1	5
OG0004870	NC_051862.1:35	NC_051862.1	179400357	True	1362	454	10	6	4	12	7	5	7	7	14	6	7	9
OG0004871	NC_051862.1:35	NC_051862.1	179382156	True	696	232	5	0	0	7	0	1	1	0	5	1	2	0
OG0004872	NC_051862.1:35	NC_051862.1	179239318	False	822	274	0	4	1	0	3	1	1	0	0	0	0	3
OG0004873	NC_051862.1:35	NC_051862.1	179206439	True	1332	444	5	4	4	6	3	3	4	4	5	2	4	2
OG0004874	NC_051862.1:35	NC_051862.1	178990191	False	471	157	0	0	0	0	1	1	1	1	1	1	0	1
OG0004875	NC_051862.1:35	NC_051862.1	179156041	True	696	232	1	1	1	2	0	0	1	1	1	0	2	0
OG0004876	NC_051862.1:35	NC_051862.1	178971372	True	1722	574	12	9	10	24	0	0	9	10	12	0	23	0
OG0004877	NC_051862.1:35	NC_051862.1	178966125	False	1515	505	2	571	2	35	0	0	571	2	2	0	35	0
OG0004878	NC_051862.1:35	NC_051862.1	178951391	True	1530	510	16	5	5	27	0	1	6	5	16	1	16	0
OG0004879	NC_051862.1:35	NC_051862.1	178945379	True	660	220	0	0	1	2	0	0	0	1	0	0	3	0
OG0004881	NC_051862.1:35	NC_051862.1	178878803	True	2076	692	12	7	7	13	3	3	6	6	10	4	9	4
OG0004882	NC_051862.1:35	NC_051862.1	178876612	False	765	255	7	3	4	7	2	1	1	3	7	1	5	2
OG0004883	NC_051862.1:35	NC_051862.1	178857282	False	3138	1046	101	8	7	109	7	7	6	4	105	3	18	10
OG0004884	NC_051862.1:35	NC_051862.1	178803482	True	780	260	6	0	0	5	0	0	0	0	4	2	1	0
OG0004885	NC_051862.1:35	NC_051862.1	178775322	True	1812	604	6	3	7	16	1	0	2	7	6	0	18	1
OG0004886	NC_051863.1:29	NC_051863.1	149190784	True	408	136	0	2	8	0	2	7	1	2	2	1	2	4
OG0004887	NC_051863.1:29	NC_051863.1	149204662	True	1431	477	0	0	20	0	1	22	4	2	13	4	1	13
OG0004888	NC_051863.1:29	NC_051863.1	149260814	False	1938	646	1	1	16	4	1	11	1	4	12	1	7	12
OG0004889	NC_051863.1:29	NC_051863.1	149297647	True	579	193	0	0	6	1	0	0	0	6	0	0	7	0
OG0004890	NC_051863.1:29	NC_051863.1	149309115	True	1902	634	0	0	19	1	0	18	2	3	7	2	4	7
OG0004891	NC_051863.1:29	NC_051863.1	149388345	True	480	160	0	0	7	0	0	5	0	2	3	0	2	3
OG0004892	NC_051863.1:29	NC_051863.1	149471455	False	393	131	0	0	2	0	0	1	1	2	0	1	2	0
OG0004893	NC_051862.1:32	NC_051862.1	162676798	True	561	187	1	1	1	1	1	1	0	0	1	1	1	2
OG0004894	NC_051862.1:32	NC_051862.1	162733103	False	690	230	1	0	8	1	1	16	4	4	134	5	3	132
OG0004895	NC_051862.1:32	NC_051862.1	163163579	False	2307	769	6	18	3	6	18	3	4	7	15	2	2	24
OG0004896	NC_051862.1:28	NC_051862.1	142330773	True	756	252	4	2	2	4	3	4	2	1	8	2	0	6
OG0004897	NC_051862.1:28	NC_051862.1	142337537	True	459	153	2	1	1	1	0	0	1	1	1	1	1	0
OG0004898	NC_051862.1:28	NC_051862.1	142233884	True	3975	1325	2	9	9	1	7	11	5	2	4	4	1	9
OG0004899	NC_051862.1:28	NC_051862.1	142219113	False	816	272	2	2	8	1	1	9	3	1	2	3	1	2
OG0004900	NC_051862.1:28	NC_051862.1	142168733	True	7221	2407	21	34	19	31	22	14	26	15	25	15	28	31
OG0004901	NC_051862.1:28	NC_051862.1	142156119	True	876	292	5	3	8	4	2	6	3	4	3	4	6	2
OG0004902	NC_051862.1:28	NC_051862.1	142148051	True	996	332	0	1	0	0	1	0	0	0	0	0	0	1
OG0004903	NC_051862.1:28	NC_051862.1	142125325	True	1425	475	1	3	3	1	1	44	46	2	4	43	2	4
OG0004904	NC_051862.1:28	NC_051862.1	142002764	True	1269	423	1	2	2	1	3	2	2	2	5	1	1	6
OG0004905	NC_051862.1:28	NC_051862.1	141711936	False	1389	463	3	13	1	2	10	0	4	2	4	2	2	13
OG0004906	NC_051862.1:28	NC_051862.1	141677765	False	966	322	3	9	10	4	14	7	1	8	3	1	5	9
OG0004907	NC_051862.1:28	NC_051862.1	141666200	True	951	317	1	4	2	0	1	1	3	1	0	1	1	1
OG0004908	NC_051862.1:28	NC_051862.1	141592315	True	2322	774	5	11	3	4	12	3	3	4	6	3	2	12
OG0004909	NC_051862.1:28	NC_051862.1	141343201	False	1710	570	1	10	1	0	8	2	3	1	3	3	1	11
OG0004910	NC_051862.1:28	NC_051862.1	141312819	True	441	147	0	7	2	0	7	0	0	2	0	0	2	7
OG0004911	NC_051862.1:28	NC_051862.1	142343395	False	783	261	1	0	0	1	0	0	0	0	1	0	0	0
OG0004912	NC_051863.1:30	NC_051863.1	150183429	True	2289	763	4	14	9	4	14	8	4	3	9	3	3	19
OG0004913	NC_051863.1:29	NC_051863.1	149907102	True	1503	501	4	4	7	4	4	18	16	6	6	15	5	6
OG0004914	NC_051863.1:29	NC_051863.1	149840128	True	2730	910	10	11	18	14	12	7	4	18	18	6	21	21
OG0004915	NC_051863.1:29	NC_051863.1	149782928	True	1977	659	1	11	8	6	8	7	9	7	1	5	10	7
OG0004916	NC_051863.1:24	NC_051863.1	121769131	True	2847	949	2	2	23	2	2	19	4	8	10	3	7	9
OG0004917	NC_051863.1:24	NC_051863.1	121850562	False	873	291	10	0	2	10	0	0	0	2	11	0	2	6
OG0004918	NC_051863.1:24	NC_051863.1	121764511	True	1353	451	0	2	21	0	2	23	5	4	15	5	4	17
OG0004919	NC_051863.1:24	NC_051863.1	121729790	False	315	105	1	3	4	2	0	2	3	3	2	1	5	2
OG0004920	NC_051863.1:24	NC_051863.1	121724516	True	783	261	3	1	12	3	1	13	3	1	12	3	1	9
OG0004921	NC_051863.1:24	NC_051863.1	121723613	True	552	184	1	1	11	2	2	11	2	1	5	2	2	5
OG0004922	NC_051863.1:24	NC_051863.1	121718988	True	1851	617	0	4	22	0	6	26	11	8	11	11	6	15
OG0004923	NC_051863.1:24	NC_051863.1	121716483	True	2286	762	1	5	27	1	6	25	10	13	9	11	13	14
OG0004924	NC_051863.1:24	NC_051863.1	121653943	False	3918	1306	1	1332	18	1	1341	18	7	14	31	4	4	1365
OG0004925	NC_051863.1:24	NC_051863.1	121433178	False	279	93	1	0	2	0	0	2	1	1	1	2	1	1
OG0004926	NC_051863.1:24	NC_051863.1	121199039	True	1821	607	1	0	1	1	0	0	0	1	1	0	1	0
OG0004927	NC_051863.1:24	NC_051863.1	120956144	True	2085	695	3	10	9	3	14	11	4	8	5	6	6	14
OG0004928	NC_051863.1:24	NC_051863.1	120940738	True	3873	1291	3	34	15	1	43	12	12	24	8	10	12	37
OG0004929	NC_051863.1:24	NC_051863.1	120908740	True	1725	575	1	3	32	1	3	29	3	7	17	3	7	19
OG0004930	NC_051862.1:0	NC_051862.1	803773	False	3381	1127	0	821	12	1	823	16	8	7	13	6	3	837
OG0004931	NC_051862.1:0	NC_051862.1	918170	False	1533	511	0	0	21	0	0	25	9	4	7	9	4	7
OG0004932	NC_051862.1:0	NC_051862.1	947153	True	588	196	0	1	7	0	1	9	3	2	2	3	2	3
OG0004933	NC_051862.1:0	NC_051862.1	966093	True	2439	813	1	7	25	2	6	20	4	9	7	3	10	11
OG0004934	NC_051862.1:0	NC_051862.1	969258	False	648	216	3	0	3	3	0	4	3	2	7	3	2	4
OG0004935	NC_051862.1:0	NC_051862.1	976764	False	1320	440	1	199	7	0	201	10	4	5	3	5	2	205
OG0004936	NC_051862.1:0	NC_051862.1	994980	True	1743	581	2	1	10	2	1	13	5	2	2	5	2	1
OG0004937	NC_051862.1:0	NC_051862.1	1037160	True	2442	814	2	2	26	2	1	30	8	3	16	7	3	14
OG0004938	NC_051862.1:0	NC_051862.1	1041684	False	768	256	0	79	1	5	23	12	41	1	3	11	5	26
OG0004939	NC_051862.1:0	NC_051862.1	1050505	True	927	309	0	1	14	0	1	13	1	2	2	1	2	3
OG0004940	NC_051862.1:0	NC_051862.1	1059528	False	1137	379	0	177	6	0	177	8	3	2	4	3	1	185
OG0004941	NC_051862.1:0	NC_051862.1	1142062	True	960	320	2	0	8	2	0	8	0	0	4	0	0	2
OG0004942	NC_051862.1:0	NC_051862.1	1144005	True	1842	614	3	2	17	2	2	14	1	3	16	2	3	16
OG0004943	NC_051862.1:0	NC_051862.1	1151109	False	2355	785	3	68	5	2	68	4	4	5	4	4	4	68
OG0004944	NC_051862.1:0	NC_051862.1	1162574	True	972	324	0	2	19	0	2	21	8	6	9	8	6	11
OG0004945	NC_051862.1:0	NC_051862.1	1168748	False	843	281	0	2	9	2	2	11	4	2	6	4	4	8
OG0004946	NC_051862.1:0	NC_051862.1	1175727	False	1686	562	1	394	3	3	392	3	5	6	1	3	5	394
OG0004947	NC_051862.1:0	NC_051862.1	1178837	False	1299	433	1	4	2	1	2	0	1	2	3	0	2	4
OG0004948	NC_051862.1:0	NC_051862.1	1187712	True	747	249	0	8	3	1	4	1	3	2	2	0	3	6
OG0004949	NC_051862.1:0	NC_051862.1	1197220	False	585	195	0	9	2	3	10	3	1	1	5	1	3	15
OG0004950	NC_051862.1:0	NC_051862.1	1200588	False	3585	1195	16	308	13	8	304	10	11	11	12	15	11	304
OG0004951	NC_051862.1:0	NC_051862.1	1243988	False	612	204	1	142	2	1	143	1	0	3	1	0	1	141
OG0004952	NC_051862.1:0	NC_051862.1	1292231	True	3378	1126	0	2	16	0	2	15	1	2	20	1	2	22
OG0004953	NC_051862.1:0	NC_051862.1	1394531	True	567	189	0	0	3	0	0	3	0	0	3	0	0	3
OG0004954	NC_051862.1:0	NC_051862.1	1407879	True	3537	1179	12	14	20	15	14	9	9	21	16	6	20	14
OG0004955	NC_051862.1:0	NC_051862.1	1412860	True	1383	461	3	4	0	3	5	1	1	1	10	2	1	12
OG0004956	NC_051862.1:0	NC_051862.1	1441146	True	669	223	0	2	0	0	2	0	1	1	0	0	0	1
OG0004957	NC_051862.1:0	NC_051862.1	1632349	True	1743	581	0	5	13	2	5	12	4	4	5	4	6	10
OG0004958	NC_051862.1:0	NC_051862.1	1650058	False	1020	340	3	1	9	2	0	9	5	4	7	5	4	5
OG0004959	NC_051863.1:32	NC_051863.1	162096983	True	2037	679	0	0	3	1	0	3	1	1	5	1	2	5
OG0004960	NC_051863.1:32	NC_051863.1	161987639	True	1506	502	1	1	19	3	1	12	2	9	8	2	11	8
OG0004961	NC_051863.1:32	NC_051863.1	161894739	True	1287	429	3	1	23	1	5	5	2	25	1	5	21	2
OG0004962	NC_051863.1:32	NC_051863.1	161880207	True	1995	665	5	13	9	4	15	10	7	6	8	6	4	16
OG0004963	NC_051863.1:32	NC_051863.1	161740850	True	2946	982	2	12	12	7	8	11	11	8	1	8	14	8
OG0004964	NC_051863.1:32	NC_051863.1	161731432	True	861	287	2	6	2	2	6	1	2	4	4	1	2	7
OG0004965	NC_051863.1:32	NC_051863.1	161683712	True	1137	379	0	5	5	2	6	3	3	6	0	3	7	5
OG0004966	NC_051863.1:32	NC_051863.1	161665670	True	1683	561	9	12	13	4	11	5	4	11	6	7	10	12
OG0004967	NC_051863.1:32	NC_051863.1	161655574	True	582	194	1	1	2	1	1	1	1	2	1	1	2	1
OG0004968	NC_051863.1:32	NC_051863.1	161547636	False	90	30	0	0	1	0	0	0	0	1	0	0	1	0
OG0004969	NC_051863.1:32	NC_051863.1	161532877	True	1110	370	3	0	19	1	0	15	8	13	4	10	13	3
OG0004970	NC_051863.1:32	NC_051863.1	161458999	False	1431	477	5	8	7	4	12	8	6	10	8	5	4	10
OG0004971	NC_051863.1:32	NC_051863.1	161417241	False	1152	384	161	7	6	0	524	0	0	522	0	160	6	7
OG0004972	NC_051861.1:7	NC_051861.1	39759466	True	447	149	1	1	1	2	1	4	4	1	2	4	2	3
OG0004973	NC_051861.1:7	NC_051861.1	39757832	False	1128	376	1	5	2	6	0	10	15	1	1	9	6	0
OG0004974	NC_051861.1:7	NC_051861.1	39737189	False	1365	455	2	12	2	4	5	9	17	2	2	10	5	6
OG0004975	NC_051861.1:7	NC_051861.1	39711830	True	1431	477	10	14	4	13	7	12	19	5	11	12	8	8
OG0004976	NC_051861.1:7	NC_051861.1	39709237	True	1221	407	1	7	0	1	2	6	11	0	2	6	0	3
OG0004977	NC_051861.1:7	NC_051861.1	39579817	False	3240	1080	0	1053	0	0	1055	0	2	2	0	0	0	1050
OG0004978	NC_051861.1:7	NC_051861.1	39568235	True	246	82	2	1	1	0	1	1	1	1	0	3	1	1
OG0004979	NC_051861.1:7	NC_051861.1	39539069	False	2487	829	4	16	5	6	6	7	17	5	7	6	6	8
OG0004980	NC_051861.1:7	NC_051861.1	39483227	True	1839	613	5	17	2	5	18	4	3	2	9	3	1	20
OG0004981	NC_051861.1:7	NC_051861.1	39459712	True	441	147	0	0	0	0	0	0	0	0	0	0	0	0
OG0004982	NC_051861.1:7	NC_051861.1	39444950	True	1257	419	5	11	12	8	9	6	2	6	17	0	9	19
OG0004983	NC_051861.1:7	NC_051861.1	39434157	False	2460	820	6	15	6	8	11	13	13	2	22	8	2	25
OG0004984	NC_051861.1:7	NC_051861.1	39424290	True	1023	341	2	15	5	1	11	6	9	4	2	5	3	11
OG0004985	NC_051861.1:7	NC_051861.1	39423711	True	291	97	2	3	0	4	0	0	3	0	2	0	2	0
OG0004986	NC_051861.1:7	NC_051861.1	39268164	False	1905	635	3	15	15	8	11	20	14	6	26	10	10	32
OG0004987	NC_051861.1:7	NC_051861.1	39225405	True	738	246	1	14	1	1	10	3	7	0	1	2	0	10
OG0004988	NC_051861.1:7	NC_051861.1	39218336	False	942	314	1	282	1	1	292	0	2	6	13	0	1	290
OG0004989	NC_051861.1:7	NC_051861.1	39215295	False	1815	605	7	9	10	11	12	13	8	7	8	8	10	12
OG0004990	NC_051861.1:7	NC_051861.1	39214662	True	438	146	3	3	1	3	3	2	1	0	9	1	0	8
OG0004991	NC_051861.1:7	NC_051861.1	38765729	False	4371	1457	14	8	9	11	8	7	2	4	26	5	4	23
OG0004992	NC_051861.1:7	NC_051861.1	39932343	False	1101	367	0	0	0	0	0	0	0	0	0	0	0	0
OG0004993	NC_051862.1:31	NC_051862.1	156986664	False	1032	344	0	1	19	0	1	23	5	1	5	5	1	6
OG0004994	NC_051862.1:31	NC_051862.1	156879791	True	657	219	0	0	0	1	0	1	1	0	2	1	1	2
OG0004995	NC_051862.1:31	NC_051862.1	156839576	True	1065	355	0	0	0	0	0	0	0	0	1	0	0	1
OG0004996	NC_051862.1:31	NC_051862.1	156410093	True	2523	841	3	1	20	3	1	18	2	4	17	2	4	16
OG0004997	NC_051862.1:31	NC_051862.1	156405655	False	693	231	1	50	17	1	49	12	2	6	4	2	6	53
OG0004998	NC_051862.1:31	NC_051862.1	156370854	False	489	163	0	0	3	0	0	4	1	0	3	1	0	3
OG0004999	NC_051862.1:31	NC_051862.1	156369686	False	843	281	0	1	10	0	1	10	2	2	3	2	2	4
OG0005000	NC_051862.1:31	NC_051862.1	156357711	True	756	252	1	1	16	1	1	15	4	5	7	4	5	7
OG0005001	NC_051861.1:2	NC_051861.1	13344151	True	1851	617	3	16	11	3	16	9	5	6	7	5	7	21
OG0005002	NC_051861.1:2	NC_051861.1	13388702	True	9993	3331	19	101	30	23	105	25	17	28	41	14	23	120
OG0005003	NC_051861.1:2	NC_051861.1	13402890	False	1248	416	0	21	1	0	20	1	4	3	1	1	1	19
OG0005004	NC_051861.1:2	NC_051861.1	13362405	True	594	198	0	0	2	0	0	1	0	1	0	0	1	0
OG0005005	NC_051861.1:2	NC_051861.1	13386031	True	723	241	1	4	3	1	3	2	3	3	1	2	3	3
OG0005006	NC_051861.1:2	NC_051861.1	13414516	True	210	70	1	3	0	2	3	0	0	0	1	0	1	3
OG0005007	NC_051861.1:2	NC_051861.1	13481967	False	522	174	2	3	0	0	4	0	0	1	1	2	0	4
OG0005008	NC_051861.1:2	NC_051861.1	13944536	True	2940	980	1	14	4	1	13	1	2	4	3	2	5	15
OG0005009	NC_051861.1:2	NC_051861.1	14009819	False	3633	1211	6	53	12	9	47	5	9	9	14	1	10	54
OG0005010	NC_051861.1:2	NC_051861.1	14179995	True	243	81	0	2	0	0	2	0	0	0	0	0	0	2
OG0005011	NC_051862.1:1	NC_051862.1	7766951	True	2187	729	5	6	6	7	8	6	7	9	7	5	6	6
OG0005012	NC_051862.1:1	NC_051862.1	7880959	True	588	196	1	5	0	2	6	0	0	1	1	0	1	5
OG0005013	NC_051862.1:1	NC_051862.1	7875093	True	984	328	4	0	6	6	2	2	2	7	8	2	8	5
OG0005014	NC_051862.1:1	NC_051862.1	7739181	True	789	263	0	1	2	3	2	2	2	3	0	3	5	1
OG0005015	NC_051862.1:1	NC_051862.1	7734522	True	1494	498	1	4	6	3	5	10	7	6	5	8	6	8
OG0005016	NC_051862.1:1	NC_051862.1	7730077	False	495	165	1	1	2	2	1	1	1	2	5	1	3	5
OG0005017	NC_051862.1:1	NC_051862.1	7706503	False	285	95	0	0	0	0	1	1	1	1	0	1	0	0
OG0005018	NC_051862.1:1	NC_051862.1	7298209	True	672	224	1	1	0	2	1	2	2	0	0	3	2	1
OG0005019	NC_051862.1:1	NC_051862.1	7267101	True	2628	876	5	6	3	4	5	1	2	3	11	1	2	11
OG0005020	NC_051862.1:1	NC_051862.1	7252879	True	2604	868	7	6	2	15	1	1	6	2	8	1	10	2
OG0005021	NC_051862.1:1	NC_051862.1	7143275	True	2814	938	9	4	7	5	7	11	7	5	8	11	2	7
OG0005022	NC_051862.1:1	NC_051862.1	7118660	True	1233	411	8	2	1	12	1	0	1	1	8	0	5	1
OG0005023	NC_051862.1:1	NC_051862.1	6983957	True	4722	1574	11	10	16	25	14	12	11	17	12	10	27	11
OG0005024	NC_051862.1:1	NC_051862.1	7901093	True	537	179	1	0	0	2	0	0	0	0	1	0	1	0
OG0005025	NC_051861.1:4	NC_051861.1	20164014	True	456	152	1	0	1	0	1	0	0	3	0	1	1	0
OG0005026	NC_051861.1:4	NC_051861.1	20183248	False	126	42	0	0	0	0	0	0	0	0	0	0	0	0
OG0005027	NC_051861.1:4	NC_051861.1	20156544	True	462	154	1	1	1	0	3	0	0	3	0	1	1	1
OG0005028	NC_051861.1:4	NC_051861.1	20146660	True	1467	489	5	11	7	0	18	0	0	14	0	5	7	11
OG0005029	NC_051861.1:4	NC_051861.1	20163034	False	444	148	0	3	0	0	4	0	0	1	0	0	0	3
OG0005030	NC_051861.1:4	NC_051861.1	20244356	True	1113	371	3	18	2	0	24	0	0	9	0	3	2	18
OG0005031	NC_051861.1:4	NC_051861.1	20294437	True	1404	468	5	24	0	0	39	0	0	14	0	5	0	24
OG0005032	NC_051861.1:4	NC_051861.1	20303998	True	1503	501	6	12	4	0	20	0	0	12	0	6	4	12
OG0005033	NC_051861.1:4	NC_051861.1	20305788	False	1293	431	1	1	30	0	2	32	6	5	13	7	4	14
OG0005034	NC_051861.1:4	NC_051861.1	20322848	False	1866	622	0	2	30	0	2	27	3	6	21	3	6	23
OG0005035	NC_051861.1:4	NC_051861.1	20343107	True	3534	1178	0	3	73	0	2	72	9	7	28	8	7	30
OG0005036	NC_051861.1:4	NC_051861.1	20348789	True	2406	802	0	2	42	1	2	44	6	4	29	6	4	31
OG0005037	NC_051861.1:4	NC_051861.1	20789802	True	402	134	0	11	0	0	11	1	1	0	0	1	0	11
OG0005038	NC_051861.1:4	NC_051861.1	20790995	False	1590	530	6	28	1	6	23	3	8	2	5	4	2	22
OG0005039	NC_051861.1:4	NC_051861.1	20816535	False	930	310	1	15	2	3	9	2	8	2	1	2	4	9
OG0005040	NC_051862.1:34	NC_051862.1	172142782	True	1398	466	1	11	4	3	12	6	4	3	6	3	2	16
OG0005041	NC_051862.1:34	NC_051862.1	172154998	True	2889	963	11	31	10	14	25	18	25	10	10	19	15	25
OG0005042	NC_051862.1:34	NC_051862.1	172259231	True	1437	479	6	13	3	4	17	4	4	7	7	6	3	17
OG0005043	NC_051862.1:34	NC_051862.1	171583910	False	2070	690	0	945	3	0	944	3	5	7	13	0	1	957
OG0005044	NC_051863.1:14	NC_051863.1	71583039	False	1518	506	0	2	5	0	1	4	1	1	5	0	1	6
OG0005045	NC_051863.1:14	NC_051863.1	71641790	True	1698	566	1	0	27	1	1	29	6	5	12	6	4	11
OG0005046	NC_051863.1:14	NC_051863.1	71517730	False	1524	508	1	0	8	1	0	7	2	3	5	2	3	4
OG0005047	NC_051863.1:14	NC_051863.1	71508966	False	1614	538	2	13	7	2	10	6	8	6	5	5	6	13
OG0005048	NC_051863.1:14	NC_051863.1	71504571	True	1506	502	5	5	4	1	6	4	2	3	3	5	1	6
OG0005049	NC_051863.1:14	NC_051863.1	71498455	True	1290	430	9	14	5	12	11	10	9	2	15	5	3	14
OG0005050	NC_051863.1:14	NC_051863.1	71477644	True	759	253	0	6	2	0	6	1	0	1	1	0	1	7
OG0005051	NC_051863.1:14	NC_051863.1	71441097	True	342	114	0	0	0	0	0	0	0	0	1	0	0	1
OG0005052	NC_051863.1:14	NC_051863.1	71409840	True	492	164	0	0	3	0	0	2	0	1	1	0	1	1
OG0005053	NC_051863.1:14	NC_051863.1	71404833	False	396	132	0	1	1	0	0	2	2	0	3	1	0	3
OG0005054	NC_051863.1:14	NC_051863.1	71247626	True	3696	1232	6	13	1	6	13	2	1	0	16	2	1	24
OG0005055	NC_051863.1:14	NC_051863.1	71238757	True	1152	384	1	4	3	1	4	5	5	3	3	3	1	3
OG0005056	NC_051863.1:14	NC_051863.1	71209977	True	1596	532	3	15	3	1	12	3	6	3	3	2	1	13
OG0005057	NC_051863.1:14	NC_051863.1	71173924	True	2745	915	7	30	6	7	30	4	8	9	7	7	9	29
OG0005058	NC_051863.1:14	NC_051863.1	71169019	True	714	238	1	10	1	1	9	2	2	0	4	1	0	12
OG0005059	NC_051863.1:14	NC_051863.1	71160753	True	6315	2105	16	43	20	23	38	19	19	16	27	15	24	49
OG0005060	NC_051863.1:14	NC_051863.1	71146130	True	1776	592	9	22	14	9	15	10	12	11	7	8	13	15
OG0005061	NC_051863.1:14	NC_051863.1	71141088	True	714	238	1	1	0	1	1	0	0	0	1	0	0	1
OG0005062	NC_051863.1:14	NC_051863.1	71111210	True	1620	540	1	10	2	2	8	2	3	2	4	2	3	11
OG0005063	NC_051863.1:14	NC_051863.1	71051752	True	1971	657	2	13	10	2	14	8	6	9	8	4	6	16
OG0005064	NC_051863.1:14	NC_051863.1	71032132	False	2424	808	5	33	7	4	34	5	7	11	7	5	5	32
OG0005065	NC_051863.1:14	NC_051863.1	71020625	False	687	229	1	5	0	1	1	0	4	0	1	0	0	1
OG0005066	NC_051863.1:14	NC_051863.1	71006339	False	669	223	1	15	0	4	14	1	2	0	1	1	3	14
OG0005067	NC_051863.1:24	NC_051863.1	123679578	True	441	147	0	1	0	1	0	0	1	0	0	0	1	0
OG0005068	NC_051863.1:24	NC_051863.1	123570691	False	1206	402	2	333	2	3	329	0	4	3	4	0	3	329
OG0005069	NC_051863.1:24	NC_051863.1	123466758	False	1218	406	6	16	3	4	17	0	1	5	4	3	4	16
OG0005070	NC_051863.1:24	NC_051863.1	123454137	False	1407	469	6	9	6	5	9	14	14	7	4	16	8	9
OG0005071	NC_051863.1:24	NC_051863.1	123307060	False	1281	427	2	1	0	1	0	5	5	0	0	7	1	0
OG0005072	NC_051862.1:3	NC_051862.1	17807180	True	588	196	8	3	2	4	3	2	3	3	6	6	2	4
OG0005073	NC_051862.1:3	NC_051862.1	17810238	True	627	209	1	3	5	3	2	11	7	1	4	6	2	5
OG0005074	NC_051862.1:3	NC_051862.1	17817144	True	705	235	2	2	0	1	1	0	1	0	1	1	0	1
OG0005075	NC_051862.1:3	NC_051862.1	17822788	True	219	73	0	0	0	0	0	0	0	0	0	0	0	0
OG0005076	NC_051862.1:3	NC_051862.1	17838908	True	834	278	5	3	3	1	5	0	1	6	2	4	3	3
OG0005077	NC_051862.1:3	NC_051862.1	18058606	True	1839	613	17	11	11	18	11	8	8	10	20	6	12	13
OG0005078	NC_051862.1:3	NC_051862.1	18082711	False	1011	337	5	3	3	6	2	3	5	4	6	3	4	2
OG0005079	NC_051862.1:3	NC_051862.1	18114020	True	1512	504	14	3	3	22	3	7	7	3	17	6	10	5
OG0005080	NC_051862.1:3	NC_051862.1	18141406	False	4488	1496	24	13	12	47	4	3	13	13	28	3	35	7
OG0005081	NC_051862.1:3	NC_051862.1	18240827	True	972	324	0	2	5	2	1	8	6	3	0	6	5	1
OG0005083	NC_051862.1:3	NC_051862.1	18605356	False	1218	406	1	5	21	1	6	20	0	3	10	0	2	13
OG0005084	NC_051862.1:3	NC_051862.1	18671204	True	1005	335	2	3	12	3	3	13	4	3	9	4	4	10
OG0005085	NC_051862.1:3	NC_051862.1	18709873	True	3135	1045	6	6	41	5	6	38	13	18	32	14	16	33
OG0005086	NC_051862.1:3	NC_051862.1	18739195	True	1800	600	2	3	26	1	5	24	5	9	16	7	8	19
OG0005087	NC_051862.1:3	NC_051862.1	18747048	True	4917	1639	15	28	45	13	29	45	18	18	28	18	15	41
OG0005088	NC_051862.1:3	NC_051862.1	18757146	True	888	296	6	5	7	1	4	7	9	8	1	11	6	2
OG0005089	NC_051862.1:3	NC_051862.1	18762128	True	708	236	2	3	4	2	4	3	1	3	5	2	3	7
OG0005090	NC_051862.1:3	NC_051862.1	18774149	True	1476	492	4	5	7	1	8	18	14	6	8	17	4	13
OG0005091	NC_051862.1:3	NC_051862.1	18777102	True	501	167	2	0	2	2	0	2	1	0	3	1	0	1
OG0005092	NC_051862.1:3	NC_051862.1	18784196	False	621	207	0	2	7	1	0	6	5	1	13	2	2	13
OG0005093	NC_051862.1:3	NC_051862.1	18826561	True	2247	749	9	10	10	8	7	10	8	5	7	8	7	10
OG0005094	NC_051862.1:3	NC_051862.1	17744795	False	330	110	0	0	0	0	0	0	0	0	0	0	0	0
OG0005095	NC_051862.1:17	NC_051862.1	86448889	False	828	276	2	2	2	4	3	9	9	3	1	10	4	1
OG0005096	NC_051862.1:17	NC_051862.1	86400066	False	1923	641	1	889	0	1	879	1	9	2	3	1	0	876
OG0005097	NC_051862.1:17	NC_051862.1	86380840	False	1944	648	0	188	9	0	186	7	5	5	3	1	3	187
OG0005098	NC_051862.1:17	NC_051862.1	86331058	False	2370	790	2	3	25	2	2	31	15	6	15	13	6	15
OG0005099	NC_051862.1:17	NC_051862.1	86303045	True	1182	394	1	2	24	1	2	18	1	6	16	1	6	17
OG0005100	NC_051862.1:17	NC_051862.1	86290955	False	2727	909	7	9	26	10	11	12	4	19	21	3	18	21
OG0005101	NC_051862.1:17	NC_051862.1	86285770	True	1422	474	3	9	7	2	11	7	3	5	7	4	3	14
OG0005102	NC_051862.1:17	NC_051862.1	86266349	True	2919	973	4	7	13	3	11	12	7	12	6	8	8	10
OG0005103	NC_051862.1:17	NC_051862.1	86247110	True	1260	420	2	7	1	5	7	1	2	2	2	1	4	6
OG0005104	NC_051862.1:17	NC_051862.1	86237640	True	834	278	3	6	5	6	8	2	2	7	7	2	7	10
OG0005105	NC_051862.1:17	NC_051862.1	86227653	True	1044	348	1	1	0	1	1	2	2	0	0	3	1	1
OG0005106	NC_051862.1:17	NC_051862.1	86216325	True	384	128	0	2	0	0	2	1	2	1	0	1	0	1
OG0005107	NC_051862.1:17	NC_051862.1	86209136	True	2883	961	6	20	6	6	21	6	7	8	9	5	5	21
OG0005108	NC_051862.1:17	NC_051862.1	86073856	False	2775	925	3	15	9	4	11	10	11	6	6	8	8	14
OG0005109	NC_051862.1:17	NC_051862.1	86049621	False	270	90	0	0	0	0	0	0	0	0	1	0	0	1
OG0005110	NC_051862.1:17	NC_051862.1	85852643	True	615	205	1	0	1	0	0	2	1	0	3	2	0	3
OG0005111	NC_051862.1:17	NC_051862.1	85835982	True	1449	483	1	5	7	1	4	10	6	2	5	5	2	8
OG0005112	NC_051862.1:17	NC_051862.1	85786131	False	1044	348	0	2	9	0	3	6	2	6	3	2	5	5
OG0005113	NC_051862.1:17	NC_051862.1	85768779	True	6078	2026	14	25	23	11	31	23	12	20	23	15	12	35
OG0005114	NC_051863.1:15	NC_051863.1	78056930	True	1008	336	3	5	5	2	9	1	0	8	3	1	4	6
OG0005115	NC_051863.1:15	NC_051863.1	78055124	True	1365	455	3	10	6	2	9	2	4	7	2	4	7	9
OG0005116	NC_051863.1:15	NC_051863.1	78044877	True	1713	571	2	3	1	2	2	2	2	0	3	1	0	3
OG0005117	NC_051863.1:15	NC_051863.1	78037580	True	786	262	2	1	1	2	1	0	0	1	4	0	1	3
OG0005118	NC_051863.1:15	NC_051863.1	78025176	False	927	309	3	13	2	2	12	2	2	1	3	2	1	14
OG0005119	NC_051863.1:15	NC_051863.1	77955128	True	771	257	1	10	0	3	10	1	1	0	3	1	2	12
OG0005120	NC_051863.1:15	NC_051863.1	77951124	False	1035	345	18	13	8	17	13	4	2	5	17	1	3	12
OG0005121	NC_051863.1:15	NC_051863.1	77943459	False	681	227	3	3	5	1	5	0	0	7	1	2	5	3
OG0005122	NC_051863.1:15	NC_051863.1	77909256	True	2541	847	9	6	1	6	6	3	4	2	5	8	2	6
OG0005123	NC_051863.1:15	NC_051863.1	77886522	True	666	222	1	4	1	1	6	0	0	3	1	0	1	4
OG0005124	NC_051863.1:15	NC_051863.1	77737439	False	2769	923	29	6	10	5	859	1	2	864	9	26	10	9
OG0005125	NC_051863.1:15	NC_051863.1	77704406	False	957	319	0	135	2	0	138	2	1	2	7	0	0	141
OG0005126	NC_051863.1:15	NC_051863.1	77660453	True	735	245	5	5	1	6	6	1	1	2	5	1	2	5
OG0005127	NC_051863.1:15	NC_051863.1	77645800	True	957	319	4	3	1	4	2	2	2	0	5	1	0	4
OG0005128	NC_051863.1:15	NC_051863.1	78063614	True	4662	1554	10	23	9	11	27	10	9	13	12	10	9	25
OG0005129	NC_051862.1:7	NC_051862.1	38249218	True	1692	564	3	2	21	3	2	23	9	7	8	9	7	7
OG0005130	NC_051862.1:7	NC_051862.1	38268105	False	5850	1950	6	441	72	5	444	68	12	18	40	11	16	476
OG0005131	NC_051862.1:7	NC_051862.1	38309806	False	1134	378	0	1	15	0	1	13	2	5	7	2	5	8
OG0005132	NC_051862.1:7	NC_051862.1	38443843	True	414	138	0	0	1	0	0	0	0	1	0	0	1	0
OG0005133	NC_051862.1:7	NC_051862.1	38479673	True	1638	546	1	5	13	1	5	11	3	5	11	3	5	15
OG0005134	NC_051862.1:7	NC_051862.1	38481911	False	2007	669	4	24	13	7	6	48	52	8	4	47	13	8
OG0005135	NC_051862.1:7	NC_051862.1	38490953	False	4134	1378	1	1172	3	4	944	4	230	1	6	2	4	945
OG0005136	NC_051862.1:7	NC_051862.1	38590679	True	1146	382	3	3	3	1	3	1	0	2	2	2	2	4
OG0005137	NC_051862.1:7	NC_051862.1	38592369	False	4944	1648	2	1980	18	4	1994	17	18	24	28	5	8	1999
OG0005138	NC_051862.1:7	NC_051862.1	38601174	False	1446	482	0	78	2	6	4	5	78	1	2	4	7	7
OG0005139	NC_051862.1:7	NC_051862.1	38757831	True	4560	1520	1	10	57	5	8	45	12	21	32	9	25	38
OG0005140	NC_051862.1:7	NC_051862.1	38768518	True	2574	858	2	10	18	5	9	22	9	5	12	9	8	19
OG0005141	NC_051862.1:7	NC_051862.1	38773214	False	2154	718	5	6	32	4	6	30	11	12	13	12	12	15
OG0005142	NC_051862.1:7	NC_051862.1	38781917	True	12462	4154	17	23	136	15	27	161	67	46	79	64	38	85
OG0005143	NC_051862.1:7	NC_051862.1	38830262	True	1239	413	5	11	2	4	13	1	1	4	9	2	2	16
OG0005144	NC_051862.1:7	NC_051862.1	38860052	True	2370	790	17	16	9	16	13	7	9	8	17	6	7	13
OG0005145	NC_051862.1:7	NC_051862.1	38910845	True	2097	699	4	5	1	7	3	4	6	1	3	4	3	2
OG0005146	NC_051862.1:7	NC_051862.1	38965262	False	801	267	0	4	5	2	7	6	3	6	0	3	5	4
OG0005147	NC_051862.1:27	NC_051862.1	137164123	True	2100	700	6	10	7	3	9	9	7	3	8	6	1	10
OG0005148	NC_051862.1:27	NC_051862.1	137225898	True	1380	460	0	1	9	0	3	10	5	5	6	5	3	7
OG0005149	NC_051862.1:27	NC_051862.1	137236515	False	1167	389	1	54	1	5	0	1	55	1	2	1	3	2
OG0005150	NC_051862.1:27	NC_051862.1	137340817	True	1443	481	4	12	6	6	13	3	1	5	2	3	8	12
OG0005151	NC_051862.1:27	NC_051862.1	137360679	True	1122	374	4	3	6	1	4	5	2	4	3	4	2	5
OG0005152	NC_051862.1:27	NC_051862.1	137464096	True	2862	954	10	5	18	11	8	16	10	14	10	14	18	10
OG0005153	NC_051862.1:27	NC_051862.1	137471548	True	1833	611	2	3	9	3	3	8	3	5	5	4	6	6
OG0005154	NC_051862.1:27	NC_051862.1	137536103	True	921	307	0	1	22	0	0	18	1	5	13	0	5	12
OG0005155	NC_051862.1:42	NC_051862.1	212618270	False	402	134	0	1	0	0	1	0	0	0	0	0	0	1
OG0005156	NC_051862.1:42	NC_051862.1	212867512	True	2604	868	13	33	9	8	33	7	11	13	11	13	10	32
OG0005157	NC_051862.1:42	NC_051862.1	212874356	True	2901	967	10	15	16	12	16	13	12	15	16	14	17	21
OG0005158	NC_051862.1:42	NC_051862.1	212883652	True	942	314	5	5	1	5	6	3	3	2	5	3	1	5
OG0005159	NC_051861.1:19	NC_051861.1	95713958	True	2433	811	6	8	20	4	10	17	5	12	14	7	9	19
OG0005160	NC_051861.1:19	NC_051861.1	95736766	True	2073	691	1	12	7	0	9	5	7	6	4	3	4	11
OG0005161	NC_051861.1:19	NC_051861.1	95643508	False	7440	2480	9	16	67	11	19	30	9	55	21	12	56	30
OG0005162	NC_051861.1:19	NC_051861.1	95821171	False	2352	784	12	3	34	11	4	28	9	16	32	11	14	24
OG0005163	NC_051861.1:19	NC_051861.1	95836645	False	7221	2407	10	1318	47	8	1304	44	26	25	41	16	17	1339
OG0005164	NC_051861.1:19	NC_051861.1	95961969	False	615	205	0	2	3	1	3	8	8	4	4	8	4	6
OG0005165	NC_051861.1:19	NC_051861.1	95977638	True	1575	525	0	6	7	0	7	9	3	2	11	3	1	17
OG0005166	NC_051861.1:19	NC_051861.1	95986087	False	0	0	0	0	0	0	0	0	0	0	0	0	0	0
OG0005167	NC_051861.1:19	NC_051861.1	95987840	True	489	163	1	0	2	1	0	3	1	0	1	1	0	0
OG0005168	NC_051861.1:19	NC_051861.1	96015444	True	1212	404	3	3	14	3	1	11	10	10	8	7	10	6
OG0005169	NC_051861.1:19	NC_051861.1	96024052	True	1254	418	3	8	5	3	8	4	2	3	6	2	4	10
OG0005170	NC_051861.1:19	NC_051861.1	96029755	False	783	261	1	89	0	1	0	15	103	0	1	16	1	1
OG0005171	NC_051861.1:19	NC_051861.1	96080207	True	3024	1008	4	8	21	1	8	23	8	6	17	10	5	23
OG0005172	NC_051861.1:19	NC_051861.1	96093841	True	651	217	5	2	2	4	1	7	5	0	3	8	2	3
OG0005173	NC_051861.1:19	NC_051861.1	96098500	False	1809	603	3	10	6	2	7	5	6	3	5	3	3	9
OG0005174	NC_051861.1:19	NC_051861.1	96107997	False	945	315	1	7	5	2	5	4	2	3	12	0	4	16
OG0005175	NC_051861.1:19	NC_051861.1	96127164	False	6696	2232	13	17	42	13	19	48	30	25	111	25	18	110
OG0005176	NC_051861.1:19	NC_051861.1	96240723	False	2589	863	4	264	19	2	267	22	6	7	19	8	3	281
OG0005177	NC_051861.1:19	NC_051861.1	96272497	True	3099	1033	3	6	30	7	5	33	7	5	24	6	10	27
OG0005178	NC_051862.1:42	NC_051862.1	214745801	True	741	247	3	2	5	3	2	10	6	1	4	8	2	4
OG0005179	NC_051862.1:42	NC_051862.1	214741366	True	1065	355	1	0	18	1	0	14	2	6	4	2	6	3
OG0005180	NC_051862.1:42	NC_051862.1	214701364	True	954	318	1	3	8	4	3	4	0	4	8	1	8	11
OG0005181	NC_051862.1:42	NC_051862.1	214694345	True	381	127	0	1	2	0	1	1	1	1	2	1	1	3
OG0005182	NC_051862.1:42	NC_051862.1	214692449	True	1173	391	5	3	5	5	3	5	1	1	9	1	1	7
OG0005183	NC_051862.1:42	NC_051862.1	214685628	True	1443	481	0	11	30	1	11	25	7	13	12	8	13	21
OG0005184	NC_051862.1:42	NC_051862.1	214645326	True	1158	386	0	1	13	1	1	13	3	3	4	3	4	5
OG0005185	NC_051862.1:42	NC_051862.1	214631502	True	5049	1683	15	5	39	13	8	38	13	19	39	16	18	34
OG0005186	NC_051862.1:42	NC_051862.1	214613128	True	315	105	0	0	4	0	0	4	0	0	3	0	0	3
OG0005187	NC_051862.1:42	NC_051862.1	214595979	True	1299	433	1	0	12	0	0	11	2	2	7	3	2	8
OG0005188	NC_051862.1:42	NC_051862.1	214571929	False	168	56	0	0	0	0	0	0	0	0	2	0	0	2
OG0005189	NC_051862.1:42	NC_051862.1	214557674	True	2232	744	6	7	14	6	6	16	6	3	11	6	4	13
OG0005190	NC_051862.1:42	NC_051862.1	214493894	True	3576	1192	4	4	34	3	3	38	13	9	25	13	9	24
OG0005191	NC_051862.1:42	NC_051862.1	214378422	True	1278	426	1	2	1	1	1	0	1	1	5	0	1	5
OG0005192	NC_051862.1:42	NC_051862.1	214199261	False	4366	1455	8	4	54	7	5	51	15	22	49	16	21	45
OG0005193	NC_051861.1:5	NC_051861.1	29978752	False	0	0	0	0	0	0	0	0	0	0	0	0	0	0
OG0005194	NC_051861.1:5	NC_051861.1	29816760	True	771	257	3	8	1	3	6	1	3	1	3	0	0	5
OG0005195	NC_051861.1:5	NC_051861.1	29797113	False	1302	434	3	76	7	4	78	6	3	4	12	2	4	81
OG0005196	NC_051861.1:5	NC_051861.1	29788622	True	1425	475	6	12	18	7	9	23	15	6	15	11	6	18
OG0005197	NC_051861.1:5	NC_051861.1	29777160	False	471	157	1	1	0	1	1	1	1	0	2	1	0	2
OG0005198	NC_051861.1:5	NC_051861.1	29774851	True	630	210	2	2	1	2	2	3	2	0	3	2	0	3
OG0005199	NC_051861.1:5	NC_051861.1	29778088	False	1302	434	3	12	4	3	13	3	1	3	8	2	3	18
OG0005200	NC_051861.1:5	NC_051861.1	29769736	True	1860	620	4	23	3	3	24	3	1	2	11	2	1	30
OG0005201	NC_051861.1:5	NC_051861.1	29752735	True	369	123	0	5	0	0	5	0	0	0	0	0	0	5
OG0005202	NC_051861.1:5	NC_051861.1	29736472	True	1446	482	6	13	4	5	17	3	3	7	13	2	2	19
OG0005203	NC_051861.1:5	NC_051861.1	29734085	False	1011	337	4	1	4	2	4	8	6	4	9	9	2	10
OG0005204	NC_051861.1:5	NC_051861.1	29729219	False	1245	415	7	9	9	7	10	8	5	7	14	5	6	16
OG0005205	NC_051861.1:5	NC_051861.1	29668841	True	1314	438	2	3	2	5	2	7	6	0	6	5	3	6
OG0005206	NC_051861.1:5	NC_051861.1	29644791	False	1143	381	1	3	4	0	3	3	1	2	0	1	1	2
OG0005207	NC_051861.1:5	NC_051861.1	29489184	False	1059	353	0	8	0	4	4	11	13	0	0	11	4	4
OG0005208	NC_051861.1:6	NC_051861.1	30314867	False	2154	718	2	282	1	2	276	4	10	4	3	4	1	277
OG0005209	NC_051862.1:32	NC_051862.1	164717913	True	324	108	2	0	4	2	0	7	2	0	8	2	0	6
OG0005210	NC_051862.1:32	NC_051862.1	164979731	False	1329	443	4	52	7	6	110	7	43	90	1	10	11	16
OG0005211	NC_051862.1:32	NC_051862.1	164694054	False	2691	897	13	8	3	6	117	9	10	114	7	17	4	7
OG0005212	NC_051862.1:33	NC_051862.1	165261510	False	1515	505	6	7	7	7	3	6	5	4	12	2	5	9
OG0005213	NC_051862.1:11	NC_051862.1	57634834	False	2289	763	1	2	11	0	1	12	3	2	21	3	2	21
OG0005214	NC_051862.1:11	NC_051862.1	57668087	True	606	202	0	0	5	0	0	4	0	1	0	0	1	0
OG0005215	NC_051862.1:11	NC_051862.1	58092828	False	1626	542	0	186	1	8	17	5	176	3	2	5	9	17
OG0005216	NC_051862.1:26	NC_051862.1	131521035	True	2433	811	1	4	34	0	3	30	7	8	20	6	8	23
OG0005217	NC_051862.1:11	NC_051862.1	58309346	True	1512	504	2	1	1	1	1	2	2	1	1	2	0	0
OG0005218	NC_051862.1:11	NC_051862.1	58318124	True	1332	444	5	3	6	5	1	4	2	2	5	1	4	2
OG0005219	NC_051862.1:11	NC_051862.1	58319988	False	870	290	4	3	0	4	0	1	4	0	6	2	1	3
OG0005220	NC_051862.1:11	NC_051862.1	58325216	True	1626	542	3	5	4	11	7	4	3	5	3	2	11	4
OG0005221	NC_051862.1:11	NC_051862.1	58346106	True	2664	888	14	12	7	15	14	8	9	11	16	9	10	15
OG0005222	NC_051862.1:11	NC_051862.1	58369742	True	516	172	2	2	2	2	1	1	1	1	2	0	1	1
OG0005223	NC_051862.1:11	NC_051862.1	58423191	True	1290	430	1	2	1	3	0	1	3	1	1	1	3	0
OG0005224	NC_051862.1:11	NC_051862.1	58487474	True	1041	347	6	2	0	11	0	0	2	0	6	0	5	0
OG0005225	NC_051862.1:11	NC_051862.1	58564989	True	903	301	5	6	2	9	2	2	7	3	5	3	7	2
OG0005226	NC_051862.1:11	NC_051862.1	57682115	False	300	100	0	0	0	0	0	0	0	0	0	0	0	0
OG0005227	NC_051863.1:5	NC_051863.1	28564380	True	1875	625	1	11	5	4	7	8	12	5	2	6	6	7
OG0005228	NC_051863.1:5	NC_051863.1	28611585	True	321	107	0	2	0	0	2	1	1	0	0	1	0	2
OG0005229	NC_051863.1:5	NC_051863.1	28623400	False	1506	502	38	5	8	16	240	22	17	238	14	45	8	5
OG0005230	NC_051863.1:5	NC_051863.1	28651047	False	1404	468	15	11	10	9	17	8	7	15	9	14	9	13
OG0005231	NC_051863.1:5	NC_051863.1	28660321	True	633	211	1	7	3	3	8	2	4	5	2	1	4	6
OG0005232	NC_051863.1:5	NC_051863.1	28673269	False	1101	367	2	219	22	2	218	23	2	0	376	0	0	593
OG0005233	NC_051863.1:5	NC_051863.1	28770535	True	4455	1485	35	39	21	40	39	29	30	23	43	26	24	46
OG0005234	NC_051863.1:5	NC_051863.1	28796497	False	642	214	5	7	3	5	8	0	0	4	6	0	3	8
OG0005235	NC_051863.1:5	NC_051863.1	28870409	True	840	280	0	4	0	0	4	0	0	0	1	0	0	5
OG0005236	NC_051863.1:5	NC_051863.1	29000020	True	225	75	0	1	0	0	1	0	0	0	0	0	0	1
OG0005237	NC_051863.1:5	NC_051863.1	29021847	True	600	200	0	6	2	1	6	2	4	3	1	2	3	5
OG0005238	NC_051863.1:5	NC_051863.1	29025468	True	2067	689	4	11	6	6	5	7	9	3	4	5	6	6
OG0005239	NC_051863.1:5	NC_051863.1	29030520	True	867	289	2	9	3	4	6	3	5	2	4	2	4	8
OG0005240	NC_051863.1:5	NC_051863.1	29030360	True	1065	355	1	3	2	2	2	5	5	1	4	3	1	4
OG0005241	NC_051863.1:5	NC_051863.1	29063169	True	2214	738	2	11	5	3	9	0	3	6	4	0	6	10
OG0005242	NC_051861.1:26	NC_051861.1	130036116	True	897	299	0	5	5	0	3	4	4	3	0	2	4	3
OG0005243	NC_051861.1:26	NC_051861.1	130094327	True	1395	465	0	0	8	0	0	8	2	2	4	2	2	4
OG0005244	NC_051861.1:26	NC_051861.1	130124248	True	7206	2402	11	21	30	12	19	34	25	18	25	25	21	34
OG0005245	NC_051861.1:26	NC_051861.1	130136259	True	702	234	1	0	5	1	0	7	5	3	2	5	3	1
OG0005247	NC_051863.1:28	NC_051863.1	143593828	False	2220	740	5	0	5	2	1	5	1	2	3	4	1	1
OG0005248	NC_051863.1:28	NC_051863.1	143576769	False	507	169	0	2	1	3	0	1	3	1	0	1	4	0
OG0005249	NC_051863.1:28	NC_051863.1	143436631	False	897	299	6	4	2	5	1	38	37	0	4	37	2	2
OG0005250	NC_051863.1:28	NC_051863.1	143420231	True	5703	1901	52	22	36	108	0	1	22	35	52	0	92	0
OG0005251	NC_051863.1:28	NC_051863.1	143392103	True	762	254	2	5	2	5	0	0	5	2	2	0	5	0
OG0005252	NC_051863.1:28	NC_051863.1	143354616	False	495	165	3	1	0	4	0	12	12	0	2	14	3	1
OG0005253	NC_051863.1:28	NC_051863.1	143341017	True	696	232	3	1	1	6	1	0	1	2	2	1	5	0
OG0005254	NC_051863.1:28	NC_051863.1	143321911	True	2415	805	4	8	3	21	0	0	8	3	4	0	20	0
OG0005255	NC_051863.1:28	NC_051863.1	143305631	True	1032	344	1	1	0	5	0	0	1	0	1	0	4	0
OG0005256	NC_051863.1:28	NC_051863.1	143291643	True	2532	844	18	3	3	28	0	0	3	3	18	0	13	0
OG0005257	NC_051863.1:28	NC_051863.1	143160355	True	699	233	2	1	1	1	2	1	1	2	4	2	1	4
OG0005258	NC_051863.1:28	NC_051863.1	143129607	True	1581	527	7	4	0	5	2	5	7	0	4	8	1	2
OG0005259	NC_051862.1:25	NC_051862.1	126265178	False	0	0	0	0	0	0	0	0	0	0	0	0	0	0
OG0005260	NC_051862.1:25	NC_051862.1	126242730	True	1287	429	2	1	8	3	1	6	1	3	4	1	3	3
OG0005261	NC_051862.1:25	NC_051862.1	126233890	True	1803	601	3	12	11	3	11	7	4	8	11	3	7	19
OG0005262	NC_051862.1:25	NC_051862.1	126204607	False	234	78	0	1	1	0	0	1	2	1	0	1	1	0
OG0005263	NC_051862.1:25	NC_051862.1	125859300	False	1626	542	1	4	6	3	4	4	3	5	3	0	4	3
OG0005264	NC_051862.1:25	NC_051862.1	125816634	True	456	152	0	0	0	0	0	0	0	0	0	0	0	0
OG0005265	NC_051862.1:25	NC_051862.1	125796700	False	345	115	2	2	7	2	1	6	5	5	5	4	5	4
OG0005266	NC_051862.1:25	NC_051862.1	125789171	True	1287	429	0	9	3	0	9	1	1	3	0	1	3	9
OG0005267	NC_051862.1:25	NC_051862.1	125729623	True	1266	422	1	5	3	0	11	2	2	9	1	3	3	6
OG0005268	NC_051862.1:25	NC_051862.1	125581719	True	3855	1285	1	9	27	1	10	24	2	6	17	2	5	26
OG0005269	NC_051862.1:25	NC_051862.1	126325041	True	1620	540	7	12	14	7	13	12	1	4	25	2	4	31
OG0005270	NC_051861.1:24	NC_051861.1	123667423	False	1419	473	12	6	8	4	29	6	6	31	7	15	5	3
OG0005271	NC_051861.1:24	NC_051861.1	123571496	True	1182	394	11	0	2	9	2	4	3	3	10	5	1	1
OG0005272	NC_051861.1:24	NC_051861.1	123374869	True	2091	697	2	2	1	1	4	0	0	3	6	1	1	7
OG0005273	NC_051861.1:24	NC_051861.1	123346915	False	1140	380	6	7	8	7	4	7	6	4	6	4	5	4
OG0005275	NC_051861.1:24	NC_051861.1	123287019	False	1848	616	9	0	3	8	3	1	0	5	9	1	3	1
OG0005276	NC_051861.1:24	NC_051861.1	123231286	True	2049	683	2	4	4	3	3	3	2	2	4	1	3	5
OG0005277	NC_051861.1:24	NC_051861.1	122927253	False	3975	1325	1	7	3	2	4	0	3	3	2	0	4	5
OG0005278	NC_051861.1:24	NC_051861.1	122911608	True	1218	406	8	7	4	6	7	2	2	4	11	3	3	11
OG0005279	NC_051861.1:24	NC_051861.1	122906999	False	909	303	0	1	3	0	1	1	0	2	4	0	2	5
OG0005280	NC_051862.1:2	NC_051862.1	12406285	False	189	63	0	0	2	0	0	1	0	1	3	0	1	3
OG0005281	NC_051862.1:2	NC_051862.1	12397797	True	1899	633	2	2	39	2	1	42	16	10	20	15	9	19
OG0005282	NC_051862.1:2	NC_051862.1	12371592	False	648	216	0	1	8	0	0	9	2	0	6	1	0	6
OG0005283	NC_051862.1:2	NC_051862.1	12365017	True	903	301	0	3	12	1	3	12	6	5	3	5	4	5
OG0005284	NC_051862.1:2	NC_051862.1	12346630	True	1413	471	0	0	8	0	0	8	1	1	11	1	1	11
OG0005285	NC_051862.1:2	NC_051862.1	12293672	True	1506	502	0	1	11	0	2	11	2	3	3	2	2	4
OG0005286	NC_051862.1:2	NC_051862.1	12291868	True	909	303	5	2	6	5	2	4	0	1	6	0	1	3
OG0005287	NC_051862.1:2	NC_051862.1	12152580	True	1743	581	3	7	3	4	7	5	4	3	4	4	5	8
OG0005288	NC_051862.1:2	NC_051862.1	12140024	False	1983	661	7	15	4	8	14	3	4	4	9	5	7	18
OG0005289	NC_051862.1:2	NC_051862.1	12138386	True	684	228	3	4	3	2	3	2	3	3	5	2	2	5
OG0005290	NC_051862.1:2	NC_051862.1	12137435	True	765	255	5	6	3	4	7	1	1	4	4	3	4	7
OG0005291	NC_051862.1:2	NC_051862.1	12121864	True	882	294	4	4	2	4	3	2	2	1	6	0	0	4
OG0005292	NC_051862.1:2	NC_051862.1	12071721	True	705	235	0	2	1	0	2	2	1	0	0	1	0	2
OG0005293	NC_051862.1:10	NC_051862.1	53809805	True	2451	817	4	3	25	5	5	22	2	8	17	2	7	16
OG0005294	NC_051863.1:28	NC_051863.1	143022574	False	654	218	10	1	0	13	0	0	1	0	10	0	2	0
OG0005295	NC_051863.1:28	NC_051863.1	143064049	False	1149	383	0	0	4	5	0	0	0	4	0	0	9	0
OG0005296	NC_051863.1:28	NC_051863.1	143040501	True	1323	441	3	1	2	10	1	1	3	3	4	1	9	0
OG0005297	NC_051863.1:28	NC_051863.1	142988186	False	1890	630	22	3	4	32	0	0	3	4	21	1	15	0
OG0005298	NC_051863.1:28	NC_051863.1	142914112	True	708	236	9	2	4	7	2	4	5	4	8	6	4	3
OG0005299	NC_051863.1:28	NC_051863.1	142714163	False	1023	341	8	1	0	5	2	5	6	1	5	8	1	1
OG0005300	NC_051863.1:28	NC_051863.1	142677276	True	939	313	19	5	0	23	0	0	5	0	19	0	4	0
OG0005301	NC_051863.1:28	NC_051863.1	142559352	True	3681	1227	23	5	8	42	0	0	5	8	23	0	29	0
OG0005302	NC_051863.1:28	NC_051863.1	142542725	True	1209	403	8	2	3	13	0	0	2	3	8	0	8	0
OG0005303	NC_051863.1:28	NC_051863.1	142544478	True	1290	430	8	2	1	11	0	0	2	1	8	0	4	0
OG0005304	NC_051863.1:28	NC_051863.1	142531855	True	1503	501	2	2	6	1	4	7	6	7	4	6	4	4
OG0005305	NC_051863.1:28	NC_051863.1	142455025	False	693	231	1	1	15	1	0	0	1	15	1	0	15	0
OG0005306	NC_051861.1:23	NC_051861.1	118471274	False	297	99	0	0	0	0	0	0	0	0	0	0	0	0
OG0005307	NC_051861.1:23	NC_051861.1	118503432	True	1104	368	5	6	5	8	3	6	7	3	4	5	7	3
OG0005308	NC_051861.1:23	NC_051861.1	118528924	True	660	220	1	2	3	1	2	2	2	3	1	2	3	2
OG0005309	NC_051861.1:23	NC_051861.1	118597994	True	1530	510	3	7	6	7	10	2	6	12	5	3	11	8
OG0005310	NC_051861.1:23	NC_051861.1	118627375	True	744	248	1	1	1	2	1	0	0	1	1	0	2	1
OG0005311	NC_051861.1:23	NC_051861.1	118632996	True	2493	831	8	10	5	7	9	6	8	6	7	7	7	9
OG0005312	NC_051861.1:23	NC_051861.1	118655574	False	1311	437	13	2	1	15	2	9	10	1	11	10	5	2
OG0005313	NC_051861.1:23	NC_051861.1	118791365	False	2442	814	4	6	5	10	4	5	7	5	12	3	9	10
OG0005314	NC_051861.1:23	NC_051861.1	118865746	True	3072	1024	16	16	8	13	15	12	17	12	18	14	7	16
OG0005315	NC_051861.1:23	NC_051861.1	118872850	True	513	171	6	7	6	5	8	4	2	5	6	3	4	8
OG0005316	NC_051861.1:23	NC_051861.1	118885718	True	2550	850	10	3	16	12	2	15	5	6	14	4	6	6
OG0005317	NC_051861.1:23	NC_051861.1	119002489	True	2187	729	1	4	18	1	4	18	6	4	8	6	4	11
OG0005318	NC_051861.1:23	NC_051861.1	119031883	False	240	80	0	0	2	2	0	2	1	1	1	1	3	1
OG0005319	NC_051861.1:23	NC_051861.1	119037218	True	618	206	1	1	8	1	1	8	6	6	2	6	6	2
OG0005320	NC_051861.1:15	NC_051861.1	77325823	False	4407	1469	2	4	70	1	3	76	20	14	38	20	14	40
OG0005321	NC_051861.1:15	NC_051861.1	77382728	False	1071	357	0	262	24	7	76	8	99	25	2	6	31	77
OG0005322	NC_051861.1:15	NC_051861.1	77285244	False	1296	432	0	1	5	0	0	17	17	2	2	16	2	2
OG0005323	NC_051861.1:15	NC_051861.1	77216515	False	4626	1542	4	7	54	5	6	61	17	10	45	16	11	47
OG0005324	NC_051861.1:15	NC_051861.1	77192598	False	1047	349	18	171	15	18	174	15	0	0	174	0	0	480
OG0005325	NC_051861.1:15	NC_051861.1	77174076	True	672	224	0	1	4	0	1	4	0	0	2	0	0	3
OG0005326	NC_051862.1:31	NC_051862.1	158481516	False	81	27	0	0	0	0	0	0	0	0	0	0	0	0
OG0005327	NC_051862.1:31	NC_051862.1	158490337	False	597	199	4	2	1	2	1	2	2	0	3	3	0	2
OG0005328	NC_051862.1:31	NC_051862.1	158501093	True	3090	1030	11	15	7	13	12	4	7	7	12	6	10	16
OG0005329	NC_051862.1:31	NC_051862.1	158584204	True	3159	1053	10	14	9	35	0	3	16	8	10	2	33	0
OG0005330	NC_051862.1:11	NC_051862.1	59937255	True	918	306	2	1	5	2	1	2	1	4	2	2	5	2
OG0005331	NC_051862.1:11	NC_051862.1	59928277	True	1032	344	4	2	1	5	0	5	7	1	5	5	2	1
OG0005332	NC_051862.1:11	NC_051862.1	59904462	True	297	99	1	0	0	2	0	0	0	0	1	0	1	0
OG0005333	NC_051862.1:11	NC_051862.1	59902664	True	1335	445	6	5	2	7	3	1	3	2	7	2	4	5
OG0005334	NC_051862.1:11	NC_051862.1	59697177	False	5229	1743	8	4	28	16	3	1	2	28	7	2	38	3
OG0005335	NC_051862.1:11	NC_051862.1	59688158	True	1077	359	10	2	3	12	2	1	0	2	11	0	4	2
OG0005336	NC_051862.1:11	NC_051862.1	59652056	True	2862	954	8	9	7	5	8	11	13	7	6	14	6	9
OG0005337	NC_051862.1:11	NC_051862.1	59624289	True	1026	342	0	0	0	0	0	0	0	0	0	0	0	0
OG0005338	NC_051862.1:11	NC_051862.1	59616643	False	441	147	1	0	0	3	0	0	0	0	1	0	2	0
OG0005339	NC_051862.1:11	NC_051862.1	59616012	True	330	110	1	0	0	1	0	0	0	0	1	0	0	0
OG0005340	NC_051862.1:11	NC_051862.1	59583056	True	1653	551	6	7	2	4	3	10	13	1	4	11	1	3
OG0005341	NC_051862.1:11	NC_051862.1	59545005	True	1089	363	4	4	2	2	5	0	2	5	3	2	3	3
OG0005342	NC_051862.1:11	NC_051862.1	59542509	True	342	114	0	1	0	0	0	0	1	0	0	0	0	0
OG0005343	NC_051862.1:11	NC_051862.1	59536478	True	2391	797	5	6	5	8	6	7	6	3	7	5	5	7
OG0005344	NC_051862.1:11	NC_051862.1	59513511	True	471	157	4	2	5	2	4	2	0	5	2	2	3	2
OG0005345	NC_051862.1:11	NC_051862.1	59506497	True	2274	758	6	3	0	8	3	2	4	2	4	5	5	1
OG0005346	NC_051862.1:11	NC_051862.1	59483424	True	600	200	1	1	0	4	1	0	1	1	1	0	3	0
OG0005347	NC_051862.1:11	NC_051862.1	59465165	True	1671	557	5	3	0	6	2	0	2	1	4	2	4	2
OG0005348	NC_051862.1:11	NC_051862.1	59442393	True	2085	695	16	10	6	12	9	14	13	4	17	16	4	16
OG0005349	NC_051863.1:23	NC_051863.1	119458624	True	8355	2785	15	42	28	17	45	23	23	29	22	16	23	42
OG0005350	NC_051863.1:23	NC_051863.1	119572141	False	750	250	0	3	3	0	4	4	2	2	5	2	1	8
OG0005351	NC_051862.1:24	NC_051862.1	120716669	False	2256	752	3	6	28	3	4	31	7	3	15	6	4	16
OG0005352	NC_051862.1:24	NC_051862.1	120663618	True	1026	342	2	0	8	2	0	10	2	0	11	2	0	9
OG0005353	NC_051863.1:30	NC_051863.1	151234609	True	585	195	0	0	8	0	0	9	3	2	1	3	2	1
OG0005354	NC_051863.1:30	NC_051863.1	151235717	True	1185	395	0	1	13	0	0	14	4	2	7	3	2	7
OG0005355	NC_051863.1:30	NC_051863.1	151321051	True	1884	628	0	0	26	1	0	17	5	14	4	5	15	4
OG0005356	NC_051863.1:30	NC_051863.1	151345836	True	579	193	1	0	3	1	0	3	0	0	17	0	0	15
OG0005357	NC_051863.1:27	NC_051863.1	136426831	False	4395	1465	36	11	54	50	8	8	12	53	33	13	62	8
OG0005358	NC_051862.1:27	NC_051862.1	135585352	False	438	146	1	0	0	1	0	0	0	0	1	1	1	1
OG0005359	NC_051862.1:27	NC_051862.1	135623612	False	1668	556	5	2	4	4	1	2	1	2	4	0	2	1
OG0005360	NC_051862.1:27	NC_051862.1	135602737	True	948	316	4	4	2	7	5	3	2	2	6	2	3	5
OG0005361	NC_051862.1:27	NC_051862.1	135830204	False	909	303	10	91	2	20	1	1	91	2	10	0	6	0
OG0005362	NC_051862.1:27	NC_051862.1	135931273	True	2169	723	12	5	7	12	11	7	8	14	12	10	9	6
OG0005363	NC_051861.1:14	NC_051861.1	74475159	False	1176	392	0	240	0	1	57	2	86	0	0	2	1	57
OG0005364	NC_051861.1:14	NC_051861.1	74787719	True	447	149	0	3	0	0	3	0	0	0	0	0	0	3
OG0005365	NC_051861.1:14	NC_051861.1	74847871	True	660	220	1	3	0	0	3	0	0	0	0	1	0	3
OG0005366	NC_051861.1:14	NC_051861.1	74897746	True	1365	455	0	9	0	0	8	1	2	0	0	1	0	8
OG0005367	NC_051863.1:33	NC_051863.1	166347729	True	2085	695	3	5	20	3	6	22	11	10	9	12	10	12
OG0005368	NC_051863.1:33	NC_051863.1	166354376	True	1569	523	0	1	24	1	3	17	6	15	5	6	14	5
OG0005369	NC_051863.1:39	NC_051863.1	195621368	True	909	303	4	6	0	9	1	0	5	0	5	0	5	2
OG0005370	NC_051863.1:39	NC_051863.1	195731874	True	939	313	3	4	1	4	2	2	2	0	2	2	2	2
OG0005371	NC_051863.1:39	NC_051863.1	195745502	True	1116	372	8	6	3	6	5	9	9	2	8	10	2	7
OG0005372	NC_051863.1:39	NC_051863.1	195749771	True	3645	1215	18	17	25	21	15	12	17	26	22	10	25	14
OG0005373	NC_051863.1:39	NC_051863.1	195845949	True	426	142	1	2	3	0	3	0	0	4	0	1	3	2
OG0005374	NC_051863.1:39	NC_051863.1	195893520	False	1134	378	5	11	4	5	11	5	8	8	5	7	6	10
OG0005375	NC_051863.1:39	NC_051863.1	195905709	True	285	95	1	0	0	3	0	0	0	0	2	0	2	1
OG0005376	NC_051863.1:39	NC_051863.1	195926302	False	1068	356	2	1	15	2	2	16	3	3	12	3	2	11
OG0005377	NC_051863.1:39	NC_051863.1	195927981	True	1218	406	3	4	38	3	5	39	8	8	19	8	7	20
OG0005378	NC_051863.1:39	NC_051863.1	195931384	True	1044	348	2	0	15	2	1	14	1	0	13	1	0	12
OG0005379	NC_051862.1:30	NC_051862.1	154944130	False	6834	2278	51	30	27	70	20	13	25	26	50	19	52	29
OG0005380	NC_051862.1:31	NC_051862.1	155011234	True	969	323	8	1	1	5	1	2	2	1	5	4	1	1
OG0005381	NC_051862.1:31	NC_051862.1	155088545	True	960	320	0	1	0	0	0	0	1	0	0	0	0	0
OG0005382	NC_051863.1:25	NC_051863.1	127343674	True	1125	375	1	3	2	0	2	2	2	1	1	2	1	3
OG0005383	NC_051863.1:25	NC_051863.1	127331598	True	645	215	5	3	0	2	4	2	2	1	2	5	0	3
OG0005384	NC_051863.1:25	NC_051863.1	127296378	True	2718	906	12	11	11	14	11	13	10	8	13	12	12	14
OG0005385	NC_051863.1:25	NC_051863.1	127363988	False	1080	360	6	9	7	6	8	9	6	2	12	4	2	14
OG0005386	NC_051863.1:25	NC_051863.1	127377588	True	633	211	0	1	8	0	1	6	0	2	3	0	2	4
OG0005387	NC_051863.1:25	NC_051863.1	127411896	True	3423	1141	2	6	8	2	6	10	8	6	9	8	6	13
OG0005388	NC_051863.1:25	NC_051863.1	127522796	False	4701	1567	95	7	9	97	9	11	6	5	96	7	5	15
OG0005389	NC_051863.1:25	NC_051863.1	127660880	True	2766	922	4	5	12	3	4	10	4	4	13	6	6	16
OG0005390	NC_051863.1:25	NC_051863.1	127692324	True	666	222	0	1	9	0	1	10	2	0	2	2	0	3
OG0005391	NC_051863.1:25	NC_051863.1	127694505	True	495	165	0	0	1	0	0	1	0	0	0	0	0	0
OG0005392	NC_051863.1:25	NC_051863.1	128167851	True	981	327	0	1	1	0	0	1	1	0	0	0	0	0
OG0005393	NC_051862.1:15	NC_051862.1	75466929	True	1545	515	2	6	18	2	7	14	2	7	14	2	6	17
OG0005394	NC_051863.1:28	NC_051863.1	144223589	True	627	209	1	1	0	0	1	2	2	0	0	3	0	1
OG0005395	NC_051863.1:28	NC_051863.1	144226279	True	1311	437	1	6	1	1	4	5	6	1	1	4	1	4
OG0005396	NC_051863.1:28	NC_051863.1	144256258	False	918	306	4	1	0	2	1	6	6	0	4	8	0	3
OG0005397	NC_051862.1:40	NC_051862.1	203580266	False	330	110	2	3	1	2	3	1	0	0	3	0	0	4
OG0005398	NC_051862.1:40	NC_051862.1	203579329	True	762	254	2	1	13	0	1	7	1	7	7	3	7	8
OG0005399	NC_051862.1:40	NC_051862.1	203562237	True	1179	393	1	3	5	0	3	6	1	0	2	2	0	5
OG0005400	NC_051862.1:40	NC_051862.1	203437558	True	939	313	0	1	15	0	1	14	2	2	5	2	2	6
OG0005401	NC_051862.1:40	NC_051862.1	203415050	True	681	227	1	0	3	1	0	3	0	0	1	0	0	0
OG0005402	NC_051862.1:40	NC_051862.1	203392785	True	750	250	0	0	4	0	0	4	0	0	2	0	0	2
OG0005403	NC_051862.1:40	NC_051862.1	203378860	False	1407	469	6	7	9	3	8	7	4	3	14	8	4	18
OG0005404	NC_051862.1:40	NC_051862.1	203378226	False	348	116	0	2	4	0	2	4	2	2	2	2	2	4
OG0005405	NC_051862.1:40	NC_051862.1	203369653	True	399	133	0	1	1	0	1	1	0	0	0	0	0	1
OG0005406	NC_051862.1:40	NC_051862.1	203358864	True	1680	560	6	16	21	7	15	16	11	15	13	7	11	17
OG0005407	NC_051862.1:40	NC_051862.1	203350705	True	816	272	0	6	3	0	6	1	0	2	1	0	2	7
OG0005408	NC_051862.1:40	NC_051862.1	203342274	False	3498	1166	6	17	31	8	22	32	14	18	20	13	12	32
OG0005409	NC_051862.1:40	NC_051862.1	203336168	True	609	203	1	2	6	1	2	7	3	1	2	4	2	4
OG0005410	NC_051862.1:40	NC_051862.1	203335287	True	825	275	0	6	7	0	5	12	6	1	4	5	1	9
OG0005411	NC_051862.1:40	NC_051862.1	203320967	False	678	226	1	2	5	1	1	18	16	2	13	16	2	14
OG0005412	NC_051862.1:40	NC_051862.1	203224342	False	1776	592	1	7	8	2	6	9	3	1	8	2	2	13
OG0005413	NC_051862.1:40	NC_051862.1	203200474	False	576	192	6	1	1	6	0	1	1	0	7	0	1	2
OG0005414	NC_051862.1:29	NC_051862.1	149161801	True	876	292	1	0	12	1	0	13	5	5	8	5	5	7
OG0005415	NC_051862.1:29	NC_051862.1	149154997	False	612	204	1	1	14	1	1	11	0	3	8	0	3	8
OG0005416	NC_051862.1:29	NC_051862.1	149136923	True	1785	595	2	11	5	2	11	3	2	4	2	1	3	10
OG0005417	NC_051862.1:29	NC_051862.1	149040291	True	2913	971	4	4	35	4	4	38	11	5	16	12	5	17
OG0005418	NC_051862.1:29	NC_051862.1	148767490	True	1200	400	1	1	10	1	1	9	0	2	5	0	2	5
OG0005419	NC_051862.1:29	NC_051862.1	148444171	False	3900	1300	1	2	32	1	2	32	6	6	17	6	6	18
OG0005420	NC_051862.1:29	NC_051862.1	149229049	True	1989	663	0	6	1	0	4	2	2	0	4	0	0	8
OG0005421	NC_051863.1:16	NC_051863.1	82431643	True	645	215	2	1	1	2	1	1	2	2	2	1	1	0
OG0005422	NC_051863.1:16	NC_051863.1	82422197	False	885	295	1	6	2	1	5	3	2	0	2	1	0	6
OG0005423	NC_051863.1:16	NC_051863.1	82469531	True	300	100	0	3	0	0	3	0	0	0	0	0	0	3
OG0005424	NC_051863.1:16	NC_051863.1	82432802	False	2082	694	19	1	3	1	390	4	1	389	6	19	0	6
OG0005425	NC_051863.1:16	NC_051863.1	82388330	True	1617	539	0	2	2	0	6	1	0	5	0	0	1	2
OG0005426	NC_051863.1:16	NC_051863.1	82385156	True	513	171	0	4	0	0	4	0	0	0	2	0	0	6
OG0005427	NC_051863.1:16	NC_051863.1	82378310	False	1233	411	0	528	1	0	530	0	0	4	1	0	1	529
OG0005428	NC_051863.1:16	NC_051863.1	82365278	True	1161	387	0	6	1	0	7	1	0	0	2	0	0	8
OG0005429	NC_051863.1:16	NC_051863.1	82301412	False	243	81	14	30	1	0	96	0	0	26	0	14	1	29
OG0005430	NC_051863.1:16	NC_051863.1	82279545	False	225	75	0	0	3	0	0	3	0	0	127	0	0	127
OG0005431	NC_051863.1:16	NC_051863.1	82276142	False	2832	944	8	58	2	8	58	3	1	0	23	1	0	74
OG0005432	NC_051863.1:16	NC_051863.1	82230225	False	4017	1339	3	1444	3	2	1441	4	4	3	13	3	1	1453
OG0005433	NC_051863.1:16	NC_051863.1	82179320	True	2196	732	1	9	3	1	10	5	2	1	2	2	0	10
OG0005434	NC_051863.1:16	NC_051863.1	82161062	True	1245	415	0	0	2	0	0	2	0	0	1	0	0	1
OG0005435	NC_051863.1:0	NC_051863.1	3415573	True	2715	905	7	24	21	8	22	32	29	17	14	25	14	27
OG0005436	NC_051863.1:0	NC_051863.1	3378402	False	1047	349	2	4	2	2	6	1	1	4	4	0	2	6
OG0005437	NC_051863.1:0	NC_051863.1	3327870	True	2115	705	1	6	18	1	4	18	10	7	13	7	7	15
OG0005438	NC_051863.1:0	NC_051863.1	3291410	True	405	135	0	0	4	0	1	2	0	3	0	0	2	0
OG0005439	NC_051863.1:0	NC_051863.1	3145657	False	1749	583	1	0	5	0	0	6	2	2	4	3	2	4
OG0005440	NC_051863.1:0	NC_051863.1	3120475	True	3894	1298	11	10	44	11	10	47	17	16	39	19	17	39
OG0005441	NC_051863.1:0	NC_051863.1	3102883	False	3987	1329	4	17	23	4	19	21	7	11	16	6	8	28
OG0005442	NC_051863.1:0	NC_051863.1	3072059	True	453	151	2	2	0	2	2	0	0	0	4	0	0	4
OG0005443	NC_051863.1:0	NC_051863.1	2847154	True	1218	406	1	6	5	2	7	6	5	5	2	4	4	6
OG0005444	NC_051863.1:0	NC_051863.1	2840212	True	1827	609	2	2	16	1	3	15	2	5	9	3	4	10
OG0005445	NC_051863.1:0	NC_051863.1	2834619	True	1065	355	1	5	7	0	5	3	3	7	2	2	5	5
OG0005446	NC_051863.1:0	NC_051863.1	2816745	False	786	262	0	2	19	0	2	20	6	4	4	5	4	6
OG0005447	NC_051863.1:0	NC_051863.1	2720617	True	5085	1695	18	17	11	19	12	15	20	11	22	15	13	17
OG0005448	NC_051863.1:0	NC_051863.1	2711293	True	1554	518	8	13	11	5	15	10	7	9	8	12	9	18
OG0005449	NC_051863.1:0	NC_051863.1	2706599	True	1461	487	3	5	6	5	11	9	6	10	3	7	7	7
OG0005450	NC_051863.1:0	NC_051863.1	2701027	True	1299	433	6	5	2	6	10	1	2	8	7	2	3	6
OG0005451	NC_051863.1:0	NC_051863.1	2685330	False	2157	719	6	6	40	3	5	41	12	12	24	15	13	27
OG0005452	NC_051861.1:16	NC_051861.1	80201248	True	1335	445	6	5	4	3	8	4	3	6	4	5	2	5
OG0005453	NC_051861.1:16	NC_051861.1	80161644	False	483	161	3	1	1	0	0	12	13	1	0	12	1	0
OG0005454	NC_051861.1:16	NC_051861.1	80117747	True	867	289	1	2	2	0	5	0	0	5	0	1	2	2
OG0005455	NC_051861.1:16	NC_051861.1	80088772	True	630	210	0	6	4	2	5	2	2	3	2	1	5	7
OG0005456	NC_051861.1:16	NC_051861.1	80087098	True	1524	508	6	8	4	4	7	5	8	7	5	6	4	7
OG0005457	NC_051861.1:16	NC_051861.1	80082487	False	819	273	3	363	0	4	357	1	7	1	8	1	1	362
OG0005458	NC_051861.1:16	NC_051861.1	80059658	True	1377	459	8	17	4	9	14	1	4	4	12	1	5	19
OG0005459	NC_051861.1:16	NC_051861.1	80043152	True	1368	456	0	15	1	3	9	0	6	1	0	0	4	9
OG0005460	NC_051861.1:16	NC_051861.1	80011517	True	1647	549	4	25	4	8	13	5	14	2	4	3	6	13
OG0005461	NC_051861.1:15	NC_051861.1	79958823	False	4149	1383	88	26	19	11	899	6	8	897	9	88	23	25
OG0005462	NC_051861.1:15	NC_051861.1	79880708	True	747	249	0	0	4	1	0	2	1	3	1	1	3	1
OG0005463	NC_051861.1:15	NC_051861.1	79868843	True	2658	886	8	13	9	8	16	9	7	12	8	8	9	14
OG0005464	NC_051861.1:15	NC_051861.1	79854335	True	957	319	2	3	3	3	3	2	0	1	2	0	2	3
OG0005465	NC_051861.1:15	NC_051861.1	79797970	False	2202	734	2	543	7	28	8	10	540	4	3	8	30	10
OG0005466	NC_051861.1:4	NC_051861.1	23876709	True	3621	1207	4	12	19	2	17	21	3	7	17	5	2	28
OG0005467	NC_051861.1:8	NC_051861.1	41554412	True	438	146	0	2	1	0	2	1	0	0	2	0	0	4
OG0005468	NC_051861.1:8	NC_051861.1	41785136	False	909	303	1	11	5	1	9	2	2	4	2	1	4	10
OG0005469	NC_051861.1:4	NC_051861.1	23990484	True	1695	565	0	1	5	1	1	5	0	0	5	0	1	6
OG0005470	NC_051862.1:39	NC_051862.1	196049368	True	552	184	1	5	1	3	4	0	1	1	2	0	3	5
OG0005471	NC_051862.1:39	NC_051862.1	195839936	True	1500	500	4	2	3	2	2	3	0	0	4	2	0	4
OG0005472	NC_051862.1:39	NC_051862.1	195829594	True	951	317	0	5	3	0	8	4	2	4	2	1	0	6
OG0005473	NC_051862.1:39	NC_051862.1	195776994	True	3447	1149	11	17	22	9	16	28	17	10	21	16	8	25
OG0005474	NC_051862.1:39	NC_051862.1	195787351	True	444	148	0	0	5	0	0	5	2	2	0	2	2	0
OG0005475	NC_051863.1:25	NC_051863.1	125067844	True	5826	1942	9	25	31	9	30	21	13	24	18	11	20	35
OG0005476	NC_051863.1:8	NC_051863.1	43756984	True	1539	513	1	5	22	0	5	14	6	13	6	6	13	11
OG0005477	NC_051863.1:8	NC_051863.1	43781490	True	726	242	0	1	17	0	0	13	7	9	6	6	9	6
OG0005478	NC_051863.1:8	NC_051863.1	43789957	True	906	302	0	1	15	0	0	19	5	0	8	4	0	8
OG0005479	NC_051863.1:8	NC_051863.1	43920102	False	3039	1013	3	21	7	7	20	11	10	6	4	8	8	19
OG0005480	NC_051863.1:8	NC_051863.1	43983800	True	2589	863	8	15	12	4	15	12	11	12	14	11	8	20
OG0005481	NC_051863.1:8	NC_051863.1	43993627	True	765	255	0	3	3	1	3	3	0	0	2	0	1	5
OG0005482	NC_051863.1:8	NC_051863.1	44053540	True	924	308	0	1	21	0	1	20	2	5	2	2	5	3
OG0005483	NC_051863.1:8	NC_051863.1	44412620	False	3009	1003	3	4	29	5	2	24	10	11	22	8	13	23
OG0005484	NC_051863.1:8	NC_051863.1	44463791	True	654	218	0	0	9	0	0	9	3	4	2	3	4	3
OG0005485	NC_051861.1:7	NC_051861.1	35293519	True	1062	354	1	20	1	3	12	3	11	1	3	3	3	15
OG0005486	NC_051861.1:7	NC_051861.1	35291402	False	1551	517	0	433	1	0	426	3	7	2	3	3	1	428
OG0005487	NC_051861.1:7	NC_051861.1	35283444	False	672	224	1	141	2	1	140	3	2	1	5	1	0	142
OG0005488	NC_051861.1:7	NC_051861.1	35277363	True	735	245	2	9	1	2	6	1	4	1	1	1	2	6
OG0005489	NC_051861.1:7	NC_051861.1	35316128	False	486	162	2	8	0	4	2	1	7	0	1	2	3	2
OG0005490	NC_051861.1:7	NC_051861.1	35092159	False	1050	350	0	413	0	0	410	0	2	0	0	0	0	411
OG0005491	NC_051861.1:7	NC_051861.1	35079666	True	393	131	0	1	0	0	1	1	1	0	0	1	0	1
OG0005492	NC_051861.1:7	NC_051861.1	35054462	True	1071	357	2	4	6	3	3	7	4	2	5	4	4	7
OG0005493	NC_051861.1:7	NC_051861.1	35044629	True	801	267	2	5	3	3	4	3	2	1	3	1	2	5
OG0005494	NC_051861.1:7	NC_051861.1	35014776	False	1635	545	11	9	12	11	7	11	5	4	21	3	4	17
OG0005495	NC_051861.1:6	NC_051861.1	34914780	True	1122	374	4	3	4	3	4	6	3	1	6	3	0	5
OG0005496	NC_051861.1:6	NC_051861.1	34892457	False	327	109	0	2	3	0	1	5	3	0	5	2	0	6
OG0005497	NC_051861.1:6	NC_051861.1	34880859	False	1677	559	11	10	9	12	9	5	1	3	25	0	4	23
OG0005498	NC_051861.1:6	NC_051861.1	34860327	False	0	0	0	0	0	0	0	0	0	0	0	0	0	0
OG0005499	NC_051861.1:6	NC_051861.1	34856380	True	345	115	2	1	1	1	1	0	0	1	3	0	1	3
OG0005500	NC_051861.1:17	NC_051861.1	89727697	False	837	279	2	3	8	2	3	7	1	2	3	0	1	3
OG0005501	NC_051863.1:14	NC_051863.1	74601514	True	1887	629	7	6	6	4	10	7	4	7	5	6	3	6
OG0005502	NC_051863.1:14	NC_051863.1	74559492	True	930	310	2	6	1	1	5	0	1	1	2	1	1	6
OG0005503	NC_051863.1:14	NC_051863.1	74536903	True	954	318	2	4	1	2	3	0	2	2	4	1	2	5
OG0005504	NC_051863.1:14	NC_051863.1	74529051	True	2901	967	8	13	8	6	13	10	8	6	13	8	4	18
OG0005505	NC_051863.1:14	NC_051863.1	74525653	True	447	149	0	0	1	1	1	2	2	2	1	2	2	1
OG0005506	NC_051863.1:14	NC_051863.1	74520897	True	3237	1079	8	11	10	11	12	11	10	9	17	9	10	18
OG0005507	NC_051863.1:14	NC_051863.1	74491025	True	2937	979	3	14	4	9	13	2	5	6	7	2	10	14
OG0005508	NC_051863.1:14	NC_051863.1	74367705	True	1626	542	0	2	0	0	2	0	0	0	1	0	0	3
OG0005509	NC_051863.1:14	NC_051863.1	74430343	True	1911	637	4	6	3	4	6	4	3	2	12	3	2	14
OG0005510	NC_051863.1:14	NC_051863.1	73987800	True	669	223	0	0	2	0	0	4	2	1	6	2	1	7
OG0005511	NC_051863.1:34	NC_051863.1	172134267	False	5172	1724	7	1944	5	10	1949	3	15	20	18	4	9	1942
OG0005512	NC_051863.1:34	NC_051863.1	172129196	True	1050	350	3	4	2	1	2	1	2	1	5	2	1	6
OG0005513	NC_051863.1:34	NC_051863.1	172128024	True	744	248	0	2	4	0	2	3	2	3	1	2	3	3
OG0005514	NC_051863.1:34	NC_051863.1	172123790	True	1290	430	2	8	9	3	10	11	6	5	5	5	4	11
OG0005515	NC_051863.1:34	NC_051863.1	172112726	True	3948	1316	4	18	53	1	19	55	19	19	25	20	14	38
OG0005516	NC_051863.1:34	NC_051863.1	172005320	False	1302	434	1	2	27	2	2	2	0	26	2	0	27	3
OG0005517	NC_051863.1:34	NC_051863.1	171983073	True	840	280	1	0	8	1	0	8	0	0	9	0	0	8
OG0005519	NC_051863.1:34	NC_051863.1	171696466	True	4104	1368	19	5	6	17	6	6	3	4	12	10	7	5
OG0005520	NC_051863.1:33	NC_051863.1	166530197	True	4098	1366	0	3	30	0	5	28	13	18	4	12	15	6
OG0005521	NC_051861.1:10	NC_051861.1	52431589	True	768	256	1	1	1	1	1	0	0	1	1	0	1	1
OG0005522	NC_051861.1:10	NC_051861.1	52085174	True	402	134	0	1	0	0	1	0	0	0	0	0	0	1
OG0005523	NC_051861.1:10	NC_051861.1	52073452	True	447	149	1	7	0	1	7	1	1	0	1	1	0	7
OG0005524	NC_051861.1:10	NC_051861.1	52062449	True	438	146	1	1	1	1	1	1	0	0	1	0	0	1
OG0005525	NC_051863.1:4	NC_051863.1	23226575	False	537	179	0	0	5	0	0	4	0	1	3	0	1	2
OG0005526	NC_051863.1:4	NC_051863.1	23220808	False	1629	543	2	3	18	3	3	15	4	5	11	3	5	11
OG0005527	NC_051863.1:4	NC_051863.1	23255253	True	852	284	0	1	4	0	0	4	2	2	6	1	2	6
OG0005528	NC_051863.1:4	NC_051863.1	23257227	True	987	329	2	1	6	2	2	11	6	3	12	7	2	11
OG0005529	NC_051863.1:4	NC_051863.1	23452697	True	2781	927	11	16	25	8	17	23	10	13	21	14	12	28
OG0005530	NC_051863.1:4	NC_051863.1	23471793	True	2466	822	7	5	26	6	5	30	14	9	24	14	8	21
OG0005531	NC_051863.1:4	NC_051863.1	23482436	False	591	197	0	0	0	0	0	1	1	0	2	1	0	2
OG0005532	NC_051863.1:4	NC_051863.1	23775649	False	1026	342	3	3	7	3	3	7	2	3	8	2	3	8
OG0005533	NC_051863.1:4	NC_051863.1	23784492	False	1854	618	0	1	14	0	2	15	3	3	10	3	2	11
OG0005534	NC_051863.1:4	NC_051863.1	23162584	True	3786	1262	18	19	29	16	16	22	11	16	44	10	15	43
OG0005535	NC_051863.1:4	NC_051863.1	23248302	False	495	165	1	0	1	1	1	3	2	1	2	2	0	1
OG0005536	NC_051861.1:5	NC_051861.1	25819944	True	654	218	0	5	5	0	5	5	0	0	5	0	0	10
OG0005537	NC_051861.1:5	NC_051861.1	25887622	True	2067	689	5	17	14	5	14	17	7	1	12	4	2	21
OG0005538	NC_051861.1:5	NC_051861.1	25788948	True	1362	454	1	13	10	1	12	11	3	1	5	1	0	16
OG0005539	NC_051861.1:5	NC_051861.1	25663326	False	1548	516	0	554	2	5	184	10	195	1	3	8	5	187
OG0005540	NC_051861.1:5	NC_051861.1	25738232	True	432	144	0	3	2	0	1	2	1	0	1	0	0	2
OG0005541	NC_051863.1:7	NC_051863.1	38817934	True	1164	388	3	8	3	3	6	6	8	3	7	6	3	10
OG0005542	NC_051863.1:7	NC_051863.1	38819458	True	870	290	1	5	0	4	3	8	10	0	2	8	3	4
OG0005543	NC_051863.1:7	NC_051863.1	38698328	True	1005	335	0	2	1	1	3	3	2	1	1	2	1	3
OG0005544	NC_051863.1:7	NC_051863.1	38591400	True	2238	746	2	13	2	6	11	1	2	2	6	0	5	14
OG0005545	NC_051863.1:7	NC_051863.1	38581620	False	1884	628	5	14	4	2	13	3	7	6	3	7	5	13
OG0005546	NC_051863.1:7	NC_051863.1	38498182	True	2808	936	5	15	0	5	14	5	7	1	5	6	1	14
OG0005547	NC_051863.1:7	NC_051863.1	38483174	True	738	246	1	6	0	1	6	0	0	0	7	1	0	12
OG0005548	NC_051863.1:7	NC_051863.1	38370170	False	1299	433	1	373	1	1	374	2	1	1	4	1	0	377
OG0005549	NC_051863.1:7	NC_051863.1	38306905	True	720	240	1	1	1	1	1	1	0	0	2	1	1	3
OG0005550	NC_051863.1:7	NC_051863.1	38289248	True	1530	510	4	13	2	3	16	2	2	4	7	4	3	17
OG0005551	NC_051863.1:7	NC_051863.1	38249178	True	663	221	0	10	0	1	8	0	2	1	2	0	1	9
OG0005552	NC_051863.1:24	NC_051863.1	121950893	True	777	259	1	2	6	0	1	8	3	0	2	3	0	3
OG0005553	NC_051863.1:7	NC_051863.1	38106905	True	2064	688	1	3	5	0	3	5	2	2	4	3	2	7
OG0005554	NC_051863.1:7	NC_051863.1	38064927	False	183	61	0	0	1	0	0	0	0	1	0	0	1	0
OG0005555	NC_051863.1:30	NC_051863.1	152857017	False	867	289	1	0	11	1	0	12	1	0	12	1	0	11
OG0005556	NC_051863.1:30	NC_051863.1	152870779	True	549	183	0	0	1	0	0	1	0	0	1	0	0	1
OG0005557	NC_051863.1:30	NC_051863.1	152879059	False	3999	1333	4	343	61	8	331	40	19	37	24	14	39	352
OG0005558	NC_051863.1:30	NC_051863.1	152898810	False	978	326	0	1	22	0	1	5	0	18	0	0	18	1
OG0005559	NC_051863.1:30	NC_051863.1	152984455	False	588	196	1	190	1	1	190	2	2	1	2	0	0	190
OG0005560	NC_051863.1:5	NC_051863.1	26154692	False	357	119	0	4	1	1	1	2	5	2	2	3	2	2
OG0005561	NC_051863.1:37	NC_051863.1	185329017	True	3126	1042	9	7	10	8	13	5	4	15	11	5	9	10
OG0005562	NC_051863.1:37	NC_051863.1	185090503	True	852	284	1	2	2	2	2	2	1	2	4	1	2	5
OG0005563	NC_051863.1:6	NC_051863.1	34290672	False	2103	701	3	16	6	2	13	4	11	8	4	6	7	13
OG0005564	NC_051863.1:6	NC_051863.1	34288740	False	1203	401	5	19	5	4	23	5	3	6	7	3	2	22
OG0005565	NC_051863.1:6	NC_051863.1	34281992	True	1833	611	10	32	2	9	29	5	9	2	18	5	1	36
OG0005566	NC_051863.1:6	NC_051863.1	34154450	False	777	259	1	1	4	1	1	5	2	1	6	1	0	5
OG0005567	NC_051863.1:6	NC_051863.1	34116233	True	1395	465	1	3	1	3	4	3	2	1	3	2	2	5
OG0005568	NC_051863.1:12	NC_051863.1	61687616	True	1407	469	1	3	13	1	3	15	3	3	3	3	3	5
OG0005569	NC_051863.1:12	NC_051863.1	61736204	True	1041	347	0	1	8	0	0	5	2	4	3	1	4	3
OG0005570	NC_051863.1:12	NC_051863.1	61853479	True	696	232	1	4	3	1	4	0	0	3	1	0	3	4
OG0005571	NC_051863.1:12	NC_051863.1	61823256	True	2013	671	6	15	2	8	16	2	5	5	8	4	6	16
OG0005572	NC_051863.1:12	NC_051863.1	61861260	True	3627	1209	3	5	26	3	4	27	8	6	11	7	6	12
OG0005573	NC_051863.1:12	NC_051863.1	61879023	True	3114	1038	7	11	16	6	14	15	4	10	9	7	9	16
OG0005574	NC_051863.1:12	NC_051863.1	61890280	True	417	139	4	1	1	2	2	2	1	1	2	3	0	1
OG0005575	NC_051863.1:12	NC_051863.1	61897473	False	525	175	4	5	7	3	9	6	2	6	6	3	3	7
OG0005576	NC_051863.1:12	NC_051863.1	61899635	True	333	111	0	1	1	0	1	1	0	0	0	0	0	1
OG0005577	NC_051863.1:12	NC_051863.1	62183361	True	1908	636	5	16	9	5	13	6	7	7	10	3	6	17
OG0005578	NC_051863.1:12	NC_051863.1	62234943	True	2892	964	1	12	4	2	11	3	2	2	6	1	3	16
OG0005579	NC_051863.1:12	NC_051863.1	62263201	True	1188	396	2	2	7	0	2	3	2	6	2	4	6	4
OG0005580	NC_051863.1:12	NC_051863.1	62279738	True	2640	880	2	4	20	0	6	13	1	11	10	3	9	13
OG0005581	NC_051863.1:12	NC_051863.1	62265106	True	6270	2090	14	20	32	16	24	36	23	22	26	24	21	34
OG0005582	NC_051863.1:12	NC_051863.1	62362165	True	1422	474	0	0	0	1	0	1	1	0	0	1	1	0
OG0005583	NC_051863.1:12	NC_051863.1	62453316	True	3168	1056	9	22	8	9	20	3	8	11	12	5	10	22
OG0005584	NC_051863.1:26	NC_051863.1	131169190	True	1398	466	7	8	6	17	0	0	8	6	5	2	16	0
OG0005585	NC_051863.1:26	NC_051863.1	131212971	True	3156	1052	2	5	7	7	4	3	3	6	2	3	12	5
OG0005586	NC_051863.1:26	NC_051863.1	131261798	True	393	131	2	1	1	3	0	0	1	1	2	0	2	0
OG0005587	NC_051863.1:26	NC_051863.1	131265435	True	2064	688	6	6	9	7	7	7	6	9	4	7	10	5
OG0005588	NC_051863.1:26	NC_051863.1	131299246	True	1989	663	10	11	8	12	5	10	16	10	12	9	11	7
OG0005589	NC_051863.1:26	NC_051863.1	131306408	True	1806	602	26	0	0	36	0	0	0	0	26	0	10	0
OG0005590	NC_051863.1:26	NC_051863.1	131320131	True	6237	2079	45	11	8	69	0	0	11	8	45	0	32	0
OG0005591	NC_051863.1:26	NC_051863.1	131405263	True	1110	370	9	3	0	15	0	0	3	0	9	0	5	0
OG0005592	NC_051863.1:26	NC_051863.1	131416915	True	990	330	2	1	4	12	0	0	1	4	2	0	15	0
OG0005593	NC_051863.1:26	NC_051863.1	131432867	True	1425	475	3	9	3	6	0	0	9	3	3	0	6	0
OG0005594	NC_051863.1:26	NC_051863.1	131446109	True	3186	1062	25	7	19	50	1	0	7	20	25	0	46	0
OG0005595	NC_051863.1:26	NC_051863.1	131453450	True	1752	584	9	3	4	16	0	0	3	4	10	0	10	0
OG0005596	NC_051863.1:26	NC_051863.1	131659317	False	621	207	2	2	8	6	0	0	2	8	2	0	9	0
OG0005597	NC_051863.1:26	NC_051863.1	131671529	True	1959	653	19	5	4	34	0	2	6	3	21	1	16	2
OG0005598	NC_051862.1:32	NC_051862.1	161803279	False	2811	937	4	4	5	4	3	2	2	3	6	0	3	4
OG0005599	NC_051862.1:32	NC_051862.1	161789292	False	150	50	0	0	0	0	0	0	0	0	0	0	0	0
OG0005600	NC_051862.1:32	NC_051862.1	161998738	False	600	200	3	108	1	2	107	1	2	1	3	2	1	108
OG0005601	NC_051862.1:32	NC_051862.1	161887047	True	2130	710	1	1	4	0	1	3	1	2	4	2	2	5
OG0005602	NC_051861.1:6	NC_051861.1	33670259	False	5934	1978	20	70	26	19	68	24	17	21	40	10	11	77
OG0005603	NC_051861.1:6	NC_051861.1	33661771	False	270	90	0	1	0	0	1	0	0	0	0	0	0	1
OG0005604	NC_051861.1:6	NC_051861.1	33588182	True	4575	1525	16	48	10	23	39	15	22	6	22	13	15	46
OG0005605	NC_051861.1:6	NC_051861.1	33733217	False	2073	691	4	562	3	4	561	4	8	1	20	1	0	579
OG0005606	NC_051861.1:6	NC_051861.1	33757990	False	417	139	2	1	0	2	1	1	1	0	3	1	0	2
OG0005607	NC_051861.1:6	NC_051861.1	33759922	True	3525	1175	13	23	11	10	18	15	12	3	20	9	2	27
OG0005608	NC_051861.1:6	NC_051861.1	33894369	True	456	152	0	3	2	0	2	1	2	1	2	0	1	4
OG0005610	NC_051862.1:11	NC_051862.1	56227092	False	591	197	5	6	7	2	4	0	3	7	1	5	8	3
OG0005611	NC_051862.1:11	NC_051862.1	56114430	False	822	274	0	5	3	1	5	4	3	3	2	2	2	6
OG0005612	NC_051862.1:11	NC_051862.1	55900156	False	5124	1708	11	27	13	10	26	17	23	17	9	22	19	24
OG0005613	NC_051861.1:9	NC_051861.1	47941727	True	2319	773	6	39	13	8	39	8	13	17	9	8	15	38
OG0005614	NC_051861.1:9	NC_051861.1	47952242	False	1371	457	15	12	8	15	12	7	0	1	19	0	1	19
OG0005615	NC_051863.1:11	NC_051863.1	57040073	True	1710	570	2	1	25	2	2	27	5	6	24	5	5	23
OG0005616	NC_051863.1:11	NC_051863.1	57016609	False	1593	531	1	0	5	1	2	5	3	5	4	4	3	3
OG0005617	NC_051863.1:11	NC_051863.1	56989376	True	1344	448	3	5	5	2	5	3	0	2	3	1	2	6
OG0005618	NC_051863.1:11	NC_051863.1	57105516	False	822	274	2	7	3	2	8	3	2	3	5	2	2	10
OG0005619	NC_051863.1:11	NC_051863.1	57101381	True	726	242	6	3	3	6	0	6	5	0	9	3	0	3
OG0005620	NC_051863.1:11	NC_051863.1	56824221	True	1623	541	2	0	15	1	1	17	6	6	7	7	5	6
OG0005621	NC_051863.1:11	NC_051863.1	56799515	True	4758	1586	4	4	77	8	2	80	25	19	45	24	22	43
OG0005622	NC_051863.1:11	NC_051863.1	56795798	True	867	289	0	3	12	0	2	12	3	1	10	2	1	12
OG0005623	NC_051863.1:11	NC_051863.1	56761111	False	930	310	0	3	24	0	4	21	3	6	10	2	5	12
OG0005624	NC_051863.1:11	NC_051863.1	56651715	True	1674	558	3	3	12	1	3	13	4	4	13	5	3	14
OG0005625	NC_051863.1:11	NC_051863.1	56635241	True	2508	836	2	2	28	2	1	27	13	12	15	12	12	13
OG0005626	NC_051863.1:11	NC_051863.1	56632277	True	600	200	2	1	12	2	1	12	0	0	21	0	0	20
OG0005627	NC_051863.1:11	NC_051863.1	56602685	True	1092	364	0	0	10	1	0	11	5	3	7	5	4	7
OG0005628	NC_051863.1:11	NC_051863.1	56601850	True	660	220	0	1	9	0	0	10	5	2	8	4	2	8
OG0005629	NC_051863.1:11	NC_051863.1	56541386	True	591	197	2	1	2	2	1	1	0	1	3	0	1	2
OG0005630	NC_051863.1:11	NC_051863.1	56456769	False	924	308	0	1	6	0	2	5	1	3	4	1	2	5
OG0005631	NC_051863.1:11	NC_051863.1	56371197	True	645	215	0	1	6	0	1	6	0	0	1	0	0	2
OG0005632	NC_051863.1:11	NC_051863.1	56364350	True	579	193	1	2	5	1	4	6	2	2	4	2	1	5
OG0005633	NC_051863.1:11	NC_051863.1	56353186	False	1149	383	0	0	6	0	0	8	2	0	7	2	0	7
OG0005634	NC_051863.1:7	NC_051863.1	36390805	True	1410	470	0	1	5	0	1	1	0	4	4	0	4	5
OG0005635	NC_051863.1:7	NC_051863.1	36484506	True	2265	755	3	3	14	3	3	14	1	2	11	1	2	11
OG0005636	NC_051863.1:7	NC_051863.1	36457832	True	1104	368	0	2	11	0	2	8	0	2	6	0	2	8
OG0005637	NC_051863.1:7	NC_051863.1	36576132	True	984	328	0	1	17	0	1	19	3	1	13	3	1	14
OG0005639	NC_051863.1:10	NC_051863.1	51364777	True	1008	336	10	1	4	5	2	3	0	2	7	5	1	2
OG0005640	NC_051863.1:10	NC_051863.1	51236738	True	2529	843	12	6	2	17	3	3	8	4	13	3	6	1
OG0005641	NC_051863.1:10	NC_051863.1	51267548	True	1167	389	18	2	0	12	1	1	3	1	13	7	0	1
OG0005642	NC_051863.1:10	NC_051863.1	51075538	True	1599	533	4	2	8	7	2	2	3	9	6	2	11	3
OG0005643	NC_051863.1:10	NC_051863.1	51005290	True	2562	854	14	3	8	9	8	8	10	13	7	16	11	3
OG0005644	NC_051863.1:10	NC_051863.1	50958951	False	2010	670	34	1	5	33	2	5	2	4	32	9	7	4
OG0005645	NC_051863.1:10	NC_051863.1	50952524	True	333	111	0	1	0	1	0	0	1	0	0	0	1	0
OG0005646	NC_051863.1:10	NC_051863.1	50886845	True	1935	645	11	5	1	8	3	3	4	1	8	8	3	5
OG0005647	NC_051863.1:10	NC_051863.1	50871864	True	1731	577	5	7	4	4	5	3	5	4	8	5	4	8
OG0005648	NC_051863.1:10	NC_051863.1	50849183	True	1797	599	6	5	6	11	0	3	7	5	6	2	10	0
OG0005649	NC_051863.1:10	NC_051863.1	50844368	True	1332	444	5	3	6	3	6	5	3	6	1	7	5	3
OG0005650	NC_051863.1:10	NC_051863.1	50801859	False	7863	2621	59	27	37	56	23	24	16	26	85	21	28	55
OG0005651	NC_051863.1:10	NC_051863.1	50794597	True	1131	377	10	6	2	8	7	2	2	3	9	3	0	6
OG0005652	NC_051863.1:10	NC_051863.1	50751473	True	3288	1096	25	7	6	24	2	11	10	2	23	9	5	4
OG0005653	NC_051863.1:10	NC_051863.1	50609234	True	1080	360	3	2	1	5	3	4	5	3	5	4	3	3
OG0005654	NC_051863.1:10	NC_051863.1	50600366	True	765	255	6	2	1	9	0	2	4	1	5	3	5	0
OG0005655	NC_051862.1:39	NC_051862.1	195045589	True	645	215	0	0	2	0	0	13	11	0	1	11	0	1
OG0005656	NC_051862.1:39	NC_051862.1	195306765	False	807	269	1	1	0	1	1	1	2	0	1	1	0	0
OG0005657	NC_051862.1:39	NC_051862.1	195361354	True	2070	690	0	0	1	1	0	1	0	0	0	0	1	0
OG0005658	NC_051862.1:39	NC_051862.1	195663595	True	1998	666	3	5	6	3	4	11	9	4	6	8	4	7
OG0005659	NC_051862.1:39	NC_051862.1	195752675	True	1047	349	0	3	6	1	3	10	7	2	6	5	2	8
OG0005660	NC_051862.1:39	NC_051862.1	195755422	True	1455	485	0	1	12	0	1	17	6	1	6	6	1	7
OG0005661	NC_051862.1:39	NC_051862.1	195767400	False	1080	360	3	0	19	3	0	21	6	3	14	5	3	11
OG0005662	NC_051863.1:25	NC_051863.1	125962021	True	303	101	0	1	1	0	1	1	0	0	0	0	0	1
OG0005663	NC_051863.1:25	NC_051863.1	125744514	True	1017	339	2	8	5	1	8	8	8	5	6	8	4	13
OG0005664	NC_051863.1:25	NC_051863.1	125620625	False	1338	446	3	6	3	2	8	2	1	3	5	3	3	10
OG0005665	NC_051863.1:25	NC_051863.1	125455584	True	1623	541	3	7	2	4	6	0	1	2	5	0	3	8
OG0005666	NC_051863.1:25	NC_051863.1	125443793	False	807	269	2	7	2	4	8	2	2	3	4	1	3	9
OG0005667	NC_051861.1:1	NC_051861.1	9732955	False	1935	645	3	7	14	3	7	14	5	5	15	4	3	18
OG0005668	NC_051861.1:1	NC_051861.1	9773152	False	2304	768	1	1241	0	0	1241	0	4	4	46	1	0	1281
OG0005669	NC_051861.1:1	NC_051861.1	9812391	True	324	108	1	3	0	1	3	1	1	0	1	1	0	3
OG0005670	NC_051861.1:1	NC_051861.1	9819325	True	348	116	1	1	2	1	1	2	1	1	3	1	1	3
OG0005671	NC_051861.1:1	NC_051861.1	9825227	True	711	237	1	10	2	1	11	2	2	3	3	3	2	11
OG0005672	NC_051861.1:1	NC_051861.1	9984693	False	414	138	2	0	0	2	0	0	0	0	3	0	0	1
OG0005673	NC_051861.1:1	NC_051861.1	9988916	True	549	183	1	1	12	1	1	11	0	1	2	0	1	2
OG0005674	NC_051861.1:1	NC_051861.1	9997570	True	1587	529	0	2	9	0	2	9	2	2	3	2	2	5
OG0005675	NC_051861.1:2	NC_051861.1	10011297	True	483	161	0	2	3	0	1	4	3	0	1	1	0	2
OG0005676	NC_051861.1:2	NC_051861.1	10012034	True	1467	489	1	12	14	2	13	15	2	3	8	2	3	19
OG0005677	NC_051861.1:2	NC_051861.1	10025045	True	888	296	1	3	8	2	3	4	2	6	2	2	7	3
OG0005678	NC_051861.1:2	NC_051861.1	10060337	True	819	273	0	2	7	0	2	8	3	2	5	3	2	7
OG0005679	NC_051861.1:2	NC_051861.1	10081645	True	1215	405	0	2	15	0	3	18	2	2	7	2	1	10
OG0005680	NC_051861.1:2	NC_051861.1	10083441	True	1275	425	3	1	15	3	2	14	2	4	17	2	3	15
OG0005681	NC_051861.1:2	NC_051861.1	10113984	True	837	279	0	1	1	1	1	3	2	0	4	2	1	4
OG0005682	NC_051861.1:2	NC_051861.1	10156345	True	1914	638	0	7	12	1	5	13	3	0	14	1	1	19
OG0005683	NC_051861.1:2	NC_051861.1	10198293	True	963	321	1	2	8	1	2	8	1	1	9	1	1	10
OG0005684	NC_051861.1:2	NC_051861.1	10213373	True	1377	459	1	4	11	2	3	10	2	1	14	1	2	16
OG0005685	NC_051861.1:2	NC_051861.1	10222371	True	1674	558	1	6	17	0	6	15	5	7	5	5	6	10
OG0005686	NC_051861.1:2	NC_051861.1	10229193	False	1401	467	2	6	2	2	8	3	2	3	3	3	2	8
OG0005687	NC_051861.1:2	NC_051861.1	10237657	True	2865	955	3	12	3	3	12	8	10	5	5	9	5	13
OG0005688	NC_051862.1:20	NC_051862.1	100377409	False	180	60	0	0	0	0	0	0	0	0	0	0	0	0
OG0005689	NC_051862.1:20	NC_051862.1	100354849	True	1527	509	0	0	12	0	0	12	1	0	12	1	0	12
OG0005690	NC_051862.1:20	NC_051862.1	100354168	True	468	156	1	0	3	1	0	1	0	2	4	0	2	3
OG0005691	NC_051862.1:20	NC_051862.1	100340055	True	633	211	0	0	5	0	0	6	2	1	4	2	1	4
OG0005692	NC_051862.1:20	NC_051862.1	100309160	False	2598	866	1	2	28	1	2	29	2	1	21	2	1	22
OG0005693	NC_051862.1:23	NC_051862.1	116463439	True	447	149	0	0	1	0	0	1	0	0	2	0	0	2
OG0005694	NC_051862.1:20	NC_051862.1	100099365	True	3003	1001	2	1	26	2	1	23	0	3	17	0	3	16
OG0005695	NC_051862.1:20	NC_051862.1	100097553	True	510	170	0	0	0	0	0	0	0	0	2	0	0	2
OG0005696	NC_051862.1:20	NC_051862.1	100094937	True	456	152	0	0	6	0	0	6	0	0	0	0	0	0
OG0005697	NC_051862.1:20	NC_051862.1	100092547	True	1386	462	1	2	10	1	2	9	0	1	10	0	1	13
OG0005698	NC_051862.1:20	NC_051862.1	100090632	True	1029	343	1	0	4	1	0	5	1	0	3	1	0	2
OG0005699	NC_051862.1:20	NC_051862.1	100078990	True	1881	627	0	1	11	0	1	13	2	0	8	2	0	9
OG0005700	NC_051862.1:20	NC_051862.1	100035963	True	6150	2050	5	25	16	5	21	15	5	3	20	3	4	37
OG0005701	NC_051862.1:20	NC_051862.1	100018922	True	2454	818	2	0	10	2	0	10	1	1	12	1	1	10
OG0005702	NC_051862.1:20	NC_051862.1	100002779	True	636	212	1	1	5	1	1	4	0	1	4	0	1	4
OG0005703	NC_051862.1:19	NC_051862.1	99743363	True	852	284	0	0	6	0	0	7	1	0	2	1	0	2
OG0005704	NC_051862.1:22	NC_051862.1	112199916	False	2283	761	0	0	1	0	0	1	0	0	2	0	0	2
OG0005705	NC_051862.1:35	NC_051862.1	175971525	True	414	138	1	1	2	3	1	0	0	3	7	0	4	7
OG0005706	NC_051863.1:23	NC_051863.1	116220452	True	822	274	0	1	3	0	3	3	2	3	1	2	2	2
OG0005707	NC_051863.1:23	NC_051863.1	116217492	True	873	291	0	12	3	2	10	4	4	1	2	2	3	11
OG0005708	NC_051863.1:23	NC_051863.1	116179705	True	5745	1915	29	48	17	25	40	20	27	17	33	24	17	50
OG0005709	NC_051863.1:23	NC_051863.1	116137598	True	1083	361	0	3	1	1	3	1	0	0	3	0	1	6
OG0005710	NC_051862.1:15	NC_051862.1	77731904	True	1926	642	3	7	8	3	11	8	4	6	5	5	4	10
OG0005711	NC_051862.1:15	NC_051862.1	77706316	True	1323	441	1	6	8	2	6	5	3	6	4	4	8	10
OG0005712	NC_051862.1:15	NC_051862.1	77716759	True	1842	614	3	9	11	4	9	4	2	10	5	3	12	12
OG0005713	NC_051862.1:15	NC_051862.1	77781154	False	1539	513	0	54	5	2	56	3	0	4	5	0	4	59
OG0005714	NC_051862.1:15	NC_051862.1	77883876	True	705	235	1	1	10	1	1	12	4	2	8	4	2	8
OG0005715	NC_051862.1:15	NC_051862.1	77894129	False	1407	469	5	5	19	5	2	17	7	7	11	4	7	10
OG0005716	NC_051862.1:15	NC_051862.1	77969204	True	1329	443	2	0	18	2	0	15	3	6	14	3	7	12
OG0005717	NC_051862.1:15	NC_051862.1	77972870	True	2430	810	1	2	36	1	2	31	9	11	17	8	11	18
OG0005718	NC_051862.1:15	NC_051862.1	77984979	False	81	27	0	0	0	0	0	0	0	0	0	0	0	0
OG0005719	NC_051862.1:15	NC_051862.1	78009269	False	627	209	0	1	62	0	1	1	0	61	1	0	61	2
OG0005720	NC_051862.1:15	NC_051862.1	78051476	True	1032	344	1	3	26	2	3	14	2	14	7	2	14	9
OG0005721	NC_051862.1:15	NC_051862.1	78086825	False	540	180	0	0	9	0	0	3	0	6	3	0	6	4
OG0005722	NC_051862.1:15	NC_051862.1	78201798	True	1317	439	2	1	17	2	1	16	4	5	6	4	5	5
OG0005723	NC_051862.1:15	NC_051862.1	78233838	False	3381	1127	0	4	24	0	4	23	7	8	9	7	8	13
OG0005724	NC_051862.1:15	NC_051862.1	78263303	True	375	125	0	0	4	0	0	4	2	2	1	2	2	1
OG0005725	NC_051862.1:15	NC_051862.1	78272973	True	816	272	0	1	5	0	2	3	0	3	4	0	2	5
OG0005726	NC_051862.1:15	NC_051862.1	78297003	False	2373	791	29	1	12	29	1	14	2	1	40	1	3	9
OG0005727	NC_051862.1:6	NC_051862.1	32717759	True	3582	1194	5	13	25	4	9	21	9	10	9	9	11	16
OG0005728	NC_051863.1:37	NC_051863.1	186384600	True	1266	422	1	5	4	1	5	4	4	4	2	2	3	4
OG0005729	NC_051863.1:37	NC_051863.1	186360429	False	198	66	0	0	0	0	0	0	0	0	0	0	0	0
OG0005730	NC_051863.1:37	NC_051863.1	186259278	True	807	269	0	0	1	0	0	1	0	0	1	0	0	1
OG0005731	NC_051863.1:37	NC_051863.1	186234297	True	411	137	0	0	0	0	0	0	0	0	1	0	0	1
OG0005732	NC_051862.1:31	NC_051862.1	156090799	True	930	310	1	2	2	5	2	1	1	2	1	1	6	2
OG0005733	NC_051862.1:31	NC_051862.1	156094305	True	618	206	0	3	1	3	1	0	2	1	0	0	4	1
OG0005734	NC_051862.1:31	NC_051862.1	156102774	True	2046	682	0	1	3	1	3	2	1	4	0	1	3	1
OG0005735	NC_051862.1:31	NC_051862.1	156325226	True	267	89	0	0	0	0	0	0	0	0	0	0	0	0
OG0005736	NC_051863.1:13	NC_051863.1	69554695	True	561	187	4	6	2	3	6	1	0	1	6	1	1	9
OG0005737	NC_051863.1:13	NC_051863.1	69373445	False	81	27	0	0	0	0	0	0	0	0	0	0	0	0
OG0005738	NC_051863.1:13	NC_051863.1	69302327	False	2625	875	16	4	6	17	5	8	5	3	17	4	3	6
OG0005739	NC_051863.1:13	NC_051863.1	69292432	False	255	85	0	133	0	6	64	0	70	0	0	0	6	64
OG0005740	NC_051863.1:13	NC_051863.1	69283083	True	294	98	0	0	4	0	0	3	0	1	0	0	1	0
OG0005741	NC_051863.1:13	NC_051863.1	69275066	False	1128	376	2	4	13	3	3	11	4	5	10	2	5	7
OG0005742	NC_051863.1:13	NC_051863.1	69250057	False	3345	1115	4	5	38	4	6	38	12	13	118	12	12	118
OG0005743	NC_051863.1:13	NC_051863.1	69247090	True	255	85	0	2	2	0	2	2	0	0	0	0	0	2
OG0005744	NC_051862.1:2	NC_051862.1	10014055	False	447	149	4	2	1	1	2	0	0	1	1	3	1	2
OG0005745	NC_051862.1:2	NC_051862.1	10066673	False	756	252	1	2	1	0	1	8	8	2	0	9	1	1
OG0005746	NC_051862.1:1	NC_051862.1	9944110	True	4287	1429	20	16	22	17	15	14	13	21	12	16	22	12
OG0005747	NC_051862.1:1	NC_051862.1	9921770	False	3621	1207	10	12	15	9	15	6	6	18	11	6	14	13
OG0005748	NC_051862.1:1	NC_051862.1	9917762	True	825	275	2	3	9	3	3	1	2	9	3	0	9	2
OG0005749	NC_051862.1:1	NC_051862.1	9922851	True	234	78	2	2	5	0	2	6	1	0	0	3	0	2
OG0005750	NC_051862.1:1	NC_051862.1	9792972	False	756	252	1	1	2	1	0	3	2	0	1	1	1	0
OG0005751	NC_051862.1:1	NC_051862.1	9785332	True	846	282	5	3	1	5	5	1	1	3	5	1	1	4
OG0005752	NC_051862.1:1	NC_051862.1	9779795	True	444	148	2	0	1	2	0	2	1	0	2	1	0	0
OG0005753	NC_051862.1:2	NC_051862.1	10201073	True	702	234	3	1	2	2	2	3	1	1	5	2	0	4
OG0005754	NC_051863.1:30	NC_051863.1	153982720	False	3189	1063	12	245	9	8	240	6	12	10	13	9	8	244
OG0005755	NC_051863.1:30	NC_051863.1	153977016	True	1293	431	7	5	7	2	4	3	2	5	3	6	5	6
OG0005756	NC_051863.1:30	NC_051863.1	153981505	True	1011	337	8	7	2	7	5	4	5	0	5	6	3	7
OG0005757	NC_051863.1:30	NC_051863.1	154079576	False	186	62	0	0	0	1	0	1	1	0	1	1	1	1
OG0005758	NC_051863.1:30	NC_051863.1	154080317	True	258	86	2	0	1	2	2	0	0	2	2	0	1	0
OG0005759	NC_051863.1:30	NC_051863.1	154085120	False	2049	683	3	788	2	3	795	2	4	6	9	2	2	798
OG0005760	NW_024037124.1:0	NW_024037124.1	10213	False	972	324	1	275	2	19	4	9	281	0	1	7	18	4
OG0005761	NC_051863.1:30	NC_051863.1	154130490	True	1053	351	5	5	5	6	2	0	4	6	8	0	6	4
OG0005762	NC_051863.1:30	NC_051863.1	154133645	True	3846	1282	23	7	8	26	11	6	9	16	23	11	16	8
OG0005763	NC_051861.1:8	NC_051861.1	40739878	True	780	260	0	1	2	0	1	1	0	1	0	0	1	1
OG0005764	NC_051861.1:8	NC_051861.1	40814792	False	570	190	0	38	1	0	157	0	0	62	1	0	1	39
OG0005765	NC_051861.1:8	NC_051861.1	41038246	False	615	205	1	1	0	0	1	0	0	0	1	1	0	2
OG0005766	NC_051861.1:8	NC_051861.1	41148577	False	576	192	2	0	0	2	0	0	0	0	2	0	0	0
OG0005767	NC_051861.1:8	NC_051861.1	41157913	False	117	39	0	1	1	0	1	1	0	0	71	0	0	74
OG0005768	NC_051862.1:10	NC_051862.1	54873729	True	732	244	1	2	0	1	2	0	1	1	3	0	0	3
OG0005769	NC_051862.1:10	NC_051862.1	54896097	True	1980	660	3	11	10	4	9	14	10	5	7	9	5	12
OG0005770	NC_051863.1:8	NC_051863.1	41392132	False	1743	581	3	2	27	2	3	24	5	9	15	5	8	15
OG0005771	NC_051863.1:8	NC_051863.1	41385122	True	912	304	2	3	12	0	3	16	6	1	6	7	1	8
OG0005772	NC_051863.1:8	NC_051863.1	40972316	True	4086	1362	1	6	43	3	5	44	11	9	25	10	12	31
OG0005773	NC_051863.1:34	NC_051863.1	173973185	True	3132	1044	10	7	13	10	11	12	11	16	7	13	14	6
OG0005774	NC_051863.1:8	NC_051863.1	40931147	True	1104	368	3	1	5	4	1	5	1	1	9	1	1	7
OG0005775	NC_051863.1:8	NC_051863.1	40907593	True	1686	562	29	6	1	30	6	1	1	1	38	0	1	13
OG0005776	NC_051863.1:8	NC_051863.1	40874591	False	669	223	5	1	1	5	1	4	3	0	6	3	0	2
OG0005777	NC_051863.1:8	NC_051863.1	40768465	False	2526	842	14	5	8	14	5	13	7	2	18	7	2	9
OG0005778	NC_051863.1:8	NC_051863.1	40731205	True	2721	907	5	9	52	4	7	53	13	8	34	12	8	37
OG0005779	NC_051863.1:8	NC_051863.1	40700583	True	14028	4676	17	31	109	18	29	122	49	38	86	45	37	92
OG0005780	NC_051863.1:8	NC_051863.1	40683842	True	2664	888	3	7	65	4	7	73	22	17	23	21	17	26
OG0005781	NC_051862.1:4	NC_051862.1	22334808	True	573	191	2	4	1	2	3	4	5	2	1	5	2	2
OG0005782	NC_051862.1:4	NC_051862.1	22371987	True	1455	485	8	12	3	8	11	2	3	4	10	4	5	14
OG0005783	NC_051862.1:4	NC_051862.1	22509131	True	1611	537	2	2	16	1	3	10	3	10	12	4	9	13
OG0005784	NC_051862.1:4	NC_051862.1	22512317	True	1716	572	3	1	8	2	1	6	2	4	6	3	4	5
OG0005785	NC_051862.1:4	NC_051862.1	22845820	True	642	214	1	0	2	6	0	2	1	1	1	1	6	0
OG0005786	NC_051862.1:4	NC_051862.1	22871793	True	816	272	2	5	4	3	2	3	4	2	5	1	3	5
OG0005787	NC_051862.1:9	NC_051862.1	49636220	False	930	310	1	2	28	1	6	8	4	27	3	4	26	3
OG0005788	NC_051861.1:20	NC_051861.1	100353384	True	2022	674	1	1	22	2	2	22	5	5	15	5	4	15
OG0005789	NC_051861.1:20	NC_051861.1	100562465	True	471	157	2	1	3	0	1	4	1	0	0	3	0	1
OG0005790	NC_051861.1:20	NC_051861.1	100580202	True	318	106	1	1	3	0	1	2	0	1	0	1	1	1
OG0005791	NC_051861.1:20	NC_051861.1	100582055	True	1545	515	2	6	14	3	4	15	10	8	10	8	9	12
OG0005792	NC_051861.1:20	NC_051861.1	100585081	True	375	125	1	3	2	2	3	1	1	2	1	1	3	3
OG0005793	NC_051861.1:20	NC_051861.1	100585692	True	966	322	3	4	9	3	5	3	2	8	6	3	9	8
OG0005794	NC_051861.1:20	NC_051861.1	100594282	False	1311	437	3	429	1	3	433	1	0	2	155	0	0	623
OG0005795	NC_051863.1:10	NC_051863.1	50206258	True	522	174	0	0	0	1	0	0	0	0	0	0	1	0
OG0005796	NC_051861.1:20	NC_051861.1	100623721	False	510	170	0	2	3	0	1	2	1	1	0	0	1	1
OG0005797	NC_051862.1:9	NC_051862.1	49828981	False	2022	674	1	2	14	1	2	15	3	2	10	3	2	11
OG0005798	NC_051861.1:18	NC_051861.1	91910510	False	480	160	0	0	4	0	0	4	0	0	208	0	0	209
OG0005799	NC_051861.1:18	NC_051861.1	91748556	True	2091	697	6	9	10	11	9	8	8	10	6	7	14	8
OG0005800	NC_051861.1:18	NC_051861.1	91732033	False	354	118	1	90	2	0	90	1	2	3	1	1	1	89
OG0005801	NC_051861.1:18	NC_051861.1	91730958	True	816	272	3	6	2	4	8	3	4	6	6	3	3	9
OG0005802	NC_051861.1:18	NC_051861.1	91712700	True	414	138	0	0	0	0	0	0	0	0	0	0	0	0
OG0005803	NC_051861.1:18	NC_051861.1	91697123	True	558	186	0	3	1	0	2	2	3	1	1	2	1	3
OG0005804	NC_051861.1:18	NC_051861.1	91398170	False	999	333	4	2	3	2	1	1	2	2	1	4	2	1
OG0005805	NC_051861.1:18	NC_051861.1	91380572	False	1884	628	4	13	11	7	11	19	19	9	6	13	9	10
OG0005806	NC_051861.1:18	NC_051861.1	91320727	True	1494	498	1	9	4	1	7	5	5	3	0	4	3	6
OG0005807	NC_051861.1:18	NC_051861.1	91280411	True	849	283	3	1	7	4	2	10	4	2	15	4	2	13
OG0005808	NC_051863.1:0	NC_051863.1	1310272	False	1263	421	5	3	7	5	4	9	7	6	9	7	4	7
OG0005809	NC_051863.1:0	NC_051863.1	1241597	True	645	215	0	1	1	0	1	2	1	0	0	1	0	1
OG0005810	NC_051863.1:0	NC_051863.1	1271722	True	2526	842	4	9	5	2	10	8	6	4	3	7	2	9
OG0005811	NC_051863.1:0	NC_051863.1	1206742	True	1854	618	1	6	8	0	9	5	0	7	8	1	3	14
OG0005812	NC_051863.1:0	NC_051863.1	1322271	True	240	80	0	0	1	0	0	1	0	0	0	0	0	0
OG0005813	NC_051863.1:0	NC_051863.1	1337509	True	1002	334	0	1	4	0	0	6	3	0	3	2	0	3
OG0005814	NC_051863.1:0	NC_051863.1	1354743	True	939	313	1	6	10	1	5	11	5	3	7	3	2	10
OG0005815	NC_051863.1:0	NC_051863.1	1363733	True	867	289	0	5	0	0	8	1	1	3	0	1	0	5
OG0005816	NC_051863.1:0	NC_051863.1	1369367	True	3408	1136	8	26	8	11	23	8	11	7	13	6	8	26
OG0005817	NC_051863.1:0	NC_051863.1	1381001	True	1092	364	1	6	4	2	7	3	3	5	2	3	5	8
OG0005818	NC_051863.1:0	NC_051863.1	1388551	True	1125	375	3	13	3	2	12	2	2	2	9	1	1	17
OG0005819	NC_051863.1:0	NC_051863.1	1398421	True	246	82	0	0	1	0	0	1	0	0	0	0	0	0
OG0005820	NC_051863.1:0	NC_051863.1	1418065	True	1719	573	3	8	2	5	7	7	7	1	6	5	2	9
OG0005821	NC_051863.1:0	NC_051863.1	1446567	False	189	63	0	2	1	0	1	1	1	0	3	0	0	4
OG0005822	NC_051863.1:0	NC_051863.1	1451818	False	1407	469	2	6	11	1	7	12	4	2	5	4	1	9
OG0005823	NC_051863.1:0	NC_051863.1	1488506	True	945	315	0	1	3	0	1	3	1	1	3	1	1	4
OG0005824	NC_051863.1:0	NC_051863.1	1483125	True	411	137	0	1	7	0	1	7	1	1	1	1	1	3
OG0005825	NC_051863.1:0	NC_051863.1	1529331	True	1113	371	2	0	7	2	1	9	5	2	10	5	1	9
OG0005826	NC_051863.1:0	NC_051863.1	1539530	False	2091	697	21	9	9	20	9	8	9	8	23	8	10	12
OG0005827	NC_051863.1:0	NC_051863.1	1541900	True	486	162	1	4	0	3	4	1	1	0	1	1	2	4
OG0005828	NC_051863.1:0	NC_051863.1	1548814	True	5427	1809	4	9	63	19	8	39	13	33	20	10	46	22
OG0005829	NC_051863.1:0	NC_051863.1	1623087	True	1839	613	1	5	14	2	6	4	8	18	0	4	15	1
OG0005830	NC_051863.1:0	NC_051863.1	1631214	True	2382	794	0	5	15	8	2	2	5	15	1	1	22	2
OG0005831	NC_051863.1:0	NC_051863.1	1736642	False	1251	417	3	9	13	3	10	5	6	13	13	3	11	18
OG0005832	NC_051863.1:0	NC_051863.1	1738654	False	4128	1376	4	12	13	4	12	14	4	3	8	4	3	16
OG0005833	NC_051862.1:0	NC_051862.1	78135	True	1071	357	0	4	0	0	4	0	0	0	1	0	0	4
OG0005834	NC_051862.1:0	NC_051862.1	111838	True	999	333	0	3	0	0	3	1	1	0	1	1	0	4
OG0005835	NC_051862.1:0	NC_051862.1	138111	True	813	271	0	1	0	0	0	0	1	0	1	0	0	1
OG0005836	NC_051862.1:0	NC_051862.1	88918	True	951	317	1	2	0	1	2	0	0	0	3	0	0	3
OG0005837	NC_051862.1:0	NC_051862.1	159380	True	2037	679	3	7	2	3	11	1	2	7	3	1	2	6
OG0005838	NC_051862.1:0	NC_051862.1	163125	False	285	95	0	1	0	0	1	0	0	0	0	0	0	1
OG0005839	NC_051862.1:0	NC_051862.1	189597	True	3219	1073	1	4	7	1	4	5	0	2	5	0	2	8
OG0005840	NC_051862.1:0	NC_051862.1	268608	True	1119	373	0	0	14	0	0	13	2	3	4	2	3	4
OG0005841	NC_051862.1:0	NC_051862.1	284517	True	279	93	0	0	0	0	0	0	0	0	0	0	0	0
OG0005842	NC_051862.1:0	NC_051862.1	292699	True	2946	982	2	1	25	2	0	23	1	2	14	0	2	13
OG0005843	NC_051862.1:0	NC_051862.1	321572	False	810	270	0	249	1	8	75	6	72	1	1	6	9	77
OG0005844	NC_051862.1:0	NC_051862.1	358136	False	1317	439	1	8	9	1	7	9	1	0	324	0	0	334
OG0005845	NC_051862.1:0	NC_051862.1	425238	True	1398	466	0	7	1	0	5	2	4	1	3	2	1	7
OG0005846	NC_051862.1:0	NC_051862.1	427696	False	1194	398	0	7	2	0	6	2	1	0	5	0	0	11
OG0005847	NC_051862.1:0	NC_051862.1	434316	True	3438	1146	2	3	14	2	2	9	1	5	13	0	5	13
OG0005848	NC_051862.1:0	NC_051862.1	441244	True	924	308	0	2	4	0	2	3	0	1	3	0	1	5
OG0005849	NC_051862.1:0	NC_051862.1	456722	False	1641	547	0	445	3	0	447	3	1	1	1	1	1	448
OG0005850	NC_051862.1:0	NC_051862.1	470312	False	3525	1175	3	271	22	2	268	18	9	12	10	9	12	279
OG0005851	NC_051862.1:0	NC_051862.1	487186	False	3294	1098	0	6	21	0	6	75	61	7	6	61	7	12
OG0005852	NC_051862.1:0	NC_051862.1	581606	False	1863	621	1	518	1	1	518	2	6	2	4	2	1	515
OG0005853	NC_051862.1:0	NC_051862.1	589039	True	630	210	1	3	0	2	3	1	1	0	2	1	1	4
OG0005854	NC_051862.1:0	NC_051862.1	603872	True	2403	801	5	12	5	7	12	5	5	5	5	6	7	12
OG0005855	NC_051862.1:0	NC_051862.1	627855	True	984	328	0	5	3	0	5	3	1	2	3	0	1	7
OG0005856	NC_051862.1:0	NC_051862.1	631575	True	1242	414	3	4	0	3	6	2	2	1	4	2	0	5
OG0005857	NC_051862.1:0	NC_051862.1	633214	True	420	140	1	0	0	0	0	1	1	0	1	2	0	1
OG0005858	NC_051862.1:0	NC_051862.1	69034	True	2775	925	0	8	0	0	7	0	1	0	0	0	0	7
OG0005859	NC_051863.1:33	NC_051863.1	168298640	False	585	195	0	0	2	0	0	2	0	0	5	0	0	5
OG0005860	NC_051863.1:33	NC_051863.1	168323628	True	2340	780	3	7	20	6	11	13	6	17	9	7	17	14
OG0005861	NC_051863.1:33	NC_051863.1	168332545	True	2112	704	3	6	54	2	8	23	8	39	8	9	37	13
OG0005862	NC_051863.1:33	NC_051863.1	168797018	True	894	298	2	2	11	1	2	10	4	5	5	5	5	6
OG0005863	NC_051863.1:28	NC_051863.1	144463287	True	687	229	0	5	1	3	2	1	4	1	0	1	4	2
OG0005864	NC_051863.1:28	NC_051863.1	144466478	True	3756	1252	13	11	10	11	16	12	13	16	14	15	11	13
OG0005865	NC_051863.1:28	NC_051863.1	144286505	True	3630	1210	9	7	5	10	7	6	7	5	10	7	7	8
OG0005866	NC_051863.1:28	NC_051863.1	144478148	True	1710	570	2	1	3	2	1	2	1	2	7	1	2	5
OG0005867	NC_051863.1:28	NC_051863.1	144760148	False	3057	1019	7	26	11	48	25	7	7	10	14	5	50	30
OG0005868	NC_051863.1:28	NC_051863.1	144799995	True	1857	619	3	4	4	2	6	4	0	4	4	1	0	6
OG0005869	NC_051863.1:28	NC_051863.1	144894812	False	1266	422	3	14	4	1	12	5	4	1	6	5	2	18
OG0005870	NC_051863.1:28	NC_051863.1	144915518	False	786	262	0	371	0	0	372	0	1	1	4	0	0	373
OG0005871	NC_051863.1:28	NC_051863.1	144929710	True	3525	1175	10	18	24	7	17	23	18	18	18	17	14	23
OG0005872	NC_051863.1:28	NC_051863.1	144939154	True	654	218	3	4	3	3	2	3	2	0	3	1	1	3
OG0005873	NC_051863.1:28	NC_051863.1	144945625	True	3042	1014	4	6	36	4	6	34	9	10	29	10	11	32
OG0005874	NC_051863.1:35	NC_051863.1	175010336	True	1512	504	2	6	6	2	8	7	5	6	2	5	4	6
OG0005875	NC_051863.1:35	NC_051863.1	175043570	True	681	227	1	1	11	1	0	12	3	1	4	2	1	3
OG0005876	NC_051863.1:35	NC_051863.1	175132606	True	1047	349	1	0	7	1	0	6	0	1	3	0	1	2
OG0005877	NC_051863.1:35	NC_051863.1	175158827	True	477	159	1	2	1	1	2	1	0	0	4	0	0	6
OG0005878	NC_051863.1:35	NC_051863.1	175385969	False	360	120	0	1	2	0	1	2	1	1	0	1	1	1
OG0005879	NC_051863.1:35	NC_051863.1	175539549	True	960	320	2	0	0	3	1	2	1	1	1	3	3	1
OG0005880	NC_051863.1:35	NC_051863.1	175693998	False	378	126	0	0	3	0	0	3	0	0	1	0	0	1
OG0005881	NC_051861.1:8	NC_051861.1	42028711	True	1200	400	0	23	2	16	6	4	20	1	5	3	17	11
OG0005882	NC_051861.1:5	NC_051861.1	29168934	True	570	190	1	1	2	1	4	5	3	3	1	4	1	2
OG0005883	NC_051861.1:5	NC_051861.1	29089467	False	1185	395	4	16	4	2	17	6	4	3	3	6	2	17
OG0005884	NC_051861.1:5	NC_051861.1	28924513	False	465	155	0	262	0	0	263	0	0	2	0	0	0	260
OG0005885	NC_051861.1:20	NC_051861.1	102664106	False	3540	1180	4	227	43	6	67	50	105	19	21	27	21	87
OG0005886	NC_051863.1:36	NC_051863.1	181656301	True	2478	826	1	1	13	1	0	11	3	4	4	2	4	4
OG0005887	NC_051863.1:36	NC_051863.1	182006681	True	1677	559	0	0	2	0	0	2	0	0	1	0	0	1
OG0005888	NC_051863.1:36	NC_051863.1	182162336	True	336	112	0	0	2	0	0	3	1	0	1	1	0	1
OG0005889	NC_051863.1:36	NC_051863.1	182167999	True	459	153	0	0	1	0	0	1	0	0	1	0	0	1
OG0005890	NC_051863.1:36	NC_051863.1	182171811	True	2412	804	0	1	6	0	1	8	2	0	3	2	0	4
OG0005891	NC_051863.1:36	NC_051863.1	182257010	False	1479	493	1	3	113	3	3	113	2	2	30	2	4	32
OG0005892	NC_051863.1:36	NC_051863.1	182325870	True	2256	752	2	6	7	4	7	9	5	4	11	4	4	14
OG0005893	NC_051862.1:14	NC_051862.1	71108124	True	1104	368	2	2	4	2	1	2	2	3	2	1	3	1
OG0005894	NC_051862.1:14	NC_051862.1	71176905	False	564	188	1	0	11	1	0	9	1	3	6	1	3	5
OG0005895	NC_051862.1:14	NC_051862.1	71080384	True	1536	512	0	0	30	0	0	26	0	4	28	0	4	28
OG0005896	NC_051862.1:14	NC_051862.1	71312950	False	867	289	1	1	6	1	0	1	1	5	1	1	5	1
OG0005897	NC_051862.1:14	NC_051862.1	71402265	True	4626	1542	3	6	47	6	7	44	7	12	33	7	14	36
OG0005898	NC_051862.1:14	NC_051862.1	71480175	False	573	191	2	1	6	1	1	4	1	3	5	2	3	5
OG0005899	NC_051862.1:14	NC_051862.1	71486734	True	1839	613	0	2	15	0	2	12	3	6	7	3	6	9
OG0005900	NC_051862.1:14	NC_051862.1	71544392	False	252	84	1	17	0	0	147	0	0	108	0	1	0	17
OG0005901	NC_051861.1:16	NC_051861.1	83586648	False	2121	707	4	3	48	6	1	36	8	17	16	6	18	13
OG0005902	NC_051861.1:16	NC_051861.1	83556245	True	594	198	1	2	7	1	1	8	4	1	9	2	1	8
OG0005903	NC_051861.1:16	NC_051861.1	83559840	False	1557	519	1	1	35	1	0	30	6	10	16	5	10	15
OG0005904	NC_051861.1:16	NC_051861.1	83601826	False	2808	936	1	3	29	1	3	95	77	5	14	77	5	16
OG0005905	NC_051861.1:16	NC_051861.1	83766557	True	816	272	0	1	10	0	1	11	3	2	10	3	2	11
OG0005906	NC_051863.1:15	NC_051863.1	78358333	True	1557	519	1	4	0	1	4	1	2	1	2	1	0	4
OG0005907	NC_051863.1:15	NC_051863.1	78536626	True	1566	522	2	1	16	5	4	12	0	6	12	0	5	11
OG0005908	NC_051863.1:15	NC_051863.1	78287842	False	1026	342	0	356	9	1	356	8	2	2	6	1	3	363
OG0005909	NC_051863.1:15	NC_051863.1	78267997	True	852	284	0	1	1	0	1	0	0	1	0	0	1	1
OG0005910	NC_051863.1:15	NC_051863.1	78261435	True	378	126	0	0	1	0	0	1	1	1	0	1	1	0
OG0005911	NC_051863.1:15	NC_051863.1	78249746	False	2415	805	58	5	14	0	1281	3	2	1294	0	60	13	5
OG0005912	NC_051863.1:15	NC_051863.1	78245541	True	330	110	0	0	3	0	0	4	1	0	2	1	0	2
OG0005913	NC_051863.1:15	NC_051863.1	78243565	True	840	280	1	2	5	0	3	7	2	1	4	3	0	6
OG0005914	NC_051863.1:15	NC_051863.1	78242164	True	489	163	1	0	0	0	0	0	0	0	0	1	0	0
OG0005915	NC_051863.1:15	NC_051863.1	78235220	True	408	136	0	0	3	0	0	2	0	1	1	0	1	1
OG0005916	NC_051863.1:15	NC_051863.1	78225312	True	699	233	0	2	0	0	1	0	1	0	0	0	0	1
OG0005917	NC_051861.1:1	NC_051861.1	5007984	True	1608	536	0	5	4	1	4	4	3	2	1	2	3	5
OG0005918	NC_051861.1:0	NC_051861.1	4997123	False	2124	708	2	14	9	1	19	6	3	11	7	4	7	21
OG0005919	NC_051861.1:1	NC_051861.1	5041884	False	834	278	1	137	2	1	139	3	1	0	1	2	1	139
OG0005920	NC_051861.1:1	NC_051861.1	5119332	False	3192	1064	6	428	4	4	427	2	6	7	5	5	4	427
OG0005921	NC_051861.1:1	NC_051861.1	5161418	True	765	255	0	7	0	1	6	0	1	0	3	0	1	10
OG0005922	NC_051861.1:1	NC_051861.1	5171635	True	1566	522	5	12	2	6	13	4	6	5	10	6	5	17
OG0005923	NC_051861.1:1	NC_051861.1	5173874	False	3333	1111	1	1166	2	1	1170	3	3	4	9	2	1	1180
OG0005924	NC_051861.1:1	NC_051861.1	5224341	True	2649	883	0	12	5	0	16	7	3	5	3	3	1	15
OG0005925	NC_051861.1:1	NC_051861.1	5250290	True	675	225	0	5	3	1	5	0	0	3	2	0	4	7
OG0005926	NC_051861.1:1	NC_051861.1	5268451	True	588	196	0	4	1	0	3	1	2	1	0	1	1	3
OG0005927	NC_051861.1:1	NC_051861.1	5284198	True	2268	756	5	15	2	3	16	3	1	1	5	4	1	18
OG0005930	NC_051861.1:0	NC_051861.1	4959132	True	303	101	0	2	1	0	2	2	1	0	0	1	0	2
OG0005931	NC_051862.1:8	NC_051862.1	44071863	True	1464	488	0	0	9	0	0	9	1	1	5	1	1	5
OG0005932	NC_051862.1:8	NC_051862.1	43947967	True	417	139	2	1	4	0	1	2	1	3	4	3	3	5
OG0005933	NC_051862.1:8	NC_051862.1	44129129	True	1296	432	0	3	14	1	3	13	2	3	3	1	3	5
OG0005934	NC_051862.1:8	NC_051862.1	44332549	True	2631	877	5	10	25	3	10	22	9	12	19	11	12	25
OG0005935	NC_051862.1:8	NC_051862.1	44471562	True	576	192	0	5	5	0	5	4	1	2	3	1	2	8
OG0005936	NC_051863.1:22	NC_051863.1	114886402	False	1329	443	6	10	4	5	9	1	2	4	9	3	5	15
OG0005937	NC_051863.1:22	NC_051863.1	114880527	True	936	312	2	6	2	3	5	2	4	2	1	3	2	5
OG0005938	NC_051863.1:22	NC_051863.1	114826353	True	1035	345	1	7	0	0	8	1	1	1	0	2	0	7
OG0005939	NC_051863.1:22	NC_051863.1	114780440	True	1821	607	6	15	4	6	14	4	8	7	6	7	7	14
OG0005940	NC_051863.1:22	NC_051863.1	114735584	False	792	264	0	6	2	3	4	3	4	1	2	1	3	5
OG0005941	NC_051863.1:22	NC_051863.1	114574396	True	582	194	6	8	4	11	2	1	6	3	3	3	11	2
OG0005942	NC_051863.1:22	NC_051863.1	114407110	True	2607	869	2	15	8	5	16	7	3	5	13	2	5	24
OG0005943	NC_051863.1:22	NC_051863.1	114402133	True	2196	732	3	1	21	3	0	22	4	1	17	3	1	13
OG0005944	NC_051863.1:22	NC_051863.1	114324479	True	450	150	0	1	1	0	1	2	2	0	1	2	0	2
OG0005945	NC_051863.1:37	NC_051863.1	187688120	True	261	87	0	0	0	1	0	0	0	0	2	0	1	2
OG0005946	NC_051863.1:37	NC_051863.1	187683933	True	846	282	1	1	8	0	1	10	4	2	0	5	2	1
OG0005947	NC_051863.1:37	NC_051863.1	187621910	False	2226	742	2	0	12	2	0	13	7	6	7	8	7	6
OG0005948	NC_051863.1:37	NC_051863.1	187612167	True	1488	496	4	4	13	6	2	17	7	1	6	7	5	6
OG0005949	NC_051863.1:37	NC_051863.1	187285057	True	2352	784	3	18	12	7	14	18	12	5	11	8	7	22
OG0005950	NC_051863.1:37	NC_051863.1	187278267	True	804	268	1	8	2	1	7	6	5	1	2	4	1	8
OG0005951	NC_051863.1:37	NC_051863.1	187274981	False	0	0	0	0	0	0	0	0	0	0	0	0	0	0
OG0005952	NC_051863.1:37	NC_051863.1	187220664	False	4851	1617	44	1007	21	13	1341	13	145	474	23	45	19	892
OG0005953	NC_051863.1:37	NC_051863.1	187187144	False	255	85	1	5	1	1	5	1	0	0	58	0	0	63
OG0005954	NC_051863.1:37	NC_051863.1	187162702	True	1071	357	0	3	0	1	3	3	3	0	1	3	1	4
OG0005955	NC_051863.1:37	NC_051863.1	187154001	True	2211	737	0	24	8	3	19	6	14	10	3	4	9	18
OG0005956	NC_051863.1:37	NC_051863.1	187151995	False	1350	450	4	16	5	4	14	5	8	4	6	4	4	14
OG0005957	NC_051863.1:37	NC_051863.1	187088514	False	774	258	0	6	6	1	6	2	1	5	0	1	6	6
OG0005958	NC_051863.1:37	NC_051863.1	187055867	False	939	313	0	5	4	2	6	4	2	3	1	2	4	6
OG0005959	NC_051863.1:37	NC_051863.1	187052478	True	1980	660	5	22	10	7	16	11	12	6	10	7	8	22
OG0005960	NC_051863.1:37	NC_051863.1	187786040	False	579	193	3	0	6	0	202	0	0	206	2	3	6	2
OG0005961	NC_051862.1:26	NC_051862.1	132427580	True	2712	904	6	8	4	3	9	6	3	2	6	5	0	9
OG0005962	NC_051862.1:26	NC_051862.1	132243845	True	6321	2107	13	52	19	16	49	24	21	15	32	21	16	70
OG0005963	NC_051862.1:26	NC_051862.1	132182964	True	1488	496	5	9	5	3	9	5	0	0	11	2	0	17
OG0005964	NC_051862.1:26	NC_051862.1	132092527	False	2217	739	9	13	9	8	17	11	8	10	8	9	6	13
OG0005965	NC_051863.1:35	NC_051863.1	179203430	True	2625	875	5	7	20	5	7	22	9	7	16	9	6	19
OG0005966	NC_051863.1:35	NC_051863.1	178961773	True	996	332	1	2	4	1	2	2	0	2	7	0	2	8
OG0005967	NC_051863.1:35	NC_051863.1	179223788	False	1734	578	9	3	26	7	5	25	6	8	23	9	8	19
OG0005968	NC_051863.1:35	NC_051863.1	179229527	False	739	246	2	2	7	1	1	2	2	6	2	3	7	3
OG0005969	NC_051863.1:35	NC_051863.1	179239277	False	3225	1075	6	3	30	7	4	28	12	17	18	13	18	16
OG0005970	NC_051863.1:35	NC_051863.1	179285819	True	1467	489	1	16	5	3	12	4	7	3	5	2	5	15
OG0005971	NC_051863.1:35	NC_051863.1	179301642	True	570	190	1	5	3	1	2	4	5	1	3	2	1	4
OG0005972	NC_051863.1:35	NC_051863.1	179304479	True	1194	398	3	13	9	3	13	12	9	6	6	8	5	14
OG0005973	NC_051863.1:35	NC_051863.1	179316172	False	2484	828	3	12	4	5	4	5	9	2	5	3	4	7
OG0005974	NC_051863.1:35	NC_051863.1	178925057	True	1482	494	1	6	5	3	6	4	5	6	3	3	6	7
OG0005976	NC_051863.1:32	NC_051863.1	161092086	True	1989	663	2	1	24	2	5	4	1	25	3	2	22	3
OG0005977	NC_051863.1:32	NC_051863.1	161039368	False	1527	509	1	1	17	6	0	4	2	14	2	1	19	1
OG0005978	NC_051863.1:32	NC_051863.1	161028684	True	1386	462	0	2	23	0	3	13	2	14	7	2	13	9
OG0005979	NC_051862.1:19	NC_051862.1	95762422	True	1182	394	4	2	18	4	2	20	2	1	26	2	1	24
OG0005980	NC_051862.1:19	NC_051862.1	95339105	False	1248	416	0	0	4	0	0	4	0	0	2	0	0	2
OG0005981	NC_051862.1:19	NC_051862.1	95796611	False	1713	571	2	3	35	2	3	34	5	6	12	5	6	13
OG0005982	NC_051862.1:19	NC_051862.1	95826523	False	1146	382	1	2	16	1	2	18	4	3	8	4	3	9
OG0005983	NC_051862.1:19	NC_051862.1	95830628	True	1131	377	1	2	2	2	2	2	1	1	7	1	2	8
OG0005984	NC_051862.1:19	NC_051862.1	95833915	True	954	318	4	5	1	8	1	3	6	0	3	3	5	2
OG0005985	NC_051862.1:19	NC_051862.1	95850199	True	942	314	0	3	0	0	4	1	1	1	0	1	0	3
OG0005986	NC_051862.1:19	NC_051862.1	95879372	True	1188	396	3	11	2	0	8	3	6	2	2	5	1	9
OG0005987	NC_051862.1:19	NC_051862.1	95880804	False	1695	565	6	13	14	2	14	11	8	11	7	7	7	16
OG0005988	NC_051862.1:19	NC_051862.1	95883144	True	3018	1006	7	18	12	10	19	11	13	14	12	9	12	19
OG0005989	NC_051862.1:19	NC_051862.1	95888087	False	9954	3318	20	66	15	23	64	19	21	14	32	14	13	71
OG0005990	NC_051862.1:19	NC_051862.1	95920873	True	423	141	0	2	0	0	2	0	0	0	1	0	0	2
OG0005991	NC_051862.1:19	NC_051862.1	95934175	True	837	279	1	1	5	1	0	5	2	1	6	1	1	4
OG0005992	NC_051862.1:19	NC_051862.1	95935684	False	615	205	2	2	2	0	2	0	0	2	0	3	2	2
OG0005993	NC_051862.1:19	NC_051862.1	95936595	True	2196	732	1	4	18	1	4	17	3	3	9	3	3	12
OG0005994	NC_051862.1:19	NC_051862.1	95962039	True	2898	966	3	0	32	3	0	35	6	2	25	5	2	22
OG0005995	NC_051863.1:2	NC_051863.1	11671117	True	3999	1333	5	28	21	7	27	20	12	12	20	12	14	42
OG0005996	NC_051863.1:2	NC_051863.1	11620988	False	1251	417	2	3	10	2	2	15	7	1	9	6	1	9
OG0005997	NC_051863.1:2	NC_051863.1	11619743	True	768	256	1	3	3	1	2	2	2	2	1	2	3	3
OG0005998	NC_051863.1:2	NC_051863.1	11537712	True	591	197	1	4	0	0	5	4	4	1	1	5	0	5
OG0005999	NC_051863.1:2	NC_051863.1	11522978	False	1206	402	2	12	1	1	11	2	4	2	2	3	1	11
OG0006000	NC_051863.1:2	NC_051863.1	11290860	False	783	261	0	0	2	0	0	0	0	0	1	0	0	1
OG0006001	NC_051863.1:2	NC_051863.1	11122289	True	1032	344	1	5	7	1	4	7	4	4	11	3	3	13
OG0006002	NC_051863.1:2	NC_051863.1	11119984	False	1416	472	3	10	17	2	16	20	12	14	15	12	8	22
OG0006003	NC_051863.1:36	NC_051863.1	184481061	True	300	100	0	0	5	0	0	5	1	0	2	1	0	2
OG0006004	NC_051863.1:36	NC_051863.1	184428309	False	2637	879	36	5	14	37	5	11	6	8	40	6	10	13
OG0006005	NC_051863.1:36	NC_051863.1	184411835	True	1371	457	1	4	15	1	2	18	10	4	8	7	4	9
OG0006006	NC_051863.1:36	NC_051863.1	184390809	True	2139	713	1	5	23	1	5	28	6	1	8	6	1	12
OG0006007	NC_051863.1:36	NC_051863.1	184384120	False	801	267	3	3	19	3	3	4	1	17	7	1	18	8
OG0006008	NC_051863.1:36	NC_051863.1	184382128	False	1278	426	1	4	12	1	3	9	7	8	15	6	8	16
OG0006009	NC_051863.1:36	NC_051863.1	184379834	True	435	145	0	4	3	0	4	2	0	1	0	0	1	4
OG0006010	NC_051863.1:36	NC_051863.1	184355690	True	1137	379	1	0	6	1	1	6	2	4	4	2	3	3
OG0006011	NC_051863.1:36	NC_051863.1	184372737	True	1098	366	1	0	3	2	0	3	0	0	5	0	1	4
OG0006012	NC_051863.1:36	NC_051863.1	184349050	True	2169	723	5	7	11	6	6	13	5	5	13	4	5	13
OG0006013	NC_051863.1:36	NC_051863.1	184315548	True	2187	729	2	3	10	3	4	10	3	3	10	3	3	11
OG0006014	NC_051863.1:36	NC_051863.1	184273541	False	3561	1187	4	8	28	3	9	30	10	9	11	10	9	16
OG0006015	NC_051863.1:36	NC_051863.1	183930749	True	1563	521	0	3	3	0	2	19	19	2	0	18	2	2
OG0006016	NC_051861.1:21	NC_051861.1	107218895	True	1509	503	3	4	23	2	5	12	5	16	7	4	13	7
OG0006017	NC_051861.1:21	NC_051861.1	107245127	True	1641	547	1	1	13	1	1	13	3	4	15	3	4	14
OG0006018	NC_051861.1:21	NC_051861.1	107260923	True	1287	429	1	3	10	1	2	10	3	2	4	2	2	5
OG0006019	NC_051861.1:21	NC_051861.1	107286472	False	219	73	0	1	1	0	1	1	0	0	3	0	0	4
OG0006020	NC_051861.1:21	NC_051861.1	107452864	True	2358	786	2	6	4	4	4	5	6	4	10	4	5	12
OG0006021	NC_051861.1:21	NC_051861.1	107517224	False	999	333	7	11	9	18	3	1	9	10	7	1	20	2
OG0006022	NC_051861.1:21	NC_051861.1	107522927	False	2010	670	2	6	2	3	4	3	3	0	5	1	1	7
OG0006023	NC_051861.1:21	NC_051861.1	107753152	True	1059	353	3	2	9	3	3	14	5	1	8	5	0	7
OG0006024	NC_051861.1:21	NC_051861.1	107148609	False	2118	706	3	554	4	0	554	4	4	5	6	5	2	558
OG0006025	NC_051862.1:23	NC_051862.1	117762494	True	780	260	0	0	3	0	0	3	0	0	8	0	0	8
OG0006026	NC_051862.1:23	NC_051862.1	117771021	True	2442	814	1	3	28	1	3	25	1	4	18	1	4	20
OG0006027	NC_051862.1:23	NC_051862.1	117790891	True	273	91	0	0	0	0	0	0	0	0	0	0	0	0
OG0006028	NC_051862.1:23	NC_051862.1	117871824	True	3972	1324	0	4	37	0	4	37	8	8	37	8	8	41
OG0006029	NC_051862.1:23	NC_051862.1	117891219	True	651	217	0	1	3	0	1	2	0	1	0	0	1	1
OG0006030	NC_051862.1:23	NC_051862.1	117902757	True	1356	452	0	6	14	0	5	16	6	3	4	5	3	9
OG0006031	NC_051862.1:23	NC_051862.1	117918100	True	8580	2860	5	29	69	5	26	69	7	4	74	4	4	95
OG0006032	NC_051862.1:23	NC_051862.1	117931900	True	2049	683	1	2	10	1	1	12	4	1	12	3	1	12
OG0006033	NC_051862.1:23	NC_051862.1	117947370	True	852	284	1	4	5	1	1	7	6	1	4	3	1	4
OG0006034	NC_051862.1:23	NC_051862.1	117977815	False	6564	2188	0	6	84	0	6	76	5	13	55	4	12	60
OG0006035	NC_051863.1:30	NC_051863.1	151431700	False	3099	1033	4	743	16	2	903	12	13	84	39	10	12	775
OG0006036	NC_051863.1:30	NC_051863.1	151536706	False	1467	489	10	7	28	2	77	16	5	85	9	12	16	13
OG0006037	NC_051863.1:30	NC_051863.1	151547915	True	1248	416	1	2	12	1	2	13	3	2	5	3	2	6
OG0006038	NC_051863.1:30	NC_051863.1	151569129	True	1602	534	4	8	9	6	8	11	7	6	13	5	5	15
OG0006039	NC_051863.1:30	NC_051863.1	151575635	False	1056	352	4	5	8	0	72	6	5	73	13	8	6	17
OG0006040	NC_051863.1:30	NC_051863.1	151588225	True	645	215	0	0	2	0	0	3	1	0	0	1	0	0
OG0006041	NC_051863.1:30	NC_051863.1	151602753	False	378	126	1	46	2	1	46	1	0	1	3	0	1	48
OG0006042	NC_051863.1:30	NC_051863.1	151654502	False	1560	520	4	7	3	1	77	1	3	74	5	3	2	10
OG0006043	NC_051863.1:30	NC_051863.1	151870927	False	1065	355	3	301	4	11	8	3	295	4	9	1	10	10
OG0006044	NC_051861.1:9	NC_051861.1	45452615	False	1425	475	5	24	5	3	26	2	2	7	12	4	5	33
OG0006045	NC_051861.1:9	NC_051861.1	45456010	True	3183	1061	8	28	7	8	25	7	4	1	37	1	1	53
OG0006046	NC_051862.1:23	NC_051862.1	115790454	False	510	170	0	0	5	0	0	5	0	0	2	0	0	2
OG0006047	NC_051862.1:23	NC_051862.1	115780244	True	966	322	0	0	5	0	0	5	0	0	6	0	0	6
OG0006048	NC_051862.1:14	NC_051862.1	70036609	False	1635	545	0	1	10	0	1	11	1	0	10	1	0	11
OG0006051	NC_051863.1:11	NC_051863.1	57328334	False	1044	348	1	5	3	4	6	2	2	2	3	0	4	6
OG0006052	NC_051862.1:18	NC_051862.1	90966179	True	1032	344	7	1	2	3	3	3	3	5	5	7	3	2
OG0006053	NC_051862.1:18	NC_051862.1	90957548	False	210	70	1	0	0	0	0	0	0	0	2	1	0	2
OG0006054	NC_051862.1:18	NC_051862.1	90953459	True	987	329	3	2	2	2	0	1	3	2	4	2	2	2
OG0006055	NC_051862.1:18	NC_051862.1	90909908	True	996	332	0	1	0	1	1	0	0	0	0	0	1	1
OG0006056	NC_051862.1:18	NC_051862.1	90905951	True	1032	344	4	2	4	5	4	3	2	4	8	3	5	7
OG0006057	NC_051862.1:18	NC_051862.1	90893608	False	474	158	5	0	0	4	4	0	0	4	4	2	1	1
OG0006058	NC_051862.1:18	NC_051862.1	90827127	True	1563	521	6	6	11	2	13	4	4	19	1	9	12	6
OG0006059	NC_051863.1:34	NC_051863.1	170548606	True	489	163	2	4	5	0	3	1	2	5	1	2	4	3
OG0006060	NC_051863.1:34	NC_051863.1	170245226	True	1515	505	9	5	5	8	8	6	5	7	8	7	5	6
OG0006061	NC_051863.1:34	NC_051863.1	170242960	True	663	221	3	0	1	3	4	1	1	5	3	1	1	0
OG0006062	NC_051863.1:34	NC_051863.1	170233472	False	396	132	2	0	0	2	0	0	0	0	2	0	0	0
OG0006063	NC_051862.1:31	NC_051862.1	157975366	False	3249	1083	11	98	4	14	14	7	93	9	12	8	9	13
OG0006064	NC_051862.1:31	NC_051862.1	158062982	True	576	192	2	0	2	1	0	1	0	1	2	1	1	1
OG0006065	NC_051862.1:31	NC_051862.1	158067582	True	2016	672	7	9	10	10	9	8	6	8	6	6	10	8
OG0006066	NC_051862.1:31	NC_051862.1	158139389	True	12774	4258	88	56	45	218	2	5	57	43	89	2	172	2
OG0006067	NC_051862.1:31	NC_051862.1	158229076	True	3159	1053	6	12	10	23	1	1	11	9	6	0	27	1
OG0006068	NC_051862.1:31	NC_051862.1	158286240	True	3666	1222	15	8	12	39	0	0	8	12	16	0	36	1
OG0006069	NC_051862.1:31	NC_051862.1	158297031	True	639	213	1	4	0	8	0	0	4	0	1	0	6	0
OG0006070	NC_051862.1:31	NC_051862.1	158320006	False	2679	893	20	12	8	17	13	8	8	9	18	8	5	12
OG0006071	NC_051862.1:31	NC_051862.1	158329756	True	1245	415	4	3	3	1	2	4	4	2	1	7	3	3
OG0006072	NC_051862.1:31	NC_051862.1	158336509	True	3093	1031	8	0	8	8	0	7	5	6	10	7	8	4
OG0006073	NC_051862.1:31	NC_051862.1	158355888	True	891	297	2	0	3	5	0	4	3	2	3	3	6	1
OG0006074	NC_051862.1:31	NC_051862.1	158364627	False	948	316	2	4	4	2	3	4	2	1	7	1	1	7
OG0006075	NC_051862.1:31	NC_051862.1	158377091	True	1782	594	3	3	4	10	0	1	4	4	3	1	11	0
OG0006076	NC_051862.1:31	NC_051862.1	158391184	False	1488	496	1	2	1	3	1	0	2	2	1	0	3	0
OG0006077	NC_051862.1:36	NC_051862.1	183038310	True	4113	1371	1	8	60	3	5	62	20	15	34	18	18	39
OG0006078	NC_051862.1:36	NC_051862.1	183030384	True	1464	488	0	3	26	0	3	27	5	4	12	5	4	15
OG0006079	NC_051862.1:36	NC_051862.1	182886188	False	2826	942	2	1129	2	66	15	10	1129	1	5	9	64	19
OG0006080	NC_051862.1:36	NC_051862.1	182883078	True	621	207	0	6	4	0	9	6	3	4	2	3	1	8
OG0006081	NC_051862.1:36	NC_051862.1	182877354	True	2781	927	4	34	10	5	38	9	6	12	11	6	9	42
OG0006082	NC_051862.1:36	NC_051862.1	182657138	False	756	252	1	1	11	0	1	4	0	10	0	1	9	1
OG0006083	NC_051862.1:36	NC_051862.1	182633948	True	1194	398	0	0	15	0	0	12	3	6	4	3	6	4
OG0006084	NC_051862.1:36	NC_051862.1	182565946	True	342	114	0	7	0	1	6	1	2	0	0	1	1	6
OG0006085	NC_051862.1:36	NC_051862.1	182561986	True	972	324	3	8	1	1	10	0	1	3	3	2	1	9
OG0006086	NC_051862.1:36	NC_051862.1	182542383	True	1542	514	6	10	7	7	9	8	6	4	10	5	5	12
OG0006087	NC_051862.1:36	NC_051862.1	183053709	True	1140	380	0	3	18	0	2	17	6	5	14	4	4	15
OG0006088	NC_051862.1:25	NC_051862.1	127701860	True	1329	443	8	2	18	7	2	4	3	17	4	8	21	3
OG0006090	NC_051862.1:25	NC_051862.1	127735368	True	531	177	2	3	1	4	0	0	3	1	1	1	4	0
OG0006091	NC_051862.1:25	NC_051862.1	127909277	True	1653	551	3	4	1	1	2	1	3	1	0	3	2	2
OG0006092	NC_051862.1:25	NC_051862.1	127911333	True	1260	420	2	3	1	3	4	3	2	1	2	3	2	4
OG0006093	NC_051862.1:25	NC_051862.1	127923707	True	1029	343	5	8	6	9	6	2	4	6	6	1	9	6
OG0006094	NC_051862.1:25	NC_051862.1	127934508	True	1890	630	3	8	9	5	7	5	5	8	3	4	11	7
OG0006095	NC_051862.1:25	NC_051862.1	127585176	True	1005	335	5	2	2	4	5	3	2	4	4	5	3	4
OG0006096	NC_051862.1:25	NC_051862.1	128002302	False	1128	376	4	1	4	5	0	3	1	1	5	0	2	1
OG0006097	NC_051862.1:25	NC_051862.1	128030172	True	1254	418	0	3	4	3	1	0	2	4	1	0	7	2
OG0006098	NC_051863.1:14	NC_051863.1	72529929	True	333	111	1	1	11	1	2	0	0	13	3	0	11	3
OG0006099	NC_051863.1:14	NC_051863.1	72574521	True	627	209	2	7	1	0	5	1	4	2	1	3	1	5
OG0006100	NC_051862.1:29	NC_051862.1	147944192	True	4125	1375	8	7	37	8	5	38	9	8	30	6	6	26
OG0006101	NC_051862.1:29	NC_051862.1	147786105	True	1014	338	0	2	3	0	2	3	0	0	0	0	0	2
OG0006102	NC_051863.1:33	NC_051863.1	165407860	False	3612	1204	32	10	29	32	7	14	11	24	35	7	26	12
OG0006103	NC_051863.1:33	NC_051863.1	165544582	False	2772	924	8	9	36	2	10	34	15	18	19	19	14	24
OG0006104	NC_051862.1:37	NC_051862.1	188507079	True	1548	516	2	6	12	3	6	10	5	5	10	4	5	13
OG0006105	NC_051862.1:30	NC_051862.1	151654558	False	3570	1190	7	6	36	4	4	78	69	16	19	67	16	17
OG0006106	NC_051862.1:30	NC_051862.1	151794226	False	3237	1079	31	10	23	29	4	24	15	8	37	12	9	14
OG0006107	NC_051862.1:30	NC_051862.1	152008998	False	435	145	3	1	2	3	0	2	3	2	1	5	5	1
OG0006108	NC_051862.1:30	NC_051862.1	152036827	True	948	316	8	2	2	3	3	1	0	2	3	5	1	2
OG0006109	NC_051862.1:30	NC_051862.1	152078082	True	2025	675	22	13	9	27	9	9	13	9	26	10	15	14
OG0006110	NC_051862.1:30	NC_051862.1	152086788	True	783	261	1	3	6	3	2	5	3	3	2	2	5	3
OG0006111	NC_051862.1:30	NC_051862.1	152093276	True	1344	448	5	1	2	8	2	3	4	3	4	5	6	2
OG0006112	NC_051862.1:30	NC_051862.1	152103047	True	3159	1053	8	4	3	8	4	2	1	2	8	1	2	4
OG0006113	NC_051862.1:30	NC_051862.1	152139945	True	1734	578	16	6	9	13	5	8	7	7	14	10	8	7
OG0006114	NC_051862.1:30	NC_051862.1	152147881	True	1347	449	5	3	3	9	3	4	3	2	7	3	6	5
OG0006115	NC_051862.1:30	NC_051862.1	152166707	True	309	103	0	0	0	0	0	0	0	0	0	0	0	0
OG0006116	NC_051862.1:30	NC_051862.1	152198441	False	1227	409	3	3	1	2	2	1	2	1	2	2	1	2
OG0006117	NC_051862.1:7	NC_051862.1	37046729	True	597	199	2	1	5	2	1	9	4	1	7	4	1	6
OG0006118	NC_051862.1:7	NC_051862.1	36851443	False	2193	731	4	2	30	4	1	30	13	12	12	12	12	9
OG0006119	NC_051862.1:7	NC_051862.1	36841681	True	1869	623	2	1	16	2	0	15	4	4	8	3	4	6
OG0006120	NC_051862.1:7	NC_051862.1	36486690	True	519	173	0	0	3	0	0	3	0	0	2	0	0	2
OG0006121	NC_051861.1:26	NC_051861.1	130647191	False	399	133	1	95	0	0	96	0	0	1	0	1	0	95
OG0006122	NC_051861.1:26	NC_051861.1	130722573	False	501	167	3	0	0	2	10	0	0	10	2	0	0	0
OG0006123	NC_051861.1:26	NC_051861.1	130701393	True	1017	339	4	4	2	3	4	2	3	3	5	3	2	4
OG0006124	NC_051861.1:26	NC_051861.1	130765359	True	639	213	0	1	2	0	1	2	2	1	1	2	1	2
OG0006125	NC_051861.1:26	NC_051861.1	130787750	True	1188	396	7	3	0	6	2	1	2	0	5	3	1	2
OG0006126	NC_051861.1:26	NC_051861.1	130870763	True	1800	600	0	3	1	0	3	0	0	1	0	0	1	3
OG0006127	NC_051861.1:26	NC_051861.1	130417270	True	1086	362	0	1	0	0	1	1	1	0	0	1	0	1
OG0006128	NC_051861.1:2	NC_051861.1	11540407	False	1218	406	1	527	3	0	536	1	0	9	4	1	2	533
OG0006129	NC_051861.1:2	NC_051861.1	11567539	True	423	141	0	3	0	1	2	0	1	0	0	0	1	2
OG0006130	NC_051861.1:2	NC_051861.1	11568257	True	3249	1083	14	30	11	14	26	6	8	10	14	9	14	31
OG0006131	NC_051861.1:2	NC_051861.1	11575070	True	2343	781	6	15	14	8	11	9	5	6	11	2	8	17
OG0006132	NC_051861.1:2	NC_051861.1	11580411	True	2292	764	7	23	6	8	18	10	15	5	12	8	6	21
OG0006133	NC_051863.1:1	NC_051863.1	8648248	True	306	102	0	0	4	0	0	5	0	0	6	0	0	6
OG0006134	NC_051863.1:1	NC_051863.1	8784364	True	1650	550	4	4	63	4	4	51	7	17	43	6	17	41
OG0006135	NC_051861.1:25	NC_051861.1	128626745	False	2403	801	3	3	22	4	0	27	16	8	10	14	11	9
OG0006136	NC_051861.1:25	NC_051861.1	128639396	True	1623	541	2	5	16	1	9	15	8	14	10	7	7	11
OG0006137	NC_051861.1:25	NC_051861.1	128610528	True	1512	504	2	3	4	5	3	0	0	4	5	0	7	6
OG0006138	NC_051861.1:25	NC_051861.1	128620663	True	1125	375	1	2	5	0	3	6	5	6	3	5	4	4
OG0006139	NC_051861.1:25	NC_051861.1	128651933	True	3666	1222	3	3	13	5	3	6	3	10	5	2	11	4
OG0006140	NC_051861.1:25	NC_051861.1	128683360	True	1323	441	1	0	6	0	2	8	4	4	4	5	2	4
OG0006141	NC_051861.1:25	NC_051861.1	128688979	True	1572	524	0	2	13	2	1	9	6	8	7	5	10	8
OG0006142	NC_051861.1:25	NC_051861.1	128701293	False	1533	511	2	3	35	5	2	40	14	11	302	13	13	302
OG0006143	NC_051861.1:25	NC_051861.1	128734414	True	1134	378	1	2	8	1	2	5	0	3	8	0	3	9
OG0006144	NC_051861.1:25	NC_051861.1	128738930	True	2199	733	4	6	8	2	5	7	4	3	6	4	3	9
OG0006145	NC_051861.1:25	NC_051861.1	128772754	True	1599	533	2	6	12	2	2	11	8	4	6	5	6	8
OG0006146	NC_051862.1:41	NC_051862.1	208857066	True	1821	607	3	5	4	3	4	1	1	3	6	0	3	7
OG0006147	NC_051862.1:41	NC_051862.1	208772058	True	921	307	0	0	13	0	0	16	5	3	3	5	3	3
OG0006148	NC_051862.1:41	NC_051862.1	208735813	True	630	210	0	5	0	0	4	2	5	2	1	2	0	3
OG0006149	NC_051862.1:41	NC_051862.1	208695563	True	957	319	3	8	0	4	5	1	4	0	3	1	1	5
OG0006150	NC_051863.1:7	NC_051863.1	36048714	False	63	21	0	0	0	0	0	1	1	0	0	1	0	0
OG0006151	NC_051863.1:7	NC_051863.1	36064341	True	2835	945	3	1	19	2	1	20	7	5	29	8	5	28
OG0006152	NC_051863.1:7	NC_051863.1	36088405	True	687	229	1	0	10	1	0	7	0	2	2	0	2	1
OG0006153	NC_051863.1:7	NC_051863.1	36248216	True	585	195	0	0	11	0	0	12	2	1	4	2	1	4
OG0006154	NC_051863.1:7	NC_051863.1	35704481	False	1002	334	0	1	1	0	1	0	1	2	3	0	1	3
OG0006155	NC_051861.1:14	NC_051861.1	73587968	False	3087	1029	1	13	27	1	9	25	7	5	11	3	5	19
OG0006156	NC_051861.1:14	NC_051861.1	73595787	False	1164	388	0	2	9	0	2	8	0	1	2	0	1	4
OG0006157	NC_051861.1:14	NC_051861.1	70181060	False	3582	1194	0	1920	0	71	289	19	1203	0	0	19	71	289
OG0006158	NC_051861.1:14	NC_051861.1	70152294	True	5100	1700	1	18	0	0	18	0	0	0	0	1	0	18
OG0006159	NC_051861.1:14	NC_051861.1	70113415	True	372	124	0	3	0	0	3	0	0	0	0	0	0	3
OG0006160	NC_051861.1:14	NC_051861.1	70101306	True	2475	825	1	12	0	1	12	0	0	0	0	1	1	12
OG0006161	NC_051861.1:14	NC_051861.1	70108882	True	792	264	0	10	0	0	10	0	0	0	0	0	0	10
OG0006162	NC_051861.1:14	NC_051861.1	70079337	True	693	231	0	1	0	0	1	0	0	0	1	0	0	2
OG0006163	NC_051861.1:14	NC_051861.1	70052538	False	1587	529	0	7	0	0	7	0	0	0	0	0	0	7
OG0006164	NC_051863.1:4	NC_051863.1	24905552	False	1101	367	0	2	9	0	2	5	0	4	5	0	4	7
OG0006165	NC_051863.1:5	NC_051863.1	25020363	True	513	171	1	0	2	1	0	3	1	0	6	1	0	5
OG0006166	NC_051863.1:5	NC_051863.1	25042380	True	945	315	0	0	1	0	0	2	1	0	5	1	0	5
OG0006167	NC_051863.1:5	NC_051863.1	25034063	False	1575	525	1	3	25	1	2	28	9	7	16	9	7	17
OG0006168	NC_051863.1:5	NC_051863.1	25233359	True	3306	1102	3	3	32	3	4	31	9	11	35	9	10	36
OG0006169	NC_051863.1:22	NC_051863.1	113996561	True	1575	525	0	0	4	0	0	4	0	0	2	0	0	2
OG0006170	NC_051863.1:22	NC_051863.1	113930523	True	1071	357	1	2	11	1	0	10	4	3	10	2	3	9
OG0006171	NC_051863.1:22	NC_051863.1	113898999	False	402	134	5	0	3	0	63	3	0	62	2	5	0	2
OG0006172	NC_051863.1:22	NC_051863.1	113846921	False	717	239	3	1	12	0	6	3	2	13	2	5	12	3
OG0006173	NC_051863.1:22	NC_051863.1	113839389	True	1248	416	5	6	11	3	5	6	2	6	5	3	6	7
OG0006174	NC_051863.1:22	NC_051863.1	113834972	False	1557	519	0	4	11	0	5	12	2	2	98	2	1	102
OG0006175	NC_051863.1:22	NC_051863.1	113821431	False	4023	1341	13	22	19	10	22	17	10	11	23	12	11	35
OG0006176	NC_051863.1:22	NC_051863.1	113798698	True	1137	379	2	2	4	2	2	5	1	0	2	1	0	2
OG0006177	NC_051863.1:22	NC_051863.1	113792688	True	837	279	2	3	6	2	8	8	3	6	7	3	1	7
OG0006178	NC_051863.1:22	NC_051863.1	113802663	True	852	284	0	1	1	0	1	1	0	0	0	0	0	1
OG0006179	NC_051863.1:22	NC_051863.1	113790680	True	1563	521	4	4	13	1	6	9	0	5	9	3	4	12
OG0006180	NC_051863.1:22	NC_051863.1	113567717	True	4302	1434	3	6	48	3	5	50	8	6	31	7	6	34
OG0006181	NC_051863.1:22	NC_051863.1	113543547	True	333	111	0	1	7	0	1	7	1	0	1	1	0	2
OG0006182	NC_051863.1:33	NC_051863.1	167929771	False	732	244	3	1	12	0	5	2	0	14	2	3	10	3
OG0006183	NC_051863.1:33	NC_051863.1	168024676	True	945	315	0	1	14	1	3	2	0	14	3	0	13	4
OG0006184	NC_051861.1:5	NC_051861.1	28196416	True	2001	667	4	20	6	7	13	13	18	4	13	11	7	21
OG0006185	NC_051861.1:5	NC_051861.1	28221894	False	63	21	0	0	0	0	0	1	1	0	0	1	0	0
OG0006186	NC_051861.1:5	NC_051861.1	28194350	False	588	196	0	2	0	2	2	1	1	0	1	1	2	4
OG0006187	NC_051863.1:9	NC_051863.1	47028188	True	1011	337	1	0	4	1	0	4	1	1	2	1	1	1
OG0006188	NC_051863.1:9	NC_051863.1	46969873	True	603	201	0	0	2	0	0	2	0	0	1	0	0	1
OG0006189	NC_051863.1:9	NC_051863.1	46915625	False	600	200	0	0	9	0	0	6	0	3	2	0	3	2
OG0006190	NC_051863.1:9	NC_051863.1	46861595	False	1299	433	7	17	5	7	17	5	3	3	7	4	4	19
OG0006191	NC_051863.1:9	NC_051863.1	46844201	True	582	194	4	9	2	4	9	3	4	3	4	2	1	7
OG0006192	NC_051863.1:9	NC_051863.1	46700831	True	474	158	1	3	2	0	5	0	1	4	0	1	2	2
OG0006193	NC_051863.1:35	NC_051863.1	177445598	True	372	124	0	0	1	1	0	0	0	0	1	0	1	1
OG0006194	NC_051863.1:35	NC_051863.1	177409936	True	390	130	1	0	1	1	0	1	1	1	2	1	1	1
OG0006195	NC_051863.1:35	NC_051863.1	177325419	False	324	108	1	0	3	2	0	1	0	2	2	0	2	1
OG0006196	NC_051862.1:39	NC_051862.1	198435235	False	1035	345	0	1	3	0	1	3	2	2	0	2	2	1
OG0006197	NC_051862.1:39	NC_051862.1	198195662	False	1308	436	3	2	50	3	2	24	10	40	8	10	41	7
OG0006198	NC_051862.1:39	NC_051862.1	198190667	False	801	267	1	0	15	1	0	13	3	5	9	3	5	8
OG0006199	NC_051862.1:39	NC_051862.1	198171092	True	2892	964	2	9	43	2	9	55	18	7	25	17	6	31
OG0006200	NC_051862.1:39	NC_051862.1	198147093	False	3462	1154	3	4	76	1	1	75	18	16	29	18	17	30
OG0006201	NC_051862.1:35	NC_051862.1	175503724	True	636	212	1	3	4	3	0	0	3	4	1	0	6	0
OG0006202	NC_051862.1:35	NC_051862.1	175539695	True	546	182	1	3	0	2	0	0	3	0	1	0	1	0
OG0006203	NC_051862.1:35	NC_051862.1	175558948	True	366	122	1	0	1	0	0	1	1	1	0	2	1	0
OG0006204	NC_051862.1:35	NC_051862.1	175592066	True	696	232	5	1	0	3	1	3	3	0	3	4	0	1
OG0006205	NC_051862.1:35	NC_051862.1	175631391	True	342	114	1	1	0	1	1	1	1	0	1	1	0	1
OG0006206	NC_051862.1:35	NC_051862.1	175829679	False	732	244	6	4	5	2	4	11	8	1	9	12	1	12
OG0006207	NC_051862.1:35	NC_051862.1	175804146	True	1740	580	4	5	3	2	6	5	3	2	4	4	0	6
OG0006208	NC_051862.1:35	NC_051862.1	175840357	True	1626	542	7	2	4	5	3	5	4	4	8	5	2	4
OG0006209	NC_051862.1:35	NC_051862.1	175847918	True	732	244	1	0	1	1	0	0	0	1	1	0	1	0
OG0006210	NC_051862.1:35	NC_051862.1	175855179	True	432	144	4	0	0	4	1	0	0	1	4	0	0	0
OG0006211	NC_051862.1:35	NC_051862.1	175904085	True	1014	338	3	3	4	5	1	0	2	4	3	0	6	1
OG0006212	NC_051862.1:8	NC_051862.1	41951418	True	2007	669	5	6	10	3	9	11	6	7	8	8	4	12
OG0006213	NC_051862.1:8	NC_051862.1	41996622	True	1950	650	7	5	16	9	5	16	10	8	19	9	11	17
OG0006214	NC_051862.1:8	NC_051862.1	42045176	True	2928	976	1	11	16	5	11	16	7	9	10	7	11	18
OG0006215	NC_051862.1:8	NC_051862.1	42252217	True	750	250	3	3	1	2	3	5	4	0	2	5	0	3
OG0006216	NC_051862.1:8	NC_051862.1	42257458	True	1758	586	6	13	6	7	12	9	12	7	4	11	8	11
OG0006217	NC_051862.1:8	NC_051862.1	42329577	True	3159	1053	10	11	13	10	12	11	5	9	19	8	10	21
OG0006219	NC_051862.1:8	NC_051862.1	42433985	True	1224	408	2	5	5	2	5	6	3	2	2	4	3	6
OG0006220	NC_051862.1:8	NC_051862.1	42409820	False	1512	504	15	251	13	0	848	0	1	310	4	15	13	255
OG0006221	NC_051863.1:5	NC_051863.1	28330923	False	2046	682	2	4	5	2	4	7	2	1	6	3	3	9
OG0006222	NC_051863.1:5	NC_051863.1	28161575	True	312	104	0	1	1	0	1	1	0	0	1	0	0	2
OG0006223	NC_051863.1:5	NC_051863.1	28116568	True	624	208	1	7	3	2	6	3	3	2	0	3	4	6
OG0006224	NC_051863.1:5	NC_051863.1	28020004	True	12225	4075	51	79	91	52	75	81	60	63	74	51	61	97
OG0006225	NC_051863.1:5	NC_051863.1	27895650	False	1023	341	2	2	10	2	2	10	6	6	5	6	6	5
OG0006226	NC_051863.1:5	NC_051863.1	27893568	True	1194	398	1	1	17	2	2	20	5	2	4	5	2	4
OG0006227	NC_051863.1:5	NC_051863.1	28392784	True	1689	563	0	3	12	0	2	17	7	1	11	6	1	13
OG0006228	NC_051863.1:35	NC_051863.1	177676834	True	246	82	0	0	0	0	0	1	1	0	0	1	0	0
OG0006229	NC_051862.1:25	NC_051862.1	128439447	False	120	40	0	1	0	0	1	0	0	0	0	0	0	1
OG0006230	NC_051862.1:25	NC_051862.1	128429302	False	141	47	0	0	0	0	0	0	0	0	0	0	0	0
OG0006231	NC_051862.1:25	NC_051862.1	128410354	False	4512	1504	7	28	8	5	29	7	2	4	20	4	3	43
OG0006232	NC_051862.1:25	NC_051862.1	128399678	True	798	266	0	0	0	0	0	0	0	0	0	0	0	0
OG0006233	NC_051862.1:25	NC_051862.1	128349038	True	1164	388	0	1	2	0	1	4	2	0	3	2	0	4
OG0006234	NC_051862.1:25	NC_051862.1	128171758	True	1005	335	1	1	0	2	0	0	1	0	1	0	1	0
OG0006235	NC_051862.1:25	NC_051862.1	128122894	True	1365	455	10	3	4	16	4	2	1	4	10	1	9	3
OG0006236	NC_051862.1:25	NC_051862.1	128119071	True	636	212	1	3	2	5	0	2	4	1	1	1	5	0
OG0006237	NC_051862.1:25	NC_051862.1	128116725	True	1119	373	1	2	0	2	2	0	0	0	2	0	1	3
OG0006238	NC_051862.1:25	NC_051862.1	128104477	True	1971	657	8	4	5	20	0	2	4	3	7	1	16	0
OG0006239	NC_051862.1:25	NC_051862.1	128097182	False	2364	788	4	8	43	6	3	5	10	43	4	5	45	3
OG0006240	NC_051862.1:25	NC_051862.1	128066428	True	456	152	0	0	1	2	1	0	0	1	0	0	3	0
OG0006241	NC_051862.1:25	NC_051862.1	128040192	True	999	333	3	4	1	4	4	0	1	2	3	1	3	4
OG0006242	NC_051863.1:14	NC_051863.1	72525742	True	2193	731	11	21	6	10	21	7	6	7	18	8	7	29
OG0006243	NC_051863.1:14	NC_051863.1	72524847	True	402	134	0	4	2	1	2	1	2	1	2	0	2	4
OG0006244	NC_051863.1:11	NC_051863.1	59347217	True	819	273	0	1	0	0	1	1	1	0	0	1	0	1
OG0006245	NC_051863.1:11	NC_051863.1	59407010	True	1635	545	4	0	18	4	0	12	3	9	21	3	9	16
OG0006246	NC_051863.1:11	NC_051863.1	59485533	False	1833	611	10	24	8	4	23	5	6	6	16	9	6	35
OG0006247	NC_051863.1:11	NC_051863.1	59537006	True	837	279	0	3	1	2	6	3	3	4	1	3	3	4
OG0006248	NC_051863.1:11	NC_051863.1	59553753	False	858	286	4	1	2	8	2	3	3	2	4	3	5	1
OG0006249	NC_051863.1:11	NC_051863.1	59587393	False	201	67	1	2	0	0	2	0	0	1	1	1	0	3
OG0006250	NC_051863.1:11	NC_051863.1	59616494	True	1938	646	1	2	5	0	3	1	0	5	1	1	4	3
OG0006251	NC_051863.1:11	NC_051863.1	59758620	False	438	146	0	1	1	0	5	1	1	5	0	1	1	1
OG0006252	NC_051863.1:11	NC_051863.1	59871563	True	1104	368	1	4	2	1	3	0	1	2	2	0	2	4
OG0006253	NC_051863.1:11	NC_051863.1	59261018	True	2913	971	6	3	19	6	8	18	6	11	19	8	9	18
OG0006254	NC_051863.1:31	NC_051863.1	156431087	True	1902	634	4	2	7	3	2	7	3	3	3	5	4	3
OG0006255	NC_051863.1:31	NC_051863.1	156549059	False	2826	942	37	47	9	12	490	10	5	441	22	29	3	56
OG0006256	NC_051863.1:31	NC_051863.1	156460084	True	2034	678	8	13	13	8	10	12	13	10	12	11	11	16
OG0006257	NC_051863.1:31	NC_051863.1	156365081	True	1011	337	1	7	3	3	5	1	4	3	6	1	4	9
OG0006258	NC_051863.1:31	NC_051863.1	156566354	False	3492	1164	8	19	19	12	25	17	12	18	14	11	15	24
OG0006259	NC_051863.1:31	NC_051863.1	156581301	True	1386	462	2	1	7	3	2	0	0	9	2	0	9	1
OG0006260	NC_051863.1:31	NC_051863.1	156590947	False	1170	390	4	5	2	3	6	4	4	4	6	5	2	7
OG0006261	NC_051863.1:31	NC_051863.1	156597021	False	1716	572	2	6	16	3	7	5	5	17	4	6	16	8
OG0006262	NC_051863.1:31	NC_051863.1	156690131	True	2307	769	3	24	11	4	24	6	4	8	9	1	7	28
OG0006263	NC_051863.1:23	NC_051863.1	119861623	True	726	242	2	11	3	3	7	1	5	3	0	2	5	6
OG0006264	NC_051863.1:23	NC_051863.1	119964102	True	1362	454	1	6	1	2	7	1	0	1	5	0	1	10
OG0006265	NC_051863.1:23	NC_051863.1	119988797	True	1212	404	2	1	1	1	0	2	3	1	2	3	1	1
OG0006266	NC_051863.1:24	NC_051863.1	120114394	True	5505	1835	9	10	27	9	11	24	7	11	33	7	10	34
OG0006267	NC_051863.1:24	NC_051863.1	120331301	True	1041	347	0	7	4	4	6	3	3	2	1	2	6	7
OG0006268	NC_051863.1:24	NC_051863.1	120332668	True	546	182	1	3	3	1	2	3	3	2	1	3	3	3
OG0006269	NC_051863.1:24	NC_051863.1	120356366	True	570	190	0	2	1	0	2	1	1	1	2	1	1	4
OG0006270	NC_051863.1:24	NC_051863.1	120373757	False	1563	521	1	513	7	0	509	8	8	6	2	3	1	502
OG0006271	NC_051862.1:2	NC_051862.1	10647170	True	2271	757	15	14	10	12	12	15	18	10	13	19	10	14
OG0006272	NC_051862.1:2	NC_051862.1	10682126	True	1698	566	6	8	6	4	8	3	1	5	6	4	5	9
OG0006273	NC_051862.1:2	NC_051862.1	10566127	True	1392	464	2	14	9	5	15	9	9	9	5	6	8	13
OG0006274	NC_051862.1:2	NC_051862.1	10535017	True	2085	695	10	7	6	9	6	4	4	5	7	6	7	6
OG0006275	NC_051862.1:2	NC_051862.1	10496629	True	846	282	0	1	16	0	1	17	6	5	6	6	4	7
OG0006276	NC_051862.1:2	NC_051862.1	10472051	True	3534	1178	9	25	8	8	18	14	19	6	15	12	5	25
OG0006277	NC_051862.1:2	NC_051862.1	10450388	False	1290	430	6	13	8	8	16	5	0	6	10	3	7	19
OG0006278	NC_051862.1:2	NC_051862.1	10264366	True	1605	535	3	1	4	4	2	2	2	5	2	3	6	1
OG0006279	NC_051862.1:2	NC_051862.1	10252126	False	1560	520	33	5	3	25	10	11	13	11	24	20	4	2
OG0006280	NC_051862.1:2	NC_051862.1	10251172	True	453	151	2	0	0	6	1	0	0	1	2	0	3	1
OG0006281	NC_051862.1:2	NC_051862.1	10216879	True	16692	5564	85	90	85	171	36	16	66	81	89	16	173	43
OG0006282	NC_051862.1:2	NC_051862.1	10215204	False	549	183	3	4	0	3	4	1	3	2	3	2	1	4
OG0006283	NC_051861.1:3	NC_051861.1	16823771	False	678	226	0	9	1	1	6	2	4	1	1	2	2	7
OG0006284	NC_051861.1:3	NC_051861.1	16840309	True	612	204	1	8	0	0	7	0	1	0	1	1	0	8
OG0006285	NC_051861.1:3	NC_051861.1	16846075	True	723	241	1	9	2	1	9	2	0	0	1	0	0	9
OG0006286	NC_051861.1:3	NC_051861.1	16850529	True	747	249	1	9	2	2	9	2	1	1	0	2	3	9
OG0006287	NC_051861.1:3	NC_051861.1	16883054	True	2277	759	0	22	1	0	18	1	4	0	0	0	0	18
OG0006288	NC_051861.1:3	NC_051861.1	16951273	False	3186	1062	3	52	9	3	48	10	9	4	10	5	4	55
OG0006289	NC_051861.1:3	NC_051861.1	16990908	True	1161	387	4	23	3	3	23	5	7	4	9	4	1	28
OG0006290	NC_051861.1:3	NC_051861.1	16992238	True	1506	502	5	10	5	4	13	4	4	7	5	4	4	10
OG0006291	NC_051861.1:3	NC_051861.1	16995237	True	1941	647	7	19	4	12	10	6	15	4	12	4	7	12
OG0006292	NC_051861.1:3	NC_051861.1	17001909	False	399	133	2	5	1	0	5	0	0	1	0	2	1	5
OG0006293	NC_051861.1:3	NC_051861.1	17022984	False	348	116	2	1	0	2	2	0	0	1	2	0	0	2
OG0006294	NC_051861.1:3	NC_051861.1	17071584	False	348	116	1	1	1	0	1	2	1	0	1	2	0	2
OG0006295	NC_051861.1:3	NC_051861.1	17082315	True	1641	547	4	14	6	2	16	2	2	8	5	5	7	18
OG0006296	NC_051861.1:3	NC_051861.1	17124118	True	2361	787	2	30	4	1	30	4	4	4	5	3	2	32
OG0006297	NC_051861.1:3	NC_051861.1	17157544	True	957	319	0	5	0	0	3	0	2	0	0	0	0	4
OG0006298	NC_051861.1:3	NC_051861.1	17180921	True	1068	356	1	4	3	1	3	3	2	1	1	1	1	3
OG0006299	NC_051861.1:3	NC_051861.1	17223883	False	1056	352	1	2	0	0	3	0	0	1	0	1	0	2
OG0006300	NC_051861.1:3	NC_051861.1	17244035	True	714	238	1	7	0	1	8	2	2	1	1	2	0	7
OG0006301	NC_051861.1:3	NC_051861.1	17257729	True	2106	702	5	21	3	2	24	4	1	3	3	4	0	22
OG0006302	NC_051861.1:7	NC_051861.1	39992673	True	867	289	6	4	3	3	6	1	0	4	5	3	2	6
OG0006303	NC_051861.1:7	NC_051861.1	39990846	True	1521	507	4	13	3	4	14	4	1	1	18	2	1	29
OG0006304	NC_051861.1:7	NC_051861.1	39994000	False	717	239	13	5	7	0	205	2	1	197	4	13	5	9
OG0006305	NC_051861.1:8	NC_051861.1	40269332	True	930	310	1	4	1	0	4	0	1	2	1	1	1	5
OG0006306	NC_051861.1:8	NC_051861.1	40285030	True	753	251	1	5	1	1	4	1	2	2	1	1	1	3
OG0006307	NC_051861.1:8	NC_051861.1	40296752	True	681	227	2	2	0	1	3	1	1	0	1	2	0	2
OG0006308	NC_051861.1:8	NC_051861.1	40474859	True	843	281	0	2	0	0	2	0	0	0	1	0	0	3
OG0006309	NC_051861.1:7	NC_051861.1	39989245	True	381	127	2	2	2	1	4	2	2	5	2	3	2	2
OG0006310	NC_051862.1:15	NC_051862.1	76961520	True	693	231	1	1	0	0	1	0	0	0	2	1	0	3
OG0006311	NC_051862.1:15	NC_051862.1	77085495	False	1752	584	2	7	23	1	4	10	6	16	6	4	16	9
OG0006312	NC_051862.1:15	NC_051862.1	77139404	True	1629	543	4	6	11	0	8	8	5	9	3	8	6	8
OG0006313	NC_051862.1:15	NC_051862.1	77177782	True	1482	494	3	5	3	4	3	5	5	1	6	3	2	6
OG0006314	NC_051862.1:15	NC_051862.1	77356986	True	1248	416	0	1	6	0	3	3	1	6	0	1	4	1
OG0006315	NC_051861.1:15	NC_051861.1	77849435	False	4482	1494	5	1462	23	4	1468	21	6	16	35	6	6	1500
OG0006316	NC_051861.1:15	NC_051861.1	77809027	True	717	239	0	0	4	0	0	3	0	0	2	0	0	2
OG0006317	NC_051861.1:15	NC_051861.1	77764020	False	4227	1409	1	1241	16	1	1237	15	5	8	13	2	2	1246
OG0006318	NC_051861.1:15	NC_051861.1	77608068	True	483	161	0	0	2	0	0	3	1	0	1	1	0	1
OG0006319	NC_051861.1:15	NC_051861.1	77576524	False	924	308	0	39	10	0	37	8	2	3	6	1	3	43
OG0006320	NC_051862.1:16	NC_051862.1	84314096	True	2985	995	0	2	48	0	2	43	3	8	18	3	8	20
OG0006321	NC_051862.1:16	NC_051862.1	84644744	False	8430	2810	17	20	178	13	17	149	58	120	48	57	124	49
OG0006322	NC_051863.1:10	NC_051863.1	53052521	False	0	0	0	0	0	0	0	0	0	0	0	0	0	0
OG0006323	NC_051863.1:12	NC_051863.1	64120781	True	1050	350	2	0	24	1	0	22	1	3	7	2	3	6
OG0006324	NC_051863.1:12	NC_051863.1	64222019	True	909	303	1	2	24	0	2	20	2	7	10	3	6	12
OG0006325	NC_051863.1:12	NC_051863.1	64270075	False	333	111	0	0	23	0	0	19	0	4	137	0	4	135
OG0006326	NC_051863.1:12	NC_051863.1	64362242	True	561	187	0	0	3	0	0	1	0	2	0	0	2	0
OG0006327	NC_051861.1:14	NC_051861.1	72832915	True	228	76	1	1	0	1	1	0	0	0	1	0	0	1
OG0006328	NC_051861.1:14	NC_051861.1	72842341	True	4656	1552	4	22	2	4	23	2	0	1	13	0	0	31
OG0006329	NC_051861.1:14	NC_051861.1	72813325	True	885	295	3	3	1	3	3	1	0	0	6	0	0	6
OG0006330	NC_051861.1:14	NC_051861.1	72819862	True	1245	415	0	6	0	0	6	1	1	0	1	1	0	7
OG0006331	NC_051861.1:14	NC_051861.1	73072062	True	1332	444	0	3	1	0	3	1	0	0	2	0	0	4
OG0006332	NC_051861.1:14	NC_051861.1	73154609	False	861	287	0	284	0	22	0	1	285	0	0	1	22	0
OG0006333	NC_051861.1:14	NC_051861.1	73189485	True	384	128	0	1	0	0	1	0	0	0	2	0	0	3
OG0006334	NC_051861.1:14	NC_051861.1	73190473	False	1557	519	1	8	4	1	8	4	0	0	10	0	0	17
OG0006335	NC_051862.1:11	NC_051862.1	57233784	True	3939	1313	11	28	18	8	27	18	13	13	20	10	8	35
OG0006336	NC_051862.1:11	NC_051862.1	57072935	True	810	270	0	0	8	0	1	9	1	1	7	1	0	7
OG0006337	NC_051862.1:11	NC_051862.1	57063794	True	1497	499	2	1	20	1	1	24	7	4	13	7	4	12
OG0006338	NC_051862.1:11	NC_051862.1	57044916	True	1140	380	0	6	10	1	6	9	3	4	9	2	4	14
OG0006339	NC_051862.1:11	NC_051862.1	56987484	False	1008	336	1	54	13	1	53	12	1	2	6	1	2	58
OG0006340	NC_051862.1:11	NC_051862.1	57028692	True	513	171	0	0	2	0	0	2	0	0	5	0	0	5
OG0006341	NC_051862.1:11	NC_051862.1	57454225	False	1185	395	0	510	18	0	506	1	1	17	0	1	17	506
OG0006342	NC_051863.1:0	NC_051863.1	755410	False	405	135	1	1	0	1	1	0	0	0	1	0	0	1
OG0006343	NC_051863.1:0	NC_051863.1	779027	True	732	244	0	3	0	1	1	0	2	0	0	0	1	1
OG0006344	NC_051863.1:0	NC_051863.1	823668	True	720	240	0	2	1	0	2	0	0	1	0	0	1	2
OG0006345	NC_051863.1:0	NC_051863.1	758286	True	513	171	1	3	4	1	1	0	2	4	0	1	5	1
OG0006346	NC_051863.1:0	NC_051863.1	832927	True	1524	508	4	11	8	2	15	8	5	10	6	6	4	15
OG0006347	NC_051863.1:0	NC_051863.1	846191	True	1449	483	1	2	3	1	5	2	2	5	0	3	4	2
OG0006348	NC_051863.1:0	NC_051863.1	833562	False	1458	486	5	8	5	6	14	4	2	8	5	2	4	8
OG0006349	NC_051863.1:0	NC_051863.1	872209	True	1749	583	3	7	3	2	7	3	4	4	4	3	2	7
OG0006350	NC_051863.1:0	NC_051863.1	890010	True	1563	521	3	5	2	0	4	1	2	2	0	4	2	4
OG0006351	NC_051863.1:0	NC_051863.1	893570	True	2655	885	11	27	12	7	28	9	16	22	16	10	9	26
OG0006352	NC_051863.1:0	NC_051863.1	995114	True	1293	431	3	8	2	1	6	2	3	1	4	2	0	8
OG0006353	NC_051863.1:0	NC_051863.1	1002963	True	1395	465	1	5	2	7	1	0	4	2	1	0	8	1
OG0006354	NC_051863.1:0	NC_051863.1	1061291	True	4389	1463	8	16	27	12	15	27	16	16	12	14	18	18
OG0006355	NC_051863.1:0	NC_051863.1	1147197	True	2076	692	7	15	13	6	17	3	4	16	6	3	13	12
OG0006356	NC_051863.1:0	NC_051863.1	1165905	True	1638	546	4	6	4	2	10	3	3	7	7	5	4	10
OG0006357	NC_051863.1:0	NC_051863.1	1169775	False	3096	1032	9	22	9	6	23	10	9	9	7	10	6	20
OG0006358	NC_051861.1:20	NC_051861.1	101735371	False	222	74	2	1	1	3	3	1	1	3	4	1	2	2
OG0006359	NC_051861.1:20	NC_051861.1	101747603	True	1434	478	3	18	4	2	8	6	15	3	3	7	4	10
OG0006360	NC_051861.1:20	NC_051861.1	101792253	True	6195	2065	18	43	18	25	43	13	13	17	31	11	21	53
OG0006361	NC_051861.1:20	NC_051861.1	101940720	True	924	308	4	4	4	5	4	2	2	5	2	3	6	4
OG0006362	NC_051861.1:20	NC_051861.1	101962914	False	1062	354	2	3	1	2	2	3	2	0	2	2	0	2
OG0006363	NC_051861.1:20	NC_051861.1	102009947	True	2007	669	6	10	8	4	13	6	4	7	7	5	5	12
OG0006364	NC_051861.1:20	NC_051861.1	102018951	True	729	243	2	3	4	0	4	1	0	4	1	2	3	5
OG0006365	NC_051861.1:20	NC_051861.1	102033418	True	1881	627	2	18	8	2	16	6	9	8	2	6	8	16
OG0006366	NC_051861.1:20	NC_051861.1	102056037	True	2187	729	3	14	7	2	17	6	5	8	4	6	4	15
OG0006367	NC_051861.1:18	NC_051861.1	92887467	True	327	109	0	2	1	0	1	3	3	0	0	2	0	1
OG0006368	NC_051861.1:18	NC_051861.1	93129105	False	765	255	2	0	4	1	1	0	0	5	1	1	4	0
OG0006369	NC_051861.1:18	NC_051861.1	93145901	False	651	217	1	3	2	2	1	1	2	1	4	0	2	4
OG0006370	NC_051861.1:18	NC_051861.1	93231061	True	1206	402	2	3	4	3	3	4	1	1	3	1	2	4
OG0006371	NC_051861.1:18	NC_051861.1	93250277	False	4413	1471	58	552	23	52	554	24	13	17	78	16	10	570
OG0006372	NC_051861.1:18	NC_051861.1	93320194	True	444	148	0	1	5	0	1	7	2	1	2	2	1	3
OG0006373	NC_051861.1:18	NC_051861.1	93361196	False	513	171	1	77	4	1	73	4	3	2	2	1	1	74
OG0006374	NC_051861.1:18	NC_051861.1	93362077	False	399	133	1	0	2	1	0	2	1	0	4	1	0	3
OG0006375	NC_051861.1:18	NC_051861.1	93370270	True	1662	554	1	0	24	1	0	21	4	8	18	4	8	17
OG0006376	NC_051861.1:25	NC_051861.1	127090957	True	501	167	0	2	0	0	2	1	1	0	0	1	0	2
OG0006377	NC_051861.1:25	NC_051861.1	127103579	True	2901	967	7	10	17	7	10	10	6	13	11	5	12	14
OG0006378	NC_051861.1:25	NC_051861.1	127180741	False	1239	413	5	5	14	4	8	12	3	8	10	5	6	12
OG0006379	NC_051861.1:25	NC_051861.1	127188846	True	759	253	2	3	5	2	3	3	2	4	2	2	4	3
OG0006380	NC_051861.1:25	NC_051861.1	127262227	False	963	321	0	3	6	2	2	1	4	9	2	0	7	2
OG0006381	NC_051861.1:25	NC_051861.1	127297010	True	1056	352	5	3	4	7	3	3	3	4	6	3	6	4
OG0006382	NC_051861.1:25	NC_051861.1	127371858	False	1113	371	6	4	8	3	1	10	6	1	6	6	1	5
OG0006383	NC_051863.1:16	NC_051863.1	80769025	False	1215	405	3	0	14	2	3	3	1	14	2	4	12	2
OG0006384	NC_051863.1:16	NC_051863.1	80728748	True	2832	944	3	5	1	4	5	2	3	2	6	1	1	6
OG0006385	NC_051863.1:16	NC_051863.1	80713288	True	1761	587	4	16	6	0	23	1	2	15	2	5	6	17
OG0006386	NC_051863.1:16	NC_051863.1	80679460	False	1908	636	1	882	0	1	891	0	5	3	13	0	0	901
OG0006387	NC_051863.1:16	NC_051863.1	80672773	True	1434	478	1	22	4	0	16	3	6	1	3	1	1	19
OG0006388	NC_051863.1:16	NC_051863.1	80440292	True	216	72	1	1	1	0	1	1	0	0	1	1	0	2
OG0006389	NC_051863.1:16	NC_051863.1	80439008	True	1164	388	3	9	3	3	8	4	2	0	4	2	1	9
OG0006390	NC_051863.1:16	NC_051863.1	80428164	False	2031	677	3	14	5	4	11	6	6	3	6	5	6	14
OG0006391	NC_051863.1:16	NC_051863.1	80401218	True	1260	420	4	5	3	3	4	2	1	1	8	1	1	9
OG0006392	NC_051863.1:39	NC_051863.1	196053169	True	1860	620	0	1	31	0	0	31	9	8	17	8	8	16
OG0006393	NC_051863.1:39	NC_051863.1	196064028	True	1473	491	0	1	20	0	1	19	2	2	19	2	2	20
OG0006394	NC_051863.1:39	NC_051863.1	196072485	True	612	204	0	1	6	0	1	6	1	1	3	1	1	5
OG0006395	NC_051863.1:39	NC_051863.1	196025612	False	2460	820	0	1011	1	0	1011	5	7	3	7	3	0	1021
OG0006396	NC_051863.1:39	NC_051863.1	196082297	True	510	170	0	0	9	0	0	9	2	2	2	2	2	2
OG0006398	NC_051863.1:39	NC_051863.1	196368440	True	627	209	2	9	3	0	10	4	3	3	2	4	1	10
OG0006399	NC_051863.1:39	NC_051863.1	196369682	False	1551	517	7	6	7	6	9	4	4	10	3	7	9	5
OG0006400	NC_051863.1:39	NC_051863.1	196373685	True	456	152	1	3	4	1	2	2	1	2	1	0	2	2
OG0006401	NC_051863.1:39	NC_051863.1	196397978	True	1092	364	0	6	0	2	3	1	4	1	0	1	2	3
OG0006402	NC_051863.1:39	NC_051863.1	196411032	True	348	116	1	0	0	1	0	2	2	0	1	2	0	0
OG0006403	NC_051863.1:39	NC_051863.1	196411756	True	948	316	1	11	4	1	10	5	5	3	1	4	3	10
OG0006404	NC_051863.1:39	NC_051863.1	196412947	True	393	131	0	2	0	0	2	0	0	0	0	0	0	2
OG0006405	NC_051863.1:39	NC_051863.1	196417953	False	285	95	0	2	1	2	0	0	2	1	0	0	3	0
OG0006406	NC_051863.1:39	NC_051863.1	196423152	True	753	251	0	0	3	1	0	2	1	2	1	1	3	1
OG0006407	NC_051863.1:39	NC_051863.1	196465172	True	636	212	0	1	5	0	0	2	3	5	1	2	5	1
OG0006408	NC_051863.1:39	NC_051863.1	196467722	True	2388	796	3	5	15	3	8	2	5	21	2	5	18	4
OG0006409	NC_051863.1:39	NC_051863.1	196481904	True	1107	369	4	2	14	2	10	2	2	22	2	4	14	2
OG0006410	NC_051863.1:39	NC_051863.1	196491764	True	1893	631	1	3	12	3	3	0	3	15	2	1	15	2
OG0006411	NC_051863.1:39	NC_051863.1	196508597	True	1185	395	3	1	16	0	2	17	4	4	5	7	3	6
OG0006412	NC_051863.1:39	NC_051863.1	196532278	True	585	195	0	0	3	0	2	5	2	2	2	2	0	2
OG0006413	NC_051863.1:22	NC_051863.1	113427971	True	5436	1812	13	31	27	12	27	27	12	10	36	8	8	47
OG0006414	NC_051863.1:22	NC_051863.1	113419901	False	768	256	0	9	3	1	5	1	5	2	2	0	2	6
OG0006415	NC_051863.1:22	NC_051863.1	113311308	False	588	196	0	6	14	1	4	13	6	5	5	4	5	8
OG0006416	NC_051863.1:22	NC_051863.1	113059155	False	2046	682	2	3	20	1	4	9	5	19	3	5	18	4
OG0006417	NC_051863.1:22	NC_051863.1	113006382	True	717	239	0	0	1	0	0	2	1	0	3	1	0	3
OG0006418	NC_051862.1:32	NC_051862.1	160177463	True	3675	1225	5	16	51	4	13	46	18	22	23	14	18	29
OG0006419	NC_051862.1:32	NC_051862.1	160171951	True	756	252	1	2	2	1	2	4	4	1	3	3	0	3
OG0006420	NC_051862.1:32	NC_051862.1	160162381	True	2868	956	7	7	36	8	9	42	20	14	21	20	13	21
OG0006421	NC_051862.1:32	NC_051862.1	160153395	True	1170	390	3	5	16	3	5	24	13	5	11	13	5	13
OG0006422	NC_051863.1:3	NC_051863.1	15057277	False	678	226	0	2	10	0	2	8	0	2	7	0	2	9
OG0006423	NC_051863.1:3	NC_051863.1	15070561	False	1644	548	4	10	10	6	10	9	5	5	15	5	7	21
OG0006424	NC_051863.1:2	NC_051863.1	14943531	True	810	270	8	11	11	11	11	11	5	5	15	1	4	14
OG0006425	NC_051863.1:2	NC_051863.1	14937228	False	1134	378	0	11	7	0	8	7	6	3	2	3	3	12
OG0006426	NC_051862.1:4	NC_051862.1	23475977	True	1572	524	0	0	7	0	0	6	2	3	2	2	3	2
OG0006427	NC_051862.1:4	NC_051862.1	23475505	True	426	142	0	0	2	0	0	2	0	0	0	0	0	0
OG0006428	NC_051862.1:4	NC_051862.1	23420427	True	1590	530	0	3	13	2	3	11	3	5	5	3	7	8
OG0006429	NC_051862.1:4	NC_051862.1	23421643	True	894	298	1	1	9	2	1	10	3	2	3	3	3	3
OG0006430	NC_051862.1:4	NC_051862.1	23359355	True	1209	403	1	2	1	1	1	4	5	1	1	4	1	1
OG0006431	NC_051862.1:4	NC_051862.1	23353142	True	825	275	0	0	1	0	0	0	0	1	0	0	1	0
OG0006432	NC_051862.1:4	NC_051862.1	23300240	True	3384	1128	8	4	3	7	5	4	4	4	5	6	4	3
OG0006433	NC_051862.1:4	NC_051862.1	23269491	True	189	63	0	0	0	1	0	0	0	0	0	0	1	0
OG0006434	NC_051862.1:4	NC_051862.1	23269491	True	276	92	0	1	0	0	0	0	1	0	0	0	0	0
OG0006435	NC_051862.1:4	NC_051862.1	23263728	True	1098	366	1	6	2	1	7	2	1	2	1	1	1	6
OG0006436	NC_051862.1:4	NC_051862.1	23255590	False	1158	386	0	1	4	0	1	4	0	0	3	0	0	4
OG0006437	NC_051862.1:4	NC_051862.1	23253193	True	1467	489	2	3	4	2	3	5	1	0	10	1	0	11
OG0006438	NC_051862.1:4	NC_051862.1	23023353	False	633	211	0	6	1	0	2	5	7	0	4	4	0	6
OG0006439	NC_051862.1:4	NC_051862.1	23007146	True	2259	753	2	19	6	7	17	11	11	5	9	8	8	23
OG0006440	NC_051862.1:4	NC_051862.1	23006142	True	246	82	0	2	2	2	1	2	2	1	1	1	3	2
OG0006441	NC_051862.1:4	NC_051862.1	23002507	False	1524	508	8	11	7	11	13	13	19	11	4	17	13	8
OG0006442	NC_051862.1:4	NC_051862.1	22988006	True	5583	1861	14	23	29	17	25	25	13	20	34	14	22	45
OG0006443	NC_051863.1:11	NC_051863.1	58767649	False	660	220	6	2	5	7	0	3	2	2	8	0	3	1
OG0006444	NC_051863.1:11	NC_051863.1	58867588	False	5214	1738	33	17	13	33	9	91	87	6	34	90	9	14
OG0006445	NC_051863.1:11	NC_051863.1	58297714	False	3945	1315	57	16	15	60	11	13	11	7	64	6	13	24
OG0006446	NC_051862.1:26	NC_051862.1	133536020	True	1581	527	7	4	4	8	5	8	8	5	10	8	5	7
OG0006447	NC_051862.1:26	NC_051862.1	133478531	True	2388	796	9	19	17	12	21	18	12	13	11	12	13	22
OG0006448	NC_051862.1:26	NC_051862.1	133368206	True	1287	429	1	6	2	2	6	3	3	2	2	3	3	7
OG0006449	NC_051862.1:26	NC_051862.1	133142198	True	1260	420	1	1	3	1	1	3	0	0	2	0	0	2
OG0006450	NC_051862.1:29	NC_051862.1	147470225	False	1917	639	2	3	26	2	1	27	9	6	11	7	6	10
OG0006451	NC_051862.1:29	NC_051862.1	147629756	False	1515	505	0	1	9	0	0	5	2	4	4	1	4	4
OG0006452	NC_051862.1:29	NC_051862.1	147704431	False	2442	814	0	1	13	0	1	13	1	1	6	1	1	6
OG0006453	NC_051862.1:29	NC_051862.1	147729751	True	891	297	0	0	1	0	0	0	0	1	1	0	1	1
OG0006454	NC_051862.1:29	NC_051862.1	147735105	True	726	242	0	0	5	0	0	5	0	0	2	0	0	2
OG0006455	NC_051862.1:3	NC_051862.1	15125405	True	360	120	2	0	0	3	0	0	0	0	2	0	1	0
OG0006456	NC_051862.1:3	NC_051862.1	15097664	True	3360	1120	15	17	12	16	12	7	14	14	17	7	13	10
OG0006457	NC_051862.1:3	NC_051862.1	15057720	False	6621	2207	43	27	20	54	25	19	21	20	47	19	30	28
OG0006458	NC_051862.1:3	NC_051862.1	15040068	False	1062	354	9	2	0	9	1	1	2	0	7	3	2	1
OG0006459	NC_051862.1:8	NC_051862.1	43502174	True	2199	733	10	18	6	6	14	8	7	2	11	10	4	21
OG0006460	NC_051862.1:8	NC_051862.1	43517746	True	1452	484	2	1	6	1	2	6	0	1	4	1	0	4
OG0006461	NC_051862.1:8	NC_051862.1	43582595	True	516	172	0	0	1	1	0	0	0	1	0	0	2	0
OG0006462	NC_051862.1:8	NC_051862.1	43614227	False	1428	476	2	129	9	3	124	5	2	4	5	0	5	127
OG0006463	NC_051862.1:8	NC_051862.1	43636025	True	1686	562	1	6	5	0	5	5	4	3	0	3	2	4
OG0006464	NC_051862.1:8	NC_051862.1	43671180	False	2064	688	3	11	15	3	15	12	6	12	2	5	9	10
OG0006465	NC_051862.1:8	NC_051862.1	43791974	True	3672	1224	11	19	25	11	15	22	13	12	23	10	12	26
OG0006466	NC_051862.1:8	NC_051862.1	43364308	False	672	224	2	0	6	0	0	7	1	0	6	3	0	5
OG0006467	NC_051862.1:41	NC_051862.1	205724680	True	1500	500	1	4	8	2	4	7	3	5	5	3	5	7
OG0006468	NC_051862.1:5	NC_051862.1	27617871	True	1815	605	2	2	15	1	1	21	9	3	19	9	3	18
OG0006469	NC_051862.1:5	NC_051862.1	27626603	True	738	246	5	2	2	1	0	2	4	2	4	6	2	3
OG0006470	NC_051862.1:5	NC_051862.1	27611134	False	1029	343	2	1	26	2	1	27	4	6	389	3	5	387
OG0006471	NC_051862.1:5	NC_051862.1	27648471	True	2328	776	5	13	7	11	9	8	12	7	7	9	14	12
OG0006472	NC_051862.1:5	NC_051862.1	27652823	False	3093	1031	8	17	13	4	21	15	10	9	17	11	5	29
OG0006473	NC_051862.1:5	NC_051862.1	27667106	True	1284	428	5	1	9	4	1	7	4	6	6	5	6	3
OG0006474	NC_051862.1:5	NC_051862.1	27689238	True	1332	444	4	8	11	7	14	6	1	12	5	2	10	10
OG0006475	NC_051862.1:5	NC_051862.1	27690798	False	1479	493	1	11	9	0	10	4	4	9	3	3	7	11
OG0006476	NC_051862.1:5	NC_051862.1	27702152	True	153	51	0	0	0	0	0	0	0	0	0	0	0	0
OG0006477	NC_051862.1:5	NC_051862.1	27709928	True	1008	336	0	5	7	0	6	5	3	5	1	1	4	5
OG0006478	NC_051862.1:5	NC_051862.1	27720439	False	1533	511	23	8	16	0	353	7	4	358	9	26	11	16
OG0006479	NC_051862.1:5	NC_051862.1	27722447	True	555	185	0	0	1	1	1	3	2	1	0	2	1	0
OG0006480	NC_051862.1:5	NC_051862.1	27729438	False	906	302	3	4	9	1	54	11	1	49	5	4	1	9
OG0006481	NC_051862.1:5	NC_051862.1	28068221	False	2166	722	3	66	11	10	66	0	2	12	2	1	18	64
OG0006482	NC_051863.1:27	NC_051863.1	136637353	True	765	255	5	2	1	7	0	0	2	1	7	0	2	2
OG0006483	NC_051863.1:27	NC_051863.1	136850915	False	252	84	0	0	1	0	0	0	0	1	0	0	1	0
OG0006484	NC_051863.1:32	NC_051863.1	163036786	False	1350	450	2	5	33	8	8	10	8	34	2	7	35	4
OG0006485	NC_051862.1:12	NC_051862.1	64648741	True	1482	494	10	6	8	12	5	11	10	6	15	8	8	9
OG0006486	NC_051862.1:12	NC_051862.1	64632266	True	2562	854	15	6	7	13	9	4	4	10	14	7	8	8
OG0006487	NC_051862.1:36	NC_051862.1	180004062	False	1449	483	4	4	10	8	2	3	3	8	11	1	10	8
OG0006488	NC_051861.1:2	NC_051861.1	11756546	False	1899	633	36	5	6	36	54	5	2	52	40	1	3	9
OG0006489	NC_051862.1:24	NC_051862.1	123632246	False	1173	391	2	1	5	2	1	2	0	3	4	0	3	3
OG0006490	NC_051862.1:24	NC_051862.1	123584659	True	336	112	0	0	0	0	0	1	1	0	0	1	0	0
OG0006491	NC_051862.1:24	NC_051862.1	123560316	False	1530	510	6	8	10	4	8	13	5	3	7	7	3	11
OG0006492	NC_051862.1:24	NC_051862.1	123519253	True	1524	508	1	6	11	1	5	10	2	2	20	1	2	23
OG0006493	NC_051862.1:24	NC_051862.1	123401386	False	1463	488	0	1	19	1	1	8	1	11	2	1	12	3
OG0006494	NC_051862.1:24	NC_051862.1	123389852	True	993	331	1	6	2	1	6	1	0	1	6	0	1	11
OG0006495	NC_051862.1:24	NC_051862.1	123636410	False	1503	501	3	11	18	3	13	21	7	7	12	7	5	20
OG0006496	NC_051862.1:29	NC_051862.1	146087983	True	795	265	0	0	2	0	0	1	0	1	0	0	1	0
OG0006497	NC_051862.1:29	NC_051862.1	146129419	True	519	173	3	3	4	2	3	2	0	2	4	0	2	5
OG0006498	NC_051862.1:29	NC_051862.1	146154461	True	573	191	0	4	3	0	1	6	6	0	2	3	0	3
OG0006499	NC_051862.1:29	NC_051862.1	146175597	True	1302	434	0	1	6	0	0	7	2	1	6	1	1	6
OG0006500	NC_051862.1:10	NC_051862.1	54580315	False	429	143	6	122	0	6	122	0	0	0	6	0	0	122
OG0006501	NC_051863.1:6	NC_051863.1	31934956	True	1365	455	11	8	27	10	5	31	11	3	22	11	5	18
OG0006502	NC_051863.1:6	NC_051863.1	31954165	False	1476	492	9	13	9	8	7	11	16	9	7	12	9	6
OG0006503	NC_051863.1:6	NC_051863.1	31959939	True	741	247	3	3	5	3	3	4	1	2	4	1	2	4
OG0006505	NC_051863.1:6	NC_051863.1	31528979	True	1737	579	8	4	8	5	5	8	7	7	7	9	7	5
OG0006506	NC_051862.1:0	NC_051862.1	4148041	True	2055	685	7	8	4	3	7	2	4	5	3	7	4	7
OG0006507	NC_051862.1:0	NC_051862.1	4032488	True	1311	437	3	9	4	2	6	11	10	2	8	9	1	11
OG0006508	NC_051862.1:0	NC_051862.1	4017931	True	1260	420	3	3	3	4	7	3	4	8	3	3	4	2
OG0006509	NC_051862.1:0	NC_051862.1	4017352	True	480	160	2	1	0	0	3	2	3	2	2	4	0	3
OG0006510	NC_051862.1:0	NC_051862.1	3946209	True	5808	1936	21	19	23	23	13	19	20	19	23	21	26	20
OG0006511	NC_051862.1:0	NC_051862.1	3820615	False	1584	528	9	7	5	13	5	5	8	5	9	6	8	5
OG0006512	NC_051862.1:32	NC_051862.1	163993999	True	876	292	0	1	1	0	1	1	1	1	2	1	1	3
OG0006513	NC_051862.1:32	NC_051862.1	163979150	True	987	329	2	6	11	0	4	4	2	8	6	3	8	10
OG0006514	NC_051862.1:32	NC_051862.1	163960428	True	1173	391	0	3	10	0	2	11	4	2	7	3	2	9
OG0006515	NC_051862.1:32	NC_051862.1	163907954	False	2517	839	2	1426	2	31	97	8	1281	3	3	9	31	99
OG0006516	NC_051862.1:32	NC_051862.1	163945783	True	1149	383	0	5	15	1	4	14	7	7	12	4	6	14
OG0006517	NC_051862.1:32	NC_051862.1	163902638	False	1281	427	2	2	9	2	2	9	4	4	6	5	5	7
OG0006518	NC_051862.1:32	NC_051862.1	163884660	False	999	333	1	0	18	1	0	15	0	3	12	0	3	11
OG0006519	NC_051862.1:32	NC_051862.1	163866897	True	759	253	1	7	7	2	7	0	1	8	3	0	8	8
OG0006520	NC_051862.1:32	NC_051862.1	163853875	True	396	132	1	1	3	0	1	0	0	3	0	1	3	1
OG0006521	NC_051862.1:32	NC_051862.1	163852881	False	543	181	1	216	1	0	217	1	1	1	1	1	0	218
OG0006522	NC_051863.1:25	NC_051863.1	126166278	False	1641	547	1	7	9	1	7	13	8	5	6	8	5	12
OG0006523	NC_051863.1:25	NC_051863.1	126205028	True	525	175	0	7	1	0	7	2	2	0	3	1	0	9
OG0006524	NC_051863.1:25	NC_051863.1	126241668	True	300	100	2	2	2	3	2	1	0	1	2	0	1	2
OG0006525	NC_051863.1:25	NC_051863.1	126386871	False	156	52	0	0	1	0	0	0	0	1	0	0	1	0
OG0006526	NC_051863.1:24	NC_051863.1	122855189	True	672	224	0	3	5	0	2	7	3	0	3	2	0	5
OG0006527	NC_051863.1:24	NC_051863.1	122858052	True	543	181	1	0	10	0	0	8	0	2	5	1	2	5
OG0006528	NC_051863.1:24	NC_051863.1	122652979	False	1422	474	1	0	5	1	0	5	1	1	8	1	1	7
OG0006529	NC_051863.1:24	NC_051863.1	122647007	True	1629	543	3	16	5	5	16	5	4	4	6	4	6	19
OG0006530	NC_051863.1:24	NC_051863.1	122485307	False	1050	350	1	3	0	0	2	0	1	0	2	1	0	4
OG0006531	NC_051863.1:24	NC_051863.1	122521932	True	921	307	8	11	1	3	19	2	2	9	3	7	1	11
OG0006532	NC_051861.1:24	NC_051861.1	121924578	True	2742	914	12	18	3	11	24	9	10	9	12	15	8	23
OG0006533	NC_051861.1:24	NC_051861.1	121963700	True	4155	1385	10	29	15	14	22	17	26	17	12	17	18	21
OG0006534	NC_051861.1:24	NC_051861.1	121983786	True	4836	1612	5	25	38	12	20	13	19	38	10	8	41	21
OG0006535	NC_051861.1:24	NC_051861.1	121892017	True	1728	576	5	24	8	5	19	7	8	3	8	5	5	24
OG0006536	NC_051861.1:24	NC_051861.1	121585021	True	948	316	5	5	9	5	6	10	4	2	10	4	2	10
OG0006537	NC_051863.1:12	NC_051863.1	61419242	True	486	162	0	1	3	0	1	3	0	0	1	0	0	2
OG0006538	NC_051863.1:12	NC_051863.1	61427029	True	3309	1103	1	1	21	1	0	17	8	11	9	8	11	8
OG0006539	NC_051863.1:12	NC_051863.1	61463101	True	1536	512	4	1	21	4	1	18	1	3	17	1	3	14
OG0006540	NC_051863.1:12	NC_051863.1	61498300	True	603	201	1	1	2	1	1	2	0	0	2	0	0	2
OG0006541	NC_051863.1:12	NC_051863.1	61505931	True	564	188	1	1	7	1	1	5	1	3	3	1	3	3
OG0006542	NC_051863.1:12	NC_051863.1	61519161	True	471	157	0	0	6	0	0	6	0	0	2	0	0	2
OG0006543	NC_051863.1:12	NC_051863.1	61527143	False	327	109	0	0	0	0	0	0	0	0	1	0	0	1
OG0006544	NC_051863.1:12	NC_051863.1	61530087	True	672	224	0	2	8	1	3	9	1	1	6	1	1	8
OG0006545	NC_051863.1:12	NC_051863.1	61538885	True	690	230	0	2	7	0	1	6	3	2	1	2	2	2
OG0006546	NC_051863.1:12	NC_051863.1	61548711	True	357	119	0	0	6	0	0	6	2	2	2	2	2	2
OG0006547	NC_051863.1:12	NC_051863.1	61557940	True	1458	486	1	13	24	2	12	15	4	14	11	3	15	22
OG0006548	NC_051863.1:12	NC_051863.1	61569490	False	1386	462	2	2	10	2	2	14	4	0	9	4	0	9
OG0006549	NC_051863.1:8	NC_051863.1	41891347	True	1464	488	8	9	2	11	5	5	9	2	7	6	6	5
OG0006550	NC_051863.1:8	NC_051863.1	41521620	False	2163	721	2	1	79	2	0	71	17	15	451	17	17	450
OG0006551	NC_051863.1:8	NC_051863.1	41893081	False	1059	353	1	0	7	0	0	6	0	1	2	1	1	2
OG0006552	NC_051862.1:16	NC_051862.1	82080457	True	2292	764	3	6	6	7	5	4	4	5	4	3	9	6
OG0006553	NC_051862.1:16	NC_051862.1	81928454	False	348	116	0	0	1	3	0	25	26	1	0	25	4	0
OG0006554	NC_051862.1:16	NC_051862.1	81753728	False	1176	392	6	8	1	10	5	2	5	1	9	1	4	8
OG0006555	NC_051862.1:16	NC_051862.1	81740304	False	1419	473	1	17	2	3	12	2	7	2	2	2	4	13
OG0006556	NC_051862.1:13	NC_051862.1	65755206	True	483	161	2	0	1	3	0	0	0	1	2	0	2	0
OG0006557	NC_051862.1:13	NC_051862.1	65749949	True	1335	445	11	3	0	11	4	0	0	1	8	4	3	3
OG0006558	NC_051862.1:13	NC_051862.1	65738351	True	1668	556	8	10	9	15	0	0	10	9	8	0	17	0
OG0006559	NC_051862.1:13	NC_051862.1	65682658	True	2101	699	11	10	8	21	5	2	6	7	10	2	18	5
OG0006560	NC_051862.1:13	NC_051862.1	65666221	True	3027	1009	24	8	8	34	4	3	6	6	23	4	18	4
OG0006561	NC_051862.1:13	NC_051862.1	65635084	True	609	203	1	3	2	5	0	0	3	2	1	0	6	0
OG0006562	NC_051862.1:13	NC_051862.1	65357870	True	1023	341	2	0	0	2	2	1	1	2	2	1	0	0
OG0006563	NC_051862.1:13	NC_051862.1	65342956	False	0	0	0	0	0	0	0	0	0	0	0	0	0	0
OG0006564	NC_051863.1:5	NC_051863.1	27166631	False	579	193	0	4	1	0	2	0	2	1	1	0	1	3
OG0006565	NC_051863.1:5	NC_051863.1	27185729	False	2523	841	2	845	4	1	841	3	8	4	6	3	2	845
OG0006566	NC_051863.1:5	NC_051863.1	27232118	False	1293	431	1	398	3	0	397	1	2	3	2	1	2	399
OG0006567	NC_051863.1:5	NC_051863.1	27252279	True	1164	388	2	3	1	0	4	1	1	2	5	3	1	8
OG0006568	NC_051863.1:5	NC_051863.1	27269792	False	1353	451	0	2	47	1	2	46	0	0	720	0	1	717
OG0006569	NC_051863.1:5	NC_051863.1	27302335	True	1665	555	3	7	21	2	3	17	6	6	10	4	7	12
OG0006570	NC_051863.1:5	NC_051863.1	27392525	True	1875	625	9	15	6	5	18	9	11	9	9	13	5	16
OG0006571	NC_051863.1:5	NC_051863.1	27446098	True	1347	449	0	4	1	2	10	1	1	7	2	1	3	6
OG0006572	NC_051863.1:16	NC_051863.1	81313732	False	1026	342	0	391	1	0	388	1	3	2	3	0	0	391
OG0006573	NC_051863.1:16	NC_051863.1	81261500	False	1590	530	0	533	1	0	531	1	0	0	2	0	0	534
OG0006574	NC_051863.1:16	NC_051863.1	80855982	True	1161	387	0	1	2	0	2	4	3	2	2	3	1	3
OG0006575	NC_051861.1:22	NC_051861.1	112897032	False	1197	399	4	1	5	4	4	3	1	6	6	1	3	3
OG0006576	NC_051861.1:22	NC_051861.1	112884843	True	636	212	1	0	2	3	0	0	0	2	1	0	4	0
OG0006577	NC_051861.1:22	NC_051861.1	112983933	False	1524	508	2	51	0	3	51	1	1	0	3	1	1	52
OG0006578	NC_051862.1:24	NC_051862.1	120618311	True	2613	871	2	4	71	2	4	68	3	6	48	3	6	49
OG0006579	NC_051863.1:33	NC_051863.1	166720198	False	1173	391	3	1	22	3	1	15	5	11	12	5	11	10
OG0006580	NC_051863.1:33	NC_051863.1	166411343	False	1062	354	0	533	2	5	1	0	530	2	0	0	7	1
OG0006581	NC_051862.1:17	NC_051862.1	87669862	False	2499	833	33	5	161	11	138	88	16	182	185	31	48	180
OG0006582	NC_051862.1:17	NC_051862.1	87653763	True	684	228	2	1	6	1	1	3	3	6	2	3	6	1
OG0006583	NC_051862.1:17	NC_051862.1	87557207	False	2778	926	7	551	8	23	136	13	425	6	7	10	21	136
OG0006584	NC_051862.1:17	NC_051862.1	87443628	True	1338	446	4	3	3	0	2	2	2	2	2	4	1	3
OG0006585	NC_051862.1:17	NC_051862.1	87309679	False	1587	529	0	768	0	0	765	0	6	3	8	0	0	775
OG0006586	NC_051862.1:17	NC_051862.1	87213667	True	1653	551	6	3	29	5	3	29	13	12	15	13	12	13
OG0006587	NC_051863.1:22	NC_051863.1	111107111	False	861	287	0	0	0	0	0	0	0	0	1	0	0	1
OG0006588	NC_051863.1:33	NC_051863.1	166045132	True	345	115	0	0	2	0	0	0	0	2	0	0	2	0
OG0006589	NC_051863.1:33	NC_051863.1	165973531	True	633	211	0	0	3	0	0	6	3	1	2	3	1	2
OG0006590	NC_051863.1:33	NC_051863.1	165981088	False	618	206	5	105	4	1	283	0	1	76	2	4	4	105
OG0006591	NC_051863.1:33	NC_051863.1	166123219	True	1491	497	1	0	15	1	0	3	0	12	1	0	12	0
OG0006592	NC_051863.1:33	NC_051863.1	166363525	True	885	295	2	3	37	3	1	22	7	19	7	5	20	6
OG0006593	NC_051863.1:33	NC_051863.1	165893157	False	993	331	1	1	8	2	1	5	2	5	2	2	6	2
OG0006594	NC_051862.1:32	NC_051862.1	160785263	True	2895	965	1	0	33	0	0	23	1	11	8	2	11	8
OG0006595	NC_051862.1:32	NC_051862.1	160771440	True	2268	756	1	0	7	0	1	7	2	3	2	3	2	2
OG0006596	NC_051862.1:32	NC_051862.1	161181428	True	507	169	0	0	4	0	0	4	0	0	1	0	0	1
OG0006597	NC_051862.1:32	NC_051862.1	161195102	False	2424	808	10	394	39	20	69	36	337	5	578	9	16	699
OG0006598	NC_051862.1:32	NC_051862.1	161225617	False	2418	806	6	16	12	8	18	4	6	16	7	5	15	16
OG0006599	NC_051862.1:32	NC_051862.1	161237814	True	3681	1227	18	11	10	15	13	12	11	10	13	16	10	11
OG0006600	NC_051862.1:32	NC_051862.1	161260646	True	648	216	4	0	2	5	1	0	0	3	4	0	3	0
OG0006601	NC_051863.1:10	NC_051863.1	53783734	False	1779	593	1	3	62	1	4	17	9	56	3	8	56	4
OG0006602	NC_051863.1:10	NC_051863.1	53850681	True	309	103	1	0	2	1	0	3	1	0	3	1	0	2
OG0006603	NC_051863.1:10	NC_051863.1	53768658	True	3519	1173	3	9	49	4	8	48	12	13	22	13	14	28
OG0006604	NC_051863.1:22	NC_051863.1	111755671	False	2235	745	2	13	20	0	16	19	5	8	13	6	5	25
OG0006605	NC_051863.1:22	NC_051863.1	111771298	True	2676	892	3	4	35	6	5	38	9	9	22	9	11	23
OG0006606	NC_051863.1:22	NC_051863.1	111754352	True	798	266	1	0	13	1	0	16	3	0	6	3	0	5
OG0006607	NC_051863.1:22	NC_051863.1	111741168	False	1329	443	3	5	6	3	2	7	6	4	8	3	3	7
OG0006608	NC_051863.1:22	NC_051863.1	111748476	True	795	265	0	2	1	0	2	5	4	0	1	4	0	3
OG0006609	NC_051863.1:22	NC_051863.1	111774267	True	2775	925	3	24	20	6	21	26	13	5	17	10	6	34
OG0006610	NC_051863.1:22	NC_051863.1	111783676	True	771	257	3	1	2	3	1	2	1	1	2	3	3	2
OG0006611	NC_051863.1:22	NC_051863.1	111789189	True	555	185	1	1	3	1	1	3	1	1	11	1	1	12
OG0006612	NC_051863.1:22	NC_051863.1	111789967	True	783	261	0	4	0	0	2	4	7	1	0	4	0	1
OG0006613	NC_051863.1:22	NC_051863.1	111799265	False	2973	991	9	12	13	10	12	9	9	12	15	5	9	14
OG0006614	NC_051863.1:22	NC_051863.1	111833091	True	1455	485	1	3	3	1	4	2	2	4	2	1	2	3
OG0006615	NC_051863.1:22	NC_051863.1	111919436	True	447	149	0	1	5	0	1	3	0	2	2	0	2	3
OG0006616	NC_051863.1:22	NC_051863.1	111920223	True	546	182	0	0	11	1	0	12	2	1	7	2	2	7
OG0006617	NC_051863.1:22	NC_051863.1	111922603	True	1980	660	1	2	17	0	2	19	7	5	10	8	5	12
OG0006618	NC_051863.1:22	NC_051863.1	111945961	True	726	242	3	0	18	3	0	14	1	6	12	1	6	9
OG0006619	NC_051863.1:22	NC_051863.1	111947423	True	1038	346	0	0	11	0	0	13	3	1	4	3	1	4
OG0006620	NC_051863.1:22	NC_051863.1	111967460	True	1320	440	0	0	24	0	0	23	2	3	4	2	3	4
OG0006621	NC_051863.1:22	NC_051863.1	112012716	False	756	252	0	0	10	0	0	13	9	2	0	9	2	0
OG0006622	NC_051863.1:22	NC_051863.1	111725740	True	948	316	1	2	11	0	3	13	2	1	11	3	0	13
OG0006623	NC_051862.1:8	NC_051862.1	43009106	False	927	309	3	74	3	2	78	0	1	8	4	1	3	78
OG0006624	NC_051862.1:8	NC_051862.1	42753439	True	3567	1189	4	9	19	3	10	18	11	12	10	10	10	14
OG0006625	NC_051863.1:1	NC_051863.1	9926432	True	693	231	0	0	12	0	1	13	3	3	5	3	2	5
OG0006626	NC_051863.1:1	NC_051863.1	9901243	True	465	155	0	0	2	0	0	1	0	1	2	0	1	2
OG0006627	NC_051863.1:1	NC_051863.1	9925281	True	675	225	5	0	3	5	0	0	0	3	11	1	4	7
OG0006628	NC_051863.1:1	NC_051863.1	9952597	True	2163	721	2	8	6	0	18	6	5	15	3	7	5	13
OG0006629	NC_051862.1:33	NC_051862.1	167248020	False	1143	381	12	6	52	10	6	2	3	52	9	4	52	4
OG0006630	NC_051862.1:33	NC_051862.1	166970967	False	1308	436	1	1	8	1	1	6	1	3	2	1	3	2
OG0006631	NC_051862.1:33	NC_051862.1	166816121	False	792	264	0	0	4	0	0	5	2	1	5	2	1	5
OG0006632	NC_051862.1:33	NC_051862.1	166803034	True	1845	615	5	2	15	4	3	16	4	5	13	6	5	12
OG0006633	NC_051862.1:33	NC_051862.1	166801970	True	534	178	0	0	8	0	0	5	0	2	2	0	2	2
OG0006634	NC_051862.1:33	NC_051862.1	166797679	True	618	206	0	1	18	0	1	15	0	3	12	0	3	13
OG0006635	NC_051862.1:33	NC_051862.1	166794371	False	2025	675	1	1	23	0	2	18	4	9	7	5	8	8
OG0006636	NC_051863.1:39	NC_051863.1	195076152	True	2061	687	1	6	36	5	5	32	8	12	24	7	16	28
OG0006637	NC_051863.1:39	NC_051863.1	195038553	False	735	245	0	6	3	0	5	1	2	3	2	1	3	7
OG0006638	NC_051863.1:39	NC_051863.1	195122634	False	669	223	2	2	9	1	2	8	2	3	7	3	3	8
OG0006639	NC_051863.1:38	NC_051863.1	194921191	False	1638	546	4	10	16	4	9	4	4	15	4	5	18	11
OG0006640	NC_051863.1:38	NC_051863.1	194875447	True	1410	470	7	10	2	9	14	2	2	6	16	1	3	19
OG0006641	NC_051863.1:38	NC_051863.1	194858593	False	906	302	3	7	8	4	9	10	4	5	5	3	3	8
OG0006642	NC_051863.1:38	NC_051863.1	194849508	True	969	323	1	6	6	2	4	6	8	5	2	5	6	5
OG0006643	NC_051863.1:38	NC_051863.1	194844287	True	1065	355	1	5	5	2	7	3	2	6	9	1	4	11
OG0006644	NC_051863.1:38	NC_051863.1	194793794	False	3942	1314	3	13	14	4	14	9	6	12	9	3	11	18
OG0006645	NC_051862.1:1	NC_051862.1	8422695	False	189	63	0	0	0	0	0	0	0	0	0	0	0	0
OG0006646	NC_051862.1:1	NC_051862.1	8579138	True	2451	817	19	9	11	32	9	18	16	8	21	13	14	9
OG0006647	NC_051862.1:1	NC_051862.1	8360944	True	4350	1450	31	29	25	32	19	23	29	21	30	25	25	23
OG0006649	NC_051863.1:35	NC_051863.1	178683775	False	456	152	4	1	1	4	0	8	8	0	4	8	0	0
OG0006650	NC_051863.1:35	NC_051863.1	178710237	True	390	130	1	2	2	1	2	2	1	1	1	1	1	2
OG0006651	NC_051863.1:35	NC_051863.1	178744078	True	1575	525	0	3	7	0	2	7	3	2	3	2	2	5
OG0006652	NC_051863.1:35	NC_051863.1	178855050	True	2055	685	1	2	20	2	1	14	2	9	16	2	10	16
OG0006653	NC_051863.1:35	NC_051863.1	178860219	True	798	266	1	5	18	0	5	19	1	0	7	2	1	12
OG0006654	NC_051863.1:35	NC_051863.1	178866251	False	1971	657	3	1	9	3	0	9	2	2	8	1	2	5
OG0006655	NC_051863.1:35	NC_051863.1	178873470	True	1215	405	2	8	10	5	8	8	3	5	9	3	8	15
OG0006657	NC_051861.1:13	NC_051861.1	69006941	True	285	95	0	1	0	0	1	0	0	0	0	0	0	1
OG0006658	NC_051863.1:31	NC_051863.1	156067827	False	843	281	4	3	7	1	2	4	6	8	1	7	7	1
OG0006659	NC_051863.1:31	NC_051863.1	156035137	True	423	141	0	3	1	1	2	2	1	1	1	1	1	2
OG0006660	NC_051863.1:31	NC_051863.1	155751667	False	1476	492	2	657	3	47	7	19	669	1	2	16	46	7
OG0006661	NC_051863.1:31	NC_051863.1	156109525	True	3789	1263	15	40	17	12	32	14	22	19	16	16	16	35
OG0006662	NC_051862.1:1	NC_051862.1	9422784	False	1080	360	3	1	7	3	4	3	1	8	9	2	6	8
OG0006663	NC_051862.1:1	NC_051862.1	9397565	True	1824	608	0	5	18	0	5	20	5	3	14	4	3	19
OG0006664	NC_051862.1:1	NC_051862.1	9351889	True	1797	599	2	2	20	2	1	20	9	6	10	7	6	8
OG0006665	NC_051862.1:1	NC_051862.1	9323210	True	1875	625	3	3	16	2	4	16	6	6	16	5	4	15
OG0006666	NC_051862.1:1	NC_051862.1	9316506	True	1170	390	1	1	9	2	2	8	3	4	1	3	4	1
OG0006667	NC_051862.1:1	NC_051862.1	9280429	True	1767	589	0	6	19	2	7	17	4	7	11	4	8	17
OG0006668	NC_051862.1:1	NC_051862.1	9430802	False	3336	1112	16	6	14	17	8	11	9	12	18	11	15	10
OG0006669	NC_051863.1:36	NC_051863.1	180068398	False	1167	389	2	1	5	2	1	4	0	1	2	1	2	2
OG0006670	NC_051863.1:36	NC_051863.1	180058792	True	546	182	1	3	0	0	3	0	1	1	0	1	0	2
OG0006671	NC_051863.1:36	NC_051863.1	180533956	False	537	179	1	1	0	1	2	1	1	0	4	1	0	4
OG0006672	NC_051863.1:34	NC_051863.1	171269687	True	801	267	1	6	4	0	3	5	5	1	1	3	1	4
OG0006673	NC_051863.1:34	NC_051863.1	171247823	True	858	286	5	1	4	4	1	3	0	1	6	1	1	3
OG0006674	NC_051863.1:34	NC_051863.1	171224935	True	981	327	1	3	13	2	3	15	3	1	10	3	2	12
OG0006675	NC_051863.1:34	NC_051863.1	171397622	True	1455	485	1	16	3	0	17	3	3	4	2	2	1	16
OG0006676	NC_051863.1:34	NC_051863.1	171520567	True	1092	364	0	1	7	0	1	9	2	1	8	2	1	9
OG0006677	NC_051863.1:34	NC_051863.1	171525172	False	1068	356	2	3	20	2	2	17	5	5	17	4	5	16
OG0006678	NC_051863.1:34	NC_051863.1	171607285	True	3825	1275	4	20	11	3	17	13	7	2	11	7	4	26
OG0006679	NC_051863.1:34	NC_051863.1	171647472	True	2799	933	8	7	7	6	9	8	8	9	4	9	7	6
OG0006680	NC_051863.1:34	NC_051863.1	171209586	True	2052	684	0	1	15	0	3	17	3	3	6	3	1	6
OG0006681	NC_051862.1:19	NC_051862.1	99571370	True	1161	387	0	0	3	0	2	3	0	2	7	0	0	7
OG0006682	NC_051862.1:19	NC_051862.1	99669227	True	1155	385	0	6	0	0	6	0	0	0	0	0	0	6
OG0006683	NC_051862.1:28	NC_051862.1	144300645	True	3306	1102	2	12	25	1	14	25	7	9	17	8	7	29
OG0006684	NC_051862.1:28	NC_051862.1	144636451	False	2136	712	1	2	65	4	2	43	15	44	18	14	46	18
OG0006685	NC_051862.1:28	NC_051862.1	144662975	True	684	228	0	0	6	0	0	6	1	1	4	1	1	4
OG0006686	NC_051861.1:16	NC_051861.1	80624273	True	927	309	3	4	1	4	3	3	2	0	5	2	1	5
OG0006687	NC_051861.1:16	NC_051861.1	80752698	True	546	182	0	2	0	0	2	1	1	0	1	1	0	3
OG0006688	NC_051861.1:16	NC_051861.1	80753791	False	444	148	2	11	5	1	13	6	6	6	0	7	5	11
OG0006689	NC_051861.1:16	NC_051861.1	80759707	False	5865	1955	24	43	28	23	49	23	23	33	27	24	27	48
OG0006690	NC_051863.1:23	NC_051863.1	118487031	False	210	70	0	0	2	0	0	2	0	0	2	0	0	2
OG0006691	NC_051863.1:23	NC_051863.1	118639957	True	1845	615	1	3	1	0	3	1	1	1	0	2	1	3
OG0006692	NC_051863.1:23	NC_051863.1	118622883	False	975	325	5	4	13	2	6	8	1	8	6	4	6	7
OG0006693	NC_051863.1:23	NC_051863.1	118536333	False	1140	380	0	85	10	0	84	10	1	1	3	1	1	87
OG0006694	NC_051862.1:15	NC_051862.1	75854193	False	1119	373	0	2	3	0	1	1	2	3	0	1	3	1
OG0006695	NC_051862.1:15	NC_051862.1	76049917	False	1937	645	3	2	18	6	2	15	3	5	10	3	8	9
OG0006696	NC_051862.1:15	NC_051862.1	76062741	True	846	282	1	9	4	3	10	6	5	3	8	3	3	15
OG0006697	NC_051862.1:15	NC_051862.1	76063861	True	474	158	0	1	6	0	1	6	1	1	1	1	1	2
OG0006698	NC_051862.1:15	NC_051862.1	76086438	True	2415	805	7	18	14	7	16	13	10	7	20	7	7	30
OG0006699	NC_051862.1:15	NC_051862.1	76094869	True	627	209	1	1	2	1	2	4	2	0	3	2	0	3
OG0006700	NC_051861.1:18	NC_051861.1	90274864	False	570	190	1	1	5	1	1	2	0	3	4	0	3	4
OG0006701	NC_051861.1:18	NC_051861.1	90422448	True	849	283	0	1	0	0	0	0	0	0	0	0	0	0
OG0006702	NC_051861.1:18	NC_051861.1	90468035	False	501	167	1	0	6	1	0	2	0	4	5	0	4	4
OG0006703	NC_051863.1:2	NC_051863.1	14142920	True	1158	386	3	3	4	2	4	3	1	3	14	2	2	14
OG0006704	NC_051862.1:37	NC_051862.1	189680567	False	867	289	3	0	1	4	0	0	0	1	2	1	3	0
OG0006705	NC_051862.1:37	NC_051862.1	189725811	False	84	28	0	0	0	0	0	0	0	0	0	0	0	0
OG0006706	NC_051862.1:37	NC_051862.1	189565779	True	3570	1190	6	20	3	7	19	6	10	6	8	5	3	16
OG0006707	NC_051862.1:37	NC_051862.1	189549676	True	3699	1233	5	29	10	6	26	4	7	11	6	5	12	29
OG0006708	NC_051862.1:37	NC_051862.1	189538913	True	1515	505	2	4	1	2	2	1	3	0	5	1	0	5
OG0006709	NC_051862.1:37	NC_051862.1	189529179	True	453	151	0	4	0	1	5	1	1	1	0	1	1	4
OG0006710	NC_051862.1:37	NC_051862.1	189461397	True	561	187	2	0	5	2	0	2	0	4	5	0	3	3
OG0006711	NC_051862.1:37	NC_051862.1	189446871	False	1053	351	1	5	0	1	6	0	0	1	4	0	0	8
OG0006712	NC_051862.1:37	NC_051862.1	189442070	True	1896	632	3	16	1	4	14	4	5	0	5	3	1	17
OG0006713	NC_051862.1:37	NC_051862.1	189438229	True	1035	345	0	11	4	5	7	2	4	2	4	0	7	11
OG0006714	NC_051862.1:37	NC_051862.1	189434796	True	249	83	0	1	1	0	0	0	1	1	0	0	1	0
OG0006715	NC_051862.1:37	NC_051862.1	189433100	True	1098	366	2	5	1	10	5	1	3	2	1	2	10	3
OG0006716	NC_051862.1:37	NC_051862.1	189423116	False	372	124	1	1	1	3	0	0	1	1	2	0	3	1
OG0006717	NC_051862.1:37	NC_051862.1	189384623	True	558	186	4	2	4	8	1	0	1	4	4	0	8	1
OG0006718	NC_051862.1:37	NC_051862.1	189380918	True	2004	668	5	13	6	20	7	2	7	5	11	1	20	13
OG0006719	NC_051862.1:9	NC_051862.1	47809829	False	222	74	0	0	0	0	0	0	0	0	0	0	0	0
OG0006720	NC_051862.1:9	NC_051862.1	47820308	False	306	102	0	0	1	0	0	1	0	0	1	0	0	1
OG0006721	NC_051862.1:9	NC_051862.1	48059559	True	4941	1647	13	12	56	12	12	56	20	21	53	20	21	52
OG0006722	NC_051863.1:13	NC_051863.1	67521223	True	1389	463	1	6	14	1	4	17	6	1	9	4	1	12
OG0006723	NC_051863.1:13	NC_051863.1	67512334	True	819	273	4	5	10	4	4	8	1	2	6	1	3	7
OG0006724	NC_051863.1:13	NC_051863.1	67461657	False	177	59	0	96	0	0	96	0	0	0	0	0	0	97
OG0006725	NC_051863.1:13	NC_051863.1	67392862	True	291	97	0	0	7	0	0	9	2	1	6	2	1	6
OG0006726	NC_051863.1:13	NC_051863.1	67380838	False	396	132	0	0	0	0	0	0	0	0	9	0	0	9
OG0006727	NC_051863.1:13	NC_051863.1	67381579	False	1773	591	2	2	29	1	2	31	5	2	14	6	2	15
OG0006728	NC_051861.1:26	NC_051861.1	131574434	True	462	154	0	1	7	0	1	4	0	3	3	0	3	4
OG0006729	NC_051861.1:26	NC_051861.1	131552993	True	2049	683	5	8	20	6	8	15	2	8	10	3	8	13
OG0006730	NC_051861.1:26	NC_051861.1	131515461	False	1251	417	0	3	6	0	0	5	4	2	2	1	2	2
OG0006731	NC_051861.1:26	NC_051861.1	131503283	True	2088	696	2	5	27	1	6	21	1	9	11	2	8	15
OG0006732	NC_051861.1:26	NC_051861.1	131481346	True	768	256	3	0	0	4	0	0	0	0	3	0	1	0
OG0006733	NC_051861.1:26	NC_051861.1	131477066	True	1803	601	4	5	1	6	7	0	0	3	4	0	2	5
OG0006734	NC_051861.1:26	NC_051861.1	131458013	True	1005	335	2	0	0	3	0	1	1	0	2	1	1	0
OG0006735	NC_051861.1:26	NC_051861.1	131436052	True	2157	719	2	6	7	2	5	7	2	1	3	1	1	6
OG0006736	NC_051861.1:26	NC_051861.1	131418367	True	4101	1367	6	11	6	9	11	8	8	6	7	8	9	11
OG0006737	NC_051861.1:26	NC_051861.1	131353612	False	1026	342	0	2	0	1	2	0	0	0	0	0	1	2
OG0006738	NC_051861.1:26	NC_051861.1	131316896	False	414	138	1	1	1	0	0	2	2	0	0	2	0	0
OG0006739	NC_051861.1:26	NC_051861.1	131299497	True	366	122	3	1	1	3	1	0	0	1	4	0	1	2
OG0006740	NC_051861.1:26	NC_051861.1	131235744	True	687	229	4	2	2	5	1	2	1	1	5	2	3	3
OG0006741	NC_051861.1:26	NC_051861.1	131224057	True	1002	334	4	4	1	3	2	2	3	0	2	4	1	2
OG0006742	NC_051861.1:26	NC_051861.1	131228738	False	2220	740	15	10	5	12	6	6	10	5	14	11	6	9
OG0006743	NC_051861.1:26	NC_051861.1	131222182	True	1143	381	9	1	7	5	3	9	6	6	9	10	4	5
OG0006744	NC_051861.1:26	NC_051861.1	131652429	True	849	283	2	1	14	1	1	12	1	3	4	2	3	4
OG0006745	NC_051862.1:13	NC_051862.1	67835272	False	1185	395	6	4	3	16	0	0	4	3	6	0	14	0
OG0006746	NC_051861.1:21	NC_051861.1	109889793	False	2856	952	21	21	34	3	491	18	6	477	8	26	28	29
OG0006747	NC_051861.1:21	NC_051861.1	109819361	True	396	132	0	1	2	0	1	3	1	0	0	1	0	1
OG0006748	NC_051861.1:22	NC_051861.1	110037818	False	759	253	1	3	9	1	3	8	1	2	2	1	2	4
OG0006749	NC_051861.1:22	NC_051861.1	110174251	True	1053	351	0	2	6	0	2	4	0	3	4	0	3	6
OG0006750	NC_051863.1:30	NC_051863.1	153435665	False	3171	1057	1	5	16	1	4	12	4	7	9	3	7	12
OG0006751	NC_051863.1:30	NC_051863.1	153299972	True	1170	390	2	5	1	4	7	1	2	3	5	2	3	9
OG0006752	NC_051863.1:30	NC_051863.1	153034892	True	3969	1323	4	7	62	6	7	40	11	31	16	10	32	18
OG0006753	NC_051863.1:30	NC_051863.1	153033650	True	738	246	1	0	12	1	0	13	3	2	6	3	2	5
OG0006754	NC_051861.1:17	NC_051861.1	89544840	False	864	288	5	7	3	8	7	1	1	3	7	1	7	10
OG0006755	NC_051861.1:17	NC_051861.1	89551909	False	684	228	3	337	0	3	345	0	0	6	5	0	0	339
OG0006756	NC_051862.1:25	NC_051862.1	127198566	False	339	113	0	3	0	0	3	0	0	0	0	0	0	3
OG0006757	NC_051862.1:25	NC_051862.1	127182566	True	1485	495	1	4	5	1	5	5	1	2	3	1	1	6
OG0006758	NC_051862.1:25	NC_051862.1	127310522	False	2724	908	8	21	28	9	20	20	12	19	18	9	18	26
OG0006759	NC_051862.1:25	NC_051862.1	127381805	True	1014	338	5	6	1	0	4	0	2	1	0	5	1	4
OG0006760	NC_051862.1:25	NC_051862.1	127412301	True	879	293	1	2	4	2	2	1	1	3	3	0	4	3
OG0006761	NC_051862.1:25	NC_051862.1	127431917	False	0	0	0	0	0	0	0	0	0	0	0	0	0	0
OG0006762	NC_051862.1:25	NC_051862.1	127449717	True	954	318	0	0	1	0	0	1	0	0	2	0	0	2
OG0006763	NC_051862.1:25	NC_051862.1	127465548	True	321	107	0	0	0	0	0	0	0	0	0	0	0	0
OG0006764	NC_051862.1:25	NC_051862.1	127545131	False	1455	485	6	1	3	8	0	0	1	3	5	1	6	0
OG0006765	NC_051861.1:11	NC_051861.1	56719578	True	609	203	0	1	0	0	1	0	0	0	0	0	0	1
OG0006766	NC_051863.1:12	NC_051863.1	60434291	True	1983	661	6	10	11	4	12	7	5	8	8	4	5	12
OG0006767	NC_051863.1:12	NC_051863.1	60451388	False	1893	631	5	14	6	3	16	3	3	8	6	5	5	16
OG0006768	NC_051863.1:12	NC_051863.1	60458120	True	756	252	0	4	4	0	5	0	0	5	0	0	4	4
OG0006769	NC_051863.1:12	NC_051863.1	60471309	True	2673	891	11	8	7	8	7	7	9	8	8	11	8	7
OG0006770	NC_051863.1:12	NC_051863.1	60732920	False	1659	553	5	4	22	1	4	18	4	8	8	7	7	11
OG0006771	NC_051863.1:12	NC_051863.1	60896717	True	3102	1034	1	3	21	1	2	21	6	5	7	6	6	9
OG0006772	NC_051862.1:30	NC_051862.1	153041177	True	4227	1409	17	33	21	23	27	11	17	24	20	9	25	26
OG0006773	NC_051862.1:30	NC_051862.1	153113345	True	1323	441	11	14	5	11	12	3	7	7	10	5	7	11
OG0006774	NC_051862.1:30	NC_051862.1	153124034	True	5067	1689	20	19	21	31	14	13	17	22	16	15	33	11
OG0006775	NC_051862.1:30	NC_051862.1	153171710	True	1941	647	10	8	11	8	12	12	7	8	14	8	6	14
OG0006776	NC_051862.1:30	NC_051862.1	153192679	True	4485	1495	26	13	19	23	9	18	18	14	26	18	15	13
OG0006777	NC_051862.1:28	NC_051862.1	143873858	True	573	191	1	1	8	1	1	5	1	4	4	1	4	4
OG0006778	NC_051862.1:28	NC_051862.1	143839365	False	1416	472	1	1	9	0	1	12	4	1	8	5	1	9
OG0006779	NC_051862.1:28	NC_051862.1	144185098	True	1173	391	5	8	11	4	13	13	6	8	12	9	6	17
OG0006780	NC_051862.1:28	NC_051862.1	144189958	True	1827	609	1	1	6	1	3	7	5	6	4	4	3	3
OG0006781	NC_051862.1:28	NC_051862.1	144200400	True	2562	854	5	20	17	4	19	16	13	14	6	8	10	17
OG0006782	NC_051863.1:34	NC_051863.1	173877451	False	6429	2143	38	1048	33	87	19	20	1051	36	31	35	91	14
OG0006783	NC_051863.1:34	NC_051863.1	173803510	True	828	276	1	2	3	2	4	2	1	4	3	1	3	4
OG0006784	NC_051863.1:34	NC_051863.1	173795933	True	513	171	0	0	1	0	0	1	0	0	0	0	0	0
OG0006785	NC_051863.1:34	NC_051863.1	173694442	True	972	324	0	2	1	0	2	1	1	1	1	1	1	3
OG0006786	NC_051863.1:34	NC_051863.1	173166356	True	690	230	0	0	2	0	0	1	0	1	1	0	1	1
OG0006787	NC_051863.1:34	NC_051863.1	174027861	True	1809	603	4	5	8	0	6	5	3	7	7	6	5	11
OG0006788	NC_051863.1:34	NC_051863.1	173802594	True	672	224	4	4	7	5	4	2	2	7	5	1	7	4
OG0006789	NC_051862.1:29	NC_051862.1	145605822	True	336	112	0	1	1	0	1	1	0	0	0	0	0	1
OG0006790	NC_051862.1:29	NC_051862.1	145632964	True	558	186	1	0	0	0	0	0	0	0	0	1	0	0
OG0006791	NC_051862.1:29	NC_051862.1	145645617	True	1071	357	2	3	2	1	2	3	4	2	3	4	2	4
OG0006792	NC_051862.1:29	NC_051862.1	145696386	True	1038	346	0	2	2	0	1	2	2	1	0	1	1	1
OG0006793	NC_051862.1:29	NC_051862.1	145744310	True	1647	549	3	3	10	3	3	6	0	4	8	0	4	10
OG0006794	NC_051862.1:29	NC_051862.1	145752894	True	1200	400	3	2	25	2	2	28	4	3	12	5	4	12
OG0006795	NC_051861.1:6	NC_051861.1	30713988	False	873	291	0	99	8	0	98	8	1	1	106	1	1	207
OG0006796	NC_051861.1:6	NC_051861.1	30773685	False	777	259	0	3	3	1	2	5	4	1	3	2	1	3
OG0006797	NC_051861.1:6	NC_051861.1	30383709	False	519	173	5	4	3	6	3	3	5	3	5	3	4	3
OG0006798	NC_051862.1:19	NC_051862.1	97812824	False	1833	611	0	4	6	0	4	6	2	1	4	2	1	8
OG0006799	NC_051862.1:19	NC_051862.1	97679823	False	1029	343	0	0	5	0	0	5	0	0	6	0	0	6
OG0006800	NC_051862.1:12	NC_051862.1	63065821	False	1821	607	5	1	4	3	1	10	9	3	4	11	3	1
OG0006801	NC_051863.1:33	NC_051863.1	168981135	False	3438	1146	1	0	24	0	0	16	3	11	4	4	11	4
OG0006802	NC_051863.1:33	NC_051863.1	169108470	True	1191	397	0	0	30	1	0	19	4	15	3	4	16	3
OG0006803	NC_051863.1:33	NC_051863.1	169119121	True	897	299	0	0	12	0	0	2	1	8	2	1	8	2
OG0006804	NC_051863.1:33	NC_051863.1	169140388	False	549	183	1	0	10	2	0	2	1	9	1	1	10	0
OG0006805	NC_051863.1:33	NC_051863.1	169147386	True	1854	618	5	6	21	1	6	14	8	14	8	10	13	12
OG0006806	NC_051863.1:33	NC_051863.1	169149986	True	1428	476	5	3	10	1	4	8	5	8	7	9	7	9
OG0006807	NC_051863.1:33	NC_051863.1	169185167	True	2019	673	3	7	46	4	7	13	6	40	6	6	40	10
OG0006808	NC_051863.1:33	NC_051863.1	169198888	True	3039	1013	6	11	37	2	19	8	4	40	4	9	34	14
OG0006809	NC_051863.1:33	NC_051863.1	169225832	True	1434	478	0	1	14	0	2	3	0	12	0	0	11	1
OG0006810	NC_051863.1:33	NC_051863.1	169286374	True	708	236	1	1	8	1	2	2	2	7	2	1	6	2
OG0006811	NC_051863.1:33	NC_051863.1	169297986	True	1428	476	0	2	17	1	2	5	3	15	6	3	16	8
OG0006812	NC_051863.1:33	NC_051863.1	169317262	False	1668	556	0	1	51	0	1	23	4	34	9	4	34	10
OG0006813	NC_051863.1:33	NC_051863.1	169320861	True	1551	517	2	3	20	2	4	15	6	12	11	6	11	12
OG0006814	NC_051863.1:23	NC_051863.1	118817893	False	921	307	1	3	1	1	3	0	0	1	2	0	1	4
OG0006815	NC_051862.1:18	NC_051862.1	91753453	False	0	0	0	0	0	0	0	0	0	0	0	0	0	0
OG0006816	NC_051863.1:9	NC_051863.1	45890659	True	1335	445	1	2	28	2	3	36	14	6	28	14	6	29
OG0006817	NC_051863.1:9	NC_051863.1	45844354	True	1824	608	1	1	9	1	1	6	0	3	4	0	3	4
OG0006818	NC_051863.1:0	NC_051863.1	4246612	False	306	102	1	0	3	0	0	5	2	0	2	3	0	2
OG0006819	NC_051863.1:0	NC_051863.1	4238251	True	462	154	0	1	3	0	1	4	1	0	3	1	0	4
OG0006820	NC_051863.1:0	NC_051863.1	4203283	False	309	103	0	0	0	0	0	1	1	0	3	1	0	3
OG0006821	NC_051863.1:0	NC_051863.1	4181447	True	3300	1100	1	2	35	1	4	42	10	5	32	10	4	33
OG0006822	NC_051863.1:0	NC_051863.1	4176532	True	594	198	1	0	1	1	0	1	0	0	4	0	0	3
OG0006823	NC_051863.1:0	NC_051863.1	4173957	True	2310	770	3	2	52	3	2	53	1	1	71	1	1	69
OG0006824	NC_051863.1:0	NC_051863.1	4172955	True	657	219	2	0	8	2	0	10	2	1	8	2	1	6
OG0006825	NC_051863.1:0	NC_051863.1	4139252	True	2616	872	7	18	28	10	16	24	10	12	22	7	14	31
OG0006826	NC_051863.1:0	NC_051863.1	4109225	True	552	184	1	5	4	1	5	3	2	3	2	0	1	4
OG0006827	NC_051863.1:0	NC_051863.1	4107110	True	1509	503	5	17	6	6	15	6	3	1	5	3	4	17
OG0006828	NC_051863.1:0	NC_051863.1	4085665	True	1461	487	4	20	8	3	22	7	7	10	6	6	5	21
OG0006829	NC_051863.1:0	NC_051863.1	4099510	True	420	140	0	5	1	0	7	1	1	3	0	1	1	5
OG0006830	NC_051863.1:0	NC_051863.1	4087515	True	2178	726	5	17	14	3	15	13	7	5	17	5	4	28
OG0006831	NC_051863.1:0	NC_051863.1	4046282	False	1890	630	1	1	23	0	1	16	3	8	11	4	8	11
OG0006832	NC_051863.1:0	NC_051863.1	4018205	True	1434	478	1	0	15	0	0	19	5	1	10	6	1	10
OG0006833	NC_051863.1:0	NC_051863.1	4006589	True	618	206	0	0	0	0	0	0	0	0	0	0	0	0
OG0006834	NC_051863.1:0	NC_051863.1	3982351	True	1326	442	2	1	6	3	2	6	1	2	8	1	2	7
OG0006835	NC_051863.1:0	NC_051863.1	3937674	False	3246	1082	2	3	33	1	5	36	16	14	30	17	12	32
OG0006836	NC_051861.1:22	NC_051861.1	112563924	True	1350	450	4	3	4	3	3	6	5	2	8	4	2	8
OG0006837	NC_051861.1:22	NC_051861.1	112524492	False	357	119	1	0	4	1	0	3	0	1	1	0	1	0
OG0006838	NC_051861.1:22	NC_051861.1	112494004	True	1065	355	4	0	0	4	2	1	1	2	3	2	1	0
OG0006839	NC_051861.1:22	NC_051861.1	112487246	True	993	331	0	2	3	1	3	3	2	3	1	1	2	2
OG0006840	NC_051861.1:22	NC_051861.1	112478323	True	780	260	6	4	4	5	4	1	2	5	6	4	6	6
OG0006841	NC_051861.1:22	NC_051861.1	112443894	True	939	313	9	4	6	11	4	1	3	8	8	4	11	4
OG0006842	NC_051861.1:22	NC_051861.1	112461579	False	1554	518	26	15	7	26	15	8	12	12	21	12	13	9
OG0006843	NC_051861.1:22	NC_051861.1	112391545	False	1587	529	12	6	4	18	4	5	4	1	12	2	8	5
OG0006844	NC_051862.1:9	NC_051862.1	46451719	True	804	268	0	1	12	0	1	10	3	5	7	3	5	8
OG0006845	NC_051862.1:14	NC_051862.1	73878318	False	3168	1056	12	14	13	13	10	9	9	11	13	11	16	15
OG0006846	NC_051862.1:14	NC_051862.1	73907485	False	1638	546	2	5	11	1	3	9	5	5	13	2	3	14
OG0006847	NC_051863.1:30	NC_051863.1	152030726	False	2154	718	10	11	4	11	7	34	40	7	12	36	5	8
OG0006848	NC_051863.1:30	NC_051863.1	152025705	False	573	191	1	5	4	2	4	5	1	0	5	1	1	8
OG0006849	NC_051863.1:30	NC_051863.1	152307399	True	324	108	0	4	1	0	4	1	0	0	0	0	0	4
OG0006850	NC_051863.1:30	NC_051863.1	151910436	False	1959	653	5	16	24	2	16	6	7	26	7	7	22	17
OG0006851	NC_051861.1:6	NC_051861.1	31800507	True	729	243	3	6	2	3	6	3	1	0	13	1	0	15
OG0006852	NC_051861.1:6	NC_051861.1	31617117	True	924	308	1	5	5	1	5	4	1	2	6	2	3	11
OG0006853	NC_051861.1:6	NC_051861.1	31810866	True	579	193	0	0	0	0	0	0	0	0	1	0	0	1
OG0006854	NC_051861.1:6	NC_051861.1	31819098	True	1515	505	13	14	9	13	13	11	4	1	23	3	1	23
OG0006855	NC_051861.1:6	NC_051861.1	31827112	False	3495	1165	11	29	16	13	22	26	28	12	17	22	13	27
OG0006856	NC_051861.1:6	NC_051861.1	31851730	True	1233	411	9	7	3	10	5	5	4	2	14	5	5	13
OG0006857	NC_051861.1:6	NC_051861.1	31853709	True	1122	374	3	12	4	2	12	6	4	2	7	3	0	15
OG0006858	NC_051861.1:6	NC_051861.1	31870544	True	621	207	0	2	0	0	0	0	2	0	0	0	0	0
OG0006859	NC_051861.1:6	NC_051861.1	31976142	False	2211	737	6	22	4	6	22	4	2	2	16	2	2	31
OG0006860	NC_051861.1:6	NC_051861.1	31987385	False	1152	384	5	14	3	5	12	5	6	2	8	5	3	17
OG0006861	NC_051861.1:6	NC_051861.1	32009455	True	2772	924	7	20	6	9	15	6	10	5	10	5	7	18
OG0006862	NC_051863.1:14	NC_051863.1	71783093	True	492	164	0	0	5	0	0	4	0	1	5	0	1	5
OG0006863	NC_051863.1:14	NC_051863.1	71797827	True	741	247	0	0	14	0	0	14	4	4	6	4	4	6
OG0006864	NC_051863.1:14	NC_051863.1	71906012	True	1326	442	0	0	2	0	1	2	0	1	5	0	0	5
OG0006865	NC_051863.1:14	NC_051863.1	72000861	True	621	207	0	0	0	0	0	1	1	0	0	1	0	0
OG0006866	NC_051863.1:0	NC_051863.1	3750558	False	249	83	0	0	1	0	0	0	0	1	0	0	1	0
OG0006867	NC_051863.1:24	NC_051863.1	120818906	True	759	253	1	1	5	2	1	4	2	3	2	2	4	2
OG0006868	NC_051863.1:24	NC_051863.1	120749075	False	1494	498	0	0	8	0	0	7	1	2	3	1	2	3
OG0006869	NC_051863.1:24	NC_051863.1	120812162	True	564	188	0	10	3	24	1	5	11	1	0	3	25	2
OG0006870	NC_051863.1:24	NC_051863.1	120821112	False	549	183	30	8	4	2	167	2	0	162	2	28	2	8
OG0006871	NC_051863.1:24	NC_051863.1	120622108	False	0	0	0	0	0	0	0	0	0	0	0	0	0	0
OG0006872	NC_051863.1:24	NC_051863.1	120543534	True	933	311	1	3	1	1	3	0	0	1	1	0	1	3
OG0006873	NC_051862.1:5	NC_051862.1	26526725	False	894	298	3	6	3	4	4	2	4	3	3	2	4	4
OG0006874	NC_051863.1:33	NC_051863.1	169433719	True	405	135	2	0	7	2	0	1	0	6	2	0	6	0
OG0006875	NC_051863.1:33	NC_051863.1	169365879	True	3021	1007	1	0	32	1	2	17	5	21	9	5	20	7
OG0006876	NC_051861.1:19	NC_051861.1	98432038	True	333	111	0	0	4	0	0	5	1	0	6	1	0	6
OG0006877	NC_051861.1:19	NC_051861.1	98421378	True	357	119	1	0	10	0	1	2	1	10	2	2	9	2
OG0006878	NC_051863.1:33	NC_051863.1	169623738	True	1101	367	2	1	10	3	1	7	4	7	6	4	8	5
OG0006879	NC_051863.1:33	NC_051863.1	169633625	True	1572	524	1	2	43	1	4	22	5	27	10	5	26	11
OG0006880	NC_051863.1:33	NC_051863.1	169644830	True	534	178	1	0	8	0	0	2	0	5	0	1	5	0
OG0006881	NC_051863.1:33	NC_051863.1	169648373	False	2505	835	3	0	51	0	0	7	2	47	3	5	47	3
OG0006882	NC_051861.1:15	NC_051861.1	76099198	False	1293	431	1	2	10	1	2	10	2	2	5	2	2	6
OG0006883	NC_051861.1:15	NC_051861.1	76163972	False	7041	2347	4	2570	2	7	2571	6	11	6	10	5	4	2574
OG0006884	NC_051861.1:15	NC_051861.1	76069448	True	3147	1049	2	2	3	2	1	3	2	1	8	1	1	7
OG0006885	NC_051861.1:15	NC_051861.1	76116690	True	1158	386	1	4	4	1	5	1	0	4	1	0	3	4
OG0006886	NC_051861.1:15	NC_051861.1	76118043	True	1005	335	0	1	0	0	2	0	0	1	0	0	0	1
OG0006888	NC_051861.1:15	NC_051861.1	76317511	True	231	77	0	0	0	0	0	0	0	0	0	0	0	0
OG0006889	NC_051861.1:15	NC_051861.1	76379999	True	1539	513	0	1	8	0	1	8	0	0	11	0	0	12
OG0006890	NC_051861.1:15	NC_051861.1	76391767	True	483	161	0	2	6	0	2	7	1	0	2	1	0	4
OG0006891	NC_051861.1:15	NC_051861.1	76420556	False	1446	482	1	322	8	13	2	9	328	3	3	3	14	3
OG0006892	NC_051861.1:15	NC_051861.1	76486720	False	594	198	0	0	38	0	0	21	3	9	11	3	9	11
OG0006893	NC_051861.1:15	NC_051861.1	76490674	False	531	177	1	84	8	4	22	13	48	1	4	6	4	25
OG0006894	NC_051861.1:15	NC_051861.1	76512206	True	1038	346	0	0	11	0	0	11	1	1	4	1	1	4
OG0006895	NC_051862.1:44	NC_051862.1	220828909	True	2277	759	2	2	4	2	4	4	2	4	7	1	1	6
OG0006896	NC_051862.1:44	NC_051862.1	221046269	True	624	208	2	0	3	0	0	4	2	1	2	4	1	2
OG0006897	NC_051862.1:14	NC_051862.1	74558019	True	1272	424	2	3	20	1	3	21	2	1	16	3	1	18
OG0006898	NC_051862.1:14	NC_051862.1	74565136	True	1221	407	0	2	11	0	2	12	3	2	3	3	2	6
OG0006899	NC_051862.1:14	NC_051862.1	74375959	True	1947	649	5	8	1	7	8	3	2	0	7	3	2	11
OG0006900	NC_051862.1:14	NC_051862.1	74260379	True	522	174	0	2	0	0	2	1	1	0	0	1	0	2
OG0006901	NC_051862.1:14	NC_051862.1	74257326	True	312	104	1	0	0	1	0	1	1	0	1	1	0	0
OG0006902	NC_051862.1:14	NC_051862.1	74251230	True	732	244	1	3	6	1	4	7	4	4	6	4	3	8
OG0006903	NC_051862.1:14	NC_051862.1	74222995	True	1176	392	3	5	2	3	5	4	5	3	5	4	2	6
OG0006905	NC_051862.1:9	NC_051862.1	48289814	True	1563	521	1	5	21	1	3	29	12	4	6	10	4	8
OG0006906	NC_051862.1:9	NC_051862.1	48490423	True	3108	1036	2	8	26	1	9	30	9	6	21	8	4	27
OG0006907	NC_051863.1:5	NC_051863.1	26668148	True	519	173	0	4	0	0	4	0	0	0	0	0	0	4
OG0006908	NC_051863.1:5	NC_051863.1	26720026	True	8904	2968	22	64	52	34	49	45	42	34	40	25	42	66
OG0006909	NC_051863.1:5	NC_051863.1	26678326	True	2610	870	4	14	11	2	15	6	7	14	6	6	9	14
OG0006910	NC_051863.1:5	NC_051863.1	26663100	True	1245	415	1	7	6	2	8	3	2	4	1	1	4	6
OG0006911	NC_051863.1:5	NC_051863.1	26658542	False	348	116	1	56	0	1	52	0	2	1	3	0	0	55
OG0006912	NC_051863.1:5	NC_051863.1	26628390	True	1014	338	2	8	7	0	11	8	5	7	12	7	4	19
OG0006913	NC_051863.1:5	NC_051863.1	26596553	False	1296	432	1	1	11	0	0	12	5	4	4	5	4	4
OG0006914	NC_051863.1:5	NC_051863.1	26514518	False	1107	369	0	4	16	0	5	18	6	6	8	6	4	12
OG0006915	NC_051861.1:17	NC_051861.1	86087303	True	825	275	1	0	2	1	0	2	0	0	4	0	0	3
OG0006916	NC_051861.1:17	NC_051861.1	86091155	False	1134	378	0	1	17	0	1	17	3	4	8	3	4	9
OG0006917	NC_051863.1:5	NC_051863.1	26738767	True	1452	484	1	6	3	4	5	3	2	1	3	1	4	7
OG0006918	NC_051863.1:9	NC_051863.1	46514284	True	2946	982	3	3	45	2	3	42	9	12	40	10	12	40
OG0006919	NC_051863.1:9	NC_051863.1	46382444	True	876	292	1	1	8	1	1	8	1	0	9	1	0	9
OG0006920	NC_051863.1:9	NC_051863.1	46359489	True	3369	1123	7	6	29	6	8	24	6	13	28	7	11	28
OG0006921	NC_051863.1:9	NC_051863.1	46357492	True	1677	559	10	19	7	14	11	6	12	5	10	5	11	13
OG0006922	NC_051863.1:9	NC_051863.1	46349565	True	1845	615	7	10	5	7	11	8	9	7	10	8	6	12
OG0006923	NC_051863.1:9	NC_051863.1	46301028	False	1377	459	10	15	7	11	12	7	12	10	6	8	11	8
OG0006924	NC_051863.1:9	NC_051863.1	46297113	True	900	300	1	8	1	1	7	1	1	0	3	0	0	9
OG0006925	NC_051863.1:9	NC_051863.1	46284445	True	2466	822	6	19	6	9	16	6	8	5	8	5	8	18
OG0006926	NC_051862.1:30	NC_051862.1	151441328	False	1224	408	1	0	34	1	0	33	0	1	283	0	1	282
OG0006927	NC_051862.1:30	NC_051862.1	151354014	False	2172	724	0	0	4	0	2	2	1	5	0	1	3	0
OG0006928	NC_051863.1:6	NC_051863.1	32954781	False	1290	430	6	11	6	2	13	4	4	7	3	5	4	11
OG0006929	NC_051863.1:6	NC_051863.1	32974578	True	1683	561	1	11	1	1	8	2	5	1	2	2	1	10
OG0006930	NC_051863.1:6	NC_051863.1	32493923	False	3510	1170	7	22	6	9	21	8	11	9	10	8	8	23
OG0006931	NC_051863.1:6	NC_051863.1	32985063	True	1500	500	5	11	4	6	9	4	6	3	9	3	4	12
OG0006932	NC_051863.1:6	NC_051863.1	32987057	True	1092	364	7	11	4	7	10	2	3	7	11	2	5	11
OG0006933	NC_051863.1:6	NC_051863.1	32988250	True	1947	649	5	13	5	4	11	8	9	3	5	7	3	12
OG0006934	NC_051863.1:6	NC_051863.1	32992554	True	1989	663	8	16	3	8	16	6	5	2	8	6	3	17
OG0006935	NC_051863.1:6	NC_051863.1	33093086	True	2835	945	18	18	17	14	17	18	15	13	13	18	12	14
OG0006936	NC_051863.1:6	NC_051863.1	33133325	False	321	107	0	0	0	0	0	0	0	0	0	0	0	0
OG0006937	NC_051863.1:6	NC_051863.1	33248321	True	1749	583	8	5	9	9	7	10	5	5	13	5	4	11
OG0006938	NC_051861.1:6	NC_051861.1	32175951	True	759	253	4	5	3	3	2	0	3	3	7	1	3	6
OG0006939	NC_051861.1:6	NC_051861.1	32071449	True	510	170	2	7	0	1	5	2	4	0	1	3	0	5
OG0006940	NC_051861.1:6	NC_051861.1	32075335	False	5304	1768	29	35	34	29	35	39	17	11	84	17	12	88
OG0006941	NC_051861.1:6	NC_051861.1	32177481	True	234	78	0	0	0	0	0	1	1	0	4	1	0	4
OG0006942	NC_051861.1:6	NC_051861.1	32196002	False	1473	491	11	25	3	13	23	6	8	3	19	5	4	30
OG0006943	NC_051861.1:6	NC_051861.1	32201702	False	1794	598	8	26	4	12	24	9	10	6	6	12	11	24
OG0006944	NC_051861.1:19	NC_051861.1	99323031	False	1674	558	0	355	6	0	355	6	1	1	1	1	1	356
OG0006945	NC_051861.1:19	NC_051861.1	99408448	False	381	127	2	0	6	2	0	9	3	1	4	3	1	1
OG0006946	NC_051861.1:19	NC_051861.1	99416214	False	1185	395	0	35	19	2	18	16	10	6	13	3	8	30
OG0006947	NC_051861.1:19	NC_051861.1	99424391	False	3078	1026	2	8	59	4	5	66	23	16	31	24	19	36
OG0006948	NC_051861.1:19	NC_051861.1	99446561	True	1908	636	1	12	11	2	10	10	2	1	13	0	3	22
OG0006949	NC_051863.1:0	NC_051863.1	4442111	False	513	171	0	1	11	0	1	9	0	2	10	0	2	11
OG0006950	NC_051861.1:20	NC_051861.1	103811064	False	6999	2333	22	26	78	23	20	74	38	33	57	31	34	55
OG0006951	NC_051861.1:20	NC_051861.1	103858939	True	678	226	0	4	14	0	4	12	1	3	10	1	3	14
OG0006952	NC_051861.1:20	NC_051861.1	103878866	True	780	260	0	0	3	0	0	3	1	0	2	1	0	2
OG0006953	NC_051861.1:20	NC_051861.1	103880978	True	906	302	1	1	10	0	1	7	2	5	7	3	5	8
OG0006954	NC_051861.1:20	NC_051861.1	104082409	True	684	228	2	1	5	1	1	6	1	0	3	2	0	3
OG0006955	NC_051861.1:20	NC_051861.1	104148544	False	1446	482	1	2	15	0	1	65	54	4	9	55	4	10
OG0006956	NC_051861.1:22	NC_051861.1	114944400	False	1896	632	8	0	1	8	1	4	4	2	9	4	1	1
OG0006957	NC_051861.1:22	NC_051861.1	114896441	False	1803	601	9	8	12	5	8	5	3	9	13	6	9	14
OG0006958	NC_051861.1:22	NC_051861.1	114888648	True	3066	1022	4	10	23	6	14	19	6	14	25	5	11	32
OG0006959	NC_051861.1:22	NC_051861.1	114714727	True	1413	471	4	3	15	5	3	16	10	8	17	10	9	15
OG0006960	NC_051861.1:15	NC_051861.1	75236549	True	1542	514	0	1	0	0	1	0	0	0	0	0	0	1
OG0006961	NC_051861.1:15	NC_051861.1	75221101	True	1695	565	0	2	2	0	2	2	0	0	2	0	0	4
OG0006962	NC_051861.1:15	NC_051861.1	75217139	False	1281	427	1	59	0	1	59	0	0	0	3	0	0	61
OG0006963	NC_051861.1:15	NC_051861.1	75172868	False	4386	1462	0	1173	1	30	306	62	507	1	1	62	30	305
OG0006964	NC_051861.1:15	NC_051861.1	75166583	True	1293	431	0	10	0	0	9	0	1	0	0	0	0	9
OG0006965	NC_051861.1:15	NC_051861.1	75137996	True	654	218	0	0	0	0	0	0	0	0	0	0	0	0
OG0006966	NC_051861.1:15	NC_051861.1	75072657	True	741	247	0	1	1	0	1	0	0	1	0	0	1	1
OG0006967	NC_051862.1:26	NC_051862.1	132982028	True	243	81	0	0	0	0	0	0	0	0	0	0	0	0
OG0006968	NC_051863.1:32	NC_051863.1	164678326	True	1194	398	0	0	5	0	0	6	2	1	4	2	1	4
OG0006969	NC_051861.1:17	NC_051861.1	85169631	True	930	310	2	5	4	0	6	3	1	3	3	3	3	8
OG0006970	NC_051861.1:17	NC_051861.1	85117787	True	780	260	4	8	4	3	8	4	1	1	5	2	1	10
OG0006971	NC_051861.1:17	NC_051861.1	85115107	True	624	208	0	1	12	0	0	14	4	1	2	3	1	2
OG0006972	NC_051861.1:17	NC_051861.1	85104326	True	840	280	1	2	11	2	1	10	3	4	3	4	6	4
OG0006973	NC_051861.1:17	NC_051861.1	85091851	True	1773	591	5	4	32	4	4	38	8	3	23	9	3	23
OG0006974	NC_051861.1:17	NC_051861.1	85089566	True	1821	607	0	4	30	0	4	34	4	2	21	4	2	25
OG0006975	NC_051862.1:41	NC_051862.1	205216271	True	714	238	0	0	3	0	0	5	3	1	0	3	1	0
OG0006976	NC_051862.1:18	NC_051862.1	92310142	False	663	221	2	5	0	2	3	3	5	0	3	4	2	5
OG0006977	NC_051863.1:31	NC_051863.1	155137275	False	1455	485	9	4	4	5	5	29	29	5	5	32	4	4
OG0006978	NC_051863.1:31	NC_051863.1	155104395	True	1617	539	16	3	9	5	5	12	8	7	5	21	6	4
OG0006979	NC_051863.1:1	NC_051863.1	8028098	True	930	310	1	3	6	2	3	4	3	4	12	2	5	14
OG0006980	NC_051862.1:20	NC_051862.1	101518180	False	6300	2100	0	3	2	0	3	2	0	0	3	0	0	6
OG0006981	NC_051863.1:24	NC_051863.1	120368120	False	1161	387	0	5	3	1	6	6	4	2	3	4	2	8
OG0006982	NC_051863.1:24	NC_051863.1	120419798	True	2598	866	12	18	10	11	21	7	6	12	17	5	6	20
OG0006983	NC_051863.1:24	NC_051863.1	120426728	True	639	213	2	3	2	2	4	0	0	3	2	1	3	4
OG0006984	NC_051863.1:37	NC_051863.1	188103424	True	486	162	0	0	6	0	0	5	0	1	3	0	1	3
OG0006985	NC_051863.1:37	NC_051863.1	188110888	True	720	240	0	0	14	0	0	14	2	2	4	2	2	5
OG0006986	NC_051863.1:37	NC_051863.1	188176616	True	2430	810	2	12	8	2	12	12	7	4	3	8	4	14
OG0006987	NC_051863.1:37	NC_051863.1	188047144	False	1995	665	4	1	19	2	3	16	7	14	10	9	14	9
OG0006988	NC_051863.1:37	NC_051863.1	188225637	True	516	172	2	0	1	2	0	1	0	0	4	0	0	2
OG0006989	NC_051863.1:37	NC_051863.1	188251822	True	642	214	1	2	5	1	1	6	3	1	5	2	1	6
OG0006990	NC_051863.1:12	NC_051863.1	60415258	False	1503	501	24	12	8	25	10	6	4	5	26	3	6	16
OG0006991	NC_051863.1:12	NC_051863.1	60411070	False	270	90	0	1	2	0	2	0	0	3	1	0	2	2
OG0006992	NC_051863.1:12	NC_051863.1	60398853	True	1461	487	3	8	10	5	8	6	4	7	6	3	9	10
OG0006993	NC_051863.1:12	NC_051863.1	60337984	False	2772	924	17	21	16	12	24	13	8	15	17	15	14	27
OG0006994	NC_051863.1:12	NC_051863.1	60255385	False	2092	697	1	7	18	2	6	6	8	20	2	4	18	4
OG0006995	NC_051862.1:2	NC_051862.1	11638798	True	1089	363	5	8	2	2	8	3	4	2	4	5	0	8
OG0006996	NC_051862.1:2	NC_051862.1	11438967	True	2961	987	0	0	6	0	0	6	2	2	1	2	2	1
OG0006997	NC_051862.1:2	NC_051862.1	11425531	True	1296	432	0	2	18	1	2	25	14	7	6	14	7	8
OG0006998	NC_051862.1:2	NC_051862.1	11412379	True	453	151	1	3	3	1	2	1	2	3	3	1	3	4
OG0006999	NC_051861.1:3	NC_051861.1	16096521	True	1332	444	3	12	8	0	12	17	16	7	3	13	1	10
OG0007000	NC_051861.1:3	NC_051861.1	16101805	False	8238	2746	11	3126	5	11	3124	10	30	29	27	15	10	3138
OG0007001	NC_051861.1:3	NC_051861.1	16229217	False	1446	482	6	132	2	5	108	3	14	4	4	5	4	109
OG0007002	NC_051861.1:3	NC_051861.1	16306954	True	864	288	3	8	0	3	9	0	0	1	4	0	0	9
OG0007003	NC_051861.1:3	NC_051861.1	16067977	True	1452	484	3	13	3	7	5	2	8	2	6	1	6	7
OG0007004	NC_051862.1:41	NC_051862.1	207992822	False	3102	1034	13	119	12	15	11	10	120	11	9	13	15	10
OG0007005	NC_051861.1:22	NC_051861.1	114123828	True	3039	1013	8	8	11	11	8	7	9	13	11	6	13	8
OG0007006	NC_051861.1:22	NC_051861.1	114142777	True	2730	910	13	19	12	11	17	9	12	15	12	10	13	17
OG0007007	NC_051861.1:22	NC_051861.1	114164916	True	1170	390	4	2	2	3	2	2	0	0	6	1	0	5
OG0007008	NC_051861.1:22	NC_051861.1	114108916	True	915	305	2	1	3	3	1	3	1	1	5	2	3	5
OG0007009	NC_051861.1:22	NC_051861.1	114077086	True	1200	400	3	4	4	4	2	3	3	2	4	3	5	5
OG0007010	NC_051861.1:22	NC_051861.1	113728289	False	3489	1163	13	14	12	11	11	9	8	8	17	8	9	19
OG0007011	NC_051861.1:22	NC_051861.1	114223834	True	1107	369	1	3	3	3	4	4	2	2	3	2	3	5
OG0007012	NC_051862.1:31	NC_051862.1	157586004	True	2175	725	15	7	6	21	2	9	11	4	12	12	15	5
OG0007013	NC_051862.1:31	NC_051862.1	157749522	True	522	174	4	0	6	6	1	7	4	4	7	4	5	3
OG0007014	NC_051862.1:31	NC_051862.1	157683554	True	270	90	1	0	0	2	0	0	0	0	1	0	1	0
OG0007015	NC_051862.1:31	NC_051862.1	157579228	False	408	136	4	0	0	4	0	0	0	0	4	0	0	0
OG0007016	NC_051862.1:31	NC_051862.1	157529084	True	540	180	1	0	2	1	0	0	0	2	2	0	2	1
OG0007017	NC_051863.1:26	NC_051863.1	130027851	False	738	246	0	1	17	0	1	16	3	4	13	3	4	13
OG0007018	NC_051862.1:38	NC_051862.1	193194421	False	2580	860	1	391	6	14	6	7	392	4	7	5	18	12
OG0007019	NC_051863.1:26	NC_051863.1	130129999	True	201	67	0	1	0	0	0	0	1	0	1	0	0	1
OG0007020	NC_051863.1:26	NC_051863.1	130153323	False	3000	1000	4	7	19	6	8	15	7	12	10	5	12	11
OG0007021	NC_051861.1:22	NC_051861.1	110453013	False	2622	874	23	7	11	19	8	5	2	9	20	10	13	10
OG0007022	NC_051863.1:26	NC_051863.1	130325288	False	1764	588	2	1	23	3	1	19	5	8	12	5	9	11
OG0007023	NC_051863.1:7	NC_051863.1	39067697	True	2832	944	5	24	8	8	24	6	3	5	7	4	9	27
OG0007024	NC_051863.1:7	NC_051863.1	39060497	True	1065	355	2	13	2	0	13	5	7	4	2	7	2	14
OG0007025	NC_051862.1:16	NC_051862.1	82220813	True	702	234	4	3	3	1	2	5	4	1	0	6	2	2
OG0007026	NC_051862.1:16	NC_051862.1	82337439	True	3552	1184	8	11	33	4	16	32	15	20	17	19	16	24
OG0007027	NC_051862.1:16	NC_051862.1	82541087	True	1131	377	6	8	7	7	5	3	3	5	14	2	7	14
OG0007028	NC_051861.1:26	NC_051861.1	132051011	True	2247	749	6	7	17	6	8	13	6	10	13	5	8	14
OG0007029	NC_051861.1:26	NC_051861.1	132056728	True	1992	664	0	3	27	0	4	28	6	5	14	6	4	17
OG0007030	NC_051861.1:26	NC_051861.1	132059075	True	1869	623	5	5	12	4	4	9	6	8	9	4	7	7
OG0007031	NC_051861.1:26	NC_051861.1	132067583	True	369	123	0	0	0	0	0	1	1	0	0	1	0	0
OG0007032	NC_051861.1:26	NC_051861.1	132071982	True	369	123	2	1	3	0	1	0	0	3	1	2	3	2
OG0007033	NC_051861.1:26	NC_051861.1	132039412	True	2343	781	10	13	12	8	12	10	5	6	12	6	8	18
OG0007034	NC_051861.1:26	NC_051861.1	132081980	True	1182	394	0	1	5	3	1	1	0	4	1	0	7	2
OG0007035	NC_051861.1:26	NC_051861.1	132133666	True	756	252	0	1	4	0	0	4	2	1	12	1	1	12
OG0007036	NC_051861.1:26	NC_051861.1	132134610	True	765	255	0	1	15	0	0	8	1	7	1	0	7	1
OG0007037	NC_051861.1:26	NC_051861.1	132198850	True	1032	344	0	0	8	1	0	4	1	5	4	1	6	4
OG0007038	NC_051861.1:26	NC_051861.1	132228669	True	2655	885	6	5	20	4	6	20	6	9	19	8	7	19
OG0007039	NC_051861.1:26	NC_051861.1	132234970	True	2937	979	8	8	19	11	5	12	5	9	11	6	16	12
OG0007040	NC_051861.1:26	NC_051861.1	132290207	True	450	150	1	0	2	2	0	0	0	1	1	0	2	0
OG0007041	NC_051861.1:26	NC_051861.1	131967978	True	1935	645	3	10	15	2	15	11	5	13	11	6	9	19
OG0007042	NC_051862.1:41	NC_051862.1	206195013	False	2775	925	0	1343	0	0	1357	0	0	14	14	0	0	1367
OG0007043	NC_051862.1:41	NC_051862.1	206200942	True	1182	394	1	1	10	2	2	6	3	8	1	3	9	1
OG0007044	NC_051862.1:41	NC_051862.1	206207130	False	375	125	1	2	6	2	3	4	1	6	2	1	6	2
OG0007045	NC_051862.1:41	NC_051862.1	206175204	False	510	170	0	0	5	1	1	7	4	2	1	4	3	1
OG0007046	NC_051862.1:41	NC_051862.1	206258189	False	2418	806	2	9	14	7	6	7	6	10	4	2	14	7
OG0007047	NC_051862.1:41	NC_051862.1	206276130	True	6003	2001	3	23	24	11	22	18	11	15	6	7	22	22
OG0007048	NC_051862.1:41	NC_051862.1	206323220	False	921	307	2	6	6	5	1	4	5	2	3	0	5	2
OG0007049	NC_051862.1:41	NC_051862.1	206387765	True	1050	350	0	1	6	0	1	4	2	4	4	2	4	4
OG0007050	NC_051862.1:41	NC_051862.1	205996859	True	5874	1958	12	18	40	7	17	26	9	24	27	11	21	34
OG0007051	NC_051863.1:10	NC_051863.1	54674931	True	786	262	0	0	3	0	0	4	1	0	0	1	0	0
OG0007052	NC_051863.1:10	NC_051863.1	54684648	True	822	274	2	0	4	2	0	3	1	2	9	1	2	7
OG0007053	NC_051863.1:29	NC_051863.1	145341940	True	1239	413	4	7	10	4	8	13	6	4	13	7	4	17
OG0007054	NC_051863.1:29	NC_051863.1	145327489	False	1032	344	5	6	30	4	7	7	5	32	5	6	31	6
OG0007055	NC_051863.1:29	NC_051863.1	145364186	False	906	302	3	11	3	3	11	5	2	0	5	2	0	13
OG0007056	NC_051863.1:29	NC_051863.1	145163920	True	2136	712	1	5	9	1	5	8	0	1	9	0	1	13
OG0007057	NC_051861.1:19	NC_051861.1	99751496	True	1782	594	3	11	10	3	8	6	5	6	4	3	7	10
OG0007058	NC_051861.1:19	NC_051861.1	99971903	True	2058	686	2	9	4	2	9	3	4	5	5	3	4	11
OG0007059	NC_051862.1:20	NC_051862.1	101009651	True	1311	437	0	0	4	0	0	4	0	0	6	0	0	6
OG0007060	NC_051862.1:20	NC_051862.1	100993388	True	1053	351	0	0	3	0	0	3	0	0	6	0	0	6
OG0007061	NC_051862.1:20	NC_051862.1	100918205	True	1008	336	0	0	1	0	0	1	0	0	1	0	0	1
OG0007062	NC_051862.1:20	NC_051862.1	100895254	True	375	125	0	0	0	0	0	0	0	0	0	0	0	0
OG0007063	NC_051862.1:20	NC_051862.1	100876563	False	1260	420	1	0	14	0	1	2	1	13	3	2	12	4
OG0007064	NC_051862.1:15	NC_051862.1	79235927	False	228	76	0	0	0	0	0	0	0	0	0	0	0	0
OG0007065	NC_051862.1:15	NC_051862.1	79227927	False	324	108	1	1	0	0	1	1	1	0	0	2	0	1
OG0007066	NC_051862.1:15	NC_051862.1	79195380	True	393	131	1	0	2	0	0	1	0	1	1	1	1	1
OG0007067	NC_051862.1:15	NC_051862.1	79151997	True	417	139	1	3	1	0	1	2	3	0	2	2	0	3
OG0007068	NC_051862.1:15	NC_051862.1	79080967	True	1431	477	9	12	3	7	14	2	2	3	8	3	2	13
OG0007069	NC_051862.1:15	NC_051862.1	78894871	False	2421	807	4	11	32	2	11	28	3	8	18	6	9	27
OG0007070	NC_051862.1:10	NC_051862.1	50776147	True	423	141	1	8	1	1	6	0	2	1	2	0	1	7
OG0007071	NC_051862.1:4	NC_051862.1	21581896	True	1356	452	3	2	22	2	2	21	10	11	13	11	11	12
OG0007072	NC_051862.1:10	NC_051862.1	51637715	False	1380	460	5	13	7	3	13	9	6	2	21	6	2	28
OG0007073	NC_051862.1:44	NC_051862.1	221535683	True	1395	465	0	0	35	0	0	34	3	4	24	3	4	23
OG0007074	NC_051862.1:10	NC_051862.1	51709989	True	1632	544	4	6	11	4	6	11	6	5	10	3	3	10
OG0007075	NC_051863.1:31	NC_051863.1	158849260	True	1038	346	0	1	3	0	1	1	1	3	0	1	3	1
OG0007076	NC_051863.1:31	NC_051863.1	158917760	True	651	217	1	0	10	0	0	0	0	10	0	1	10	0
OG0007077	NC_051863.1:31	NC_051863.1	158905140	True	933	311	2	1	10	3	1	1	1	10	3	1	11	2
OG0007078	NC_051863.1:31	NC_051863.1	158883857	True	240	80	0	0	0	0	0	0	0	0	0	0	0	0
OG0007079	NC_051863.1:31	NC_051863.1	158831545	False	639	213	0	0	1	2	1	0	0	2	0	0	4	0
OG0007080	NC_051863.1:31	NC_051863.1	158802714	True	1104	368	2	3	17	1	2	3	2	15	2	2	16	3
OG0007081	NC_051863.1:31	NC_051863.1	158793087	True	1305	435	0	2	21	5	1	11	7	16	1	6	21	2
OG0007082	NC_051863.1:31	NC_051863.1	158662807	True	654	218	1	0	12	0	0	3	0	10	2	1	9	2
OG0007083	NC_051863.1:31	NC_051863.1	158927743	False	771	257	0	2	6	1	3	0	0	8	0	0	7	2
OG0007084	NC_051861.1:17	NC_051861.1	87168931	True	327	109	0	0	0	0	0	0	0	0	0	0	0	0
OG0007085	NC_051861.1:17	NC_051861.1	87173554	False	1569	523	0	827	1	49	11	10	816	1	1	10	50	12
OG0007086	NC_051861.1:17	NC_051861.1	87177390	False	954	318	4	6	6	3	6	6	3	3	4	3	1	5
OG0007087	NC_051862.1:7	NC_051862.1	39276678	True	1623	541	11	8	10	21	4	5	8	9	14	4	19	6
OG0007088	NC_051862.1:7	NC_051862.1	39417969	True	1383	461	4	3	3	4	5	2	2	5	4	3	4	4
OG0007089	NC_051862.1:7	NC_051862.1	39471395	True	2055	685	14	19	8	24	18	12	20	14	14	14	20	14
OG0007090	NC_051862.1:17	NC_051862.1	87983584	True	1005	335	2	15	4	6	9	7	12	3	4	7	8	12
OG0007091	NC_051862.1:17	NC_051862.1	87930904	False	5421	1807	7	1501	10	9	1492	8	28	28	19	8	12	1488
OG0007092	NC_051862.1:17	NC_051862.1	87900952	True	3552	1184	10	13	17	13	14	22	17	10	13	18	15	19
OG0007093	NC_051863.1:10	NC_051863.1	52121845	False	420	140	4	2	2	6	0	0	2	2	4	0	4	0
OG0007094	NC_051863.1:10	NC_051863.1	52143225	False	5310	1770	21	15	18	19	13	17	20	19	18	20	19	12
OG0007095	NC_051862.1:30	NC_051862.1	152556004	False	3206	1069	17	7	5	12	5	27	30	6	9	31	6	3
OG0007096	NC_051862.1:30	NC_051862.1	152628056	True	558	186	1	0	0	4	0	0	0	0	1	0	3	0
OG0007097	NC_051862.1:30	NC_051862.1	152673626	False	2466	822	14	4	7	16	5	2	3	8	15	3	10	4
OG0007098	NC_051862.1:30	NC_051862.1	152532380	True	1734	578	6	6	5	6	6	2	5	7	7	2	4	4
OG0007099	NC_051862.1:30	NC_051862.1	152514168	True	1827	609	9	9	5	13	14	6	5	9	14	6	9	15
OG0007100	NC_051862.1:30	NC_051862.1	152456873	True	492	164	1	2	2	2	0	2	3	1	1	1	2	0
OG0007101	NC_051862.1:30	NC_051862.1	152438998	True	741	247	4	1	2	5	1	2	0	0	4	1	2	2
OG0007102	NC_051863.1:3	NC_051863.1	16213310	True	1821	607	5	10	8	2	10	11	8	5	4	9	3	10
OG0007103	NC_051863.1:3	NC_051863.1	16232928	True	1008	336	3	6	5	3	7	5	7	8	5	5	5	6
OG0007104	NC_051863.1:3	NC_051863.1	16149597	True	1098	366	3	11	4	3	11	2	1	3	0	3	5	10
OG0007105	NC_051863.1:3	NC_051863.1	16140099	True	1137	379	1	6	9	1	6	5	5	8	4	3	7	7
OG0007106	NC_051863.1:3	NC_051863.1	16138273	False	441	147	2	2	3	1	3	0	0	4	2	1	3	3
OG0007107	NC_051863.1:3	NC_051863.1	16132908	False	528	176	1	2	3	1	1	2	1	1	5	0	1	5
OG0007108	NC_051863.1:3	NC_051863.1	16107695	False	1308	436	4	3	37	2	2	11	5	37	3	5	36	2
OG0007109	NC_051863.1:0	NC_051863.1	453864	True	2217	739	2	3	15	2	3	13	2	5	13	1	3	13
OG0007110	NC_051863.1:0	NC_051863.1	431627	True	1320	440	0	4	4	0	3	5	2	0	4	1	0	7
OG0007111	NC_051863.1:0	NC_051863.1	497894	True	4416	1472	1	4	40	1	3	42	12	8	22	11	10	25
OG0007112	NC_051863.1:0	NC_051863.1	441992	True	3336	1112	6	9	30	7	11	35	17	15	24	18	15	28
OG0007113	NC_051863.1:0	NC_051863.1	406157	True	1251	417	0	4	7	0	5	7	3	4	6	3	3	10
OG0007114	NC_051863.1:0	NC_051863.1	405089	True	879	293	0	5	16	1	5	14	2	4	4	2	5	9
OG0007115	NC_051863.1:0	NC_051863.1	397934	True	1719	573	2	4	10	2	4	13	4	1	8	5	2	11
OG0007116	NC_051863.1:0	NC_051863.1	347541	True	3198	1066	3	6	32	2	6	36	14	11	21	15	11	26
OG0007117	NC_051863.1:0	NC_051863.1	339422	True	795	265	1	0	5	1	0	4	0	1	6	0	1	5
OG0007118	NC_051863.1:0	NC_051863.1	327291	True	612	204	1	1	1	1	1	4	4	1	1	4	1	1
OG0007119	NC_051863.1:0	NC_051863.1	318814	True	2976	992	5	8	39	2	8	35	10	15	20	13	15	25
OG0007120	NC_051863.1:0	NC_051863.1	313285	True	696	232	0	0	2	0	0	4	2	0	2	2	0	2
OG0007121	NC_051863.1:0	NC_051863.1	288639	False	2244	748	0	6	24	0	5	23	10	11	17	8	10	21
OG0007122	NC_051863.1:0	NC_051863.1	230691	True	1572	524	0	0	2	0	0	3	1	0	1	1	0	1
OG0007123	NC_051863.1:0	NC_051863.1	521392	True	750	250	0	0	0	0	0	1	1	0	1	1	0	1
OG0007124	NC_051862.1:40	NC_051862.1	200401863	False	2037	679	1	0	14	1	0	15	3	2	13	3	2	12
OG0007125	NC_051861.1:4	NC_051861.1	21745311	True	645	215	2	0	0	4	0	0	0	0	2	0	2	0
OG0007126	NC_051861.1:4	NC_051861.1	21803542	True	1080	360	4	2	5	8	1	0	2	6	4	0	10	0
OG0007127	NC_051861.1:4	NC_051861.1	21667255	False	369	123	0	0	0	1	0	0	0	0	0	0	1	0
OG0007128	NC_051861.1:4	NC_051861.1	21659218	True	906	302	10	0	2	3	2	1	0	3	4	7	1	1
OG0007129	NC_051861.1:4	NC_051861.1	21649166	True	2754	918	20	6	2	20	6	7	8	3	18	11	6	7
OG0007130	NC_051861.1:4	NC_051861.1	21608858	True	900	300	2	1	0	2	1	0	0	0	2	0	0	1
OG0007131	NC_051861.1:4	NC_051861.1	21583522	True	756	252	2	2	0	1	2	1	1	0	1	2	0	2
OG0007132	NC_051861.1:17	NC_051861.1	85928865	False	2388	796	1	383	22	1	387	25	7	6	6	7	4	392
OG0007133	NC_051861.1:17	NC_051861.1	85969876	False	228	76	0	0	0	0	0	0	0	0	4	0	0	4
OG0007134	NC_051862.1:20	NC_051862.1	100463513	False	855	285	0	1	3	0	1	3	0	0	2	0	0	3
OG0007135	NC_051862.1:20	NC_051862.1	100569273	True	627	209	0	3	7	0	3	7	0	0	4	0	0	7
OG0007136	NC_051862.1:20	NC_051862.1	100581835	True	1413	471	0	0	8	0	0	7	0	1	4	0	1	4
OG0007137	NC_051862.1:20	NC_051862.1	100595180	True	666	222	1	0	2	1	0	2	0	0	3	0	0	2
OG0007138	NC_051862.1:20	NC_051862.1	100570567	False	894	298	0	1	6	0	1	8	2	0	13	2	0	14
OG0007139	NC_051862.1:20	NC_051862.1	100625858	False	1533	511	0	4	18	0	4	18	0	0	7	0	0	12
OG0007140	NC_051862.1:20	NC_051862.1	100783626	True	456	152	0	1	8	0	1	8	0	0	10	0	0	11
OG0007141	NC_051862.1:20	NC_051862.1	100818875	True	1269	423	0	2	6	0	1	5	1	1	3	0	1	4
OG0007142	NC_051862.1:20	NC_051862.1	100844160	True	1032	344	0	3	2	0	3	3	1	0	1	1	0	4
OG0007143	NC_051862.1:20	NC_051862.1	100849175	False	1143	381	0	3	2	0	3	3	1	0	7	1	0	10
OG0007144	NC_051863.1:11	NC_051863.1	56077472	False	69	23	0	0	0	0	0	0	0	0	0	0	0	0
OG0007145	NC_051863.1:3	NC_051863.1	17555576	True	498	166	0	0	0	0	0	1	1	0	2	1	0	2
OG0007146	NC_051863.1:3	NC_051863.1	17707747	True	525	175	0	0	10	0	0	7	1	5	3	1	5	3
OG0007147	NC_051863.1:3	NC_051863.1	17584076	True	438	146	0	0	4	0	0	6	3	1	0	3	1	0
OG0007148	NC_051863.1:3	NC_051863.1	17783471	True	4872	1624	8	32	22	9	33	19	15	19	13	11	15	32
OG0007149	NC_051863.1:3	NC_051863.1	17874229	True	972	324	1	5	3	0	6	2	1	3	2	2	2	7
OG0007150	NC_051863.1:3	NC_051863.1	17937330	True	1740	580	3	17	10	4	20	7	7	13	5	7	10	18
OG0007152	NC_051863.1:3	NC_051863.1	17965692	True	1158	386	3	4	25	3	5	18	1	8	9	2	8	10
OG0007153	NC_051863.1:1	NC_051863.1	5669366	True	786	262	3	6	4	1	11	1	1	8	6	3	4	11
OG0007154	NC_051863.1:1	NC_051863.1	5648200	True	450	150	0	0	2	0	2	1	0	3	0	0	1	0
OG0007155	NC_051863.1:1	NC_051863.1	5637660	True	567	189	1	3	0	1	2	0	1	0	2	0	0	3
OG0007156	NC_051863.1:1	NC_051863.1	5631676	True	468	156	0	1	1	0	3	1	0	2	2	0	0	3
OG0007157	NC_051863.1:1	NC_051863.1	5564959	True	903	301	4	4	2	4	5	4	5	4	6	5	3	5
OG0007158	NC_051863.1:1	NC_051863.1	5512922	False	1794	598	5	17	2	7	10	3	9	2	6	4	6	12
OG0007159	NC_051863.1:9	NC_051863.1	49921620	True	5460	1820	41	11	12	38	9	11	13	12	39	17	15	14
OG0007160	NC_051863.1:9	NC_051863.1	49972400	True	1377	459	9	5	6	18	2	5	7	5	13	3	12	5
OG0007161	NC_051863.1:10	NC_051863.1	50054020	True	1185	395	10	0	0	8	2	0	0	2	9	2	0	1
OG0007162	NC_051863.1:10	NC_051863.1	50067899	True	1443	481	10	10	4	11	10	6	5	3	14	3	2	12
OG0007163	NC_051863.1:10	NC_051863.1	50069522	True	405	135	4	3	0	6	1	0	2	0	4	0	2	1
OG0007164	NC_051863.1:10	NC_051863.1	50086650	True	2037	679	12	6	4	14	4	6	4	0	13	4	4	6
OG0007165	NC_051863.1:9	NC_051863.1	49694792	False	366	122	2	3	2	4	0	0	3	2	2	0	4	0
OG0007166	NC_051863.1:9	NC_051863.1	49689575	False	324	108	7	1	1	7	0	0	1	1	7	0	1	0
OG0007167	NC_051861.1:2	NC_051861.1	13061221	False	981	327	2	1	1	0	437	1	1	438	1	3	1	1
OG0007168	NC_051861.1:2	NC_051861.1	13049855	False	1041	347	0	102	2	0	104	1	2	3	4	1	2	105
OG0007169	NC_051861.1:2	NC_051861.1	13042560	True	2082	694	1	25	9	4	21	8	9	6	3	4	8	23
OG0007170	NC_051861.1:2	NC_051861.1	13174204	False	3219	1073	1	1612	1	3	1496	2	144	18	15	3	4	1484
OG0007171	NC_051861.1:2	NC_051861.1	13036815	True	1920	640	3	17	4	4	19	2	1	5	3	1	4	17
OG0007172	NC_051861.1:2	NC_051861.1	13009715	False	1476	492	0	240	2	1	239	2	1	0	2	0	1	242
OG0007173	NC_051861.1:2	NC_051861.1	13007297	False	303	101	0	0	0	0	0	0	0	0	0	0	0	0
OG0007174	NC_051861.1:2	NC_051861.1	13005542	True	1026	342	4	3	2	2	5	3	1	2	9	3	0	10
OG0007175	NC_051861.1:2	NC_051861.1	12829821	False	3072	1024	1	407	2	1	409	1	1	2	3	1	1	409
OG0007176	NC_051862.1:25	NC_051862.1	126480012	False	3021	1007	1	4	12	1	5	14	6	4	7	6	3	10
OG0007177	NC_051862.1:25	NC_051862.1	126433751	True	1341	447	4	5	14	5	6	11	2	4	9	2	5	11
OG0007178	NC_051862.1:5	NC_051862.1	28587109	False	492	164	3	2	2	0	2	1	0	1	0	3	1	2
OG0007179	NC_051862.1:5	NC_051862.1	28557794	True	1341	447	9	12	7	11	4	4	10	5	9	5	10	7
OG0007180	NC_051862.1:28	NC_051862.1	142405791	True	6024	2008	7	8	35	6	9	25	9	19	30	7	15	30
OG0007181	NC_051861.1:7	NC_051861.1	36109708	True	2439	813	13	19	4	8	16	5	6	5	13	9	4	22
OG0007182	NC_051861.1:7	NC_051861.1	35924452	False	1332	444	0	7	5	0	7	2	4	7	0	2	5	5
OG0007183	NC_051863.1:3	NC_051863.1	18793220	True	1080	360	2	6	13	1	6	16	6	4	6	7	3	11
OG0007184	NC_051863.1:3	NC_051863.1	18787213	True	1089	363	1	5	8	2	6	11	5	3	4	5	3	8
OG0007185	NC_051863.1:3	NC_051863.1	18698988	True	720	240	3	3	0	2	4	2	3	1	2	3	0	3
OG0007186	NC_051863.1:3	NC_051863.1	18684316	False	2799	933	11	16	21	6	20	21	15	20	12	19	14	21
OG0007187	NC_051863.1:3	NC_051863.1	18633251	True	1488	496	4	5	15	1	4	18	7	3	15	9	3	18
OG0007188	NC_051863.1:3	NC_051863.1	18605190	True	894	298	6	1	8	4	4	12	6	5	5	9	4	4
OG0007189	NC_051863.1:3	NC_051863.1	18603388	False	735	245	2	1	10	2	0	13	5	1	5	5	1	3
OG0007190	NC_051863.1:3	NC_051863.1	18600791	True	1773	591	0	6	19	0	6	22	11	8	5	9	6	8
OG0007191	NC_051863.1:3	NC_051863.1	18574775	True	1272	424	1	1	9	1	1	6	2	5	9	2	5	9
OG0007192	NC_051863.1:3	NC_051863.1	18560383	True	1203	401	1	3	15	1	5	11	2	7	7	2	5	9
OG0007193	NC_051863.1:3	NC_051863.1	18800266	False	1605	535	3	12	8	2	14	3	3	9	5	3	6	14
OG0007194	NC_051862.1:37	NC_051862.1	187079410	True	753	251	0	2	1	0	2	0	0	1	2	0	1	4
OG0007195	NC_051862.1:37	NC_051862.1	187083384	True	963	321	2	2	11	1	4	7	0	6	7	1	4	8
OG0007196	NC_051862.1:37	NC_051862.1	187090192	True	348	116	2	0	7	2	0	6	0	1	7	0	1	5
OG0007197	NC_051863.1:0	NC_051863.1	622560	True	459	153	1	0	7	3	0	2	0	5	1	0	7	0
OG0007198	NC_051861.1:17	NC_051861.1	88316496	True	1101	367	0	16	0	0	15	4	7	3	1	4	0	14
OG0007199	NC_051861.1:17	NC_051861.1	88105519	False	7383	2461	6	3659	4	6	3664	4	23	17	51	4	5	3696
OG0007200	NC_051863.1:13	NC_051863.1	69218649	False	381	127	0	0	2	2	0	2	0	0	0	0	2	0
OG0007201	NC_051863.1:13	NC_051863.1	69210930	True	1902	634	6	9	8	5	8	6	6	7	9	4	5	10
OG0007202	NC_051863.1:13	NC_051863.1	69130501	True	486	162	0	0	1	0	0	0	0	1	0	0	1	0
OG0007203	NC_051863.1:13	NC_051863.1	68792791	True	501	167	0	0	1	0	0	1	0	0	0	0	0	0
OG0007204	NC_051863.1:13	NC_051863.1	68775497	True	3273	1091	4	8	15	3	10	21	8	4	18	10	3	24
OG0007205	NC_051863.1:13	NC_051863.1	69224838	False	5250	1750	11	29	30	12	36	28	11	19	17	11	14	36
OG0007206	NC_051861.1:16	NC_051861.1	80534823	False	429	143	0	64	0	15	2	2	63	0	0	2	15	2
OG0007207	NC_051863.1:27	NC_051863.1	135809340	False	198	66	3	2	0	3	1	0	1	0	3	0	0	1
OG0007208	NC_051863.1:27	NC_051863.1	135752262	True	777	259	1	0	4	1	0	5	1	0	4	1	0	3
OG0007209	NC_051861.1:7	NC_051861.1	35914159	False	3039	1013	14	39	17	14	37	22	16	7	14	14	9	40
OG0007210	NC_051861.1:7	NC_051861.1	35782854	True	2760	920	9	15	13	5	11	18	12	1	19	10	2	26
OG0007211	NC_051861.1:7	NC_051861.1	35711976	False	1023	341	13	4	4	11	6	2	0	4	16	4	3	13
OG0007212	NC_051861.1:24	NC_051861.1	122236181	False	306	102	1	2	0	1	5	0	0	3	1	0	0	2
OG0007213	NC_051861.1:24	NC_051861.1	122237218	True	765	255	2	3	3	0	3	1	1	3	3	2	2	5
OG0007214	NC_051861.1:24	NC_051861.1	122284238	True	1638	546	3	4	7	3	5	3	1	5	4	1	5	5
OG0007215	NC_051861.1:24	NC_051861.1	122319267	False	5340	1780	28	36	18	19	25	90	89	15	24	89	16	28
OG0007216	NC_051862.1:9	NC_051862.1	47280114	True	765	255	0	0	4	0	0	4	0	0	1	0	0	1
OG0007218	NC_051861.1:10	NC_051861.1	53401986	True	2244	748	1	11	0	1	11	1	1	0	2	1	0	12
OG0007219	NC_051861.1:10	NC_051861.1	53293622	True	408	136	0	3	0	0	3	0	0	0	0	0	0	3
OG0007220	NC_051861.1:10	NC_051861.1	53287988	True	1122	374	1	6	1	1	4	1	3	1	1	1	1	4
OG0007221	NC_051861.1:10	NC_051861.1	53440867	True	981	327	0	4	1	0	4	1	0	0	1	0	0	5
OG0007222	NC_051861.1:10	NC_051861.1	53222083	True	471	157	0	0	0	0	0	0	0	0	0	0	0	0
OG0007223	NC_051861.1:10	NC_051861.1	53183716	True	966	322	0	5	0	0	5	1	1	0	2	1	0	7
OG0007224	NC_051862.1:10	NC_051862.1	50266156	False	2388	796	3	7	22	1	6	19	6	8	11	6	7	15
OG0007225	NC_051862.1:10	NC_051862.1	50259918	True	780	260	0	3	7	0	3	8	4	3	5	3	2	7
OG0007226	NC_051862.1:10	NC_051862.1	50248782	True	2619	873	4	10	25	3	9	17	4	11	17	4	11	23
OG0007227	NC_051862.1:10	NC_051862.1	50207517	True	489	163	3	2	0	3	3	1	2	2	3	1	0	1
OG0007228	NC_051861.1:2	NC_051861.1	10599216	False	540	180	0	0	3	0	0	2	1	2	4	1	2	4
OG0007229	NC_051861.1:2	NC_051861.1	10292231	False	285	95	1	1	0	1	0	0	1	0	1	0	0	0
OG0007230	NC_051862.1:41	NC_051862.1	207387817	True	1914	638	2	4	3	3	3	1	2	3	4	1	4	5
OG0007231	NC_051862.1:17	NC_051862.1	86752787	True	639	213	0	0	5	0	0	5	0	0	3	0	0	3
OG0007232	NC_051863.1:36	NC_051863.1	184622610	True	330	110	0	0	0	0	0	0	0	0	0	0	0	0
OG0007233	NC_051863.1:36	NC_051863.1	184641222	True	1314	438	7	8	9	8	6	9	8	5	12	5	7	12
OG0007234	NC_051863.1:36	NC_051863.1	184642974	False	243	81	0	1	0	1	0	1	2	0	0	1	1	0
OG0007235	NC_051863.1:36	NC_051863.1	184659832	True	786	262	2	2	3	2	3	1	1	5	3	0	3	2
OG0007236	NC_051863.1:36	NC_051863.1	184633193	False	354	118	0	2	0	0	4	0	2	3	0	0	0	1
OG0007237	NC_051863.1:36	NC_051863.1	184661022	True	3762	1254	8	20	25	12	16	24	15	14	29	11	18	37
OG0007238	NC_051863.1:36	NC_051863.1	184691714	False	3027	1009	0	1537	5	0	1545	4	6	11	4	1	1	1539
OG0007239	NC_051863.1:36	NC_051863.1	184728721	True	552	184	4	6	2	5	5	5	5	1	8	5	3	10
OG0007240	NC_051863.1:36	NC_051863.1	184730659	True	2844	948	6	5	6	6	7	7	5	6	7	8	7	9
OG0007241	NC_051861.1:16	NC_051861.1	82961234	False	189	63	0	1	1	0	1	1	0	0	1	0	0	2
OG0007242	NC_051861.1:16	NC_051861.1	82969721	False	762	254	2	4	3	4	3	3	3	2	4	2	4	5
OG0007243	NC_051861.1:16	NC_051861.1	83035017	True	1509	503	0	0	3	0	0	2	0	0	1	0	0	1
OG0007244	NC_051861.1:6	NC_051861.1	33305151	True	573	191	3	6	3	3	4	5	4	0	7	2	0	8
OG0007245	NC_051861.1:6	NC_051861.1	33304037	False	867	289	5	6	9	5	6	8	1	1	17	1	2	18
OG0007246	NC_051861.1:6	NC_051861.1	33289677	False	669	223	4	5	4	4	5	5	3	2	7	3	2	8
OG0007247	NC_051861.1:6	NC_051861.1	33246424	True	1011	337	6	10	16	6	7	11	5	6	10	2	6	12
OG0007248	NC_051861.1:6	NC_051861.1	33241783	True	687	229	4	3	4	2	4	2	2	5	15	3	3	14
OG0007249	NC_051861.1:6	NC_051861.1	33188612	False	1590	530	6	5	8	3	5	11	5	4	13	7	2	14
OG0007250	NC_051861.1:6	NC_051861.1	33162800	False	2913	971	5	25	7	9	17	18	25	5	13	17	10	25
OG0007251	NC_051861.1:6	NC_051861.1	33132723	False	966	322	2	138	4	2	137	4	2	1	6	2	2	142
OG0007252	NC_051862.1:39	NC_051862.1	198123002	True	717	239	2	3	7	1	2	8	3	1	8	3	1	9
OG0007253	NC_051862.1:39	NC_051862.1	197890381	True	1029	343	1	4	5	1	5	6	5	4	1	4	3	3
OG0007254	NC_051862.1:39	NC_051862.1	197743048	True	1311	437	1	2	1	3	4	1	1	2	2	1	3	3
OG0007255	NC_051862.1:39	NC_051862.1	197724036	True	2961	987	8	12	10	6	9	20	23	10	10	23	11	14
OG0007256	NC_051862.1:39	NC_051862.1	198143625	True	1629	543	0	16	8	6	12	8	9	5	5	3	10	17
OG0007257	NC_051863.1:11	NC_051863.1	58100869	True	2568	856	5	18	10	9	14	1	5	10	7	1	12	16
OG0007258	NC_051863.1:11	NC_051863.1	58124243	True	1167	389	0	5	1	2	3	1	2	0	1	0	1	4
OG0007259	NC_051863.1:11	NC_051863.1	58078686	True	861	287	1	2	3	1	1	1	3	4	0	2	4	0
OG0007260	NC_051863.1:11	NC_051863.1	57957501	True	900	300	1	0	4	1	0	6	2	0	2	3	1	2
OG0007261	NC_051863.1:11	NC_051863.1	57909878	True	6393	2131	27	21	39	21	28	34	10	23	43	15	14	41
OG0007262	NC_051862.1:28	NC_051862.1	143572588	False	1743	581	1	6	14	1	7	14	1	3	8	2	3	14
OG0007263	NC_051862.1:28	NC_051862.1	143778306	True	1662	554	1	0	13	1	0	12	2	3	5	2	3	4
OG0007264	NC_051862.1:9	NC_051862.1	48884064	False	1284	428	0	4	1	1	4	3	3	0	0	2	1	4
OG0007265	NC_051862.1:9	NC_051862.1	48791092	False	1236	412	3	3	6	3	3	5	4	5	10	4	5	10
OG0007266	NC_051862.1:9	NC_051862.1	48959637	True	2445	815	4	6	1	3	5	3	4	1	4	4	1	6
OG0007267	NC_051862.1:9	NC_051862.1	48934168	True	777	259	0	1	0	0	0	0	1	0	1	0	0	1
OG0007268	NC_051861.1:10	NC_051861.1	52813901	True	2880	960	1	17	1	0	17	2	1	0	7	2	0	24
OG0007269	NC_051861.1:10	NC_051861.1	52877916	True	483	161	0	2	2	0	2	1	0	1	1	0	1	3
OG0007270	NC_051861.1:10	NC_051861.1	52962839	True	828	276	0	1	0	0	1	0	0	0	0	0	0	1
OG0007271	NC_051862.1:17	NC_051862.1	85611546	True	1440	480	7	9	6	0	13	3	2	9	3	8	4	11
OG0007272	NC_051862.1:17	NC_051862.1	85668237	True	489	163	1	1	1	1	1	0	0	1	1	0	1	1
OG0007273	NC_051862.1:17	NC_051862.1	85676119	True	621	207	0	7	3	0	9	3	2	3	1	2	2	8
OG0007274	NC_051862.1:17	NC_051862.1	85682868	True	2571	857	8	18	13	12	18	12	8	10	15	7	12	22
OG0007275	NC_051862.1:17	NC_051862.1	85725891	True	1899	633	9	11	13	5	15	10	4	10	10	8	7	17
OG0007276	NC_051862.1:17	NC_051862.1	85728151	True	714	238	1	4	10	0	5	7	0	4	3	1	3	7
OG0007277	NC_051862.1:17	NC_051862.1	85729158	False	876	292	5	5	6	5	10	9	3	6	17	3	2	16
OG0007278	NC_051863.1:12	NC_051863.1	62559511	True	1935	645	3	7	9	4	8	8	1	3	12	1	3	16
OG0007279	NC_051863.1:12	NC_051863.1	62812014	True	672	224	0	0	5	0	1	1	0	5	0	0	4	0
OG0007280	NC_051863.1:37	NC_051863.1	188594523	False	393	131	1	5	0	1	3	0	0	0	0	1	1	3
OG0007281	NC_051863.1:37	NC_051863.1	188608301	False	1902	634	3	16	6	2	19	8	7	9	8	7	4	21
OG0007282	NC_051863.1:37	NC_051863.1	188684207	True	1755	585	5	17	8	4	18	7	7	10	6	8	9	19
OG0007283	NC_051863.1:37	NC_051863.1	188692746	False	1554	518	9	22	9	8	22	7	8	12	14	5	8	24
OG0007284	NC_051863.1:37	NC_051863.1	188698911	True	1686	562	2	5	2	1	5	4	3	1	4	5	2	9
OG0007285	NC_051863.1:37	NC_051863.1	188510193	False	627	209	0	4	3	3	4	2	2	3	1	1	5	5
OG0007286	NC_051863.1:37	NC_051863.1	188576870	False	1869	623	4	6	3	4	5	6	5	3	6	3	1	7
OG0007287	NC_051863.1:8	NC_051863.1	44632861	True	786	262	0	1	6	0	1	6	0	0	8	0	0	9
OG0007288	NC_051863.1:8	NC_051863.1	44703068	True	1806	602	1	2	30	1	2	33	13	11	7	13	11	8
OG0007289	NC_051863.1:8	NC_051863.1	44618697	True	483	161	0	0	0	0	0	0	0	0	1	0	0	1
OG0007290	NC_051863.1:8	NC_051863.1	44705176	True	609	203	0	0	3	0	0	4	4	2	0	4	2	0
OG0007291	NC_051863.1:8	NC_051863.1	44761055	True	783	261	0	0	4	0	0	4	1	1	6	1	1	6
OG0007292	NC_051863.1:8	NC_051863.1	44770154	True	1536	512	3	1	23	4	1	27	8	5	17	7	5	14
OG0007293	NC_051863.1:8	NC_051863.1	44791214	True	1065	355	1	0	17	1	0	16	1	2	13	1	2	12
OG0007294	NC_051863.1:8	NC_051863.1	44877195	True	1674	558	0	1	9	1	1	8	0	1	6	0	1	7
OG0007295	NC_051863.1:8	NC_051863.1	44885998	True	534	178	0	0	4	0	0	4	0	0	1	0	0	1
OG0007296	NC_051863.1:13	NC_051863.1	67710240	True	1230	410	0	1	2	0	1	2	0	0	2	0	0	3
OG0007297	NC_051863.1:13	NC_051863.1	67832216	True	1815	605	4	4	6	1	3	8	5	2	5	7	1	6
OG0007298	NC_051863.1:13	NC_051863.1	67877661	True	1386	462	0	5	9	0	3	9	4	1	2	2	1	5
OG0007299	NC_051863.1:13	NC_051863.1	67890748	False	714	238	13	4	3	13	6	4	1	2	14	1	0	4
OG0007300	NC_051863.1:13	NC_051863.1	67999343	False	579	193	0	79	2	0	0	1	78	1	1	0	1	1
OG0007301	NC_051863.1:13	NC_051863.1	68021695	False	3918	1306	14	14	26	11	14	27	9	8	29	12	8	32
OG0007302	NC_051863.1:13	NC_051863.1	68041851	True	903	301	1	0	7	1	0	6	0	1	6	0	1	5
OG0007303	NC_051863.1:13	NC_051863.1	67793606	True	954	318	1	0	5	0	0	5	2	2	7	3	2	7
OG0007304	NC_051861.1:23	NC_051861.1	115641975	False	2943	981	14	13	20	12	16	12	10	22	14	13	20	15
OG0007305	NC_051861.1:23	NC_051861.1	115580436	False	2100	700	10	11	18	14	12	11	10	18	12	6	18	11
OG0007306	NC_051861.1:23	NC_051861.1	115574267	True	576	192	5	3	3	4	3	3	3	3	5	4	3	4
OG0007307	NC_051861.1:23	NC_051861.1	115573135	True	918	306	8	5	3	9	4	3	4	4	6	6	7	4
OG0007308	NC_051861.1:23	NC_051861.1	115341598	False	570	190	0	0	2	0	0	1	0	1	0	0	1	0
OG0007309	NC_051862.1:18	NC_051862.1	94053503	True	4728	1576	9	8	38	7	6	35	13	15	28	10	13	25
OG0007310	NC_051862.1:10	NC_051862.1	52190466	True	1083	361	0	5	5	0	6	3	1	4	1	1	3	6
OG0007311	NC_051862.1:10	NC_051862.1	52165349	True	315	105	0	0	1	0	0	1	0	0	0	0	0	0
OG0007312	NC_051862.1:10	NC_051862.1	52146104	False	474	158	1	2	2	0	2	3	3	2	2	4	2	4
OG0007313	NC_051862.1:10	NC_051862.1	52133023	True	2088	696	4	9	10	3	7	9	7	5	6	8	7	12
OG0007314	NC_051861.1:17	NC_051861.1	86030589	True	897	299	0	1	4	0	1	8	4	0	5	4	0	6
OG0007315	NC_051861.1:17	NC_051861.1	86102321	True	1806	602	2	4	22	3	5	27	10	4	15	10	4	17
OG0007316	NC_051861.1:17	NC_051861.1	86199331	False	1296	432	2	7	12	4	7	11	2	3	10	1	4	15
OG0007318	NC_051862.1:12	NC_051862.1	61959402	True	543	181	3	0	2	4	0	0	0	2	3	1	4	1
OG0007319	NC_051862.1:12	NC_051862.1	61960608	True	810	270	4	4	5	4	3	4	4	4	6	2	3	4
OG0007320	NC_051863.1:34	NC_051863.1	170691435	True	312	104	1	2	0	3	0	0	2	0	1	0	2	0
OG0007321	NC_051863.1:34	NC_051863.1	170704276	True	2892	964	14	10	13	14	10	16	13	10	11	15	11	9
OG0007322	NC_051863.1:34	NC_051863.1	170763046	True	435	145	0	3	1	1	5	1	1	3	1	1	2	4
OG0007323	NC_051863.1:34	NC_051863.1	170740946	True	5145	1715	33	37	39	21	57	23	15	52	28	24	28	41
OG0007324	NC_051863.1:34	NC_051863.1	170798146	True	336	112	6	2	1	0	12	0	0	11	0	6	1	2
OG0007325	NC_051863.1:34	NC_051863.1	170805757	False	342	114	1	3	0	1	3	0	0	0	1	0	0	3
OG0007326	NC_051863.1:34	NC_051863.1	170817579	True	576	192	1	5	2	0	4	2	1	0	0	1	0	4
OG0007327	NC_051863.1:34	NC_051863.1	170822042	True	2814	938	2	8	10	2	7	7	4	7	10	4	8	16
OG0007328	NC_051861.1:25	NC_051861.1	128972516	False	1899	633	9	3	8	5	4	10	6	4	8	11	5	7
OG0007329	NC_051861.1:25	NC_051861.1	128975179	False	1704	568	5	9	10	5	11	5	3	10	7	4	9	12
OG0007330	NC_051861.1:25	NC_051861.1	128977060	True	1629	543	4	7	8	4	6	8	4	3	9	3	3	11
OG0007331	NC_051861.1:25	NC_051861.1	129010639	True	1032	344	2	4	2	2	3	2	3	2	4	1	1	4
OG0007332	NC_051861.1:25	NC_051861.1	129081441	True	1164	388	1	2	3	0	2	4	3	3	1	3	2	3
OG0007333	NC_051861.1:25	NC_051861.1	129093259	True	624	208	1	2	2	1	1	5	5	1	2	4	1	2
OG0007334	NC_051861.1:25	NC_051861.1	129094088	False	726	242	2	5	6	2	5	6	0	0	8	0	0	13
OG0007335	NC_051861.1:25	NC_051861.1	129104704	True	1056	352	5	8	2	10	6	2	3	1	9	1	5	10
OG0007336	NC_051861.1:25	NC_051861.1	129106522	True	660	220	1	2	2	1	4	2	0	2	2	1	1	4
OG0007337	NC_051861.1:25	NC_051861.1	129107876	True	234	78	2	1	1	2	1	1	0	0	3	0	0	2
OG0007338	NC_051861.1:25	NC_051861.1	129119713	True	684	228	3	3	3	2	3	2	0	1	4	1	1	5
OG0007339	NC_051861.1:25	NC_051861.1	129126297	True	945	315	1	2	5	0	4	0	0	7	0	1	5	2
OG0007340	NC_051861.1:25	NC_051861.1	129146315	True	348	116	0	3	1	0	1	1	2	0	0	0	0	1
OG0007341	NC_051861.1:25	NC_051861.1	129160243	True	927	309	6	6	5	6	9	3	2	7	5	2	4	5
OG0007342	NC_051861.1:25	NC_051861.1	129172264	True	447	149	1	0	1	2	0	0	0	1	2	0	2	1
OG0007343	NC_051861.1:7	NC_051861.1	38696917	False	2271	757	4	524	9	8	512	9	12	7	17	5	8	525
OG0007344	NC_051863.1:34	NC_051863.1	174427261	False	1221	407	6	1	18	4	3	24	13	9	8	16	7	6
OG0007345	NC_051863.1:34	NC_051863.1	174402847	False	1950	650	0	1	7	0	0	12	8	1	5	7	1	5
OG0007346	NC_051863.1:34	NC_051863.1	174376441	True	2346	782	4	0	18	4	0	15	1	3	18	2	4	15
OG0007347	NC_051863.1:34	NC_051863.1	174361023	True	2862	954	8	12	21	10	10	22	8	6	14	6	7	16
OG0007348	NC_051862.1:10	NC_051862.1	54559154	True	456	152	0	1	1	0	1	1	0	0	2	0	0	3
OG0007349	NC_051862.1:10	NC_051862.1	54614820	False	744	248	1	2	26	0	2	27	6	4	17	6	4	19
OG0007350	NC_051862.1:10	NC_051862.1	54596018	True	1284	428	3	1	7	7	0	9	4	2	7	4	7	6
OG0007351	NC_051862.1:10	NC_051862.1	54489651	False	1530	510	5	12	9	8	10	6	8	10	6	4	11	9
OG0007352	NC_051862.1:10	NC_051862.1	54478586	True	282	94	0	3	2	0	0	1	3	1	0	0	1	0
OG0007353	NC_051862.1:10	NC_051862.1	54389979	True	816	272	3	11	3	2	12	0	1	5	5	1	3	14
OG0007354	NC_051862.1:10	NC_051862.1	54348417	True	777	259	2	5	3	3	4	2	2	2	4	1	3	6
OG0007355	NC_051863.1:12	NC_051863.1	63620032	True	852	284	0	2	1	0	1	0	1	1	0	0	1	1
OG0007356	NC_051863.1:12	NC_051863.1	63662903	True	1785	595	0	2	2	0	2	2	0	0	0	0	0	2
OG0007357	NC_051863.1:12	NC_051863.1	63558335	True	1407	469	4	14	3	3	12	2	6	5	3	3	3	11
OG0007358	NC_051863.1:12	NC_051863.1	63787110	True	1185	395	5	7	9	4	5	10	8	5	5	8	6	7
OG0007359	NC_051863.1:12	NC_051863.1	63792685	True	3399	1133	9	20	14	7	21	13	9	11	20	10	9	31
OG0007360	NC_051862.1:3	NC_051862.1	18064085	True	1422	474	13	0	0	12	0	0	0	0	12	1	0	0
OG0007361	NC_051862.1:3	NC_051862.1	18051234	False	1056	352	6	7	5	9	4	7	7	2	8	5	6	7
OG0007362	NC_051862.1:3	NC_051862.1	18008790	True	1539	513	5	3	3	9	1	4	5	2	7	3	6	2
OG0007363	NC_051862.1:3	NC_051862.1	18174016	False	1407	469	3	3	3	10	1	1	3	3	3	1	10	1
OG0007364	NC_051862.1:3	NC_051862.1	18188026	True	822	274	2	2	2	11	0	0	2	2	2	0	11	0
OG0007365	NC_051862.1:3	NC_051862.1	17898734	True	1170	390	3	0	0	6	0	1	1	0	3	1	3	0
OG0007366	NC_051862.1:25	NC_051862.1	125198050	False	675	225	7	2	0	8	2	0	0	0	10	0	1	4
OG0007367	NC_051862.1:25	NC_051862.1	125204199	True	639	213	2	3	6	4	2	3	5	6	4	2	6	2
OG0007368	NC_051862.1:25	NC_051862.1	125179657	False	1818	606	12	10	6	7	12	6	5	7	8	9	4	10
OG0007369	NC_051863.1:29	NC_051863.1	146093065	True	1542	514	3	11	5	4	9	8	8	3	7	5	3	12
OG0007370	NC_051862.1:42	NC_051862.1	211954466	True	849	283	4	6	6	5	7	2	1	6	5	1	6	7
OG0007371	NC_051862.1:42	NC_051862.1	211976568	False	744	248	1	1	9	1	1	12	4	1	7	4	1	7
OG0007372	NC_051862.1:42	NC_051862.1	212000321	True	738	246	1	6	5	1	7	7	4	3	3	4	2	8
OG0007373	NC_051862.1:42	NC_051862.1	212011003	True	636	212	7	13	3	7	13	2	2	3	8	1	2	13
OG0007374	NC_051862.1:42	NC_051862.1	212062122	True	1269	423	3	4	3	3	4	0	0	4	4	1	4	4
OG0007375	NC_051862.1:42	NC_051862.1	212086858	True	381	127	4	6	0	6	4	0	3	1	6	0	2	5
OG0007376	NC_051862.1:9	NC_051862.1	45268750	True	3369	1123	4	10	33	2	8	31	11	10	21	11	10	27
OG0007377	NC_051863.1:27	NC_051863.1	137379866	True	657	219	8	4	0	9	3	0	1	0	10	0	1	5
OG0007378	NC_051863.1:27	NC_051863.1	137361401	True	1620	540	10	13	14	35	0	2	14	13	11	1	38	1
OG0007379	NC_051863.1:27	NC_051863.1	137373465	False	1473	491	4	6	11	4	7	9	4	7	5	5	7	9
OG0007380	NC_051863.1:27	NC_051863.1	137275695	False	357	119	9	3	1	8	4	0	2	4	8	2	2	2
OG0007381	NC_051863.1:27	NC_051863.1	137212994	True	771	257	4	0	2	7	0	0	0	2	4	0	6	0
OG0007382	NC_051863.1:27	NC_051863.1	137384401	True	726	242	0	1	0	0	2	0	0	1	0	0	0	1
OG0007383	NC_051863.1:25	NC_051863.1	126720220	True	2319	773	2	2	19	2	2	20	6	5	11	6	5	11
OG0007384	NC_051863.1:25	NC_051863.1	126764495	True	567	189	1	4	6	1	4	5	1	2	7	1	2	10
OG0007385	NC_051863.1:25	NC_051863.1	126675049	True	78	26	0	1	3	0	0	0	1	3	0	0	3	0
OG0007386	NC_051863.1:25	NC_051863.1	127035714	True	885	295	1	1	10	1	1	14	7	3	7	7	3	7
OG0007387	NC_051863.1:25	NC_051863.1	127059861	True	483	161	0	2	0	0	2	0	0	0	0	0	0	2
OG0007388	NC_051863.1:25	NC_051863.1	127062840	True	645	215	3	3	4	4	4	3	1	3	5	1	3	5
OG0007389	NC_051863.1:32	NC_051863.1	162680444	False	671	223	6	7	13	2	9	9	11	15	1	12	12	3
OG0007390	NC_051863.1:32	NC_051863.1	162501596	True	2589	863	2	5	28	3	3	16	8	17	6	6	17	7
OG0007391	NC_051863.1:32	NC_051863.1	162493255	True	822	274	2	2	14	2	2	3	0	10	3	0	10	3
OG0007392	NC_051862.1:13	NC_051862.1	66691036	True	1356	452	10	2	5	6	3	3	1	4	5	5	4	2
OG0007393	NC_051862.1:13	NC_051862.1	66921142	False	0	0	0	0	0	0	0	0	0	0	0	0	0	0
OG0007394	NC_051863.1:25	NC_051863.1	129560694	False	1437	479	3	4	36	3	4	30	6	12	15	5	11	14
OG0007395	NC_051863.1:25	NC_051863.1	129510771	True	2463	821	9	13	3	8	13	4	5	4	9	6	4	14
OG0007396	NC_051863.1:25	NC_051863.1	129461535	True	2931	977	6	33	10	8	25	18	18	3	7	11	5	27
OG0007397	NC_051863.1:25	NC_051863.1	129433182	False	1647	549	5	14	4	2	12	3	6	7	4	6	4	12
OG0007398	NC_051861.1:15	NC_051861.1	79602003	True	2016	672	2	7	3	1	6	0	3	5	6	1	3	9
OG0007399	NC_051861.1:15	NC_051861.1	79494393	True	2061	687	2	1	3	1	1	3	1	0	2	1	0	2
OG0007400	NC_051861.1:15	NC_051861.1	79672993	False	363	121	3	0	0	4	1	0	0	1	3	0	1	0
OG0007401	NC_051863.1:15	NC_051863.1	78932698	True	1197	399	2	10	2	5	7	5	8	2	5	4	4	10
OG0007402	NC_051863.1:24	NC_051863.1	124618416	True	4578	1526	8	24	18	12	23	22	16	13	20	14	16	33
OG0007403	NC_051863.1:4	NC_051863.1	24125055	True	570	190	1	1	0	1	3	1	2	2	1	1	0	1
OG0007404	NC_051863.1:4	NC_051863.1	24195481	True	783	261	0	6	0	0	3	0	3	0	0	0	0	3
OG0007405	NC_051863.1:4	NC_051863.1	24213849	True	1878	626	7	18	11	4	17	10	8	8	4	8	6	14
OG0007406	NC_051863.1:4	NC_051863.1	24274513	True	3243	1081	10	14	12	16	14	10	10	10	19	7	14	21
OG0007407	NC_051863.1:4	NC_051863.1	24296576	True	1089	363	7	3	4	6	8	1	2	9	11	2	4	7
OG0007408	NC_051863.1:4	NC_051863.1	24295454	True	663	221	4	5	1	6	8	2	2	3	8	1	2	9
OG0007409	NC_051861.1:3	NC_051861.1	17326831	True	423	141	2	4	3	2	4	2	1	2	2	1	2	4
OG0007410	NC_051861.1:3	NC_051861.1	17331627	True	3414	1138	3	20	13	1	23	10	7	14	7	6	8	24
OG0007411	NC_051861.1:3	NC_051861.1	17340023	True	1077	359	6	6	2	4	8	1	1	4	4	5	3	8
OG0007412	NC_051861.1:3	NC_051861.1	17341947	False	441	147	0	2	2	0	2	0	0	2	0	0	2	3
OG0007413	NC_051861.1:3	NC_051861.1	17346487	False	1728	576	2	19	7	4	21	9	2	2	17	2	2	36
OG0007414	NC_051861.1:3	NC_051861.1	17403319	True	1125	375	0	13	1	1	13	0	1	1	0	0	2	12
OG0007415	NC_051861.1:3	NC_051861.1	17590011	True	1131	377	1	2	17	2	2	18	9	7	11	8	6	11
OG0007416	NC_051862.1:44	NC_051862.1	224436486	True	729	243	1	0	3	2	0	0	0	3	2	0	4	1
OG0007417	NC_051862.1:44	NC_051862.1	224431328	True	615	205	2	1	1	1	1	0	0	1	1	1	1	1
OG0007418	NC_051862.1:44	NC_051862.1	224429276	True	1761	587	7	3	10	7	2	14	10	5	6	12	8	5
OG0007419	NC_051862.1:44	NC_051862.1	224281263	True	4950	1650	21	8	9	20	7	10	11	9	15	15	13	6
OG0007420	NC_051862.1:44	NC_051862.1	224441273	True	228	76	0	0	0	0	0	0	0	0	2	0	0	2
OG0007421	NC_051862.1:44	NC_051862.1	224266263	True	1071	357	2	2	10	2	2	8	3	4	4	3	4	4
OG0007422	NC_051862.1:44	NC_051862.1	224443443	True	3987	1329	5	6	15	6	4	9	5	10	5	5	12	5
OG0007423	NC_051863.1:4	NC_051863.1	22224004	False	1398	466	2	8	2	1	9	1	2	2	1	2	2	8
OG0007424	NC_051863.1:4	NC_051863.1	22445521	True	603	201	0	6	2	2	6	1	1	1	0	0	2	5
OG0007425	NC_051863.1:27	NC_051863.1	135966201	False	5730	1910	120	23	18	159	0	0	23	18	120	0	66	0
OG0007426	NC_051863.1:27	NC_051863.1	136012189	False	855	285	3	2	2	3	0	1	2	1	3	0	3	0
OG0007427	NC_051863.1:27	NC_051863.1	135998447	True	345	115	1	0	0	2	0	0	0	0	2	0	1	1
OG0007428	NC_051863.1:27	NC_051863.1	136055461	False	285	95	2	1	2	1	0	1	1	1	1	0	1	0
OG0007429	NC_051863.1:3	NC_051863.1	19286705	False	732	244	2	3	4	2	3	5	1	0	6	1	0	7
OG0007430	NC_051863.1:3	NC_051863.1	19291834	False	666	222	1	0	16	0	1	5	0	11	2	1	11	2
OG0007431	NC_051863.1:3	NC_051863.1	18830890	True	4086	1362	0	18	12	1	17	7	6	12	3	5	11	19
OG0007432	NC_051863.1:29	NC_051863.1	148223575	False	1554	518	1	3	7	1	4	7	2	3	4	3	2	6
OG0007433	NC_051863.1:36	NC_051863.1	180882909	True	1677	559	0	2	3	1	2	4	1	0	3	1	1	5
OG0007434	NC_051863.1:36	NC_051863.1	180717033	True	2313	771	1	9	21	1	9	21	8	8	20	6	6	25
OG0007435	NC_051863.1:36	NC_051863.1	180680071	True	1497	499	3	18	4	4	14	5	5	0	6	2	2	18
OG0007436	NC_051862.1:23	NC_051862.1	118343790	True	444	148	0	1	1	1	1	2	1	0	1	1	1	2
OG0007437	NC_051862.1:23	NC_051862.1	118360770	False	954	318	0	6	15	2	5	23	10	1	10	9	3	15
OG0007438	NC_051863.1:30	NC_051863.1	154471635	True	423	141	1	1	0	1	0	0	1	0	0	1	1	0
OG0007439	NC_051863.1:30	NC_051863.1	154458943	True	2025	675	24	10	11	20	13	7	9	16	19	12	14	10
OG0007440	NC_051863.1:30	NC_051863.1	154440291	False	2673	891	5	16	5	9	7	6	17	7	6	9	12	9
OG0007441	NC_051863.1:30	NC_051863.1	154435870	True	762	254	1	3	2	2	4	2	1	2	0	2	4	3
OG0007442	NC_051863.1:30	NC_051863.1	154483450	True	885	295	0	1	0	1	1	0	0	0	0	0	1	1
OG0007443	NC_051862.1:5	NC_051862.1	29061394	False	3981	1327	7	23	30	8	19	30	24	20	24	20	24	39
OG0007444	NC_051862.1:5	NC_051862.1	29094860	True	912	304	5	3	4	4	3	3	2	3	8	3	3	7
OG0007445	NC_051862.1:5	NC_051862.1	29145133	True	933	311	3	0	4	2	0	5	3	2	6	4	2	4
OG0007446	NC_051862.1:5	NC_051862.1	29185221	True	1635	545	2	1	11	2	2	11	1	2	3	1	1	2
OG0007447	NC_051862.1:5	NC_051862.1	29214058	True	1080	360	3	3	4	3	4	6	3	4	5	4	4	4
OG0007448	NC_051862.1:5	NC_051862.1	29350300	True	1599	533	6	26	7	7	17	12	23	8	4	14	10	16
OG0007449	NC_051863.1:9	NC_051863.1	45064512	False	360	120	0	0	6	0	0	10	4	0	0	4	0	0
OG0007450	NC_051863.1:9	NC_051863.1	45024484	True	1548	516	4	0	20	5	0	20	3	4	19	3	5	15
OG0007451	NC_051863.1:9	NC_051863.1	45056488	True	1800	600	0	0	18	0	0	13	3	7	16	3	7	16
OG0007452	NC_051863.1:8	NC_051863.1	44950194	True	2448	816	3	0	15	3	0	15	0	0	21	0	0	18
OG0007453	NC_051863.1:8	NC_051863.1	44944487	True	996	332	1	0	13	0	0	11	0	2	10	0	2	10
OG0007454	NC_051863.1:8	NC_051863.1	44926584	True	1095	365	2	2	13	1	5	18	9	7	7	10	4	8
OG0007455	NC_051863.1:8	NC_051863.1	44925471	True	912	304	1	1	12	1	1	11	1	2	12	1	2	12
OG0007456	NC_051863.1:8	NC_051863.1	44895969	True	645	215	0	0	2	0	0	2	0	0	2	0	0	2
OG0007457	NC_051862.1:21	NC_051862.1	106442120	False	1074	358	0	0	0	0	0	0	0	0	0	0	0	0
OG0007458	NC_051861.1:5	NC_051861.1	26130584	True	3012	1004	3	4	17	3	5	17	1	2	17	1	1	18
OG0007459	NC_051861.1:5	NC_051861.1	26086191	False	4677	1559	9	43	62	3	61	47	15	48	24	17	31	60
OG0007460	NC_051861.1:24	NC_051861.1	120520942	True	1191	397	1	1	9	1	1	7	1	3	5	1	3	5
OG0007461	NC_051862.1:4	NC_051862.1	20710360	True	348	116	1	2	6	2	1	3	0	3	4	0	3	4
OG0007462	NC_051862.1:4	NC_051862.1	20786874	True	1080	360	2	9	22	4	9	23	13	13	7	10	11	10
OG0007463	NC_051861.1:18	NC_051861.1	94644832	False	1098	366	0	0	10	1	1	0	0	10	1	0	10	1
OG0007464	NC_051861.1:18	NC_051861.1	94564966	False	2949	983	3	8	36	6	4	40	16	10	16	12	15	17
OG0007465	NC_051862.1:9	NC_051862.1	49453893	True	5127	1709	7	16	5	4	15	5	4	3	7	6	3	18
OG0007466	NC_051862.1:9	NC_051862.1	49621524	True	480	160	0	6	2	1	4	4	5	1	1	3	2	5
OG0007467	NC_051862.1:14	NC_051862.1	74853693	False	1740	580	12	27	25	12	29	22	7	11	27	5	9	41
OG0007468	NC_051862.1:14	NC_051862.1	74736704	True	444	148	1	0	3	2	0	6	2	0	2	2	1	1
OG0007469	NC_051862.1:14	NC_051862.1	74712123	True	1815	605	0	4	13	1	3	12	1	3	10	0	3	12
OG0007470	NC_051862.1:14	NC_051862.1	74699616	True	1044	348	0	6	32	1	5	29	3	4	13	2	5	19
OG0007471	NC_051861.1:9	NC_051861.1	49955463	False	3177	1059	2	24	6	2	13	4	15	6	1	3	5	12
OG0007472	NC_051861.1:9	NC_051861.1	49924844	True	1608	536	3	8	1	3	8	0	0	1	10	0	1	15
OG0007473	NC_051861.1:22	NC_051861.1	110789694	True	900	300	14	4	7	13	3	0	1	7	10	6	11	4
OG0007474	NC_051861.1:22	NC_051861.1	110758734	True	1206	402	4	5	5	4	5	3	3	5	3	4	6	5
OG0007475	NC_051861.1:22	NC_051861.1	110792837	True	852	284	9	2	3	5	1	0	2	4	4	5	4	0
OG0007476	NC_051861.1:22	NC_051861.1	110721875	True	1566	522	7	1	3	10	0	1	1	2	6	1	6	0
OG0007477	NC_051861.1:22	NC_051861.1	110705625	False	3321	1107	42	23	17	50	9	7	19	17	41	8	26	10
OG0007478	NC_051861.1:22	NC_051861.1	110674441	True	1632	544	5	3	17	11	4	2	2	18	6	1	21	3
OG0007479	NC_051861.1:22	NC_051861.1	110659376	True	1335	445	3	4	2	1	3	0	1	2	1	2	2	3
OG0007480	NC_051861.1:22	NC_051861.1	110628141	True	1380	460	2	2	3	3	3	2	0	2	4	0	2	4
OG0007481	NC_051861.1:22	NC_051861.1	110527575	True	579	193	0	0	0	0	0	0	0	0	0	0	0	0
OG0007482	NC_051861.1:22	NC_051861.1	110446729	True	747	249	4	2	2	5	6	6	5	5	7	5	2	5
OG0007483	NC_051863.1:8	NC_051863.1	42335348	False	9477	3159	18	10	97	18	9	98	30	29	74	30	30	68
OG0007484	NC_051863.1:8	NC_051863.1	42324439	True	576	192	0	0	6	0	0	5	1	2	4	1	2	4
OG0007485	NC_051863.1:8	NC_051863.1	42317495	False	231	77	0	0	1	0	0	2	1	0	1	1	0	1
OG0007486	NC_051863.1:8	NC_051863.1	42246651	True	1833	611	3	1	22	2	2	18	4	9	8	5	9	7
OG0007487	NC_051862.1:3	NC_051862.1	17575857	True	2205	735	10	3	1	7	2	1	1	0	8	3	0	3
OG0007488	NC_051861.1:7	NC_051861.1	36635026	True	1971	657	7	10	8	6	8	10	4	0	17	4	1	20
OG0007489	NC_051863.1:4	NC_051863.1	22914323	False	726	242	1	0	10	0	0	0	0	10	0	1	10	0
OG0007490	NC_051863.1:11	NC_051863.1	58762239	True	396	132	0	2	1	3	2	0	1	2	0	0	4	1
OG0007491	NC_051863.1:1	NC_051863.1	5040996	True	1146	382	0	1	3	0	1	3	1	1	7	1	1	8
OG0007492	NC_051863.1:1	NC_051863.1	5270850	True	411	137	1	3	3	1	5	3	3	5	1	2	2	2
OG0007493	NC_051861.1:6	NC_051861.1	32812182	False	1677	559	5	167	6	11	108	9	36	3	10	6	9	113
OG0007494	NC_051861.1:6	NC_051861.1	32821911	False	2085	695	7	589	10	11	558	11	42	7	34	4	6	611
OG0007495	NC_051861.1:6	NC_051861.1	32933579	True	1056	352	5	8	5	8	7	3	2	3	16	0	5	16
OG0007496	NC_051861.1:6	NC_051861.1	32941735	False	885	295	7	10	4	7	11	6	5	4	16	4	2	17
OG0007497	NC_051861.1:6	NC_051861.1	33002083	False	1071	357	4	3	0	4	2	5	6	0	13	5	0	10
OG0007498	NC_051863.1:34	NC_051863.1	174843897	False	3111	1037	0	1623	1	0	1624	1	0	1	3	0	0	1626
OG0007499	NC_051863.1:34	NC_051863.1	174833853	True	1110	370	1	3	8	0	2	5	3	5	3	3	5	5
OG0007500	NC_051863.1:34	NC_051863.1	174775269	True	372	124	0	1	4	0	1	2	1	3	2	0	2	2
OG0007501	NC_051863.1:34	NC_051863.1	174692371	True	1836	612	10	0	20	0	0	14	4	9	4	14	9	4
OG0007502	NC_051863.1:34	NC_051863.1	174675624	True	3084	1028	5	1	26	3	1	17	7	16	12	9	17	10
OG0007503	NC_051863.1:34	NC_051863.1	174654028	False	723	241	0	0	5	0	0	4	1	2	3	1	2	3
OG0007504	NC_051863.1:34	NC_051863.1	174563475	False	2934	978	6	11	2	4	13	5	4	4	3	7	3	13
OG0007505	NC_051863.1:34	NC_051863.1	174903773	False	10392	3464	15	2728	23	19	2740	13	17	30	21	13	27	2738
OG0007506	NC_051861.1:11	NC_051861.1	55248103	False	1629	543	0	9	0	0	10	0	0	1	0	0	0	9
OG0007507	NC_051863.1:6	NC_051863.1	32412019	True	513	171	4	12	2	3	17	0	2	8	5	2	3	12
OG0007508	NC_051863.1:6	NC_051863.1	32587540	True	285	95	1	2	0	1	1	0	0	0	1	0	0	1
OG0007509	NC_051863.1:6	NC_051863.1	32589189	True	225	75	0	1	0	1	2	1	2	2	0	1	1	0
OG0007510	NC_051862.1:40	NC_051862.1	201850891	True	1167	389	12	4	1	3	11	3	4	9	4	12	1	4
OG0007511	NC_051861.1:2	NC_051861.1	12517812	True	861	287	1	4	7	1	5	8	2	2	3	2	1	6
OG0007512	NC_051861.1:2	NC_051861.1	12505212	False	846	282	3	4	11	4	5	5	1	7	6	2	7	7
OG0007513	NC_051863.1:30	NC_051863.1	154735233	True	1926	642	3	4	2	2	4	4	3	0	3	5	1	6
OG0007514	NC_051863.1:30	NC_051863.1	154855897	True	933	311	3	1	2	9	2	1	1	3	3	1	8	1
OG0007515	NC_051863.1:27	NC_051863.1	139979469	True	3765	1255	12	13	5	21	10	4	8	6	12	6	16	11
OG0007516	NC_051863.1:17	NC_051863.1	85739747	False	4107	1369	76	2	1	0	1527	0	0	1525	1	76	1	3
OG0007517	NC_051861.1:25	NC_051861.1	127661575	False	6075	2025	215	32	29	210	20	25	29	21	223	28	37	36
OG0007518	NC_051861.1:25	NC_051861.1	127426954	True	1506	502	3	6	0	2	5	7	8	0	5	8	0	8
OG0007519	NC_051862.1:41	NC_051862.1	207793146	False	5166	1722	5	1254	45	3	1257	41	19	19	28	13	15	1288
OG0007520	NC_051862.1:41	NC_051862.1	207888304	False	2424	808	4	11	27	5	10	18	8	17	13	7	18	19
OG0007521	NC_051863.1:3	NC_051863.1	15167630	False	723	241	0	0	15	0	0	10	2	7	8	2	7	8
OG0007522	NC_051863.1:3	NC_051863.1	15182829	False	492	164	0	0	2	0	0	4	3	1	2	3	1	2
OG0007523	NC_051863.1:3	NC_051863.1	15191074	False	210	70	0	3	1	0	2	0	1	1	0	0	1	2
OG0007524	NC_051863.1:3	NC_051863.1	15247255	True	1689	563	2	6	10	3	6	6	1	5	7	0	5	10
OG0007525	NC_051863.1:3	NC_051863.1	15334966	True	912	304	1	5	0	3	4	0	2	1	3	0	1	4
OG0007526	NC_051863.1:3	NC_051863.1	15166023	True	1206	402	2	2	22	2	1	21	9	8	10	8	8	8
OG0007527	NC_051863.1:3	NC_051863.1	15156847	False	1233	411	0	1	12	2	2	16	6	3	4	6	4	5
OG0007528	NC_051862.1:34	NC_051862.1	171052002	True	1011	337	2	3	6	2	3	6	4	5	2	3	3	2
OG0007529	NC_051863.1:14	NC_051863.1	73958351	True	531	177	0	4	1	0	2	1	2	0	0	0	0	2
OG0007530	NC_051863.1:14	NC_051863.1	73950386	False	690	230	1	14	4	3	12	3	3	2	2	1	4	13
OG0007531	NC_051863.1:14	NC_051863.1	73934994	True	1470	490	0	12	23	0	10	24	7	4	22	5	4	33
OG0007532	NC_051863.1:11	NC_051863.1	58268652	False	2637	879	8	24	16	35	4	6	26	16	7	7	45	4
OG0007533	NC_051863.1:11	NC_051863.1	58287748	True	714	238	5	12	2	15	8	3	9	4	6	2	11	6
OG0007534	NC_051863.1:37	NC_051863.1	186948310	True	1419	473	6	11	4	5	14	7	5	7	4	8	5	12
OG0007535	NC_051863.1:37	NC_051863.1	186931742	True	3750	1250	16	22	15	14	30	16	13	20	22	17	13	32
OG0007536	NC_051863.1:37	NC_051863.1	186836772	False	1326	442	4	83	4	2	146	6	6	27	2	7	3	82
OG0007537	NC_051863.1:37	NC_051863.1	186828324	False	1131	377	4	11	5	3	132	7	3	119	15	3	0	21
OG0007538	NC_051863.1:37	NC_051863.1	186797282	True	879	293	2	6	1	4	5	4	5	1	3	5	4	7
OG0007539	NC_051863.1:37	NC_051863.1	186743641	False	1413	471	5	17	4	2	19	5	5	7	0	9	5	16
OG0007540	NC_051863.1:37	NC_051863.1	186405862	True	2043	681	0	3	2	1	4	4	2	1	3	2	1	6
OG0007541	NC_051863.1:37	NC_051863.1	186962927	True	723	241	10	3	3	10	3	1	0	2	9	2	3	4
OG0007542	NC_051862.1:42	NC_051862.1	211521812	True	1536	512	3	5	4	3	4	3	3	3	8	2	3	9
OG0007543	NC_051862.1:42	NC_051862.1	211528503	True	453	151	1	0	0	0	0	0	0	0	0	1	0	0
OG0007544	NC_051862.1:42	NC_051862.1	211551119	True	1344	448	2	11	3	1	13	2	1	4	2	2	2	12
OG0007545	NC_051862.1:42	NC_051862.1	211678521	True	2577	859	15	16	7	14	11	4	7	5	20	4	6	17
OG0007546	NC_051862.1:42	NC_051862.1	211700637	True	2064	688	3	14	4	5	17	0	1	8	6	0	5	16
OG0007547	NC_051863.1:32	NC_051863.1	164675253	True	960	320	1	2	6	1	2	5	1	2	2	1	2	3
OG0007548	NC_051863.1:32	NC_051863.1	164524340	True	1176	392	4	1	7	1	1	4	2	5	1	5	5	1
OG0007549	NC_051863.1:32	NC_051863.1	164506103	True	855	285	1	3	9	0	3	3	2	8	0	2	7	2
OG0007550	NC_051863.1:32	NC_051863.1	164501498	True	1266	422	0	5	13	1	4	8	8	11	7	7	10	10
OG0007551	NC_051863.1:32	NC_051863.1	164494234	True	2130	710	10	10	25	5	11	11	5	21	11	10	20	16
OG0007552	NC_051863.1:32	NC_051863.1	164484775	True	810	270	1	7	8	2	6	8	9	8	2	7	8	7
OG0007553	NC_051863.1:32	NC_051863.1	164483946	True	279	93	3	1	1	2	1	2	1	0	2	3	1	2
OG0007554	NC_051863.1:32	NC_051863.1	164467775	True	723	241	1	1	3	1	1	1	0	2	2	0	2	2
OG0007555	NC_051863.1:32	NC_051863.1	164451989	True	7308	2436	17	24	28	28	21	15	18	27	18	12	35	21
OG0007556	NC_051863.1:32	NC_051863.1	164713053	True	1722	574	0	7	30	3	9	18	3	18	8	3	19	15
OG0007557	NC_051861.1:6	NC_051861.1	32638764	True	1380	460	1	1	2	1	4	5	4	4	2	5	2	3
OG0007558	NC_051861.1:6	NC_051861.1	32599027	False	1197	399	2	271	1	3	267	7	9	2	3	7	2	269
OG0007559	NC_051861.1:6	NC_051861.1	32524428	False	2826	942	2	550	5	4	533	10	23	10	6	10	6	532
OG0007560	NC_051861.1:6	NC_051861.1	32487836	True	309	103	0	3	1	0	2	0	1	1	1	0	1	3
OG0007561	NC_051861.1:23	NC_051861.1	117477590	True	453	151	1	1	1	0	1	1	0	0	0	1	0	1
OG0007562	NC_051861.1:23	NC_051861.1	117488013	True	771	257	2	1	4	2	0	3	2	2	3	1	2	1
OG0007563	NC_051861.1:23	NC_051861.1	117515875	True	588	196	9	0	7	7	2	5	3	7	7	6	6	1
OG0007564	NC_051861.1:23	NC_051861.1	117517758	True	576	192	1	0	7	1	0	6	2	3	3	2	3	2
OG0007565	NC_051862.1:40	NC_051862.1	203888117	True	2148	716	0	4	8	0	3	2	1	6	2	0	6	5
OG0007566	NC_051862.1:4	NC_051862.1	23695767	True	3468	1156	2	8	34	2	7	25	2	10	15	1	10	20
OG0007567	NC_051862.1:4	NC_051862.1	23634716	True	531	177	0	0	0	0	0	0	0	0	0	0	0	0
OG0007568	NC_051862.1:4	NC_051862.1	23494131	False	174	58	0	0	1	0	0	1	0	0	0	0	0	0
OG0007569	NC_051863.1:3	NC_051863.1	19553317	True	411	137	1	3	8	1	2	10	3	0	2	3	1	4
OG0007570	NC_051863.1:3	NC_051863.1	19588914	True	783	261	1	1	7	1	1	9	2	0	2	3	1	3
OG0007571	NC_051863.1:3	NC_051863.1	19452721	True	1749	583	1	3	37	1	4	32	1	7	13	1	6	15
OG0007572	NC_051862.1:35	NC_051862.1	175282846	True	462	154	1	2	0	0	1	2	3	0	0	3	0	1
OG0007573	NC_051862.1:35	NC_051862.1	175283653	True	489	163	3	1	4	3	1	6	6	4	5	5	3	2
OG0007574	NC_051862.1:15	NC_051862.1	77479442	True	663	221	0	0	3	0	0	3	0	0	2	0	0	2
OG0007575	NC_051862.1:15	NC_051862.1	77423320	True	1086	362	1	0	7	1	1	6	1	3	8	1	2	7
OG0007576	NC_051862.1:15	NC_051862.1	77448621	True	1452	484	2	4	34	1	4	26	3	13	20	4	13	23
OG0007577	NC_051862.1:15	NC_051862.1	77505808	False	1242	414	1	1	10	0	1	16	8	1	7	9	1	8
OG0007578	NC_051862.1:15	NC_051862.1	77534541	False	1578	526	1	1	11	1	0	15	10	5	3	10	6	3
OG0007579	NC_051862.1:43	NC_051862.1	218390896	False	750	250	14	1	1	15	0	1	1	0	13	1	2	0
OG0007580	NC_051862.1:43	NC_051862.1	218411009	True	2007	669	4	6	27	5	6	23	7	10	22	7	10	25
OG0007581	NC_051862.1:17	NC_051862.1	88396078	False	3633	1211	8	9	42	8	8	35	21	27	16	21	30	18
OG0007582	NC_051862.1:17	NC_051862.1	88391251	True	501	167	1	1	6	2	2	6	1	1	3	1	2	3
OG0007583	NC_051862.1:17	NC_051862.1	88392223	True	603	201	0	1	4	0	1	2	1	3	1	0	2	1
OG0007584	NC_051862.1:17	NC_051862.1	88382157	False	876	292	1	0	6	1	0	2	0	4	7	0	4	6
OG0007585	NC_051862.1:17	NC_051862.1	88372801	False	453	151	0	1	7	0	2	6	1	3	2	1	2	3
OG0007586	NC_051862.1:17	NC_051862.1	88350697	False	810	270	0	0	10	1	0	7	3	6	13	3	7	13
OG0007587	NC_051862.1:17	NC_051862.1	88216041	True	2139	713	6	1	9	6	2	9	2	3	5	3	3	1
OG0007588	NC_051862.1:17	NC_051862.1	88188033	False	1233	411	16	5	4	12	11	7	6	9	11	13	5	6
OG0007589	NC_051862.1:17	NC_051862.1	88159904	True	1857	619	3	10	11	3	13	11	6	9	6	5	6	12
OG0007590	NC_051863.1:30	NC_051863.1	151028234	True	3222	1074	3	1	26	2	1	31	6	1	39	6	0	37
OG0007591	NC_051863.1:30	NC_051863.1	151053517	True	210	70	0	0	1	1	0	0	0	1	0	0	2	0
OG0007592	NC_051862.1:44	NC_051862.1	224947666	True	879	293	0	0	5	0	1	5	0	1	2	0	0	2
OG0007593	NC_051862.1:44	NC_051862.1	224945411	True	1257	419	1	1	7	1	2	7	2	4	5	2	3	5
OG0007594	NC_051862.1:44	NC_051862.1	224924427	True	3204	1068	0	4	19	0	5	21	3	3	10	3	2	14
OG0007595	NC_051862.1:44	NC_051862.1	224951253	True	1494	498	0	0	8	0	0	10	3	1	4	3	1	4
OG0007596	NC_051862.1:44	NC_051862.1	224970698	True	1581	527	0	2	11	0	2	10	0	1	0	0	1	2
OG0007597	NC_051862.1:44	NC_051862.1	224996102	True	3474	1158	2	2	13	1	1	14	7	4	10	7	4	10
OG0007598	NC_051862.1:45	NC_051862.1	225091263	True	312	104	0	0	2	0	0	2	0	0	0	0	0	0
OG0007599	NC_051862.1:45	NC_051862.1	225076890	True	867	289	0	1	3	0	1	3	0	0	2	0	0	3
OG0007600	NC_051862.1:45	NC_051862.1	225085797	True	1737	579	0	0	6	0	0	6	0	0	4	0	0	4
OG0007601	NC_051862.1:45	NC_051862.1	225102634	True	1299	433	0	0	3	0	0	3	0	0	5	0	0	5
OG0007602	NC_051862.1:45	NC_051862.1	225113777	False	4020	1340	0	1	21	0	1	21	0	0	11	0	0	12
OG0007603	NC_051861.1:7	NC_051861.1	37033407	True	1131	377	4	10	1	4	8	5	5	0	5	4	0	9
OG0007604	NC_051861.1:7	NC_051861.1	37092826	False	450	150	0	3	2	1	3	2	4	3	2	2	3	4
OG0007605	NC_051861.1:7	NC_051861.1	36921036	False	2343	781	36	17	10	0	1091	2	4	1088	0	38	10	15
OG0007606	NC_051861.1:7	NC_051861.1	37098252	False	2703	901	20	56	22	18	59	15	8	17	33	13	18	77
OG0007607	NC_051861.1:7	NC_051861.1	37107567	False	384	128	3	45	1	4	44	0	0	1	4	0	2	45
OG0007608	NC_051862.1:32	NC_051862.1	160751436	False	1167	389	0	71	2	0	73	1	0	2	1	0	1	73
OG0007609	NC_051862.1:32	NC_051862.1	160730250	True	1017	339	0	1	8	1	1	10	2	1	4	2	2	5
OG0007610	NC_051862.1:32	NC_051862.1	160696356	False	1143	381	1	1	12	3	1	7	1	7	4	1	9	4
OG0007611	NC_051861.1:2	NC_051861.1	13282924	False	1197	399	0	10	2	0	10	2	0	0	2	0	0	12
OG0007612	NC_051861.1:2	NC_051861.1	13232027	False	5373	1791	13	38	14	10	39	56	58	16	14	57	10	39
OG0007613	NC_051861.1:2	NC_051861.1	13242182	True	1284	428	3	3	2	2	6	2	2	5	4	3	2	5
OG0007614	NC_051862.1:12	NC_051862.1	62043810	False	1107	369	2	104	7	3	108	4	3	6	7	1	5	108
OG0007615	NC_051862.1:12	NC_051862.1	62064749	True	954	318	1	2	15	1	4	2	2	17	1	2	15	2
OG0007616	NC_051862.1:12	NC_051862.1	62029683	False	1056	352	4	2	3	5	2	2	3	4	12	3	6	10
OG0007617	NC_051862.1:12	NC_051862.1	62094564	True	2346	782	7	6	10	14	10	7	8	15	7	6	16	4
OG0007618	NC_051861.1:21	NC_051861.1	106932735	True	2919	973	2	4	15	2	5	15	4	5	21	4	4	23
OG0007619	NC_051861.1:21	NC_051861.1	106920676	True	729	243	1	1	6	0	0	4	3	4	3	3	4	3
OG0007620	NC_051861.1:21	NC_051861.1	106925077	True	318	106	0	1	4	0	0	4	2	0	2	1	0	2
OG0007622	NC_051861.1:26	NC_051861.1	131837847	False	1527	509	0	32	13	0	32	13	1	1	155	1	1	217
OG0007623	NC_051861.1:20	NC_051861.1	100964517	False	3396	1132	2	6	56	3	4	51	13	15	28	11	16	30
OG0007624	NC_051862.1:40	NC_051862.1	202789909	True	1278	426	0	1	11	0	1	8	0	3	6	0	3	7
OG0007625	NC_051861.1:20	NC_051861.1	100951112	True	1305	435	1	8	17	1	6	21	11	8	10	9	8	15
OG0007626	NC_051861.1:20	NC_051861.1	100903795	False	936	312	4	3	8	4	3	7	1	2	7	1	2	6
OG0007627	NC_051861.1:20	NC_051861.1	100924798	True	876	292	0	1	7	1	2	10	4	2	7	4	2	8
OG0007628	NC_051862.1:27	NC_051862.1	137660631	False	120	40	1	0	0	1	0	0	0	0	1	0	0	0
OG0007629	NC_051863.1:13	NC_051863.1	67604106	True	951	317	1	2	4	1	2	3	1	3	7	1	3	8
OG0007630	NC_051862.1:27	NC_051862.1	137633944	True	1089	363	0	0	0	0	0	0	0	0	1	0	0	1
OG0007631	NC_051863.1:8	NC_051863.1	42994499	True	2709	903	0	1	18	0	1	13	1	6	4	2	6	5
OG0007632	NC_051863.1:8	NC_051863.1	42963637	False	1575	525	2	4	14	2	3	13	6	6	10	4	5	10
OG0007633	NC_051862.1:40	NC_051862.1	202965550	False	618	206	3	10	15	5	9	9	3	8	6	2	10	11
OG0007634	NC_051862.1:40	NC_051862.1	202872356	True	1287	429	6	7	13	3	4	12	7	5	5	7	5	6
OG0007635	NC_051863.1:35	NC_051863.1	177202781	True	426	142	1	1	6	1	1	6	2	2	4	2	2	4
OG0007636	NC_051863.1:35	NC_051863.1	177192378	True	1422	474	2	3	21	3	3	19	3	5	12	3	6	13
OG0007637	NC_051863.1:35	NC_051863.1	177176740	True	237	79	0	0	4	0	0	4	0	0	0	0	0	0
OG0007638	NC_051863.1:35	NC_051863.1	177139976	False	168	56	0	0	0	0	0	0	0	0	1	0	0	1
OG0007639	NC_051863.1:35	NC_051863.1	177068280	True	987	329	0	1	3	0	1	3	0	0	5	0	0	6
OG0007640	NC_051863.1:35	NC_051863.1	177066563	True	783	261	0	0	5	0	0	6	1	0	7	1	1	7
OG0007641	NC_051863.1:27	NC_051863.1	137643551	False	768	256	4	0	3	7	0	4	2	1	4	2	4	0
OG0007642	NC_051863.1:27	NC_051863.1	137898474	True	3933	1311	34	13	20	46	9	6	10	19	29	9	33	7
OG0007643	NC_051863.1:27	NC_051863.1	137741401	True	3762	1254	21	9	11	18	15	12	9	15	17	13	10	9
OG0007644	NC_051861.1:11	NC_051861.1	58149038	False	1971	657	79	1	0	79	1	0	0	0	80	0	0	3
OG0007645	NC_051862.1:4	NC_051862.1	20511713	False	534	178	2	0	6	1	1	7	2	2	1	3	1	0
OG0007646	NC_051862.1:4	NC_051862.1	20610648	True	2778	926	1	9	16	2	8	11	6	11	6	4	10	12
OG0007647	NC_051862.1:5	NC_051862.1	27471184	True	1257	419	0	0	17	0	0	12	1	6	7	1	6	7
OG0007648	NC_051862.1:5	NC_051862.1	27457211	True	1203	401	0	3	9	0	2	7	3	4	4	2	4	6
OG0007649	NC_051862.1:5	NC_051862.1	27454954	True	1500	500	2	5	9	2	4	13	7	3	13	6	3	15
OG0007650	NC_051862.1:5	NC_051862.1	27479838	True	864	288	0	1	11	0	2	8	2	6	6	2	5	7
OG0007651	NC_051862.1:5	NC_051862.1	27382315	True	1518	506	5	8	16	8	8	21	9	6	17	7	7	18
OG0007652	NC_051862.1:5	NC_051862.1	27377194	True	447	149	0	0	0	0	0	0	0	0	0	0	0	0
OG0007653	NC_051862.1:5	NC_051862.1	27302949	True	2997	999	2	6	21	3	5	29	17	7	14	16	8	17
OG0007654	NC_051862.1:5	NC_051862.1	27287044	False	2259	753	3	11	24	2	11	31	14	7	24	13	6	31
OG0007655	NC_051863.1:30	NC_051863.1	153110530	True	1884	628	4	8	4	4	5	3	6	4	5	2	3	5
OG0007656	NC_051863.1:30	NC_051863.1	153154174	True	480	160	0	0	0	1	0	1	1	0	1	1	1	1
OG0007657	NC_051863.1:30	NC_051863.1	153162334	True	525	175	0	2	0	0	3	1	1	1	2	1	0	3
OG0007658	NC_051863.1:30	NC_051863.1	153180997	True	2100	700	0	1	5	0	3	3	1	5	0	1	3	1
OG0007659	NC_051863.1:30	NC_051863.1	153344921	False	2103	701	7	16	23	5	11	15	12	14	9	7	14	18
OG0007660	NC_051862.1:6	NC_051862.1	33166476	False	1041	347	1	4	16	0	3	16	2	3	7	3	3	10
OG0007661	NC_051861.1:19	NC_051861.1	97578244	True	459	153	1	0	2	3	0	0	0	1	3	0	3	4
OG0007662	NC_051863.1:11	NC_051863.1	55085734	False	231	77	0	0	2	0	0	3	0	0	1	0	0	1
OG0007663	NC_051862.1:23	NC_051862.1	116619173	True	630	210	0	0	9	0	0	9	0	0	10	0	0	10
OG0007664	NC_051862.1:23	NC_051862.1	116706699	True	870	290	0	1	4	0	0	4	2	1	2	1	1	2
OG0007665	NC_051862.1:23	NC_051862.1	116686942	False	4341	1447	1	4	51	1	4	52	1	0	52	1	0	55
OG0007666	NC_051862.1:23	NC_051862.1	116624438	True	855	285	1	1	13	1	1	14	0	0	13	0	0	13
OG0007667	NC_051862.1:23	NC_051862.1	116617429	True	495	165	0	0	0	0	0	0	0	0	1	0	0	1
OG0007668	NC_051863.1:17	NC_051863.1	88847493	False	813	271	0	0	0	0	0	0	0	0	0	0	0	0
OG0007669	NC_051863.1:20	NC_051863.1	102740138	False	1785	595	0	7	0	0	7	0	0	0	0	0	0	7
OG0007671	NC_051862.1:13	NC_051862.1	67683165	True	2274	758	24	13	6	25	9	9	11	4	20	11	8	9
OG0007672	NC_051862.1:13	NC_051862.1	67679351	False	2244	748	27	13	14	23	17	10	7	15	18	15	15	10
OG0007673	NC_051862.1:13	NC_051862.1	67492420	False	1425	475	0	1	0	1	1	2	2	0	1	2	1	2
OG0007674	NC_051862.1:13	NC_051862.1	67487995	True	2919	973	22	17	12	23	25	11	13	21	18	19	21	20
OG0007675	NC_051862.1:13	NC_051862.1	67484216	True	711	237	5	0	4	8	0	2	1	3	6	2	7	1
OG0007676	NC_051863.1:5	NC_051863.1	29864094	True	1344	448	3	7	1	6	8	2	4	4	4	1	3	5
OG0007677	NC_051863.1:3	NC_051863.1	18282164	True	792	264	1	9	5	1	8	2	2	4	0	2	5	8
OG0007678	NC_051863.1:3	NC_051863.1	18289680	True	1329	443	4	8	3	11	6	1	4	4	4	2	13	7
OG0007679	NC_051863.1:3	NC_051863.1	18291135	True	2604	868	6	19	13	4	15	11	12	10	5	11	11	16
OG0007680	NC_051863.1:3	NC_051863.1	18267889	False	930	310	4	9	6	2	5	6	6	2	3	5	3	7
OG0007681	NC_051863.1:3	NC_051863.1	18303930	True	1164	388	5	5	1	5	4	6	7	1	5	8	3	6
OG0007682	NC_051863.1:3	NC_051863.1	18369393	True	564	188	1	1	3	1	0	2	1	1	2	0	1	1
OG0007683	NC_051863.1:3	NC_051863.1	18419258	True	2190	730	2	7	4	1	5	5	6	3	2	3	2	5
OG0007684	NC_051863.1:3	NC_051863.1	18213767	False	2052	684	3	7	43	4	9	7	5	42	6	2	40	8
OG0007685	NC_051863.1:30	NC_051863.1	153573560	False	1188	396	2	3	17	2	3	21	6	3	6	6	3	7
OG0007686	NC_051863.1:30	NC_051863.1	153579978	False	816	272	0	231	10	0	235	9	0	2	5	0	2	236
OG0007687	NC_051863.1:30	NC_051863.1	153655547	False	2376	792	22	3	17	19	3	13	3	6	23	10	5	10
OG0007688	NC_051863.1:30	NC_051863.1	153675157	True	1674	558	3	5	29	3	4	29	9	8	14	8	9	15
OG0007689	NC_051863.1:30	NC_051863.1	153680076	True	864	288	0	2	0	0	2	0	0	0	0	0	0	2
OG0007690	NC_051863.1:3	NC_051863.1	16651274	True	2793	931	4	6	37	4	8	28	4	15	28	5	14	32
OG0007691	NC_051863.1:3	NC_051863.1	16664684	True	627	209	0	1	1	0	3	2	1	2	0	1	0	1
OG0007692	NC_051863.1:3	NC_051863.1	16676766	True	1393	464	2	5	4	2	5	5	1	0	7	1	0	10
OG0007693	NC_051863.1:3	NC_051863.1	16509856	False	11826	3942	25	23	89	26	20	95	37	33	80	38	35	77
OG0007694	NC_051861.1:22	NC_051861.1	113722058	True	444	148	0	4	0	1	3	0	1	0	1	0	1	4
OG0007695	NC_051861.1:22	NC_051861.1	113669601	True	1326	442	3	1	7	2	1	2	1	6	4	2	6	3
OG0007696	NC_051861.1:22	NC_051861.1	113645147	True	1191	397	1	2	2	1	2	4	2	0	2	2	0	3
OG0007697	NC_051862.1:24	NC_051862.1	124055380	True	444	148	1	1	2	0	1	0	0	2	1	1	2	2
OG0007698	NC_051862.1:24	NC_051862.1	124078204	True	1020	340	3	9	13	2	11	15	10	9	6	10	6	13
OG0007699	NC_051862.1:24	NC_051862.1	123884475	True	2397	799	5	1	34	2	2	33	5	9	15	8	8	13
OG0007700	NC_051862.1:24	NC_051862.1	123875566	True	1989	663	1	2	26	1	3	24	5	9	12	4	7	12
OG0007701	NC_051863.1:0	NC_051863.1	2134668	False	1182	394	1	0	1	0	0	3	2	0	3	3	0	3
OG0007702	NC_051863.1:0	NC_051863.1	2120397	False	4020	1340	11	28	33	11	23	36	19	12	44	15	15	59
OG0007703	NC_051863.1:0	NC_051863.1	2104289	True	1200	400	2	9	2	1	9	4	3	2	2	4	1	10
OG0007704	NC_051862.1:39	NC_051862.1	198717411	True	1572	524	1	3	28	1	3	38	12	4	16	11	3	16
OG0007705	NC_051863.1:17	NC_051863.1	86504755	True	726	242	0	0	0	0	0	0	0	0	0	0	0	0
OG0007706	NC_051863.1:12	NC_051863.1	64727510	True	1182	394	10	6	7	7	7	9	9	8	9	12	6	7
OG0007707	NC_051861.1:25	NC_051861.1	129389207	False	537	179	0	0	4	0	0	5	1	0	3	1	0	3
OG0007708	NC_051861.1:25	NC_051861.1	129331686	False	1800	600	7	7	7	11	4	8	7	3	16	4	7	13
OG0007709	NC_051861.1:25	NC_051861.1	129397373	False	1188	396	3	0	12	3	0	12	3	3	7	3	3	4
OG0007710	NC_051863.1:1	NC_051863.1	9510988	True	852	284	1	3	9	1	2	9	3	2	6	1	1	6
OG0007711	NC_051863.1:1	NC_051863.1	9509514	True	1050	350	1	1	10	1	1	9	3	4	6	3	4	6
OG0007712	NC_051863.1:1	NC_051863.1	9512139	False	1068	356	4	2	15	3	1	13	2	3	15	3	3	13
OG0007713	NC_051863.1:12	NC_051863.1	64796770	False	1275	425	3	10	8	1	10	6	4	6	3	7	6	12
OG0007714	NC_051863.1:12	NC_051863.1	64930552	False	159	53	0	1	0	1	1	0	0	0	0	0	1	1
OG0007715	NC_051863.1:12	NC_051863.1	64885078	True	1530	510	3	10	2	6	9	3	6	4	2	2	4	5
OG0007716	NC_051863.1:13	NC_051863.1	65004706	True	558	186	0	0	0	2	0	0	0	0	0	0	2	0
OG0007717	NC_051863.1:12	NC_051863.1	64762691	True	3312	1104	9	33	14	8	29	13	13	9	14	8	8	34
OG0007718	NC_051862.1:24	NC_051862.1	123656303	True	1209	403	0	4	9	2	4	9	1	2	5	1	3	9
OG0007719	NC_051862.1:24	NC_051862.1	123855645	True	1944	648	1	0	27	2	0	25	5	7	13	5	7	13
OG0007720	NC_051862.1:24	NC_051862.1	123862567	True	1947	649	2	1	33	0	0	37	14	8	16	15	8	16
OG0007721	NC_051863.1:28	NC_051863.1	141862117	False	1026	342	1	0	7	3	0	1	0	6	1	0	7	0
OG0007722	NC_051863.1:30	NC_051863.1	152589541	False	585	195	2	168	2	3	167	2	1	1	4	0	1	168
OG0007723	NC_051863.1:30	NC_051863.1	152600854	True	912	304	3	3	4	1	2	5	3	1	5	4	1	6
OG0007724	NC_051863.1:30	NC_051863.1	152637628	True	1284	428	0	0	4	0	0	3	1	2	5	1	2	5
OG0007725	NC_051863.1:30	NC_051863.1	152668327	False	1956	652	1	3	16	1	3	19	5	2	13	5	2	15
OG0007726	NC_051863.1:30	NC_051863.1	152695827	True	1566	522	2	0	23	1	0	17	3	9	12	4	9	11
OG0007727	NC_051863.1:30	NC_051863.1	152578587	False	2541	847	9	187	20	0	707	15	8	267	9	17	12	193
OG0007728	NC_051863.1:24	NC_051863.1	123090751	False	1638	546	2	107	1	2	109	3	4	4	2	3	1	107
OG0007729	NC_051863.1:11	NC_051863.1	57003964	True	1164	388	3	2	8	3	2	6	1	3	7	2	4	7
OG0007730	NC_051861.1:16	NC_051861.1	82188237	True	1878	626	1	1	23	2	0	27	7	3	12	6	4	11
OG0007731	NC_051861.1:16	NC_051861.1	82219056	False	369	123	16	0	3	15	1	2	0	2	18	1	1	2
OG0007732	NC_051861.1:16	NC_051861.1	82288226	False	627	209	0	1	1	0	1	2	1	0	1	1	0	2
OG0007733	NC_051861.1:16	NC_051861.1	82329669	False	1059	353	0	0	3	1	0	5	4	1	0	4	2	0
OG0007734	NC_051861.1:16	NC_051861.1	82332848	True	2037	679	2	3	9	0	2	8	4	4	0	5	4	2
OG0007735	NC_051861.1:16	NC_051861.1	82368675	True	600	200	2	1	4	3	1	3	2	3	2	2	4	1
OG0007736	NC_051863.1:23	NC_051863.1	119833739	False	1200	400	0	2	3	0	1	6	5	1	0	4	1	1
OG0007737	NC_051862.1:36	NC_051862.1	180717723	True	1014	338	9	6	1	9	4	1	2	0	8	1	1	4
OG0007738	NC_051862.1:36	NC_051862.1	180707936	True	636	212	1	1	1	0	1	0	0	1	0	1	1	1
OG0007739	NC_051862.1:36	NC_051862.1	180673566	True	660	220	6	5	5	7	3	2	2	3	7	0	4	4
OG0007740	NC_051862.1:36	NC_051862.1	180669169	True	969	323	2	2	2	7	0	0	2	2	2	0	6	0
OG0007741	NC_051863.1:35	NC_051863.1	176573085	True	240	80	0	0	0	0	0	0	1	0	0	0	0	0
OG0007742	NC_051863.1:35	NC_051863.1	176566799	True	588	196	0	1	7	1	1	7	2	2	8	2	3	9
OG0007743	NC_051863.1:35	NC_051863.1	176660457	True	1167	389	1	3	4	0	3	8	4	0	3	5	0	6
OG0007744	NC_051863.1:2	NC_051863.1	13697671	True	1722	574	3	10	6	4	7	1	3	6	7	3	8	12
OG0007745	NC_051861.1:19	NC_051861.1	99638263	True	570	190	1	5	0	2	5	2	2	0	2	2	1	6
OG0007746	NC_051861.1:19	NC_051861.1	99717661	False	1404	468	2	12	0	2	5	1	8	0	2	1	0	6
OG0007747	NC_051861.1:19	NC_051861.1	99610885	True	663	221	2	4	3	2	4	3	1	1	2	1	1	4
OG0007748	NC_051861.1:19	NC_051861.1	99582163	True	828	276	1	3	0	0	3	1	1	0	1	2	0	4
OG0007749	NC_051861.1:19	NC_051861.1	99570472	True	1116	372	0	1	4	1	0	4	2	1	2	1	2	2
OG0007750	NC_051861.1:19	NC_051861.1	99742091	True	1881	627	11	26	7	10	22	2	6	6	15	1	5	25
OG0007751	NC_051861.1:21	NC_051861.1	109652587	True	702	234	0	1	3	0	3	3	2	4	1	2	2	2
OG0007752	NC_051862.1:13	NC_051862.1	65064415	True	2277	759	12	22	12	18	16	8	14	12	19	9	19	25
OG0007753	NC_051862.1:13	NC_051862.1	65155508	True	2514	838	13	7	5	14	8	5	6	6	14	7	7	10
OG0007754	NC_051862.1:13	NC_051862.1	65190659	False	3156	1052	11	11	14	13	7	8	8	10	10	9	18	12
OG0007755	NC_051861.1:20	NC_051861.1	103207383	True	945	315	4	17	5	2	16	2	3	3	6	3	3	19
OG0007756	NC_051861.1:20	NC_051861.1	103200183	False	1068	356	3	5	7	5	4	3	5	7	4	3	9	4
OG0007757	NC_051863.1:23	NC_051863.1	115058733	False	783	261	1	7	4	3	7	6	2	0	2	2	2	8
OG0007758	NC_051862.1:35	NC_051862.1	176154652	True	450	150	0	1	1	0	0	1	1	0	1	0	0	1
OG0007759	NC_051862.1:4	NC_051862.1	21573987	True	2184	728	1	1	39	1	1	38	8	8	21	8	8	21
OG0007760	NC_051862.1:4	NC_051862.1	21583453	True	963	321	0	0	16	0	0	8	1	8	5	1	8	5
OG0007761	NC_051862.1:4	NC_051862.1	21658474	True	2862	954	2	1	28	1	1	21	6	12	12	7	12	11
OG0007762	NC_051862.1:4	NC_051862.1	21772900	True	969	323	1	0	24	1	0	27	4	1	9	4	1	8
OG0007763	NC_051862.1:4	NC_051862.1	21780061	True	3858	1286	2	5	32	4	5	27	4	9	33	4	11	37
OG0007764	NC_051863.1:34	NC_051863.1	170957526	False	162	54	0	0	0	0	0	0	0	0	0	0	0	0
OG0007766	NC_051861.1:4	NC_051861.1	21326647	True	195	65	1	0	0	2	0	0	0	0	1	0	1	0
OG0007767	NC_051861.1:16	NC_051861.1	80822205	False	609	203	2	1	17	0	2	11	0	10	39	1	9	40
OG0007768	NC_051861.1:16	NC_051861.1	80975217	False	1029	343	4	5	16	2	4	20	5	1	11	6	1	14
OG0007769	NC_051861.1:4	NC_051861.1	21328420	False	1182	394	15	2	3	12	4	5	6	6	12	8	3	2
OG0007770	NC_051861.1:16	NC_051861.1	80986622	True	696	232	2	0	7	2	1	5	2	5	9	2	4	7
OG0007771	NC_051861.1:16	NC_051861.1	80989091	False	615	205	0	1	2	0	1	3	2	1	2	2	1	3
OG0007772	NC_051861.1:16	NC_051861.1	81090953	True	273	91	1	1	2	3	0	0	0	2	1	0	4	0
OG0007773	NC_051862.1:11	NC_051862.1	59924839	True	1071	357	6	4	1	9	3	1	3	3	11	1	4	6
OG0007774	NC_051862.1:11	NC_051862.1	59996746	True	1329	443	3	2	3	3	1	2	3	3	2	4	4	1
OG0007775	NC_051862.1:11	NC_051862.1	59944685	True	1398	466	7	2	3	7	3	3	1	2	6	2	2	2
OG0007776	NC_051861.1:21	NC_051861.1	106486329	True	1317	439	0	0	15	1	0	12	1	4	9	1	5	9
OG0007777	NC_051861.1:21	NC_051861.1	106449558	True	2064	688	1	2	19	2	2	18	6	7	8	6	8	9
OG0007778	NC_051861.1:21	NC_051861.1	106403668	True	552	184	0	4	1	0	3	0	1	1	2	0	1	5
OG0007779	NC_051861.1:21	NC_051861.1	106395883	False	960	320	2	7	1	1	8	1	0	2	6	1	1	12
OG0007780	NC_051861.1:21	NC_051861.1	106388517	False	2118	706	2	16	7	3	17	7	3	4	6	3	3	20
OG0007781	NC_051861.1:21	NC_051861.1	106381592	False	1242	414	4	10	32	4	12	5	8	32	2	6	31	5
OG0007782	NC_051861.1:21	NC_051861.1	106379700	True	591	197	1	10	1	1	10	2	2	1	4	1	0	12
OG0007783	NC_051862.1:1	NC_051862.1	8081019	True	621	207	3	5	6	1	3	3	4	5	2	4	5	4
OG0007784	NC_051862.1:1	NC_051862.1	8074420	True	1068	356	5	8	3	9	2	0	6	3	5	2	8	4
OG0007785	NC_051862.1:1	NC_051862.1	8032944	False	642	214	1	2	1	0	1	2	2	0	1	2	0	2
OG0007786	NC_051863.1:2	NC_051863.1	12032298	False	405	135	0	0	4	0	0	5	1	0	1	1	0	1
OG0007787	NC_051863.1:10	NC_051863.1	51403100	True	480	160	5	0	1	2	0	4	3	0	2	6	0	0
OG0007788	NC_051863.1:10	NC_051863.1	51426175	True	5430	1810	29	16	13	38	16	11	15	18	25	17	30	14
OG0007789	NC_051861.1:8	NC_051861.1	42795482	False	921	307	1	8	3	5	6	2	2	1	4	0	5	9
OG0007790	NC_051861.1:8	NC_051861.1	42806711	True	828	276	1	4	0	1	4	1	0	0	4	0	0	7
OG0007791	NC_051861.1:8	NC_051861.1	42824583	True	2196	732	5	10	7	5	8	8	7	4	14	5	4	19
OG0007792	NC_051861.1:19	NC_051861.1	96530384	False	1506	502	3	6	8	3	6	7	2	3	11	2	3	14
OG0007793	NC_051861.1:8	NC_051861.1	43226522	False	0	0	0	0	0	0	0	0	0	0	0	0	0	0
OG0007794	NC_051863.1:5	NC_051863.1	26022819	False	1173	391	0	0	20	0	0	13	5	14	8	5	14	7
OG0007795	NC_051863.1:5	NC_051863.1	26043366	False	2787	929	10	18	18	10	25	18	9	15	18	7	6	25
OG0007796	NC_051863.1:5	NC_051863.1	26062808	False	1215	405	1	4	2	1	8	2	2	6	3	2	2	6
OG0007797	NC_051863.1:5	NC_051863.1	26082710	True	4980	1660	17	43	24	17	43	22	15	16	25	11	13	46
OG0007798	NC_051861.1:20	NC_051861.1	103487481	False	1230	410	3	22	24	4	3	13	23	22	9	3	19	8
OG0007799	NC_051863.1:6	NC_051863.1	34879636	False	1146	382	4	3	19	4	3	19	3	5	30	3	5	29
OG0007800	NC_051863.1:6	NC_051863.1	34895479	False	1158	386	3	4	24	3	3	25	6	4	35	5	4	35
OG0007801	NC_051863.1:6	NC_051863.1	34971225	False	1002	334	2	10	2	1	13	2	1	5	4	3	2	12
OG0007802	NC_051863.1:6	NC_051863.1	34874915	True	1221	407	1	0	7	1	1	5	2	4	9	2	3	8
OG0007803	NC_051863.1:39	NC_051863.1	199190827	True	768	256	0	0	2	0	0	1	0	0	0	0	0	0
OG0007804	NC_051863.1:39	NC_051863.1	199626985	True	825	275	0	0	3	0	0	1	0	2	1	0	2	1
OG0007805	NC_051863.1:39	NC_051863.1	199554600	True	1740	580	0	0	5	1	0	6	0	1	2	0	2	2
OG0007806	NC_051863.1:39	NC_051863.1	199473822	True	591	197	2	1	3	1	1	3	2	1	2	3	2	3
OG0007807	NC_051863.1:36	NC_051863.1	180015739	True	942	314	0	3	9	0	2	8	2	3	2	1	2	4
OG0007808	NC_051863.1:36	NC_051863.1	180009494	False	531	177	3	7	2	2	10	2	1	3	4	2	1	9
OG0007809	NC_051863.1:36	NC_051863.1	180050726	False	750	250	1	8	3	1	6	5	8	3	3	5	3	6
OG0007810	NC_051863.1:35	NC_051863.1	179888645	True	1290	430	8	12	12	4	14	14	7	9	11	13	7	19
OG0007811	NC_051863.1:36	NC_051863.1	180051814	True	561	187	0	1	3	1	1	2	1	2	3	1	2	5
OG0007812	NC_051862.1:7	NC_051862.1	36404569	True	1068	356	0	9	6	0	9	4	2	4	8	1	3	16
OG0007813	NC_051862.1:7	NC_051862.1	36310864	True	1383	461	4	7	8	3	5	4	5	7	4	4	7	6
OG0007814	NC_051862.1:7	NC_051862.1	36243262	True	2250	750	6	13	24	5	12	37	18	4	17	19	5	26
OG0007816	NC_051863.1:11	NC_051863.1	55805492	True	765	255	1	11	3	1	11	3	3	2	1	2	2	10
OG0007817	NC_051863.1:9	NC_051863.1	47485418	True	2610	870	12	9	17	22	7	10	11	16	15	6	23	7
OG0007818	NC_051863.1:9	NC_051863.1	47502038	False	1317	439	4	0	4	4	1	3	2	4	2	4	5	0
OG0007819	NC_051863.1:9	NC_051863.1	47513853	True	1428	476	3	4	8	6	1	3	6	8	3	3	10	1
OG0007820	NC_051862.1:43	NC_051862.1	215163090	False	504	168	1	0	5	1	0	4	0	2	5	0	2	4
OG0007821	NC_051862.1:43	NC_051862.1	215175802	False	2865	955	8	4	43	5	6	50	20	14	18	22	11	17
OG0007822	NC_051862.1:43	NC_051862.1	215238419	False	1257	419	1	6	35	2	7	37	7	6	19	7	6	25
OG0007823	NC_051861.1:23	NC_051861.1	117136102	True	3495	1165	12	13	9	11	14	11	10	9	10	13	10	14
OG0007824	NC_051861.1:23	NC_051861.1	117196885	True	1548	516	5	1	2	4	1	1	0	1	4	1	1	1
OG0007825	NC_051862.1:44	NC_051862.1	222084696	False	1704	568	1	9	4	2	15	3	1	7	3	1	4	11
OG0007826	NC_051863.1:19	NC_051863.1	96091960	True	225	75	1	0	0	0	0	2	2	0	0	3	0	0
OG0007827	NC_051862.1:39	NC_051862.1	199164239	True	666	222	1	1	2	0	5	2	2	6	0	3	2	1
OG0007828	NC_051862.1:39	NC_051862.1	199122267	False	1266	422	5	3	3	4	4	4	1	2	3	4	2	3
OG0007829	NC_051862.1:39	NC_051862.1	199039520	False	705	235	20	1	3	20	2	1	2	5	21	1	7	1
OG0007830	NC_051863.1:8	NC_051863.1	42594083	True	531	177	0	0	9	0	0	10	1	0	6	1	0	6
OG0007831	NC_051862.1:39	NC_051862.1	199190638	True	867	289	0	1	1	3	1	0	0	1	0	0	4	1
OG0007832	NC_051863.1:2	NC_051863.1	10935919	True	447	149	0	2	0	0	2	0	0	0	0	0	0	2
OG0007833	NC_051863.1:2	NC_051863.1	10901835	False	1194	398	5	9	3	6	6	3	6	3	15	3	4	16
OG0007834	NC_051863.1:2	NC_051863.1	10999552	False	1161	387	6	5	5	3	5	2	0	3	3	5	5	7
OG0007835	NC_051863.1:2	NC_051863.1	11002933	True	2004	668	3	19	6	4	18	6	8	7	7	6	7	21
OG0007837	NC_051861.1:12	NC_051861.1	60305685	False	153	51	0	0	0	0	0	0	0	0	0	0	0	0
OG0007838	NC_051863.1:26	NC_051863.1	131810175	True	1632	544	4	6	2	6	3	4	7	2	5	6	6	6
OG0007839	NC_051863.1:26	NC_051863.1	131799954	False	657	219	0	1	1	6	1	1	1	1	1	1	7	2
OG0007840	NC_051863.1:26	NC_051863.1	131679817	True	963	321	3	2	1	6	0	0	2	1	3	0	4	0
OG0007841	NC_051862.1:17	NC_051862.1	88076916	False	477	159	0	1	10	0	1	1	1	10	1	1	10	2
OG0007842	NC_051863.1:2	NC_051863.1	12245201	False	1062	354	1	6	15	0	7	11	4	6	9	5	6	15
OG0007843	NC_051862.1:17	NC_051862.1	88136287	True	543	181	0	1	4	1	0	1	1	3	0	0	4	0
OG0007844	NC_051862.1:17	NC_051862.1	88151229	True	1296	432	1	4	17	2	3	16	7	6	10	5	7	12
OG0007845	NC_051863.1:2	NC_051863.1	12363887	True	1458	486	0	8	3	1	7	0	1	3	4	0	4	11
OG0007846	NC_051862.1:33	NC_051862.1	169575850	True	2253	751	0	4	35	3	2	31	10	12	11	8	15	13
OG0007847	NC_051862.1:33	NC_051862.1	169580406	True	1005	335	0	1	9	0	1	11	3	1	8	3	1	9
OG0007848	NC_051863.1:9	NC_051863.1	45544046	True	1077	359	1	4	8	2	5	13	8	4	7	8	4	10
OG0007849	NC_051863.1:9	NC_051863.1	45536475	True	990	330	0	0	13	0	0	13	1	1	3	1	1	3
OG0007850	NC_051863.1:9	NC_051863.1	45531212	False	1053	351	0	3	11	0	2	13	3	0	7	2	1	9
OG0007851	NC_051863.1:9	NC_051863.1	45517683	False	852	284	0	0	5	0	0	6	2	0	6	2	0	6
OG0007852	NC_051863.1:9	NC_051863.1	45513931	True	1254	418	1	0	9	1	0	7	1	3	4	1	3	3
OG0007853	NC_051862.1:8	NC_051862.1	43125586	True	1101	367	2	13	23	6	12	21	9	10	7	7	13	15
OG0007854	NC_051862.1:8	NC_051862.1	43319248	False	1521	507	2	7	4	2	7	2	0	2	3	1	3	9
OG0007855	NC_051863.1:16	NC_051863.1	84271201	True	834	278	0	7	1	0	7	2	1	0	1	1	0	8
OG0007856	NC_051863.1:16	NC_051863.1	84277436	True	420	140	0	1	0	0	1	0	0	0	0	0	0	1
OG0007857	NC_051863.1:16	NC_051863.1	84269112	True	867	289	0	4	1	0	4	1	0	0	2	0	0	6
OG0007859	NC_051863.1:37	NC_051863.1	189321260	True	504	168	2	6	0	1	7	0	0	1	1	1	0	6
OG0007860	NC_051863.1:37	NC_051863.1	189166038	True	2958	986	5	9	33	4	6	31	9	9	18	7	10	19
OG0007861	NC_051862.1:7	NC_051862.1	35854279	True	609	203	0	0	2	0	0	2	0	0	2	0	0	2
OG0007862	NC_051862.1:7	NC_051862.1	35905332	True	522	174	0	3	3	1	3	1	1	3	3	1	4	6
OG0007863	NC_051862.1:7	NC_051862.1	35929850	True	1236	412	1	1	8	1	1	6	2	2	5	2	2	5
OG0007864	NC_051862.1:7	NC_051862.1	35809465	False	1155	385	0	0	7	1	0	5	1	2	5	1	3	5
OG0007865	NC_051862.1:7	NC_051862.1	36020730	False	501	167	0	0	0	0	0	0	0	0	0	0	0	0
OG0007866	NC_051862.1:41	NC_051862.1	206688948	False	2358	786	5	7	23	8	9	27	9	8	20	7	7	20
OG0007867	NC_051862.1:41	NC_051862.1	206715425	False	717	239	0	2	9	0	2	31	26	3	0	26	3	2
OG0007868	NC_051862.1:41	NC_051862.1	206703315	True	1728	576	7	4	17	6	5	13	6	11	7	9	13	7
OG0007869	NC_051862.1:41	NC_051862.1	206716695	False	708	236	4	5	1	5	4	1	1	0	11	0	1	11
OG0007870	NC_051862.1:41	NC_051862.1	206733760	True	2148	716	7	8	14	7	7	15	11	9	9	10	8	9
OG0007871	NC_051862.1:41	NC_051862.1	206561450	True	1182	394	1	3	7	0	3	11	5	1	5	6	1	8
OG0007872	NC_051863.1:23	NC_051863.1	118098666	True	915	305	1	3	10	2	2	10	3	2	3	1	2	3
OG0007873	NC_051861.1:24	NC_051861.1	120914501	True	378	126	0	1	0	0	1	0	0	0	0	0	0	1
OG0007874	NC_051861.1:24	NC_051861.1	120793995	False	1389	463	13	4	3	13	3	5	6	5	12	6	4	1
OG0007875	NC_051861.1:24	NC_051861.1	120800646	True	1557	519	0	1	4	0	1	4	1	1	3	1	1	4
OG0007876	NC_051862.1:43	NC_051862.1	216753925	False	1638	546	0	2	10	0	2	8	3	5	1	3	5	3
OG0007877	NC_051863.1:33	NC_051863.1	165729180	True	465	155	0	0	1	0	0	1	0	0	0	0	0	0
OG0007878	NC_051863.1:33	NC_051863.1	165738133	True	405	135	0	0	4	0	0	1	1	4	1	1	4	1
OG0007879	NC_051863.1:33	NC_051863.1	165759289	False	294	98	0	0	6	0	0	2	1	4	1	1	4	1
OG0007880	NC_051863.1:33	NC_051863.1	165767256	True	363	121	0	0	2	0	1	1	1	2	0	1	1	0
OG0007881	NC_051863.1:33	NC_051863.1	165851602	True	1137	379	1	3	18	1	2	13	6	11	5	5	11	6
OG0007882	NC_051863.1:10	NC_051863.1	54900235	True	1560	520	2	1	17	2	1	17	1	1	15	1	1	14
OG0007883	NC_051861.1:24	NC_051861.1	120160144	True	3048	1016	9	25	28	10	32	20	8	22	20	9	19	34
OG0007884	NC_051861.1:24	NC_051861.1	120151431	False	348	116	0	0	4	1	0	6	3	1	4	3	3	4
OG0007885	NC_051862.1:2	NC_051862.1	14712845	True	552	184	1	1	0	2	3	0	0	2	1	0	1	1
OG0007886	NC_051862.1:2	NC_051862.1	14783859	True	4245	1415	21	29	15	31	18	26	32	12	27	26	25	25
OG0007887	NC_051862.1:2	NC_051862.1	14795456	True	1371	457	1	7	3	2	5	10	17	8	2	11	5	2
OG0007888	NC_051862.1:2	NC_051862.1	14814238	True	906	302	6	5	7	6	3	3	6	8	5	5	9	3
OG0007889	NC_051862.1:5	NC_051862.1	27162152	True	2118	706	0	4	14	8	2	2	5	15	0	2	22	1
OG0007890	NC_051862.1:5	NC_051862.1	27260414	True	1836	612	4	2	8	4	3	5	2	5	11	2	5	9
OG0007891	NC_051863.1:4	NC_051863.1	24489395	False	1170	390	1	2	25	2	1	24	6	6	21	5	7	21
OG0007892	NC_051862.1:10	NC_051862.1	51236241	True	1059	353	2	5	0	2	5	0	0	0	3	0	0	6
OG0007893	NC_051862.1:10	NC_051862.1	51242171	False	2079	693	1	25	4	1	25	4	0	0	13	0	0	35
OG0007894	NC_051862.1:10	NC_051862.1	51246224	True	381	127	0	1	2	0	2	2	0	1	1	0	0	2
OG0007895	NC_051862.1:10	NC_051862.1	51249830	True	1170	390	1	6	1	1	5	1	2	1	4	0	0	7
OG0007896	NC_051862.1:10	NC_051862.1	51282088	False	417	139	0	4	2	0	4	5	3	1	3	4	0	6
OG0007897	NC_051862.1:10	NC_051862.1	51282714	True	1347	449	6	8	7	4	12	7	5	9	7	7	5	11
OG0007898	NC_051862.1:10	NC_051862.1	51347216	True	1068	356	2	0	4	2	0	3	1	2	3	1	2	1
OG0007899	NC_051863.1:3	NC_051863.1	18056487	True	1935	645	2	20	11	3	19	11	7	7	8	6	8	25
OG0007900	NC_051863.1:3	NC_051863.1	18066502	True	948	316	5	10	8	2	9	7	5	4	6	6	4	13
OG0007901	NC_051863.1:3	NC_051863.1	18076261	True	4194	1398	3	10	25	4	10	24	15	14	18	15	15	26
OG0007902	NC_051862.1:29	NC_051862.1	145029190	True	987	329	0	0	2	0	1	2	1	2	4	1	1	4
OG0007903	NC_051862.1:29	NC_051862.1	145040559	True	1890	630	2	5	11	2	5	14	6	3	4	6	3	7
OG0007904	NC_051861.1:25	NC_051861.1	128342598	True	1053	351	3	7	1	4	4	2	3	1	5	2	2	6
OG0007905	NC_051861.1:25	NC_051861.1	128337664	True	1437	479	7	9	9	9	12	6	2	9	8	2	9	11
OG0007906	NC_051861.1:25	NC_051861.1	128329135	True	294	98	0	1	1	0	1	2	2	1	2	1	0	2
OG0007907	NC_051861.1:23	NC_051861.1	119091333	True	1014	338	0	2	16	0	2	13	3	7	4	3	6	6
OG0007908	NC_051861.1:23	NC_051861.1	119044174	True	1977	659	0	5	9	0	4	10	3	2	10	3	2	14
OG0007909	NC_051862.1:7	NC_051862.1	37794039	False	312	104	6	2	0	0	173	0	0	170	0	6	0	2
OG0007910	NC_051863.1:25	NC_051863.1	129663705	False	765	255	0	330	1	0	330	1	2	0	3	0	0	336
OG0007911	NC_051863.1:8	NC_051863.1	42684102	True	954	318	0	6	6	0	5	4	2	3	2	1	3	7
OG0007912	NC_051863.1:8	NC_051863.1	42676377	True	372	124	2	1	0	5	0	0	1	0	2	0	3	0
OG0007913	NC_051863.1:8	NC_051863.1	42740005	True	1089	363	1	9	4	5	3	5	9	3	1	3	7	3
OG0007914	NC_051863.1:8	NC_051863.1	42618152	False	1845	615	14	0	35	14	1	36	7	8	32	8	8	19
OG0007915	NC_051863.1:23	NC_051863.1	118301558	True	1161	387	1	2	20	1	2	21	4	4	11	4	4	12
OG0007916	NC_051862.1:26	NC_051862.1	132871469	False	4155	1385	21	49	21	21	47	19	22	24	30	17	20	53
OG0007917	NC_051862.1:26	NC_051862.1	132860406	True	903	301	1	1	4	1	2	2	1	4	7	1	3	7
OG0007918	NC_051862.1:26	NC_051862.1	132911736	True	561	187	3	4	3	2	8	0	1	7	3	1	3	5
OG0007919	NC_051862.1:26	NC_051862.1	132918126	True	1500	500	1	7	2	2	6	3	5	2	5	2	2	8
OG0007920	NC_051862.1:26	NC_051862.1	132821868	True	555	185	0	2	0	0	2	0	0	0	0	0	0	2
OG0007921	NC_051862.1:26	NC_051862.1	132786858	True	903	301	1	5	2	2	4	1	1	1	1	0	2	4
OG0007922	NC_051862.1:26	NC_051862.1	132748191	True	1557	519	3	10	8	3	8	5	8	8	6	5	8	11
OG0007923	NC_051862.1:26	NC_051862.1	132728303	False	1089	363	2	12	5	1	9	5	7	6	2	6	5	8
OG0007924	NC_051862.1:26	NC_051862.1	132716233	True	5667	1889	10	26	14	11	28	7	10	20	15	9	16	29
OG0007925	NC_051862.1:26	NC_051862.1	132932723	False	549	183	1	2	0	0	2	2	3	2	0	3	0	1
OG0007926	NC_051861.1:26	NC_051861.1	131828154	True	390	130	1	2	2	4	2	0	0	2	1	0	5	2
OG0007927	NC_051861.1:23	NC_051861.1	116009831	True	9480	3160	47	47	41	66	35	31	34	31	51	22	50	41
OG0007928	NC_051861.1:23	NC_051861.1	115977945	False	948	316	12	6	9	14	7	1	5	13	15	2	11	7
OG0007929	NC_051861.1:23	NC_051861.1	115989150	False	981	327	2	0	6	4	1	2	1	6	2	2	8	1
OG0007930	NC_051863.1:9	NC_051863.1	49451590	True	1311	437	4	1	4	15	0	0	1	4	4	0	16	0
OG0007931	NC_051863.1:9	NC_051863.1	49683150	False	465	155	2	1	1	2	2	0	0	2	2	0	1	1
OG0007932	NC_051863.1:9	NC_051863.1	49727121	True	1005	335	8	1	2	12	2	2	1	2	9	1	5	2
OG0007933	NC_051863.1:10	NC_051863.1	52907979	True	843	281	9	4	1	9	4	0	1	2	7	2	3	3
OG0007934	NC_051863.1:10	NC_051863.1	52869944	True	714	238	1	0	2	2	0	1	0	1	1	0	2	0
OG0007935	NC_051863.1:35	NC_051863.1	177817275	True	1092	364	0	0	14	0	0	12	2	3	8	2	3	8
OG0007936	NC_051863.1:35	NC_051863.1	177873940	True	822	274	0	2	10	0	3	9	1	4	4	1	3	6
OG0007937	NC_051863.1:35	NC_051863.1	177968074	True	1344	448	4	2	4	3	3	2	1	5	3	2	4	2
OG0007938	NC_051863.1:35	NC_051863.1	177970679	True	897	299	1	0	3	0	0	4	2	1	0	3	1	1
OG0007939	NC_051863.1:35	NC_051863.1	177798634	False	6207	2069	9	13	103	7	17	56	21	87	31	21	84	35
OG0007940	NC_051862.1:1	NC_051862.1	5316916	False	1422	474	10	17	14	9	17	7	5	11	11	5	11	18
OG0007941	NC_051862.1:11	NC_051862.1	57581891	True	1554	518	6	7	2	5	6	1	3	2	6	2	3	7
OG0007942	NC_051862.1:32	NC_051862.1	162533906	True	585	195	0	1	12	0	1	13	6	5	3	6	5	4
OG0007943	NC_051862.1:32	NC_051862.1	162540610	False	2265	755	0	2	37	0	4	42	17	14	12	17	12	15
OG0007944	NC_051862.1:32	NC_051862.1	162546163	False	1131	377	1	74	18	15	3	30	95	5	5	22	19	6
OG0007945	NC_051861.1:22	NC_051861.1	111659557	False	873	291	3	4	4	3	6	7	8	6	7	8	5	8
OG0007946	NC_051861.1:22	NC_051861.1	111662102	True	1068	356	2	5	4	4	2	7	6	0	2	4	3	3
OG0007947	NC_051861.1:22	NC_051861.1	111691556	True	1845	615	1	4	11	2	7	6	4	12	5	3	9	7
OG0007948	NC_051861.1:22	NC_051861.1	111698154	True	873	291	0	1	2	1	2	0	1	3	1	0	3	2
OG0007949	NC_051861.1:22	NC_051861.1	111700078	True	1530	510	5	8	5	11	5	2	5	5	11	1	10	9
OG0007950	NC_051861.1:22	NC_051861.1	111713268	True	978	326	2	3	0	1	4	2	2	1	1	3	0	3
OG0007951	NC_051862.1:15	NC_051862.1	79470869	True	3828	1276	2	4	14	2	4	16	9	7	12	9	7	14
OG0007952	NC_051862.1:10	NC_051862.1	53734659	True	756	252	0	0	10	1	0	7	4	7	5	4	8	5
OG0007953	NC_051863.1:35	NC_051863.1	176883572	True	2526	842	4	3	22	2	5	24	8	8	20	9	5	20
OG0007954	NC_051863.1:30	NC_051863.1	152553846	False	2784	928	2	4	37	1	4	29	11	19	16	11	18	18
OG0007955	NC_051863.1:30	NC_051863.1	152590618	False	5259	1753	30	871	43	6	1374	29	27	292	21	39	28	877
OG0007956	NC_051863.1:30	NC_051863.1	152545747	False	2028	676	16	159	25	2	744	8	3	575	5	17	23	163
OG0007957	NC_051863.1:30	NC_051863.1	152627328	True	1359	453	1	0	16	1	0	16	1	1	6	1	1	5
OG0007958	NC_051863.1:30	NC_051863.1	152641354	True	369	123	1	0	5	1	0	4	0	1	3	0	1	2
OG0007959	NC_051863.1:30	NC_051863.1	152709290	False	759	253	1	2	4	0	2	5	1	0	2	2	0	4
OG0007960	NC_051861.1:17	NC_051861.1	87701578	True	1527	509	5	8	4	3	11	3	2	6	9	4	3	14
OG0007961	NC_051863.1:13	NC_051863.1	65029362	False	999	333	4	4	11	3	3	11	5	3	8	4	3	8
OG0007962	NC_051863.1:13	NC_051863.1	65039119	True	621	207	0	5	0	1	3	0	2	0	0	0	1	3
OG0007963	NC_051863.1:13	NC_051863.1	65073718	True	2073	691	14	12	10	12	13	9	5	6	18	7	6	19
OG0007964	NC_051863.1:13	NC_051863.1	65041761	True	6348	2116	12	20	30	16	17	26	12	13	32	9	17	36
OG0007965	NC_051863.1:13	NC_051863.1	65086288	True	3360	1120	9	19	23	7	23	24	15	18	12	16	12	24
OG0007966	NC_051863.1:13	NC_051863.1	65098606	True	1563	521	1	6	4	2	6	5	4	4	2	3	3	6
OG0007967	NC_051863.1:5	NC_051863.1	29206026	False	2583	861	56	9	14	58	10	14	8	8	57	10	14	20
OG0007968	NC_051863.1:5	NC_051863.1	29513485	True	1716	572	1	6	2	1	6	2	3	3	1	2	2	5
OG0007969	NC_051863.1:30	NC_051863.1	154783654	True	981	327	4	1	3	3	1	3	2	2	5	3	2	3
OG0007970	NC_051863.1:30	NC_051863.1	154842648	True	1041	347	11	0	0	11	0	0	0	0	11	1	1	1
OG0007971	NC_051863.1:35	NC_051863.1	178012629	True	3273	1091	7	11	13	7	13	7	4	12	19	6	10	25
OG0007972	NC_051863.1:35	NC_051863.1	178036960	False	27	9	0	0	0	0	0	0	0	0	0	0	0	0
OG0007973	NC_051863.1:35	NC_051863.1	178136576	True	1818	606	4	5	41	4	5	39	3	5	40	3	5	40
OG0007974	NC_051863.1:35	NC_051863.1	177997729	True	366	122	1	0	5	0	0	3	0	2	0	1	2	0
OG0007975	NC_051863.1:31	NC_051863.1	155884269	False	1752	584	1	5	3	0	4	3	2	2	1	2	1	5
OG0007976	NC_051863.1:9	NC_051863.1	45270124	True	3777	1259	3	5	25	3	4	26	5	5	12	4	7	14
OG0007977	NC_051861.1:1	NC_051861.1	8430731	True	2697	899	3	13	3	1	15	4	3	4	5	4	1	16
OG0007978	NC_051863.1:14	NC_051863.1	72504407	False	2751	917	6	33	4	4	35	7	11	9	6	9	4	31
OG0007979	NC_051863.1:14	NC_051863.1	72373238	False	1446	482	0	0	1	0	0	2	1	0	1	1	0	1
OG0007980	NC_051863.1:27	NC_051863.1	137525786	True	1128	376	12	4	5	14	1	0	4	6	11	1	8	0
OG0007981	NC_051863.1:27	NC_051863.1	137520434	True	1056	352	4	3	6	12	0	0	3	6	4	0	12	0
OG0007982	NC_051863.1:27	NC_051863.1	137512271	True	2790	930	14	10	15	28	0	1	10	14	14	0	30	0
OG0007983	NC_051863.1:27	NC_051863.1	137468598	True	3924	1308	15	12	18	10	15	14	13	23	13	20	17	15
OG0007984	NC_051863.1:27	NC_051863.1	137430583	True	1449	483	7	3	8	5	7	5	2	9	7	4	5	4
OG0007985	NC_051861.1:19	NC_051861.1	95279960	True	1182	394	2	0	2	2	0	3	2	1	10	2	1	8
OG0007986	NC_051861.1:24	NC_051861.1	124670805	True	2433	811	4	1	7	4	4	6	2	5	5	3	3	3
OG0007987	NC_051863.1:13	NC_051863.1	68722876	True	891	297	0	1	3	0	1	1	2	3	1	1	3	2
OG0007988	NC_051863.1:13	NC_051863.1	68643548	False	1863	621	6	13	6	7	9	7	9	4	8	4	4	9
OG0007989	NC_051863.1:13	NC_051863.1	68712844	True	930	310	2	9	3	1	9	3	3	4	2	3	3	10
OG0007990	NC_051863.1:13	NC_051863.1	68703028	True	606	202	2	5	2	6	5	4	3	1	3	3	5	7
OG0007991	NC_051862.1:32	NC_051862.1	160620186	True	411	137	0	0	1	0	0	1	0	0	1	0	0	1
OG0007992	NC_051862.1:32	NC_051862.1	160634653	True	1443	481	3	3	7	2	3	8	5	4	6	6	4	7
OG0007993	NC_051862.1:32	NC_051862.1	160648612	True	1131	377	0	0	20	0	0	18	3	3	11	3	3	11
OG0007994	NC_051862.1:32	NC_051862.1	160612311	False	768	256	1	1	7	1	1	8	2	1	8	2	1	8
OG0007995	NC_051862.1:11	NC_051862.1	55140145	True	987	329	0	1	1	0	1	0	0	1	2	0	1	3
OG0007996	NC_051862.1:12	NC_051862.1	63515583	False	516	172	1	2	1	0	1	0	1	1	0	1	1	1
OG0007997	NC_051862.1:12	NC_051862.1	63622627	True	1923	641	28	3	8	34	2	3	2	6	28	3	14	4
OG0007998	NC_051862.1:12	NC_051862.1	63493614	True	831	277	13	1	5	18	0	1	2	5	13	1	10	0
OG0008000	NC_051861.1:23	NC_051861.1	116481155	True	2682	894	12	6	7	23	3	4	7	5	11	4	17	3
OG0008001	NC_051863.1:31	NC_051863.1	157089787	True	2700	900	2	4	41	1	4	38	9	12	20	9	10	22
OG0008002	NC_051863.1:31	NC_051863.1	157106851	True	1380	460	2	3	6	2	3	11	8	3	8	8	3	9
OG0008003	NC_051863.1:31	NC_051863.1	157108508	True	2499	833	10	19	14	8	19	15	9	7	18	9	6	28
OG0008004	NC_051863.1:31	NC_051863.1	157119264	True	1161	387	1	4	15	1	4	12	5	8	10	4	7	12
OG0008005	NC_051863.1:31	NC_051863.1	157130566	True	930	310	1	0	2	2	0	5	3	0	3	3	1	2
OG0008006	NC_051863.1:36	NC_051863.1	181016943	False	429	143	0	0	5	0	0	3	0	2	1	0	2	1
OG0008007	NC_051862.1:31	NC_051862.1	155852379	True	1707	569	5	5	2	3	4	1	1	1	7	2	1	8
OG0008008	NC_051862.1:31	NC_051862.1	155694011	True	2352	784	9	7	7	15	4	3	7	7	6	6	14	3
OG0008009	NC_051862.1:31	NC_051862.1	155684925	False	927	309	7	6	4	4	9	2	2	7	5	4	3	5
OG0008010	NC_051862.1:34	NC_051862.1	173582168	False	687	229	0	0	13	0	1	0	0	14	0	0	13	0
OG0008012	NC_051863.1:25	NC_051863.1	126668051	True	1557	519	9	9	8	10	11	6	5	9	8	7	10	10
OG0008014	NC_051861.1:10	NC_051861.1	53057577	True	1704	568	0	6	2	0	4	2	2	0	0	0	0	4
OG0008015	NC_051863.1:17	NC_051863.1	85809385	False	2733	911	0	3	0	0	3	0	0	0	0	0	0	3
OG0008016	NC_051862.1:19	NC_051862.1	98087267	True	837	279	1	0	5	1	1	4	0	2	2	0	1	1
OG0008017	NC_051863.1:17	NC_051863.1	86532954	False	2445	815	0	0	0	0	0	1	1	0	0	1	0	0
OG0008018	NC_051863.1:21	NC_051863.1	107908802	False	3351	1117	9	6	26	8	5	26	7	7	28	6	8	24
OG0008019	NC_051863.1:21	NC_051863.1	107876864	True	1485	495	6	3	25	5	3	23	5	5	17	6	5	15
OG0008020	NC_051861.1:22	NC_051861.1	112747439	False	3213	1071	14	12	9	12	9	9	11	8	9	14	12	11
OG0008021	NC_051861.1:10	NC_051861.1	50616957	True	2187	729	9	12	3	7	12	3	2	2	21	3	1	25
OG0008022	NC_051861.1:10	NC_051861.1	50622024	False	3717	1239	11	32	15	8	43	15	19	32	6	19	17	26
OG0008023	NC_051861.1:10	NC_051861.1	50628018	True	1380	460	6	3	8	4	14	2	2	18	5	4	7	4
OG0008024	NC_051861.1:10	NC_051861.1	50632106	True	732	244	1	1	1	1	2	0	0	3	1	0	1	1
OG0008025	NC_051863.1:6	NC_051863.1	33549246	False	69	23	0	0	0	0	0	4	4	0	0	4	0	0
OG0008026	NC_051861.1:20	NC_051861.1	104797301	True	1452	484	2	4	7	2	5	8	5	4	10	3	2	11
OG0008027	NC_051863.1:29	NC_051863.1	147933478	False	531	177	1	0	1	1	0	1	1	1	1	1	1	0
OG0008028	NC_051863.1:29	NC_051863.1	148064322	True	1155	385	5	13	4	5	12	4	4	2	8	5	3	16
OG0008029	NC_051862.1:13	NC_051862.1	69934784	True	1851	617	3	2	19	4	2	15	1	5	6	1	6	5
OG0008030	NC_051862.1:13	NC_051862.1	69881387	True	1128	376	0	3	16	0	3	15	4	6	3	4	6	6
OG0008031	NC_051863.1:6	NC_051863.1	33284369	True	1446	482	2	7	14	2	6	15	5	4	22	4	4	26
OG0008032	NC_051863.1:8	NC_051863.1	41969569	False	528	176	1	1	0	1	3	0	0	3	0	1	1	1
OG0008033	NC_051863.1:8	NC_051863.1	41974076	True	1182	394	2	8	2	3	9	3	4	4	2	3	3	8
OG0008034	NC_051863.1:8	NC_051863.1	42075828	False	1617	539	4	22	5	1	28	4	3	9	3	6	4	23
OG0008035	NC_051863.1:8	NC_051863.1	42114393	True	1143	381	3	1	14	2	1	16	4	1	12	5	1	11
OG0008036	NC_051861.1:20	NC_051861.1	102985050	True	411	137	1	1	1	1	2	2	1	2	1	1	0	0
OG0008038	NC_051863.1:9	NC_051863.1	46676627	False	819	273	8	8	1	6	6	2	3	0	5	4	1	7
OG0008039	NC_051863.1:9	NC_051863.1	46663214	False	474	158	2	1	0	3	3	2	2	2	3	2	1	1
OG0008040	NC_051861.1:24	NC_051861.1	124324571	True	1161	387	5	0	3	2	0	2	1	2	2	4	2	0
OG0008041	NC_051861.1:24	NC_051861.1	124322749	True	996	332	5	4	6	4	4	3	1	4	4	2	4	4
OG0008042	NC_051861.1:24	NC_051861.1	124330653	True	4362	1454	8	9	7	12	7	8	10	7	7	7	10	5
OG0008043	NC_051862.1:39	NC_051862.1	198946640	True	855	285	4	3	3	4	1	1	2	3	1	4	6	1
OG0008044	NC_051862.1:39	NC_051862.1	198995377	True	1257	419	4	2	3	1	5	4	5	8	3	8	4	4
OG0008045	NC_051863.1:7	NC_051863.1	37344033	True	447	149	0	5	2	0	4	0	2	3	0	0	2	3
OG0008046	NC_051862.1:6	NC_051862.1	30905584	True	1803	601	4	4	17	3	4	27	13	3	18	14	3	19
OG0008047	NC_051863.1:21	NC_051863.1	107657674	False	1410	470	0	2	14	0	2	14	3	3	7	3	3	9
OG0008048	NC_051863.1:21	NC_051863.1	107593360	True	1206	402	0	0	4	0	0	4	0	0	2	0	0	2
OG0008049	NC_051861.1:23	NC_051861.1	115947824	True	1383	461	4	3	3	4	3	3	1	2	4	3	3	4
OG0008050	NC_051861.1:23	NC_051861.1	115961039	True	4404	1468	37	16	25	33	17	24	17	17	37	25	22	25
OG0008052	NC_051863.1:30	NC_051863.1	154616494	True	609	203	3	1	0	3	1	1	1	0	3	1	0	1
OG0008053	NC_051863.1:30	NC_051863.1	154642414	True	1398	466	7	3	3	5	6	3	3	6	7	5	3	5
OG0008054	NC_051863.1:30	NC_051863.1	154688469	True	540	180	4	1	1	3	2	2	2	2	3	4	1	2
OG0008055	NC_051863.1:30	NC_051863.1	154708418	True	2421	807	1	9	4	2	11	5	4	6	2	3	5	9
OG0008056	NC_051862.1:33	NC_051862.1	166639455	True	1146	382	0	1	10	0	1	11	1	0	10	1	0	11
OG0008057	NC_051862.1:33	NC_051862.1	166641306	False	789	263	1	0	13	2	1	10	1	5	4	1	5	3
OG0008058	NC_051862.1:33	NC_051862.1	166655215	True	1398	466	2	3	28	2	3	27	4	6	9	4	6	10
OG0008059	NC_051862.1:33	NC_051862.1	166656900	True	1335	445	2	2	14	3	2	18	6	2	10	6	3	10
OG0008060	NC_051862.1:33	NC_051862.1	166669364	True	1881	627	0	6	25	1	5	27	8	5	12	7	5	17
OG0008061	NC_051862.1:33	NC_051862.1	166631922	True	789	263	0	1	4	0	1	4	0	0	10	0	0	10
OG0008062	NC_051862.1:33	NC_051862.1	166684315	False	1173	391	1	1	14	2	1	20	9	3	7	9	4	7
OG0008063	NC_051862.1:33	NC_051862.1	166694035	True	9855	3285	11	6	164	11	8	149	30	49	94	30	48	90
OG0008064	NC_051862.1:33	NC_051862.1	166739022	False	3249	1083	11	22	9	12	19	4	6	7	9	4	9	18
OG0008065	NC_051862.1:33	NC_051862.1	166766639	True	1248	416	1	10	3	2	8	1	4	4	1	0	3	6
OG0008066	NC_051862.1:33	NC_051862.1	166777672	False	1764	588	7	10	5	11	12	6	4	5	14	5	7	17
OG0008067	NC_051863.1:31	NC_051863.1	159310194	True	1266	422	2	2	18	2	3	6	2	15	8	1	13	7
OG0008068	NC_051863.1:31	NC_051863.1	159314285	False	1299	433	0	0	12	2	0	6	2	8	0	2	10	0
OG0008069	NC_051863.1:31	NC_051863.1	159237323	False	1200	400	1	5	7	0	6	3	4	9	2	4	7	6
OG0008070	NC_051863.1:31	NC_051863.1	159368647	True	318	106	0	1	7	0	1	9	2	1	1	2	1	2
OG0008071	NC_051863.1:22	NC_051863.1	112296522	False	768	256	0	0	1	1	1	7	5	1	3	5	1	3
OG0008072	NC_051863.1:22	NC_051863.1	112318901	True	363	121	0	1	2	2	1	4	2	0	1	2	2	2
OG0008073	NC_051863.1:14	NC_051863.1	73147302	False	1086	362	0	0	13	0	0	12	0	1	15	0	1	15
OG0008074	NC_051863.1:14	NC_051863.1	73128765	False	1056	352	0	0	19	0	0	20	6	4	7	6	4	7
OG0008076	NC_051861.1:17	NC_051861.1	87414764	False	2013	671	4	5	30	2	8	22	7	17	10	8	14	11
OG0008077	NC_051861.1:17	NC_051861.1	87399720	True	1917	639	10	22	18	11	24	18	10	12	13	13	13	26
OG0008078	NC_051861.1:17	NC_051861.1	87382662	False	2160	720	20	21	15	21	25	11	9	16	19	9	17	21
OG0008079	NC_051863.1:38	NC_051863.1	194412897	False	1818	606	1	1004	0	1	1016	0	4	11	4	1	1	1005
OG0008080	NC_051863.1:38	NC_051863.1	194338678	False	1395	465	0	4	17	0	2	16	7	6	14	5	6	16
OG0008081	NC_051863.1:38	NC_051863.1	194280692	True	3285	1095	6	15	21	6	14	27	17	9	19	16	8	26
OG0008082	NC_051863.1:38	NC_051863.1	194418663	True	813	271	2	1	1	2	2	1	0	1	4	0	0	2
OG0008083	NC_051863.1:2	NC_051863.1	11848182	True	2271	757	4	16	31	2	16	24	6	13	37	8	13	49
OG0008084	NC_051863.1:2	NC_051863.1	11836793	False	855	285	1	2	13	1	1	12	4	4	7	3	4	7
OG0008085	NC_051862.1:18	NC_051862.1	90780818	True	2739	913	11	21	14	19	18	14	13	12	22	8	17	27
OG0008086	NC_051862.1:18	NC_051862.1	90763399	True	936	312	4	0	0	3	2	1	1	2	3	2	0	0
OG0008087	NC_051862.1:30	NC_051862.1	151036334	True	2592	864	1	3	17	1	3	13	2	5	11	2	5	13
OG0008088	NC_051862.1:41	NC_051862.1	207371940	False	1350	450	5	3	16	5	7	7	1	15	6	2	12	5
OG0008089	NC_051862.1:0	NC_051862.1	4426846	True	3324	1108	7	34	6	4	37	5	3	7	9	5	3	38
OG0008090	NC_051862.1:0	NC_051862.1	4423904	True	537	179	2	0	1	3	0	1	1	1	3	1	2	1
OG0008091	NC_051862.1:0	NC_051862.1	4408358	True	312	104	0	1	2	1	1	1	1	2	1	1	3	2
OG0008092	NC_051862.1:0	NC_051862.1	4434326	True	1452	484	3	1	11	2	1	15	5	1	12	6	1	10
OG0008093	NC_051862.1:0	NC_051862.1	4229618	True	1182	394	2	0	2	2	0	2	0	0	12	0	0	10
OG0008094	NC_051863.1:5	NC_051863.1	27041222	False	1488	496	0	2	3	0	3	11	10	1	0	11	0	2
OG0008095	NC_051861.1:25	NC_051861.1	127792042	False	1689	563	5	13	4	3	3	2	11	3	5	3	3	5
OG0008096	NC_051861.1:22	NC_051861.1	114358522	True	372	124	2	2	7	1	2	5	0	2	1	1	2	2
OG0008097	NC_051863.1:20	NC_051863.1	101802047	False	8301	2767	2	1	4	3	0	1	1	3	2	0	4	0
OG0008098	NC_051863.1:30	NC_051863.1	150845512	False	1434	478	0	2	6	0	2	5	1	1	2	1	1	4
OG0008099	NC_051863.1:6	NC_051863.1	34901149	False	870	290	4	162	6	2	161	7	2	1	16	3	0	183
OG0008100	NC_051862.1:2	NC_051862.1	14584638	True	1014	338	2	7	5	2	10	1	1	8	3	1	5	8
OG0008101	NC_051862.1:2	NC_051862.1	14577700	True	2100	700	5	15	10	6	13	6	6	9	13	3	8	19
OG0008102	NC_051863.1:8	NC_051863.1	43560112	False	2607	869	1	9	8	2	7	8	4	2	4	2	3	9
OG0008103	NC_051863.1:1	NC_051863.1	7621328	True	1713	571	5	29	8	6	21	8	12	5	7	7	7	26
OG0008104	NC_051863.1:1	NC_051863.1	7705305	True	444	148	1	0	4	0	0	7	4	1	9	5	1	9
OG0008105	NC_051863.1:1	NC_051863.1	7736164	False	483	161	1	10	1	1	10	1	1	1	2	2	2	12
OG0008106	NC_051863.1:1	NC_051863.1	7557206	False	273	91	1	2	5	0	2	1	0	6	1	1	5	3
OG0008107	NC_051861.1:23	NC_051861.1	116334879	True	606	202	8	4	2	7	3	1	1	1	8	1	1	4
OG0008108	NC_051861.1:23	NC_051861.1	116335673	True	945	315	8	3	2	7	3	1	1	2	9	4	4	7
OG0008109	NC_051861.1:23	NC_051861.1	116274755	False	867	289	4	1	6	5	2	2	0	5	5	1	6	2
OG0008110	NC_051861.1:23	NC_051861.1	116275816	True	651	217	3	2	1	4	2	2	3	2	3	2	2	1
OG0008111	NC_051861.1:23	NC_051861.1	116214422	True	729	243	3	1	2	4	1	0	0	2	4	0	3	1
OG0008112	NC_051861.1:23	NC_051861.1	116226181	False	6507	2169	54	42	34	51	29	28	34	28	52	33	34	38
OG0008113	NC_051861.1:23	NC_051861.1	116267963	True	1338	446	8	2	8	7	3	5	3	7	5	6	8	2
OG0008114	NC_051861.1:23	NC_051861.1	116198304	False	561	187	19	5	2	23	3	2	3	2	20	3	4	4
OG0008115	NC_051861.1:23	NC_051861.1	116183442	True	504	168	0	4	2	1	2	1	2	1	0	0	2	2
OG0008116	NC_051861.1:23	NC_051861.1	116177760	True	1593	531	17	6	9	16	7	4	4	10	16	6	10	6
OG0008117	NC_051861.1:23	NC_051861.1	116344473	True	3060	1020	21	12	7	24	12	7	10	10	20	11	14	12
OG0008118	NC_051863.1:26	NC_051863.1	130811343	False	1347	449	6	4	6	12	2	3	6	7	5	4	13	1
OG0008119	NC_051862.1:14	NC_051862.1	73631431	True	1569	523	1	3	5	0	5	5	3	5	7	4	3	10
OG0008120	NC_051862.1:14	NC_051862.1	73645708	True	4155	1385	7	15	16	4	15	16	7	7	11	7	4	21
OG0008121	NC_051862.1:14	NC_051862.1	73664522	False	1698	566	4	10	6	4	7	5	5	3	3	3	3	7
OG0008122	NC_051862.1:14	NC_051862.1	73707686	False	894	298	4	6	3	1	8	4	2	2	1	5	1	6
OG0008123	NC_051862.1:14	NC_051862.1	73806785	True	267	89	1	3	1	1	4	2	1	1	0	2	0	3
OG0008124	NC_051862.1:3	NC_051862.1	15490099	True	1647	549	20	2	4	14	3	5	4	4	15	10	4	3
OG0008125	NC_051862.1:3	NC_051862.1	15483231	True	267	89	0	0	0	0	0	0	0	0	0	0	0	0
OG0008126	NC_051862.1:3	NC_051862.1	15469729	True	2691	897	16	11	10	17	8	13	12	6	18	10	8	11
OG0008127	NC_051862.1:3	NC_051862.1	15436654	True	1515	505	11	7	5	20	2	8	12	4	14	7	13	4
OG0008128	NC_051862.1:3	NC_051862.1	15252017	True	1698	566	13	5	5	18	4	4	4	4	13	6	10	8
OG0008129	NC_051862.1:3	NC_051862.1	15391826	False	1224	408	6	7	9	5	14	9	5	12	6	7	6	9
OG0008130	NC_051862.1:4	NC_051862.1	20417410	True	2442	814	2	3	50	2	2	41	9	14	23	8	14	23
OG0008131	NC_051862.1:4	NC_051862.1	20421563	True	318	106	2	0	1	1	0	2	1	0	4	2	0	3
OG0008132	NC_051862.1:3	NC_051862.1	19489415	False	264	88	0	1	1	0	1	1	0	0	3	0	0	4
OG0008133	NC_051862.1:6	NC_051862.1	33248760	True	1050	350	3	0	6	2	0	7	2	1	6	3	1	4
OG0008134	NC_051862.1:6	NC_051862.1	33226618	False	840	280	1	3	10	1	3	6	1	4	8	1	4	10
OG0008135	NC_051862.1:6	NC_051862.1	33227549	True	1938	646	3	6	24	3	6	26	8	4	12	8	3	15
OG0008136	NC_051862.1:6	NC_051862.1	33295442	True	387	129	0	0	9	0	0	9	2	2	2	2	2	2
OG0008137	NC_051862.1:6	NC_051862.1	33301631	False	1419	473	0	2	6	2	3	5	2	3	11	2	5	13
OG0008138	NC_051862.1:6	NC_051862.1	33179081	True	1530	510	3	3	26	3	1	21	7	11	10	5	11	7
OG0008139	NC_051862.1:11	NC_051862.1	59560439	True	900	300	2	1	2	1	1	7	6	1	1	7	1	1
OG0008140	NC_051862.1:32	NC_051862.1	161265795	True	3036	1012	14	1	3	14	1	2	2	3	14	3	3	2
OG0008141	NC_051861.1:19	NC_051861.1	95551428	True	1659	553	4	8	10	5	8	9	4	5	15	4	6	18
OG0008143	NC_051861.1:19	NC_051861.1	95417590	False	429	143	0	2	2	0	0	4	4	0	0	2	0	0
OG0008146	NC_051861.1:22	NC_051861.1	111388809	False	2361	787	6	3	95	5	4	28	10	86	11	11	85	9
OG0008147	NC_051861.1:22	NC_051861.1	111313854	True	873	291	1	2	3	3	3	3	0	1	1	0	2	2
OG0008148	NC_051862.1:42	NC_051862.1	213543472	False	3735	1245	2	7	28	3	4	25	12	13	29	9	13	30
OG0008149	NC_051861.1:9	NC_051861.1	45021856	True	3435	1145	15	39	33	12	40	34	5	7	56	6	3	78
OG0008150	NC_051861.1:9	NC_051861.1	45030344	True	630	210	0	1	0	0	1	0	0	0	0	0	0	1
OG0008151	NC_051861.1:9	NC_051861.1	45052541	False	675	225	1	4	0	1	3	1	2	0	0	2	1	3
OG0008152	NC_051863.1:31	NC_051863.1	158241307	False	489	163	2	1	4	4	1	0	0	4	2	0	8	1
OG0008153	NC_051862.1:10	NC_051862.1	54564962	True	777	259	1	0	9	1	0	6	4	7	4	4	7	3
OG0008154	NC_051861.1:22	NC_051861.1	112221265	True	1128	376	3	8	1	4	5	4	7	1	2	5	3	6
OG0008155	NC_051861.1:22	NC_051861.1	112241931	True	861	287	3	2	5	3	1	3	2	3	2	2	4	1
OG0008156	NC_051861.1:22	NC_051861.1	112263214	True	894	298	4	3	3	7	2	5	4	1	6	3	4	4
OG0008157	NC_051861.1:22	NC_051861.1	112274285	True	4425	1475	28	14	11	24	20	18	17	16	23	23	11	13
OG0008158	NC_051863.1:30	NC_051863.1	151100202	True	1314	438	0	0	8	0	0	6	0	2	1	0	2	1
OG0008159	NC_051863.1:30	NC_051863.1	151082877	True	1047	349	0	1	19	0	1	19	0	0	6	0	0	7
OG0008160	NC_051863.1:30	NC_051863.1	151210795	False	2217	739	1	1	19	1	1	17	4	6	7	4	6	7
OG0008161	NC_051862.1:33	NC_051862.1	167343830	False	732	244	12	59	0	4	147	4	4	83	45	9	1	171
OG0008162	NC_051863.1:26	NC_051863.1	131144232	True	2253	751	5	6	8	7	5	4	5	8	6	6	12	8
OG0008163	NC_051863.1:26	NC_051863.1	131157115	True	543	181	3	2	2	6	0	0	2	2	3	0	5	0
OG0008164	NC_051863.1:26	NC_051863.1	131187856	False	495	165	1	3	1	7	2	0	1	1	1	0	7	2
OG0008165	NC_051863.1:26	NC_051863.1	131162109	True	1599	533	4	6	6	20	0	0	6	6	4	0	21	0
OG0008166	NC_051863.1:26	NC_051863.1	131163793	False	834	278	6	7	2	20	0	1	7	1	6	0	15	0
OG0008167	NC_051862.1:13	NC_051862.1	67032339	False	144	48	0	0	1	0	0	1	0	0	2	0	0	2
OG0008168	NC_051862.1:13	NC_051862.1	67014105	True	273	91	2	0	0	1	1	0	0	1	1	1	0	0
OG0008169	NC_051862.1:18	NC_051862.1	93450197	False	1161	387	1	3	9	1	4	11	2	1	131	2	0	135
OG0008170	NC_051862.1:18	NC_051862.1	93515893	True	2028	676	10	2	5	8	3	8	7	5	12	10	5	6
OG0008171	NC_051863.1:37	NC_051863.1	187897701	False	1011	337	1	1	19	1	1	19	0	0	21	0	0	21
OG0008172	NC_051862.1:9	NC_051862.1	46219209	True	1080	360	0	2	15	0	2	15	2	3	8	2	3	10
OG0008173	NC_051861.1:15	NC_051861.1	76664877	True	414	138	0	0	3	0	0	1	0	2	1	0	2	1
OG0008174	NC_051861.1:15	NC_051861.1	76564065	True	1356	452	0	1	16	1	1	11	1	6	6	1	7	7
OG0008175	NC_051861.1:24	NC_051861.1	120485739	True	1641	547	1	2	11	2	2	14	5	2	9	5	3	10
OG0008176	NC_051862.1:24	NC_051862.1	124679049	True	432	144	1	1	0	0	0	0	1	0	0	1	0	0
OG0008177	NC_051862.1:24	NC_051862.1	124711595	True	1674	558	13	12	10	23	6	5	11	10	14	5	20	8
OG0008178	NC_051862.1:24	NC_051862.1	124638689	True	1455	485	8	3	4	9	2	3	3	3	9	3	5	4
OG0008179	NC_051863.1:5	NC_051863.1	29624299	True	333	111	4	5	0	3	5	1	2	1	3	3	1	5
OG0008180	NC_051863.1:23	NC_051863.1	115641674	True	390	130	0	1	0	0	2	0	0	1	1	0	0	2
OG0008181	NC_051862.1:23	NC_051862.1	116392234	True	1017	339	0	0	8	0	0	8	0	0	5	0	0	5
OG0008182	NC_051862.1:23	NC_051862.1	116371067	False	465	155	1	0	3	1	0	3	0	0	7	0	0	5
OG0008183	NC_051862.1:23	NC_051862.1	116360404	True	1356	452	0	1	22	0	1	22	0	0	13	0	0	14
OG0008184	NC_051862.1:23	NC_051862.1	116424511	True	5031	1677	0	4	31	0	4	31	0	0	20	0	0	24
OG0008185	NC_051861.1:22	NC_051861.1	110317344	False	1728	576	25	11	10	23	16	11	8	13	21	12	10	10
OG0008186	NC_051863.1:5	NC_051863.1	26878234	True	1608	536	2	8	5	1	4	6	10	4	4	6	4	7
OG0008187	NC_051863.1:5	NC_051863.1	26756279	False	1890	630	1	1012	1	1	1018	2	4	6	5	1	0	1012
OG0008188	NC_051861.1:23	NC_051861.1	116891117	False	1347	449	25	4	5	26	5	2	5	9	23	4	8	1
OG0008189	NC_051862.1:14	NC_051862.1	73613875	True	1974	658	5	4	20	4	4	19	6	7	9	8	8	10
OG0008190	NC_051862.1:14	NC_051862.1	73572594	True	447	149	1	0	1	1	0	2	1	0	3	1	0	2
OG0008191	NC_051862.1:14	NC_051862.1	73400245	False	1344	448	0	574	0	21	1	4	583	0	0	4	21	1
OG0008192	NC_051861.1:4	NC_051861.1	21281726	False	636	212	7	2	1	5	3	1	2	3	4	4	1	1
OG0008193	NC_051861.1:4	NC_051861.1	21140810	False	939	313	0	10	1	1	9	0	1	1	1	0	2	10
OG0008194	NC_051863.1:34	NC_051863.1	174223337	False	1077	359	1	2	5	1	2	8	4	1	2	4	1	3
OG0008195	NC_051863.1:34	NC_051863.1	174039447	True	6546	2182	8	36	38	10	32	34	22	24	22	19	25	45
OG0008196	NC_051863.1:34	NC_051863.1	174184698	False	1032	344	2	8	6	1	10	2	1	7	2	0	4	8
OG0008197	NC_051863.1:34	NC_051863.1	174181332	False	1587	529	6	10	10	6	10	9	1	4	16	2	4	21
OG0008198	NC_051863.1:34	NC_051863.1	174180149	True	777	259	2	2	6	1	3	4	0	3	6	1	2	7
OG0008199	NC_051862.1:16	NC_051862.1	80961503	True	552	184	0	0	4	0	0	5	1	0	0	1	0	0
OG0008200	NC_051862.1:16	NC_051862.1	81004427	True	627	209	0	3	1	1	3	1	1	1	0	1	2	3
OG0008201	NC_051863.1:31	NC_051863.1	155191915	False	1608	536	5	5	4	7	5	4	4	4	8	3	5	7
OG0008202	NC_051863.1:30	NC_051863.1	152391377	True	945	315	0	0	17	0	0	18	1	0	20	1	0	20
OG0008203	NC_051863.1:30	NC_051863.1	152390198	True	840	280	1	0	7	2	0	9	3	1	6	3	2	5
OG0008204	NC_051863.1:30	NC_051863.1	152389010	True	324	108	0	0	0	0	0	3	3	0	0	3	0	0
OG0008205	NC_051863.1:30	NC_051863.1	152367121	False	1311	437	0	404	1	0	403	1	1	0	1	0	0	408
OG0008206	NC_051863.1:30	NC_051863.1	152411705	False	180	60	0	0	0	0	0	0	0	0	0	0	0	0
OG0008207	NC_051862.1:31	NC_051862.1	156067945	True	2043	681	8	8	8	18	3	3	6	5	10	2	17	6
OG0008208	NC_051863.1:37	NC_051863.1	189147430	False	474	158	1	0	4	0	1	2	1	4	1	2	3	1
OG0008209	NC_051861.1:21	NC_051861.1	109090033	False	858	286	1	165	1	6	6	3	163	0	3	3	6	10
OG0008210	NC_051863.1:10	NC_051863.1	52924953	True	1173	391	5	4	2	13	2	4	5	1	11	4	10	9
OG0008211	NC_051861.1:20	NC_051861.1	100632228	True	1635	545	0	1	10	0	1	11	2	1	8	2	1	9
OG0008212	NC_051861.1:20	NC_051861.1	100652638	True	1890	630	1	1	15	0	1	18	5	1	20	6	1	21
OG0008213	NC_051862.1:14	NC_051862.1	71374986	False	1365	455	0	3	15	0	3	19	3	1	8	3	1	11
OG0008214	NC_051862.1:14	NC_051862.1	71243207	False	4881	1627	6	8	53	6	10	63	21	14	20	21	10	21
OG0008215	NC_051861.1:20	NC_051861.1	104632615	False	1734	578	3	15	15	7	12	9	2	7	9	0	11	18
OG0008216	NC_051861.1:20	NC_051861.1	104637075	True	2568	856	8	19	21	5	18	23	17	13	19	21	15	34
OG0008217	NC_051861.1:20	NC_051861.1	104625014	True	2541	847	6	4	18	4	3	14	6	9	19	8	10	19
OG0008218	NC_051861.1:20	NC_051861.1	104660068	True	969	323	1	0	0	1	0	1	1	0	1	1	0	0
OG0008219	NC_051863.1:11	NC_051863.1	56246470	False	1914	638	11	14	8	10	16	4	5	12	8	6	9	11
OG0008220	NC_051863.1:11	NC_051863.1	56310650	False	3489	1163	10	12	37	7	11	33	16	18	31	15	16	33
OG0008221	NC_051863.1:11	NC_051863.1	56327304	True	1599	533	2	2	11	2	1	10	1	1	10	0	1	9
OG0008222	NC_051862.1:10	NC_051862.1	54550342	False	537	179	2	0	13	1	0	3	2	13	3	3	13	2
OG0008223	NC_051861.1:16	NC_051861.1	81153031	False	1041	347	4	5	5	2	5	6	2	1	5	4	1	8
OG0008224	NC_051863.1:3	NC_051863.1	15550842	True	417	139	1	2	0	1	1	0	1	0	1	0	0	1
OG0008225	NC_051863.1:1	NC_051863.1	8415875	False	837	279	0	2	1	0	2	2	1	0	3	1	0	5
OG0008226	NC_051862.1:1	NC_051862.1	6885929	True	426	142	3	4	2	3	3	1	1	1	3	0	1	3
OG0008227	NC_051862.1:1	NC_051862.1	6886828	True	3282	1094	19	7	15	18	4	11	5	6	25	2	6	11
OG0008228	NC_051862.1:1	NC_051862.1	6960253	False	1614	538	13	9	10	7	16	5	4	15	6	14	13	12
OG0008229	NC_051862.1:9	NC_051862.1	48358202	False	1131	377	1	2	10	1	1	9	2	2	2	1	2	2
OG0008230	NC_051861.1:16	NC_051861.1	81512339	False	387	129	1	0	4	1	0	4	0	0	1	0	0	0
OG0008231	NC_051861.1:16	NC_051861.1	81845908	True	1488	496	3	6	20	3	6	22	10	7	13	9	6	15
OG0008232	NC_051862.1:42	NC_051862.1	214118643	True	2901	967	3	2	15	3	1	9	3	8	7	2	8	5
OG0008233	NC_051863.1:31	NC_051863.1	155008460	False	1104	368	6	1	3	4	2	3	4	5	2	7	6	0
OG0008234	NC_051863.1:30	NC_051863.1	154992461	True	468	156	1	0	1	1	0	2	1	0	1	1	0	0
OG0008235	NC_051863.1:20	NC_051863.1	102919868	False	153	51	0	1	0	0	1	0	0	0	0	0	0	1
OG0008236	NC_051863.1:33	NC_051863.1	165619086	True	1710	570	4	5	19	3	5	16	9	13	5	9	11	7
OG0008237	NC_051863.1:33	NC_051863.1	165590256	False	1044	348	2	3	16	2	3	5	3	14	3	3	13	4
OG0008238	NC_051861.1:15	NC_051861.1	76797075	False	2439	813	0	1	45	0	1	58	29	13	15	29	13	17
OG0008239	NC_051862.1:6	NC_051862.1	31502898	False	1170	390	3	2	1	2	2	0	0	1	2	1	1	2
OG0008240	NC_051862.1:6	NC_051862.1	31513230	False	960	320	4	6	2	5	3	2	4	2	4	1	2	2
OG0008241	NC_051862.1:44	NC_051862.1	224556961	False	717	239	3	2	16	3	2	13	3	5	4	3	6	3
OG0008242	NC_051862.1:44	NC_051862.1	224550531	True	1974	658	14	12	12	15	20	14	9	15	15	9	9	14
OG0008243	NC_051862.1:44	NC_051862.1	224524720	True	576	192	0	1	2	0	0	3	2	1	0	1	1	0
OG0008244	NC_051862.1:44	NC_051862.1	224559122	True	2151	717	6	6	6	6	6	5	2	4	8	3	4	8
OG0008245	NC_051862.1:13	NC_051862.1	67454596	True	1938	646	7	6	5	5	4	2	5	6	5	3	5	2
OG0008246	NC_051861.1:25	NC_051861.1	128138905	True	1359	453	2	1	9	1	1	8	4	5	6	5	5	6
OG0008247	NC_051862.1:34	NC_051862.1	170003853	True	1500	500	14	11	9	22	3	4	10	7	17	2	15	6
OG0008248	NC_051861.1:25	NC_051861.1	128088113	False	1038	346	1	0	1	1	0	1	0	0	2	0	0	1
OG0008249	NC_051862.1:7	NC_051862.1	36132911	False	549	183	2	3	2	2	2	5	5	1	2	5	2	3
OG0008250	NC_051862.1:4	NC_051862.1	21998864	True	4350	1450	26	11	14	37	4	8	11	12	27	7	24	5
OG0008251	NC_051862.1:3	NC_051862.1	16102395	True	3933	1311	21	12	9	22	11	9	4	4	28	7	8	22
OG0008252	NC_051862.1:4	NC_051862.1	20168323	True	516	172	2	2	1	2	1	4	4	0	4	3	0	3
OG0008253	NC_051862.1:4	NC_051862.1	20178426	False	690	230	2	1	14	2	1	10	1	5	6	1	5	5
OG0008254	NC_051862.1:4	NC_051862.1	20205275	False	1059	353	2	0	10	2	0	11	5	5	10	5	4	8
OG0008255	NC_051862.1:4	NC_051862.1	20210783	True	2202	734	5	9	22	6	5	23	11	7	17	8	8	18
OG0008256	NC_051862.1:4	NC_051862.1	20219086	True	588	196	1	0	5	0	0	4	1	2	2	2	2	2
OG0008257	NC_051862.1:4	NC_051862.1	20159117	True	438	146	0	0	0	0	0	0	0	0	0	0	0	0
OG0008258	NC_051862.1:1	NC_051862.1	6674753	True	645	215	1	0	1	3	1	5	5	2	1	5	3	0
OG0008259	NC_051862.1:1	NC_051862.1	6571587	True	1578	526	10	5	3	7	5	1	3	5	6	5	4	3
OG0008260	NC_051863.1:1	NC_051863.1	6223780	False	1179	393	0	0	103	0	1	71	13	24	21	13	24	21
OG0008261	NC_051861.1:25	NC_051861.1	127953767	False	717	239	2	4	5	2	5	2	4	8	1	3	6	2
OG0008262	NC_051863.1:10	NC_051863.1	53594809	False	1488	496	2	1	6	2	1	4	0	2	5	0	2	4
OG0008263	NC_051863.1:10	NC_051863.1	53634092	True	1521	507	1	7	6	0	7	4	5	7	1	3	4	5
OG0008264	NC_051862.1:12	NC_051862.1	62635288	False	1470	490	6	7	5	10	5	3	4	4	7	2	8	5
OG0008265	NC_051863.1:25	NC_051863.1	126948228	True	975	325	1	1	4	1	1	4	0	0	11	0	0	11
OG0008266	NC_051862.1:14	NC_051862.1	70257058	True	5715	1905	3	17	16	4	17	14	7	9	12	6	9	25
OG0008267	NC_051861.1:18	NC_051861.1	90556016	False	975	325	0	1	4	2	2	5	3	1	3	3	2	4
OG0008268	NC_051863.1:35	NC_051863.1	179793899	True	2082	694	5	16	10	7	20	11	7	10	13	7	8	25
OG0008269	NC_051863.1:35	NC_051863.1	179767108	False	174	58	0	1	0	0	0	0	0	0	0	0	0	0
OG0008270	NC_051863.1:9	NC_051863.1	47571695	False	192	64	1	0	1	0	0	28	27	0	0	27	0	0
OG0008271	NC_051863.1:1	NC_051863.1	7705982	True	1983	661	2	4	22	2	5	26	4	4	19	6	4	22
OG0008272	NC_051863.1:1	NC_051863.1	7580055	False	1734	578	4	5	7	3	4	3	3	6	6	2	5	6
OG0008273	NC_051861.1:6	NC_051861.1	33495665	False	1617	539	8	10	4	4	5	10	14	4	5	16	7	9
OG0008274	NC_051862.1:15	NC_051862.1	78817553	False	1896	632	6	75	2	3	42	3	24	4	2	7	4	40
OG0008275	NC_051862.1:15	NC_051862.1	78822875	False	600	200	2	16	2	1	17	2	3	4	1	3	3	16
OG0008276	NC_051862.1:15	NC_051862.1	78883055	True	1251	417	3	6	3	3	5	3	3	3	2	3	3	6
OG0008277	NC_051862.1:37	NC_051862.1	186211697	True	2733	911	6	33	13	8	26	8	12	9	13	3	10	34
OG0008278	NC_051862.1:37	NC_051862.1	186067956	True	4302	1434	6	25	11	4	19	7	11	10	9	7	9	23
OG0008279	NC_051861.1:22	NC_051861.1	111134614	True	1266	422	1	1	2	1	1	1	0	1	1	0	1	1
OG0008280	NC_051861.1:22	NC_051861.1	111117626	False	1491	497	7	13	4	0	16	3	2	7	3	7	2	15
OG0008281	NC_051863.1:2	NC_051863.1	13886909	True	1656	552	5	13	9	10	10	13	16	8	6	12	12	10
OG0008282	NC_051863.1:2	NC_051863.1	13803471	False	435	145	2	0	2	1	0	3	2	1	1	3	1	0
OG0008283	NC_051861.1:23	NC_051861.1	115264840	True	1695	565	14	3	6	8	3	2	1	5	9	8	6	5
OG0008284	NC_051861.1:23	NC_051861.1	115259030	True	1428	476	10	4	9	9	3	7	6	7	8	6	7	2
OG0008285	NC_051862.1:13	NC_051862.1	68333321	True	3285	1095	13	6	16	14	6	6	5	14	14	7	17	11
OG0008286	NC_051862.1:13	NC_051862.1	68252184	True	1689	563	3	4	2	4	2	0	4	4	1	2	5	0
OG0008287	NC_051862.1:13	NC_051862.1	68326767	True	333	111	1	0	3	1	0	3	0	0	0	1	1	0
OG0008288	NC_051862.1:12	NC_051862.1	61829624	True	3822	1274	1	2	4	2	3	5	6	6	2	5	5	2
OG0008289	NC_051862.1:11	NC_051862.1	59413971	True	1419	473	3	5	2	4	3	0	2	2	3	0	3	3
OG0008290	NC_051862.1:11	NC_051862.1	59343918	False	981	327	3	6	5	6	5	0	4	7	3	0	7	2
OG0008291	NC_051862.1:11	NC_051862.1	59281413	True	828	276	1	0	0	2	0	2	2	0	2	2	1	1
OG0008292	NC_051862.1:11	NC_051862.1	59451411	True	585	195	1	1	2	5	3	2	1	3	1	1	5	1
OG0008293	NC_051863.1:25	NC_051863.1	126054206	True	1329	443	4	10	9	5	11	4	4	9	6	2	8	11
OG0008294	NC_051863.1:25	NC_051863.1	126049385	True	1158	386	5	11	4	4	13	4	4	7	4	6	5	11
OG0008295	NC_051863.1:31	NC_051863.1	159118542	True	2055	685	2	2	16	1	4	2	1	17	3	2	15	4
OG0008296	NC_051863.1:31	NC_051863.1	159113388	True	912	304	1	2	12	1	2	6	1	7	1	2	8	3
OG0008297	NC_051863.1:20	NC_051863.1	101597420	False	2169	723	0	459	0	0	460	0	0	0	0	0	0	459
OG0008298	NC_051863.1:10	NC_051863.1	54731817	False	672	224	0	0	1	0	0	0	0	1	1	0	1	1
OG0008299	NC_051863.1:21	NC_051863.1	107721481	True	1245	415	4	5	17	4	4	16	2	2	10	1	2	10
OG0008300	NC_051863.1:21	NC_051863.1	107816182	False	1098	366	0	0	28	0	0	12	3	24	6	3	24	6
OG0008301	NC_051863.1:8	NC_051863.1	43662809	True	1251	417	1	8	3	2	5	3	6	3	7	1	2	9
OG0008302	NC_051863.1:8	NC_051863.1	43684874	True	2529	843	8	15	14	9	14	15	5	4	18	3	4	22
OG0008303	NC_051863.1:30	NC_051863.1	154173929	True	2271	757	3	2	3	3	2	2	3	5	4	3	4	3
OG0008304	NC_051862.1:5	NC_051862.1	28146514	False	918	306	0	37	15	1	36	3	6	17	3	2	15	35
OG0008305	NC_051862.1:5	NC_051862.1	28131041	False	1026	342	0	3	4	2	4	5	5	5	0	4	5	2
OG0008306	NC_051862.1:5	NC_051862.1	28086157	True	3372	1124	6	6	30	15	1	11	12	27	5	9	37	2
OG0008307	NC_051862.1:5	NC_051862.1	28154786	False	1275	425	1	173	6	1	172	5	3	4	3	2	3	174
OG0008308	NC_051861.1:26	NC_051861.1	132311771	True	933	311	2	1	4	3	1	0	0	4	2	0	5	1
OG0008309	NC_051861.1:26	NC_051861.1	132354332	True	651	217	7	2	4	7	1	3	2	2	9	1	2	4
OG0008310	NC_051861.1:26	NC_051861.1	132327537	True	1650	550	7	7	4	8	2	3	6	2	6	2	4	2
OG0008311	NC_051861.1:26	NC_051861.1	132355418	True	2004	668	10	12	11	8	19	8	5	16	8	7	9	13
OG0008312	NC_051863.1:5	NC_051863.1	27711503	True	510	170	1	1	2	1	1	3	3	2	1	3	2	1
OG0008313	NC_051863.1:5	NC_051863.1	27695817	True	1050	350	1	11	1	3	11	2	2	1	3	1	2	12
OG0008314	NC_051862.1:5	NC_051862.1	25178554	False	831	277	2	6	3	2	6	1	0	2	4	0	2	7
OG0008315	NC_051862.1:5	NC_051862.1	25277172	True	1038	346	4	15	0	0	11	6	13	2	2	8	0	12
OG0008316	NC_051862.1:5	NC_051862.1	29542299	True	831	277	2	1	7	0	0	4	2	3	3	3	3	3
OG0008317	NC_051862.1:5	NC_051862.1	29517219	True	1164	388	0	0	14	0	0	18	5	0	7	5	0	7
OG0008318	NC_051862.1:5	NC_051862.1	29521501	True	4809	1603	13	12	52	10	10	61	25	15	42	28	17	43
OG0008319	NC_051862.1:5	NC_051862.1	29489687	False	1341	447	3	8	17	4	9	13	8	12	7	6	12	11
OG0008320	NC_051863.1:34	NC_051863.1	172207825	True	4692	1564	4	26	4	3	26	8	6	2	14	5	0	35
OG0008321	NC_051861.1:24	NC_051861.1	120775378	False	3375	1125	11	13	16	10	16	19	14	14	7	16	12	11
OG0008322	NC_051861.1:24	NC_051861.1	120790591	True	2427	809	7	4	14	9	10	16	9	14	10	10	11	7
OG0008323	NC_051863.1:33	NC_051863.1	166195156	True	912	304	1	0	11	2	0	1	0	10	0	1	13	0
OG0008324	NC_051862.1:8	NC_051862.1	44174080	True	738	246	0	0	7	0	0	10	3	1	3	3	1	3
OG0008325	NC_051862.1:3	NC_051862.1	16546979	False	2181	727	11	15	18	13	13	9	11	20	12	6	17	11
OG0008326	NC_051861.1:21	NC_051861.1	105108425	True	360	120	0	1	2	1	0	1	1	0	0	0	1	0
OG0008327	NC_051861.1:26	NC_051861.1	132539054	True	1776	592	3	3	13	3	4	13	6	5	7	5	4	7
OG0008328	NC_051861.1:26	NC_051861.1	132564073	True	1506	502	5	4	4	5	4	3	2	3	6	4	5	7
OG0008329	NC_051861.1:26	NC_051861.1	132584112	True	3156	1052	5	13	12	6	12	11	8	8	9	6	8	15
OG0008330	NC_051861.1:26	NC_051861.1	132597362	True	705	235	1	3	4	1	3	6	2	0	1	2	0	3
OG0008331	NC_051863.1:5	NC_051863.1	28443354	True	942	314	2	6	3	3	6	1	2	5	3	1	4	5
OG0008332	NC_051863.1:5	NC_051863.1	28525437	True	621	207	2	2	4	2	1	1	1	3	2	0	4	1
OG0008333	NC_051862.1:34	NC_051862.1	171391315	True	447	149	0	6	3	0	7	2	0	3	0	0	1	5
OG0008334	NC_051863.1:34	NC_051863.1	172643829	True	372	124	0	2	0	1	0	3	5	0	1	3	1	1
OG0008335	NC_051863.1:34	NC_051863.1	172749882	True	3132	1044	12	12	8	17	13	6	4	6	19	4	10	19
OG0008336	NC_051863.1:10	NC_051863.1	50384703	False	807	269	14	0	2	14	0	2	0	0	15	0	0	0
OG0008337	NC_051863.1:4	NC_051863.1	23017232	False	2115	705	7	8	50	5	18	8	8	51	7	10	49	10
OG0008338	NC_051863.1:4	NC_051863.1	23007438	True	1038	346	1	4	4	3	4	7	4	1	5	4	3	8
OG0008339	NC_051863.1:17	NC_051863.1	86807452	False	1197	399	0	2	0	0	2	0	0	0	0	0	0	2
OG0008340	NC_051863.1:17	NC_051863.1	86559848	False	1203	401	0	0	0	0	0	0	0	0	0	0	0	0
OG0008341	NC_051862.1:41	NC_051862.1	207115772	False	1836	612	9	8	10	8	10	11	11	12	10	13	11	10
OG0008342	NC_051862.1:41	NC_051862.1	207204431	True	1620	540	4	9	3	10	1	2	11	4	5	3	9	2
OG0008343	NC_051863.1:35	NC_051863.1	177621495	True	2349	783	2	1	39	2	4	39	7	11	39	6	8	38
OG0008344	NC_051863.1:35	NC_051863.1	177642767	True	564	188	0	0	10	0	0	9	2	3	5	2	3	5
OG0008345	NC_051863.1:35	NC_051863.1	177549606	True	963	321	0	1	3	1	1	4	1	0	3	1	1	4
OG0008346	NC_051863.1:16	NC_051863.1	82560974	True	1446	482	2	2	1	2	2	0	0	1	2	0	1	2
OG0008347	NC_051862.1:41	NC_051862.1	207010371	True	2112	704	2	6	31	5	5	27	7	11	13	7	13	16
OG0008348	NC_051862.1:17	NC_051862.1	88489449	True	1440	480	0	2	7	1	2	7	1	1	1	1	2	3
OG0008349	NC_051862.1:3	NC_051862.1	17764619	True	1338	446	24	7	3	28	7	4	3	2	28	2	5	10
OG0008350	NC_051862.1:3	NC_051862.1	17788408	True	516	172	2	0	0	3	0	0	0	0	2	0	1	0
OG0008351	NC_051862.1:3	NC_051862.1	17841560	True	450	150	0	0	2	0	0	3	2	1	0	2	1	0
OG0008352	NC_051862.1:12	NC_051862.1	63743157	False	1389	463	7	9	12	19	3	5	9	10	6	2	21	1
OG0008353	NC_051863.1:29	NC_051863.1	146287043	True	1494	498	0	0	7	0	0	8	2	1	4	2	1	4
OG0008354	NC_051863.1:31	NC_051863.1	159105106	True	984	328	0	2	1	0	1	1	1	0	0	0	0	1
OG0008355	NC_051863.1:31	NC_051863.1	159073515	True	2169	723	0	1	5	1	1	2	2	5	1	1	5	1
OG0008356	NC_051862.1:32	NC_051862.1	160384256	True	3171	1057	3	3	27	2	3	26	7	8	14	8	8	15
OG0008357	NC_051862.1:32	NC_051862.1	160377320	True	900	300	1	5	13	1	5	8	3	8	5	3	8	9
OG0008358	NC_051861.1:20	NC_051861.1	103784743	False	705	235	0	0	6	0	1	9	4	2	4	4	1	4
OG0008359	NC_051862.1:3	NC_051862.1	17071228	True	4353	1451	12	12	10	10	9	6	8	9	6	10	12	8
OG0008360	NC_051861.1:18	NC_051861.1	92515582	False	2247	749	2	275	10	3	276	11	7	8	8	7	7	282
OG0008361	NC_051863.1:8	NC_051863.1	43420159	False	1320	440	6	11	14	5	14	13	7	11	8	7	6	12
OG0008362	NC_051863.1:8	NC_051863.1	43429003	False	741	247	0	0	7	0	0	6	0	1	3	0	1	3
OG0008363	NC_051863.1:8	NC_051863.1	43376298	False	1233	411	0	4	5	1	3	24	23	3	1	22	4	4
OG0008364	NC_051863.1:8	NC_051863.1	43408117	True	1047	349	1	2	5	0	1	4	2	2	4	1	1	4
OG0008365	NC_051863.1:8	NC_051863.1	43353625	False	324	108	0	3	0	1	3	4	5	1	1	4	1	3
OG0008366	NC_051863.1:3	NC_051863.1	17361055	True	1539	513	1	0	3	0	0	2	0	1	2	1	1	2
OG0008367	NC_051863.1:21	NC_051863.1	107915738	True	393	131	0	0	4	0	0	3	0	1	2	0	1	2
OG0008368	NC_051863.1:21	NC_051863.1	107916468	True	1764	588	2	5	8	4	5	6	2	5	3	3	6	6
OG0008369	NC_051863.1:2	NC_051863.1	13636639	False	477	159	1	2	0	1	2	0	0	0	1	0	0	2
OG0008370	NC_051863.1:2	NC_051863.1	13635483	True	699	233	2	9	1	2	7	2	3	1	3	0	0	7
OG0008371	NC_051863.1:2	NC_051863.1	13657954	False	222	74	0	2	1	1	2	2	1	0	1	1	1	3
OG0008372	NC_051861.1:23	NC_051861.1	117804616	False	3588	1196	12	13	9	10	12	9	10	8	11	9	6	9
OG0008373	NC_051861.1:23	NC_051861.1	117853734	True	255	85	0	0	2	0	0	0	0	2	0	0	2	0
OG0008374	NC_051861.1:23	NC_051861.1	117865427	True	654	218	0	1	1	0	1	0	0	1	0	0	1	1
OG0008375	NC_051863.1:7	NC_051863.1	38924141	True	618	206	0	4	1	0	5	2	1	1	0	1	0	4
OG0008376	NC_051862.1:12	NC_051862.1	64282822	True	513	171	1	2	1	1	1	2	3	1	1	3	2	2
OG0008377	NC_051862.1:12	NC_051862.1	64292105	False	828	276	2	3	4	1	5	3	0	3	3	2	2	6
OG0008378	NC_051863.1:31	NC_051863.1	158839306	True	1557	519	3	3	23	7	1	1	4	24	1	3	29	0
OG0008379	NC_051862.1:5	NC_051862.1	29236503	True	2253	751	3	6	5	1	6	3	0	2	4	1	2	9
OG0008380	NC_051862.1:26	NC_051862.1	133685539	True	1038	346	12	0	0	5	4	11	11	4	5	18	0	0
OG0008381	NC_051861.1:26	NC_051861.1	132833479	True	981	327	0	0	1	3	0	0	0	1	0	0	4	0
OG0008383	NC_051863.1:37	NC_051863.1	188365568	False	1656	552	0	15	4	1	13	1	5	6	4	0	4	14
OG0008384	NC_051863.1:37	NC_051863.1	188346872	False	1791	597	7	11	21	6	8	11	8	15	14	7	17	16
OG0008385	NC_051863.1:37	NC_051863.1	188257685	False	324	108	0	0	1	0	0	1	0	0	0	0	0	0
OG0008386	NC_051863.1:13	NC_051863.1	66254017	True	699	233	5	3	5	4	5	4	2	5	5	3	3	4
OG0008387	NC_051861.1:11	NC_051861.1	55151680	True	1023	341	0	3	0	0	3	0	0	0	0	0	0	3
OG0008388	NC_051861.1:11	NC_051861.1	55170154	True	501	167	0	2	0	0	2	0	0	0	0	0	0	2
OG0008389	NC_051861.1:11	NC_051861.1	55191331	True	555	185	0	2	0	0	2	0	0	0	0	0	0	2
OG0008390	NC_051861.1:11	NC_051861.1	55208697	True	723	241	0	7	0	0	7	0	0	0	0	0	0	7
OG0008391	NC_051861.1:4	NC_051861.1	21898242	True	1020	340	2	4	3	7	2	2	3	2	3	2	8	4
OG0008392	NC_051863.1:30	NC_051863.1	152969987	True	1386	462	1	2	11	1	0	9	4	3	5	2	3	4
OG0008393	NC_051863.1:30	NC_051863.1	152964447	False	834	278	0	0	12	0	0	8	2	6	5	2	6	5
OG0008394	NC_051861.1:22	NC_051861.1	111329144	True	969	323	0	1	1	0	2	1	1	2	1	1	1	2
OG0008395	NC_051862.1:8	NC_051862.1	41546854	True	1458	486	1	4	2	1	5	4	3	1	2	2	1	5
OG0008396	NC_051862.1:1	NC_051862.1	8212732	True	1152	384	1	3	2	2	3	3	3	2	3	2	2	4
OG0008397	NC_051861.1:16	NC_051861.1	82425922	False	618	206	0	270	0	0	269	2	4	1	5	2	0	276
OG0008398	NC_051861.1:16	NC_051861.1	82523862	False	3042	1014	0	1167	1	0	1167	1	2	2	3	0	0	1176
OG0008399	NC_051861.1:12	NC_051861.1	60041086	False	489	163	0	1	0	0	1	0	0	0	0	0	0	1
OG0008400	NC_051863.1:26	NC_051863.1	132854298	True	1686	562	9	4	1	18	4	7	8	2	13	7	10	7
OG0008401	NC_051861.1:24	NC_051861.1	123318721	True	255	85	1	0	4	2	0	2	0	2	1	0	3	0
OG0008402	NC_051862.1:29	NC_051862.1	145920579	True	915	305	5	10	5	5	10	7	5	3	4	7	5	11
OG0008403	NC_051861.1:24	NC_051861.1	122630795	False	1770	590	10	6	5	8	5	4	2	3	13	4	3	10
OG0008404	NC_051861.1:18	NC_051861.1	90984715	True	1032	344	2	5	4	2	5	6	3	1	2	4	2	6
OG0008405	NC_051861.1:18	NC_051861.1	91049094	True	885	295	0	3	7	0	3	7	0	0	5	0	0	8
OG0008406	NC_051861.1:23	NC_051861.1	116709955	True	2163	721	13	7	6	7	7	6	5	5	10	9	4	9
OG0008407	NC_051863.1:2	NC_051863.1	12460467	True	1515	505	2	11	0	3	12	0	0	1	9	0	1	18
OG0008408	NC_051863.1:2	NC_051863.1	12446459	True	1191	397	0	9	3	0	11	3	2	3	2	2	2	11
OG0008409	NC_051863.1:2	NC_051863.1	12445895	True	327	109	0	3	2	1	5	2	4	6	3	2	3	4
OG0008410	NC_051863.1:17	NC_051863.1	87217228	True	1035	345	91	0	0	91	0	0	0	0	91	0	0	0
OG0008411	NC_051862.1:10	NC_051862.1	53286153	False	1176	392	1	2	19	3	2	11	2	10	9	2	12	10
OG0008412	NC_051862.1:10	NC_051862.1	53255748	True	2064	688	1	4	19	1	4	18	7	8	9	8	9	11
OG0008414	NC_051862.1:0	NC_051862.1	4134460	True	1755	585	16	7	6	7	16	9	10	14	9	17	5	6
OG0008415	NC_051862.1:0	NC_051862.1	4094357	True	1767	589	7	3	0	5	2	2	4	1	7	4	0	3
OG0008416	NC_051862.1:0	NC_051862.1	4086836	True	234	78	1	4	1	1	0	0	4	1	0	1	2	0
OG0008417	NC_051862.1:0	NC_051862.1	4026009	True	600	200	6	1	0	3	1	1	1	0	6	4	0	4
OG0008418	NC_051863.1:31	NC_051863.1	156098577	True	690	230	7	4	4	5	7	5	3	5	4	8	4	5
OG0008419	NC_051863.1:31	NC_051863.1	156074268	True	390	130	0	0	0	0	0	0	0	0	0	0	0	0
OG0008420	NC_051861.1:20	NC_051861.1	100786940	False	1158	386	1	42	28	0	124	8	2	64	4	2	24	45
OG0008421	NC_051861.1:20	NC_051861.1	100776155	True	609	203	0	1	7	0	1	9	3	2	2	3	2	3
OG0008422	NC_051861.1:18	NC_051861.1	93542273	False	399	133	1	1	8	1	1	7	0	1	7	0	1	7
OG0008423	NC_051862.1:4	NC_051862.1	21844528	False	954	318	4	1	46	4	1	47	0	0	487	0	0	482
OG0008424	NC_051863.1:18	NC_051863.1	93721674	True	582	194	0	0	0	0	0	0	0	0	0	0	0	0
OG0008425	NC_051862.1:44	NC_051862.1	220118846	False	4125	1375	11	12	12	6	9	22	17	5	11	19	4	14
OG0008426	NC_051862.1:15	NC_051862.1	78710199	True	426	142	0	4	2	1	5	0	0	3	1	0	3	5
OG0008427	NC_051862.1:15	NC_051862.1	78741647	True	258	86	0	2	1	0	3	0	0	2	0	0	1	2
OG0008428	NC_051862.1:15	NC_051862.1	78706229	True	741	247	1	8	3	1	3	2	6	2	1	1	2	3
OG0008429	NC_051863.1:0	NC_051863.1	672803	True	672	224	2	1	4	2	1	0	0	4	2	0	4	1
OG0008430	NC_051863.1:17	NC_051863.1	89723411	False	1065	355	0	1	0	0	1	0	0	0	0	0	0	1
OG0008431	NC_051863.1:31	NC_051863.1	159610879	True	2616	872	3	10	31	6	10	12	5	24	2	5	29	9
OG0008432	NC_051863.1:37	NC_051863.1	188411877	True	2286	762	8	19	7	8	14	5	8	5	7	6	8	16
OG0008433	NC_051862.1:6	NC_051862.1	31185199	True	1437	479	7	3	6	7	3	5	3	4	9	3	4	5
OG0008434	NC_051861.1:16	NC_051861.1	81449056	False	2688	896	1	121	18	0	118	23	7	1	5	6	1	123
OG0008435	NC_051861.1:16	NC_051861.1	81426801	False	3249	1083	0	1411	4	0	1422	3	10	14	13	2	3	1420
OG0008436	NC_051861.1:11	NC_051861.1	56939996	False	228	76	0	0	0	0	0	0	0	0	0	0	0	0
OG0008437	NC_051863.1:4	NC_051863.1	21844351	True	267	89	0	1	0	0	1	0	0	0	0	0	0	1
OG0008438	NC_051862.1:14	NC_051862.1	73389767	False	1083	361	1	1	23	0	0	22	5	4	6	5	4	6
OG0008439	NC_051863.1:33	NC_051863.1	168725091	False	708	236	0	0	1	0	0	2	0	0	3	0	0	3
OG0008440	NC_051861.1:18	NC_051861.1	92071028	True	1071	357	1	1	11	1	1	14	5	3	8	5	3	9
OG0008441	NC_051861.1:18	NC_051861.1	92080623	False	600	200	1	2	3	1	2	5	4	0	10	4	0	11
OG0008442	NC_051863.1:24	NC_051863.1	123817514	False	921	307	6	38	35	2	109	35	8	56	48	10	16	80
OG0008443	NC_051861.1:19	NC_051861.1	99486491	False	1761	587	2	102	11	2	104	10	2	5	10	3	4	112
OG0008444	NC_051861.1:19	NC_051861.1	99491358	False	1821	607	0	0	13	2	1	55	50	3	11	50	4	11
OG0008445	NC_051861.1:19	NC_051861.1	99474101	True	1401	467	6	9	11	7	5	3	6	10	7	4	13	8
OG0008446	NC_051862.1:1	NC_051862.1	9469775	True	1425	475	13	10	3	21	5	4	7	1	15	3	10	8
OG0008447	NC_051862.1:1	NC_051862.1	9453973	False	1428	476	8	1	4	6	2	4	3	4	10	6	4	6
OG0008448	NC_051861.1:11	NC_051861.1	55657449	False	810	270	16	2	12	16	2	12	0	0	201	0	0	188
OG0008449	NC_051861.1:22	NC_051861.1	112078639	True	957	319	1	3	1	1	3	0	0	1	6	0	1	8
OG0008450	NC_051861.1:22	NC_051861.1	112051458	True	1551	517	4	2	3	3	2	4	6	5	6	4	3	3
OG0008451	NC_051861.1:25	NC_051861.1	127976402	False	5595	1865	30	14	23	27	10	51	48	15	27	47	19	13
OG0008452	NC_051863.1:29	NC_051863.1	145516181	True	393	131	1	0	1	1	0	1	1	1	2	1	1	1
OG0008453	NC_051863.1:32	NC_051863.1	162772660	True	2697	899	9	22	23	14	19	20	16	15	14	10	18	22
OG0008454	NC_051861.1:15	NC_051861.1	78259377	False	366	122	0	192	0	0	192	0	1	1	0	0	0	190
OG0008455	NC_051861.1:22	NC_051861.1	112346234	True	1728	576	8	7	5	7	6	4	5	6	8	5	4	6
OG0008456	NC_051861.1:22	NC_051861.1	112343683	True	1527	509	12	4	3	8	5	2	2	3	9	6	2	5
OG0008457	NC_051862.1:11	NC_051862.1	56318110	True	1812	604	6	23	8	7	22	7	11	14	7	8	9	18
OG0008459	NC_051863.1:20	NC_051863.1	101981902	False	621	207	0	0	0	0	0	0	0	0	0	0	0	0
OG0008460	NC_051861.1:22	NC_051861.1	114428248	False	3516	1172	6	7	33	5	9	30	12	16	16	14	16	19
OG0008461	NC_051861.1:12	NC_051861.1	64669124	True	636	212	0	0	0	0	0	0	0	0	0	0	0	0
OG0008462	NC_051861.1:15	NC_051861.1	79729136	True	633	211	2	2	1	1	3	0	0	2	2	0	1	3
OG0008463	NC_051863.1:25	NC_051863.1	128310856	True	1266	422	4	10	8	4	10	6	2	4	6	2	4	12
OG0008464	NC_051863.1:25	NC_051863.1	128256284	False	687	229	1	2	1	0	1	1	1	0	0	1	0	1
OG0008465	NC_051862.1:43	NC_051862.1	217583408	True	2067	689	7	8	7	7	11	6	5	8	9	4	5	10
OG0008466	NC_051863.1:17	NC_051863.1	85769246	True	1017	339	0	2	0	0	2	0	0	0	0	0	0	2
OG0008467	NC_051861.1:24	NC_051861.1	122116430	False	1491	497	6	0	6	4	0	7	2	1	17	4	0	12
OG0008468	NC_051861.1:25	NC_051861.1	128177010	True	888	296	0	0	8	0	0	7	1	2	4	1	2	4
OG0008469	NC_051862.1:7	NC_051862.1	35583451	False	2718	906	41	3	4	3	1091	5	5	1086	2	45	6	4
OG0008470	NC_051862.1:7	NC_051862.1	35753624	True	2223	741	7	9	21	4	11	23	11	12	12	13	10	17
OG0008471	NC_051861.1:18	NC_051861.1	93712823	True	1374	458	0	5	2	0	6	3	1	1	2	1	0	7
OG0008472	NC_051863.1:10	NC_051863.1	50217586	False	1863	621	11	3	39	18	2	1	3	39	11	1	43	1
OG0008473	NC_051863.1:24	NC_051863.1	121975563	True	387	129	0	0	2	0	0	2	1	1	0	1	1	0
OG0008474	NC_051863.1:24	NC_051863.1	121985787	False	2682	894	2	2	55	3	2	71	25	12	33	25	13	33
OG0008475	NC_051863.1:3	NC_051863.1	18317346	True	2463	821	5	16	2	13	9	6	13	2	5	6	9	9
OG0008476	NC_051861.1:14	NC_051861.1	72930857	True	1632	544	2	4	2	2	4	2	0	0	7	0	0	9
OG0008477	NC_051862.1:9	NC_051862.1	49294866	True	312	104	1	5	2	0	4	5	7	3	0	6	2	3
OG0008478	NC_051862.1:9	NC_051862.1	49295515	False	561	187	1	4	4	2	2	5	6	4	2	5	5	3
OG0008479	NC_051862.1:9	NC_051862.1	49301405	True	705	235	2	3	1	4	1	2	3	0	2	2	3	2
OG0008480	NC_051862.1:9	NC_051862.1	49308178	True	945	315	3	2	12	4	1	8	6	9	5	6	11	4
OG0008481	NC_051862.1:9	NC_051862.1	49283440	True	600	200	1	0	3	1	0	3	1	2	2	1	2	1
OG0008482	NC_051861.1:3	NC_051861.1	18335265	True	681	227	0	7	1	0	5	1	2	0	2	0	0	7
OG0008483	NC_051862.1:9	NC_051862.1	49270519	True	993	331	1	9	6	2	7	5	5	4	6	2	4	11
OG0008484	NC_051862.1:40	NC_051862.1	202051082	True	1728	576	4	4	8	3	10	3	2	12	3	3	7	6
OG0008485	NC_051862.1:23	NC_051862.1	115094770	False	2430	810	0	1	15	0	1	14	0	1	13	0	1	14
OG0008486	NC_051863.1:21	NC_051863.1	108790927	False	1224	408	0	1	8	0	1	7	0	1	1	0	1	2
OG0008487	NC_051862.1:2	NC_051862.1	11256585	False	168	56	0	2	0	0	2	1	1	0	1	1	0	3
OG0008488	NC_051863.1:30	NC_051863.1	153042943	False	789	263	2	2	16	3	0	16	2	0	347	0	1	346
OG0008489	NC_051862.1:2	NC_051862.1	10652799	False	3750	1250	20	32	14	20	27	19	21	12	29	17	9	34
OG0008490	NC_051863.1:2	NC_051863.1	14534266	True	1431	477	1	3	2	0	3	3	3	2	2	4	2	4
OG0008491	NC_051863.1:2	NC_051863.1	14552743	False	3282	1094	2	12	5	2	13	18	19	6	8	18	4	17
OG0008492	NC_051863.1:34	NC_051863.1	172538599	False	372	124	0	2	3	0	2	2	0	1	4	0	1	6
OG0008493	NC_051863.1:34	NC_051863.1	172631259	True	1701	567	3	14	5	3	10	5	8	4	7	4	4	12
OG0008494	NC_051863.1:3	NC_051863.1	18000497	False	1368	456	1	0	13	1	0	13	2	2	10	2	2	8
OG0008495	NC_051863.1:3	NC_051863.1	17984753	True	1869	623	4	2	23	3	2	22	2	3	13	3	3	12
OG0008496	NC_051863.1:3	NC_051863.1	17972965	False	738	246	0	0	4	0	0	6	2	0	3	2	0	3
OG0008497	NC_051863.1:3	NC_051863.1	17971009	True	630	210	0	6	1	0	6	1	0	0	1	0	0	7
OG0008498	NC_051862.1:40	NC_051862.1	203782922	True	828	276	1	1	1	0	1	0	0	1	2	1	1	3
OG0008499	NC_051861.1:18	NC_051861.1	93769328	False	702	234	0	1	4	0	1	3	1	2	2	1	2	2
OG0008500	NC_051861.1:18	NC_051861.1	93778868	False	1833	611	4	417	3	6	420	4	3	5	9	2	3	426
OG0008501	NC_051861.1:18	NC_051861.1	93767385	True	1695	565	8	8	10	8	7	6	4	7	20	4	8	20
OG0008502	NC_051862.1:17	NC_051862.1	88788045	True	1542	514	0	4	17	0	4	20	2	2	11	2	2	14
OG0008503	NC_051862.1:17	NC_051862.1	88761018	True	219	73	1	0	1	1	0	1	0	0	2	0	0	1
OG0008504	NC_051861.1:22	NC_051861.1	110815601	True	1494	498	1	1	1	2	1	1	1	1	2	1	3	2
OG0008505	NC_051863.1:37	NC_051863.1	187305522	False	2556	852	19	134	44	21	134	47	5	4	908	6	4	1243
OG0008506	NC_051862.1:4	NC_051862.1	23333953	True	1929	643	4	5	8	1	6	4	2	7	1	5	6	5
OG0008507	NC_051862.1:4	NC_051862.1	23338246	False	903	301	10	4	5	12	1	2	3	3	10	1	7	2
OG0008508	NC_051863.1:30	NC_051863.1	153837989	False	1446	482	2	3	1	3	2	2	2	0	5	1	1	5
OG0008509	NC_051863.1:2	NC_051863.1	12157962	True	1575	525	5	9	2	3	5	4	7	1	7	5	2	9
OG0008510	NC_051863.1:39	NC_051863.1	195173195	True	960	320	1	3	6	0	3	8	4	2	1	5	2	5
OG0008511	NC_051863.1:40	NC_051863.1	201490377	False	1923	641	25	147	8	0	1071	0	1	730	0	25	8	146
OG0008512	NC_051862.1:32	NC_051862.1	163703183	False	1515	505	3	6	7	3	5	12	10	5	3	10	5	5
OG0008513	NC_051862.1:3	NC_051862.1	18694591	False	1542	514	1	2	17	0	2	10	1	8	11	2	8	13
OG0008514	NC_051862.1:12	NC_051862.1	62397622	True	1518	506	21	0	0	22	3	0	0	3	23	0	1	1
OG0008515	NC_051862.1:12	NC_051862.1	62401674	True	972	324	4	7	3	4	4	1	4	4	5	5	7	7
OG0008516	NC_051862.1:12	NC_051862.1	62328078	True	996	332	3	3	1	3	3	0	1	2	2	1	2	2
OG0008517	NC_051862.1:12	NC_051862.1	62383085	True	1320	440	7	3	2	7	2	0	2	3	6	3	5	3
OG0008518	NC_051861.1:11	NC_051861.1	57047281	False	285	95	1	1	3	2	0	0	1	3	1	0	4	0
OG0008519	NC_051862.1:5	NC_051862.1	25050315	False	873	291	3	7	7	4	7	6	3	4	6	1	3	8
OG0008520	NC_051862.1:32	NC_051862.1	163780209	False	1875	625	4	3	5	6	4	2	1	5	3	2	7	3
OG0008521	NC_051862.1:32	NC_051862.1	163776634	True	780	260	6	1	1	5	1	3	3	1	5	5	2	2
OG0008522	NC_051862.1:32	NC_051862.1	163804819	True	2358	786	7	18	6	5	16	4	5	5	12	4	5	22
OG0008523	NC_051862.1:32	NC_051862.1	163809288	True	480	160	2	2	2	1	1	1	1	1	2	1	1	2
OG0008524	NC_051862.1:32	NC_051862.1	163816601	False	378	126	0	0	0	0	0	0	0	0	0	0	0	0
OG0008525	NC_051861.1:17	NC_051861.1	86896265	False	549	183	0	1	1	1	0	5	7	1	1	5	1	1
OG0008526	NC_051863.1:9	NC_051863.1	45154724	True	1938	646	0	0	19	0	0	15	3	7	11	3	7	11
OG0008527	NC_051861.1:11	NC_051861.1	55091966	True	1764	588	0	9	0	0	8	0	1	0	0	0	0	8
OG0008528	NC_051863.1:30	NC_051863.1	153634981	True	1515	505	2	1	13	3	2	14	4	4	9	4	4	8
OG0008529	NC_051861.1:23	NC_051861.1	115859503	True	897	299	2	5	6	4	6	2	2	6	6	1	6	8
OG0008530	NC_051861.1:23	NC_051861.1	115864863	False	489	163	1	4	0	1	4	0	1	1	1	0	0	3
OG0008531	NC_051863.1:30	NC_051863.1	154518807	True	639	213	11	2	4	9	2	5	7	5	8	8	6	0
OG0008532	NC_051862.1:41	NC_051862.1	207956434	True	1632	544	4	4	18	4	6	13	2	7	11	2	4	11
OG0008533	NC_051862.1:41	NC_051862.1	207958850	True	417	139	2	3	3	1	1	1	2	2	3	1	2	3
OG0008534	NC_051862.1:41	NC_051862.1	207923525	True	4317	1439	6	11	29	7	11	22	11	14	11	9	15	15
OG0008535	NC_051863.1:13	NC_051863.1	65373491	False	1344	448	4	22	6	7	29	6	6	12	3	5	6	21
OG0008536	NC_051863.1:25	NC_051863.1	126596810	True	1731	577	2	12	6	4	10	6	6	3	9	3	4	17
OG0008537	NC_051863.1:25	NC_051863.1	126585982	False	837	279	0	10	3	2	8	3	6	3	1	2	4	8
OG0008538	NC_051861.1:16	NC_051861.1	83326538	True	915	305	1	3	0	1	2	1	2	0	2	1	0	3
OG0008539	NC_051863.1:8	NC_051863.1	44722293	False	2784	928	1	0	15	1	0	17	4	2	11	4	2	10
OG0008540	NC_051863.1:8	NC_051863.1	44776446	True	2349	783	1	1	16	1	1	13	3	6	10	4	6	11
OG0008541	NC_051861.1:21	NC_051861.1	108103597	True	684	228	0	1	2	0	1	2	1	1	0	1	1	1
OG0008542	NC_051861.1:21	NC_051861.1	108130432	True	1290	430	5	8	13	6	7	18	11	5	13	8	6	14
OG0008543	NC_051861.1:21	NC_051861.1	106086494	True	450	150	0	0	1	0	0	0	0	1	0	0	1	0
OG0008544	NC_051861.1:21	NC_051861.1	106096410	False	810	270	3	4	2	2	4	2	3	3	3	2	2	4
OG0008545	NC_051861.1:18	NC_051861.1	93625261	True	1887	629	4	13	5	4	14	8	5	3	11	5	2	21
OG0008546	NC_051861.1:18	NC_051861.1	93622747	True	1635	545	4	10	6	3	9	10	9	4	4	8	3	9
OG0008547	NC_051863.1:33	NC_051863.1	165168077	True	1182	394	1	2	26	2	3	21	5	9	8	5	9	9
OG0008548	NC_051863.1:25	NC_051863.1	125900860	True	723	241	1	1	7	1	1	9	3	0	11	2	0	11
OG0008549	NC_051862.1:12	NC_051862.1	61993976	False	951	317	3	5	6	4	6	6	5	6	5	4	5	6
OG0008550	NC_051862.1:3	NC_051862.1	18877216	False	753	251	1	5	1	2	3	14	18	3	2	14	2	3
OG0008551	NC_051862.1:23	NC_051862.1	116509860	True	1374	458	0	0	3	0	0	4	1	0	9	1	0	9
OG0008552	NC_051862.1:4	NC_051862.1	22259281	True	444	148	1	1	0	0	0	0	1	0	1	1	0	1
OG0008553	NC_051861.1:24	NC_051861.1	120677616	False	3627	1209	7	11	13	7	12	20	13	6	14	9	2	16
OG0008554	NC_051861.1:24	NC_051861.1	120629007	True	963	321	0	0	1	1	0	3	2	0	4	2	1	4
OG0008555	NC_051861.1:17	NC_051861.1	86582948	True	1287	429	5	5	4	4	6	7	6	4	3	7	3	4
OG0008556	NC_051861.1:23	NC_051861.1	116972542	False	1320	440	16	10	6	12	15	7	7	11	11	12	9	12
OG0008557	NC_051862.1:41	NC_051862.1	206750517	True	1104	368	0	3	3	0	4	3	1	0	3	1	0	6
OG0008558	NC_051862.1:41	NC_051862.1	206746125	True	1500	500	3	7	7	3	6	4	5	7	6	4	7	8
OG0008559	NC_051862.1:41	NC_051862.1	206777980	True	1053	351	3	7	9	2	7	9	4	4	3	5	4	8
OG0008560	NC_051862.1:3	NC_051862.1	17882543	True	1194	398	2	2	0	2	2	0	0	0	2	0	0	2
OG0008561	NC_051862.1:1	NC_051862.1	6528902	True	2022	674	10	3	2	8	4	1	0	1	7	4	3	3
OG0008562	NC_051863.1:33	NC_051863.1	165625637	True	1416	472	0	1	2	0	0	1	1	1	0	0	1	0
OG0008563	NC_051862.1:38	NC_051862.1	190088409	True	9450	3150	8	14	144	8	10	144	48	44	67	44	45	69
OG0008564	NC_051861.1:23	NC_051861.1	116982057	True	1290	430	6	4	5	9	6	4	4	7	10	4	7	7
OG0008565	NC_051861.1:12	NC_051861.1	62563702	False	3396	1132	0	310	0	0	309	0	1	0	0	0	0	309
OG0008567	NC_051863.1:10	NC_051863.1	50536953	True	1488	496	7	1	4	16	0	1	1	3	7	0	12	0
OG0008568	NC_051863.1:24	NC_051863.1	124228191	True	657	219	4	3	4	3	4	5	3	3	6	5	3	7
OG0008569	NC_051862.1:1	NC_051862.1	6691747	True	423	141	0	0	1	0	0	2	2	1	1	2	1	1
OG0008570	NC_051862.1:1	NC_051862.1	6697044	True	675	225	0	0	0	0	1	1	1	1	0	1	0	0
OG0008571	NC_051862.1:1	NC_051862.1	6723362	False	729	243	0	0	1	0	0	0	0	1	0	0	1	0
OG0008572	NC_051863.1:26	NC_051863.1	130192947	True	357	119	0	1	0	0	2	2	2	1	3	2	0	4
OG0008573	NC_051863.1:31	NC_051863.1	156181450	False	1719	573	0	510	2	1	518	1	2	5	9	0	2	522
OG0008574	NC_051862.1:4	NC_051862.1	22502821	True	1839	613	2	3	23	4	2	28	11	4	13	10	6	13
OG0008575	NC_051862.1:4	NC_051862.1	22496329	False	486	162	0	0	3	0	0	2	0	1	1	0	1	1
OG0008576	NC_051862.1:9	NC_051862.1	48864995	True	1518	506	0	14	2	4	10	9	14	3	2	8	4	10
OG0008577	NC_051863.1:9	NC_051863.1	46494848	True	519	173	0	2	1	0	3	0	0	3	0	0	1	2
OG0008578	NC_051863.1:36	NC_051863.1	180635386	False	1491	497	2	11	12	4	8	11	6	5	4	5	9	11
OG0008579	NC_051863.1:4	NC_051863.1	21788441	True	3036	1012	10	13	26	11	10	23	10	10	27	10	14	30
OG0008580	NC_051863.1:2	NC_051863.1	11969400	True	561	187	0	2	7	0	3	7	1	2	2	1	1	4
OG0008581	NC_051863.1:39	NC_051863.1	195133801	True	3588	1196	4	6	44	3	4	41	15	15	30	14	15	30
OG0008582	NC_051863.1:39	NC_051863.1	195152903	True	2592	864	3	25	14	2	23	15	16	12	6	10	8	25
OG0008583	NC_051863.1:39	NC_051863.1	195160267	True	2100	700	5	5	17	4	5	16	5	6	5	6	6	7
OG0008584	NC_051862.1:4	NC_051862.1	20237562	False	537	179	0	2	6	0	1	7	3	1	7	2	1	8
OG0008585	NC_051862.1:18	NC_051862.1	93637549	False	1401	467	2	8	1	3	11	3	4	5	4	3	2	9
OG0008586	NC_051862.1:41	NC_051862.1	206457924	False	6282	2094	6	1423	26	3	1418	24	15	16	18	10	8	1433
OG0008587	NC_051863.1:14	NC_051863.1	70387832	True	510	170	3	3	1	1	8	0	0	5	1	3	2	5
OG0008588	NC_051862.1:3	NC_051862.1	18908834	False	375	125	2	3	1	0	5	2	1	2	2	3	0	5
OG0008589	NC_051862.1:3	NC_051862.1	18903356	True	537	179	0	0	5	0	0	4	0	1	0	0	1	0
OG0008590	NC_051863.1:0	NC_051863.1	580100	False	2412	804	4	3	27	8	3	7	2	22	5	1	26	3
OG0008591	NC_051863.1:0	NC_051863.1	568747	True	1383	461	0	2	13	0	1	2	1	11	2	0	11	3
OG0008592	NC_051863.1:10	NC_051863.1	50182498	True	1491	497	12	4	6	15	3	2	2	5	12	1	8	3
OG0008593	NC_051863.1:30	NC_051863.1	154112260	True	549	183	2	1	2	1	4	1	1	5	1	2	2	1
OG0008594	NC_051863.1:12	NC_051863.1	62778512	True	603	201	3	2	2	1	3	1	0	2	3	2	1	4
OG0008595	NC_051863.1:9	NC_051863.1	47891152	True	519	173	0	1	0	0	0	0	1	0	0	0	0	0
OG0008596	NC_051861.1:21	NC_051861.1	105004633	True	1182	394	0	0	12	0	1	7	0	7	6	0	6	6
OG0008597	NC_051862.1:42	NC_051862.1	214189050	True	438	146	0	0	1	0	0	1	0	0	2	0	0	2
OG0008598	NC_051862.1:11	NC_051862.1	58368966	True	291	97	1	3	1	1	3	2	2	1	1	2	1	3
OG0008599	NC_051863.1:10	NC_051863.1	51420425	True	1293	431	7	6	4	12	4	6	7	3	6	5	8	3
OG0008600	NC_051863.1:10	NC_051863.1	51419125	True	1047	349	9	4	1	6	4	3	3	1	5	8	3	5
OG0008601	NC_051861.1:9	NC_051861.1	45010158	True	411	137	0	1	0	0	1	0	0	0	0	0	0	1
OG0008602	NC_051863.1:21	NC_051863.1	109404597	False	840	280	0	190	3	1	188	4	4	1	8	2	2	196
OG0008603	NC_051862.1:41	NC_051862.1	206834611	False	2928	976	26	11	3	25	14	8	10	7	31	9	2	19
OG0008604	NC_051862.1:11	NC_051862.1	56991543	False	750	250	0	40	1	0	1	13	51	1	0	13	1	1
OG0008605	NC_051861.1:24	NC_051861.1	122066846	True	681	227	1	2	7	1	3	5	2	5	5	2	4	6
OG0008606	NC_051863.1:13	NC_051863.1	66590749	False	783	261	0	5	1	0	4	0	1	1	0	0	1	4
OG0008607	NC_051861.1:24	NC_051861.1	121603564	False	4401	1467	30	11	100	107	73	24	21	158	8	38	190	8
OG0008608	NC_051862.1:10	NC_051862.1	53877001	True	1470	490	3	7	11	3	6	13	6	4	8	5	4	11
OG0008609	NC_051862.1:18	NC_051862.1	93241500	False	2277	759	21	10	8	19	8	8	10	9	17	12	11	7
OG0008610	NC_051862.1:2	NC_051862.1	11386264	True	2526	842	3	7	3	6	8	0	1	5	5	1	7	9
OG0008611	NC_051862.1:11	NC_051862.1	58205024	True	1734	578	11	3	11	11	3	4	4	11	13	6	12	7
OG0008612	NC_051862.1:11	NC_051862.1	58290333	True	1686	562	12	20	9	13	16	16	15	4	14	14	8	20
OG0008613	NC_051863.1:2	NC_051863.1	13920155	False	1395	465	1	21	7	7	5	41	48	5	3	36	9	5
OG0008614	NC_051862.1:14	NC_051862.1	71510597	True	1002	334	0	2	8	2	2	5	2	5	2	2	6	4
OG0008615	NC_051861.1:22	NC_051861.1	112895801	True	720	240	3	1	1	3	1	3	4	2	3	3	1	0
OG0008616	NC_051863.1:9	NC_051863.1	47290902	True	2367	789	10	7	1	6	8	2	4	3	6	7	2	6
OG0008617	NC_051862.1:10	NC_051862.1	53269881	False	5670	1890	15	15	67	12	14	70	22	19	51	21	16	50
OG0008618	NC_051862.1:28	NC_051862.1	141290289	False	996	332	0	5	2	4	5	17	17	1	1	16	4	5
OG0008619	NC_051861.1:22	NC_051861.1	114272999	True	1530	510	1	2	12	3	3	11	2	5	4	2	6	6
OG0008620	NC_051862.1:33	NC_051862.1	165444927	True	1035	345	2	2	1	2	2	2	1	1	4	1	1	4
OG0008621	NC_051863.1:9	NC_051863.1	45254867	True	450	150	0	2	2	0	2	1	0	0	1	0	0	3
OG0008622	NC_051863.1:9	NC_051863.1	45225729	False	849	283	0	0	3	1	0	2	1	1	4	1	2	4
OG0008623	NC_051861.1:21	NC_051861.1	109158577	True	2316	772	8	13	8	7	11	8	7	6	12	5	5	15
OG0008624	NC_051861.1:21	NC_051861.1	106118658	True	432	144	2	3	0	2	3	0	0	0	5	0	0	6
OG0008625	NC_051862.1:37	NC_051862.1	189947820	True	1095	365	0	1	4	1	1	3	1	2	0	1	3	1
OG0008626	NC_051863.1:34	NC_051863.1	174986302	True	6660	2220	10	33	43	11	25	40	26	22	23	19	25	40
OG0008627	NC_051863.1:34	NC_051863.1	172528666	False	669	223	0	5	3	0	6	1	0	4	0	0	2	5
OG0008628	NC_051862.1:41	NC_051862.1	208784236	False	693	231	2	3	2	1	1	95	95	1	1	94	0	0
OG0008629	NC_051861.1:20	NC_051861.1	104915639	False	297	99	24	4	3	24	2	3	3	3	24	4	5	1
OG0008630	NC_051862.1:37	NC_051862.1	189745466	False	2949	983	34	11	13	34	12	8	5	10	36	6	8	13
OG0008631	NC_051862.1:11	NC_051862.1	57181740	False	0	0	0	0	0	0	0	0	0	0	0	0	0	0
OG0008632	NC_051863.1:0	NC_051863.1	4581970	False	465	155	0	0	7	0	0	9	3	1	2	3	1	2
OG0008633	NC_051861.1:3	NC_051861.1	17513808	True	1074	358	0	1	15	0	0	14	3	3	7	2	3	7
OG0008634	NC_051861.1:16	NC_051861.1	81665693	True	1185	395	1	2	23	1	1	22	6	6	14	6	6	14
OG0008635	NC_051862.1:5	NC_051862.1	29021755	True	573	191	1	3	2	3	5	1	2	5	2	1	4	3
OG0008636	NC_051862.1:34	NC_051862.1	173924602	True	1704	568	5	8	4	4	12	3	1	7	7	2	3	11
OG0008637	NC_051862.1:4	NC_051862.1	22582955	True	2757	919	5	3	26	5	2	29	10	7	19	9	8	17
OG0008638	NC_051862.1:14	NC_051862.1	73612587	True	309	103	0	1	2	0	1	2	0	0	1	0	0	2
OG0008639	NC_051863.1:3	NC_051863.1	18530995	True	1539	513	9	8	4	9	7	4	4	3	10	5	5	10
OG0008640	NC_051863.1:3	NC_051863.1	18542304	True	1275	425	2	3	11	3	3	10	1	2	15	1	3	16
OG0008641	NC_051862.1:11	NC_051862.1	56939732	False	1758	586	5	9	14	4	9	10	8	12	12	6	10	15
OG0008642	NC_051863.1:33	NC_051863.1	167604573	True	966	322	2	7	19	4	10	9	5	18	2	3	17	5
OG0008643	NC_051863.1:29	NC_051863.1	147911060	True	423	141	0	1	4	0	1	3	0	1	4	0	1	5
OG0008644	NC_051863.1:29	NC_051863.1	147902951	True	1272	424	0	5	7	0	5	4	1	4	6	1	4	11
OG0008645	NC_051861.1:24	NC_051861.1	121899176	True	1221	407	3	6	7	4	10	4	2	7	7	1	4	10
OG0008646	NC_051861.1:24	NC_051861.1	121914974	False	2187	729	10	3	4	11	2	11	10	2	11	11	5	5
OG0008647	NC_051861.1:6	NC_051861.1	33065762	True	1047	349	3	6	4	4	7	6	4	3	11	3	2	13
OG0008648	NC_051862.1:13	NC_051862.1	65026299	True	570	190	75	1	1	76	0	1	1	0	78	0	1	3
OG0008649	NC_051863.1:33	NC_051863.1	165332056	True	1560	520	0	1	18	1	3	13	2	8	5	2	7	5
OG0008650	NC_051863.1:12	NC_051863.1	62255979	False	756	252	0	3	3	0	3	2	1	2	5	1	2	8
OG0008651	NC_051861.1:9	NC_051861.1	45089324	True	666	222	3	6	6	4	7	3	3	6	4	1	4	5
OG0008652	NC_051862.1:28	NC_051862.1	143873020	False	480	160	0	1	5	0	0	5	4	3	2	3	3	2
OG0008653	NC_051863.1:6	NC_051863.1	33760387	True	333	111	1	0	3	1	0	3	1	1	2	1	1	0
OG0008654	NC_051862.1:30	NC_051862.1	154915655	True	2310	770	14	5	9	12	3	2	3	8	11	5	10	4
OG0008655	NC_051862.1:44	NC_051862.1	221437348	True	2058	686	3	0	12	2	0	6	1	7	6	2	7	4
OG0008656	NC_051863.1:31	NC_051863.1	159270522	True	5025	1675	4	10	47	3	7	12	8	40	4	5	39	7
OG0008657	NC_051861.1:15	NC_051861.1	79621610	True	564	188	3	10	1	2	10	1	0	1	2	1	0	10
OG0008658	NC_051863.1:12	NC_051863.1	63426654	True	1959	653	8	9	8	7	10	8	8	8	9	8	8	11
OG0008659	NC_051861.1:22	NC_051861.1	112506065	False	1908	636	7	4	5	4	4	6	3	2	7	5	1	6
OG0008660	NC_051863.1:5	NC_051863.1	27332324	True	990	330	2	4	9	2	6	6	4	9	4	4	7	6
OG0008661	NC_051862.1:37	NC_051862.1	186781294	False	1332	444	1	2	18	1	4	21	9	7	10	10	6	11
OG0008662	NC_051863.1:30	NC_051863.1	154714822	True	1734	578	6	4	4	4	3	6	6	3	4	8	4	4
OG0008663	NC_051861.1:22	NC_051861.1	111294036	False	3129	1043	37	9	88	6	415	16	9	484	3	40	83	6
OG0008664	NC_051862.1:5	NC_051862.1	28462711	False	1152	384	3	12	9	3	11	10	6	4	4	7	6	14
OG0008665	NC_051863.1:21	NC_051863.1	109757492	True	1959	653	0	6	11	1	7	11	2	3	6	2	3	11
OG0008666	NC_051863.1:7	NC_051863.1	38076110	True	480	160	0	1	2	0	2	2	1	2	5	1	1	6
OG0008667	NC_051863.1:23	NC_051863.1	116239817	False	1989	663	5	9	12	6	12	16	6	7	13	6	3	16
OG0008668	NC_051861.1:22	NC_051861.1	110470361	False	363	121	4	4	2	0	5	1	2	4	0	5	2	3
OG0008669	NC_051861.1:10	NC_051861.1	53604338	False	1311	437	1	3	0	0	2	24	24	0	0	24	0	2
OG0008670	NC_051863.1:31	NC_051863.1	159004859	True	2013	671	1	4	7	2	2	1	2	6	1	0	7	2
OG0008671	NC_051863.1:11	NC_051863.1	56976005	False	573	191	0	5	4	1	7	1	0	5	1	0	5	6
OG0008672	NC_051863.1:6	NC_051863.1	31542902	True	1743	581	11	10	6	10	14	4	2	9	16	2	4	17
OG0008673	NC_051862.1:11	NC_051862.1	57618679	True	1176	392	2	10	1	2	10	3	4	2	2	2	0	8
OG0008674	NC_051861.1:20	NC_051861.1	104576763	False	1761	587	4	0	11	5	0	14	9	7	12	9	8	9
OG0008675	NC_051861.1:20	NC_051861.1	104566909	False	759	253	0	0	10	1	1	9	2	4	3	2	4	3
OG0008676	NC_051861.1:20	NC_051861.1	104548190	True	372	124	0	0	1	0	0	0	0	1	0	0	1	0
OG0008677	NC_051861.1:20	NC_051861.1	104525264	True	1383	461	1	5	14	1	4	15	5	5	10	7	5	13
OG0008678	NC_051861.1:20	NC_051861.1	104481276	True	726	242	1	3	7	0	2	6	6	6	1	5	6	3
OG0008679	NC_051861.1:20	NC_051861.1	104335896	True	2268	756	2	4	12	2	4	11	4	4	11	3	4	12
OG0008680	NC_051861.1:20	NC_051861.1	104321523	True	666	222	0	4	5	0	3	5	1	2	2	0	2	5
OG0008681	NC_051861.1:20	NC_051861.1	104198965	True	852	284	1	5	4	0	3	2	2	2	7	1	2	10
OG0008682	NC_051861.1:20	NC_051861.1	104107817	True	612	204	1	0	3	2	0	3	1	1	3	1	2	2
