Orthogroup	Cx_molestus	Cx_pallens	Cx_pipiens	Cx_quinquefasciatus	Cx_tarsalis	ingroup_count	compartment
OG0000000	28	26	27	33	1	4	core
OG0000001	13	15	15	16	0	4	core
OG0000002	11	12	11	15	1	4	core
OG0000003	8	9	9	10	5	4	core
OG0000004	8	8	8	8	7	4	core
OG0000005	7	8	8	8	6	4	core
OG0000006	7	7	9	13	1	4	core
OG0000007	9	9	9	9	1	4	core
OG0000008	7	8	6	8	7	4	core
OG0000009	6	8	7	14	0	4	core
OG0000010	10	6	8	0	11	3	shell
OG0000011	9	4	8	10	3	4	core
OG0000012	7	7	8	11	1	4	core
OG0000013	8	7	7	9	1	4	core
OG0000014	5	3	3	10	8	4	core
OG0000015	7	5	4	11	1	4	core
OG0000016	5	4	5	7	7	4	core
OG0000017	7	5	7	7	1	4	core
OG0000018	6	5	7	7	2	4	core
OG0000019	9	7	7	4	0	4	core
OG0000020	7	7	6	7	0	4	core
OG0000021	7	6	5	8	1	4	core
OG0000022	6	5	6	8	1	4	core
OG0000023	5	2	6	11	2	4	core
OG0000024	6	4	6	9	1	4	core
OG0000025	7	5	6	7	1	4	core
OG0000026	6	5	7	8	0	4	core
OG0000027	6	7	5	7	1	4	core
OG0000028	1	1	0	0	23	2	shell
OG0000029	4	6	7	7	1	4	core
OG0000030	5	5	4	5	6	4	core
OG0000031	5	5	5	5	5	4	core
OG0000032	3	7	7	7	1	4	core
OG0000033	5	6	5	8	1	4	core
OG0000034	3	3	3	8	7	4	core
OG0000035	5	5	5	5	4	4	core
OG0000036	5	5	5	5	4	4	core
OG0000037	6	6	6	6	0	4	core
OG0000038	6	5	6	6	1	4	core
OG0000039	6	5	6	6	1	4	core
OG0000040	6	6	5	6	1	4	core
OG0000041	6	6	5	5	1	4	core
OG0000042	6	4	5	4	4	4	core
OG0000043	3	5	5	5	5	4	core
OG0000044	5	5	3	5	5	4	core
OG0000045	5	6	4	6	1	4	core
OG0000046	5	5	4	5	3	4	core
OG0000047	6	4	5	6	1	4	core
OG0000048	5	4	5	7	1	4	core
OG0000049	4	5	5	7	1	4	core
OG0000050	0	0	7	7	7	2	shell
OG0000051	4	4	4	5	4	4	core
OG0000052	5	5	4	6	1	4	core
OG0000053	5	5	4	5	1	4	core
OG0000054	4	6	4	5	1	4	core
OG0000055	4	5	5	5	1	4	core
OG0000056	5	5	4	5	1	4	core
OG0000057	3	3	5	8	1	4	core
OG0000058	5	5	4	6	0	4	core
OG0000059	5	5	4	5	1	4	core
OG0000060	5	4	4	6	1	4	core
OG0000061	5	3	5	5	1	4	core
OG0000062	5	4	5	4	1	4	core
OG0000063	5	3	5	5	1	4	core
OG0000064	4	5	4	5	1	4	core
OG0000065	4	2	4	3	6	4	core
OG0000066	3	5	5	5	1	4	core
OG0000067	5	4	4	5	1	4	core
OG0000068	4	4	5	5	1	4	core
OG0000069	3	4	4	4	4	4	core
OG0000070	5	4	4	6	0	4	core
OG0000071	3	3	3	5	5	4	core
OG0000072	4	3	4	5	2	4	core
OG0000073	3	5	4	5	1	4	core
OG0000074	4	3	3	6	2	4	core
OG0000075	4	4	4	5	1	4	core
OG0000076	5	4	3	5	1	4	core
OG0000077	4	4	4	3	3	4	core
OG0000078	4	3	5	5	1	4	core
OG0000079	4	5	4	5	0	4	core
OG0000080	4	4	5	5	0	4	core
OG0000081	3	2	4	8	1	4	core
OG0000082	3	3	2	9	1	4	core
OG0000083	4	1	3	6	3	4	core
OG0000084	4	4	4	4	1	4	core
OG0000085	2	5	3	6	1	4	core
OG0000086	4	4	4	4	1	4	core
OG0000087	3	4	3	4	3	4	core
OG0000088	3	2	4	6	2	4	core
OG0000089	3	3	5	5	1	4	core
OG0000090	4	4	4	4	1	4	core
OG0000091	4	4	5	4	0	4	core
OG0000092	4	4	4	4	1	4	core
OG0000093	4	4	4	4	1	4	core
OG0000094	3	4	4	4	2	4	core
OG0000095	8	4	3	0	1	3	shell
OG0000096	4	2	4	4	2	4	core
OG0000097	3	3	3	3	4	4	core
OG0000098	3	3	3	5	2	4	core
OG0000099	1	1	4	6	4	4	core
OG0000100	3	4	4	4	1	4	core
OG0000101	4	3	4	4	1	4	core
OG0000102	3	4	4	4	1	4	core
OG0000103	2	4	4	5	1	4	core
OG0000104	3	4	4	4	1	4	core
OG0000105	4	4	4	3	1	4	core
OG0000106	4	3	4	4	1	4	core
OG0000107	4	4	4	4	0	4	core
OG0000108	3	3	3	4	3	4	core
OG0000109	6	5	5	0	0	3	shell
OG0000110	4	4	4	4	0	4	core
OG0000111	4	4	4	4	0	4	core
OG0000112	4	4	4	4	0	4	core
OG0000113	2	4	4	5	1	4	core
OG0000114	2	4	3	4	3	4	core
OG0000115	4	4	3	4	1	4	core
OG0000116	3	3	4	4	1	4	core
OG0000117	2	4	1	8	0	4	core
OG0000118	3	3	3	5	1	4	core
OG0000119	3	3	3	3	3	4	core
OG0000120	4	2	4	4	1	4	core
OG0000121	3	3	4	4	1	4	core
OG0000122	2	3	3	6	1	4	core
OG0000123	2	3	4	5	1	4	core
OG0000124	2	4	2	5	2	4	core
OG0000125	4	4	3	4	0	4	core
OG0000126	4	3	4	4	0	4	core
OG0000127	1	5	1	8	0	4	core
OG0000128	3	3	3	3	3	4	core
OG0000129	4	2	3	4	2	4	core
OG0000130	2	3	2	6	2	4	core
OG0000131	4	3	3	4	1	4	core
OG0000132	4	4	2	4	1	4	core
OG0000133	3	4	3	4	1	4	core
OG0000134	4	3	3	4	1	4	core
OG0000135	3	3	3	3	3	4	core
OG0000136	3	4	2	6	0	4	core
OG0000137	3	4	3	4	1	4	core
OG0000138	3	4	3	5	0	4	core
OG0000139	3	3	3	3	2	4	core
OG0000140	3	4	3	3	1	4	core
OG0000141	3	2	4	4	1	4	core
OG0000142	3	4	3	3	1	4	core
OG0000143	3	2	4	4	1	4	core
OG0000144	2	4	2	5	1	4	core
OG0000145	4	2	3	4	1	4	core
OG0000146	3	3	3	3	2	4	core
OG0000147	2	4	3	4	1	4	core
OG0000148	2	3	2	3	4	4	core
OG0000149	3	2	2	6	1	4	core
OG0000150	3	3	2	2	4	4	core
OG0000151	3	3	3	4	1	4	core
OG0000152	3	3	3	4	1	4	core
OG0000153	3	2	4	4	1	4	core
OG0000154	3	3	3	3	2	4	core
OG0000155	3	3	3	3	2	4	core
OG0000156	3	3	3	4	1	4	core
OG0000157	3	3	3	4	1	4	core
OG0000158	1	4	4	4	1	4	core
OG0000159	3	3	2	3	2	4	core
OG0000160	3	3	3	3	1	4	core
OG0000161	3	3	3	2	2	4	core
OG0000162	2	2	2	4	3	4	core
OG0000163	3	2	3	4	1	4	core
OG0000164	3	3	3	3	1	4	core
OG0000165	4	2	2	4	1	4	core
OG0000166	3	3	3	3	1	4	core
OG0000167	3	3	3	3	1	4	core
OG0000168	3	3	3	3	1	4	core
OG0000169	3	3	3	3	1	4	core
OG0000170	3	3	3	3	1	4	core
OG0000171	3	3	3	3	1	4	core
OG0000172	3	3	3	3	1	4	core
OG0000173	3	3	3	3	1	4	core
OG0000174	3	3	3	3	1	4	core
OG0000175	3	3	3	3	1	4	core
OG0000176	3	3	3	3	1	4	core
OG0000177	2	3	3	4	1	4	core
OG0000178	3	3	3	3	1	4	core
OG0000179	3	3	3	3	1	4	core
OG0000180	3	2	3	4	1	4	core
OG0000181	3	3	3	3	1	4	core
OG0000182	2	3	3	4	1	4	core
OG0000183	3	3	3	3	1	4	core
OG0000184	2	3	2	5	1	4	core
OG0000185	3	3	3	3	1	4	core
OG0000186	3	3	3	3	1	4	core
OG0000187	3	3	3	3	1	4	core
OG0000188	3	3	3	3	1	4	core
OG0000189	2	3	3	4	1	4	core
OG0000190	4	2	3	4	0	4	core
OG0000191	3	3	3	3	1	4	core
OG0000192	3	4	2	4	0	4	core
OG0000193	3	3	3	3	1	4	core
OG0000194	3	3	3	4	0	4	core
OG0000195	2	2	3	3	3	4	core
OG0000196	2	2	3	5	1	4	core
OG0000197	3	3	3	3	1	4	core
OG0000198	4	1	4	4	0	4	core
OG0000199	3	3	4	3	0	4	core
OG0000200	3	3	3	3	1	4	core
OG0000201	3	3	3	3	1	4	core
OG0000202	3	3	3	3	1	4	core
OG0000203	3	3	3	3	1	4	core
OG0000204	1	4	3	4	1	4	core
OG0000205	2	2	3	5	1	4	core
OG0000206	3	3	3	3	1	4	core
OG0000207	3	3	3	3	1	4	core
OG0000208	3	3	3	4	0	4	core
OG0000209	2	2	4	4	0	4	core
OG0000210	1	1	1	5	4	4	core
OG0000211	4	0	5	1	2	3	shell
OG0000212	3	3	2	3	1	4	core
OG0000213	2	4	0	4	2	3	shell
OG0000214	2	3	3	3	1	4	core
OG0000215	2	3	2	2	3	4	core
OG0000216	3	2	3	3	1	4	core
OG0000217	2	3	3	3	1	4	core
OG0000218	1	1	1	4	5	4	core
OG0000219	3	3	3	2	1	4	core
OG0000220	2	3	3	3	1	4	core
OG0000221	2	3	3	3	1	4	core
OG0000222	3	2	2	3	2	4	core
OG0000223	3	3	2	3	1	4	core
OG0000224	3	2	2	3	2	4	core
OG0000225	2	2	2	2	4	4	core
OG0000226	2	3	3	3	1	4	core
OG0000227	2	3	3	3	1	4	core
OG0000228	3	3	2	3	1	4	core
OG0000229	2	2	2	3	3	4	core
OG0000230	2	3	3	3	1	4	core
OG0000231	3	2	2	4	1	4	core
OG0000232	3	3	2	4	0	4	core
OG0000233	3	3	3	3	0	4	core
OG0000234	3	3	3	2	1	4	core
OG0000235	2	3	3	4	0	4	core
OG0000236	2	4	2	4	0	4	core
OG0000237	4	3	1	2	2	4	core
OG0000238	3	3	3	3	0	4	core
OG0000239	2	4	1	4	1	4	core
OG0000240	3	3	3	3	0	4	core
OG0000241	3	2	2	3	2	4	core
OG0000242	3	2	3	3	1	4	core
OG0000243	2	3	2	5	0	4	core
OG0000244	3	3	2	3	1	4	core
OG0000245	2	2	3	4	1	4	core
OG0000246	2	3	3	3	1	4	core
OG0000247	2	3	3	3	1	4	core
OG0000248	2	3	3	3	1	4	core
OG0000249	2	2	3	4	1	4	core
OG0000250	3	2	2	4	1	4	core
OG0000251	3	2	3	3	1	4	core
OG0000252	3	3	2	3	1	4	core
OG0000253	2	3	3	3	1	4	core
OG0000254	3	3	3	3	0	4	core
OG0000255	3	2	3	3	1	4	core
OG0000256	3	3	3	3	0	4	core
OG0000257	2	3	3	3	1	4	core
OG0000258	3	2	3	3	1	4	core
OG0000259	2	3	3	3	1	4	core
OG0000260	3	2	3	3	1	4	core
OG0000261	3	2	3	3	1	4	core
OG0000262	3	2	3	3	1	4	core
OG0000263	2	2	2	2	3	4	core
OG0000264	2	2	2	2	3	4	core
OG0000265	3	3	2	3	0	4	core
OG0000266	2	2	3	3	1	4	core
OG0000267	0	4	1	6	0	3	shell
OG0000268	2	2	2	1	4	4	core
OG0000269	3	2	2	3	1	4	core
OG0000270	3	2	2	2	2	4	core
OG0000271	3	2	1	4	1	4	core
OG0000272	2	3	2	3	1	4	core
OG0000273	2	3	2	3	1	4	core
OG0000274	3	2	2	2	2	4	core
OG0000275	3	2	2	3	1	4	core
OG0000276	3	3	3	1	1	4	core
OG0000277	3	2	2	2	2	4	core
OG0000278	3	1	3	3	1	4	core
OG0000279	2	3	2	3	1	4	core
OG0000280	1	3	3	3	1	4	core
OG0000281	2	3	2	3	1	4	core
OG0000282	2	2	3	3	1	4	core
OG0000283	2	2	3	3	1	4	core
OG0000284	2	2	3	3	1	4	core
OG0000285	2	2	1	6	0	4	core
OG0000286	3	2	3	3	0	4	core
OG0000287	3	2	2	3	1	4	core
OG0000288	3	2	2	3	1	4	core
OG0000289	2	2	2	3	2	4	core
OG0000290	2	3	3	3	0	4	core
OG0000291	3	1	3	3	1	4	core
OG0000292	2	3	3	3	0	4	core
OG0000293	3	2	2	4	0	4	core
OG0000294	3	2	3	3	0	4	core
OG0000295	2	2	4	2	1	4	core
OG0000296	2	3	2	3	1	4	core
OG0000297	1	2	2	2	4	4	core
OG0000298	1	2	1	7	0	4	core
OG0000299	1	1	5	4	0	4	core
OG0000300	1	3	3	3	1	4	core
OG0000301	3	3	2	3	0	4	core
OG0000302	2	3	2	3	1	4	core
OG0000303	2	1	3	4	1	4	core
OG0000304	2	2	3	3	1	4	core
OG0000305	2	2	3	3	1	4	core
OG0000306	2	2	3	3	1	4	core
OG0000307	2	2	3	3	1	4	core
OG0000308	2	3	3	3	0	4	core
OG0000309	1	2	1	5	2	4	core
OG0000310	3	1	3	3	1	4	core
OG0000311	3	1	3	3	1	4	core
OG0000312	2	3	2	3	1	4	core
OG0000313	1	2	2	5	1	4	core
OG0000314	1	3	3	3	1	4	core
OG0000315	0	1	0	0	9	1	cloud
OG0000316	2	2	2	3	1	4	core
OG0000317	1	1	3	3	2	4	core
OG0000318	2	2	2	2	2	4	core
OG0000319	2	1	3	2	2	4	core
OG0000320	2	2	3	3	0	4	core
OG0000321	2	2	2	3	1	4	core
OG0000322	2	2	2	3	1	4	core
OG0000323	2	2	2	3	1	4	core
OG0000324	2	2	2	3	1	4	core
OG0000325	2	2	2	2	2	4	core
OG0000326	2	2	2	2	2	4	core
OG0000327	2	2	2	2	2	4	core
OG0000328	2	2	2	2	2	4	core
OG0000329	2	2	2	4	0	4	core
OG0000330	2	2	2	3	1	4	core
OG0000331	2	1	2	3	2	4	core
OG0000332	2	2	2	3	1	4	core
OG0000333	2	2	2	3	1	4	core
OG0000334	2	2	1	1	4	4	core
OG0000335	2	2	2	2	2	4	core
OG0000336	2	2	2	3	1	4	core
OG0000337	2	2	1	4	1	4	core
OG0000338	2	3	1	3	1	4	core
OG0000339	2	2	2	2	2	4	core
OG0000340	2	2	2	2	2	4	core
OG0000341	2	2	3	2	1	4	core
OG0000342	2	2	2	2	2	4	core
OG0000343	2	2	2	2	2	4	core
OG0000344	2	2	2	2	2	4	core
OG0000345	2	2	2	2	2	4	core
OG0000346	3	1	2	3	1	4	core
OG0000347	2	2	2	3	1	4	core
OG0000348	2	3	1	3	1	4	core
OG0000349	2	2	2	2	2	4	core
OG0000350	2	2	2	2	2	4	core
OG0000351	2	2	2	3	1	4	core
OG0000352	3	2	2	3	0	4	core
OG0000353	2	2	2	3	1	4	core
OG0000354	2	2	2	2	2	4	core
OG0000355	3	2	1	3	1	4	core
OG0000356	2	2	2	2	2	4	core
OG0000357	2	2	2	3	1	4	core
OG0000358	3	1	3	2	1	4	core
OG0000359	1	3	1	5	0	4	core
OG0000360	2	2	2	2	2	4	core
OG0000361	3	0	3	3	1	3	shell
OG0000362	2	1	3	3	1	4	core
OG0000363	2	2	2	2	2	4	core
OG0000364	2	2	2	3	1	4	core
OG0000365	2	4	0	2	2	3	shell
OG0000366	2	1	2	4	1	4	core
OG0000367	3	2	4	0	1	3	shell
OG0000368	2	3	2	2	1	4	core
OG0000369	2	2	2	2	2	4	core
OG0000370	2	2	2	2	2	4	core
OG0000371	2	1	3	4	0	4	core
OG0000372	2	1	6	1	0	4	core
OG0000373	2	2	2	3	1	4	core
OG0000374	3	2	2	2	1	4	core
OG0000375	2	2	2	2	2	4	core
OG0000376	1	3	2	0	4	3	shell
OG0000377	2	2	3	3	0	4	core
OG0000378	2	2	2	3	1	4	core
OG0000379	1	3	3	3	0	4	core
OG0000380	2	2	2	2	2	4	core
OG0000381	2	1	2	4	1	4	core
OG0000382	2	2	2	2	2	4	core
OG0000383	2	2	2	2	2	4	core
OG0000384	2	2	2	3	1	4	core
OG0000385	1	2	3	3	1	4	core
OG0000386	3	1	2	3	1	4	core
OG0000387	2	2	2	3	1	4	core
OG0000388	2	2	2	2	2	4	core
OG0000389	2	2	2	3	1	4	core
OG0000390	2	3	2	3	0	4	core
OG0000391	2	2	2	2	2	4	core
OG0000392	2	1	3	3	1	4	core
OG0000393	2	2	2	2	2	4	core
OG0000394	2	2	2	2	2	4	core
OG0000395	2	2	2	2	2	4	core
OG0000396	2	2	2	2	2	4	core
OG0000397	2	3	2	3	0	4	core
OG0000398	2	2	2	4	0	4	core
OG0000399	0	2	0	8	0	2	shell
OG0000400	0	2	3	3	2	3	shell
OG0000401	2	2	2	3	0	4	core
OG0000402	2	2	2	2	1	4	core
OG0000403	2	2	2	2	1	4	core
OG0000404	2	2	2	2	1	4	core
OG0000405	1	2	1	3	2	4	core
OG0000406	2	2	1	3	1	4	core
OG0000407	2	2	2	2	1	4	core
OG0000408	2	2	2	2	1	4	core
OG0000409	3	0	2	2	2	3	shell
OG0000410	1	1	1	5	1	4	core
OG0000411	2	2	2	2	1	4	core
OG0000412	2	2	2	2	1	4	core
OG0000413	2	2	1	3	1	4	core
OG0000414	2	2	2	2	1	4	core
OG0000415	2	2	2	2	1	4	core
OG0000416	2	2	2	2	1	4	core
OG0000417	1	2	2	2	2	4	core
OG0000418	2	2	1	3	1	4	core
OG0000419	2	2	1	3	1	4	core
OG0000420	2	2	2	2	1	4	core
OG0000421	1	2	2	2	2	4	core
OG0000422	2	2	2	2	1	4	core
OG0000423	2	2	2	2	1	4	core
OG0000424	2	2	2	2	1	4	core
OG0000425	2	3	0	3	1	3	shell
OG0000426	0	2	4	2	1	3	shell
OG0000427	2	2	2	2	1	4	core
OG0000428	2	2	2	2	1	4	core
OG0000429	2	2	2	2	1	4	core
OG0000430	2	1	2	2	2	4	core
OG0000431	2	2	2	2	1	4	core
OG0000432	2	2	2	2	1	4	core
OG0000433	2	2	2	2	1	4	core
OG0000434	2	2	2	2	1	4	core
OG0000435	2	2	2	2	1	4	core
OG0000436	2	2	2	2	1	4	core
OG0000437	2	1	2	2	2	4	core
OG0000438	2	2	2	2	1	4	core
OG0000439	2	2	2	2	1	4	core
OG0000440	2	2	2	2	1	4	core
OG0000441	2	2	2	2	1	4	core
OG0000442	2	2	2	2	1	4	core
OG0000443	2	3	1	2	1	4	core
OG0000444	2	2	2	2	1	4	core
OG0000445	2	2	2	2	1	4	core
OG0000446	2	1	2	2	2	4	core
OG0000447	2	2	2	2	1	4	core
OG0000448	2	2	2	2	1	4	core
OG0000449	2	2	2	2	1	4	core
OG0000450	2	2	2	2	1	4	core
OG0000451	1	2	2	3	1	4	core
OG0000452	2	1	1	3	2	4	core
OG0000453	2	2	2	2	1	4	core
OG0000454	2	2	2	2	1	4	core
OG0000455	2	2	2	2	1	4	core
OG0000456	2	2	2	2	1	4	core
OG0000457	2	2	2	2	1	4	core
OG0000458	2	2	2	2	1	4	core
OG0000459	2	2	2	2	1	4	core
OG0000460	2	2	2	2	1	4	core
OG0000461	2	2	2	2	1	4	core
OG0000462	2	2	2	2	1	4	core
OG0000463	2	2	2	2	1	4	core
OG0000464	2	2	2	2	1	4	core
OG0000465	2	2	2	2	1	4	core
OG0000466	2	2	2	2	1	4	core
OG0000467	2	2	2	2	1	4	core
OG0000468	2	2	2	2	1	4	core
OG0000469	2	2	2	2	1	4	core
OG0000470	2	2	2	2	1	4	core
OG0000471	2	2	2	2	1	4	core
OG0000472	2	2	2	2	1	4	core
OG0000473	2	2	2	2	1	4	core
OG0000474	2	2	2	2	1	4	core
OG0000475	2	2	2	2	1	4	core
OG0000476	2	2	2	2	1	4	core
OG0000477	0	3	1	0	5	2	shell
OG0000478	2	2	2	2	1	4	core
OG0000479	2	2	2	2	1	4	core
OG0000480	2	2	2	2	1	4	core
OG0000481	2	2	2	2	1	4	core
OG0000482	2	2	2	2	1	4	core
OG0000483	2	2	2	2	1	4	core
OG0000484	2	2	2	3	0	4	core
OG0000485	2	3	2	2	0	4	core
OG0000486	2	2	2	2	1	4	core
OG0000487	2	2	1	2	2	4	core
OG0000488	2	2	2	2	1	4	core
OG0000489	2	2	2	2	1	4	core
OG0000490	2	2	2	2	1	4	core
OG0000491	2	1	2	2	2	4	core
OG0000492	2	2	2	2	1	4	core
OG0000493	2	2	1	4	0	4	core
OG0000494	2	2	2	2	1	4	core
OG0000495	2	2	3	1	1	4	core
OG0000496	2	2	2	1	2	4	core
OG0000497	2	2	2	2	1	4	core
OG0000498	2	2	2	2	1	4	core
OG0000499	2	2	2	2	1	4	core
OG0000500	2	2	2	2	1	4	core
OG0000501	2	2	2	2	1	4	core
OG0000502	2	2	2	2	1	4	core
OG0000503	2	2	2	2	1	4	core
OG0000504	2	2	2	2	1	4	core
OG0000505	2	2	2	2	1	4	core
OG0000506	2	2	2	2	1	4	core
OG0000507	2	2	2	2	1	4	core
OG0000508	2	2	2	2	1	4	core
OG0000509	2	2	2	2	1	4	core
OG0000510	1	2	2	3	1	4	core
OG0000511	2	0	3	3	1	3	shell
OG0000512	2	2	2	3	0	4	core
OG0000513	2	2	2	2	1	4	core
OG0000514	2	2	2	2	1	4	core
OG0000515	2	2	1	3	1	4	core
OG0000516	2	2	2	2	1	4	core
OG0000517	2	2	2	2	1	4	core
OG0000518	2	2	2	3	0	4	core
OG0000519	2	2	2	2	1	4	core
OG0000520	2	2	2	2	1	4	core
OG0000521	1	2	2	3	1	4	core
OG0000522	2	2	2	2	1	4	core
OG0000523	2	2	2	2	1	4	core
OG0000524	2	2	2	2	1	4	core
OG0000525	2	2	2	2	1	4	core
OG0000526	2	2	2	2	1	4	core
OG0000527	2	2	2	2	1	4	core
OG0000528	2	2	2	3	0	4	core
OG0000529	2	1	2	2	2	4	core
OG0000530	2	2	2	2	1	4	core
OG0000531	2	1	2	2	2	4	core
OG0000532	2	2	2	2	1	4	core
OG0000533	2	2	2	2	1	4	core
OG0000534	2	2	2	2	1	4	core
OG0000535	1	3	2	0	3	3	shell
OG0000536	2	2	2	2	1	4	core
OG0000537	2	2	2	2	1	4	core
OG0000538	2	2	2	2	1	4	core
OG0000539	2	2	2	2	1	4	core
OG0000540	2	2	2	2	1	4	core
OG0000541	1	0	3	4	1	3	shell
OG0000542	2	2	2	2	1	4	core
OG0000543	2	2	2	2	1	4	core
OG0000544	2	2	2	2	1	4	core
OG0000545	2	2	2	2	1	4	core
OG0000546	2	2	2	2	1	4	core
OG0000547	2	2	2	2	1	4	core
OG0000548	2	2	2	2	1	4	core
OG0000549	2	2	2	2	1	4	core
OG0000550	2	2	2	2	1	4	core
OG0000551	2	2	2	2	1	4	core
OG0000552	2	2	2	2	1	4	core
OG0000553	3	1	1	3	1	4	core
OG0000554	2	2	2	2	1	4	core
OG0000555	2	2	2	2	1	4	core
OG0000556	2	2	2	2	1	4	core
OG0000557	2	2	2	2	1	4	core
OG0000558	2	2	2	2	1	4	core
OG0000559	2	2	2	2	1	4	core
OG0000560	2	2	2	2	1	4	core
OG0000561	2	2	2	2	1	4	core
OG0000562	2	2	2	2	1	4	core
OG0000563	2	2	1	3	1	4	core
OG0000564	2	2	2	2	1	4	core
OG0000565	2	2	2	2	1	4	core
OG0000566	2	2	2	2	1	4	core
OG0000567	2	2	2	2	1	4	core
OG0000568	2	2	2	2	1	4	core
OG0000569	2	2	2	2	1	4	core
OG0000570	2	2	2	2	1	4	core
OG0000571	2	2	2	2	1	4	core
OG0000572	2	2	2	2	1	4	core
OG0000573	2	2	2	2	1	4	core
OG0000574	2	2	2	2	1	4	core
OG0000575	2	2	2	2	1	4	core
OG0000576	2	2	2	2	1	4	core
OG0000577	2	2	2	2	1	4	core
OG0000578	2	2	2	2	1	4	core
OG0000579	2	2	2	2	1	4	core
OG0000580	2	2	2	2	1	4	core
OG0000581	1	2	2	2	2	4	core
OG0000582	2	2	2	2	1	4	core
OG0000583	2	2	2	2	1	4	core
OG0000584	2	2	2	2	1	4	core
OG0000585	2	2	2	2	1	4	core
OG0000586	2	2	2	2	1	4	core
OG0000587	2	2	2	2	1	4	core
OG0000588	2	2	2	2	1	4	core
OG0000589	2	2	2	2	1	4	core
OG0000590	2	2	2	2	1	4	core
OG0000591	1	1	2	4	1	4	core
OG0000592	2	2	2	2	1	4	core
OG0000593	2	2	2	2	1	4	core
OG0000594	2	2	2	2	1	4	core
OG0000595	2	2	2	2	1	4	core
OG0000596	1	2	2	2	2	4	core
OG0000597	2	2	2	2	1	4	core
OG0000598	2	2	2	2	1	4	core
OG0000599	2	2	2	2	1	4	core
OG0000600	2	2	2	2	1	4	core
OG0000601	2	2	2	2	1	4	core
OG0000602	2	2	2	2	1	4	core
OG0000603	2	2	2	2	1	4	core
OG0000604	2	2	2	2	1	4	core
OG0000605	2	2	2	2	1	4	core
OG0000606	2	2	2	2	1	4	core
OG0000607	2	2	2	2	1	4	core
OG0000608	2	2	2	2	1	4	core
OG0000609	2	2	2	2	1	4	core
OG0000610	2	2	2	2	1	4	core
OG0000611	2	2	2	2	1	4	core
OG0000612	2	2	2	2	1	4	core
OG0000613	2	2	2	2	1	4	core
OG0000614	1	1	1	5	1	4	core
OG0000615	2	2	2	2	1	4	core
OG0000616	2	2	2	2	1	4	core
OG0000617	2	2	2	2	1	4	core
OG0000618	2	2	2	2	1	4	core
OG0000619	2	1	2	3	1	4	core
OG0000620	2	2	2	2	1	4	core
OG0000621	2	2	2	2	1	4	core
OG0000622	1	2	2	3	1	4	core
OG0000623	1	2	2	3	1	4	core
OG0000624	2	2	2	2	1	4	core
OG0000625	2	2	2	2	1	4	core
OG0000626	2	2	2	2	1	4	core
OG0000627	1	1	1	3	3	4	core
OG0000628	2	2	2	2	1	4	core
OG0000629	2	2	2	2	1	4	core
OG0000630	2	2	2	2	1	4	core
OG0000631	2	2	1	3	1	4	core
OG0000632	2	2	2	2	1	4	core
OG0000633	2	1	2	2	2	4	core
OG0000634	2	2	2	2	1	4	core
OG0000635	2	2	2	3	0	4	core
OG0000636	2	2	2	2	1	4	core
OG0000637	2	2	2	2	1	4	core
OG0000638	2	2	2	2	1	4	core
OG0000639	2	2	2	2	1	4	core
OG0000640	2	2	2	2	1	4	core
OG0000641	2	2	2	2	1	4	core
OG0000642	1	2	2	3	1	4	core
OG0000643	2	2	2	2	1	4	core
OG0000644	2	2	2	2	1	4	core
OG0000645	2	2	2	2	1	4	core
OG0000646	2	2	2	2	1	4	core
OG0000647	2	2	2	2	1	4	core
OG0000648	2	2	2	2	1	4	core
OG0000649	2	2	2	2	1	4	core
OG0000650	2	2	2	2	1	4	core
OG0000651	2	2	2	2	1	4	core
OG0000652	2	2	2	2	1	4	core
OG0000653	2	2	2	2	1	4	core
OG0000654	2	2	2	2	1	4	core
OG0000655	2	2	2	2	1	4	core
OG0000656	2	2	2	2	1	4	core
OG0000657	2	2	2	2	1	4	core
OG0000658	0	1	0	7	0	2	shell
OG0000659	1	1	1	1	4	4	core
OG0000660	1	1	2	3	1	4	core
OG0000661	0	3	2	2	1	3	shell
OG0000662	1	1	2	3	1	4	core
OG0000663	1	2	3	2	0	4	core
OG0000664	2	2	1	2	1	4	core
OG0000665	1	2	2	2	1	4	core
OG0000666	0	1	2	0	5	2	shell
OG0000667	1	2	2	2	1	4	core
OG0000668	2	2	2	2	0	4	core
OG0000669	1	2	2	2	1	4	core
OG0000670	1	2	2	2	1	4	core
OG0000671	2	0	2	2	2	3	shell
OG0000672	2	2	2	2	0	4	core
OG0000673	3	1	0	2	2	3	shell
OG0000674	2	2	1	2	1	4	core
OG0000675	2	2	2	2	0	4	core
OG0000676	2	2	1	2	1	4	core
OG0000677	1	2	2	2	1	4	core
OG0000678	2	2	2	2	0	4	core
OG0000679	1	2	2	2	1	4	core
OG0000680	1	2	2	2	1	4	core
OG0000681	2	1	2	2	1	4	core
OG0000682	2	2	1	2	1	4	core
OG0000683	1	2	2	2	1	4	core
OG0000684	1	2	2	2	1	4	core
OG0000685	2	2	2	2	0	4	core
OG0000686	2	1	2	2	1	4	core
OG0000687	2	2	1	2	1	4	core
OG0000688	2	1	2	2	1	4	core
OG0000689	0	1	3	3	1	3	shell
OG0000690	2	2	1	2	1	4	core
OG0000691	1	2	2	2	1	4	core
OG0000692	2	1	2	2	1	4	core
OG0000693	2	1	2	2	1	4	core
OG0000694	2	1	2	2	1	4	core
OG0000695	2	2	2	2	0	4	core
OG0000696	2	2	1	2	1	4	core
OG0000697	1	2	1	3	1	4	core
OG0000698	1	2	2	2	1	4	core
OG0000699	2	2	1	2	1	4	core
OG0000700	2	2	1	2	1	4	core
OG0000701	2	1	2	2	1	4	core
OG0000702	2	1	2	2	1	4	core
OG0000703	1	0	1	3	3	3	shell
OG0000704	2	2	1	2	1	4	core
OG0000705	2	2	1	2	1	4	core
OG0000706	2	1	2	2	1	4	core
OG0000707	2	1	2	2	1	4	core
OG0000708	2	1	2	2	1	4	core
OG0000709	2	1	2	2	1	4	core
OG0000710	1	2	2	2	1	4	core
OG0000711	2	2	1	2	1	4	core
OG0000712	1	1	2	3	1	4	core
OG0000713	1	2	1	3	1	4	core
OG0000714	1	0	3	3	1	3	shell
OG0000715	2	1	2	2	1	4	core
OG0000716	1	1	2	3	1	4	core
OG0000717	1	1	2	2	2	4	core
OG0000718	2	2	1	2	1	4	core
OG0000719	1	2	2	2	1	4	core
OG0000720	2	2	1	2	1	4	core
OG0000721	1	2	2	2	1	4	core
OG0000722	2	1	2	2	1	4	core
OG0000723	1	2	2	2	1	4	core
OG0000724	1	2	2	2	1	4	core
OG0000725	1	2	2	2	1	4	core
OG0000726	2	1	2	2	1	4	core
OG0000727	2	1	2	2	1	4	core
OG0000728	1	1	2	3	1	4	core
OG0000729	2	1	2	2	1	4	core
OG0000730	1	2	2	2	1	4	core
OG0000731	2	0	2	3	1	3	shell
OG0000732	2	2	2	1	1	4	core
OG0000733	2	2	1	2	1	4	core
OG0000734	2	2	2	2	0	4	core
OG0000735	2	2	2	2	0	4	core
OG0000736	2	2	1	3	0	4	core
OG0000737	2	2	2	2	0	4	core
OG0000738	2	2	2	2	0	4	core
OG0000739	1	2	2	2	1	4	core
OG0000740	1	1	3	3	0	4	core
OG0000741	2	1	2	3	0	4	core
OG0000742	1	1	1	1	4	4	core
OG0000743	2	2	2	2	0	4	core
OG0000744	2	2	2	2	0	4	core
OG0000745	1	2	2	2	1	4	core
OG0000746	1	1	1	1	4	4	core
OG0000747	2	1	2	2	1	4	core
OG0000748	1	2	2	2	1	4	core
OG0000749	2	1	1	3	1	4	core
OG0000750	2	2	2	2	0	4	core
OG0000751	2	2	2	2	0	4	core
OG0000752	1	2	1	2	2	4	core
OG0000753	2	1	2	2	1	4	core
OG0000754	2	2	2	2	0	4	core
OG0000755	2	1	2	2	1	4	core
OG0000756	2	2	2	2	0	4	core
OG0000757	2	2	2	2	0	4	core
OG0000758	2	1	2	2	1	4	core
OG0000759	2	1	2	2	1	4	core
OG0000760	2	2	2	2	0	4	core
OG0000761	2	2	2	2	0	4	core
OG0000762	1	2	2	2	1	4	core
OG0000763	1	1	2	2	2	4	core
OG0000764	2	2	2	2	0	4	core
OG0000765	2	2	1	2	1	4	core
OG0000766	2	2	2	2	0	4	core
OG0000767	1	1	2	3	1	4	core
OG0000768	2	2	2	2	0	4	core
OG0000769	1	3	1	3	0	4	core
OG0000770	1	1	1	3	2	4	core
OG0000771	2	2	2	2	0	4	core
OG0000772	2	2	2	2	0	4	core
OG0000773	1	2	2	2	1	4	core
OG0000774	2	2	1	2	1	4	core
OG0000775	2	2	2	2	0	4	core
OG0000776	2	1	2	2	1	4	core
OG0000777	2	1	2	2	1	4	core
OG0000778	2	2	1	2	1	4	core
OG0000779	1	1	2	2	2	4	core
OG0000780	2	2	2	2	0	4	core
OG0000781	1	2	2	2	1	4	core
OG0000782	2	1	2	2	1	4	core
OG0000783	1	0	2	1	4	3	shell
OG0000784	2	2	2	2	0	4	core
OG0000785	2	2	1	3	0	4	core
OG0000786	2	1	1	4	0	4	core
OG0000787	2	2	2	2	0	4	core
OG0000788	2	2	1	2	1	4	core
OG0000789	2	2	2	2	0	4	core
OG0000790	1	2	2	2	1	4	core
OG0000791	2	2	1	2	1	4	core
OG0000792	1	1	2	2	2	4	core
OG0000793	2	2	1	2	1	4	core
OG0000794	2	2	2	2	0	4	core
OG0000795	2	2	1	2	1	4	core
OG0000796	1	2	2	2	1	4	core
OG0000797	2	2	2	2	0	4	core
OG0000798	1	2	2	2	1	4	core
OG0000799	2	2	1	2	1	4	core
OG0000800	1	2	1	3	1	4	core
OG0000801	2	2	1	2	1	4	core
OG0000802	2	2	1	2	1	4	core
OG0000803	2	2	2	2	0	4	core
OG0000804	2	2	2	2	0	4	core
OG0000805	1	2	2	2	1	4	core
OG0000806	1	2	2	2	1	4	core
OG0000807	2	2	1	2	1	4	core
OG0000808	2	1	2	2	1	4	core
OG0000809	1	1	1	4	1	4	core
OG0000810	1	1	2	3	1	4	core
OG0000811	2	2	2	2	0	4	core
OG0000812	2	2	2	2	0	4	core
OG0000813	2	2	1	2	1	4	core
OG0000814	2	2	2	2	0	4	core
OG0000815	2	2	2	2	0	4	core
OG0000816	1	2	2	2	1	4	core
OG0000817	2	1	2	2	1	4	core
OG0000818	2	2	2	2	0	4	core
OG0000819	2	1	2	2	1	4	core
OG0000820	2	2	2	2	0	4	core
OG0000821	2	2	2	2	0	4	core
OG0000822	1	2	2	2	1	4	core
OG0000823	2	1	2	2	1	4	core
OG0000824	1	2	2	2	1	4	core
OG0000825	1	2	2	2	1	4	core
OG0000826	2	2	1	2	1	4	core
OG0000827	1	2	2	2	1	4	core
OG0000828	1	2	2	2	1	4	core
OG0000829	2	2	2	2	0	4	core
OG0000830	1	2	2	2	1	4	core
OG0000831	1	2	2	2	1	4	core
OG0000832	2	1	2	2	1	4	core
OG0000833	2	2	2	2	0	4	core
OG0000834	2	1	2	2	1	4	core
OG0000835	1	2	2	2	1	4	core
OG0000836	2	2	2	2	0	4	core
OG0000837	2	1	2	2	1	4	core
OG0000838	2	2	2	2	0	4	core
OG0000839	2	2	1	2	1	4	core
OG0000840	2	2	2	2	0	4	core
OG0000841	2	1	2	2	1	4	core
OG0000842	2	2	2	2	0	4	core
OG0000843	2	1	2	2	1	4	core
OG0000844	2	1	2	2	1	4	core
OG0000845	2	1	2	2	1	4	core
OG0000846	1	2	2	2	1	4	core
OG0000847	2	1	2	2	1	4	core
OG0000848	1	2	2	2	1	4	core
OG0000849	2	2	2	2	0	4	core
OG0000850	2	1	1	3	1	4	core
OG0000851	2	2	2	2	0	4	core
OG0000852	2	2	2	2	0	4	core
OG0000853	1	2	2	3	0	4	core
OG0000854	2	1	2	2	1	4	core
OG0000855	1	2	2	2	1	4	core
OG0000856	1	2	2	2	1	4	core
OG0000857	1	2	2	2	1	4	core
OG0000858	2	2	2	2	0	4	core
OG0000859	2	1	2	2	1	4	core
OG0000860	2	2	2	2	0	4	core
OG0000861	2	2	1	2	1	4	core
OG0000862	2	2	1	3	0	4	core
OG0000863	2	2	1	2	1	4	core
OG0000864	1	2	2	2	1	4	core
OG0000865	2	2	1	2	1	4	core
OG0000866	1	2	2	2	1	4	core
OG0000867	2	2	2	2	0	4	core
OG0000868	2	2	2	2	0	4	core
OG0000869	2	1	2	2	1	4	core
OG0000870	2	1	2	2	1	4	core
OG0000871	1	2	1	3	1	4	core
OG0000872	2	2	1	2	1	4	core
OG0000873	2	1	2	2	1	4	core
OG0000874	1	2	2	2	1	4	core
OG0000875	1	2	2	2	1	4	core
OG0000876	2	2	1	2	1	4	core
OG0000877	2	2	2	2	0	4	core
OG0000878	1	2	2	2	1	4	core
OG0000879	2	2	2	2	0	4	core
OG0000880	1	2	2	2	1	4	core
OG0000881	0	2	0	6	0	2	shell
OG0000882	0	2	2	2	2	3	shell
OG0000883	1	2	1	2	1	4	core
OG0000884	1	2	2	2	0	4	core
OG0000885	1	1	2	2	1	4	core
OG0000886	1	1	2	2	1	4	core
OG0000887	2	2	1	2	0	4	core
OG0000888	0	2	2	2	1	3	shell
OG0000889	1	2	1	2	1	4	core
OG0000890	1	1	1	1	3	4	core
OG0000891	0	2	1	3	1	3	shell
OG0000892	1	1	1	2	2	4	core
OG0000893	1	1	1	3	1	4	core
OG0000894	2	0	2	2	1	3	shell
OG0000895	1	1	2	2	1	4	core
OG0000896	1	1	1	1	3	4	core
OG0000897	2	1	2	1	1	4	core
OG0000898	2	1	2	2	0	4	core
OG0000899	1	1	0	0	5	2	shell
OG0000900	1	2	1	2	1	4	core
OG0000901	1	1	2	2	1	4	core
OG0000902	1	2	1	2	1	4	core
OG0000903	1	1	1	2	2	4	core
OG0000904	2	2	2	0	1	3	shell
OG0000905	1	1	1	2	2	4	core
OG0000906	1	2	0	3	1	3	shell
OG0000907	2	0	2	0	3	2	shell
OG0000908	1	2	1	2	1	4	core
OG0000909	1	2	2	1	1	4	core
OG0000910	1	1	1	1	3	4	core
OG0000911	1	2	1	2	1	4	core
OG0000912	2	1	1	2	1	4	core
OG0000913	1	2	1	2	1	4	core
OG0000914	2	1	1	2	1	4	core
OG0000915	2	1	1	2	1	4	core
OG0000916	0	1	1	2	3	3	shell
OG0000917	1	2	2	1	1	4	core
OG0000918	1	1	2	2	1	4	core
OG0000919	1	2	1	2	1	4	core
OG0000920	2	1	2	1	1	4	core
OG0000921	2	2	1	0	2	3	shell
OG0000922	1	2	2	1	1	4	core
OG0000923	2	1	1	2	1	4	core
OG0000924	2	0	2	2	1	3	shell
OG0000925	1	1	2	2	1	4	core
OG0000926	2	1	1	0	3	3	shell
OG0000927	2	1	1	2	1	4	core
OG0000928	2	0	2	2	1	3	shell
OG0000929	1	2	1	2	1	4	core
OG0000930	2	3	1	0	1	3	shell
OG0000931	1	1	1	3	1	4	core
OG0000932	2	2	1	1	1	4	core
OG0000933	1	2	1	2	1	4	core
OG0000934	2	1	1	2	1	4	core
OG0000935	2	1	1	2	1	4	core
OG0000936	1	2	1	2	1	4	core
OG0000937	1	1	2	2	1	4	core
OG0000938	2	2	1	1	1	4	core
OG0000939	2	1	1	2	1	4	core
OG0000940	1	2	1	2	1	4	core
OG0000941	2	0	2	2	1	3	shell
OG0000942	1	0	2	3	1	3	shell
OG0000943	1	1	1	3	1	4	core
OG0000944	1	2	1	2	1	4	core
OG0000945	1	1	2	2	1	4	core
OG0000946	2	1	1	2	1	4	core
OG0000947	1	2	1	2	1	4	core
OG0000948	1	2	1	2	1	4	core
OG0000949	1	1	2	2	1	4	core
OG0000950	1	1	2	2	1	4	core
OG0000951	1	1	2	2	1	4	core
OG0000952	1	1	2	2	1	4	core
OG0000953	1	2	3	0	1	3	shell
OG0000954	1	1	1	3	1	4	core
OG0000955	2	0	2	2	1	3	shell
OG0000956	2	1	1	2	1	4	core
OG0000957	1	1	2	2	1	4	core
OG0000958	1	2	1	2	1	4	core
OG0000959	2	1	2	1	1	4	core
OG0000960	1	2	1	2	1	4	core
OG0000961	1	2	1	2	1	4	core
OG0000962	1	2	1	2	1	4	core
OG0000963	2	1	1	2	1	4	core
OG0000964	1	1	1	1	3	4	core
OG0000965	1	2	1	2	1	4	core
OG0000966	2	2	1	2	0	4	core
OG0000967	1	2	1	2	1	4	core
OG0000968	2	1	2	2	0	4	core
OG0000969	2	2	1	2	0	4	core
OG0000970	2	2	1	2	0	4	core
OG0000971	2	2	1	2	0	4	core
OG0000972	2	1	1	2	1	4	core
OG0000973	2	2	2	1	0	4	core
OG0000974	2	2	1	0	2	3	shell
OG0000975	1	1	1	0	4	3	shell
OG0000976	2	1	2	2	0	4	core
OG0000977	1	2	1	2	1	4	core
OG0000978	2	0	1	2	2	3	shell
OG0000979	1	2	1	2	1	4	core
OG0000980	1	2	2	2	0	4	core
OG0000981	2	1	2	2	0	4	core
OG0000982	1	2	1	3	0	4	core
OG0000983	2	1	1	2	1	4	core
OG0000984	1	1	2	2	1	4	core
OG0000985	2	1	1	1	2	4	core
OG0000986	2	1	1	2	1	4	core
OG0000987	2	1	1	2	1	4	core
OG0000988	1	1	1	3	1	4	core
OG0000989	3	1	3	0	0	3	shell
OG0000990	2	1	2	2	0	4	core
OG0000991	1	1	2	2	1	4	core
OG0000992	2	1	1	2	1	4	core
OG0000993	2	2	3	0	0	3	shell
OG0000994	1	2	2	2	0	4	core
OG0000995	1	2	2	2	0	4	core
OG0000996	2	1	2	2	0	4	core
OG0000997	1	2	1	2	1	4	core
OG0000998	2	1	1	1	2	4	core
OG0000999	2	1	2	2	0	4	core
OG0001000	1	1	1	2	2	4	core
OG0001001	2	1	1	2	1	4	core
OG0001002	2	1	2	2	0	4	core
OG0001003	2	0	2	2	1	3	shell
OG0001004	2	1	2	2	0	4	core
OG0001005	1	2	2	0	2	3	shell
OG0001006	2	2	1	2	0	4	core
OG0001007	1	1	1	4	0	4	core
OG0001008	2	1	2	0	2	3	shell
OG0001009	1	1	1	2	2	4	core
OG0001010	2	1	2	2	0	4	core
OG0001011	1	0	2	3	1	3	shell
OG0001012	2	2	1	2	0	4	core
OG0001013	2	1	2	2	0	4	core
OG0001014	1	1	1	2	2	4	core
OG0001015	1	1	1	1	3	4	core
OG0001016	1	1	1	3	1	4	core
OG0001017	1	1	1	4	0	4	core
OG0001018	1	3	0	0	3	2	shell
OG0001019	1	1	2	2	1	4	core
OG0001020	1	2	1	2	1	4	core
OG0001021	1	1	1	3	1	4	core
OG0001022	1	2	1	2	1	4	core
OG0001023	1	1	2	2	1	4	core
OG0001024	2	2	1	2	0	4	core
OG0001025	1	2	2	2	0	4	core
OG0001026	2	2	1	2	0	4	core
OG0001027	2	1	2	2	0	4	core
OG0001028	1	2	1	2	1	4	core
OG0001029	1	1	1	2	2	4	core
OG0001030	1	1	1	2	2	4	core
OG0001031	1	2	1	2	1	4	core
OG0001032	2	1	1	2	1	4	core
OG0001033	1	1	2	3	0	4	core
OG0001034	1	2	2	2	0	4	core
OG0001035	1	1	1	0	4	3	shell
OG0001036	1	2	1	2	1	4	core
OG0001037	1	2	1	2	1	4	core
OG0001038	1	1	1	2	2	4	core
OG0001039	1	1	1	2	2	4	core
OG0001040	1	2	2	2	0	4	core
OG0001041	2	2	1	2	0	4	core
OG0001042	2	1	1	2	1	4	core
OG0001043	1	2	1	2	1	4	core
OG0001044	1	1	1	2	2	4	core
OG0001045	1	1	2	2	1	4	core
OG0001046	1	1	1	2	2	4	core
OG0001047	1	2	1	2	1	4	core
OG0001048	1	1	1	4	0	4	core
OG0001049	2	2	2	0	1	3	shell
OG0001050	1	2	1	2	1	4	core
OG0001051	1	2	1	3	0	4	core
OG0001052	2	1	1	2	1	4	core
OG0001053	2	1	1	2	1	4	core
OG0001054	1	1	1	2	2	4	core
OG0001055	2	0	2	2	1	3	shell
OG0001056	1	1	2	3	0	4	core
OG0001057	1	2	1	2	1	4	core
OG0001058	2	1	1	2	1	4	core
OG0001059	1	1	2	2	1	4	core
OG0001060	2	1	2	2	0	4	core
OG0001061	2	1	2	2	0	4	core
OG0001062	2	0	2	2	1	3	shell
OG0001063	1	1	2	2	1	4	core
OG0001064	1	1	1	2	2	4	core
OG0001065	1	1	2	2	1	4	core
OG0001066	1	2	1	2	1	4	core
OG0001067	1	1	2	2	1	4	core
OG0001068	1	1	1	3	1	4	core
OG0001069	1	2	2	2	0	4	core
OG0001070	2	2	0	2	1	3	shell
OG0001071	1	1	1	3	1	4	core
OG0001072	1	2	2	2	0	4	core
OG0001073	2	1	1	2	1	4	core
OG0001074	2	1	2	2	0	4	core
OG0001075	1	1	2	2	1	4	core
OG0001076	1	2	3	0	1	3	shell
OG0001077	1	1	2	2	1	4	core
OG0001078	1	2	1	2	1	4	core
OG0001079	1	1	2	2	1	4	core
OG0001080	1	1	2	2	1	4	core
OG0001081	1	1	2	2	1	4	core
OG0001082	0	3	3	0	1	2	shell
OG0001083	0	2	1	2	2	3	shell
OG0001084	0	2	1	3	1	3	shell
OG0001085	0	0	0	7	0	1	cloud
OG0001086	1	1	1	1	2	4	core
OG0001087	1	2	0	3	0	3	shell
OG0001088	1	1	2	1	1	4	core
OG0001089	1	2	1	2	0	4	core
OG0001090	1	1	1	0	3	3	shell
OG0001091	1	1	1	1	2	4	core
OG0001092	2	0	2	0	2	2	shell
OG0001093	1	1	1	1	2	4	core
OG0001094	2	1	1	1	1	4	core
OG0001095	0	1	0	4	1	2	shell
OG0001096	1	1	1	1	2	4	core
OG0001097	0	1	0	4	1	2	shell
OG0001098	1	2	1	2	0	4	core
OG0001099	1	1	1	1	2	4	core
OG0001100	1	1	1	1	2	4	core
OG0001101	1	1	1	1	2	4	core
OG0001102	2	1	0	2	1	3	shell
OG0001103	1	1	1	1	2	4	core
OG0001104	1	2	0	2	1	3	shell
OG0001105	1	1	1	2	1	4	core
OG0001106	1	1	1	2	1	4	core
OG0001107	1	1	1	1	2	4	core
OG0001108	1	1	1	1	2	4	core
OG0001109	1	1	2	1	1	4	core
OG0001110	1	2	1	2	0	4	core
OG0001111	1	1	1	2	1	4	core
OG0001112	1	1	1	2	1	4	core
OG0001113	1	1	1	2	1	4	core
OG0001114	1	1	1	1	2	4	core
OG0001115	1	1	1	1	2	4	core
OG0001116	1	1	1	2	1	4	core
OG0001117	1	1	1	2	1	4	core
OG0001118	0	2	1	2	1	3	shell
OG0001119	1	2	1	1	1	4	core
OG0001120	1	1	1	2	1	4	core
OG0001121	1	1	1	2	1	4	core
OG0001122	1	1	1	2	1	4	core
OG0001123	1	1	1	2	1	4	core
OG0001124	1	2	1	1	1	4	core
OG0001125	1	2	1	1	1	4	core
OG0001126	1	2	1	1	1	4	core
OG0001127	1	1	1	2	1	4	core
OG0001128	1	1	2	1	1	4	core
OG0001129	1	1	1	1	2	4	core
OG0001130	1	1	1	2	1	4	core
OG0001131	1	1	2	1	1	4	core
OG0001132	1	1	1	2	1	4	core
OG0001133	2	1	1	1	1	4	core
OG0001134	1	1	1	2	1	4	core
OG0001135	0	1	1	1	3	3	shell
OG0001136	1	1	1	1	2	4	core
OG0001137	1	1	1	2	1	4	core
OG0001138	1	1	1	2	1	4	core
OG0001139	1	1	1	2	1	4	core
OG0001140	1	1	1	1	2	4	core
OG0001141	1	1	2	1	1	4	core
OG0001142	1	1	1	2	1	4	core
OG0001143	1	1	1	2	1	4	core
OG0001144	1	1	1	2	1	4	core
OG0001145	1	1	2	1	1	4	core
OG0001146	1	1	1	2	1	4	core
OG0001147	1	1	1	2	1	4	core
OG0001148	2	1	1	1	1	4	core
OG0001149	2	1	0	1	2	3	shell
OG0001150	1	1	1	1	2	4	core
OG0001151	1	1	1	2	1	4	core
OG0001152	1	1	1	2	1	4	core
OG0001153	1	1	2	2	0	4	core
OG0001154	1	1	1	2	1	4	core
OG0001155	2	1	1	2	0	4	core
OG0001156	1	1	1	2	1	4	core
OG0001157	3	1	0	0	2	2	shell
OG0001158	1	2	2	1	0	4	core
OG0001159	1	1	1	2	1	4	core
OG0001160	2	1	1	2	0	4	core
OG0001161	2	2	2	0	0	3	shell
OG0001162	1	1	2	2	0	4	core
OG0001163	1	1	2	2	0	4	core
OG0001164	1	2	1	2	0	4	core
OG0001165	1	1	1	3	0	4	core
OG0001166	1	1	1	2	1	4	core
OG0001167	1	1	1	3	0	4	core
OG0001168	1	1	1	3	0	4	core
OG0001169	1	1	1	2	1	4	core
OG0001170	1	1	1	3	0	4	core
OG0001171	1	1	2	2	0	4	core
OG0001172	1	2	1	2	0	4	core
OG0001173	1	1	2	2	0	4	core
OG0001174	1	1	1	2	1	4	core
OG0001175	1	1	1	2	1	4	core
OG0001176	1	1	1	2	1	4	core
OG0001177	2	0	2	2	0	3	shell
OG0001178	1	1	1	2	1	4	core
OG0001179	1	1	2	1	1	4	core
OG0001180	1	1	2	2	0	4	core
OG0001181	1	1	1	2	1	4	core
OG0001182	1	2	0	3	0	3	shell
OG0001183	1	1	2	2	0	4	core
OG0001184	1	1	1	1	2	4	core
OG0001185	1	1	1	2	1	4	core
OG0001186	2	1	1	2	0	4	core
OG0001187	2	2	2	0	0	3	shell
OG0001188	2	1	1	1	1	4	core
OG0001189	2	2	1	0	1	3	shell
OG0001190	1	1	2	2	0	4	core
OG0001191	2	0	2	2	0	3	shell
OG0001192	1	1	1	1	2	4	core
OG0001193	1	1	2	2	0	4	core
OG0001194	1	1	2	0	2	3	shell
OG0001195	2	0	2	2	0	3	shell
OG0001196	1	1	1	3	0	4	core
OG0001197	1	1	1	2	1	4	core
OG0001198	1	1	1	2	1	4	core
OG0001199	1	1	1	1	2	4	core
OG0001200	1	1	1	2	1	4	core
OG0001201	1	1	2	2	0	4	core
OG0001202	1	1	1	2	1	4	core
OG0001203	1	1	1	2	1	4	core
OG0001204	1	1	1	1	2	4	core
OG0001205	1	1	1	2	1	4	core
OG0001206	1	1	1	2	1	4	core
OG0001207	1	1	1	2	1	4	core
OG0001208	1	1	1	2	1	4	core
OG0001209	1	1	1	2	1	4	core
OG0001210	1	1	2	2	0	4	core
OG0001211	1	1	1	2	1	4	core
OG0001212	1	1	2	2	0	4	core
OG0001213	1	1	1	2	1	4	core
OG0001214	1	1	2	2	0	4	core
OG0001215	1	1	1	2	1	4	core
OG0001216	1	1	1	2	1	4	core
OG0001217	1	1	1	2	1	4	core
OG0001218	1	1	2	2	0	4	core
OG0001219	1	1	1	2	1	4	core
OG0001220	1	1	1	2	1	4	core
OG0001221	1	1	1	2	1	4	core
OG0001222	1	1	1	0	3	3	shell
OG0001223	1	1	1	1	2	4	core
OG0001224	1	1	1	3	0	4	core
OG0001225	1	1	1	2	1	4	core
OG0001226	1	1	1	2	1	4	core
OG0001227	1	1	1	0	3	3	shell
OG0001228	1	1	1	2	1	4	core
OG0001229	2	1	2	0	1	3	shell
OG0001230	1	1	1	2	1	4	core
OG0001231	1	1	2	2	0	4	core
OG0001232	1	1	1	2	1	4	core
OG0001233	1	2	0	2	1	3	shell
OG0001234	1	1	1	2	1	4	core
OG0001235	1	1	1	2	1	4	core
OG0001236	1	1	1	2	1	4	core
OG0001237	1	1	1	2	1	4	core
OG0001238	1	1	1	2	1	4	core
OG0001239	2	1	1	2	0	4	core
OG0001240	1	1	1	2	1	4	core
OG0001241	1	2	0	2	1	3	shell
OG0001242	1	1	1	2	1	4	core
OG0001243	1	1	1	2	1	4	core
OG0001244	1	1	1	1	2	4	core
OG0001245	1	1	1	2	1	4	core
OG0001246	2	1	1	2	0	4	core
OG0001247	2	1	1	2	0	4	core
OG0001248	1	1	1	2	1	4	core
OG0001249	1	1	1	2	1	4	core
OG0001250	1	1	2	1	1	4	core
OG0001251	1	1	1	0	3	3	shell
OG0001252	1	1	1	2	1	4	core
OG0001253	1	2	2	0	1	3	shell
OG0001254	1	1	1	0	3	3	shell
OG0001255	1	1	1	2	1	4	core
OG0001256	1	0	1	2	2	3	shell
OG0001257	1	1	1	1	2	4	core
OG0001258	2	1	1	2	0	4	core
OG0001259	1	0	1	0	4	2	shell
OG0001260	1	1	1	1	2	4	core
OG0001261	1	1	1	2	1	4	core
OG0001262	1	1	1	2	1	4	core
OG0001263	1	2	1	1	1	4	core
OG0001264	1	1	1	2	1	4	core
OG0001265	1	1	1	2	1	4	core
OG0001266	1	2	1	1	1	4	core
OG0001267	1	2	1	2	0	4	core
OG0001268	1	1	1	2	1	4	core
OG0001269	2	1	1	2	0	4	core
OG0001270	1	1	2	1	1	4	core
OG0001271	1	1	1	1	2	4	core
OG0001272	1	1	1	2	1	4	core
OG0001273	1	1	1	2	1	4	core
OG0001274	1	1	2	1	1	4	core
OG0001275	1	1	1	2	1	4	core
OG0001276	1	1	1	2	1	4	core
OG0001277	1	1	1	2	1	4	core
OG0001278	1	1	1	2	1	4	core
OG0001279	1	1	1	2	1	4	core
OG0001280	1	1	1	2	1	4	core
OG0001281	1	1	2	2	0	4	core
OG0001282	1	1	1	2	1	4	core
OG0001283	1	1	1	2	1	4	core
OG0001284	2	2	1	0	1	3	shell
OG0001285	1	0	2	2	1	3	shell
OG0001286	1	1	1	2	1	4	core
OG0001287	1	1	1	1	2	4	core
OG0001288	1	1	1	2	1	4	core
OG0001289	1	1	1	2	1	4	core
OG0001290	1	1	1	2	1	4	core
OG0001291	1	1	2	2	0	4	core
OG0001292	1	1	1	1	2	4	core
OG0001293	1	1	2	1	1	4	core
OG0001294	1	1	1	2	1	4	core
OG0001295	1	1	1	0	3	3	shell
OG0001296	1	1	1	2	1	4	core
OG0001297	0	2	1	2	1	3	shell
OG0001298	0	1	2	2	1	3	shell
OG0001299	0	2	2	2	0	3	shell
OG0001300	0	2	2	2	0	3	shell
OG0001301	0	3	0	3	0	2	shell
OG0001302	0	2	2	2	0	3	shell
OG0001303	0	2	2	2	0	3	shell
OG0001304	0	2	1	3	0	3	shell
OG0001305	0	1	2	2	1	3	shell
OG0001306	0	1	2	2	1	3	shell
OG0001307	0	1	2	2	1	3	shell
OG0001308	1	1	1	1	1	4	core
OG0001309	0	0	2	2	1	2	shell
OG0001310	1	1	1	0	2	3	shell
OG0001311	1	0	2	2	0	3	shell
OG0001312	1	1	1	1	1	4	core
OG0001313	0	1	1	2	1	3	shell
OG0001314	1	0	0	1	3	2	shell
OG0001315	1	2	0	2	0	3	shell
OG0001316	1	1	1	1	1	4	core
OG0001317	1	2	2	0	0	3	shell
OG0001318	1	0	2	0	2	2	shell
OG0001319	1	0	0	1	3	2	shell
OG0001320	1	0	1	1	2	3	shell
OG0001321	1	1	1	1	1	4	core
OG0001322	1	1	1	1	1	4	core
OG0001323	1	1	1	1	1	4	core
OG0001324	1	1	1	1	1	4	core
OG0001325	0	0	1	0	4	1	cloud
OG0001326	1	1	1	2	0	4	core
OG0001327	1	1	1	1	1	4	core
OG0001328	1	1	1	1	1	4	core
OG0001329	1	1	1	1	1	4	core
OG0001330	1	1	1	1	1	4	core
OG0001331	0	0	0	1	4	1	cloud
OG0001332	1	1	1	1	1	4	core
OG0001333	1	1	1	1	1	4	core
OG0001334	1	1	1	1	1	4	core
OG0001335	1	1	1	1	1	4	core
OG0001336	1	1	1	1	1	4	core
OG0001337	1	1	1	1	1	4	core
OG0001338	1	1	1	1	1	4	core
OG0001339	1	1	1	1	1	4	core
OG0001340	1	1	1	1	1	4	core
OG0001341	0	0	1	3	1	2	shell
OG0001342	2	0	1	2	0	3	shell
OG0001343	2	0	1	1	1	3	shell
OG0001344	1	1	1	1	1	4	core
OG0001345	1	1	1	1	1	4	core
OG0001346	1	1	1	1	1	4	core
OG0001347	1	1	1	1	1	4	core
OG0001348	1	1	1	1	1	4	core
OG0001349	1	1	1	1	1	4	core
OG0001350	1	1	1	1	1	4	core
OG0001351	1	1	1	1	1	4	core
OG0001352	1	1	1	1	1	4	core
OG0001353	1	1	1	1	1	4	core
OG0001354	1	1	1	1	1	4	core
OG0001355	1	1	1	1	1	4	core
OG0001356	1	1	1	1	1	4	core
OG0001357	1	1	1	1	1	4	core
OG0001358	1	1	1	1	1	4	core
OG0001359	1	1	1	1	1	4	core
OG0001360	1	1	1	1	1	4	core
OG0001361	1	1	1	1	1	4	core
OG0001362	1	1	1	1	1	4	core
OG0001363	1	1	1	1	1	4	core
OG0001364	1	1	1	1	1	4	core
OG0001365	1	1	1	1	1	4	core
OG0001366	1	1	1	1	1	4	core
OG0001367	1	1	1	1	1	4	core
OG0001368	1	1	1	1	1	4	core
OG0001369	1	1	1	1	1	4	core
OG0001370	1	1	0	2	1	3	shell
OG0001371	1	1	1	1	1	4	core
OG0001372	1	1	1	1	1	4	core
OG0001373	1	1	1	1	1	4	core
OG0001374	1	1	1	1	1	4	core
OG0001375	1	1	1	1	1	4	core
OG0001376	1	1	1	1	1	4	core
OG0001377	1	1	1	1	1	4	core
OG0001378	1	1	1	1	1	4	core
OG0001379	1	1	1	1	1	4	core
OG0001380	1	1	1	1	1	4	core
OG0001381	1	1	1	1	1	4	core
OG0001382	1	1	1	1	1	4	core
OG0001383	1	1	1	1	1	4	core
OG0001384	1	1	1	1	1	4	core
OG0001385	1	1	1	1	1	4	core
OG0001386	1	1	1	1	1	4	core
OG0001387	1	1	1	1	1	4	core
OG0001388	1	1	1	1	1	4	core
OG0001389	1	1	1	1	1	4	core
OG0001390	1	1	1	1	1	4	core
OG0001391	1	1	1	1	1	4	core
OG0001392	1	1	1	1	1	4	core
OG0001393	1	1	1	1	1	4	core
OG0001394	1	1	1	1	1	4	core
OG0001395	1	1	1	1	1	4	core
OG0001396	1	1	1	1	1	4	core
OG0001397	1	1	1	1	1	4	core
OG0001398	1	1	1	1	1	4	core
OG0001399	1	1	1	1	1	4	core
OG0001400	1	1	1	1	1	4	core
OG0001401	1	1	1	1	1	4	core
OG0001402	1	1	1	1	1	4	core
OG0001403	1	1	1	1	1	4	core
OG0001404	1	1	1	1	1	4	core
OG0001405	1	1	1	1	1	4	core
OG0001406	1	1	1	1	1	4	core
OG0001407	1	1	1	1	1	4	core
OG0001408	1	1	1	1	1	4	core
OG0001409	1	1	1	1	1	4	core
OG0001410	1	1	1	1	1	4	core
OG0001411	1	1	1	1	1	4	core
OG0001412	1	1	1	1	1	4	core
OG0001413	1	1	1	1	1	4	core
OG0001414	1	1	1	1	1	4	core
OG0001415	1	1	1	1	1	4	core
OG0001416	1	1	1	1	1	4	core
OG0001417	1	1	1	1	1	4	core
OG0001418	1	1	1	1	1	4	core
OG0001419	1	1	1	1	1	4	core
OG0001420	1	1	1	1	1	4	core
OG0001421	1	1	1	1	1	4	core
OG0001422	1	1	1	1	1	4	core
OG0001423	1	1	1	1	1	4	core
OG0001424	1	1	1	1	1	4	core
OG0001425	1	1	1	1	1	4	core
OG0001426	1	1	1	1	1	4	core
OG0001427	1	1	1	1	1	4	core
OG0001428	1	1	1	1	1	4	core
OG0001429	1	1	1	1	1	4	core
OG0001430	1	1	1	1	1	4	core
OG0001431	1	1	1	1	1	4	core
OG0001432	1	1	1	1	1	4	core
OG0001433	1	1	1	1	1	4	core
OG0001434	1	1	1	1	1	4	core
OG0001435	1	1	1	1	1	4	core
OG0001436	1	1	1	1	1	4	core
OG0001437	1	1	1	1	1	4	core
OG0001438	1	1	1	1	1	4	core
OG0001439	1	1	1	1	1	4	core
OG0001440	1	1	1	1	1	4	core
OG0001441	1	1	1	1	1	4	core
OG0001442	1	1	1	1	1	4	core
OG0001443	1	1	1	1	1	4	core
OG0001444	1	1	1	1	1	4	core
OG0001445	1	1	1	1	1	4	core
OG0001446	1	1	1	1	1	4	core
OG0001447	1	1	1	1	1	4	core
OG0001448	1	1	1	1	1	4	core
OG0001449	1	1	1	1	1	4	core
OG0001450	1	1	1	1	1	4	core
OG0001451	1	1	1	1	1	4	core
OG0001452	1	1	1	1	1	4	core
OG0001453	1	1	1	1	1	4	core
OG0001454	1	1	1	1	1	4	core
OG0001455	1	1	1	1	1	4	core
OG0001456	1	0	0	2	2	2	shell
OG0001457	1	1	1	1	1	4	core
OG0001458	1	1	1	1	1	4	core
OG0001459	1	1	1	1	1	4	core
OG0001460	1	1	1	1	1	4	core
OG0001461	1	1	1	1	1	4	core
OG0001462	1	1	1	1	1	4	core
OG0001463	1	1	1	1	1	4	core
OG0001464	1	1	1	1	1	4	core
OG0001465	1	1	1	1	1	4	core
OG0001466	1	1	1	1	1	4	core
OG0001467	1	1	1	1	1	4	core
OG0001468	1	1	1	1	1	4	core
OG0001469	1	1	1	1	1	4	core
OG0001470	1	1	1	1	1	4	core
OG0001471	1	1	1	1	1	4	core
OG0001472	1	1	1	1	1	4	core
OG0001473	1	1	1	1	1	4	core
OG0001474	1	1	1	1	1	4	core
OG0001475	1	1	1	1	1	4	core
OG0001476	1	1	1	1	1	4	core
OG0001477	1	1	1	1	1	4	core
OG0001478	1	1	1	1	1	4	core
OG0001479	1	1	1	1	1	4	core
OG0001480	1	1	1	1	1	4	core
OG0001481	1	1	1	1	1	4	core
OG0001482	1	1	1	1	1	4	core
OG0001483	0	0	1	2	2	2	shell
OG0001484	1	1	1	1	1	4	core
OG0001485	1	1	1	1	1	4	core
OG0001486	1	1	1	1	1	4	core
OG0001487	1	1	1	1	1	4	core
OG0001488	1	1	1	1	1	4	core
OG0001489	1	1	1	1	1	4	core
OG0001490	1	1	1	1	1	4	core
OG0001491	1	1	1	1	1	4	core
OG0001492	1	1	1	1	1	4	core
OG0001493	1	1	1	1	1	4	core
OG0001494	1	1	1	1	1	4	core
OG0001495	1	1	1	1	1	4	core
OG0001496	1	1	1	1	1	4	core
OG0001497	1	1	1	1	1	4	core
OG0001498	1	1	1	1	1	4	core
OG0001499	1	1	1	1	1	4	core
OG0001500	1	1	1	1	1	4	core
OG0001501	1	1	1	2	0	4	core
OG0001502	1	1	1	1	1	4	core
OG0001503	1	1	1	1	1	4	core
OG0001504	1	1	1	1	1	4	core
OG0001505	1	1	1	1	1	4	core
OG0001506	1	1	1	1	1	4	core
OG0001507	1	1	1	1	1	4	core
OG0001508	1	1	1	1	1	4	core
OG0001509	1	1	1	1	1	4	core
OG0001510	1	1	1	1	1	4	core
OG0001511	1	1	1	1	1	4	core
OG0001512	1	1	1	1	1	4	core
OG0001513	1	1	1	1	1	4	core
OG0001514	1	1	1	1	1	4	core
OG0001515	1	1	1	1	1	4	core
OG0001516	1	1	1	1	1	4	core
OG0001517	1	1	1	1	1	4	core
OG0001518	1	1	1	1	1	4	core
OG0001519	1	1	1	1	1	4	core
OG0001520	1	1	1	1	1	4	core
OG0001521	1	1	1	1	1	4	core
OG0001522	1	1	1	1	1	4	core
OG0001523	1	1	1	1	1	4	core
OG0001524	1	1	1	1	1	4	core
OG0001525	1	1	1	1	1	4	core
OG0001526	1	1	1	1	1	4	core
OG0001527	1	1	1	1	1	4	core
OG0001528	1	1	1	1	1	4	core
OG0001529	1	1	1	1	1	4	core
OG0001530	1	1	1	1	1	4	core
OG0001531	1	1	1	1	1	4	core
OG0001532	1	1	1	1	1	4	core
OG0001533	1	1	0	2	1	3	shell
OG0001534	1	1	1	1	1	4	core
OG0001535	1	1	1	1	1	4	core
OG0001536	1	1	1	1	1	4	core
OG0001537	1	1	1	1	1	4	core
OG0001538	1	1	1	1	1	4	core
OG0001539	1	1	1	1	1	4	core
OG0001540	1	1	1	1	1	4	core
OG0001541	1	1	1	1	1	4	core
OG0001542	1	1	1	1	1	4	core
OG0001543	1	1	1	1	1	4	core
OG0001544	1	1	1	1	1	4	core
OG0001545	1	1	1	1	1	4	core
OG0001546	1	1	1	1	1	4	core
OG0001547	1	1	1	1	1	4	core
OG0001548	1	1	1	1	1	4	core
OG0001549	1	1	1	1	1	4	core
OG0001550	1	1	1	1	1	4	core
OG0001551	1	1	1	1	1	4	core
OG0001552	1	1	1	1	1	4	core
OG0001553	1	1	1	1	1	4	core
OG0001554	1	1	1	1	1	4	core
OG0001555	1	1	1	1	1	4	core
OG0001556	1	1	1	1	1	4	core
OG0001557	1	1	1	1	1	4	core
OG0001558	1	1	1	1	1	4	core
OG0001559	1	1	1	1	1	4	core
OG0001560	1	1	1	1	1	4	core
OG0001561	1	1	1	1	1	4	core
OG0001562	1	1	1	1	1	4	core
OG0001563	1	1	1	1	1	4	core
OG0001564	1	1	1	1	1	4	core
OG0001565	1	1	1	1	1	4	core
OG0001566	1	1	1	1	1	4	core
OG0001567	1	1	1	1	1	4	core
OG0001568	1	1	1	1	1	4	core
OG0001569	1	1	1	1	1	4	core
OG0001570	1	1	1	1	1	4	core
OG0001571	1	1	1	1	1	4	core
OG0001572	1	1	1	1	1	4	core
OG0001573	1	1	1	1	1	4	core
OG0001574	1	1	1	1	1	4	core
OG0001575	1	1	1	1	1	4	core
OG0001576	1	1	1	1	1	4	core
OG0001577	1	1	1	1	1	4	core
OG0001578	1	1	1	1	1	4	core
OG0001579	1	1	1	1	1	4	core
OG0001580	1	1	1	1	1	4	core
OG0001581	1	1	1	1	1	4	core
OG0001582	1	1	1	1	1	4	core
OG0001583	1	1	1	1	1	4	core
OG0001584	1	1	1	1	1	4	core
OG0001585	1	1	1	1	1	4	core
OG0001586	1	1	1	1	1	4	core
OG0001587	1	1	1	1	1	4	core
OG0001588	1	1	1	1	1	4	core
OG0001589	1	1	1	1	1	4	core
OG0001590	1	1	1	1	1	4	core
OG0001591	1	1	1	1	1	4	core
OG0001592	1	1	1	1	1	4	core
OG0001593	1	1	1	1	1	4	core
OG0001594	1	1	1	1	1	4	core
OG0001595	1	1	1	1	1	4	core
OG0001596	1	1	1	1	1	4	core
OG0001597	1	1	1	1	1	4	core
OG0001598	1	1	1	1	1	4	core
OG0001599	1	1	1	1	1	4	core
OG0001600	1	0	1	2	1	3	shell
OG0001601	1	1	1	1	1	4	core
OG0001602	1	1	1	1	1	4	core
OG0001603	1	1	1	1	1	4	core
OG0001604	1	1	1	1	1	4	core
OG0001605	1	1	1	1	1	4	core
OG0001606	1	1	1	1	1	4	core
OG0001607	1	1	1	1	1	4	core
OG0001608	1	1	1	1	1	4	core
OG0001609	1	1	1	1	1	4	core
OG0001610	1	1	1	1	1	4	core
OG0001611	1	1	1	1	1	4	core
OG0001612	1	1	1	1	1	4	core
OG0001613	1	1	1	1	1	4	core
OG0001614	1	1	1	1	1	4	core
OG0001615	1	1	1	1	1	4	core
OG0001616	1	1	1	1	1	4	core
OG0001617	1	1	1	1	1	4	core
OG0001618	1	1	1	1	1	4	core
OG0001619	1	1	1	1	1	4	core
OG0001620	1	1	1	1	1	4	core
OG0001621	1	1	1	1	1	4	core
OG0001622	1	1	1	1	1	4	core
OG0001623	1	1	1	1	1	4	core
OG0001624	1	1	1	1	1	4	core
OG0001625	1	2	0	1	1	3	shell
OG0001626	1	1	1	1	1	4	core
OG0001627	1	1	1	1	1	4	core
OG0001628	1	1	1	1	1	4	core
OG0001629	1	1	1	1	1	4	core
OG0001630	1	1	1	1	1	4	core
OG0001631	1	1	1	1	1	4	core
OG0001632	1	1	1	1	1	4	core
OG0001633	1	1	1	1	1	4	core
OG0001634	1	1	1	1	1	4	core
OG0001635	1	1	1	1	1	4	core
OG0001636	1	1	1	1	1	4	core
OG0001637	1	1	1	1	1	4	core
OG0001638	1	1	1	1	1	4	core
OG0001639	1	1	1	1	1	4	core
OG0001640	1	1	1	1	1	4	core
OG0001641	1	1	1	1	1	4	core
OG0001642	1	1	1	1	1	4	core
OG0001643	1	1	1	1	1	4	core
OG0001644	1	1	1	1	1	4	core
OG0001645	1	1	1	1	1	4	core
OG0001646	1	1	0	2	1	3	shell
OG0001647	1	1	1	1	1	4	core
OG0001648	1	1	1	1	1	4	core
OG0001649	1	1	1	1	1	4	core
OG0001650	1	1	1	1	1	4	core
OG0001651	1	1	1	1	1	4	core
OG0001652	1	1	1	1	1	4	core
OG0001653	1	1	1	1	1	4	core
OG0001654	1	1	1	1	1	4	core
OG0001655	1	1	1	1	1	4	core
OG0001656	1	1	1	1	1	4	core
OG0001657	1	1	1	1	1	4	core
OG0001658	1	1	1	1	1	4	core
OG0001659	1	1	1	1	1	4	core
OG0001660	1	1	1	1	1	4	core
OG0001661	1	1	1	1	1	4	core
OG0001662	1	1	1	1	1	4	core
OG0001663	1	1	1	1	1	4	core
OG0001664	1	1	1	1	1	4	core
OG0001665	1	1	1	1	1	4	core
OG0001666	1	1	1	1	1	4	core
OG0001667	1	1	1	1	1	4	core
OG0001668	1	1	0	2	1	3	shell
OG0001669	1	1	1	1	1	4	core
OG0001670	1	1	1	1	1	4	core
OG0001671	1	1	1	1	1	4	core
OG0001672	1	1	1	1	1	4	core
OG0001673	1	1	1	1	1	4	core
OG0001674	1	1	1	1	1	4	core
OG0001675	1	1	1	1	1	4	core
OG0001676	1	1	1	1	1	4	core
OG0001677	1	1	1	1	1	4	core
OG0001678	1	1	1	1	1	4	core
OG0001679	1	1	1	1	1	4	core
OG0001680	1	1	1	1	1	4	core
OG0001681	1	1	1	1	1	4	core
OG0001682	1	1	1	1	1	4	core
OG0001683	1	1	1	1	1	4	core
OG0001684	1	1	1	1	1	4	core
OG0001685	1	1	1	1	1	4	core
OG0001686	1	1	1	1	1	4	core
OG0001687	1	1	1	1	1	4	core
OG0001688	1	1	1	1	1	4	core
OG0001689	1	1	1	1	1	4	core
OG0001690	1	1	1	1	1	4	core
OG0001691	1	1	1	1	1	4	core
OG0001692	1	1	1	1	1	4	core
OG0001693	1	1	1	1	1	4	core
OG0001694	1	1	1	1	1	4	core
OG0001695	1	1	1	1	1	4	core
OG0001696	1	1	1	1	1	4	core
OG0001697	1	1	1	1	1	4	core
OG0001698	1	1	1	1	1	4	core
OG0001699	1	1	1	1	1	4	core
OG0001700	1	1	1	1	1	4	core
OG0001701	1	1	1	1	1	4	core
OG0001702	1	1	1	1	1	4	core
OG0001703	1	1	1	1	1	4	core
OG0001704	1	1	1	1	1	4	core
OG0001705	1	1	1	1	1	4	core
OG0001706	1	1	1	1	1	4	core
OG0001707	1	1	1	1	1	4	core
OG0001708	1	1	1	1	1	4	core
OG0001709	1	1	1	1	1	4	core
OG0001710	1	1	1	1	1	4	core
OG0001711	1	1	1	1	1	4	core
OG0001712	1	1	1	1	1	4	core
OG0001713	1	1	1	1	1	4	core
OG0001714	1	1	1	1	1	4	core
OG0001715	1	1	1	1	1	4	core
OG0001716	1	0	1	2	1	3	shell
OG0001717	1	1	1	1	1	4	core
OG0001718	1	1	1	1	1	4	core
OG0001719	1	1	1	1	1	4	core
OG0001720	1	1	1	1	1	4	core
OG0001721	1	1	1	1	1	4	core
OG0001722	1	1	1	1	1	4	core
OG0001723	1	1	1	1	1	4	core
OG0001724	1	1	1	1	1	4	core
OG0001725	1	1	1	1	1	4	core
OG0001726	1	1	1	1	1	4	core
OG0001727	1	1	1	1	1	4	core
OG0001728	1	1	1	1	1	4	core
OG0001729	1	1	1	1	1	4	core
OG0001730	1	1	1	1	1	4	core
OG0001731	1	1	1	1	1	4	core
OG0001732	1	1	1	1	1	4	core
OG0001733	1	1	1	1	1	4	core
OG0001734	1	1	1	1	1	4	core
OG0001735	1	1	1	1	1	4	core
OG0001736	1	1	1	1	1	4	core
OG0001737	1	1	1	1	1	4	core
OG0001738	1	1	1	1	1	4	core
OG0001739	1	1	1	1	1	4	core
OG0001740	1	1	1	1	1	4	core
OG0001741	1	1	1	1	1	4	core
OG0001742	1	1	1	1	1	4	core
OG0001743	1	1	1	1	1	4	core
OG0001744	1	1	1	1	1	4	core
OG0001745	1	1	1	1	1	4	core
OG0001746	1	1	1	1	1	4	core
OG0001747	1	1	1	1	1	4	core
OG0001748	1	1	1	1	1	4	core
OG0001749	1	1	1	1	1	4	core
OG0001750	1	1	1	1	1	4	core
OG0001751	1	1	1	1	1	4	core
OG0001752	1	1	1	1	1	4	core
OG0001753	1	1	1	1	1	4	core
OG0001754	1	1	1	1	1	4	core
OG0001755	1	1	1	1	1	4	core
OG0001756	1	1	1	1	1	4	core
OG0001757	1	1	1	1	1	4	core
OG0001758	1	1	1	1	1	4	core
OG0001759	1	1	1	1	1	4	core
OG0001760	1	1	1	1	1	4	core
OG0001761	1	1	1	1	1	4	core
OG0001762	1	1	1	1	1	4	core
OG0001763	1	1	1	1	1	4	core
OG0001764	1	1	1	1	1	4	core
OG0001765	1	1	1	1	1	4	core
OG0001766	1	1	1	1	1	4	core
OG0001767	1	1	1	1	1	4	core
OG0001768	1	1	1	1	1	4	core
OG0001769	1	1	1	1	1	4	core
OG0001770	1	1	1	1	1	4	core
OG0001771	1	1	1	1	1	4	core
OG0001772	1	1	1	1	1	4	core
OG0001773	1	1	1	1	1	4	core
OG0001774	1	1	1	1	1	4	core
OG0001775	1	1	1	1	1	4	core
OG0001776	1	1	1	1	1	4	core
OG0001777	1	1	1	1	1	4	core
OG0001778	1	1	1	1	1	4	core
OG0001779	1	1	1	1	1	4	core
OG0001780	1	1	1	1	1	4	core
OG0001781	1	1	1	1	1	4	core
OG0001782	1	1	1	1	1	4	core
OG0001783	1	1	1	1	1	4	core
OG0001784	1	1	1	1	1	4	core
OG0001785	1	1	1	1	1	4	core
OG0001786	1	1	1	1	1	4	core
OG0001787	1	1	1	1	1	4	core
OG0001788	1	1	1	1	1	4	core
OG0001789	1	1	1	1	1	4	core
OG0001790	1	1	1	1	1	4	core
OG0001791	1	1	1	1	1	4	core
OG0001792	1	1	1	1	1	4	core
OG0001793	1	1	1	1	1	4	core
OG0001794	1	1	1	1	1	4	core
OG0001795	1	1	1	1	1	4	core
OG0001796	1	1	1	1	1	4	core
OG0001797	1	1	1	1	1	4	core
OG0001798	1	1	1	1	1	4	core
OG0001799	1	1	1	1	1	4	core
OG0001800	1	1	1	1	1	4	core
OG0001801	1	1	1	1	1	4	core
OG0001802	1	1	1	1	1	4	core
OG0001803	1	1	1	1	1	4	core
OG0001804	1	1	1	1	1	4	core
OG0001805	1	1	1	1	1	4	core
OG0001806	1	1	1	1	1	4	core
OG0001807	1	1	1	1	1	4	core
OG0001808	1	1	1	1	1	4	core
OG0001809	1	1	1	1	1	4	core
OG0001810	1	1	1	1	1	4	core
OG0001811	1	1	1	1	1	4	core
OG0001812	1	1	1	1	1	4	core
OG0001813	1	1	1	1	1	4	core
OG0001814	1	1	1	1	1	4	core
OG0001815	1	1	1	1	1	4	core
OG0001816	1	1	1	1	1	4	core
OG0001817	1	1	1	1	1	4	core
OG0001818	1	1	1	1	1	4	core
OG0001819	1	1	1	1	1	4	core
OG0001820	1	1	1	1	1	4	core
OG0001821	1	1	1	1	1	4	core
OG0001822	1	1	1	1	1	4	core
OG0001823	1	1	1	1	1	4	core
OG0001824	1	1	1	1	1	4	core
OG0001825	1	1	1	1	1	4	core
OG0001826	1	1	1	1	1	4	core
OG0001827	1	1	1	1	1	4	core
OG0001828	1	1	1	1	1	4	core
OG0001829	1	1	1	1	1	4	core
OG0001830	1	1	1	1	1	4	core
OG0001831	1	1	1	1	1	4	core
OG0001832	1	1	1	1	1	4	core
OG0001833	1	1	1	1	1	4	core
OG0001834	1	1	1	1	1	4	core
OG0001835	1	1	1	1	1	4	core
OG0001836	1	1	1	1	1	4	core
OG0001837	1	1	1	1	1	4	core
OG0001838	1	1	1	1	1	4	core
OG0001839	1	1	1	1	1	4	core
OG0001840	1	1	1	1	1	4	core
OG0001841	1	1	1	1	1	4	core
OG0001842	1	1	1	1	1	4	core
OG0001843	1	1	1	1	1	4	core
OG0001844	1	1	1	1	1	4	core
OG0001845	1	1	1	1	1	4	core
OG0001846	1	1	1	1	1	4	core
OG0001847	1	1	1	1	1	4	core
OG0001848	1	1	1	1	1	4	core
OG0001849	1	1	1	1	1	4	core
OG0001850	1	1	1	1	1	4	core
OG0001851	1	1	1	1	1	4	core
OG0001852	1	1	1	1	1	4	core
OG0001853	1	1	1	1	1	4	core
OG0001854	1	1	1	1	1	4	core
OG0001855	1	1	1	1	1	4	core
OG0001856	1	1	1	1	1	4	core
OG0001857	1	1	1	1	1	4	core
OG0001858	1	1	1	1	1	4	core
OG0001859	1	1	1	1	1	4	core
OG0001860	1	1	1	1	1	4	core
OG0001861	1	1	1	1	1	4	core
OG0001862	1	1	1	1	1	4	core
OG0001863	1	1	1	1	1	4	core
OG0001864	1	1	1	1	1	4	core
OG0001865	1	1	1	1	1	4	core
OG0001866	1	1	1	1	1	4	core
OG0001867	1	1	1	1	1	4	core
OG0001868	1	1	1	1	1	4	core
OG0001869	1	1	1	1	1	4	core
OG0001870	1	1	1	1	1	4	core
OG0001871	1	1	1	1	1	4	core
OG0001872	1	1	1	1	1	4	core
OG0001873	1	1	1	1	1	4	core
OG0001874	1	1	1	1	1	4	core
OG0001875	1	1	1	1	1	4	core
OG0001876	1	1	1	1	1	4	core
OG0001877	1	1	1	1	1	4	core
OG0001878	1	1	1	1	1	4	core
OG0001879	1	1	1	1	1	4	core
OG0001880	1	1	1	1	1	4	core
OG0001881	1	1	1	1	1	4	core
OG0001882	1	1	1	1	1	4	core
OG0001883	1	1	1	1	1	4	core
OG0001884	1	1	1	1	1	4	core
OG0001885	1	1	1	1	1	4	core
OG0001886	1	1	1	1	1	4	core
OG0001887	1	1	1	1	1	4	core
OG0001888	1	1	1	1	1	4	core
OG0001889	1	1	1	1	1	4	core
OG0001890	1	1	1	1	1	4	core
OG0001891	1	1	1	1	1	4	core
OG0001892	1	1	1	1	1	4	core
OG0001893	1	1	1	1	1	4	core
OG0001894	1	1	1	1	1	4	core
OG0001895	1	1	1	1	1	4	core
OG0001896	1	1	1	1	1	4	core
OG0001897	1	1	1	1	1	4	core
OG0001898	1	1	1	1	1	4	core
OG0001899	1	1	1	1	1	4	core
OG0001900	1	1	1	1	1	4	core
OG0001901	1	1	1	1	1	4	core
OG0001902	1	1	1	1	1	4	core
OG0001903	1	1	1	1	1	4	core
OG0001904	1	1	1	1	1	4	core
OG0001905	1	1	1	1	1	4	core
OG0001906	1	1	1	1	1	4	core
OG0001907	1	1	1	1	1	4	core
OG0001908	1	1	1	1	1	4	core
OG0001909	1	1	1	1	1	4	core
OG0001910	1	1	1	1	1	4	core
OG0001911	1	1	1	1	1	4	core
OG0001912	1	1	1	1	1	4	core
OG0001913	1	1	1	1	1	4	core
OG0001914	1	1	1	1	1	4	core
OG0001915	1	1	1	1	1	4	core
OG0001916	1	1	1	1	1	4	core
OG0001917	1	1	1	1	1	4	core
OG0001918	1	1	1	1	1	4	core
OG0001919	1	1	1	1	1	4	core
OG0001920	1	1	1	1	1	4	core
OG0001921	1	1	1	1	1	4	core
OG0001922	1	1	1	1	1	4	core
OG0001923	1	1	1	1	1	4	core
OG0001924	1	1	1	1	1	4	core
OG0001925	1	1	1	1	1	4	core
OG0001926	1	1	1	1	1	4	core
OG0001927	1	1	1	1	1	4	core
OG0001928	1	1	1	1	1	4	core
OG0001929	1	1	1	1	1	4	core
OG0001930	1	1	1	1	1	4	core
OG0001931	1	1	1	1	1	4	core
OG0001932	1	1	1	1	1	4	core
OG0001933	1	1	1	1	1	4	core
OG0001934	1	1	1	1	1	4	core
OG0001935	1	1	1	1	1	4	core
OG0001936	1	1	1	1	1	4	core
OG0001937	1	1	1	1	1	4	core
OG0001938	1	1	1	1	1	4	core
OG0001939	1	1	1	1	1	4	core
OG0001940	1	1	1	1	1	4	core
OG0001941	1	1	1	1	1	4	core
OG0001942	1	1	1	1	1	4	core
OG0001943	1	1	1	1	1	4	core
OG0001944	1	1	1	1	1	4	core
OG0001945	1	1	1	1	1	4	core
OG0001946	1	1	1	1	1	4	core
OG0001947	1	1	1	1	1	4	core
OG0001948	1	1	1	1	1	4	core
OG0001949	1	1	1	1	1	4	core
OG0001950	1	1	1	1	1	4	core
OG0001951	1	1	1	1	1	4	core
OG0001952	1	1	1	1	1	4	core
OG0001953	1	1	1	1	1	4	core
OG0001954	1	1	1	1	1	4	core
OG0001955	1	1	1	1	1	4	core
OG0001956	1	1	1	1	1	4	core
OG0001957	1	1	1	1	1	4	core
OG0001958	1	1	1	1	1	4	core
OG0001959	1	1	1	1	1	4	core
OG0001960	1	1	1	1	1	4	core
OG0001961	1	1	1	1	1	4	core
OG0001962	1	1	1	1	1	4	core
OG0001963	1	1	1	1	1	4	core
OG0001964	1	1	1	1	1	4	core
OG0001965	1	1	1	1	1	4	core
OG0001966	1	1	1	1	1	4	core
OG0001967	1	1	1	1	1	4	core
OG0001968	1	1	1	1	1	4	core
OG0001969	1	1	1	1	1	4	core
OG0001970	1	1	1	1	1	4	core
OG0001971	1	1	1	1	1	4	core
OG0001972	1	1	1	1	1	4	core
OG0001973	1	1	1	1	1	4	core
OG0001974	1	1	1	1	1	4	core
OG0001975	1	1	1	1	1	4	core
OG0001976	1	1	1	1	1	4	core
OG0001977	0	1	1	2	1	3	shell
OG0001978	1	1	1	1	1	4	core
OG0001979	1	1	1	1	1	4	core
OG0001980	1	1	1	1	1	4	core
OG0001981	1	2	0	1	1	3	shell
OG0001982	1	1	1	1	1	4	core
OG0001983	1	1	1	1	1	4	core
OG0001984	1	1	1	1	1	4	core
OG0001985	1	1	1	1	1	4	core
OG0001986	1	1	1	1	1	4	core
OG0001987	1	1	1	1	1	4	core
OG0001988	1	1	1	1	1	4	core
OG0001989	1	1	1	1	1	4	core
OG0001990	1	1	1	1	1	4	core
OG0001991	1	1	1	1	1	4	core
OG0001992	1	1	1	1	1	4	core
OG0001993	1	1	1	1	1	4	core
OG0001994	1	1	1	1	1	4	core
OG0001995	1	1	1	1	1	4	core
OG0001996	1	1	1	1	1	4	core
OG0001997	1	1	0	2	1	3	shell
OG0001998	1	1	1	1	1	4	core
OG0001999	1	1	1	1	1	4	core
OG0002000	1	1	1	1	1	4	core
OG0002001	1	1	1	1	1	4	core
OG0002002	1	1	1	1	1	4	core
OG0002003	1	1	1	1	1	4	core
OG0002004	1	1	1	1	1	4	core
OG0002005	1	1	1	1	1	4	core
OG0002006	1	1	1	1	1	4	core
OG0002007	1	1	1	1	1	4	core
OG0002008	1	1	1	1	1	4	core
OG0002009	1	1	1	1	1	4	core
OG0002010	1	1	1	1	1	4	core
OG0002011	1	1	1	1	1	4	core
OG0002012	1	1	0	2	1	3	shell
OG0002013	1	1	1	1	1	4	core
OG0002014	0	1	1	2	1	3	shell
OG0002015	1	1	1	1	1	4	core
OG0002016	1	1	1	1	1	4	core
OG0002017	1	1	1	1	1	4	core
OG0002018	1	1	1	1	1	4	core
OG0002019	1	1	1	1	1	4	core
OG0002020	1	1	1	1	1	4	core
OG0002021	1	1	1	1	1	4	core
OG0002022	1	1	1	1	1	4	core
OG0002023	1	1	1	1	1	4	core
OG0002024	1	1	1	1	1	4	core
OG0002025	1	1	1	1	1	4	core
OG0002026	1	0	1	2	1	3	shell
OG0002027	1	1	1	1	1	4	core
OG0002028	1	1	1	1	1	4	core
OG0002029	1	1	1	1	1	4	core
OG0002030	1	1	1	1	1	4	core
OG0002031	1	1	1	1	1	4	core
OG0002032	1	1	1	2	0	4	core
OG0002033	1	1	1	1	1	4	core
OG0002034	1	1	1	1	1	4	core
OG0002035	1	1	1	1	1	4	core
OG0002036	1	1	1	1	1	4	core
OG0002037	1	1	1	1	1	4	core
OG0002038	1	1	1	1	1	4	core
OG0002039	1	1	1	1	1	4	core
OG0002040	1	1	1	1	1	4	core
OG0002041	1	1	1	1	1	4	core
OG0002042	2	1	0	2	0	3	shell
OG0002043	1	1	1	1	1	4	core
OG0002044	1	1	1	1	1	4	core
OG0002045	1	1	1	1	1	4	core
OG0002046	1	1	1	1	1	4	core
OG0002047	1	1	2	1	0	4	core
OG0002048	1	1	1	1	1	4	core
OG0002049	1	2	0	2	0	3	shell
OG0002050	1	1	1	1	1	4	core
OG0002051	1	1	1	1	1	4	core
OG0002052	1	1	1	1	1	4	core
OG0002053	1	1	1	1	1	4	core
OG0002054	1	1	1	1	1	4	core
OG0002055	1	1	1	1	1	4	core
OG0002056	1	1	1	1	1	4	core
OG0002057	1	1	1	1	1	4	core
OG0002058	1	1	1	1	1	4	core
OG0002059	1	1	1	1	1	4	core
OG0002060	1	1	1	1	1	4	core
OG0002061	1	1	1	1	1	4	core
OG0002062	1	1	1	1	1	4	core
OG0002063	1	1	1	1	1	4	core
OG0002064	1	1	1	1	1	4	core
OG0002065	1	1	1	1	1	4	core
OG0002066	1	1	1	1	1	4	core
OG0002067	1	1	1	1	1	4	core
OG0002068	1	1	1	1	1	4	core
OG0002069	1	1	1	1	1	4	core
OG0002070	1	1	1	1	1	4	core
OG0002071	1	1	1	1	1	4	core
OG0002072	1	1	1	1	1	4	core
OG0002073	1	1	1	2	0	4	core
OG0002074	1	1	1	1	1	4	core
OG0002075	1	1	1	1	1	4	core
OG0002076	1	1	1	1	1	4	core
OG0002077	1	1	1	1	1	4	core
OG0002078	1	1	1	1	1	4	core
OG0002079	1	1	1	1	1	4	core
OG0002080	2	0	1	2	0	3	shell
OG0002081	1	1	1	1	1	4	core
OG0002082	1	1	1	1	1	4	core
OG0002083	1	1	1	1	1	4	core
OG0002084	1	1	1	1	1	4	core
OG0002085	1	1	1	1	1	4	core
OG0002086	1	1	1	1	1	4	core
OG0002087	1	1	1	1	1	4	core
OG0002088	1	1	1	1	1	4	core
OG0002089	1	1	1	1	1	4	core
OG0002090	1	1	1	1	1	4	core
OG0002091	1	1	1	1	1	4	core
OG0002092	1	1	1	1	1	4	core
OG0002093	1	1	1	1	1	4	core
OG0002094	1	1	1	1	1	4	core
OG0002095	1	1	1	1	1	4	core
OG0002096	1	1	1	1	1	4	core
OG0002097	1	1	1	1	1	4	core
OG0002098	1	1	1	1	1	4	core
OG0002099	1	1	1	1	1	4	core
OG0002100	1	1	1	1	1	4	core
OG0002101	1	1	1	1	1	4	core
OG0002102	1	1	1	1	1	4	core
OG0002103	1	1	1	1	1	4	core
OG0002104	1	1	1	1	1	4	core
OG0002105	1	1	1	1	1	4	core
OG0002106	1	1	1	1	1	4	core
OG0002107	1	1	1	1	1	4	core
OG0002108	1	1	1	1	1	4	core
OG0002109	1	1	1	1	1	4	core
OG0002110	2	1	2	0	0	3	shell
OG0002111	1	1	1	1	1	4	core
OG0002112	1	1	1	1	1	4	core
OG0002113	1	1	1	1	1	4	core
OG0002114	1	1	1	1	1	4	core
OG0002115	1	1	1	1	1	4	core
OG0002116	1	1	1	1	1	4	core
OG0002117	2	1	2	0	0	3	shell
OG0002118	1	1	1	1	1	4	core
OG0002119	1	1	1	1	1	4	core
OG0002120	1	1	1	1	1	4	core
OG0002121	1	1	1	1	1	4	core
OG0002122	1	1	1	1	1	4	core
OG0002123	1	1	1	1	1	4	core
OG0002124	1	1	1	1	1	4	core
OG0002125	1	1	2	0	1	3	shell
OG0002126	1	1	1	1	1	4	core
OG0002127	1	1	1	1	1	4	core
OG0002128	1	1	1	1	1	4	core
OG0002129	2	0	0	0	3	1	cloud
OG0002130	1	1	1	1	1	4	core
OG0002131	1	1	1	1	1	4	core
OG0002132	1	2	0	2	0	3	shell
OG0002133	1	1	1	1	1	4	core
OG0002134	1	1	2	1	0	4	core
OG0002135	2	1	1	1	0	4	core
OG0002136	1	1	1	2	0	4	core
OG0002137	1	1	1	1	1	4	core
OG0002138	1	1	1	1	1	4	core
OG0002139	2	2	1	0	0	3	shell
OG0002140	1	1	1	1	1	4	core
OG0002141	1	1	1	1	1	4	core
OG0002142	1	1	1	1	1	4	core
OG0002143	1	1	1	1	1	4	core
OG0002144	1	1	1	1	1	4	core
OG0002145	1	1	1	1	1	4	core
OG0002146	1	1	0	3	0	3	shell
OG0002147	1	1	1	1	1	4	core
OG0002148	1	1	1	1	1	4	core
OG0002149	1	1	1	1	1	4	core
OG0002150	1	1	1	1	1	4	core
OG0002151	1	1	1	1	1	4	core
OG0002152	1	1	1	1	1	4	core
OG0002153	1	1	1	1	1	4	core
OG0002154	1	1	1	1	1	4	core
OG0002155	1	1	1	1	1	4	core
OG0002156	1	1	1	1	1	4	core
OG0002157	1	1	1	2	0	4	core
OG0002158	1	1	1	1	1	4	core
OG0002159	1	1	1	1	1	4	core
OG0002160	1	1	1	1	1	4	core
OG0002161	1	1	1	1	1	4	core
OG0002162	1	1	1	1	1	4	core
OG0002163	1	1	1	1	1	4	core
OG0002164	1	1	1	1	1	4	core
OG0002165	1	1	1	1	1	4	core
OG0002166	1	1	1	1	1	4	core
OG0002167	1	1	1	1	1	4	core
OG0002168	1	1	1	1	1	4	core
OG0002169	1	1	1	1	1	4	core
OG0002170	1	1	1	1	1	4	core
OG0002171	1	1	1	1	1	4	core
OG0002172	1	1	1	1	1	4	core
OG0002173	1	1	1	1	1	4	core
OG0002174	1	1	1	1	1	4	core
OG0002175	1	1	1	1	1	4	core
OG0002176	1	1	1	1	1	4	core
OG0002177	1	1	1	1	1	4	core
OG0002178	1	1	1	1	1	4	core
OG0002179	1	1	1	1	1	4	core
OG0002180	1	1	1	1	1	4	core
OG0002181	1	1	1	1	1	4	core
OG0002182	1	1	1	1	1	4	core
OG0002183	1	1	1	1	1	4	core
OG0002184	1	1	1	1	1	4	core
OG0002185	1	1	1	1	1	4	core
OG0002186	1	1	1	1	1	4	core
OG0002187	1	1	1	1	1	4	core
OG0002188	1	1	1	2	0	4	core
OG0002189	1	1	1	1	1	4	core
OG0002190	1	1	1	1	1	4	core
OG0002191	1	1	1	1	1	4	core
OG0002192	1	1	1	1	1	4	core
OG0002193	1	1	1	1	1	4	core
OG0002194	1	1	1	1	1	4	core
OG0002195	1	1	1	1	1	4	core
OG0002196	1	1	1	0	2	3	shell
OG0002197	1	1	1	1	1	4	core
OG0002198	1	1	1	1	1	4	core
OG0002199	1	1	1	1	1	4	core
OG0002200	1	1	1	1	1	4	core
OG0002201	1	1	1	1	1	4	core
OG0002202	1	1	1	1	1	4	core
OG0002203	1	1	1	1	1	4	core
OG0002204	1	1	1	1	1	4	core
OG0002205	1	1	1	1	1	4	core
OG0002206	1	1	1	1	1	4	core
OG0002207	1	1	1	1	1	4	core
OG0002208	1	1	1	1	1	4	core
OG0002209	1	1	1	1	1	4	core
OG0002210	1	1	1	1	1	4	core
OG0002211	1	1	1	1	1	4	core
OG0002212	1	1	1	1	1	4	core
OG0002213	1	1	1	1	1	4	core
OG0002214	1	1	1	1	1	4	core
OG0002215	1	1	1	1	1	4	core
OG0002216	1	1	1	1	1	4	core
OG0002217	1	1	1	1	1	4	core
OG0002218	1	1	1	1	1	4	core
OG0002219	1	1	1	1	1	4	core
OG0002220	1	1	1	1	1	4	core
OG0002221	1	1	1	1	1	4	core
OG0002222	2	3	0	0	0	2	shell
OG0002223	1	1	1	1	1	4	core
OG0002224	1	1	1	1	1	4	core
OG0002225	1	1	1	1	1	4	core
OG0002226	1	1	1	1	1	4	core
OG0002227	1	1	1	1	1	4	core
OG0002228	1	1	1	1	1	4	core
OG0002229	1	1	1	1	1	4	core
OG0002230	1	1	1	1	1	4	core
OG0002231	1	1	1	1	1	4	core
OG0002232	1	1	1	1	1	4	core
OG0002233	1	1	1	1	1	4	core
OG0002234	1	1	1	2	0	4	core
OG0002235	1	1	1	1	1	4	core
OG0002236	1	1	1	1	1	4	core
OG0002237	1	1	1	2	0	4	core
OG0002238	1	1	1	1	1	4	core
OG0002239	1	1	1	2	0	4	core
OG0002240	1	1	1	1	1	4	core
OG0002241	1	1	1	1	1	4	core
OG0002242	1	1	1	1	1	4	core
OG0002243	1	1	1	1	1	4	core
OG0002244	1	1	1	1	1	4	core
OG0002245	1	1	1	1	1	4	core
OG0002246	1	1	1	1	1	4	core
OG0002247	1	1	1	1	1	4	core
OG0002248	1	1	1	1	1	4	core
OG0002249	1	1	1	1	1	4	core
OG0002250	1	1	1	1	1	4	core
OG0002251	1	1	1	1	1	4	core
OG0002252	1	1	1	1	1	4	core
OG0002253	1	1	1	1	1	4	core
OG0002254	1	1	1	1	1	4	core
OG0002255	1	1	1	1	1	4	core
OG0002256	1	1	1	2	0	4	core
OG0002257	1	1	1	1	1	4	core
OG0002258	1	1	1	1	1	4	core
OG0002259	1	1	1	1	1	4	core
OG0002260	1	1	1	1	1	4	core
OG0002261	1	1	1	1	1	4	core
OG0002262	1	1	1	1	1	4	core
OG0002263	1	1	1	1	1	4	core
OG0002264	1	1	1	1	1	4	core
OG0002265	1	1	1	1	1	4	core
OG0002266	1	1	1	1	1	4	core
OG0002267	1	1	1	1	1	4	core
OG0002268	1	1	1	1	1	4	core
OG0002269	1	1	1	1	1	4	core
OG0002270	1	1	1	1	1	4	core
OG0002271	2	1	1	1	0	4	core
OG0002272	1	1	1	1	1	4	core
OG0002273	1	1	1	1	1	4	core
OG0002274	1	1	1	1	1	4	core
OG0002275	1	1	1	1	1	4	core
OG0002276	1	1	1	1	1	4	core
OG0002277	1	1	1	1	1	4	core
OG0002278	1	1	1	1	1	4	core
OG0002279	1	1	1	1	1	4	core
OG0002280	1	1	1	1	1	4	core
OG0002281	1	1	1	1	1	4	core
OG0002282	1	1	1	1	1	4	core
OG0002283	1	1	1	1	1	4	core
OG0002284	1	1	1	1	1	4	core
OG0002285	1	1	1	1	1	4	core
OG0002286	1	1	1	1	1	4	core
OG0002287	1	1	1	1	1	4	core
OG0002288	1	1	1	1	1	4	core
OG0002289	1	1	1	1	1	4	core
OG0002290	1	1	1	1	1	4	core
OG0002291	1	1	1	1	1	4	core
OG0002292	1	1	1	1	1	4	core
OG0002293	1	1	1	1	1	4	core
OG0002294	1	1	1	1	1	4	core
OG0002295	1	1	1	2	0	4	core
OG0002296	1	1	1	1	1	4	core
OG0002297	1	1	1	1	1	4	core
OG0002298	1	1	1	1	1	4	core
OG0002299	1	1	1	1	1	4	core
OG0002300	1	1	1	1	1	4	core
OG0002301	1	1	1	1	1	4	core
OG0002302	1	1	1	1	1	4	core
OG0002303	1	1	1	1	1	4	core
OG0002304	1	1	1	1	1	4	core
OG0002305	1	1	1	1	1	4	core
OG0002306	1	1	1	1	1	4	core
OG0002307	1	1	1	1	1	4	core
OG0002308	1	1	1	2	0	4	core
OG0002309	1	1	1	1	1	4	core
OG0002310	1	1	1	1	1	4	core
OG0002311	1	2	1	1	0	4	core
OG0002312	1	1	1	1	1	4	core
OG0002313	1	1	1	1	1	4	core
OG0002314	1	1	1	1	1	4	core
OG0002315	1	1	1	1	1	4	core
OG0002316	1	1	1	1	1	4	core
OG0002317	1	1	1	1	1	4	core
OG0002318	1	1	1	1	1	4	core
OG0002319	1	1	1	1	1	4	core
OG0002320	1	1	1	1	1	4	core
OG0002321	1	1	1	1	1	4	core
OG0002322	2	1	1	1	0	4	core
OG0002323	1	1	1	1	1	4	core
OG0002324	1	1	1	2	0	4	core
OG0002325	1	1	1	1	1	4	core
OG0002326	1	1	1	1	1	4	core
OG0002327	1	1	1	1	1	4	core
OG0002328	1	1	1	1	1	4	core
OG0002329	1	1	1	1	1	4	core
OG0002330	1	1	1	1	1	4	core
OG0002331	1	1	1	1	1	4	core
OG0002332	1	1	1	1	1	4	core
OG0002333	1	1	1	1	1	4	core
OG0002334	1	1	1	1	1	4	core
OG0002335	1	1	1	1	1	4	core
OG0002336	1	1	1	1	1	4	core
OG0002337	1	1	1	1	1	4	core
OG0002338	1	2	1	1	0	4	core
OG0002339	1	1	1	1	1	4	core
OG0002340	1	1	1	1	1	4	core
OG0002341	1	1	1	1	1	4	core
OG0002342	1	1	1	1	1	4	core
OG0002343	1	1	1	1	1	4	core
OG0002344	1	1	1	1	1	4	core
OG0002345	1	1	1	1	1	4	core
OG0002346	1	1	1	1	1	4	core
OG0002347	1	1	1	1	1	4	core
OG0002348	1	1	1	1	1	4	core
OG0002349	1	1	1	1	1	4	core
OG0002350	1	1	1	1	1	4	core
OG0002351	1	1	1	1	1	4	core
OG0002352	1	1	1	1	1	4	core
OG0002353	1	1	1	1	1	4	core
OG0002354	1	1	1	1	1	4	core
OG0002355	1	1	1	1	1	4	core
OG0002356	1	1	1	1	1	4	core
OG0002357	1	1	1	1	1	4	core
OG0002358	1	1	1	1	1	4	core
OG0002359	1	1	1	1	1	4	core
OG0002360	1	1	1	1	1	4	core
OG0002361	1	1	1	1	1	4	core
OG0002362	1	1	1	1	1	4	core
OG0002363	1	1	1	1	1	4	core
OG0002364	1	1	1	1	1	4	core
OG0002365	1	1	1	1	1	4	core
OG0002366	1	1	1	1	1	4	core
OG0002367	1	1	1	1	1	4	core
OG0002368	1	1	1	1	1	4	core
OG0002369	1	1	1	1	1	4	core
OG0002370	1	1	1	1	1	4	core
OG0002371	1	1	1	1	1	4	core
OG0002372	1	1	1	1	1	4	core
OG0002373	1	1	1	1	1	4	core
OG0002374	1	1	1	1	1	4	core
OG0002375	1	1	1	1	1	4	core
OG0002376	1	1	1	1	1	4	core
OG0002377	1	1	1	1	1	4	core
OG0002378	1	1	1	1	1	4	core
OG0002379	1	1	1	1	1	4	core
OG0002380	1	1	1	1	1	4	core
OG0002381	1	1	1	1	1	4	core
OG0002382	1	1	1	1	1	4	core
OG0002383	1	1	1	1	1	4	core
OG0002384	1	1	1	1	1	4	core
OG0002385	1	1	1	1	1	4	core
OG0002386	1	1	1	1	1	4	core
OG0002387	1	1	1	1	1	4	core
OG0002388	1	1	1	1	1	4	core
OG0002389	1	1	1	1	1	4	core
OG0002390	1	1	1	1	1	4	core
OG0002391	1	1	1	1	1	4	core
OG0002392	1	1	1	1	1	4	core
OG0002393	1	1	1	1	1	4	core
OG0002394	1	1	1	1	1	4	core
OG0002395	1	1	1	1	1	4	core
OG0002396	1	1	0	1	2	3	shell
OG0002397	1	1	1	1	1	4	core
OG0002398	1	1	1	1	1	4	core
OG0002399	1	1	1	1	1	4	core
OG0002400	1	1	1	1	1	4	core
OG0002401	1	1	1	1	1	4	core
OG0002402	1	1	1	2	0	4	core
OG0002403	1	1	1	1	1	4	core
OG0002404	1	1	1	1	1	4	core
OG0002405	1	1	1	1	1	4	core
OG0002406	1	1	1	1	1	4	core
OG0002407	1	1	1	1	1	4	core
OG0002408	1	1	2	0	1	3	shell
OG0002409	1	1	1	1	1	4	core
OG0002410	1	1	1	1	1	4	core
OG0002411	1	1	1	1	1	4	core
OG0002412	1	1	1	1	1	4	core
OG0002413	1	0	0	2	2	2	shell
OG0002414	1	1	1	1	1	4	core
OG0002415	1	0	2	1	1	3	shell
OG0002416	2	1	1	0	1	3	shell
OG0002417	1	1	1	1	1	4	core
OG0002418	1	1	1	1	1	4	core
OG0002419	1	1	1	1	1	4	core
OG0002420	1	1	1	1	1	4	core
OG0002421	1	1	1	1	1	4	core
OG0002422	1	1	1	1	1	4	core
OG0002423	1	1	1	1	1	4	core
OG0002424	1	1	1	1	1	4	core
OG0002425	1	1	1	1	1	4	core
OG0002426	1	1	1	1	1	4	core
OG0002427	1	1	1	1	1	4	core
OG0002428	1	1	1	1	1	4	core
OG0002429	1	1	1	1	1	4	core
OG0002430	1	1	1	1	1	4	core
OG0002431	1	1	1	1	1	4	core
OG0002432	1	1	1	1	1	4	core
OG0002433	2	1	1	1	0	4	core
OG0002434	1	2	1	0	1	3	shell
OG0002435	1	1	1	1	1	4	core
OG0002436	1	1	1	1	1	4	core
OG0002437	1	1	1	1	1	4	core
OG0002438	1	1	1	1	1	4	core
OG0002439	1	1	1	1	1	4	core
OG0002440	1	1	1	1	1	4	core
OG0002441	1	1	1	1	1	4	core
OG0002442	1	1	1	1	1	4	core
OG0002443	1	1	1	1	1	4	core
OG0002444	1	1	1	1	1	4	core
OG0002445	1	1	1	1	1	4	core
OG0002446	1	1	1	1	1	4	core
OG0002447	1	1	1	1	1	4	core
OG0002448	1	1	1	1	1	4	core
OG0002449	1	1	1	1	1	4	core
OG0002450	1	1	1	1	1	4	core
OG0002451	1	1	1	1	1	4	core
OG0002452	1	1	1	1	1	4	core
OG0002453	1	1	1	1	1	4	core
OG0002454	1	1	0	3	0	3	shell
OG0002455	1	1	1	1	1	4	core
OG0002456	1	1	1	1	1	4	core
OG0002457	1	1	1	1	1	4	core
OG0002458	1	1	1	1	1	4	core
OG0002459	1	1	1	1	1	4	core
OG0002460	1	1	1	1	1	4	core
OG0002461	1	1	1	1	1	4	core
OG0002462	1	1	1	1	1	4	core
OG0002463	1	1	1	1	1	4	core
OG0002464	1	1	1	1	1	4	core
OG0002465	1	1	1	1	1	4	core
OG0002466	1	0	1	2	1	3	shell
OG0002467	1	1	1	1	1	4	core
OG0002468	1	1	1	1	1	4	core
OG0002469	1	1	1	1	1	4	core
OG0002470	1	1	1	1	1	4	core
OG0002471	1	1	1	1	1	4	core
OG0002472	1	1	1	1	1	4	core
OG0002473	1	1	1	1	1	4	core
OG0002474	1	1	1	1	1	4	core
OG0002475	1	1	1	1	1	4	core
OG0002476	1	1	1	1	1	4	core
OG0002477	1	1	1	1	1	4	core
OG0002478	1	1	1	1	1	4	core
OG0002479	1	1	1	1	1	4	core
OG0002480	1	1	1	1	1	4	core
OG0002481	1	1	1	1	1	4	core
OG0002482	1	1	1	1	1	4	core
OG0002483	1	1	1	1	1	4	core
OG0002484	1	1	1	1	1	4	core
OG0002485	1	1	1	1	1	4	core
OG0002486	1	1	1	1	1	4	core
OG0002487	1	1	1	1	1	4	core
OG0002488	1	1	1	1	1	4	core
OG0002489	1	1	1	1	1	4	core
OG0002490	1	1	1	1	1	4	core
OG0002491	1	1	1	1	1	4	core
OG0002492	1	1	1	1	1	4	core
OG0002493	1	1	1	1	1	4	core
OG0002494	1	1	1	1	1	4	core
OG0002495	1	1	1	1	1	4	core
OG0002496	1	1	1	1	1	4	core
OG0002497	1	1	1	1	1	4	core
OG0002498	1	1	1	1	1	4	core
OG0002499	1	1	1	1	1	4	core
OG0002500	1	1	1	1	1	4	core
OG0002501	1	1	1	1	1	4	core
OG0002502	1	1	1	1	1	4	core
OG0002503	1	1	1	1	1	4	core
OG0002504	1	1	1	1	1	4	core
OG0002505	1	1	1	1	1	4	core
OG0002506	1	1	1	1	1	4	core
OG0002507	1	1	1	1	1	4	core
OG0002508	1	1	1	1	1	4	core
OG0002509	1	1	1	1	1	4	core
OG0002510	1	1	1	1	1	4	core
OG0002511	1	1	1	1	1	4	core
OG0002512	1	1	1	1	1	4	core
OG0002513	1	1	1	1	1	4	core
OG0002514	1	1	1	1	1	4	core
OG0002515	1	1	1	1	1	4	core
OG0002516	1	1	1	1	1	4	core
OG0002517	1	1	1	1	1	4	core
OG0002518	2	1	1	0	1	3	shell
OG0002519	1	1	1	1	1	4	core
OG0002520	1	1	1	1	1	4	core
OG0002521	1	1	1	1	1	4	core
OG0002522	2	1	1	1	0	4	core
OG0002523	1	1	1	1	1	4	core
OG0002524	1	1	1	1	1	4	core
OG0002525	1	1	1	1	1	4	core
OG0002526	1	1	1	1	1	4	core
OG0002527	1	1	1	1	1	4	core
OG0002528	1	1	1	1	1	4	core
OG0002529	1	1	1	1	1	4	core
OG0002530	1	1	1	1	1	4	core
OG0002531	1	1	1	1	1	4	core
OG0002532	1	1	1	1	1	4	core
OG0002533	1	1	1	1	1	4	core
OG0002534	1	1	1	1	1	4	core
OG0002535	1	1	1	1	1	4	core
OG0002536	1	1	1	1	1	4	core
OG0002537	1	1	1	1	1	4	core
OG0002538	1	1	1	1	1	4	core
OG0002539	1	1	1	1	1	4	core
OG0002540	1	0	1	2	1	3	shell
OG0002541	1	1	1	1	1	4	core
OG0002542	1	1	1	1	1	4	core
OG0002543	1	1	1	1	1	4	core
OG0002544	1	1	1	1	1	4	core
OG0002545	1	1	1	1	1	4	core
OG0002546	1	1	1	1	1	4	core
OG0002547	1	1	1	1	1	4	core
OG0002548	1	1	1	1	1	4	core
OG0002549	1	1	1	1	1	4	core
OG0002550	1	1	1	1	1	4	core
OG0002551	1	1	1	1	1	4	core
OG0002552	1	1	1	1	1	4	core
OG0002553	1	1	1	1	1	4	core
OG0002554	1	1	1	1	1	4	core
OG0002555	1	1	1	1	1	4	core
OG0002556	1	1	1	1	1	4	core
OG0002557	1	1	1	1	1	4	core
OG0002558	1	1	1	1	1	4	core
OG0002559	1	1	1	1	1	4	core
OG0002560	1	1	1	1	1	4	core
OG0002561	1	1	1	1	1	4	core
OG0002562	1	1	1	1	1	4	core
OG0002563	1	1	1	1	1	4	core
OG0002564	1	1	1	1	1	4	core
OG0002565	1	1	1	1	1	4	core
OG0002566	1	1	1	1	1	4	core
OG0002567	1	1	1	1	1	4	core
OG0002568	1	1	1	1	1	4	core
OG0002569	1	1	1	1	1	4	core
OG0002570	1	1	1	1	1	4	core
OG0002571	1	1	1	1	1	4	core
OG0002572	1	1	1	1	1	4	core
OG0002573	1	1	1	1	1	4	core
OG0002574	1	1	1	1	1	4	core
OG0002575	1	1	1	1	1	4	core
OG0002576	1	1	1	1	1	4	core
OG0002577	1	1	1	1	1	4	core
OG0002578	1	1	1	1	1	4	core
OG0002579	1	1	1	1	1	4	core
OG0002580	1	1	1	1	1	4	core
OG0002581	1	1	1	1	1	4	core
OG0002582	1	1	1	1	1	4	core
OG0002583	1	1	1	0	2	3	shell
OG0002584	1	1	1	1	1	4	core
OG0002585	1	1	1	1	1	4	core
OG0002586	1	1	1	1	1	4	core
OG0002587	1	1	1	1	1	4	core
OG0002588	1	1	1	1	1	4	core
OG0002589	1	1	1	1	1	4	core
OG0002590	1	1	1	1	1	4	core
OG0002591	1	1	1	1	1	4	core
OG0002592	1	1	1	1	1	4	core
OG0002593	1	1	1	1	1	4	core
OG0002594	1	1	1	1	1	4	core
OG0002595	1	1	1	1	1	4	core
OG0002596	1	1	1	1	1	4	core
OG0002597	1	1	1	1	1	4	core
OG0002598	1	1	1	1	1	4	core
OG0002599	1	1	1	1	1	4	core
OG0002600	1	1	1	1	1	4	core
OG0002601	1	1	1	1	1	4	core
OG0002602	1	2	1	0	1	3	shell
OG0002603	1	1	1	1	1	4	core
OG0002604	1	1	1	1	1	4	core
OG0002605	1	1	1	1	1	4	core
OG0002606	1	1	1	1	1	4	core
OG0002607	1	1	1	1	1	4	core
OG0002608	1	1	1	1	1	4	core
OG0002609	2	0	1	2	0	3	shell
OG0002610	1	1	1	1	1	4	core
OG0002611	1	1	1	2	0	4	core
OG0002612	1	1	1	1	1	4	core
OG0002613	1	1	1	1	1	4	core
OG0002614	1	1	1	1	1	4	core
OG0002615	1	1	2	1	0	4	core
OG0002616	1	1	1	1	1	4	core
OG0002617	1	1	1	1	1	4	core
OG0002618	1	1	1	1	1	4	core
OG0002619	1	1	1	1	1	4	core
OG0002620	1	1	1	1	1	4	core
OG0002621	1	1	1	2	0	4	core
OG0002622	1	1	1	1	1	4	core
OG0002623	1	1	1	1	1	4	core
OG0002624	1	1	1	1	1	4	core
OG0002625	1	1	1	1	1	4	core
OG0002626	1	1	1	1	1	4	core
OG0002627	1	1	1	1	1	4	core
OG0002628	1	1	1	1	1	4	core
OG0002629	1	1	1	1	1	4	core
OG0002630	1	1	1	1	1	4	core
OG0002631	1	1	1	1	1	4	core
OG0002632	1	1	1	1	1	4	core
OG0002633	1	1	1	1	1	4	core
OG0002634	1	1	1	1	1	4	core
OG0002635	1	1	1	1	1	4	core
OG0002636	1	1	1	1	1	4	core
OG0002637	1	1	1	1	1	4	core
OG0002638	1	1	1	1	1	4	core
OG0002639	1	1	1	1	1	4	core
OG0002640	1	1	1	1	1	4	core
OG0002641	1	1	1	1	1	4	core
OG0002642	1	1	1	1	1	4	core
OG0002643	1	1	1	1	1	4	core
OG0002644	1	1	1	1	1	4	core
OG0002645	1	1	1	1	1	4	core
OG0002646	1	1	1	1	1	4	core
OG0002647	1	1	1	1	1	4	core
OG0002648	1	1	1	1	1	4	core
OG0002649	1	1	1	1	1	4	core
OG0002650	1	1	1	1	1	4	core
OG0002651	1	1	1	1	1	4	core
OG0002652	1	1	1	1	1	4	core
OG0002653	1	1	1	1	1	4	core
OG0002654	1	1	1	1	1	4	core
OG0002655	1	1	1	1	1	4	core
OG0002656	1	1	1	1	1	4	core
OG0002657	1	1	1	1	1	4	core
OG0002658	1	1	1	1	1	4	core
OG0002659	1	1	1	1	1	4	core
OG0002660	1	1	1	1	1	4	core
OG0002661	2	1	1	1	0	4	core
OG0002662	1	1	1	1	1	4	core
OG0002663	1	1	1	1	1	4	core
OG0002664	1	1	1	1	1	4	core
OG0002665	1	1	1	1	1	4	core
OG0002666	1	1	1	1	1	4	core
OG0002667	1	1	1	1	1	4	core
OG0002668	1	1	1	1	1	4	core
OG0002669	1	1	1	1	1	4	core
OG0002670	1	1	1	1	1	4	core
OG0002671	1	1	1	1	1	4	core
OG0002672	1	1	1	1	1	4	core
OG0002673	1	1	1	1	1	4	core
OG0002674	1	1	1	1	1	4	core
OG0002675	1	1	1	1	1	4	core
OG0002676	1	1	1	1	1	4	core
OG0002677	1	1	1	1	1	4	core
OG0002678	1	1	1	1	1	4	core
OG0002679	1	1	1	1	1	4	core
OG0002680	1	1	1	1	1	4	core
OG0002681	1	1	1	1	1	4	core
OG0002682	1	1	1	1	1	4	core
OG0002683	1	1	1	1	1	4	core
OG0002684	1	1	1	1	1	4	core
OG0002685	1	1	1	1	1	4	core
OG0002686	1	1	1	1	1	4	core
OG0002687	1	1	1	1	1	4	core
OG0002688	1	1	1	1	1	4	core
OG0002689	1	1	1	1	1	4	core
OG0002690	1	1	1	1	1	4	core
OG0002691	1	1	1	1	1	4	core
OG0002692	1	1	1	1	1	4	core
OG0002693	1	1	1	1	1	4	core
OG0002694	1	1	1	1	1	4	core
OG0002695	1	1	1	1	1	4	core
OG0002696	1	1	1	1	1	4	core
OG0002697	1	1	1	1	1	4	core
OG0002698	1	1	1	1	1	4	core
OG0002699	1	1	1	1	1	4	core
OG0002700	1	1	1	1	1	4	core
OG0002701	1	1	1	1	1	4	core
OG0002702	1	1	1	1	1	4	core
OG0002703	1	1	1	1	1	4	core
OG0002704	1	1	1	1	1	4	core
OG0002705	1	1	1	1	1	4	core
OG0002706	1	1	1	1	1	4	core
OG0002707	1	1	1	1	1	4	core
OG0002708	1	1	1	1	1	4	core
OG0002709	1	1	1	1	1	4	core
OG0002710	1	1	1	1	1	4	core
OG0002711	1	1	1	1	1	4	core
OG0002712	1	1	1	1	1	4	core
OG0002713	1	1	1	1	1	4	core
OG0002714	1	1	1	1	1	4	core
OG0002715	1	1	1	1	1	4	core
OG0002716	1	1	1	1	1	4	core
OG0002717	1	1	1	1	1	4	core
OG0002718	1	1	1	1	1	4	core
OG0002719	1	1	1	1	1	4	core
OG0002720	1	1	1	1	1	4	core
OG0002721	1	1	1	1	1	4	core
OG0002722	1	1	1	1	1	4	core
OG0002723	1	1	1	1	1	4	core
OG0002724	1	1	1	1	1	4	core
OG0002725	1	1	1	1	1	4	core
OG0002726	1	1	1	1	1	4	core
OG0002727	1	1	1	1	1	4	core
OG0002728	1	1	1	1	1	4	core
OG0002729	1	1	1	1	1	4	core
OG0002730	1	1	1	1	1	4	core
OG0002731	1	1	1	1	1	4	core
OG0002732	1	1	1	1	1	4	core
OG0002733	1	1	1	1	1	4	core
OG0002734	1	1	1	1	1	4	core
OG0002735	1	1	1	1	1	4	core
OG0002736	1	1	1	1	1	4	core
OG0002737	1	1	1	1	1	4	core
OG0002738	1	1	1	1	1	4	core
OG0002739	1	1	1	1	1	4	core
OG0002740	1	1	1	1	1	4	core
OG0002741	1	1	1	1	1	4	core
OG0002742	1	1	1	1	1	4	core
OG0002743	1	1	1	1	1	4	core
OG0002744	1	1	1	1	1	4	core
OG0002745	1	1	1	1	1	4	core
OG0002746	1	1	1	1	1	4	core
OG0002747	1	1	1	1	1	4	core
OG0002748	1	1	1	1	1	4	core
OG0002749	1	1	1	1	1	4	core
OG0002750	1	1	1	1	1	4	core
OG0002751	1	1	1	1	1	4	core
OG0002752	1	1	1	1	1	4	core
OG0002753	1	1	1	1	1	4	core
OG0002754	1	1	1	1	1	4	core
OG0002755	1	1	1	1	1	4	core
OG0002756	1	1	1	1	1	4	core
OG0002757	1	1	1	1	1	4	core
OG0002758	1	1	1	1	1	4	core
OG0002759	1	1	1	1	1	4	core
OG0002760	1	1	1	1	1	4	core
OG0002761	1	1	1	1	1	4	core
OG0002762	1	1	1	1	1	4	core
OG0002763	1	1	1	1	1	4	core
OG0002764	1	1	1	1	1	4	core
OG0002765	1	1	1	1	1	4	core
OG0002766	1	1	1	1	1	4	core
OG0002767	1	1	1	1	1	4	core
OG0002768	1	1	1	1	1	4	core
OG0002769	1	1	1	1	1	4	core
OG0002770	1	1	1	1	1	4	core
OG0002771	1	1	1	1	1	4	core
OG0002772	1	1	1	1	1	4	core
OG0002773	1	1	1	1	1	4	core
OG0002774	1	1	1	1	1	4	core
OG0002775	1	1	1	1	1	4	core
OG0002776	1	1	1	1	1	4	core
OG0002777	1	1	1	1	1	4	core
OG0002778	1	1	1	1	1	4	core
OG0002779	1	1	1	1	1	4	core
OG0002780	1	1	1	1	1	4	core
OG0002781	1	1	1	1	1	4	core
OG0002782	1	1	1	1	1	4	core
OG0002783	1	1	1	1	1	4	core
OG0002784	1	1	1	1	1	4	core
OG0002785	1	1	1	1	1	4	core
OG0002786	1	1	1	1	1	4	core
OG0002787	1	1	1	1	1	4	core
OG0002788	1	1	1	1	1	4	core
OG0002789	1	1	1	1	1	4	core
OG0002790	1	1	1	1	1	4	core
OG0002791	1	1	1	1	1	4	core
OG0002792	1	1	1	1	1	4	core
OG0002793	1	1	1	1	1	4	core
OG0002794	1	1	1	1	1	4	core
OG0002795	1	1	1	1	1	4	core
OG0002796	1	1	1	2	0	4	core
OG0002797	1	1	1	1	1	4	core
OG0002798	1	1	1	1	1	4	core
OG0002799	1	1	1	1	1	4	core
OG0002800	1	1	1	1	1	4	core
OG0002801	1	1	1	1	1	4	core
OG0002802	1	1	1	1	1	4	core
OG0002803	1	1	1	1	1	4	core
OG0002804	1	1	1	1	1	4	core
OG0002805	1	1	1	1	1	4	core
OG0002806	1	1	1	1	1	4	core
OG0002807	1	1	1	1	1	4	core
OG0002808	1	1	1	1	1	4	core
OG0002809	1	1	1	1	1	4	core
OG0002810	1	1	1	1	1	4	core
OG0002811	1	1	1	1	1	4	core
OG0002812	1	1	1	1	1	4	core
OG0002813	1	1	1	1	1	4	core
OG0002814	1	1	1	1	1	4	core
OG0002815	1	1	1	1	1	4	core
OG0002816	1	1	1	1	1	4	core
OG0002817	1	1	1	1	1	4	core
OG0002818	1	1	1	1	1	4	core
OG0002819	1	1	1	1	1	4	core
OG0002820	1	1	1	1	1	4	core
OG0002821	1	1	1	1	1	4	core
OG0002822	1	1	1	1	1	4	core
OG0002823	1	1	1	1	1	4	core
OG0002824	1	1	1	1	1	4	core
OG0002825	1	1	1	1	1	4	core
OG0002826	1	1	1	1	1	4	core
OG0002827	1	1	1	1	1	4	core
OG0002828	1	1	1	1	1	4	core
OG0002829	1	1	1	1	1	4	core
OG0002830	1	1	1	1	1	4	core
OG0002831	1	1	1	1	1	4	core
OG0002832	1	1	1	1	1	4	core
OG0002833	1	1	1	1	1	4	core
OG0002834	1	1	1	1	1	4	core
OG0002835	1	1	1	1	1	4	core
OG0002836	1	1	1	1	1	4	core
OG0002837	1	1	1	1	1	4	core
OG0002838	1	1	1	1	1	4	core
OG0002839	1	1	1	1	1	4	core
OG0002840	1	1	1	1	1	4	core
OG0002841	1	1	1	1	1	4	core
OG0002842	1	1	1	1	1	4	core
OG0002843	1	1	1	1	1	4	core
OG0002844	1	1	1	1	1	4	core
OG0002845	1	1	1	1	1	4	core
OG0002846	1	1	1	1	1	4	core
OG0002847	1	1	1	1	1	4	core
OG0002848	1	1	1	1	1	4	core
OG0002849	1	1	1	1	1	4	core
OG0002850	1	1	1	1	1	4	core
OG0002851	1	1	1	1	1	4	core
OG0002852	1	1	1	1	1	4	core
OG0002853	1	1	1	1	1	4	core
OG0002854	1	1	1	1	1	4	core
OG0002855	1	1	1	1	1	4	core
OG0002856	1	1	1	1	1	4	core
OG0002857	1	1	1	1	1	4	core
OG0002858	1	1	1	1	1	4	core
OG0002859	1	1	1	1	1	4	core
OG0002860	1	1	1	1	1	4	core
OG0002861	1	1	1	1	1	4	core
OG0002862	1	1	1	1	1	4	core
OG0002863	1	1	1	1	1	4	core
OG0002864	1	1	1	1	1	4	core
OG0002865	1	1	1	1	1	4	core
OG0002866	1	1	1	1	1	4	core
OG0002867	1	1	1	1	1	4	core
OG0002868	1	1	1	1	1	4	core
OG0002869	1	1	1	1	1	4	core
OG0002870	1	1	1	1	1	4	core
OG0002871	1	1	1	1	1	4	core
OG0002872	1	1	1	1	1	4	core
OG0002873	1	1	1	1	1	4	core
OG0002874	1	1	1	1	1	4	core
OG0002875	1	1	1	1	1	4	core
OG0002876	1	1	1	1	1	4	core
OG0002877	1	1	1	1	1	4	core
OG0002878	1	1	1	1	1	4	core
OG0002879	1	1	1	1	1	4	core
OG0002880	1	1	1	2	0	4	core
OG0002881	1	1	1	1	1	4	core
OG0002882	1	1	1	1	1	4	core
OG0002883	1	1	1	1	1	4	core
OG0002884	1	1	1	1	1	4	core
OG0002885	1	1	1	1	1	4	core
OG0002886	1	1	1	1	1	4	core
OG0002887	1	1	1	1	1	4	core
OG0002888	1	1	1	1	1	4	core
OG0002889	1	1	1	1	1	4	core
OG0002890	1	1	1	1	1	4	core
OG0002891	1	1	1	1	1	4	core
OG0002892	1	1	1	1	1	4	core
OG0002893	1	1	1	1	1	4	core
OG0002894	1	1	1	1	1	4	core
OG0002895	1	1	1	1	1	4	core
OG0002896	1	1	1	1	1	4	core
OG0002897	1	1	1	1	1	4	core
OG0002898	1	1	1	1	1	4	core
OG0002899	1	1	1	1	1	4	core
OG0002900	1	1	1	1	1	4	core
OG0002901	1	1	1	1	1	4	core
OG0002902	1	1	1	1	1	4	core
OG0002903	1	1	1	1	1	4	core
OG0002904	1	1	1	1	1	4	core
OG0002905	1	1	1	1	1	4	core
OG0002906	1	1	1	1	1	4	core
OG0002907	1	1	1	1	1	4	core
OG0002908	1	1	1	1	1	4	core
OG0002909	1	1	1	1	1	4	core
OG0002910	1	1	1	1	1	4	core
OG0002911	1	1	1	1	1	4	core
OG0002912	1	1	1	1	1	4	core
OG0002913	1	1	1	1	1	4	core
OG0002914	1	1	1	1	1	4	core
OG0002915	1	1	1	1	1	4	core
OG0002916	1	1	1	1	1	4	core
OG0002917	1	1	1	1	1	4	core
OG0002918	1	1	1	1	1	4	core
OG0002919	1	1	1	1	1	4	core
OG0002920	1	1	1	2	0	4	core
OG0002921	1	1	1	1	1	4	core
OG0002922	1	1	1	1	1	4	core
OG0002923	1	1	1	1	1	4	core
OG0002924	1	1	1	1	1	4	core
OG0002925	1	1	1	1	1	4	core
OG0002926	1	1	1	1	1	4	core
OG0002927	1	1	1	1	1	4	core
OG0002928	1	1	1	1	1	4	core
OG0002929	1	1	1	1	1	4	core
OG0002930	1	1	1	1	1	4	core
OG0002931	1	1	1	1	1	4	core
OG0002932	1	1	1	1	1	4	core
OG0002933	1	1	1	1	1	4	core
OG0002934	1	1	1	1	1	4	core
OG0002935	1	1	1	1	1	4	core
OG0002936	1	1	1	1	1	4	core
OG0002937	1	1	1	1	1	4	core
OG0002938	1	1	1	1	1	4	core
OG0002939	1	1	1	1	1	4	core
OG0002940	1	1	1	1	1	4	core
OG0002941	1	1	1	1	1	4	core
OG0002942	1	1	1	1	1	4	core
OG0002943	1	1	1	1	1	4	core
OG0002944	1	1	1	1	1	4	core
OG0002945	1	1	1	1	1	4	core
OG0002946	1	1	1	1	1	4	core
OG0002947	1	1	1	1	1	4	core
OG0002948	1	1	1	1	1	4	core
OG0002949	1	1	1	1	1	4	core
OG0002950	1	1	1	1	1	4	core
OG0002951	1	1	1	1	1	4	core
OG0002952	1	1	1	1	1	4	core
OG0002953	1	1	1	1	1	4	core
OG0002954	1	1	1	1	1	4	core
OG0002955	1	1	1	1	1	4	core
OG0002956	1	1	1	1	1	4	core
OG0002957	1	1	1	1	1	4	core
OG0002958	1	1	1	1	1	4	core
OG0002959	1	1	1	1	1	4	core
OG0002960	1	1	1	1	1	4	core
OG0002961	1	1	1	1	1	4	core
OG0002962	1	1	1	1	1	4	core
OG0002963	1	1	1	1	1	4	core
OG0002964	1	1	1	1	1	4	core
OG0002965	1	1	1	1	1	4	core
OG0002966	1	1	1	1	1	4	core
OG0002967	1	1	1	1	1	4	core
OG0002968	1	1	1	1	1	4	core
OG0002969	1	1	1	1	1	4	core
OG0002970	1	1	1	1	1	4	core
OG0002971	1	1	1	1	1	4	core
OG0002972	1	1	1	1	1	4	core
OG0002973	1	1	1	1	1	4	core
OG0002974	1	1	1	1	1	4	core
OG0002975	1	1	1	1	1	4	core
OG0002976	1	1	1	1	1	4	core
OG0002977	1	1	1	1	1	4	core
OG0002978	1	1	1	1	1	4	core
OG0002979	1	1	1	1	1	4	core
OG0002980	1	1	1	1	1	4	core
OG0002981	1	1	1	1	1	4	core
OG0002982	1	1	1	1	1	4	core
OG0002983	1	1	1	1	1	4	core
OG0002984	1	1	1	1	1	4	core
OG0002985	1	1	1	1	1	4	core
OG0002986	1	1	1	1	1	4	core
OG0002987	1	1	1	1	1	4	core
OG0002988	1	1	1	1	1	4	core
OG0002989	1	1	1	1	1	4	core
OG0002990	1	1	1	1	1	4	core
OG0002991	1	1	1	1	1	4	core
OG0002992	1	1	1	1	1	4	core
OG0002993	1	1	1	1	1	4	core
OG0002994	1	1	1	1	1	4	core
OG0002995	1	1	1	1	1	4	core
OG0002996	1	1	1	1	1	4	core
OG0002997	1	1	1	1	1	4	core
OG0002998	1	1	1	1	1	4	core
OG0002999	1	1	1	1	1	4	core
OG0003000	1	1	1	1	1	4	core
OG0003001	1	1	1	1	1	4	core
OG0003002	1	1	1	1	1	4	core
OG0003003	1	1	1	1	1	4	core
OG0003004	1	1	1	1	1	4	core
OG0003005	1	1	1	1	1	4	core
OG0003006	1	1	1	1	1	4	core
OG0003007	1	1	1	1	1	4	core
OG0003008	1	1	1	1	1	4	core
OG0003009	1	1	1	1	1	4	core
OG0003010	1	1	1	1	1	4	core
OG0003011	1	1	1	1	1	4	core
OG0003012	1	1	1	1	1	4	core
OG0003013	1	1	1	1	1	4	core
OG0003014	1	1	1	1	1	4	core
OG0003015	1	1	1	1	1	4	core
OG0003016	1	1	1	1	1	4	core
OG0003017	1	1	1	1	1	4	core
OG0003018	1	1	1	1	1	4	core
OG0003019	1	1	1	1	1	4	core
OG0003020	1	1	1	1	1	4	core
OG0003021	1	1	1	1	1	4	core
OG0003022	1	1	1	1	1	4	core
OG0003023	1	1	1	1	1	4	core
OG0003024	1	1	1	1	1	4	core
OG0003025	1	1	1	1	1	4	core
OG0003026	1	1	1	1	1	4	core
OG0003027	1	1	1	1	1	4	core
OG0003028	1	1	1	1	1	4	core
OG0003029	1	1	1	1	1	4	core
OG0003030	1	1	1	1	1	4	core
OG0003031	1	1	1	1	1	4	core
OG0003032	1	1	1	1	1	4	core
OG0003033	1	1	1	1	1	4	core
OG0003034	1	1	1	1	1	4	core
OG0003035	1	1	1	1	1	4	core
OG0003036	1	1	1	1	1	4	core
OG0003037	1	1	1	1	1	4	core
OG0003038	1	1	1	1	1	4	core
OG0003039	1	1	1	1	1	4	core
OG0003040	1	1	1	1	1	4	core
OG0003041	1	1	1	1	1	4	core
OG0003042	1	1	1	1	1	4	core
OG0003043	1	1	1	1	1	4	core
OG0003044	1	1	1	1	1	4	core
OG0003045	1	1	1	1	1	4	core
OG0003046	1	1	1	1	1	4	core
OG0003047	1	1	1	1	1	4	core
OG0003048	1	1	1	1	1	4	core
OG0003049	1	1	1	1	1	4	core
OG0003050	1	1	1	1	1	4	core
OG0003051	1	1	1	1	1	4	core
OG0003052	1	1	1	1	1	4	core
OG0003053	1	1	1	1	1	4	core
OG0003054	1	1	1	1	1	4	core
OG0003055	1	1	1	1	1	4	core
OG0003056	1	1	1	1	1	4	core
OG0003057	1	1	1	1	1	4	core
OG0003058	1	1	1	1	1	4	core
OG0003059	1	1	1	1	1	4	core
OG0003060	1	1	1	1	1	4	core
OG0003061	1	1	1	1	1	4	core
OG0003062	1	1	1	1	1	4	core
OG0003063	1	1	1	1	1	4	core
OG0003064	1	1	1	1	1	4	core
OG0003065	1	1	1	1	1	4	core
OG0003066	1	1	1	1	1	4	core
OG0003067	1	1	1	1	1	4	core
OG0003068	1	1	1	1	1	4	core
OG0003069	1	1	1	1	1	4	core
OG0003070	1	1	1	1	1	4	core
OG0003071	1	1	1	1	1	4	core
OG0003072	1	1	1	1	1	4	core
OG0003073	1	1	1	1	1	4	core
OG0003074	1	1	1	1	1	4	core
OG0003075	1	1	1	1	1	4	core
OG0003076	1	1	1	1	1	4	core
OG0003077	1	1	1	1	1	4	core
OG0003078	1	1	1	1	1	4	core
OG0003079	1	1	1	1	1	4	core
OG0003080	1	1	1	1	1	4	core
OG0003081	1	1	1	1	1	4	core
OG0003082	1	1	1	1	1	4	core
OG0003083	1	1	1	1	1	4	core
OG0003084	1	1	1	1	1	4	core
OG0003085	1	1	1	1	1	4	core
OG0003086	1	1	1	1	1	4	core
OG0003087	1	1	1	1	1	4	core
OG0003088	1	1	1	1	1	4	core
OG0003089	1	1	1	1	1	4	core
OG0003090	1	1	1	1	1	4	core
OG0003091	1	1	1	1	1	4	core
OG0003092	1	1	1	1	1	4	core
OG0003093	1	1	1	1	1	4	core
OG0003094	1	1	1	1	1	4	core
OG0003095	1	1	1	1	1	4	core
OG0003096	1	1	1	1	1	4	core
OG0003097	1	1	1	1	1	4	core
OG0003098	1	1	1	1	1	4	core
OG0003099	1	1	1	1	1	4	core
OG0003100	1	1	1	1	1	4	core
OG0003101	1	1	1	1	1	4	core
OG0003102	1	1	1	1	1	4	core
OG0003103	1	1	1	1	1	4	core
OG0003104	1	1	1	1	1	4	core
OG0003105	1	1	1	1	1	4	core
OG0003106	1	1	1	1	1	4	core
OG0003107	1	1	1	1	1	4	core
OG0003108	1	1	1	1	1	4	core
OG0003109	1	1	1	1	1	4	core
OG0003110	1	1	1	1	1	4	core
OG0003111	1	1	1	1	1	4	core
OG0003112	1	1	1	1	1	4	core
OG0003113	1	1	1	1	1	4	core
OG0003114	1	1	1	1	1	4	core
OG0003115	1	1	1	1	1	4	core
OG0003116	1	1	1	1	1	4	core
OG0003117	1	1	1	1	1	4	core
OG0003118	1	1	1	1	1	4	core
OG0003119	1	1	1	1	1	4	core
OG0003120	1	1	1	1	1	4	core
OG0003121	1	1	1	1	1	4	core
OG0003122	1	1	1	1	1	4	core
OG0003123	1	1	1	1	1	4	core
OG0003124	1	1	1	1	1	4	core
OG0003125	1	1	1	1	1	4	core
OG0003126	1	1	1	1	1	4	core
OG0003127	1	1	1	1	1	4	core
OG0003128	1	1	1	1	1	4	core
OG0003129	1	1	1	1	1	4	core
OG0003130	1	1	1	1	1	4	core
OG0003131	1	1	1	1	1	4	core
OG0003132	1	1	1	1	1	4	core
OG0003133	1	1	1	1	1	4	core
OG0003134	1	1	1	1	1	4	core
OG0003135	1	1	1	1	1	4	core
OG0003136	1	1	1	1	1	4	core
OG0003137	1	1	1	1	1	4	core
OG0003138	1	1	1	1	1	4	core
OG0003139	1	1	1	1	1	4	core
OG0003140	1	1	1	1	1	4	core
OG0003141	1	1	1	1	1	4	core
OG0003142	1	1	1	1	1	4	core
OG0003143	1	1	1	1	1	4	core
OG0003144	1	1	1	1	1	4	core
OG0003145	1	1	1	1	1	4	core
OG0003146	1	1	1	1	1	4	core
OG0003147	1	1	1	1	1	4	core
OG0003148	1	1	1	1	1	4	core
OG0003149	1	1	1	1	1	4	core
OG0003150	1	1	1	1	1	4	core
OG0003151	1	1	1	1	1	4	core
OG0003152	1	1	1	1	1	4	core
OG0003153	1	1	1	1	1	4	core
OG0003154	1	1	1	1	1	4	core
OG0003155	1	1	1	1	1	4	core
OG0003156	1	1	1	1	1	4	core
OG0003157	1	1	1	1	1	4	core
OG0003158	1	1	1	1	1	4	core
OG0003159	1	1	1	1	1	4	core
OG0003160	1	1	1	1	1	4	core
OG0003161	1	1	1	1	1	4	core
OG0003162	1	1	1	1	1	4	core
OG0003163	1	1	1	1	1	4	core
OG0003164	1	1	1	1	1	4	core
OG0003165	1	1	1	1	1	4	core
OG0003166	1	1	1	1	1	4	core
OG0003167	1	1	1	1	1	4	core
OG0003168	1	1	1	1	1	4	core
OG0003169	1	1	1	1	1	4	core
OG0003170	1	1	1	1	1	4	core
OG0003171	1	1	1	1	1	4	core
OG0003172	1	1	1	1	1	4	core
OG0003173	1	1	1	1	1	4	core
OG0003174	1	1	1	1	1	4	core
OG0003175	1	1	1	1	1	4	core
OG0003176	1	1	1	1	1	4	core
OG0003177	1	1	1	1	1	4	core
OG0003178	1	1	1	1	1	4	core
OG0003179	1	1	1	1	1	4	core
OG0003180	1	1	1	1	1	4	core
OG0003181	1	1	1	1	1	4	core
OG0003182	1	1	1	1	1	4	core
OG0003183	1	1	1	1	1	4	core
OG0003184	1	1	1	1	1	4	core
OG0003185	1	1	1	1	1	4	core
OG0003186	1	1	1	1	1	4	core
OG0003187	1	1	1	1	1	4	core
OG0003188	1	1	1	1	1	4	core
OG0003189	1	1	1	1	1	4	core
OG0003190	1	1	1	1	1	4	core
OG0003191	1	1	1	1	1	4	core
OG0003192	1	1	1	1	1	4	core
OG0003193	1	1	1	1	1	4	core
OG0003194	1	1	1	1	1	4	core
OG0003195	1	1	1	1	1	4	core
OG0003196	1	1	1	1	1	4	core
OG0003197	1	1	1	1	1	4	core
OG0003198	1	1	1	1	1	4	core
OG0003199	1	1	1	1	1	4	core
OG0003200	1	1	1	1	1	4	core
OG0003201	1	1	1	1	1	4	core
OG0003202	1	1	1	1	1	4	core
OG0003203	1	1	1	1	1	4	core
OG0003204	1	1	1	1	1	4	core
OG0003205	1	1	1	1	1	4	core
OG0003206	1	1	1	1	1	4	core
OG0003207	1	1	1	1	1	4	core
OG0003208	1	1	1	1	1	4	core
OG0003209	1	1	1	1	1	4	core
OG0003210	1	1	1	1	1	4	core
OG0003211	1	1	1	1	1	4	core
OG0003212	1	1	1	1	1	4	core
OG0003213	1	1	1	1	1	4	core
OG0003214	1	1	1	1	1	4	core
OG0003215	1	1	1	1	1	4	core
OG0003216	1	1	1	1	1	4	core
OG0003217	1	1	1	1	1	4	core
OG0003218	1	1	1	1	1	4	core
OG0003219	1	1	1	1	1	4	core
OG0003220	1	1	1	1	1	4	core
OG0003221	1	1	1	1	1	4	core
OG0003222	1	1	1	1	1	4	core
OG0003223	1	1	1	1	1	4	core
OG0003224	1	1	1	1	1	4	core
OG0003225	1	1	1	1	1	4	core
OG0003226	1	1	1	1	1	4	core
OG0003227	1	1	1	1	1	4	core
OG0003228	1	1	1	1	1	4	core
OG0003229	1	1	1	1	1	4	core
OG0003230	1	1	1	1	1	4	core
OG0003231	1	1	1	1	1	4	core
OG0003232	1	1	1	1	1	4	core
OG0003233	1	1	1	1	1	4	core
OG0003234	1	1	1	1	1	4	core
OG0003235	1	1	1	1	1	4	core
OG0003236	1	1	1	1	1	4	core
OG0003237	1	1	1	1	1	4	core
OG0003238	1	1	1	1	1	4	core
OG0003239	1	1	1	1	1	4	core
OG0003240	1	1	1	1	1	4	core
OG0003241	1	1	1	1	1	4	core
OG0003242	1	1	1	1	1	4	core
OG0003243	1	1	1	1	1	4	core
OG0003244	1	1	1	1	1	4	core
OG0003245	1	1	1	1	1	4	core
OG0003246	1	1	1	1	1	4	core
OG0003247	1	1	1	1	1	4	core
OG0003248	1	1	1	1	1	4	core
OG0003249	1	1	1	1	1	4	core
OG0003250	1	1	1	1	1	4	core
OG0003251	1	1	1	1	1	4	core
OG0003252	1	1	1	1	1	4	core
OG0003253	1	1	1	1	1	4	core
OG0003254	1	1	1	1	1	4	core
OG0003255	1	1	1	1	1	4	core
OG0003256	1	1	1	1	1	4	core
OG0003257	1	1	1	1	1	4	core
OG0003258	1	1	1	1	1	4	core
OG0003259	1	1	1	1	1	4	core
OG0003260	1	1	1	1	1	4	core
OG0003261	1	1	1	1	1	4	core
OG0003262	1	1	1	1	1	4	core
OG0003263	1	1	1	1	1	4	core
OG0003264	1	1	1	1	1	4	core
OG0003265	1	1	1	1	1	4	core
OG0003266	1	1	1	1	1	4	core
OG0003267	1	1	1	1	1	4	core
OG0003268	1	1	1	1	1	4	core
OG0003269	1	1	1	1	1	4	core
OG0003270	1	1	1	1	1	4	core
OG0003271	1	1	1	1	1	4	core
OG0003272	1	1	1	1	1	4	core
OG0003273	1	1	1	1	1	4	core
OG0003274	1	1	1	1	1	4	core
OG0003275	1	1	1	1	1	4	core
OG0003276	1	1	1	1	1	4	core
OG0003277	1	1	1	1	1	4	core
OG0003278	1	1	1	1	1	4	core
OG0003279	1	1	1	1	1	4	core
OG0003280	1	1	1	1	1	4	core
OG0003281	1	1	1	1	1	4	core
OG0003282	1	1	1	1	1	4	core
OG0003283	1	1	1	1	1	4	core
OG0003284	1	1	1	1	1	4	core
OG0003285	1	1	1	1	1	4	core
OG0003286	1	1	1	1	1	4	core
OG0003287	1	1	1	1	1	4	core
OG0003288	1	1	1	1	1	4	core
OG0003289	1	1	1	1	1	4	core
OG0003290	1	1	1	1	1	4	core
OG0003291	1	1	1	1	1	4	core
OG0003292	1	1	1	1	1	4	core
OG0003293	1	1	1	1	1	4	core
OG0003294	1	1	1	1	1	4	core
OG0003295	1	1	1	1	1	4	core
OG0003296	1	1	1	1	1	4	core
OG0003297	1	1	1	1	1	4	core
OG0003298	1	1	1	1	1	4	core
OG0003299	1	1	1	1	1	4	core
OG0003300	1	1	1	1	1	4	core
OG0003301	1	1	1	1	1	4	core
OG0003302	1	1	1	1	1	4	core
OG0003303	1	1	1	1	1	4	core
OG0003304	1	1	1	1	1	4	core
OG0003305	1	1	1	1	1	4	core
OG0003306	1	1	1	1	1	4	core
OG0003307	1	1	1	1	1	4	core
OG0003308	1	1	1	1	1	4	core
OG0003309	1	1	1	1	1	4	core
OG0003310	1	1	1	1	1	4	core
OG0003311	1	1	1	1	1	4	core
OG0003312	1	1	1	1	1	4	core
OG0003313	1	1	1	1	1	4	core
OG0003314	1	1	1	1	1	4	core
OG0003315	1	1	1	1	1	4	core
OG0003316	1	1	1	1	1	4	core
OG0003317	1	1	1	1	1	4	core
OG0003318	1	1	1	1	1	4	core
OG0003319	1	1	1	1	1	4	core
OG0003320	1	1	1	1	1	4	core
OG0003321	1	1	1	1	1	4	core
OG0003322	1	1	1	1	1	4	core
OG0003323	1	1	1	1	1	4	core
OG0003324	1	1	1	1	1	4	core
OG0003325	1	1	1	1	1	4	core
OG0003326	1	1	1	1	1	4	core
OG0003327	1	1	1	1	1	4	core
OG0003328	1	1	1	1	1	4	core
OG0003329	1	1	1	1	1	4	core
OG0003330	1	1	1	1	1	4	core
OG0003331	1	1	1	1	1	4	core
OG0003332	1	1	1	1	1	4	core
OG0003333	1	1	1	1	1	4	core
OG0003334	1	1	1	1	1	4	core
OG0003335	1	1	1	1	1	4	core
OG0003336	1	1	1	1	1	4	core
OG0003337	1	1	1	1	1	4	core
OG0003338	1	1	1	1	1	4	core
OG0003339	1	1	1	1	1	4	core
OG0003340	1	1	1	1	1	4	core
OG0003341	1	1	1	1	1	4	core
OG0003342	1	1	1	1	1	4	core
OG0003343	1	1	1	1	1	4	core
OG0003344	1	1	1	1	1	4	core
OG0003345	1	1	1	1	1	4	core
OG0003346	1	1	1	1	1	4	core
OG0003347	1	1	1	1	1	4	core
OG0003348	1	1	1	1	1	4	core
OG0003349	1	1	1	1	1	4	core
OG0003350	1	1	1	1	1	4	core
OG0003351	1	1	1	1	1	4	core
OG0003352	1	1	1	1	1	4	core
OG0003353	1	1	1	1	1	4	core
OG0003354	1	1	1	1	1	4	core
OG0003355	1	1	1	1	1	4	core
OG0003356	1	1	1	1	1	4	core
OG0003357	1	1	1	1	1	4	core
OG0003358	1	1	1	1	1	4	core
OG0003359	1	1	1	1	1	4	core
OG0003360	1	1	1	1	1	4	core
OG0003361	1	1	1	1	1	4	core
OG0003362	1	1	1	1	1	4	core
OG0003363	1	1	1	1	1	4	core
OG0003364	1	1	1	1	1	4	core
OG0003365	1	1	1	1	1	4	core
OG0003366	1	1	1	1	1	4	core
OG0003367	1	1	1	1	1	4	core
OG0003368	1	1	1	1	1	4	core
OG0003369	1	1	1	1	1	4	core
OG0003370	1	1	1	1	1	4	core
OG0003371	1	1	1	1	1	4	core
OG0003372	1	1	1	1	1	4	core
OG0003373	1	1	1	1	1	4	core
OG0003374	1	1	1	1	1	4	core
OG0003375	1	1	1	1	1	4	core
OG0003376	1	1	1	1	1	4	core
OG0003377	1	1	1	1	1	4	core
OG0003378	1	1	1	1	1	4	core
OG0003379	1	1	1	1	1	4	core
OG0003380	1	1	1	1	1	4	core
OG0003381	1	1	1	1	1	4	core
OG0003382	1	1	1	1	1	4	core
OG0003383	1	1	1	1	1	4	core
OG0003384	1	1	1	1	1	4	core
OG0003385	1	1	1	1	1	4	core
OG0003386	1	1	1	1	1	4	core
OG0003387	1	1	1	1	1	4	core
OG0003388	1	1	1	1	1	4	core
OG0003389	1	1	1	1	1	4	core
OG0003390	1	1	1	1	1	4	core
OG0003391	1	1	1	1	1	4	core
OG0003392	1	1	1	1	1	4	core
OG0003393	1	1	1	1	1	4	core
OG0003394	1	1	1	1	1	4	core
OG0003395	1	1	1	1	1	4	core
OG0003396	1	1	1	1	1	4	core
OG0003397	1	1	1	1	1	4	core
OG0003398	1	1	1	1	1	4	core
OG0003399	1	1	1	1	1	4	core
OG0003400	1	1	1	1	1	4	core
OG0003401	1	1	1	1	1	4	core
OG0003402	1	1	1	1	1	4	core
OG0003403	1	1	1	1	1	4	core
OG0003404	1	1	1	1	1	4	core
OG0003405	1	1	1	1	1	4	core
OG0003406	1	1	1	1	1	4	core
OG0003407	1	1	1	1	1	4	core
OG0003408	1	1	1	1	1	4	core
OG0003409	1	1	1	1	1	4	core
OG0003410	1	1	1	1	1	4	core
OG0003411	1	1	1	1	1	4	core
OG0003412	1	1	1	1	1	4	core
OG0003413	1	1	1	1	1	4	core
OG0003414	1	1	1	1	1	4	core
OG0003415	1	1	1	1	1	4	core
OG0003416	1	1	1	1	1	4	core
OG0003417	1	1	1	1	1	4	core
OG0003418	1	1	1	1	1	4	core
OG0003419	1	1	1	1	1	4	core
OG0003420	1	1	1	1	1	4	core
OG0003421	1	1	1	1	1	4	core
OG0003422	1	1	1	1	1	4	core
OG0003423	1	1	1	1	1	4	core
OG0003424	1	1	1	1	1	4	core
OG0003425	1	1	1	1	1	4	core
OG0003426	1	1	1	1	1	4	core
OG0003427	1	1	1	1	1	4	core
OG0003428	1	1	1	1	1	4	core
OG0003429	1	1	1	1	1	4	core
OG0003430	1	1	1	1	1	4	core
OG0003431	1	1	1	1	1	4	core
OG0003432	1	1	1	1	1	4	core
OG0003433	1	1	1	1	1	4	core
OG0003434	1	1	1	1	1	4	core
OG0003435	1	1	1	1	1	4	core
OG0003436	1	1	1	1	1	4	core
OG0003437	1	1	1	1	1	4	core
OG0003438	1	1	1	1	1	4	core
OG0003439	1	1	1	1	1	4	core
OG0003440	1	1	1	1	1	4	core
OG0003441	1	1	1	1	1	4	core
OG0003442	1	1	1	1	1	4	core
OG0003443	1	1	1	1	1	4	core
OG0003444	1	1	1	1	1	4	core
OG0003445	1	1	1	1	1	4	core
OG0003446	1	1	1	1	1	4	core
OG0003447	1	1	1	1	1	4	core
OG0003448	1	1	1	1	1	4	core
OG0003449	1	1	1	1	1	4	core
OG0003450	1	1	1	1	1	4	core
OG0003451	1	1	1	1	1	4	core
OG0003452	1	1	1	1	1	4	core
OG0003453	1	1	1	1	1	4	core
OG0003454	1	1	1	1	1	4	core
OG0003455	1	1	1	1	1	4	core
OG0003456	1	1	1	1	1	4	core
OG0003457	1	1	1	1	1	4	core
OG0003458	1	1	1	1	1	4	core
OG0003459	1	1	1	1	1	4	core
OG0003460	1	1	1	1	1	4	core
OG0003461	1	1	1	1	1	4	core
OG0003462	1	1	1	1	1	4	core
OG0003463	1	1	1	1	1	4	core
OG0003464	1	1	1	1	1	4	core
OG0003465	1	1	1	1	1	4	core
OG0003466	1	1	1	1	1	4	core
OG0003467	1	1	1	1	1	4	core
OG0003468	1	1	1	1	1	4	core
OG0003469	1	1	1	1	1	4	core
OG0003470	1	1	1	1	1	4	core
OG0003471	1	1	1	1	1	4	core
OG0003472	1	1	1	1	1	4	core
OG0003473	1	1	1	1	1	4	core
OG0003474	1	1	1	1	1	4	core
OG0003475	1	1	1	1	1	4	core
OG0003476	1	1	1	1	1	4	core
OG0003477	1	1	1	1	1	4	core
OG0003478	1	1	1	1	1	4	core
OG0003479	1	1	1	1	1	4	core
OG0003480	1	1	1	1	1	4	core
OG0003481	1	1	1	1	1	4	core
OG0003482	1	1	1	1	1	4	core
OG0003483	1	1	1	1	1	4	core
OG0003484	1	1	1	1	1	4	core
OG0003485	1	1	1	1	1	4	core
OG0003486	1	1	1	1	1	4	core
OG0003487	1	1	1	1	1	4	core
OG0003488	1	1	1	1	1	4	core
OG0003489	1	1	1	1	1	4	core
OG0003490	1	1	1	1	1	4	core
OG0003491	1	1	1	1	1	4	core
OG0003492	1	1	1	1	1	4	core
OG0003493	1	1	1	1	1	4	core
OG0003494	1	1	1	1	1	4	core
OG0003495	1	1	1	1	1	4	core
OG0003496	1	1	1	1	1	4	core
OG0003497	1	1	1	1	1	4	core
OG0003498	1	1	1	1	1	4	core
OG0003499	1	1	1	1	1	4	core
OG0003500	1	1	1	1	1	4	core
OG0003501	1	1	1	1	1	4	core
OG0003502	1	1	1	1	1	4	core
OG0003503	1	1	1	1	1	4	core
OG0003504	1	1	1	1	1	4	core
OG0003505	1	1	1	1	1	4	core
OG0003506	1	1	1	1	1	4	core
OG0003507	1	1	1	1	1	4	core
OG0003508	1	1	1	1	1	4	core
OG0003509	1	1	1	1	1	4	core
OG0003510	1	1	1	1	1	4	core
OG0003511	1	1	1	1	1	4	core
OG0003512	1	1	1	1	1	4	core
OG0003513	1	1	1	1	1	4	core
OG0003514	1	1	1	1	1	4	core
OG0003515	1	1	1	1	1	4	core
OG0003516	1	1	1	1	1	4	core
OG0003517	1	1	1	1	1	4	core
OG0003518	1	1	1	1	1	4	core
OG0003519	1	1	1	1	1	4	core
OG0003520	1	1	1	1	1	4	core
OG0003521	1	1	1	1	1	4	core
OG0003522	1	1	1	1	1	4	core
OG0003523	1	1	1	1	1	4	core
OG0003524	1	1	1	1	1	4	core
OG0003525	1	1	1	1	1	4	core
OG0003526	1	1	1	1	1	4	core
OG0003527	1	1	1	1	1	4	core
OG0003528	1	1	1	1	1	4	core
OG0003529	1	1	1	1	1	4	core
OG0003530	1	1	1	1	1	4	core
OG0003531	1	1	1	1	1	4	core
OG0003532	1	1	1	1	1	4	core
OG0003533	1	1	1	1	1	4	core
OG0003534	1	1	1	1	1	4	core
OG0003535	1	1	1	1	1	4	core
OG0003536	1	1	1	1	1	4	core
OG0003537	1	1	1	1	1	4	core
OG0003538	1	1	1	1	1	4	core
OG0003539	1	1	1	1	1	4	core
OG0003540	1	1	1	1	1	4	core
OG0003541	1	1	1	1	1	4	core
OG0003542	1	1	1	1	1	4	core
OG0003543	1	1	1	1	1	4	core
OG0003544	1	1	1	1	1	4	core
OG0003545	1	1	1	1	1	4	core
OG0003546	1	1	1	1	1	4	core
OG0003547	1	1	1	1	1	4	core
OG0003548	1	1	1	1	1	4	core
OG0003549	1	1	1	1	1	4	core
OG0003550	1	1	1	1	1	4	core
OG0003551	1	1	1	1	1	4	core
OG0003552	1	1	1	1	1	4	core
OG0003553	1	1	1	1	1	4	core
OG0003554	1	1	1	1	1	4	core
OG0003555	1	1	1	1	1	4	core
OG0003556	1	1	1	1	1	4	core
OG0003557	1	1	1	1	1	4	core
OG0003558	1	1	1	1	1	4	core
OG0003559	1	1	1	1	1	4	core
OG0003560	1	1	1	1	1	4	core
OG0003561	1	1	1	1	1	4	core
OG0003562	1	1	1	1	1	4	core
OG0003563	1	1	1	1	1	4	core
OG0003564	1	1	1	1	1	4	core
OG0003565	1	1	1	1	1	4	core
OG0003566	1	1	1	1	1	4	core
OG0003567	1	1	1	1	1	4	core
OG0003568	1	1	1	1	1	4	core
OG0003569	1	1	1	1	1	4	core
OG0003570	1	1	1	1	1	4	core
OG0003571	1	1	1	1	1	4	core
OG0003572	1	1	1	1	1	4	core
OG0003573	1	1	1	1	1	4	core
OG0003574	1	1	1	1	1	4	core
OG0003575	1	1	1	1	1	4	core
OG0003576	1	1	1	1	1	4	core
OG0003577	1	1	1	1	1	4	core
OG0003578	1	1	1	1	1	4	core
OG0003579	1	1	1	1	1	4	core
OG0003580	1	1	1	1	1	4	core
OG0003581	1	1	1	1	1	4	core
OG0003582	1	1	1	1	1	4	core
OG0003583	1	1	1	1	1	4	core
OG0003584	1	1	1	1	1	4	core
OG0003585	1	1	1	1	1	4	core
OG0003586	1	1	1	1	1	4	core
OG0003587	1	1	1	1	1	4	core
OG0003588	1	1	1	1	1	4	core
OG0003589	1	1	1	1	1	4	core
OG0003590	1	1	1	1	1	4	core
OG0003591	1	1	1	1	1	4	core
OG0003592	1	1	1	1	1	4	core
OG0003593	1	1	1	1	1	4	core
OG0003594	1	1	1	1	1	4	core
OG0003595	1	1	1	1	1	4	core
OG0003596	1	1	1	1	1	4	core
OG0003597	1	1	1	1	1	4	core
OG0003598	1	1	1	1	1	4	core
OG0003599	1	1	1	1	1	4	core
OG0003600	1	1	1	1	1	4	core
OG0003601	1	1	1	1	1	4	core
OG0003602	1	1	1	1	1	4	core
OG0003603	1	1	1	1	1	4	core
OG0003604	1	1	1	1	1	4	core
OG0003605	1	1	1	1	1	4	core
OG0003606	1	1	1	1	1	4	core
OG0003607	1	1	1	1	1	4	core
OG0003608	1	1	1	1	1	4	core
OG0003609	1	1	1	1	1	4	core
OG0003610	1	1	1	1	1	4	core
OG0003611	1	1	1	1	1	4	core
OG0003612	1	1	1	1	1	4	core
OG0003613	1	1	1	1	1	4	core
OG0003614	1	1	1	1	1	4	core
OG0003615	1	1	1	1	1	4	core
OG0003616	1	1	1	1	1	4	core
OG0003617	1	1	1	1	1	4	core
OG0003618	1	1	1	1	1	4	core
OG0003619	1	1	1	1	1	4	core
OG0003620	1	1	1	1	1	4	core
OG0003621	1	1	1	1	1	4	core
OG0003622	1	1	1	1	1	4	core
OG0003623	1	1	1	1	1	4	core
OG0003624	1	1	1	1	1	4	core
OG0003625	1	1	1	1	1	4	core
OG0003626	1	1	1	1	1	4	core
OG0003627	1	1	1	1	1	4	core
OG0003628	1	1	1	1	1	4	core
OG0003629	1	1	1	1	1	4	core
OG0003630	1	1	1	1	1	4	core
OG0003631	1	1	1	1	1	4	core
OG0003632	1	1	1	1	1	4	core
OG0003633	1	1	1	1	1	4	core
OG0003634	1	1	1	1	1	4	core
OG0003635	1	1	1	1	1	4	core
OG0003636	1	1	1	1	1	4	core
OG0003637	1	1	1	1	1	4	core
OG0003638	1	1	1	1	1	4	core
OG0003639	1	1	1	1	1	4	core
OG0003640	1	1	1	1	1	4	core
OG0003641	1	1	1	1	1	4	core
OG0003642	1	1	1	1	1	4	core
OG0003643	1	1	1	1	1	4	core
OG0003644	1	1	1	1	1	4	core
OG0003645	1	1	1	1	1	4	core
OG0003646	1	1	1	1	1	4	core
OG0003647	1	1	1	1	1	4	core
OG0003648	1	1	1	1	1	4	core
OG0003649	1	1	1	1	1	4	core
OG0003650	1	1	1	1	1	4	core
OG0003651	1	1	1	1	1	4	core
OG0003652	1	1	1	1	1	4	core
OG0003653	1	1	1	1	1	4	core
OG0003654	1	1	1	1	1	4	core
OG0003655	1	1	1	1	1	4	core
OG0003656	1	1	1	1	1	4	core
OG0003657	1	1	1	1	1	4	core
OG0003658	1	1	1	1	1	4	core
OG0003659	1	1	1	1	1	4	core
OG0003660	1	1	1	1	1	4	core
OG0003661	1	1	1	1	1	4	core
OG0003662	1	1	1	1	1	4	core
OG0003663	1	1	1	1	1	4	core
OG0003664	1	1	1	1	1	4	core
OG0003665	1	1	1	1	1	4	core
OG0003666	1	1	1	1	1	4	core
OG0003667	1	1	1	1	1	4	core
OG0003668	1	1	1	1	1	4	core
OG0003669	1	1	1	1	1	4	core
OG0003670	1	1	1	1	1	4	core
OG0003671	1	1	1	1	1	4	core
OG0003672	1	1	1	1	1	4	core
OG0003673	1	1	1	1	1	4	core
OG0003674	1	1	1	1	1	4	core
OG0003675	1	1	1	1	1	4	core
OG0003676	1	1	1	1	1	4	core
OG0003677	1	1	1	1	1	4	core
OG0003678	1	1	1	1	1	4	core
OG0003679	1	1	1	1	1	4	core
OG0003680	1	1	1	1	1	4	core
OG0003681	1	1	1	1	1	4	core
OG0003682	1	1	1	1	1	4	core
OG0003683	1	1	1	1	1	4	core
OG0003684	1	1	1	1	1	4	core
OG0003685	1	1	1	1	1	4	core
OG0003686	1	1	1	1	1	4	core
OG0003687	1	1	1	1	1	4	core
OG0003688	1	1	1	1	1	4	core
OG0003689	1	1	1	1	1	4	core
OG0003690	1	1	1	1	1	4	core
OG0003691	1	1	1	1	1	4	core
OG0003692	1	1	1	1	1	4	core
OG0003693	1	1	1	1	1	4	core
OG0003694	1	1	1	1	1	4	core
OG0003695	1	1	1	1	1	4	core
OG0003696	1	1	1	1	1	4	core
OG0003697	1	1	1	1	1	4	core
OG0003698	1	1	1	1	1	4	core
OG0003699	1	1	1	1	1	4	core
OG0003700	1	1	1	1	1	4	core
OG0003701	1	1	1	1	1	4	core
OG0003702	1	1	1	1	1	4	core
OG0003703	1	1	1	1	1	4	core
OG0003704	1	1	1	1	1	4	core
OG0003705	1	1	1	1	1	4	core
OG0003706	1	1	1	1	1	4	core
OG0003707	1	1	1	1	1	4	core
OG0003708	1	1	1	1	1	4	core
OG0003709	1	1	1	1	1	4	core
OG0003710	1	1	1	1	1	4	core
OG0003711	1	1	1	1	1	4	core
OG0003712	1	1	1	1	1	4	core
OG0003713	1	1	1	1	1	4	core
OG0003714	1	1	1	1	1	4	core
OG0003715	1	1	1	1	1	4	core
OG0003716	1	1	1	1	1	4	core
OG0003717	1	1	1	1	1	4	core
OG0003718	1	1	1	1	1	4	core
OG0003719	1	1	1	1	1	4	core
OG0003720	1	1	1	1	1	4	core
OG0003721	1	1	1	1	1	4	core
OG0003722	1	1	1	1	1	4	core
OG0003723	1	1	1	1	1	4	core
OG0003724	1	1	1	1	1	4	core
OG0003725	1	1	1	1	1	4	core
OG0003726	1	1	1	1	1	4	core
OG0003727	1	1	1	1	1	4	core
OG0003728	1	1	1	1	1	4	core
OG0003729	1	1	1	1	1	4	core
OG0003730	1	1	1	1	1	4	core
OG0003731	1	1	1	1	1	4	core
OG0003732	1	1	1	1	1	4	core
OG0003733	1	1	1	1	1	4	core
OG0003734	1	1	1	1	1	4	core
OG0003735	1	1	1	1	1	4	core
OG0003736	1	1	1	1	1	4	core
OG0003737	1	1	1	1	1	4	core
OG0003738	1	1	1	1	1	4	core
OG0003739	1	1	1	1	1	4	core
OG0003740	1	1	1	1	1	4	core
OG0003741	1	1	1	1	1	4	core
OG0003742	1	1	1	1	1	4	core
OG0003743	1	1	1	1	1	4	core
OG0003744	1	1	1	1	1	4	core
OG0003745	1	1	1	1	1	4	core
OG0003746	1	1	1	1	1	4	core
OG0003747	1	1	1	1	1	4	core
OG0003748	1	1	1	1	1	4	core
OG0003749	1	1	1	1	1	4	core
OG0003750	1	1	1	1	1	4	core
OG0003751	1	1	1	1	1	4	core
OG0003752	1	1	1	1	1	4	core
OG0003753	1	1	1	1	1	4	core
OG0003754	1	1	1	1	1	4	core
OG0003755	1	1	1	1	1	4	core
OG0003756	1	1	1	1	1	4	core
OG0003757	1	1	1	1	1	4	core
OG0003758	1	1	1	1	1	4	core
OG0003759	1	1	1	1	1	4	core
OG0003760	1	1	1	1	1	4	core
OG0003761	1	1	1	1	1	4	core
OG0003762	1	1	1	1	1	4	core
OG0003763	1	1	1	1	1	4	core
OG0003764	1	1	1	1	1	4	core
OG0003765	1	1	1	1	1	4	core
OG0003766	1	1	1	1	1	4	core
OG0003767	1	1	1	1	1	4	core
OG0003768	1	1	1	1	1	4	core
OG0003769	1	1	1	1	1	4	core
OG0003770	1	1	1	1	1	4	core
OG0003771	1	1	1	1	1	4	core
OG0003772	1	1	1	1	1	4	core
OG0003773	1	1	1	1	1	4	core
OG0003774	1	1	1	1	1	4	core
OG0003775	1	1	1	1	1	4	core
OG0003776	1	1	1	1	1	4	core
OG0003777	1	1	1	1	1	4	core
OG0003778	1	1	1	1	1	4	core
OG0003779	1	1	1	1	1	4	core
OG0003780	1	1	1	1	1	4	core
OG0003781	1	1	1	1	1	4	core
OG0003782	1	1	1	1	1	4	core
OG0003783	1	1	1	1	1	4	core
OG0003784	1	1	1	1	1	4	core
OG0003785	1	1	1	1	1	4	core
OG0003786	1	1	1	1	1	4	core
OG0003787	1	1	1	1	1	4	core
OG0003788	1	1	1	1	1	4	core
OG0003789	1	1	1	1	1	4	core
OG0003790	1	1	1	1	1	4	core
OG0003791	1	1	1	1	1	4	core
OG0003792	1	1	1	1	1	4	core
OG0003793	1	1	1	1	1	4	core
OG0003794	1	1	1	1	1	4	core
OG0003795	1	1	1	1	1	4	core
OG0003796	1	1	1	1	1	4	core
OG0003797	1	1	1	1	1	4	core
OG0003798	1	1	1	1	1	4	core
OG0003799	1	1	1	1	1	4	core
OG0003800	1	1	1	1	1	4	core
OG0003801	1	1	1	1	1	4	core
OG0003802	1	1	1	1	1	4	core
OG0003803	1	1	1	1	1	4	core
OG0003804	1	1	1	1	1	4	core
OG0003805	1	1	1	1	1	4	core
OG0003806	1	1	1	1	1	4	core
OG0003807	1	1	1	1	1	4	core
OG0003808	1	1	1	1	1	4	core
OG0003809	1	1	1	1	1	4	core
OG0003810	1	1	1	1	1	4	core
OG0003811	1	1	1	1	1	4	core
OG0003812	1	1	1	1	1	4	core
OG0003813	1	1	1	1	1	4	core
OG0003814	1	1	1	1	1	4	core
OG0003815	1	1	1	1	1	4	core
OG0003816	1	1	1	1	1	4	core
OG0003817	1	1	1	1	1	4	core
OG0003818	1	1	1	1	1	4	core
OG0003819	1	1	1	1	1	4	core
OG0003820	1	1	1	1	1	4	core
OG0003821	1	1	1	1	1	4	core
OG0003822	1	1	1	1	1	4	core
OG0003823	1	1	1	1	1	4	core
OG0003824	1	1	1	1	1	4	core
OG0003825	1	1	1	1	1	4	core
OG0003826	1	1	1	1	1	4	core
OG0003827	1	1	1	1	1	4	core
OG0003828	1	1	1	1	1	4	core
OG0003829	1	1	1	1	1	4	core
OG0003830	1	1	1	1	1	4	core
OG0003831	1	1	1	1	1	4	core
OG0003832	1	1	1	1	1	4	core
OG0003833	1	1	1	1	1	4	core
OG0003834	1	1	1	1	1	4	core
OG0003835	1	1	1	1	1	4	core
OG0003836	1	1	1	1	1	4	core
OG0003837	1	1	1	1	1	4	core
OG0003838	1	1	1	1	1	4	core
OG0003839	1	1	1	1	1	4	core
OG0003840	1	1	1	1	1	4	core
OG0003841	1	1	1	1	1	4	core
OG0003842	1	1	1	1	1	4	core
OG0003843	1	1	1	1	1	4	core
OG0003844	1	1	1	1	1	4	core
OG0003845	1	1	1	1	1	4	core
OG0003846	1	1	1	1	1	4	core
OG0003847	1	1	1	1	1	4	core
OG0003848	1	1	1	1	1	4	core
OG0003849	1	1	1	1	1	4	core
OG0003850	1	1	1	1	1	4	core
OG0003851	1	1	1	1	1	4	core
OG0003852	1	1	1	1	1	4	core
OG0003853	1	1	1	1	1	4	core
OG0003854	1	1	1	1	1	4	core
OG0003855	1	1	1	1	1	4	core
OG0003856	1	1	1	1	1	4	core
OG0003857	1	1	1	1	1	4	core
OG0003858	1	1	1	1	1	4	core
OG0003859	1	1	1	1	1	4	core
OG0003860	1	1	1	1	1	4	core
OG0003861	1	1	1	1	1	4	core
OG0003862	1	1	1	1	1	4	core
OG0003863	1	1	1	1	1	4	core
OG0003864	1	1	1	1	1	4	core
OG0003865	1	1	1	1	1	4	core
OG0003866	1	1	1	1	1	4	core
OG0003867	1	1	1	1	1	4	core
OG0003868	1	1	1	1	1	4	core
OG0003869	1	1	1	1	1	4	core
OG0003870	1	1	1	1	1	4	core
OG0003871	1	1	1	1	1	4	core
OG0003872	1	1	1	1	1	4	core
OG0003873	1	1	1	1	1	4	core
OG0003874	1	1	1	1	1	4	core
OG0003875	1	1	1	1	1	4	core
OG0003876	1	1	1	1	1	4	core
OG0003877	1	1	1	1	1	4	core
OG0003878	1	1	1	1	1	4	core
OG0003879	1	1	1	1	1	4	core
OG0003880	1	1	1	1	1	4	core
OG0003881	1	1	1	1	1	4	core
OG0003882	1	1	1	1	1	4	core
OG0003883	1	1	1	1	1	4	core
OG0003884	1	1	1	1	1	4	core
OG0003885	1	1	1	1	1	4	core
OG0003886	1	1	1	1	1	4	core
OG0003887	1	1	1	1	1	4	core
OG0003888	1	1	1	1	1	4	core
OG0003889	1	1	1	1	1	4	core
OG0003890	1	1	1	1	1	4	core
OG0003891	1	1	1	1	1	4	core
OG0003892	1	1	1	1	1	4	core
OG0003893	1	1	1	1	1	4	core
OG0003894	1	1	1	1	1	4	core
OG0003895	1	1	1	1	1	4	core
OG0003896	1	1	1	1	1	4	core
OG0003897	1	1	1	1	1	4	core
OG0003898	1	1	1	1	1	4	core
OG0003899	1	1	1	1	1	4	core
OG0003900	1	1	1	1	1	4	core
OG0003901	1	1	1	1	1	4	core
OG0003902	1	1	1	1	1	4	core
OG0003903	1	1	1	1	1	4	core
OG0003904	1	1	1	1	1	4	core
OG0003905	1	1	1	1	1	4	core
OG0003906	1	1	1	1	1	4	core
OG0003907	1	1	1	1	1	4	core
OG0003908	1	1	1	1	1	4	core
OG0003909	1	1	1	1	1	4	core
OG0003910	1	1	1	1	1	4	core
OG0003911	1	1	1	1	1	4	core
OG0003912	1	1	1	1	1	4	core
OG0003913	1	1	1	1	1	4	core
OG0003914	1	1	1	1	1	4	core
OG0003915	1	1	1	1	1	4	core
OG0003916	1	1	1	1	1	4	core
OG0003917	1	1	1	1	1	4	core
OG0003918	1	1	1	1	1	4	core
OG0003919	1	1	1	1	1	4	core
OG0003920	1	1	1	1	1	4	core
OG0003921	1	1	1	1	1	4	core
OG0003922	1	1	1	1	1	4	core
OG0003923	1	1	1	1	1	4	core
OG0003924	1	1	1	1	1	4	core
OG0003925	1	1	1	1	1	4	core
OG0003926	1	1	1	1	1	4	core
OG0003927	1	1	1	1	1	4	core
OG0003928	1	1	1	1	1	4	core
OG0003929	1	1	1	1	1	4	core
OG0003930	1	1	1	1	1	4	core
OG0003931	1	1	1	1	1	4	core
OG0003932	1	1	1	1	1	4	core
OG0003933	1	1	1	1	1	4	core
OG0003934	1	1	1	1	1	4	core
OG0003935	1	1	1	1	1	4	core
OG0003936	1	1	1	1	1	4	core
OG0003937	1	1	1	1	1	4	core
OG0003938	1	1	1	1	1	4	core
OG0003939	1	1	1	1	1	4	core
OG0003940	1	1	1	1	1	4	core
OG0003941	1	1	1	1	1	4	core
OG0003942	1	1	1	1	1	4	core
OG0003943	1	1	1	1	1	4	core
OG0003944	1	1	1	1	1	4	core
OG0003945	1	1	1	1	1	4	core
OG0003946	1	1	1	1	1	4	core
OG0003947	1	1	1	1	1	4	core
OG0003948	1	1	1	1	1	4	core
OG0003949	1	1	1	1	1	4	core
OG0003950	1	1	1	1	1	4	core
OG0003951	1	1	1	1	1	4	core
OG0003952	1	1	1	1	1	4	core
OG0003953	1	1	1	1	1	4	core
OG0003954	1	1	1	1	1	4	core
OG0003955	1	1	1	1	1	4	core
OG0003956	1	1	1	1	1	4	core
OG0003957	1	1	1	1	1	4	core
OG0003958	1	1	1	1	1	4	core
OG0003959	1	1	1	1	1	4	core
OG0003960	1	1	1	1	1	4	core
OG0003961	1	1	1	1	1	4	core
OG0003962	1	1	1	1	1	4	core
OG0003963	1	1	1	1	1	4	core
OG0003964	1	1	1	1	1	4	core
OG0003965	1	1	1	1	1	4	core
OG0003966	1	1	1	1	1	4	core
OG0003967	1	1	1	1	1	4	core
OG0003968	1	1	1	1	1	4	core
OG0003969	1	1	1	1	1	4	core
OG0003970	1	1	1	1	1	4	core
OG0003971	1	1	1	1	1	4	core
OG0003972	1	1	1	1	1	4	core
OG0003973	1	1	1	1	1	4	core
OG0003974	1	1	1	1	1	4	core
OG0003975	1	1	1	1	1	4	core
OG0003976	1	1	1	1	1	4	core
OG0003977	1	1	1	1	1	4	core
OG0003978	1	1	1	1	1	4	core
OG0003979	1	1	1	1	1	4	core
OG0003980	1	1	1	1	1	4	core
OG0003981	1	1	1	1	1	4	core
OG0003982	1	1	1	1	1	4	core
OG0003983	1	1	1	1	1	4	core
OG0003984	1	1	1	1	1	4	core
OG0003985	1	1	1	1	1	4	core
OG0003986	1	1	1	1	1	4	core
OG0003987	1	1	1	1	1	4	core
OG0003988	1	1	1	1	1	4	core
OG0003989	1	1	1	1	1	4	core
OG0003990	1	1	1	1	1	4	core
OG0003991	1	1	1	1	1	4	core
OG0003992	1	1	1	1	1	4	core
OG0003993	1	1	1	1	1	4	core
OG0003994	1	1	1	1	1	4	core
OG0003995	1	1	1	1	1	4	core
OG0003996	1	1	1	1	1	4	core
OG0003997	1	1	1	1	1	4	core
OG0003998	1	1	1	1	1	4	core
OG0003999	1	1	1	1	1	4	core
OG0004000	1	1	1	1	1	4	core
OG0004001	1	1	1	1	1	4	core
OG0004002	1	1	1	1	1	4	core
OG0004003	1	1	1	1	1	4	core
OG0004004	1	1	1	1	1	4	core
OG0004005	1	1	1	1	1	4	core
OG0004006	1	1	1	1	1	4	core
OG0004007	1	1	1	1	1	4	core
OG0004008	1	1	1	1	1	4	core
OG0004009	1	1	1	1	1	4	core
OG0004010	1	1	1	1	1	4	core
OG0004011	1	1	1	1	1	4	core
OG0004012	1	1	1	1	1	4	core
OG0004013	1	1	1	1	1	4	core
OG0004014	1	1	1	1	1	4	core
OG0004015	1	1	1	1	1	4	core
OG0004016	1	1	1	1	1	4	core
OG0004017	1	1	1	1	1	4	core
OG0004018	1	1	1	1	1	4	core
OG0004019	1	1	1	1	1	4	core
OG0004020	1	1	1	1	1	4	core
OG0004021	1	1	1	1	1	4	core
OG0004022	1	1	1	1	1	4	core
OG0004023	1	1	1	1	1	4	core
OG0004024	1	1	1	1	1	4	core
OG0004025	1	1	1	1	1	4	core
OG0004026	1	1	1	1	1	4	core
OG0004027	1	1	1	1	1	4	core
OG0004028	1	1	1	1	1	4	core
OG0004029	1	1	1	1	1	4	core
OG0004030	1	1	1	1	1	4	core
OG0004031	1	1	1	1	1	4	core
OG0004032	1	1	1	1	1	4	core
OG0004033	1	1	1	1	1	4	core
OG0004034	1	1	2	0	1	3	shell
OG0004035	1	1	1	1	1	4	core
OG0004036	1	1	1	1	1	4	core
OG0004037	1	1	1	1	1	4	core
OG0004038	1	1	1	1	1	4	core
OG0004039	1	1	1	1	1	4	core
OG0004040	1	1	1	1	1	4	core
OG0004041	1	1	1	1	1	4	core
OG0004042	1	1	1	1	1	4	core
OG0004043	1	1	1	1	1	4	core
OG0004044	1	1	1	1	1	4	core
OG0004045	1	1	1	1	1	4	core
OG0004046	1	1	1	1	1	4	core
OG0004047	1	1	1	1	1	4	core
OG0004048	1	1	1	1	1	4	core
OG0004049	1	1	1	1	1	4	core
OG0004050	1	1	1	1	1	4	core
OG0004051	1	1	1	1	1	4	core
OG0004052	1	1	1	1	1	4	core
OG0004053	1	1	1	1	1	4	core
OG0004054	1	1	1	1	1	4	core
OG0004055	1	1	1	1	1	4	core
OG0004056	1	1	1	2	0	4	core
OG0004057	1	1	1	1	1	4	core
OG0004058	1	1	1	1	1	4	core
OG0004059	1	1	1	1	1	4	core
OG0004060	1	1	1	1	1	4	core
OG0004061	1	1	1	1	1	4	core
OG0004062	1	1	1	1	1	4	core
OG0004063	1	1	1	1	1	4	core
OG0004064	1	1	1	1	1	4	core
OG0004065	1	1	1	1	1	4	core
OG0004066	1	1	1	1	1	4	core
OG0004067	1	1	1	1	1	4	core
OG0004068	1	1	1	1	1	4	core
OG0004069	1	1	1	1	1	4	core
OG0004070	1	1	1	1	1	4	core
OG0004071	1	1	1	1	1	4	core
OG0004072	1	1	1	1	1	4	core
OG0004073	1	1	1	1	1	4	core
OG0004074	1	1	1	1	1	4	core
OG0004075	1	1	1	1	1	4	core
OG0004076	1	1	1	1	1	4	core
OG0004077	1	1	1	1	1	4	core
OG0004078	1	1	1	1	1	4	core
OG0004079	1	1	1	1	1	4	core
OG0004080	1	1	1	1	1	4	core
OG0004081	1	1	1	1	1	4	core
OG0004082	1	1	1	1	1	4	core
OG0004083	1	1	1	1	1	4	core
OG0004084	1	1	1	1	1	4	core
OG0004085	1	1	1	1	1	4	core
OG0004086	1	1	1	1	1	4	core
OG0004087	1	1	1	1	1	4	core
OG0004088	1	1	1	1	1	4	core
OG0004089	1	1	1	1	1	4	core
OG0004090	1	1	1	1	1	4	core
OG0004091	1	1	1	1	1	4	core
OG0004092	1	1	1	1	1	4	core
OG0004093	1	1	1	1	1	4	core
OG0004094	1	1	1	1	1	4	core
OG0004095	1	1	1	1	1	4	core
OG0004096	1	1	1	1	1	4	core
OG0004097	1	1	1	1	1	4	core
OG0004098	1	1	1	1	1	4	core
OG0004099	1	1	1	1	1	4	core
OG0004100	1	1	1	1	1	4	core
OG0004101	1	1	1	1	1	4	core
OG0004102	1	1	1	1	1	4	core
OG0004103	1	1	1	1	1	4	core
OG0004104	1	1	1	1	1	4	core
OG0004105	1	1	1	1	1	4	core
OG0004106	1	1	1	1	1	4	core
OG0004107	1	1	1	1	1	4	core
OG0004108	1	1	1	1	1	4	core
OG0004109	1	1	1	1	1	4	core
OG0004110	1	1	1	1	1	4	core
OG0004111	1	1	1	1	1	4	core
OG0004112	1	1	1	1	1	4	core
OG0004113	1	1	1	1	1	4	core
OG0004114	1	1	1	1	1	4	core
OG0004115	1	1	1	1	1	4	core
OG0004116	1	1	1	1	1	4	core
OG0004117	1	1	1	1	1	4	core
OG0004118	1	1	1	1	1	4	core
OG0004119	1	1	1	1	1	4	core
OG0004120	1	1	1	1	1	4	core
OG0004121	1	1	1	1	1	4	core
OG0004122	1	1	1	1	1	4	core
OG0004123	1	1	1	1	1	4	core
OG0004124	1	1	1	1	1	4	core
OG0004125	1	1	1	1	1	4	core
OG0004126	1	1	1	1	1	4	core
OG0004127	1	1	1	1	1	4	core
OG0004128	1	1	1	1	1	4	core
OG0004129	1	1	1	1	1	4	core
OG0004130	1	1	1	1	1	4	core
OG0004131	1	1	1	1	1	4	core
OG0004132	1	1	1	1	1	4	core
OG0004133	1	1	1	1	1	4	core
OG0004134	1	1	1	1	1	4	core
OG0004135	1	1	1	1	1	4	core
OG0004136	1	1	1	1	1	4	core
OG0004137	1	1	1	1	1	4	core
OG0004138	1	1	1	1	1	4	core
OG0004139	1	1	1	1	1	4	core
OG0004140	1	1	1	1	1	4	core
OG0004141	1	1	1	1	1	4	core
OG0004142	1	1	1	1	1	4	core
OG0004143	1	1	1	1	1	4	core
OG0004144	1	1	1	1	1	4	core
OG0004145	1	1	1	1	1	4	core
OG0004146	1	1	1	1	1	4	core
OG0004147	1	1	1	1	1	4	core
OG0004148	1	1	1	1	1	4	core
OG0004149	1	1	1	1	1	4	core
OG0004150	1	1	1	1	1	4	core
OG0004151	1	1	1	1	1	4	core
OG0004152	1	1	1	1	1	4	core
OG0004153	1	1	1	1	1	4	core
OG0004154	1	1	1	1	1	4	core
OG0004155	1	1	1	1	1	4	core
OG0004156	1	1	1	1	1	4	core
OG0004157	1	1	1	1	1	4	core
OG0004158	1	1	1	1	1	4	core
OG0004159	1	1	1	1	1	4	core
OG0004160	1	1	1	1	1	4	core
OG0004161	1	1	1	1	1	4	core
OG0004162	1	1	1	1	1	4	core
OG0004163	1	1	1	1	1	4	core
OG0004164	1	1	1	1	1	4	core
OG0004165	1	1	1	1	1	4	core
OG0004166	1	1	1	1	1	4	core
OG0004167	1	1	1	1	1	4	core
OG0004168	1	1	1	1	1	4	core
OG0004169	1	1	1	1	1	4	core
OG0004170	1	1	1	1	1	4	core
OG0004171	1	1	1	1	1	4	core
OG0004172	1	1	1	1	1	4	core
OG0004173	1	1	1	1	1	4	core
OG0004174	1	1	1	1	1	4	core
OG0004175	1	1	1	1	1	4	core
OG0004176	1	1	1	1	1	4	core
OG0004177	1	1	1	1	1	4	core
OG0004178	1	1	1	1	1	4	core
OG0004179	1	1	1	1	1	4	core
OG0004180	1	1	1	1	1	4	core
OG0004181	1	1	1	1	1	4	core
OG0004182	1	1	1	1	1	4	core
OG0004183	1	1	1	1	1	4	core
OG0004184	1	1	1	1	1	4	core
OG0004185	1	1	1	1	1	4	core
OG0004186	1	1	1	1	1	4	core
OG0004187	1	1	1	1	1	4	core
OG0004188	1	1	1	1	1	4	core
OG0004189	1	1	1	1	1	4	core
OG0004190	1	1	1	1	1	4	core
OG0004191	1	1	1	1	1	4	core
OG0004192	1	1	1	1	1	4	core
OG0004193	1	1	1	1	1	4	core
OG0004194	1	1	1	1	1	4	core
OG0004195	1	1	1	1	1	4	core
OG0004196	1	1	1	1	1	4	core
OG0004197	1	1	1	1	1	4	core
OG0004198	1	1	1	1	1	4	core
OG0004199	1	1	1	1	1	4	core
OG0004200	1	1	1	1	1	4	core
OG0004201	1	1	1	1	1	4	core
OG0004202	1	1	1	1	1	4	core
OG0004203	1	1	1	1	1	4	core
OG0004204	1	1	1	1	1	4	core
OG0004205	1	1	1	1	1	4	core
OG0004206	1	1	1	1	1	4	core
OG0004207	1	1	1	1	1	4	core
OG0004208	1	1	1	1	1	4	core
OG0004209	1	1	1	1	1	4	core
OG0004210	1	1	1	1	1	4	core
OG0004211	1	1	1	1	1	4	core
OG0004212	1	1	1	1	1	4	core
OG0004213	1	1	1	1	1	4	core
OG0004214	1	1	1	1	1	4	core
OG0004215	1	1	1	1	1	4	core
OG0004216	1	1	1	1	1	4	core
OG0004217	1	1	1	1	1	4	core
OG0004218	1	1	1	1	1	4	core
OG0004219	1	1	1	1	1	4	core
OG0004220	1	1	1	1	1	4	core
OG0004221	1	1	1	1	1	4	core
OG0004222	1	1	1	1	1	4	core
OG0004223	1	1	1	1	1	4	core
OG0004224	1	1	1	1	1	4	core
OG0004225	1	1	1	1	1	4	core
OG0004226	1	1	1	1	1	4	core
OG0004227	1	1	1	1	1	4	core
OG0004228	1	1	1	1	1	4	core
OG0004229	1	1	1	1	1	4	core
OG0004230	1	1	1	1	1	4	core
OG0004231	1	1	1	1	1	4	core
OG0004232	1	1	1	1	1	4	core
OG0004233	1	1	1	1	1	4	core
OG0004234	1	1	1	1	1	4	core
OG0004235	1	1	1	1	1	4	core
OG0004236	1	1	1	1	1	4	core
OG0004237	1	1	1	1	1	4	core
OG0004238	1	1	1	1	1	4	core
OG0004239	1	1	1	1	1	4	core
OG0004240	1	1	1	1	1	4	core
OG0004241	1	1	1	1	1	4	core
OG0004242	1	1	1	1	1	4	core
OG0004243	1	1	1	1	1	4	core
OG0004244	1	1	1	1	1	4	core
OG0004245	1	1	1	1	1	4	core
OG0004246	1	1	1	1	1	4	core
OG0004247	1	1	1	1	1	4	core
OG0004248	1	1	1	1	1	4	core
OG0004249	1	1	1	1	1	4	core
OG0004250	1	1	1	1	1	4	core
OG0004251	1	1	1	1	1	4	core
OG0004252	1	1	1	1	1	4	core
OG0004253	1	1	1	1	1	4	core
OG0004254	1	1	1	1	1	4	core
OG0004255	1	1	1	1	1	4	core
OG0004256	1	1	1	1	1	4	core
OG0004257	1	1	1	1	1	4	core
OG0004258	1	1	1	1	1	4	core
OG0004259	1	1	1	1	1	4	core
OG0004260	1	1	1	1	1	4	core
OG0004261	1	1	1	1	1	4	core
OG0004262	1	1	1	1	1	4	core
OG0004263	1	1	1	1	1	4	core
OG0004264	1	1	1	1	1	4	core
OG0004265	1	1	1	1	1	4	core
OG0004266	1	1	1	1	1	4	core
OG0004267	1	1	1	1	1	4	core
OG0004268	1	1	1	1	1	4	core
OG0004269	1	1	1	1	1	4	core
OG0004270	1	1	1	1	1	4	core
OG0004271	1	1	1	1	1	4	core
OG0004272	1	1	1	1	1	4	core
OG0004273	1	1	1	1	1	4	core
OG0004274	1	1	1	1	1	4	core
OG0004275	1	1	1	1	1	4	core
OG0004276	1	1	1	1	1	4	core
OG0004277	1	1	1	1	1	4	core
OG0004278	1	1	1	1	1	4	core
OG0004279	1	1	1	1	1	4	core
OG0004280	1	1	1	1	1	4	core
OG0004281	1	1	1	1	1	4	core
OG0004282	1	1	1	1	1	4	core
OG0004283	1	1	1	1	1	4	core
OG0004284	1	1	1	1	1	4	core
OG0004285	1	1	1	1	1	4	core
OG0004286	1	1	1	1	1	4	core
OG0004287	1	1	1	1	1	4	core
OG0004288	1	1	1	1	1	4	core
OG0004289	1	1	1	1	1	4	core
OG0004290	1	1	1	1	1	4	core
OG0004291	1	1	1	1	1	4	core
OG0004292	1	1	1	1	1	4	core
OG0004293	1	1	1	1	1	4	core
OG0004294	1	1	1	1	1	4	core
OG0004295	1	1	1	1	1	4	core
OG0004296	1	1	1	1	1	4	core
OG0004297	1	1	1	1	1	4	core
OG0004298	1	1	1	1	1	4	core
OG0004299	1	1	1	1	1	4	core
OG0004300	1	1	1	1	1	4	core
OG0004301	1	1	1	1	1	4	core
OG0004302	1	1	1	1	1	4	core
OG0004303	1	1	1	1	1	4	core
OG0004304	1	1	1	1	1	4	core
OG0004305	1	1	1	1	1	4	core
OG0004306	1	1	1	1	1	4	core
OG0004307	1	1	1	1	1	4	core
OG0004308	1	1	1	1	1	4	core
OG0004309	1	1	1	1	1	4	core
OG0004310	1	1	1	1	1	4	core
OG0004311	1	1	1	1	1	4	core
OG0004312	1	1	1	1	1	4	core
OG0004313	1	1	1	1	1	4	core
OG0004314	1	1	1	1	1	4	core
OG0004315	1	1	1	1	1	4	core
OG0004316	1	1	1	1	1	4	core
OG0004317	1	1	1	1	1	4	core
OG0004318	1	1	1	1	1	4	core
OG0004319	1	1	1	1	1	4	core
OG0004320	1	1	1	1	1	4	core
OG0004321	1	1	1	1	1	4	core
OG0004322	1	1	1	1	1	4	core
OG0004323	1	1	1	1	1	4	core
OG0004324	1	1	1	1	1	4	core
OG0004325	1	1	1	1	1	4	core
OG0004326	1	1	1	1	1	4	core
OG0004327	1	1	1	1	1	4	core
OG0004328	1	1	1	1	1	4	core
OG0004329	1	1	1	1	1	4	core
OG0004330	1	1	1	1	1	4	core
OG0004331	1	1	1	1	1	4	core
OG0004332	1	1	1	1	1	4	core
OG0004333	1	1	1	1	1	4	core
OG0004334	1	1	1	1	1	4	core
OG0004335	1	1	1	1	1	4	core
OG0004336	1	1	1	1	1	4	core
OG0004337	1	1	1	1	1	4	core
OG0004338	1	1	1	1	1	4	core
OG0004339	1	1	1	1	1	4	core
OG0004340	1	1	1	1	1	4	core
OG0004341	1	1	1	1	1	4	core
OG0004342	1	1	1	1	1	4	core
OG0004343	1	1	1	1	1	4	core
OG0004344	1	1	1	1	1	4	core
OG0004345	1	1	1	1	1	4	core
OG0004346	1	1	1	1	1	4	core
OG0004347	1	1	1	1	1	4	core
OG0004348	1	1	1	1	1	4	core
OG0004349	1	1	1	1	1	4	core
OG0004350	1	1	1	1	1	4	core
OG0004351	1	1	1	1	1	4	core
OG0004352	1	1	1	1	1	4	core
OG0004353	1	1	1	1	1	4	core
OG0004354	1	1	1	1	1	4	core
OG0004355	1	1	1	1	1	4	core
OG0004356	1	1	1	1	1	4	core
OG0004357	1	1	1	1	1	4	core
OG0004358	1	1	1	1	1	4	core
OG0004359	1	1	1	1	1	4	core
OG0004360	1	1	1	1	1	4	core
OG0004361	1	1	1	1	1	4	core
OG0004362	1	1	1	1	1	4	core
OG0004363	1	1	1	1	1	4	core
OG0004364	1	1	1	1	1	4	core
OG0004365	1	1	1	1	1	4	core
OG0004366	1	1	1	1	1	4	core
OG0004367	1	1	1	1	1	4	core
OG0004368	1	1	1	1	1	4	core
OG0004369	1	1	1	1	1	4	core
OG0004370	1	1	1	1	1	4	core
OG0004371	1	1	1	1	1	4	core
OG0004372	1	1	1	1	1	4	core
OG0004373	1	1	1	1	1	4	core
OG0004374	1	1	1	1	1	4	core
OG0004375	1	1	1	1	1	4	core
OG0004376	1	1	1	1	1	4	core
OG0004377	1	1	1	1	1	4	core
OG0004378	1	1	1	1	1	4	core
OG0004379	1	1	1	1	1	4	core
OG0004380	1	1	1	1	1	4	core
OG0004381	1	1	1	1	1	4	core
OG0004382	1	1	1	1	1	4	core
OG0004383	1	1	1	1	1	4	core
OG0004384	1	1	1	1	1	4	core
OG0004385	1	1	1	1	1	4	core
OG0004386	1	1	1	1	1	4	core
OG0004387	1	1	1	1	1	4	core
OG0004388	1	1	1	1	1	4	core
OG0004389	1	1	1	1	1	4	core
OG0004390	1	1	1	1	1	4	core
OG0004391	1	1	1	1	1	4	core
OG0004392	1	1	1	1	1	4	core
OG0004393	1	1	1	1	1	4	core
OG0004394	1	1	1	1	1	4	core
OG0004395	1	1	1	1	1	4	core
OG0004396	1	1	1	1	1	4	core
OG0004397	1	1	1	1	1	4	core
OG0004398	1	1	1	1	1	4	core
OG0004399	1	1	1	1	1	4	core
OG0004400	1	1	1	1	1	4	core
OG0004401	1	1	1	1	1	4	core
OG0004402	1	1	1	1	1	4	core
OG0004403	1	1	1	1	1	4	core
OG0004404	1	1	1	1	1	4	core
OG0004405	1	1	1	1	1	4	core
OG0004406	1	1	1	1	1	4	core
OG0004407	1	1	1	1	1	4	core
OG0004408	1	1	1	1	1	4	core
OG0004409	1	1	1	1	1	4	core
OG0004410	1	1	1	1	1	4	core
OG0004411	1	1	1	1	1	4	core
OG0004412	1	1	1	1	1	4	core
OG0004413	1	1	1	1	1	4	core
OG0004414	1	1	1	1	1	4	core
OG0004415	1	1	1	1	1	4	core
OG0004416	1	1	1	1	1	4	core
OG0004417	1	1	1	1	1	4	core
OG0004418	1	1	1	1	1	4	core
OG0004419	1	1	1	1	1	4	core
OG0004420	1	1	1	1	1	4	core
OG0004421	1	1	1	1	1	4	core
OG0004422	1	1	1	1	1	4	core
OG0004423	1	1	1	1	1	4	core
OG0004424	1	1	1	1	1	4	core
OG0004425	1	1	1	1	1	4	core
OG0004426	1	1	1	1	1	4	core
OG0004427	1	1	1	1	1	4	core
OG0004428	1	1	1	1	1	4	core
OG0004429	1	1	1	1	1	4	core
OG0004430	1	1	1	1	1	4	core
OG0004431	1	1	1	1	1	4	core
OG0004432	1	1	1	1	1	4	core
OG0004433	1	1	1	1	1	4	core
OG0004434	1	1	1	1	1	4	core
OG0004435	1	1	1	1	1	4	core
OG0004436	1	1	1	1	1	4	core
OG0004437	1	1	1	1	1	4	core
OG0004438	1	1	1	1	1	4	core
OG0004439	1	1	1	1	1	4	core
OG0004440	1	1	1	1	1	4	core
OG0004441	1	1	1	1	1	4	core
OG0004442	1	1	1	1	1	4	core
OG0004443	1	1	1	1	1	4	core
OG0004444	1	1	1	1	1	4	core
OG0004445	1	1	1	1	1	4	core
OG0004446	1	1	1	1	1	4	core
OG0004447	1	1	1	1	1	4	core
OG0004448	1	1	1	1	1	4	core
OG0004449	1	1	1	1	1	4	core
OG0004450	1	1	1	1	1	4	core
OG0004451	1	1	1	1	1	4	core
OG0004452	1	1	1	1	1	4	core
OG0004453	1	1	1	1	1	4	core
OG0004454	1	1	1	1	1	4	core
OG0004455	1	1	1	1	1	4	core
OG0004456	1	1	1	1	1	4	core
OG0004457	1	1	1	1	1	4	core
OG0004458	1	1	1	1	1	4	core
OG0004459	1	1	1	1	1	4	core
OG0004460	1	1	1	1	1	4	core
OG0004461	1	1	1	1	1	4	core
OG0004462	1	1	1	1	1	4	core
OG0004463	1	1	1	1	1	4	core
OG0004464	1	1	1	1	1	4	core
OG0004465	1	1	1	1	1	4	core
OG0004466	1	1	1	1	1	4	core
OG0004467	1	1	1	1	1	4	core
OG0004468	1	1	1	1	1	4	core
OG0004469	1	1	1	1	1	4	core
OG0004470	1	1	1	1	1	4	core
OG0004471	1	1	1	1	1	4	core
OG0004472	1	1	1	1	1	4	core
OG0004473	1	1	1	1	1	4	core
OG0004474	1	1	1	1	1	4	core
OG0004475	1	1	1	1	1	4	core
OG0004476	1	1	1	1	1	4	core
OG0004477	1	1	1	1	1	4	core
OG0004478	1	1	1	1	1	4	core
OG0004479	1	1	1	1	1	4	core
OG0004480	1	1	1	1	1	4	core
OG0004481	1	1	1	1	1	4	core
OG0004482	1	1	1	1	1	4	core
OG0004483	1	1	1	1	1	4	core
OG0004484	1	1	1	1	1	4	core
OG0004485	1	1	1	1	1	4	core
OG0004486	1	1	1	1	1	4	core
OG0004487	1	1	1	1	1	4	core
OG0004488	1	1	1	1	1	4	core
OG0004489	1	1	1	1	1	4	core
OG0004490	1	1	1	1	1	4	core
OG0004491	1	1	1	1	1	4	core
OG0004492	1	1	1	1	1	4	core
OG0004493	1	1	1	1	1	4	core
OG0004494	1	1	0	2	1	3	shell
OG0004495	1	1	1	1	1	4	core
OG0004496	1	1	1	1	1	4	core
OG0004497	1	1	1	1	1	4	core
OG0004498	1	1	1	1	1	4	core
OG0004499	1	1	1	1	1	4	core
OG0004500	1	1	1	1	1	4	core
OG0004501	1	1	1	1	1	4	core
OG0004502	1	1	1	1	1	4	core
OG0004503	1	1	1	1	1	4	core
OG0004504	1	1	1	1	1	4	core
OG0004505	1	1	1	1	1	4	core
OG0004506	1	1	1	1	1	4	core
OG0004507	1	1	1	1	1	4	core
OG0004508	1	1	1	1	1	4	core
OG0004509	1	1	1	1	1	4	core
OG0004510	1	1	1	1	1	4	core
OG0004511	1	1	1	1	1	4	core
OG0004512	1	1	1	1	1	4	core
OG0004513	1	1	1	1	1	4	core
OG0004514	1	1	1	1	1	4	core
OG0004515	1	1	1	1	1	4	core
OG0004516	1	1	1	1	1	4	core
OG0004517	1	1	1	1	1	4	core
OG0004518	1	1	1	1	1	4	core
OG0004519	1	1	1	1	1	4	core
OG0004520	1	1	1	1	1	4	core
OG0004521	1	1	1	1	1	4	core
OG0004522	1	1	1	1	1	4	core
OG0004523	1	1	1	1	1	4	core
OG0004524	1	1	1	1	1	4	core
OG0004525	1	1	1	1	1	4	core
OG0004526	1	1	1	1	1	4	core
OG0004527	1	1	1	1	1	4	core
OG0004528	1	1	1	1	1	4	core
OG0004529	1	1	1	1	1	4	core
OG0004530	1	1	1	1	1	4	core
OG0004531	1	1	1	1	1	4	core
OG0004532	1	1	1	1	1	4	core
OG0004533	1	1	1	1	1	4	core
OG0004534	1	1	1	1	1	4	core
OG0004535	1	1	1	1	1	4	core
OG0004536	1	1	1	1	1	4	core
OG0004537	1	1	1	1	1	4	core
OG0004538	1	1	1	1	1	4	core
OG0004539	1	1	1	1	1	4	core
OG0004540	1	1	1	1	1	4	core
OG0004541	1	1	1	1	1	4	core
OG0004542	1	1	1	1	1	4	core
OG0004543	1	1	1	1	1	4	core
OG0004544	1	1	1	1	1	4	core
OG0004545	1	1	1	1	1	4	core
OG0004546	1	1	1	1	1	4	core
OG0004547	1	1	1	1	1	4	core
OG0004548	1	1	1	1	1	4	core
OG0004549	1	1	1	1	1	4	core
OG0004550	1	1	1	1	1	4	core
OG0004551	1	1	1	1	1	4	core
OG0004552	1	1	1	1	1	4	core
OG0004553	1	1	1	1	1	4	core
OG0004554	1	1	1	1	1	4	core
OG0004555	1	1	1	1	1	4	core
OG0004556	1	1	1	1	1	4	core
OG0004557	1	1	1	1	1	4	core
OG0004558	1	1	1	1	1	4	core
OG0004559	1	1	1	1	1	4	core
OG0004560	1	1	1	1	1	4	core
OG0004561	1	1	1	1	1	4	core
OG0004562	1	1	1	1	1	4	core
OG0004563	1	1	1	1	1	4	core
OG0004564	1	1	1	1	1	4	core
OG0004565	1	1	1	1	1	4	core
OG0004566	1	1	1	1	1	4	core
OG0004567	1	1	1	1	1	4	core
OG0004568	1	1	1	1	1	4	core
OG0004569	1	1	1	1	1	4	core
OG0004570	1	1	1	1	1	4	core
OG0004571	1	1	1	1	1	4	core
OG0004572	1	1	1	1	1	4	core
OG0004573	1	1	1	1	1	4	core
OG0004574	1	1	1	1	1	4	core
OG0004575	1	1	1	1	1	4	core
OG0004576	1	1	1	1	1	4	core
OG0004577	1	1	1	1	1	4	core
OG0004578	1	1	1	1	1	4	core
OG0004579	1	1	1	1	1	4	core
OG0004580	1	1	1	1	1	4	core
OG0004581	1	1	1	1	1	4	core
OG0004582	1	1	1	1	1	4	core
OG0004583	1	1	1	1	1	4	core
OG0004584	1	1	1	1	1	4	core
OG0004585	1	1	1	1	1	4	core
OG0004586	1	1	1	1	1	4	core
OG0004587	1	1	1	1	1	4	core
OG0004588	1	1	1	1	1	4	core
OG0004589	1	1	1	1	1	4	core
OG0004590	1	1	1	1	1	4	core
OG0004591	1	1	1	1	1	4	core
OG0004592	1	1	1	1	1	4	core
OG0004593	1	1	1	1	1	4	core
OG0004594	1	1	1	1	1	4	core
OG0004595	1	1	1	1	1	4	core
OG0004596	1	1	1	1	1	4	core
OG0004597	1	1	1	1	1	4	core
OG0004598	1	1	1	1	1	4	core
OG0004599	1	1	1	1	1	4	core
OG0004600	1	1	1	1	1	4	core
OG0004601	1	1	1	1	1	4	core
OG0004602	1	1	1	1	1	4	core
OG0004603	1	1	1	1	1	4	core
OG0004604	1	1	1	1	1	4	core
OG0004605	1	1	1	1	1	4	core
OG0004606	1	1	1	1	1	4	core
OG0004607	1	1	1	1	1	4	core
OG0004608	1	1	1	1	1	4	core
OG0004609	1	1	1	1	1	4	core
OG0004610	1	1	1	1	1	4	core
OG0004611	1	1	1	1	1	4	core
OG0004612	1	1	1	1	1	4	core
OG0004613	1	1	1	1	1	4	core
OG0004614	1	1	1	1	1	4	core
OG0004615	1	1	1	1	1	4	core
OG0004616	1	1	1	1	1	4	core
OG0004617	1	1	1	1	1	4	core
OG0004618	1	1	1	1	1	4	core
OG0004619	1	1	1	1	1	4	core
OG0004620	1	1	1	1	1	4	core
OG0004621	1	1	1	1	1	4	core
OG0004622	1	1	1	1	1	4	core
OG0004623	1	1	1	1	1	4	core
OG0004624	1	1	1	1	1	4	core
OG0004625	1	1	1	1	1	4	core
OG0004626	1	1	2	0	1	3	shell
OG0004627	1	1	1	1	1	4	core
OG0004628	1	1	1	1	1	4	core
OG0004629	1	1	1	1	1	4	core
OG0004630	1	1	1	1	1	4	core
OG0004631	1	1	1	1	1	4	core
OG0004632	1	1	1	1	1	4	core
OG0004633	1	1	1	1	1	4	core
OG0004634	1	1	1	1	1	4	core
OG0004635	1	1	1	1	1	4	core
OG0004636	1	1	1	1	1	4	core
OG0004637	1	1	1	1	1	4	core
OG0004638	1	1	1	1	1	4	core
OG0004639	1	1	1	1	1	4	core
OG0004640	1	1	1	1	1	4	core
OG0004641	1	1	1	1	1	4	core
OG0004642	1	1	1	1	1	4	core
OG0004643	1	1	1	1	1	4	core
OG0004644	1	1	1	1	1	4	core
OG0004645	1	1	1	1	1	4	core
OG0004646	1	1	1	1	1	4	core
OG0004647	1	1	1	1	1	4	core
OG0004648	1	1	1	1	1	4	core
OG0004649	1	1	1	1	1	4	core
OG0004650	1	1	1	1	1	4	core
OG0004651	1	1	1	1	1	4	core
OG0004652	1	1	1	1	1	4	core
OG0004653	1	1	1	1	1	4	core
OG0004654	1	1	1	1	1	4	core
OG0004655	1	1	1	1	1	4	core
OG0004656	1	1	1	1	1	4	core
OG0004657	1	1	1	1	1	4	core
OG0004658	1	1	1	1	1	4	core
OG0004659	1	1	1	1	1	4	core
OG0004660	1	1	1	1	1	4	core
OG0004661	1	1	1	1	1	4	core
OG0004662	1	1	1	1	1	4	core
OG0004663	1	1	1	1	1	4	core
OG0004664	1	1	1	1	1	4	core
OG0004665	1	1	1	1	1	4	core
OG0004666	1	1	1	1	1	4	core
OG0004667	1	1	1	1	1	4	core
OG0004668	1	1	1	1	1	4	core
OG0004669	1	1	1	1	1	4	core
OG0004670	1	1	1	1	1	4	core
OG0004671	1	1	1	1	1	4	core
OG0004672	1	1	1	1	1	4	core
OG0004673	1	1	1	1	1	4	core
OG0004674	1	1	1	1	1	4	core
OG0004675	1	1	1	1	1	4	core
OG0004676	1	1	1	1	1	4	core
OG0004677	1	1	1	1	1	4	core
OG0004678	1	1	1	1	1	4	core
OG0004679	1	1	1	1	1	4	core
OG0004680	1	1	1	1	1	4	core
OG0004681	1	1	1	1	1	4	core
OG0004682	1	1	1	1	1	4	core
OG0004683	1	1	1	1	1	4	core
OG0004684	1	1	1	1	1	4	core
OG0004685	1	1	1	1	1	4	core
OG0004686	1	1	1	1	1	4	core
OG0004687	1	1	1	1	1	4	core
OG0004688	1	1	1	1	1	4	core
OG0004689	1	1	1	1	1	4	core
OG0004690	1	1	1	1	1	4	core
OG0004691	1	1	1	1	1	4	core
OG0004692	1	1	1	1	1	4	core
OG0004693	1	1	1	1	1	4	core
OG0004694	1	1	1	1	1	4	core
OG0004695	1	1	1	1	1	4	core
OG0004696	1	1	1	1	1	4	core
OG0004697	1	1	1	1	1	4	core
OG0004698	1	1	1	1	1	4	core
OG0004699	1	1	1	1	1	4	core
OG0004700	1	1	1	1	1	4	core
OG0004701	1	1	1	1	1	4	core
OG0004702	1	1	1	1	1	4	core
OG0004703	1	1	1	1	1	4	core
OG0004704	1	1	1	1	1	4	core
OG0004705	1	1	1	1	1	4	core
OG0004706	1	1	1	1	1	4	core
OG0004707	1	1	1	1	1	4	core
OG0004708	1	1	1	1	1	4	core
OG0004709	1	1	1	1	1	4	core
OG0004710	1	1	1	1	1	4	core
OG0004711	1	1	1	1	1	4	core
OG0004712	1	1	1	1	1	4	core
OG0004713	1	1	1	1	1	4	core
OG0004714	1	1	1	1	1	4	core
OG0004715	1	1	1	1	1	4	core
OG0004716	1	1	1	1	1	4	core
OG0004717	1	1	1	1	1	4	core
OG0004718	1	1	1	1	1	4	core
OG0004719	1	1	1	1	1	4	core
OG0004720	1	1	1	1	1	4	core
OG0004721	1	1	1	1	1	4	core
OG0004722	1	1	1	1	1	4	core
OG0004723	1	1	1	1	1	4	core
OG0004724	1	1	1	1	1	4	core
OG0004725	1	1	1	1	1	4	core
OG0004726	1	1	1	1	1	4	core
OG0004727	1	1	1	1	1	4	core
OG0004728	1	1	1	1	1	4	core
OG0004729	1	1	1	2	0	4	core
OG0004730	1	1	1	1	1	4	core
OG0004731	1	1	1	1	1	4	core
OG0004732	1	1	1	1	1	4	core
OG0004733	1	1	1	1	1	4	core
OG0004734	1	1	1	1	1	4	core
OG0004735	1	1	1	1	1	4	core
OG0004736	1	1	1	1	1	4	core
OG0004737	1	1	1	1	1	4	core
OG0004738	1	1	1	1	1	4	core
OG0004739	1	1	1	1	1	4	core
OG0004740	1	1	1	1	1	4	core
OG0004741	1	1	1	1	1	4	core
OG0004742	1	1	1	1	1	4	core
OG0004743	1	1	1	1	1	4	core
OG0004744	1	1	1	1	1	4	core
OG0004745	1	1	1	1	1	4	core
OG0004746	1	1	1	1	1	4	core
OG0004747	1	1	1	1	1	4	core
OG0004748	1	1	1	1	1	4	core
OG0004749	1	1	1	1	1	4	core
OG0004750	1	1	1	1	1	4	core
OG0004751	1	1	1	1	1	4	core
OG0004752	1	1	1	1	1	4	core
OG0004753	1	1	1	1	1	4	core
OG0004754	1	1	1	1	1	4	core
OG0004755	1	1	1	1	1	4	core
OG0004756	1	1	1	1	1	4	core
OG0004757	1	1	1	1	1	4	core
OG0004758	1	1	1	1	1	4	core
OG0004759	1	1	1	1	1	4	core
OG0004760	1	1	1	1	1	4	core
OG0004761	1	1	1	1	1	4	core
OG0004762	1	1	1	1	1	4	core
OG0004763	1	1	1	1	1	4	core
OG0004764	1	1	1	1	1	4	core
OG0004765	1	1	1	1	1	4	core
OG0004766	1	1	1	1	1	4	core
OG0004767	1	1	1	1	1	4	core
OG0004768	1	1	1	1	1	4	core
OG0004769	1	1	1	1	1	4	core
OG0004770	1	1	1	1	1	4	core
OG0004771	1	1	1	1	1	4	core
OG0004772	1	1	1	1	1	4	core
OG0004773	1	1	1	1	1	4	core
OG0004774	1	1	1	1	1	4	core
OG0004775	1	1	1	1	1	4	core
OG0004776	1	1	1	1	1	4	core
OG0004777	1	1	1	1	1	4	core
OG0004778	1	1	1	1	1	4	core
OG0004779	1	1	1	1	1	4	core
OG0004780	1	1	1	1	1	4	core
OG0004781	1	1	1	1	1	4	core
OG0004782	1	1	1	1	1	4	core
OG0004783	1	1	1	1	1	4	core
OG0004784	1	1	1	1	1	4	core
OG0004785	1	1	1	1	1	4	core
OG0004786	1	1	1	1	1	4	core
OG0004787	1	1	1	1	1	4	core
OG0004788	1	1	1	1	1	4	core
OG0004789	1	1	1	1	1	4	core
OG0004790	1	1	1	1	1	4	core
OG0004791	1	1	1	1	1	4	core
OG0004792	1	1	1	1	1	4	core
OG0004793	1	1	1	1	1	4	core
OG0004794	1	1	1	1	1	4	core
OG0004795	1	1	1	1	1	4	core
OG0004796	1	1	1	1	1	4	core
OG0004797	1	1	1	1	1	4	core
OG0004798	1	1	1	1	1	4	core
OG0004799	1	1	1	1	1	4	core
OG0004800	1	1	1	1	1	4	core
OG0004801	1	1	1	1	1	4	core
OG0004802	1	1	1	1	1	4	core
OG0004803	1	1	1	1	1	4	core
OG0004804	1	1	1	1	1	4	core
OG0004805	1	1	1	1	1	4	core
OG0004806	1	1	1	1	1	4	core
OG0004807	1	1	1	1	1	4	core
OG0004808	1	1	1	1	1	4	core
OG0004809	1	1	1	1	1	4	core
OG0004810	1	1	1	1	1	4	core
OG0004811	1	1	1	1	1	4	core
OG0004812	1	1	1	1	1	4	core
OG0004813	1	1	1	1	1	4	core
OG0004814	1	1	1	1	1	4	core
OG0004815	1	1	1	1	1	4	core
OG0004816	1	1	1	1	1	4	core
OG0004817	1	1	1	1	1	4	core
OG0004818	1	1	1	1	1	4	core
OG0004819	1	1	1	1	1	4	core
OG0004820	1	1	1	1	1	4	core
OG0004821	1	1	1	1	1	4	core
OG0004822	1	1	1	1	1	4	core
OG0004823	1	1	1	1	1	4	core
OG0004824	1	1	1	1	1	4	core
OG0004825	1	1	1	1	1	4	core
OG0004826	1	1	1	1	1	4	core
OG0004827	1	1	1	1	1	4	core
OG0004828	1	1	1	1	1	4	core
OG0004829	1	1	1	1	1	4	core
OG0004830	1	1	1	1	1	4	core
OG0004831	1	1	1	1	1	4	core
OG0004832	1	1	1	1	1	4	core
OG0004833	1	1	1	1	1	4	core
OG0004834	1	1	1	1	1	4	core
OG0004835	1	1	1	1	1	4	core
OG0004836	1	1	1	1	1	4	core
OG0004837	1	1	1	1	1	4	core
OG0004838	1	1	1	1	1	4	core
OG0004839	1	1	1	1	1	4	core
OG0004840	1	1	1	1	1	4	core
OG0004841	1	1	1	1	1	4	core
OG0004842	1	1	1	1	1	4	core
OG0004843	1	1	1	1	1	4	core
OG0004844	1	1	1	1	1	4	core
OG0004845	1	1	1	1	1	4	core
OG0004846	1	1	1	1	1	4	core
OG0004847	1	1	1	1	1	4	core
OG0004848	1	1	1	1	1	4	core
OG0004849	1	1	1	1	1	4	core
OG0004850	1	1	1	1	1	4	core
OG0004851	1	1	1	1	1	4	core
OG0004852	1	1	1	1	1	4	core
OG0004853	1	1	1	1	1	4	core
OG0004854	1	1	1	1	1	4	core
OG0004855	1	1	1	1	1	4	core
OG0004856	1	1	1	1	1	4	core
OG0004857	1	1	1	1	1	4	core
OG0004858	1	1	1	1	1	4	core
OG0004859	1	1	1	1	1	4	core
OG0004860	1	1	1	1	1	4	core
OG0004861	1	1	1	1	1	4	core
OG0004862	1	1	1	1	1	4	core
OG0004863	1	1	1	1	1	4	core
OG0004864	1	1	1	1	1	4	core
OG0004865	1	1	1	1	1	4	core
OG0004866	1	1	1	1	1	4	core
OG0004867	1	1	1	1	1	4	core
OG0004868	1	1	1	1	1	4	core
OG0004869	1	1	1	1	1	4	core
OG0004870	1	1	1	1	1	4	core
OG0004871	1	1	1	1	1	4	core
OG0004872	1	1	1	1	1	4	core
OG0004873	1	1	1	1	1	4	core
OG0004874	1	1	1	1	1	4	core
OG0004875	1	1	1	1	1	4	core
OG0004876	1	1	1	1	1	4	core
OG0004877	1	1	1	1	1	4	core
OG0004878	1	1	1	1	1	4	core
OG0004879	1	1	1	1	1	4	core
OG0004880	1	1	1	1	1	4	core
OG0004881	1	1	1	1	1	4	core
OG0004882	1	1	1	1	1	4	core
OG0004883	1	1	1	1	1	4	core
OG0004884	1	1	1	1	1	4	core
OG0004885	1	1	1	1	1	4	core
OG0004886	1	1	1	1	1	4	core
OG0004887	1	1	1	1	1	4	core
OG0004888	1	1	1	1	1	4	core
OG0004889	1	1	1	1	1	4	core
OG0004890	1	1	1	1	1	4	core
OG0004891	1	1	1	1	1	4	core
OG0004892	1	1	1	1	1	4	core
OG0004893	1	1	1	1	1	4	core
OG0004894	1	1	1	1	1	4	core
OG0004895	1	1	1	1	1	4	core
OG0004896	1	1	1	1	1	4	core
OG0004897	1	1	1	1	1	4	core
OG0004898	1	1	1	1	1	4	core
OG0004899	1	1	1	1	1	4	core
OG0004900	1	1	1	1	1	4	core
OG0004901	1	1	1	1	1	4	core
OG0004902	1	1	1	1	1	4	core
OG0004903	1	1	1	1	1	4	core
OG0004904	1	1	1	1	1	4	core
OG0004905	1	1	1	1	1	4	core
OG0004906	1	1	1	1	1	4	core
OG0004907	1	1	1	1	1	4	core
OG0004908	1	1	1	1	1	4	core
OG0004909	1	1	1	1	1	4	core
OG0004910	1	1	1	1	1	4	core
OG0004911	1	1	1	1	1	4	core
OG0004912	1	1	1	1	1	4	core
OG0004913	1	1	1	1	1	4	core
OG0004914	1	1	1	1	1	4	core
OG0004915	1	1	1	1	1	4	core
OG0004916	1	1	1	1	1	4	core
OG0004917	1	1	1	1	1	4	core
OG0004918	1	1	1	1	1	4	core
OG0004919	1	1	1	1	1	4	core
OG0004920	1	1	1	1	1	4	core
OG0004921	1	1	1	1	1	4	core
OG0004922	1	1	1	1	1	4	core
OG0004923	1	1	1	1	1	4	core
OG0004924	1	1	1	1	1	4	core
OG0004925	1	1	1	1	1	4	core
OG0004926	1	1	1	1	1	4	core
OG0004927	1	1	1	1	1	4	core
OG0004928	1	1	1	1	1	4	core
OG0004929	1	1	1	1	1	4	core
OG0004930	1	1	1	1	1	4	core
OG0004931	1	1	1	1	1	4	core
OG0004932	1	1	1	1	1	4	core
OG0004933	1	1	1	1	1	4	core
OG0004934	1	1	1	1	1	4	core
OG0004935	1	1	1	1	1	4	core
OG0004936	1	1	1	1	1	4	core
OG0004937	1	1	1	1	1	4	core
OG0004938	1	1	1	1	1	4	core
OG0004939	1	1	1	1	1	4	core
OG0004940	1	1	1	1	1	4	core
OG0004941	1	0	1	2	1	3	shell
OG0004942	1	1	1	1	1	4	core
OG0004943	1	1	1	1	1	4	core
OG0004944	1	1	1	1	1	4	core
OG0004945	1	1	1	1	1	4	core
OG0004946	1	1	1	1	1	4	core
OG0004947	1	1	1	1	1	4	core
OG0004948	1	1	1	1	1	4	core
OG0004949	1	1	1	1	1	4	core
OG0004950	1	1	1	1	1	4	core
OG0004951	1	1	1	1	1	4	core
OG0004952	1	1	1	1	1	4	core
OG0004953	1	1	1	1	1	4	core
OG0004954	1	1	1	1	1	4	core
OG0004955	1	1	1	1	1	4	core
OG0004956	1	1	1	1	1	4	core
OG0004957	1	1	1	1	1	4	core
OG0004958	1	1	1	1	1	4	core
OG0004959	1	1	1	1	1	4	core
OG0004960	1	1	1	1	1	4	core
OG0004961	1	1	1	1	1	4	core
OG0004962	1	1	1	1	1	4	core
OG0004963	1	1	1	1	1	4	core
OG0004964	1	1	1	1	1	4	core
OG0004965	1	1	1	1	1	4	core
OG0004966	1	1	1	1	1	4	core
OG0004967	1	1	1	1	1	4	core
OG0004968	1	1	1	1	1	4	core
OG0004969	1	1	1	1	1	4	core
OG0004970	1	1	1	1	1	4	core
OG0004971	1	1	1	1	1	4	core
OG0004972	1	1	1	1	1	4	core
OG0004973	1	1	1	1	1	4	core
OG0004974	1	1	1	1	1	4	core
OG0004975	1	1	1	1	1	4	core
OG0004976	1	1	1	1	1	4	core
OG0004977	1	1	1	1	1	4	core
OG0004978	1	1	1	1	1	4	core
OG0004979	1	1	1	1	1	4	core
OG0004980	1	1	1	1	1	4	core
OG0004981	1	1	1	1	1	4	core
OG0004982	1	1	1	1	1	4	core
OG0004983	1	1	1	1	1	4	core
OG0004984	1	1	1	1	1	4	core
OG0004985	1	1	1	1	1	4	core
OG0004986	1	1	1	1	1	4	core
OG0004987	1	1	1	1	1	4	core
OG0004988	1	1	1	1	1	4	core
OG0004989	1	1	1	1	1	4	core
OG0004990	1	1	1	1	1	4	core
OG0004991	1	1	1	1	1	4	core
OG0004992	1	1	1	1	1	4	core
OG0004993	1	1	1	1	1	4	core
OG0004994	1	1	1	1	1	4	core
OG0004995	1	1	1	1	1	4	core
OG0004996	1	1	1	1	1	4	core
OG0004997	1	1	1	1	1	4	core
OG0004998	1	1	1	1	1	4	core
OG0004999	1	1	1	1	1	4	core
OG0005000	1	1	1	1	1	4	core
OG0005001	1	1	1	1	1	4	core
OG0005002	1	1	1	1	1	4	core
OG0005003	1	1	1	1	1	4	core
OG0005004	1	1	1	1	1	4	core
OG0005005	1	1	1	1	1	4	core
OG0005006	1	1	1	1	1	4	core
OG0005007	1	1	1	1	1	4	core
OG0005008	1	1	1	1	1	4	core
OG0005009	1	1	1	1	1	4	core
OG0005010	1	1	1	1	1	4	core
OG0005011	1	1	1	1	1	4	core
OG0005012	1	1	1	1	1	4	core
OG0005013	1	1	1	1	1	4	core
OG0005014	1	1	1	1	1	4	core
OG0005015	1	1	1	1	1	4	core
OG0005016	1	1	1	1	1	4	core
OG0005017	1	1	1	1	1	4	core
OG0005018	1	1	1	1	1	4	core
OG0005019	1	1	1	1	1	4	core
OG0005020	1	1	1	1	1	4	core
OG0005021	1	1	1	1	1	4	core
OG0005022	1	1	1	1	1	4	core
OG0005023	1	1	1	1	1	4	core
OG0005024	1	1	1	1	1	4	core
OG0005025	1	1	1	1	1	4	core
OG0005026	1	1	1	1	1	4	core
OG0005027	1	1	1	1	1	4	core
OG0005028	1	1	1	1	1	4	core
OG0005029	1	1	1	1	1	4	core
OG0005030	1	1	1	1	1	4	core
OG0005031	1	1	1	1	1	4	core
OG0005032	1	1	1	1	1	4	core
OG0005033	1	1	1	1	1	4	core
OG0005034	1	1	1	1	1	4	core
OG0005035	1	1	1	1	1	4	core
OG0005036	1	1	1	1	1	4	core
OG0005037	1	1	1	1	1	4	core
OG0005038	1	1	1	1	1	4	core
OG0005039	1	1	1	1	1	4	core
OG0005040	1	1	1	1	1	4	core
OG0005041	1	1	1	1	1	4	core
OG0005042	1	1	1	1	1	4	core
OG0005043	1	1	1	1	1	4	core
OG0005044	1	1	1	1	1	4	core
OG0005045	1	1	1	1	1	4	core
OG0005046	1	1	1	1	1	4	core
OG0005047	1	1	1	1	1	4	core
OG0005048	1	1	1	1	1	4	core
OG0005049	1	1	1	1	1	4	core
OG0005050	1	1	1	1	1	4	core
OG0005051	1	1	1	1	1	4	core
OG0005052	1	1	1	1	1	4	core
OG0005053	1	1	1	1	1	4	core
OG0005054	1	1	1	1	1	4	core
OG0005055	1	1	1	1	1	4	core
OG0005056	1	1	1	1	1	4	core
OG0005057	1	1	1	1	1	4	core
OG0005058	1	1	1	1	1	4	core
OG0005059	1	1	1	1	1	4	core
OG0005060	1	1	1	1	1	4	core
OG0005061	1	1	1	1	1	4	core
OG0005062	1	1	1	1	1	4	core
OG0005063	1	1	1	1	1	4	core
OG0005064	1	1	1	1	1	4	core
OG0005065	1	1	1	1	1	4	core
OG0005066	1	1	1	1	1	4	core
OG0005067	1	1	1	1	1	4	core
OG0005068	1	1	1	1	1	4	core
OG0005069	1	1	1	1	1	4	core
OG0005070	1	1	1	1	1	4	core
OG0005071	1	1	1	1	1	4	core
OG0005072	1	1	1	1	1	4	core
OG0005073	1	1	1	1	1	4	core
OG0005074	1	1	1	1	1	4	core
OG0005075	1	1	1	1	1	4	core
OG0005076	1	1	1	1	1	4	core
OG0005077	1	1	1	1	1	4	core
OG0005078	1	1	1	1	1	4	core
OG0005079	1	1	1	1	1	4	core
OG0005080	1	1	1	1	1	4	core
OG0005081	1	1	1	1	1	4	core
OG0005082	1	1	1	1	1	4	core
OG0005083	1	1	1	1	1	4	core
OG0005084	1	1	1	1	1	4	core
OG0005085	1	1	1	1	1	4	core
OG0005086	1	1	1	1	1	4	core
OG0005087	1	1	1	1	1	4	core
OG0005088	1	1	1	1	1	4	core
OG0005089	1	1	1	1	1	4	core
OG0005090	1	1	1	1	1	4	core
OG0005091	1	1	1	1	1	4	core
OG0005092	1	1	1	1	1	4	core
OG0005093	1	1	1	1	1	4	core
OG0005094	1	1	1	1	1	4	core
OG0005095	1	1	1	1	1	4	core
OG0005096	1	1	1	1	1	4	core
OG0005097	1	1	1	1	1	4	core
OG0005098	1	1	1	1	1	4	core
OG0005099	1	1	1	1	1	4	core
OG0005100	1	1	1	1	1	4	core
OG0005101	1	1	1	1	1	4	core
OG0005102	1	1	1	1	1	4	core
OG0005103	1	1	1	1	1	4	core
OG0005104	1	1	1	1	1	4	core
OG0005105	1	1	1	1	1	4	core
OG0005106	1	1	1	1	1	4	core
OG0005107	1	1	1	1	1	4	core
OG0005108	1	1	1	1	1	4	core
OG0005109	1	1	1	1	1	4	core
OG0005110	1	1	1	1	1	4	core
OG0005111	1	1	1	1	1	4	core
OG0005112	1	1	1	1	1	4	core
OG0005113	1	1	1	1	1	4	core
OG0005114	1	1	1	1	1	4	core
OG0005115	1	1	1	1	1	4	core
OG0005116	1	1	1	1	1	4	core
OG0005117	1	1	1	1	1	4	core
OG0005118	1	1	1	1	1	4	core
OG0005119	1	1	1	1	1	4	core
OG0005120	1	1	1	1	1	4	core
OG0005121	1	1	1	1	1	4	core
OG0005122	1	1	1	1	1	4	core
OG0005123	1	1	1	1	1	4	core
OG0005124	1	1	1	1	1	4	core
OG0005125	1	1	1	1	1	4	core
OG0005126	1	1	1	1	1	4	core
OG0005127	1	1	1	1	1	4	core
OG0005128	1	1	1	1	1	4	core
OG0005129	1	1	1	1	1	4	core
OG0005130	1	1	1	1	1	4	core
OG0005131	1	1	1	1	1	4	core
OG0005132	1	1	1	1	1	4	core
OG0005133	1	1	1	1	1	4	core
OG0005134	1	1	1	1	1	4	core
OG0005135	1	1	1	1	1	4	core
OG0005136	1	1	1	1	1	4	core
OG0005137	1	1	1	1	1	4	core
OG0005138	1	1	1	1	1	4	core
OG0005139	1	1	1	1	1	4	core
OG0005140	1	1	1	1	1	4	core
OG0005141	1	1	1	1	1	4	core
OG0005142	1	1	1	1	1	4	core
OG0005143	1	1	1	1	1	4	core
OG0005144	1	1	1	1	1	4	core
OG0005145	1	1	1	1	1	4	core
OG0005146	1	1	1	1	1	4	core
OG0005147	1	1	1	1	1	4	core
OG0005148	1	1	1	1	1	4	core
OG0005149	1	1	1	1	1	4	core
OG0005150	1	1	1	1	1	4	core
OG0005151	1	1	1	1	1	4	core
OG0005152	1	1	1	1	1	4	core
OG0005153	1	1	1	1	1	4	core
OG0005154	1	1	1	1	1	4	core
OG0005155	1	1	1	1	1	4	core
OG0005156	1	1	1	1	1	4	core
OG0005157	1	1	1	1	1	4	core
OG0005158	1	1	1	1	1	4	core
OG0005159	1	1	1	1	1	4	core
OG0005160	1	1	1	1	1	4	core
OG0005161	1	1	1	1	1	4	core
OG0005162	1	1	1	1	1	4	core
OG0005163	1	1	1	1	1	4	core
OG0005164	1	1	1	1	1	4	core
OG0005165	1	1	1	1	1	4	core
OG0005166	1	1	1	1	1	4	core
OG0005167	1	1	1	1	1	4	core
OG0005168	1	1	1	0	2	3	shell
OG0005169	1	1	1	1	1	4	core
OG0005170	1	1	1	1	1	4	core
OG0005171	1	1	1	1	1	4	core
OG0005172	1	1	1	1	1	4	core
OG0005173	1	1	1	1	1	4	core
OG0005174	1	1	1	1	1	4	core
OG0005175	1	1	1	1	1	4	core
OG0005176	1	1	1	1	1	4	core
OG0005177	1	1	1	1	1	4	core
OG0005178	1	1	1	1	1	4	core
OG0005179	1	1	1	1	1	4	core
OG0005180	1	1	1	1	1	4	core
OG0005181	1	1	1	1	1	4	core
OG0005182	1	1	1	1	1	4	core
OG0005183	1	1	1	1	1	4	core
OG0005184	1	1	1	2	0	4	core
OG0005185	1	1	1	1	1	4	core
OG0005186	1	1	1	1	1	4	core
OG0005187	1	1	1	1	1	4	core
OG0005188	1	1	1	1	1	4	core
OG0005189	1	1	1	1	1	4	core
OG0005190	1	1	1	1	1	4	core
OG0005191	1	1	1	1	1	4	core
OG0005192	1	1	1	1	1	4	core
OG0005193	1	1	1	1	1	4	core
OG0005194	1	1	1	1	1	4	core
OG0005195	1	1	1	1	1	4	core
OG0005196	1	1	1	1	1	4	core
OG0005197	1	1	1	1	1	4	core
OG0005198	1	1	1	1	1	4	core
OG0005199	1	1	1	1	1	4	core
OG0005200	1	1	1	1	1	4	core
OG0005201	1	1	1	1	1	4	core
OG0005202	1	1	1	1	1	4	core
OG0005203	1	1	1	1	1	4	core
OG0005204	1	1	1	1	1	4	core
OG0005205	1	1	1	1	1	4	core
OG0005206	1	1	1	1	1	4	core
OG0005207	1	1	1	1	1	4	core
OG0005208	1	1	1	1	1	4	core
OG0005209	1	1	1	1	1	4	core
OG0005210	1	1	1	1	1	4	core
OG0005211	1	1	1	1	1	4	core
OG0005212	1	1	1	1	1	4	core
OG0005213	1	1	1	1	1	4	core
OG0005214	1	1	1	1	1	4	core
OG0005215	1	1	1	1	1	4	core
OG0005216	1	1	1	1	1	4	core
OG0005217	1	1	1	1	1	4	core
OG0005218	1	1	1	1	1	4	core
OG0005219	1	1	1	1	1	4	core
OG0005220	1	1	1	1	1	4	core
OG0005221	1	1	1	1	1	4	core
OG0005222	1	1	1	1	1	4	core
OG0005223	1	1	1	1	1	4	core
OG0005224	1	1	1	1	1	4	core
OG0005225	1	1	1	1	1	4	core
OG0005226	1	1	1	1	1	4	core
OG0005227	1	1	1	1	1	4	core
OG0005228	1	1	1	1	1	4	core
OG0005229	1	0	1	2	1	3	shell
OG0005230	1	1	1	1	1	4	core
OG0005231	1	1	1	1	1	4	core
OG0005232	1	1	1	1	1	4	core
OG0005233	1	1	1	1	1	4	core
OG0005234	1	1	1	1	1	4	core
OG0005235	1	1	1	1	1	4	core
OG0005236	1	1	1	1	1	4	core
OG0005237	1	1	1	1	1	4	core
OG0005238	1	1	1	1	1	4	core
OG0005239	1	1	1	1	1	4	core
OG0005240	1	1	1	1	1	4	core
OG0005241	1	1	1	1	1	4	core
OG0005242	1	1	1	1	1	4	core
OG0005243	1	1	1	1	1	4	core
OG0005244	1	1	1	1	1	4	core
OG0005245	1	1	1	1	1	4	core
OG0005246	1	1	1	1	1	4	core
OG0005247	1	1	1	1	1	4	core
OG0005248	1	1	1	1	1	4	core
OG0005249	1	1	1	1	1	4	core
OG0005250	1	1	1	1	1	4	core
OG0005251	1	1	1	1	1	4	core
OG0005252	1	1	1	1	1	4	core
OG0005253	1	1	1	1	1	4	core
OG0005254	1	1	1	1	1	4	core
OG0005255	1	1	1	1	1	4	core
OG0005256	1	1	1	1	1	4	core
OG0005257	1	1	1	1	1	4	core
OG0005258	1	1	1	1	1	4	core
OG0005259	1	1	1	1	1	4	core
OG0005260	1	1	1	1	1	4	core
OG0005261	1	1	1	1	1	4	core
OG0005262	1	1	1	1	1	4	core
OG0005263	1	1	1	1	1	4	core
OG0005264	1	1	1	2	0	4	core
OG0005265	1	1	1	1	1	4	core
OG0005266	1	1	1	1	1	4	core
OG0005267	1	1	1	1	1	4	core
OG0005268	1	1	1	1	1	4	core
OG0005269	1	1	1	1	1	4	core
OG0005270	1	1	1	1	1	4	core
OG0005271	1	1	1	1	1	4	core
OG0005272	1	1	1	1	1	4	core
OG0005273	1	1	1	1	1	4	core
OG0005274	1	1	1	1	1	4	core
OG0005275	1	1	1	1	1	4	core
OG0005276	1	1	1	2	0	4	core
OG0005277	1	1	1	0	2	3	shell
OG0005278	1	1	1	1	1	4	core
OG0005279	1	1	1	1	1	4	core
OG0005280	1	1	1	1	1	4	core
OG0005281	1	1	1	1	1	4	core
OG0005282	1	1	1	1	1	4	core
OG0005283	1	1	1	1	1	4	core
OG0005284	1	1	1	1	1	4	core
OG0005285	1	1	1	1	1	4	core
OG0005286	1	1	1	1	1	4	core
OG0005287	1	1	1	1	1	4	core
OG0005288	1	1	1	1	1	4	core
OG0005289	1	1	1	1	1	4	core
OG0005290	1	1	1	1	1	4	core
OG0005291	1	1	1	1	1	4	core
OG0005292	1	1	1	1	1	4	core
OG0005293	1	1	1	1	1	4	core
OG0005294	1	1	1	1	1	4	core
OG0005295	1	1	1	1	1	4	core
OG0005296	1	1	1	1	1	4	core
OG0005297	1	1	1	2	0	4	core
OG0005298	1	1	1	1	1	4	core
OG0005299	1	1	1	1	1	4	core
OG0005300	1	1	1	1	1	4	core
OG0005301	1	1	1	1	1	4	core
OG0005302	1	1	1	1	1	4	core
OG0005303	1	1	1	1	1	4	core
OG0005304	1	1	1	1	1	4	core
OG0005305	1	1	1	1	1	4	core
OG0005306	1	1	1	1	1	4	core
OG0005307	1	1	1	1	1	4	core
OG0005308	1	1	1	1	1	4	core
OG0005309	1	1	1	1	1	4	core
OG0005310	1	1	1	1	1	4	core
OG0005311	1	1	1	1	1	4	core
OG0005312	1	1	1	1	1	4	core
OG0005313	1	1	1	1	1	4	core
OG0005314	1	1	1	1	1	4	core
OG0005315	1	1	1	1	1	4	core
OG0005316	1	1	1	1	1	4	core
OG0005317	1	1	1	1	1	4	core
OG0005318	1	1	1	1	1	4	core
OG0005319	1	1	1	1	1	4	core
OG0005320	1	1	1	1	1	4	core
OG0005321	1	1	1	1	1	4	core
OG0005322	1	1	1	1	1	4	core
OG0005323	1	1	1	1	1	4	core
OG0005324	1	1	1	1	1	4	core
OG0005325	1	1	1	1	1	4	core
OG0005326	1	1	1	1	1	4	core
OG0005327	1	1	1	1	1	4	core
OG0005328	1	1	1	1	1	4	core
OG0005329	1	1	1	1	1	4	core
OG0005330	1	1	1	1	1	4	core
OG0005331	1	1	1	1	1	4	core
OG0005332	1	1	1	1	1	4	core
OG0005333	1	1	1	1	1	4	core
OG0005334	1	1	1	1	1	4	core
OG0005335	1	1	1	1	1	4	core
OG0005336	1	1	1	1	1	4	core
OG0005337	1	1	1	1	1	4	core
OG0005338	1	1	1	1	1	4	core
OG0005339	1	1	1	1	1	4	core
OG0005340	1	1	1	1	1	4	core
OG0005341	1	1	1	1	1	4	core
OG0005342	1	1	1	1	1	4	core
OG0005343	1	1	1	1	1	4	core
OG0005344	1	1	1	1	1	4	core
OG0005345	1	0	1	2	1	3	shell
OG0005346	1	1	1	1	1	4	core
OG0005347	1	1	1	1	1	4	core
OG0005348	1	1	1	1	1	4	core
OG0005349	1	1	1	1	1	4	core
OG0005350	1	1	1	1	1	4	core
OG0005351	1	1	1	1	1	4	core
OG0005352	1	1	1	1	1	4	core
OG0005353	1	1	1	1	1	4	core
OG0005354	1	1	1	1	1	4	core
OG0005355	1	1	1	1	1	4	core
OG0005356	1	1	1	1	1	4	core
OG0005357	1	1	1	1	1	4	core
OG0005358	1	1	1	1	1	4	core
OG0005359	1	1	1	1	1	4	core
OG0005360	1	1	1	1	1	4	core
OG0005361	1	1	1	1	1	4	core
OG0005362	1	1	1	1	1	4	core
OG0005363	1	1	1	1	1	4	core
OG0005364	1	1	1	1	1	4	core
OG0005365	1	1	1	1	1	4	core
OG0005366	1	1	1	1	1	4	core
OG0005367	1	1	1	1	1	4	core
OG0005368	1	1	1	1	1	4	core
OG0005369	1	1	1	1	1	4	core
OG0005370	1	1	1	1	1	4	core
OG0005371	1	1	1	1	1	4	core
OG0005372	1	1	1	1	1	4	core
OG0005373	1	1	1	1	1	4	core
OG0005374	1	1	1	1	1	4	core
OG0005375	1	1	1	1	1	4	core
OG0005376	1	1	1	1	1	4	core
OG0005377	1	1	1	1	1	4	core
OG0005378	1	1	1	1	1	4	core
OG0005379	1	1	1	1	1	4	core
OG0005380	1	1	1	1	1	4	core
OG0005381	1	1	1	1	1	4	core
OG0005382	1	1	1	1	1	4	core
OG0005383	1	1	1	1	1	4	core
OG0005384	1	1	1	1	1	4	core
OG0005385	1	1	1	1	1	4	core
OG0005386	1	1	1	1	1	4	core
OG0005387	1	1	1	1	1	4	core
OG0005388	1	1	1	1	1	4	core
OG0005389	1	1	1	1	1	4	core
OG0005390	1	1	1	1	1	4	core
OG0005391	1	1	1	1	1	4	core
OG0005392	1	1	1	1	1	4	core
OG0005393	1	1	1	1	1	4	core
OG0005394	1	1	1	1	1	4	core
OG0005395	1	1	1	1	1	4	core
OG0005396	1	1	1	1	1	4	core
OG0005397	1	1	1	1	1	4	core
OG0005398	1	1	1	1	1	4	core
OG0005399	1	1	1	1	1	4	core
OG0005400	1	1	1	1	1	4	core
OG0005401	1	1	1	1	1	4	core
OG0005402	1	1	1	1	1	4	core
OG0005403	1	1	1	1	1	4	core
OG0005404	1	1	1	1	1	4	core
OG0005405	1	1	1	1	1	4	core
OG0005406	1	1	1	1	1	4	core
OG0005407	1	1	1	1	1	4	core
OG0005408	1	1	1	1	1	4	core
OG0005409	1	1	1	1	1	4	core
OG0005410	1	1	1	1	1	4	core
OG0005411	1	1	1	1	1	4	core
OG0005412	1	1	1	1	1	4	core
OG0005413	1	1	1	1	1	4	core
OG0005414	1	1	1	1	1	4	core
OG0005415	1	1	1	1	1	4	core
OG0005416	1	1	1	1	1	4	core
OG0005417	1	1	1	1	1	4	core
OG0005418	1	1	1	1	1	4	core
OG0005419	1	1	1	1	1	4	core
OG0005420	1	1	1	1	1	4	core
OG0005421	1	1	1	1	1	4	core
OG0005422	1	1	1	1	1	4	core
OG0005423	1	1	1	1	1	4	core
OG0005424	1	1	1	1	1	4	core
OG0005425	1	1	1	1	1	4	core
OG0005426	1	1	1	1	1	4	core
OG0005427	1	1	1	1	1	4	core
OG0005428	1	1	1	1	1	4	core
OG0005429	1	1	1	1	1	4	core
OG0005430	1	1	1	1	1	4	core
OG0005431	1	1	1	1	1	4	core
OG0005432	1	1	1	1	1	4	core
OG0005433	1	1	1	1	1	4	core
OG0005434	1	1	1	1	1	4	core
OG0005435	1	1	1	1	1	4	core
OG0005436	1	1	1	1	1	4	core
OG0005437	1	1	1	1	1	4	core
OG0005438	1	1	1	1	1	4	core
OG0005439	1	1	1	1	1	4	core
OG0005440	1	1	1	1	1	4	core
OG0005441	1	1	1	1	1	4	core
OG0005442	1	1	1	1	1	4	core
OG0005443	1	1	1	1	1	4	core
OG0005444	1	1	1	1	1	4	core
OG0005445	1	1	1	1	1	4	core
OG0005446	1	1	1	1	1	4	core
OG0005447	1	1	1	1	1	4	core
OG0005448	1	1	1	1	1	4	core
OG0005449	1	1	1	1	1	4	core
OG0005450	1	1	1	1	1	4	core
OG0005451	1	1	1	1	1	4	core
OG0005452	1	1	1	1	1	4	core
OG0005453	1	1	1	1	1	4	core
OG0005454	1	1	1	1	1	4	core
OG0005455	1	1	1	1	1	4	core
OG0005456	1	1	1	1	1	4	core
OG0005457	1	1	1	1	1	4	core
OG0005458	1	1	1	1	1	4	core
OG0005459	1	1	1	1	1	4	core
OG0005460	1	1	1	1	1	4	core
OG0005461	1	1	1	1	1	4	core
OG0005462	1	1	1	1	1	4	core
OG0005463	1	1	1	1	1	4	core
OG0005464	1	1	1	1	1	4	core
OG0005465	1	1	1	1	1	4	core
OG0005466	1	1	1	1	1	4	core
OG0005467	1	1	1	1	1	4	core
OG0005468	1	1	1	1	1	4	core
OG0005469	1	1	1	1	1	4	core
OG0005470	1	1	1	1	1	4	core
OG0005471	1	1	1	1	1	4	core
OG0005472	1	1	1	1	1	4	core
OG0005473	1	1	1	1	1	4	core
OG0005474	1	1	1	1	1	4	core
OG0005475	1	1	1	1	1	4	core
OG0005476	1	1	1	1	1	4	core
OG0005477	1	1	1	1	1	4	core
OG0005478	1	1	1	0	2	3	shell
OG0005479	1	1	1	1	1	4	core
OG0005480	1	1	1	1	1	4	core
OG0005481	1	1	1	1	1	4	core
OG0005482	1	1	1	1	1	4	core
OG0005483	1	1	1	1	1	4	core
OG0005484	1	1	1	1	1	4	core
OG0005485	1	1	1	1	1	4	core
OG0005486	1	1	1	1	1	4	core
OG0005487	1	1	1	1	1	4	core
OG0005488	1	1	1	1	1	4	core
OG0005489	1	1	1	1	1	4	core
OG0005490	1	1	1	1	1	4	core
OG0005491	1	1	1	1	1	4	core
OG0005492	1	1	1	1	1	4	core
OG0005493	1	1	1	1	1	4	core
OG0005494	1	1	1	1	1	4	core
OG0005495	1	1	1	1	1	4	core
OG0005496	1	1	1	1	1	4	core
OG0005497	1	1	1	1	1	4	core
OG0005498	1	1	1	1	1	4	core
OG0005499	1	1	1	1	1	4	core
OG0005500	1	1	1	1	1	4	core
OG0005501	1	1	1	1	1	4	core
OG0005502	1	1	1	1	1	4	core
OG0005503	1	1	1	1	1	4	core
OG0005504	1	1	1	1	1	4	core
OG0005505	1	1	1	1	1	4	core
OG0005506	1	1	1	1	1	4	core
OG0005507	1	1	1	1	1	4	core
OG0005508	1	1	1	1	1	4	core
OG0005509	1	1	1	1	1	4	core
OG0005510	1	1	1	1	1	4	core
OG0005511	1	1	1	1	1	4	core
OG0005512	1	1	1	1	1	4	core
OG0005513	1	1	1	1	1	4	core
OG0005514	1	1	1	1	1	4	core
OG0005515	1	1	1	1	1	4	core
OG0005516	1	1	1	1	1	4	core
OG0005517	1	1	1	1	1	4	core
OG0005518	1	1	1	1	1	4	core
OG0005519	1	1	1	1	1	4	core
OG0005520	1	1	1	1	1	4	core
OG0005521	1	1	1	1	1	4	core
OG0005522	1	1	1	1	1	4	core
OG0005523	1	1	1	1	1	4	core
OG0005524	1	1	1	1	1	4	core
OG0005525	1	1	1	1	1	4	core
OG0005526	1	1	1	1	1	4	core
OG0005527	1	1	1	1	1	4	core
OG0005528	1	1	1	1	1	4	core
OG0005529	1	1	1	1	1	4	core
OG0005530	1	1	1	1	1	4	core
OG0005531	1	1	1	1	1	4	core
OG0005532	1	1	1	1	1	4	core
OG0005533	1	1	1	1	1	4	core
OG0005534	1	1	1	1	1	4	core
OG0005535	1	1	1	1	1	4	core
OG0005536	1	1	1	1	1	4	core
OG0005537	1	1	1	1	1	4	core
OG0005538	1	1	1	1	1	4	core
OG0005539	1	1	1	1	1	4	core
OG0005540	1	1	1	1	1	4	core
OG0005541	1	1	1	1	1	4	core
OG0005542	1	1	1	1	1	4	core
OG0005543	1	1	1	1	1	4	core
OG0005544	1	1	1	1	1	4	core
OG0005545	1	1	1	1	1	4	core
OG0005546	1	1	1	1	1	4	core
OG0005547	1	1	1	1	1	4	core
OG0005548	1	1	1	1	1	4	core
OG0005549	1	1	1	1	1	4	core
OG0005550	1	1	1	1	1	4	core
OG0005551	1	1	1	1	1	4	core
OG0005552	1	1	1	1	1	4	core
OG0005553	1	1	1	1	1	4	core
OG0005554	1	1	1	1	1	4	core
OG0005555	1	1	1	1	1	4	core
OG0005556	1	1	1	1	1	4	core
OG0005557	1	1	1	1	1	4	core
OG0005558	1	1	1	1	1	4	core
OG0005559	1	1	1	1	1	4	core
OG0005560	1	1	1	1	1	4	core
OG0005561	1	1	1	1	1	4	core
OG0005562	1	1	1	1	1	4	core
OG0005563	1	1	1	1	1	4	core
OG0005564	1	1	1	1	1	4	core
OG0005565	1	1	1	1	1	4	core
OG0005566	1	1	1	1	1	4	core
OG0005567	1	1	1	1	1	4	core
OG0005568	1	1	1	1	1	4	core
OG0005569	1	1	1	1	1	4	core
OG0005570	1	1	1	1	1	4	core
OG0005571	1	1	1	1	1	4	core
OG0005572	1	1	1	1	1	4	core
OG0005573	1	1	1	1	1	4	core
OG0005574	1	1	1	1	1	4	core
OG0005575	1	1	1	1	1	4	core
OG0005576	1	1	1	1	1	4	core
OG0005577	1	1	1	1	1	4	core
OG0005578	1	1	1	1	1	4	core
OG0005579	1	1	1	1	1	4	core
OG0005580	1	1	1	1	1	4	core
OG0005581	1	1	1	1	1	4	core
OG0005582	1	1	1	1	1	4	core
OG0005583	1	1	1	1	1	4	core
OG0005584	1	1	1	1	1	4	core
OG0005585	1	1	1	1	1	4	core
OG0005586	1	1	1	1	1	4	core
OG0005587	1	1	1	1	1	4	core
OG0005588	1	1	1	1	1	4	core
OG0005589	1	1	1	1	1	4	core
OG0005590	1	1	1	1	1	4	core
OG0005591	1	1	1	1	1	4	core
OG0005592	1	1	1	1	1	4	core
OG0005593	1	1	1	1	1	4	core
OG0005594	1	1	1	1	1	4	core
OG0005595	1	1	1	1	1	4	core
OG0005596	1	1	1	1	1	4	core
OG0005597	1	1	1	1	1	4	core
OG0005598	1	1	1	1	1	4	core
OG0005599	1	1	1	1	1	4	core
OG0005600	1	1	1	1	1	4	core
OG0005601	1	1	1	1	1	4	core
OG0005602	1	1	1	1	1	4	core
OG0005603	1	1	1	1	1	4	core
OG0005604	1	1	1	1	1	4	core
OG0005605	1	1	1	1	1	4	core
OG0005606	1	1	1	1	1	4	core
OG0005607	1	1	1	1	1	4	core
OG0005608	1	1	1	1	1	4	core
OG0005609	1	1	1	1	1	4	core
OG0005610	1	1	1	1	1	4	core
OG0005611	1	1	1	1	1	4	core
OG0005612	1	1	1	1	1	4	core
OG0005613	1	1	1	1	1	4	core
OG0005614	1	1	1	1	1	4	core
OG0005615	1	1	1	1	1	4	core
OG0005616	1	1	1	1	1	4	core
OG0005617	1	1	1	1	1	4	core
OG0005618	1	1	1	1	1	4	core
OG0005619	1	1	1	1	1	4	core
OG0005620	1	1	1	1	1	4	core
OG0005621	1	1	1	1	1	4	core
OG0005622	1	1	1	1	1	4	core
OG0005623	1	1	1	1	1	4	core
OG0005624	1	1	1	1	1	4	core
OG0005625	1	1	1	1	1	4	core
OG0005626	1	1	1	1	1	4	core
OG0005627	1	1	1	1	1	4	core
OG0005628	1	1	1	1	1	4	core
OG0005629	1	1	1	1	1	4	core
OG0005630	1	1	1	1	1	4	core
OG0005631	1	1	1	1	1	4	core
OG0005632	1	1	1	1	1	4	core
OG0005633	1	1	1	1	1	4	core
OG0005634	1	1	1	1	1	4	core
OG0005635	1	1	1	1	1	4	core
OG0005636	1	1	1	1	1	4	core
OG0005637	1	1	1	1	1	4	core
OG0005638	1	1	1	1	1	4	core
OG0005639	1	1	1	1	1	4	core
OG0005640	1	1	1	1	1	4	core
OG0005641	1	1	1	1	1	4	core
OG0005642	1	1	1	1	1	4	core
OG0005643	1	1	1	1	1	4	core
OG0005644	1	1	1	1	1	4	core
OG0005645	1	1	1	1	1	4	core
OG0005646	1	1	1	1	1	4	core
OG0005647	1	1	1	1	1	4	core
OG0005648	1	1	1	1	1	4	core
OG0005649	1	1	1	1	1	4	core
OG0005650	1	1	1	1	1	4	core
OG0005651	1	1	1	1	1	4	core
OG0005652	1	1	1	1	1	4	core
OG0005653	1	1	1	1	1	4	core
OG0005654	1	1	1	1	1	4	core
OG0005655	1	1	1	1	1	4	core
OG0005656	1	1	1	1	1	4	core
OG0005657	1	1	1	1	1	4	core
OG0005658	1	1	1	2	0	4	core
OG0005659	1	1	1	1	1	4	core
OG0005660	1	1	1	0	2	3	shell
OG0005661	1	1	1	1	1	4	core
OG0005662	1	1	1	1	1	4	core
OG0005663	1	1	1	1	1	4	core
OG0005664	1	1	1	1	1	4	core
OG0005665	1	1	1	1	1	4	core
OG0005666	1	1	1	1	1	4	core
OG0005667	1	1	1	1	1	4	core
OG0005668	1	1	1	1	1	4	core
OG0005669	1	1	1	1	1	4	core
OG0005670	1	1	1	1	1	4	core
OG0005671	1	1	1	1	1	4	core
OG0005672	1	1	1	1	1	4	core
OG0005673	1	1	1	1	1	4	core
OG0005674	1	1	1	1	1	4	core
OG0005675	1	1	1	1	1	4	core
OG0005676	1	1	1	1	1	4	core
OG0005677	1	1	1	1	1	4	core
OG0005678	1	1	1	1	1	4	core
OG0005679	1	1	1	1	1	4	core
OG0005680	1	1	1	1	1	4	core
OG0005681	1	1	1	1	1	4	core
OG0005682	1	1	1	1	1	4	core
OG0005683	1	1	1	1	1	4	core
OG0005684	1	1	1	1	1	4	core
OG0005685	1	1	1	1	1	4	core
OG0005686	1	1	1	1	1	4	core
OG0005687	1	1	1	1	1	4	core
OG0005688	1	1	1	1	1	4	core
OG0005689	1	1	1	1	1	4	core
OG0005690	1	1	1	1	1	4	core
OG0005691	1	1	1	1	1	4	core
OG0005692	1	1	1	1	1	4	core
OG0005693	1	1	1	1	1	4	core
OG0005694	1	1	1	1	1	4	core
OG0005695	1	1	1	1	1	4	core
OG0005696	1	1	1	1	1	4	core
OG0005697	1	1	1	1	1	4	core
OG0005698	1	1	1	1	1	4	core
OG0005699	1	1	1	1	1	4	core
OG0005700	1	1	1	1	1	4	core
OG0005701	1	1	1	1	1	4	core
OG0005702	1	1	1	1	1	4	core
OG0005703	1	1	1	1	1	4	core
OG0005704	1	1	1	1	1	4	core
OG0005705	1	1	1	1	1	4	core
OG0005706	1	1	1	1	1	4	core
OG0005707	1	1	1	1	1	4	core
OG0005708	1	1	1	1	1	4	core
OG0005709	1	1	1	1	1	4	core
OG0005710	1	1	1	1	1	4	core
OG0005711	1	1	1	1	1	4	core
OG0005712	1	1	1	1	1	4	core
OG0005713	1	1	1	1	1	4	core
OG0005714	1	1	1	1	1	4	core
OG0005715	1	1	1	1	1	4	core
OG0005716	1	1	1	1	1	4	core
OG0005717	1	1	1	1	1	4	core
OG0005718	1	1	1	1	1	4	core
OG0005719	1	1	1	1	1	4	core
OG0005720	1	1	1	1	1	4	core
OG0005721	1	1	1	1	1	4	core
OG0005722	1	1	1	1	1	4	core
OG0005723	1	1	1	1	1	4	core
OG0005724	1	1	1	1	1	4	core
OG0005725	1	1	1	1	1	4	core
OG0005726	1	1	1	1	1	4	core
OG0005727	1	1	1	1	1	4	core
OG0005728	1	1	1	1	1	4	core
OG0005729	1	1	1	1	1	4	core
OG0005730	1	1	1	1	1	4	core
OG0005731	1	1	1	1	1	4	core
OG0005732	1	1	1	1	1	4	core
OG0005733	1	1	1	1	1	4	core
OG0005734	1	1	1	1	1	4	core
OG0005735	1	1	1	1	1	4	core
OG0005736	1	1	1	1	1	4	core
OG0005737	1	1	1	1	1	4	core
OG0005738	1	1	1	1	1	4	core
OG0005739	1	1	1	1	1	4	core
OG0005740	1	1	1	1	1	4	core
OG0005741	1	1	1	1	1	4	core
OG0005742	1	1	1	1	1	4	core
OG0005743	1	1	1	1	1	4	core
OG0005744	1	1	1	1	1	4	core
OG0005745	1	1	1	1	1	4	core
OG0005746	1	1	1	1	1	4	core
OG0005747	1	1	1	1	1	4	core
OG0005748	1	1	1	1	1	4	core
OG0005749	1	1	1	1	1	4	core
OG0005750	1	1	1	1	1	4	core
OG0005751	1	1	1	1	1	4	core
OG0005752	1	1	1	1	1	4	core
OG0005753	1	1	1	1	1	4	core
OG0005754	1	1	1	1	1	4	core
OG0005755	1	1	1	1	1	4	core
OG0005756	1	1	1	1	1	4	core
OG0005757	1	1	1	1	1	4	core
OG0005758	1	1	1	1	1	4	core
OG0005759	1	1	1	1	1	4	core
OG0005760	1	1	1	1	1	4	core
OG0005761	1	1	1	1	1	4	core
OG0005762	1	1	1	1	1	4	core
OG0005763	1	1	1	1	1	4	core
OG0005764	1	1	1	1	1	4	core
OG0005765	1	1	1	1	1	4	core
OG0005766	1	1	1	1	1	4	core
OG0005767	1	1	1	1	1	4	core
OG0005768	1	1	1	1	1	4	core
OG0005769	1	1	1	1	1	4	core
OG0005770	1	1	1	1	1	4	core
OG0005771	1	1	1	1	1	4	core
OG0005772	1	1	1	1	1	4	core
OG0005773	1	1	1	1	1	4	core
OG0005774	1	1	1	1	1	4	core
OG0005775	1	1	1	1	1	4	core
OG0005776	1	1	1	1	1	4	core
OG0005777	1	1	1	1	1	4	core
OG0005778	1	1	1	1	1	4	core
OG0005779	1	1	1	1	1	4	core
OG0005780	1	1	1	1	1	4	core
OG0005781	1	1	1	1	1	4	core
OG0005782	1	1	1	1	1	4	core
OG0005783	1	1	1	1	1	4	core
OG0005784	1	1	1	1	1	4	core
OG0005785	1	1	1	1	1	4	core
OG0005786	1	1	1	1	1	4	core
OG0005787	1	1	1	1	1	4	core
OG0005788	1	1	1	1	1	4	core
OG0005789	1	1	1	1	1	4	core
OG0005790	1	1	1	1	1	4	core
OG0005791	1	1	1	1	1	4	core
OG0005792	1	1	1	1	1	4	core
OG0005793	1	1	1	1	1	4	core
OG0005794	1	1	1	1	1	4	core
OG0005795	1	1	1	1	1	4	core
OG0005796	1	1	1	1	1	4	core
OG0005797	1	1	1	1	1	4	core
OG0005798	1	1	1	1	1	4	core
OG0005799	1	1	1	1	1	4	core
OG0005800	1	1	1	1	1	4	core
OG0005801	1	1	1	1	1	4	core
OG0005802	1	1	1	1	1	4	core
OG0005803	1	1	1	1	1	4	core
OG0005804	1	1	1	1	1	4	core
OG0005805	1	1	1	1	1	4	core
OG0005806	1	1	1	1	1	4	core
OG0005807	1	1	1	1	1	4	core
OG0005808	1	1	1	1	1	4	core
OG0005809	1	1	1	1	1	4	core
OG0005810	1	1	1	1	1	4	core
OG0005811	1	1	1	1	1	4	core
OG0005812	1	1	1	1	1	4	core
OG0005813	1	1	1	1	1	4	core
OG0005814	1	1	1	1	1	4	core
OG0005815	1	1	1	1	1	4	core
OG0005816	1	1	1	1	1	4	core
OG0005817	1	1	1	1	1	4	core
OG0005818	1	1	1	1	1	4	core
OG0005819	1	1	1	1	1	4	core
OG0005820	1	1	1	1	1	4	core
OG0005821	1	1	1	1	1	4	core
OG0005822	1	1	1	1	1	4	core
OG0005823	1	1	1	1	1	4	core
OG0005824	1	1	1	1	1	4	core
OG0005825	1	1	1	1	1	4	core
OG0005826	1	1	1	1	1	4	core
OG0005827	1	1	1	1	1	4	core
OG0005828	1	1	1	1	1	4	core
OG0005829	1	1	1	1	1	4	core
OG0005830	1	1	1	1	1	4	core
OG0005831	1	1	1	1	1	4	core
OG0005832	1	1	1	1	1	4	core
OG0005833	1	1	1	1	1	4	core
OG0005834	1	1	1	1	1	4	core
OG0005835	1	1	1	1	1	4	core
OG0005836	1	1	1	1	1	4	core
OG0005837	1	1	1	1	1	4	core
OG0005838	1	1	1	1	1	4	core
OG0005839	1	1	1	1	1	4	core
OG0005840	1	1	1	1	1	4	core
OG0005841	1	1	1	1	1	4	core
OG0005842	1	1	1	1	1	4	core
OG0005843	1	1	1	1	1	4	core
OG0005844	1	1	1	1	1	4	core
OG0005845	1	1	1	1	1	4	core
OG0005846	1	1	1	1	1	4	core
OG0005847	1	1	1	1	1	4	core
OG0005848	1	1	1	1	1	4	core
OG0005849	1	1	1	1	1	4	core
OG0005850	1	1	1	1	1	4	core
OG0005851	1	1	1	1	1	4	core
OG0005852	1	1	1	1	1	4	core
OG0005853	1	1	1	1	1	4	core
OG0005854	1	1	1	1	1	4	core
OG0005855	1	1	1	1	1	4	core
OG0005856	1	1	1	1	1	4	core
OG0005857	1	1	1	1	1	4	core
OG0005858	1	1	1	1	1	4	core
OG0005859	1	1	1	1	1	4	core
OG0005860	1	1	1	1	1	4	core
OG0005861	1	1	1	1	1	4	core
OG0005862	1	1	1	1	1	4	core
OG0005863	1	1	1	1	1	4	core
OG0005864	1	1	1	1	1	4	core
OG0005865	1	1	1	1	1	4	core
OG0005866	1	1	1	1	1	4	core
OG0005867	1	1	1	1	1	4	core
OG0005868	1	1	1	1	1	4	core
OG0005869	1	1	1	1	1	4	core
OG0005870	1	1	1	1	1	4	core
OG0005871	1	1	1	1	1	4	core
OG0005872	1	1	1	1	1	4	core
OG0005873	1	1	1	1	1	4	core
OG0005874	1	1	1	1	1	4	core
OG0005875	1	1	1	1	1	4	core
OG0005876	1	1	1	1	1	4	core
OG0005877	1	1	1	1	1	4	core
OG0005878	1	1	1	1	1	4	core
OG0005879	1	1	1	1	1	4	core
OG0005880	1	1	1	1	1	4	core
OG0005881	1	1	1	1	1	4	core
OG0005882	1	1	1	1	1	4	core
OG0005883	1	1	1	1	1	4	core
OG0005884	1	1	1	1	1	4	core
OG0005885	1	1	1	1	1	4	core
OG0005886	1	1	1	1	1	4	core
OG0005887	1	1	1	1	1	4	core
OG0005888	1	1	1	1	1	4	core
OG0005889	1	1	1	1	1	4	core
OG0005890	1	1	1	1	1	4	core
OG0005891	1	1	1	1	1	4	core
OG0005892	1	1	1	1	1	4	core
OG0005893	1	1	1	1	1	4	core
OG0005894	1	1	1	1	1	4	core
OG0005895	1	1	1	1	1	4	core
OG0005896	1	1	1	1	1	4	core
OG0005897	1	1	1	1	1	4	core
OG0005898	1	1	1	1	1	4	core
OG0005899	1	1	1	1	1	4	core
OG0005900	1	1	1	1	1	4	core
OG0005901	1	1	1	1	1	4	core
OG0005902	1	1	1	1	1	4	core
OG0005903	1	1	1	1	1	4	core
OG0005904	1	1	1	1	1	4	core
OG0005905	1	1	1	1	1	4	core
OG0005906	1	1	1	1	1	4	core
OG0005907	1	1	1	1	1	4	core
OG0005908	1	1	1	1	1	4	core
OG0005909	1	1	1	1	1	4	core
OG0005910	1	0	1	2	1	3	shell
OG0005911	1	0	1	2	1	3	shell
OG0005912	1	1	1	1	1	4	core
OG0005913	1	1	1	1	1	4	core
OG0005914	1	1	1	1	1	4	core
OG0005915	1	1	1	1	1	4	core
OG0005916	1	1	1	1	1	4	core
OG0005917	1	1	1	1	1	4	core
OG0005918	1	1	1	1	1	4	core
OG0005919	1	1	1	1	1	4	core
OG0005920	1	1	1	1	1	4	core
OG0005921	1	1	1	1	1	4	core
OG0005922	1	1	1	1	1	4	core
OG0005923	1	1	1	1	1	4	core
OG0005924	1	1	1	1	1	4	core
OG0005925	1	1	1	1	1	4	core
OG0005926	1	1	1	1	1	4	core
OG0005927	1	1	1	1	1	4	core
OG0005928	1	1	1	1	1	4	core
OG0005929	1	1	1	1	1	4	core
OG0005930	1	1	1	1	1	4	core
OG0005931	1	1	1	1	1	4	core
OG0005932	1	1	1	1	1	4	core
OG0005933	1	1	1	1	1	4	core
OG0005934	1	1	1	1	1	4	core
OG0005935	1	1	1	1	1	4	core
OG0005936	1	1	1	1	1	4	core
OG0005937	1	1	1	1	1	4	core
OG0005938	1	1	1	1	1	4	core
OG0005939	1	1	1	1	1	4	core
OG0005940	1	1	1	1	1	4	core
OG0005941	1	1	1	1	1	4	core
OG0005942	1	1	1	1	1	4	core
OG0005943	1	1	1	1	1	4	core
OG0005944	1	1	1	1	1	4	core
OG0005945	1	1	1	1	1	4	core
OG0005946	1	1	1	1	1	4	core
OG0005947	1	1	1	1	1	4	core
OG0005948	1	1	1	1	1	4	core
OG0005949	1	1	1	1	1	4	core
OG0005950	1	1	1	1	1	4	core
OG0005951	1	1	1	1	1	4	core
OG0005952	1	1	1	1	1	4	core
OG0005953	1	1	1	1	1	4	core
OG0005954	1	1	1	1	1	4	core
OG0005955	1	2	1	1	0	4	core
OG0005956	1	1	1	1	1	4	core
OG0005957	1	1	1	1	1	4	core
OG0005958	1	1	1	1	1	4	core
OG0005959	1	1	1	1	1	4	core
OG0005960	1	1	1	1	1	4	core
OG0005961	1	1	1	1	1	4	core
OG0005962	1	1	1	1	1	4	core
OG0005963	1	1	1	1	1	4	core
OG0005964	1	1	1	1	1	4	core
OG0005965	1	1	1	1	1	4	core
OG0005966	1	1	1	1	1	4	core
OG0005967	1	1	1	1	1	4	core
OG0005968	1	1	1	1	1	4	core
OG0005969	1	1	1	1	1	4	core
OG0005970	1	1	1	1	1	4	core
OG0005971	1	1	1	1	1	4	core
OG0005972	1	1	1	1	1	4	core
OG0005973	1	1	1	1	1	4	core
OG0005974	1	1	1	1	1	4	core
OG0005975	1	1	1	1	1	4	core
OG0005976	1	1	1	1	1	4	core
OG0005977	1	1	1	1	1	4	core
OG0005978	1	1	1	1	1	4	core
OG0005979	1	1	1	1	1	4	core
OG0005980	1	1	1	1	1	4	core
OG0005981	1	1	1	1	1	4	core
OG0005982	1	1	1	1	1	4	core
OG0005983	1	1	2	1	0	4	core
OG0005984	1	1	1	1	1	4	core
OG0005985	1	1	1	1	1	4	core
OG0005986	1	1	1	1	1	4	core
OG0005987	1	1	1	1	1	4	core
OG0005988	1	1	1	1	1	4	core
OG0005989	1	1	1	1	1	4	core
OG0005990	1	1	1	1	1	4	core
OG0005991	1	1	1	1	1	4	core
OG0005992	1	1	1	1	1	4	core
OG0005993	1	1	1	1	1	4	core
OG0005994	1	1	1	1	1	4	core
OG0005995	1	1	1	1	1	4	core
OG0005996	1	1	1	1	1	4	core
OG0005997	1	1	1	1	1	4	core
OG0005998	1	1	1	1	1	4	core
OG0005999	1	1	1	1	1	4	core
OG0006000	1	1	1	1	1	4	core
OG0006001	1	1	1	1	1	4	core
OG0006002	1	1	1	1	1	4	core
OG0006003	1	1	1	1	1	4	core
OG0006004	1	1	1	1	1	4	core
OG0006005	1	1	1	1	1	4	core
OG0006006	1	1	1	1	1	4	core
OG0006007	1	1	1	1	1	4	core
OG0006008	1	1	1	1	1	4	core
OG0006009	1	1	1	1	1	4	core
OG0006010	1	1	1	1	1	4	core
OG0006011	1	1	1	1	1	4	core
OG0006012	1	1	1	1	1	4	core
OG0006013	1	1	1	1	1	4	core
OG0006014	1	1	1	1	1	4	core
OG0006015	1	1	1	1	1	4	core
OG0006016	1	1	1	1	1	4	core
OG0006017	1	1	1	1	1	4	core
OG0006018	1	1	1	1	1	4	core
OG0006019	1	1	1	1	1	4	core
OG0006020	1	1	1	1	1	4	core
OG0006021	1	1	1	1	1	4	core
OG0006022	1	1	1	1	1	4	core
OG0006023	1	1	1	1	1	4	core
OG0006024	1	1	1	1	1	4	core
OG0006025	1	1	1	1	1	4	core
OG0006026	1	1	1	1	1	4	core
OG0006027	1	1	1	1	1	4	core
OG0006028	1	1	1	1	1	4	core
OG0006029	1	1	1	1	1	4	core
OG0006030	1	1	1	1	1	4	core
OG0006031	1	1	1	1	1	4	core
OG0006032	1	1	1	1	1	4	core
OG0006033	1	1	1	1	1	4	core
OG0006034	1	1	1	1	1	4	core
OG0006035	1	1	1	2	0	4	core
OG0006036	1	1	1	1	1	4	core
OG0006037	1	1	1	1	1	4	core
OG0006038	1	1	1	1	1	4	core
OG0006039	1	1	1	1	1	4	core
OG0006040	1	1	1	1	1	4	core
OG0006041	1	1	1	1	1	4	core
OG0006042	1	1	1	1	1	4	core
OG0006043	1	1	1	1	1	4	core
OG0006044	1	1	1	1	1	4	core
OG0006045	1	1	1	1	1	4	core
OG0006046	1	1	1	1	1	4	core
OG0006047	1	1	1	1	1	4	core
OG0006048	1	1	1	1	1	4	core
OG0006049	1	1	1	1	1	4	core
OG0006050	1	1	1	1	1	4	core
OG0006051	1	1	1	1	1	4	core
OG0006052	1	1	1	1	1	4	core
OG0006053	1	1	1	1	1	4	core
OG0006054	1	1	1	1	1	4	core
OG0006055	1	1	1	1	1	4	core
OG0006056	1	1	1	1	1	4	core
OG0006057	1	1	1	1	1	4	core
OG0006058	1	1	1	1	1	4	core
OG0006059	1	1	1	1	1	4	core
OG0006060	1	1	1	1	1	4	core
OG0006061	1	1	1	1	1	4	core
OG0006062	1	1	1	1	1	4	core
OG0006063	1	1	1	1	1	4	core
OG0006064	1	1	1	1	1	4	core
OG0006065	1	1	1	1	1	4	core
OG0006066	1	1	1	1	1	4	core
OG0006067	1	1	1	1	1	4	core
OG0006068	1	1	1	1	1	4	core
OG0006069	1	1	1	1	1	4	core
OG0006070	1	1	1	1	1	4	core
OG0006071	1	1	1	1	1	4	core
OG0006072	1	1	1	1	1	4	core
OG0006073	1	1	1	1	1	4	core
OG0006074	1	1	1	1	1	4	core
OG0006075	1	1	1	1	1	4	core
OG0006076	1	1	1	1	1	4	core
OG0006077	1	1	1	1	1	4	core
OG0006078	1	1	1	1	1	4	core
OG0006079	1	1	1	1	1	4	core
OG0006080	1	1	1	1	1	4	core
OG0006081	1	1	1	1	1	4	core
OG0006082	1	1	1	1	1	4	core
OG0006083	1	1	1	1	1	4	core
OG0006084	1	1	1	1	1	4	core
OG0006085	1	1	1	1	1	4	core
OG0006086	1	1	1	1	1	4	core
OG0006087	1	1	1	1	1	4	core
OG0006088	1	1	1	1	1	4	core
OG0006089	1	1	1	1	1	4	core
OG0006090	1	1	1	1	1	4	core
OG0006091	1	1	1	1	1	4	core
OG0006092	1	1	1	1	1	4	core
OG0006093	1	1	1	1	1	4	core
OG0006094	1	1	1	1	1	4	core
OG0006095	1	1	1	1	1	4	core
OG0006096	1	1	1	1	1	4	core
OG0006097	1	1	1	1	1	4	core
OG0006098	1	1	1	1	1	4	core
OG0006099	1	1	1	1	1	4	core
OG0006100	1	1	1	1	1	4	core
OG0006101	1	1	1	1	1	4	core
OG0006102	1	1	1	1	1	4	core
OG0006103	1	1	1	1	1	4	core
OG0006104	1	1	1	1	1	4	core
OG0006105	1	1	1	1	1	4	core
OG0006106	1	1	1	1	1	4	core
OG0006107	1	1	1	1	1	4	core
OG0006108	1	1	1	1	1	4	core
OG0006109	1	1	1	1	1	4	core
OG0006110	1	1	1	1	1	4	core
OG0006111	1	1	1	1	1	4	core
OG0006112	1	1	1	1	1	4	core
OG0006113	1	1	1	1	1	4	core
OG0006114	1	1	1	1	1	4	core
OG0006115	1	1	1	1	1	4	core
OG0006116	1	1	1	1	1	4	core
OG0006117	1	1	1	1	1	4	core
OG0006118	1	1	1	1	1	4	core
OG0006119	1	1	1	1	1	4	core
OG0006120	1	1	1	1	1	4	core
OG0006121	1	1	1	1	1	4	core
OG0006122	1	1	1	1	1	4	core
OG0006123	1	1	1	1	1	4	core
OG0006124	1	1	1	1	1	4	core
OG0006125	1	1	1	1	1	4	core
OG0006126	1	1	1	1	1	4	core
OG0006127	1	1	1	1	1	4	core
OG0006128	1	1	1	1	1	4	core
OG0006129	1	1	1	1	1	4	core
OG0006130	1	1	1	2	0	4	core
OG0006131	1	1	1	1	1	4	core
OG0006132	1	1	1	1	1	4	core
OG0006133	1	1	1	1	1	4	core
OG0006134	1	1	1	1	1	4	core
OG0006135	1	1	1	1	1	4	core
OG0006136	1	1	1	1	1	4	core
OG0006137	1	1	1	1	1	4	core
OG0006138	1	1	1	1	1	4	core
OG0006139	1	1	1	1	1	4	core
OG0006140	1	1	1	1	1	4	core
OG0006141	1	1	1	1	1	4	core
OG0006142	1	1	1	1	1	4	core
OG0006143	1	1	1	1	1	4	core
OG0006144	1	1	1	1	1	4	core
OG0006145	1	1	1	1	1	4	core
OG0006146	1	1	1	1	1	4	core
OG0006147	1	1	1	1	1	4	core
OG0006148	1	1	1	1	1	4	core
OG0006149	1	1	1	1	1	4	core
OG0006150	1	1	1	1	1	4	core
OG0006151	1	1	1	1	1	4	core
OG0006152	1	1	1	1	1	4	core
OG0006153	1	1	1	1	1	4	core
OG0006154	1	1	1	1	1	4	core
OG0006155	1	1	1	1	1	4	core
OG0006156	1	1	1	1	1	4	core
OG0006157	1	1	1	1	1	4	core
OG0006158	1	1	1	1	1	4	core
OG0006159	1	1	1	1	1	4	core
OG0006160	1	1	1	1	1	4	core
OG0006161	1	1	1	1	1	4	core
OG0006162	1	1	1	1	1	4	core
OG0006163	1	1	1	1	1	4	core
OG0006164	1	1	1	1	1	4	core
OG0006165	1	1	1	1	1	4	core
OG0006166	1	1	1	1	1	4	core
OG0006167	1	1	1	1	1	4	core
OG0006168	1	1	1	1	1	4	core
OG0006169	1	1	1	1	1	4	core
OG0006170	1	1	1	1	1	4	core
OG0006171	1	1	1	1	1	4	core
OG0006172	1	1	1	1	1	4	core
OG0006173	1	1	1	1	1	4	core
OG0006174	1	1	1	1	1	4	core
OG0006175	1	1	1	1	1	4	core
OG0006176	1	1	1	1	1	4	core
OG0006177	1	1	1	1	1	4	core
OG0006178	1	1	1	1	1	4	core
OG0006179	1	1	1	1	1	4	core
OG0006180	1	1	1	1	1	4	core
OG0006181	1	1	1	1	1	4	core
OG0006182	1	1	1	1	1	4	core
OG0006183	1	1	1	1	1	4	core
OG0006184	1	1	1	1	1	4	core
OG0006185	1	1	1	1	1	4	core
OG0006186	1	1	1	1	1	4	core
OG0006187	1	1	1	1	1	4	core
OG0006188	1	1	1	1	1	4	core
OG0006189	1	1	1	1	1	4	core
OG0006190	1	1	1	1	1	4	core
OG0006191	1	1	1	1	1	4	core
OG0006192	1	1	1	1	1	4	core
OG0006193	1	1	1	1	1	4	core
OG0006194	1	1	1	1	1	4	core
OG0006195	1	1	1	1	1	4	core
OG0006196	1	1	1	1	1	4	core
OG0006197	1	1	1	2	0	4	core
OG0006198	1	1	1	1	1	4	core
OG0006199	1	1	1	1	1	4	core
OG0006200	1	1	1	1	1	4	core
OG0006201	1	1	1	1	1	4	core
OG0006202	1	1	1	1	1	4	core
OG0006203	1	1	1	1	1	4	core
OG0006204	1	1	1	1	1	4	core
OG0006205	1	1	1	1	1	4	core
OG0006206	1	1	1	1	1	4	core
OG0006207	1	1	1	1	1	4	core
OG0006208	1	1	1	1	1	4	core
OG0006209	1	1	1	1	1	4	core
OG0006210	1	1	1	1	1	4	core
OG0006211	1	1	1	1	1	4	core
OG0006212	1	1	1	1	1	4	core
OG0006213	1	1	1	1	1	4	core
OG0006214	1	1	1	1	1	4	core
OG0006215	1	1	1	1	1	4	core
OG0006216	1	1	1	2	0	4	core
OG0006217	1	1	1	1	1	4	core
OG0006218	1	1	1	1	1	4	core
OG0006219	1	1	1	1	1	4	core
OG0006220	1	1	1	1	1	4	core
OG0006221	1	1	1	1	1	4	core
OG0006222	1	1	1	1	1	4	core
OG0006223	1	1	1	1	1	4	core
OG0006224	1	1	1	1	1	4	core
OG0006225	1	1	1	1	1	4	core
OG0006226	1	1	1	1	1	4	core
OG0006227	1	1	1	1	1	4	core
OG0006228	1	1	1	1	1	4	core
OG0006229	1	1	1	1	1	4	core
OG0006230	1	1	1	1	1	4	core
OG0006231	1	1	1	1	1	4	core
OG0006232	1	1	1	2	0	4	core
OG0006233	1	1	1	1	1	4	core
OG0006234	1	1	1	1	1	4	core
OG0006235	1	1	1	1	1	4	core
OG0006236	1	1	1	1	1	4	core
OG0006237	1	1	1	1	1	4	core
OG0006238	1	1	1	1	1	4	core
OG0006239	1	1	1	1	1	4	core
OG0006240	1	1	1	1	1	4	core
OG0006241	1	1	1	2	0	4	core
OG0006242	1	1	1	1	1	4	core
OG0006243	1	1	1	1	1	4	core
OG0006244	1	1	1	1	1	4	core
OG0006245	1	1	1	1	1	4	core
OG0006246	1	1	1	1	1	4	core
OG0006247	1	1	1	1	1	4	core
OG0006248	1	1	1	1	1	4	core
OG0006249	1	1	1	1	1	4	core
OG0006250	1	0	1	0	3	2	shell
OG0006251	1	1	1	1	1	4	core
OG0006252	1	1	1	1	1	4	core
OG0006253	1	1	1	1	1	4	core
OG0006254	1	1	1	1	1	4	core
OG0006255	1	1	1	1	1	4	core
OG0006256	1	1	1	1	1	4	core
OG0006257	1	1	1	1	1	4	core
OG0006258	1	1	1	1	1	4	core
OG0006259	1	1	1	1	1	4	core
OG0006260	1	1	1	1	1	4	core
OG0006261	1	1	1	1	1	4	core
OG0006262	1	1	1	1	1	4	core
OG0006263	1	1	1	1	1	4	core
OG0006264	1	1	1	1	1	4	core
OG0006265	1	1	1	1	1	4	core
OG0006266	1	1	1	1	1	4	core
OG0006267	1	1	1	1	1	4	core
OG0006268	1	1	1	1	1	4	core
OG0006269	1	1	1	1	1	4	core
OG0006270	1	1	1	1	1	4	core
OG0006271	1	1	1	1	1	4	core
OG0006272	1	1	1	1	1	4	core
OG0006273	1	1	1	1	1	4	core
OG0006274	1	1	1	1	1	4	core
OG0006275	1	1	1	1	1	4	core
OG0006276	1	1	1	1	1	4	core
OG0006277	1	1	1	1	1	4	core
OG0006278	1	1	1	1	1	4	core
OG0006279	1	1	1	1	1	4	core
OG0006280	1	1	1	1	1	4	core
OG0006281	1	1	1	1	1	4	core
OG0006282	1	1	1	1	1	4	core
OG0006283	1	1	1	1	1	4	core
OG0006284	1	1	1	1	1	4	core
OG0006285	1	1	1	1	1	4	core
OG0006286	1	1	1	1	1	4	core
OG0006287	1	1	1	1	1	4	core
OG0006288	1	1	1	1	1	4	core
OG0006289	1	1	1	1	1	4	core
OG0006290	1	1	1	1	1	4	core
OG0006291	1	1	1	1	1	4	core
OG0006292	1	1	1	1	1	4	core
OG0006293	1	1	1	1	1	4	core
OG0006294	1	1	1	1	1	4	core
OG0006295	1	1	1	1	1	4	core
OG0006296	1	1	1	1	1	4	core
OG0006297	1	1	1	1	1	4	core
OG0006298	1	1	1	1	1	4	core
OG0006299	1	1	1	1	1	4	core
OG0006300	1	1	1	1	1	4	core
OG0006301	1	1	1	1	1	4	core
OG0006302	1	1	1	1	1	4	core
OG0006303	1	1	1	1	1	4	core
OG0006304	1	1	1	1	1	4	core
OG0006305	1	1	1	1	1	4	core
OG0006306	1	1	1	1	1	4	core
OG0006307	1	1	1	1	1	4	core
OG0006308	1	1	1	1	1	4	core
OG0006309	1	1	1	1	1	4	core
OG0006310	1	1	1	1	1	4	core
OG0006311	1	1	1	1	1	4	core
OG0006312	1	1	1	1	1	4	core
OG0006313	1	1	1	1	1	4	core
OG0006314	1	1	1	1	1	4	core
OG0006315	1	1	1	1	1	4	core
OG0006316	1	1	1	1	1	4	core
OG0006317	1	1	1	1	1	4	core
OG0006318	1	1	1	1	1	4	core
OG0006319	1	1	1	1	1	4	core
OG0006320	1	1	1	1	1	4	core
OG0006321	1	1	1	1	1	4	core
OG0006322	1	1	1	1	1	4	core
OG0006323	1	1	1	1	1	4	core
OG0006324	1	1	1	1	1	4	core
OG0006325	1	1	1	1	1	4	core
OG0006326	1	1	1	1	1	4	core
OG0006327	1	1	1	1	1	4	core
OG0006328	1	1	1	1	1	4	core
OG0006329	1	1	1	1	1	4	core
OG0006330	1	1	1	1	1	4	core
OG0006331	1	1	1	1	1	4	core
OG0006332	1	1	1	1	1	4	core
OG0006333	1	1	1	1	1	4	core
OG0006334	1	1	1	1	1	4	core
OG0006335	1	1	1	1	1	4	core
OG0006336	1	1	1	1	1	4	core
OG0006337	1	1	1	1	1	4	core
OG0006338	1	1	1	1	1	4	core
OG0006339	1	1	1	1	1	4	core
OG0006340	1	1	1	1	1	4	core
OG0006341	1	1	1	1	1	4	core
OG0006342	1	1	1	1	1	4	core
OG0006343	1	1	1	1	1	4	core
OG0006344	1	1	1	1	1	4	core
OG0006345	1	1	1	1	1	4	core
OG0006346	1	1	1	1	1	4	core
OG0006347	1	1	1	1	1	4	core
OG0006348	1	1	1	1	1	4	core
OG0006349	1	1	1	1	1	4	core
OG0006350	1	1	1	1	1	4	core
OG0006351	1	1	1	1	1	4	core
OG0006352	1	1	1	1	1	4	core
OG0006353	1	1	1	1	1	4	core
OG0006354	1	1	1	1	1	4	core
OG0006355	1	1	1	1	1	4	core
OG0006356	1	1	1	1	1	4	core
OG0006357	1	1	1	1	1	4	core
OG0006358	1	1	1	1	1	4	core
OG0006359	1	1	1	1	1	4	core
OG0006360	1	1	1	1	1	4	core
OG0006361	1	1	1	1	1	4	core
OG0006362	1	1	1	1	1	4	core
OG0006363	1	1	1	1	1	4	core
OG0006364	1	1	1	1	1	4	core
OG0006365	1	1	1	1	1	4	core
OG0006366	1	1	1	2	0	4	core
OG0006367	1	1	1	1	1	4	core
OG0006368	1	1	1	1	1	4	core
OG0006369	1	1	1	1	1	4	core
OG0006370	1	1	1	1	1	4	core
OG0006371	1	1	1	1	1	4	core
OG0006372	1	1	1	1	1	4	core
OG0006373	1	1	1	1	1	4	core
OG0006374	1	1	1	1	1	4	core
OG0006375	1	1	1	2	0	4	core
OG0006376	1	1	1	1	1	4	core
OG0006377	1	1	1	1	1	4	core
OG0006378	1	1	1	1	1	4	core
OG0006379	1	1	1	1	1	4	core
OG0006380	1	1	1	1	1	4	core
OG0006381	1	1	1	1	1	4	core
OG0006382	1	1	1	1	1	4	core
OG0006383	1	1	1	1	1	4	core
OG0006384	1	1	1	1	1	4	core
OG0006385	1	1	1	1	1	4	core
OG0006386	1	1	1	1	1	4	core
OG0006387	1	1	1	1	1	4	core
OG0006388	1	1	1	1	1	4	core
OG0006389	1	1	1	1	1	4	core
OG0006390	1	1	1	1	1	4	core
OG0006391	1	1	1	1	1	4	core
OG0006392	1	1	1	1	1	4	core
OG0006393	1	1	1	1	1	4	core
OG0006394	1	1	1	1	1	4	core
OG0006395	1	1	1	1	1	4	core
OG0006396	1	1	1	1	1	4	core
OG0006397	1	1	1	1	1	4	core
OG0006398	1	1	1	1	1	4	core
OG0006399	1	1	1	1	1	4	core
OG0006400	1	1	1	1	1	4	core
OG0006401	1	1	1	1	1	4	core
OG0006402	1	1	1	1	1	4	core
OG0006403	1	1	1	1	1	4	core
OG0006404	1	1	1	1	1	4	core
OG0006405	1	1	1	1	1	4	core
OG0006406	1	1	1	1	1	4	core
OG0006407	1	1	1	1	1	4	core
OG0006408	1	1	1	1	1	4	core
OG0006409	1	1	1	1	1	4	core
OG0006410	1	1	1	1	1	4	core
OG0006411	1	1	1	1	1	4	core
OG0006412	1	1	1	1	1	4	core
OG0006413	1	1	1	1	1	4	core
OG0006414	1	1	1	1	1	4	core
OG0006415	1	1	1	1	1	4	core
OG0006416	1	1	1	1	1	4	core
OG0006417	1	1	1	1	1	4	core
OG0006418	1	1	1	1	1	4	core
OG0006419	1	1	1	1	1	4	core
OG0006420	1	1	1	2	0	4	core
OG0006421	1	1	1	1	1	4	core
OG0006422	1	1	1	1	1	4	core
OG0006423	1	1	1	1	1	4	core
OG0006424	1	1	1	1	1	4	core
OG0006425	1	1	1	1	1	4	core
OG0006426	1	1	1	1	1	4	core
OG0006427	1	1	1	1	1	4	core
OG0006428	1	1	1	1	1	4	core
OG0006429	1	1	1	1	1	4	core
OG0006430	1	1	1	1	1	4	core
OG0006431	1	1	1	1	1	4	core
OG0006432	1	1	1	1	1	4	core
OG0006433	1	1	1	1	1	4	core
OG0006434	1	1	1	1	1	4	core
OG0006435	1	1	1	1	1	4	core
OG0006436	1	1	1	1	1	4	core
OG0006437	1	1	1	1	1	4	core
OG0006438	1	1	1	1	1	4	core
OG0006439	1	1	1	1	1	4	core
OG0006440	1	1	1	1	1	4	core
OG0006441	1	1	1	1	1	4	core
OG0006442	1	1	1	1	1	4	core
OG0006443	1	1	1	1	1	4	core
OG0006444	1	1	1	1	1	4	core
OG0006445	1	1	1	1	1	4	core
OG0006446	1	1	1	1	1	4	core
OG0006447	1	1	1	1	1	4	core
OG0006448	1	1	1	1	1	4	core
OG0006449	1	1	1	1	1	4	core
OG0006450	1	1	1	1	1	4	core
OG0006451	1	1	1	1	1	4	core
OG0006452	1	1	1	1	1	4	core
OG0006453	1	1	1	1	1	4	core
OG0006454	1	1	1	1	1	4	core
OG0006455	1	1	1	1	1	4	core
OG0006456	1	1	1	1	1	4	core
OG0006457	1	1	1	1	1	4	core
OG0006458	1	1	1	1	1	4	core
OG0006459	1	1	1	1	1	4	core
OG0006460	1	1	1	1	1	4	core
OG0006461	1	1	1	1	1	4	core
OG0006462	1	1	1	1	1	4	core
OG0006463	1	1	1	1	1	4	core
OG0006464	1	1	1	1	1	4	core
OG0006465	1	1	1	1	1	4	core
OG0006466	1	1	1	1	1	4	core
OG0006467	1	1	1	1	1	4	core
OG0006468	1	1	1	1	1	4	core
OG0006469	1	1	1	1	1	4	core
OG0006470	1	1	1	1	1	4	core
OG0006471	1	1	1	1	1	4	core
OG0006472	1	1	1	1	1	4	core
OG0006473	1	1	1	1	1	4	core
OG0006474	1	1	1	1	1	4	core
OG0006475	1	1	1	1	1	4	core
OG0006476	1	1	1	1	1	4	core
OG0006477	1	1	1	1	1	4	core
OG0006478	1	1	1	1	1	4	core
OG0006479	1	1	1	1	1	4	core
OG0006480	1	1	1	1	1	4	core
OG0006481	1	1	1	1	1	4	core
OG0006482	1	1	1	1	1	4	core
OG0006483	1	1	1	1	1	4	core
OG0006484	1	1	1	1	1	4	core
OG0006485	1	1	1	1	1	4	core
OG0006486	1	1	1	1	1	4	core
OG0006487	1	1	1	1	1	4	core
OG0006488	1	1	1	1	1	4	core
OG0006489	1	1	1	1	1	4	core
OG0006490	1	1	1	1	1	4	core
OG0006491	1	1	1	1	1	4	core
OG0006492	1	1	1	2	0	4	core
OG0006493	1	1	1	1	1	4	core
OG0006494	1	1	1	1	1	4	core
OG0006495	1	1	1	1	1	4	core
OG0006496	1	1	1	1	1	4	core
OG0006497	1	1	1	1	1	4	core
OG0006498	1	1	1	1	1	4	core
OG0006499	1	1	1	1	1	4	core
OG0006500	1	1	1	1	1	4	core
OG0006501	1	1	1	1	1	4	core
OG0006502	1	1	1	1	1	4	core
OG0006503	1	1	1	1	1	4	core
OG0006504	1	1	1	1	1	4	core
OG0006505	1	1	1	1	1	4	core
OG0006506	1	1	1	1	1	4	core
OG0006507	1	1	1	1	1	4	core
OG0006508	1	1	1	1	1	4	core
OG0006509	1	1	1	1	1	4	core
OG0006510	1	1	1	1	1	4	core
OG0006511	1	1	1	1	1	4	core
OG0006512	1	1	1	1	1	4	core
OG0006513	1	1	1	1	1	4	core
OG0006514	1	1	1	1	1	4	core
OG0006515	1	1	1	1	1	4	core
OG0006516	1	1	1	1	1	4	core
OG0006517	1	1	1	1	1	4	core
OG0006518	1	1	1	1	1	4	core
OG0006519	1	1	1	1	1	4	core
OG0006520	1	1	1	1	1	4	core
OG0006521	1	1	1	1	1	4	core
OG0006522	1	1	1	1	1	4	core
OG0006523	1	1	1	1	1	4	core
OG0006524	1	1	1	1	1	4	core
OG0006525	1	1	1	1	1	4	core
OG0006526	1	1	1	1	1	4	core
OG0006527	1	1	1	1	1	4	core
OG0006528	1	1	1	1	1	4	core
OG0006529	1	1	1	1	1	4	core
OG0006530	1	1	1	1	1	4	core
OG0006531	1	1	1	1	1	4	core
OG0006532	1	1	1	1	1	4	core
OG0006533	1	1	1	1	1	4	core
OG0006534	1	1	1	1	1	4	core
OG0006535	1	1	1	1	1	4	core
OG0006536	1	1	1	1	1	4	core
OG0006537	1	1	1	1	1	4	core
OG0006538	1	1	1	1	1	4	core
OG0006539	1	1	1	1	1	4	core
OG0006540	1	1	1	1	1	4	core
OG0006541	1	1	1	1	1	4	core
OG0006542	1	1	1	1	1	4	core
OG0006543	1	1	1	1	1	4	core
OG0006544	1	1	1	1	1	4	core
OG0006545	1	1	1	1	1	4	core
OG0006546	1	1	1	1	1	4	core
OG0006547	1	1	1	1	1	4	core
OG0006548	1	1	1	1	1	4	core
OG0006549	1	1	1	1	1	4	core
OG0006550	1	1	1	1	1	4	core
OG0006551	1	1	1	1	1	4	core
OG0006552	1	1	1	1	1	4	core
OG0006553	1	1	1	1	1	4	core
OG0006554	1	1	1	1	1	4	core
OG0006555	1	1	1	1	1	4	core
OG0006556	1	1	1	1	1	4	core
OG0006557	1	1	1	1	1	4	core
OG0006558	1	1	1	2	0	4	core
OG0006559	1	1	1	1	1	4	core
OG0006560	1	1	1	1	1	4	core
OG0006561	1	1	1	1	1	4	core
OG0006562	1	1	1	1	1	4	core
OG0006563	1	1	1	1	1	4	core
OG0006564	1	1	1	1	1	4	core
OG0006565	1	1	1	1	1	4	core
OG0006566	1	1	1	1	1	4	core
OG0006567	1	1	1	1	1	4	core
OG0006568	1	1	1	1	1	4	core
OG0006569	1	1	1	1	1	4	core
OG0006570	1	1	1	1	1	4	core
OG0006571	1	1	1	1	1	4	core
OG0006572	1	1	1	1	1	4	core
OG0006573	1	1	1	1	1	4	core
OG0006574	1	1	1	1	1	4	core
OG0006575	1	1	1	1	1	4	core
OG0006576	1	1	1	1	1	4	core
OG0006577	1	1	1	1	1	4	core
OG0006578	1	1	1	1	1	4	core
OG0006579	1	1	1	1	1	4	core
OG0006580	1	1	1	1	1	4	core
OG0006581	1	1	1	1	1	4	core
OG0006582	1	1	1	1	1	4	core
OG0006583	1	1	1	1	1	4	core
OG0006584	1	1	1	1	1	4	core
OG0006585	1	1	1	1	1	4	core
OG0006586	1	1	1	1	1	4	core
OG0006587	1	1	1	1	1	4	core
OG0006588	1	1	1	1	1	4	core
OG0006589	1	1	1	1	1	4	core
OG0006590	1	1	1	1	1	4	core
OG0006591	1	1	1	1	1	4	core
OG0006592	1	1	1	1	1	4	core
OG0006593	1	1	1	1	1	4	core
OG0006594	1	1	1	1	1	4	core
OG0006595	1	1	1	1	1	4	core
OG0006596	1	1	1	1	1	4	core
OG0006597	1	1	1	1	1	4	core
OG0006598	1	1	1	1	1	4	core
OG0006599	1	1	1	1	1	4	core
OG0006600	1	1	1	1	1	4	core
OG0006601	1	1	1	1	1	4	core
OG0006602	1	1	1	1	1	4	core
OG0006603	1	1	1	1	1	4	core
OG0006604	1	1	1	1	1	4	core
OG0006605	1	1	1	1	1	4	core
OG0006606	1	1	1	1	1	4	core
OG0006607	1	1	1	1	1	4	core
OG0006608	1	1	1	1	1	4	core
OG0006609	1	1	1	2	0	4	core
OG0006610	1	1	1	1	1	4	core
OG0006611	1	1	1	1	1	4	core
OG0006612	1	1	1	1	1	4	core
OG0006613	1	1	1	1	1	4	core
OG0006614	1	1	1	1	1	4	core
OG0006615	1	1	1	1	1	4	core
OG0006616	1	1	1	1	1	4	core
OG0006617	1	1	1	1	1	4	core
OG0006618	1	1	1	1	1	4	core
OG0006619	1	1	1	1	1	4	core
OG0006620	1	1	1	1	1	4	core
OG0006621	1	1	1	1	1	4	core
OG0006622	1	1	1	1	1	4	core
OG0006623	1	1	1	1	1	4	core
OG0006624	1	1	1	1	1	4	core
OG0006625	1	1	1	1	1	4	core
OG0006626	1	1	1	1	1	4	core
OG0006627	1	1	1	1	1	4	core
OG0006628	1	1	1	1	1	4	core
OG0006629	1	1	1	1	1	4	core
OG0006630	1	1	1	1	1	4	core
OG0006631	1	1	1	1	1	4	core
OG0006632	1	1	2	0	1	3	shell
OG0006633	1	1	1	1	1	4	core
OG0006634	1	1	1	1	1	4	core
OG0006635	1	1	1	1	1	4	core
OG0006636	1	1	1	1	1	4	core
OG0006637	1	1	1	1	1	4	core
OG0006638	1	1	1	1	1	4	core
OG0006639	1	1	1	1	1	4	core
OG0006640	1	1	1	1	1	4	core
OG0006641	1	1	1	1	1	4	core
OG0006642	1	1	1	1	1	4	core
OG0006643	1	1	1	1	1	4	core
OG0006644	1	1	1	1	1	4	core
OG0006645	1	1	1	1	1	4	core
OG0006646	1	1	1	1	1	4	core
OG0006647	1	1	1	1	1	4	core
OG0006648	1	1	1	1	1	4	core
OG0006649	1	1	1	1	1	4	core
OG0006650	1	1	1	1	1	4	core
OG0006651	1	1	1	1	1	4	core
OG0006652	1	1	1	1	1	4	core
OG0006653	1	1	1	1	1	4	core
OG0006654	1	1	1	1	1	4	core
OG0006655	1	1	1	1	1	4	core
OG0006656	1	1	1	1	1	4	core
OG0006657	1	1	1	1	1	4	core
OG0006658	1	1	1	1	1	4	core
OG0006659	1	1	1	1	1	4	core
OG0006660	1	1	1	1	1	4	core
OG0006661	1	1	1	1	1	4	core
OG0006662	1	1	1	1	1	4	core
OG0006663	1	1	1	1	1	4	core
OG0006664	1	1	1	1	1	4	core
OG0006665	1	1	1	1	1	4	core
OG0006666	1	1	1	1	1	4	core
OG0006667	1	1	1	1	1	4	core
OG0006668	1	1	1	1	1	4	core
OG0006669	1	1	1	1	1	4	core
OG0006670	1	1	1	1	1	4	core
OG0006671	1	1	1	1	1	4	core
OG0006672	1	1	1	1	1	4	core
OG0006673	1	1	1	1	1	4	core
OG0006674	1	1	1	1	1	4	core
OG0006675	1	1	1	1	1	4	core
OG0006676	1	1	1	1	1	4	core
OG0006677	1	1	1	1	1	4	core
OG0006678	1	1	1	1	1	4	core
OG0006679	1	1	1	1	1	4	core
OG0006680	1	1	1	1	1	4	core
OG0006681	1	1	1	1	1	4	core
OG0006682	1	1	1	1	1	4	core
OG0006683	1	1	1	1	1	4	core
OG0006684	1	1	1	1	1	4	core
OG0006685	1	1	1	1	1	4	core
OG0006686	1	1	1	1	1	4	core
OG0006687	1	1	1	1	1	4	core
OG0006688	1	1	1	1	1	4	core
OG0006689	1	1	1	1	1	4	core
OG0006690	1	1	1	1	1	4	core
OG0006691	1	1	1	1	1	4	core
OG0006692	1	1	1	1	1	4	core
OG0006693	1	1	1	1	1	4	core
OG0006694	1	1	1	1	1	4	core
OG0006695	1	1	1	1	1	4	core
OG0006696	1	1	1	1	1	4	core
OG0006697	1	1	1	1	1	4	core
OG0006698	1	1	1	1	1	4	core
OG0006699	1	1	1	1	1	4	core
OG0006700	1	1	1	1	1	4	core
OG0006701	1	1	1	1	1	4	core
OG0006702	1	1	1	1	1	4	core
OG0006703	1	1	1	1	1	4	core
OG0006704	1	1	1	1	1	4	core
OG0006705	1	1	1	1	1	4	core
OG0006706	1	1	1	1	1	4	core
OG0006707	1	1	1	1	1	4	core
OG0006708	1	1	1	1	1	4	core
OG0006709	1	1	1	1	1	4	core
OG0006710	1	1	1	1	1	4	core
OG0006711	1	1	1	1	1	4	core
OG0006712	1	1	1	1	1	4	core
OG0006713	1	1	1	1	1	4	core
OG0006714	1	1	1	1	1	4	core
OG0006715	1	1	1	1	1	4	core
OG0006716	1	1	1	1	1	4	core
OG0006717	1	1	1	1	1	4	core
OG0006718	1	1	1	1	1	4	core
OG0006719	1	1	1	1	1	4	core
OG0006720	1	1	1	1	1	4	core
OG0006721	1	1	1	1	1	4	core
OG0006722	1	1	1	1	1	4	core
OG0006723	1	1	1	1	1	4	core
OG0006724	1	1	1	1	1	4	core
OG0006725	1	1	1	1	1	4	core
OG0006726	1	1	1	1	1	4	core
OG0006727	1	1	1	1	1	4	core
OG0006728	1	1	1	1	1	4	core
OG0006729	1	1	1	1	1	4	core
OG0006730	1	1	1	1	1	4	core
OG0006731	1	1	1	1	1	4	core
OG0006732	1	1	1	1	1	4	core
OG0006733	1	1	1	1	1	4	core
OG0006734	1	1	1	1	1	4	core
OG0006735	1	1	1	1	1	4	core
OG0006736	1	1	1	1	1	4	core
OG0006737	1	1	1	1	1	4	core
OG0006738	1	1	1	1	1	4	core
OG0006739	1	1	1	1	1	4	core
OG0006740	1	1	1	1	1	4	core
OG0006741	1	1	1	1	1	4	core
OG0006742	1	1	1	1	1	4	core
OG0006743	1	1	1	1	1	4	core
OG0006744	1	1	1	1	1	4	core
OG0006745	1	1	1	1	1	4	core
OG0006746	1	1	1	1	1	4	core
OG0006747	1	1	1	1	1	4	core
OG0006748	1	1	1	1	1	4	core
OG0006749	1	1	1	1	1	4	core
OG0006750	1	1	1	1	1	4	core
OG0006751	1	1	1	1	1	4	core
OG0006752	1	1	1	1	1	4	core
OG0006753	1	1	1	1	1	4	core
OG0006754	1	1	1	1	1	4	core
OG0006755	1	1	1	1	1	4	core
OG0006756	1	1	1	1	1	4	core
OG0006757	1	1	1	1	1	4	core
OG0006758	1	1	1	1	1	4	core
OG0006759	1	1	1	1	1	4	core
OG0006760	1	1	1	1	1	4	core
OG0006761	1	1	1	1	1	4	core
OG0006762	1	1	1	1	1	4	core
OG0006763	1	1	1	1	1	4	core
OG0006764	1	1	1	1	1	4	core
OG0006765	1	1	1	1	1	4	core
OG0006766	1	1	1	1	1	4	core
OG0006767	1	1	1	1	1	4	core
OG0006768	1	1	1	1	1	4	core
OG0006769	1	1	1	1	1	4	core
OG0006770	1	1	1	1	1	4	core
OG0006771	1	1	1	1	1	4	core
OG0006772	1	1	1	1	1	4	core
OG0006773	1	1	1	1	1	4	core
OG0006774	1	1	1	1	1	4	core
OG0006775	1	1	1	1	1	4	core
OG0006776	1	1	1	1	1	4	core
OG0006777	1	1	1	1	1	4	core
OG0006778	1	1	1	1	1	4	core
OG0006779	1	1	1	1	1	4	core
OG0006780	1	1	1	1	1	4	core
OG0006781	1	1	1	1	1	4	core
OG0006782	1	1	1	1	1	4	core
OG0006783	1	1	1	1	1	4	core
OG0006784	1	1	1	1	1	4	core
OG0006785	1	1	1	1	1	4	core
OG0006786	1	1	1	1	1	4	core
OG0006787	1	1	1	1	1	4	core
OG0006788	1	1	1	1	1	4	core
OG0006789	1	1	1	1	1	4	core
OG0006790	1	1	1	1	1	4	core
OG0006791	1	1	1	1	1	4	core
OG0006792	1	1	1	1	1	4	core
OG0006793	1	1	1	1	1	4	core
OG0006794	1	1	1	1	1	4	core
OG0006795	1	1	1	1	1	4	core
OG0006796	1	1	1	1	1	4	core
OG0006797	1	1	1	1	1	4	core
OG0006798	1	1	1	1	1	4	core
OG0006799	1	1	1	1	1	4	core
OG0006800	1	1	1	1	1	4	core
OG0006801	1	1	1	1	1	4	core
OG0006802	1	1	1	1	1	4	core
OG0006803	1	1	1	1	1	4	core
OG0006804	1	1	1	1	1	4	core
OG0006805	1	1	1	1	1	4	core
OG0006806	1	1	1	1	1	4	core
OG0006807	1	1	1	1	1	4	core
OG0006808	1	1	1	1	1	4	core
OG0006809	1	1	1	1	1	4	core
OG0006810	1	1	1	1	1	4	core
OG0006811	1	1	1	1	1	4	core
OG0006812	1	1	1	1	1	4	core
OG0006813	1	1	1	1	1	4	core
OG0006814	1	1	1	1	1	4	core
OG0006815	1	1	1	1	1	4	core
OG0006816	1	1	1	1	1	4	core
OG0006817	1	1	1	1	1	4	core
OG0006818	1	1	1	1	1	4	core
OG0006819	1	1	1	1	1	4	core
OG0006820	1	1	1	1	1	4	core
OG0006821	1	1	1	1	1	4	core
OG0006822	1	1	1	1	1	4	core
OG0006823	1	1	1	1	1	4	core
OG0006824	1	1	1	1	1	4	core
OG0006825	1	1	1	1	1	4	core
OG0006826	1	1	1	1	1	4	core
OG0006827	1	1	1	1	1	4	core
OG0006828	1	1	1	1	1	4	core
OG0006829	1	1	1	1	1	4	core
OG0006830	1	1	1	1	1	4	core
OG0006831	1	1	1	1	1	4	core
OG0006832	1	1	1	1	1	4	core
OG0006833	1	1	1	1	1	4	core
OG0006834	1	1	1	1	1	4	core
OG0006835	1	1	1	1	1	4	core
OG0006836	1	1	1	1	1	4	core
OG0006837	1	1	1	1	1	4	core
OG0006838	1	1	1	1	1	4	core
OG0006839	1	1	1	1	1	4	core
OG0006840	1	1	1	1	1	4	core
OG0006841	1	1	1	1	1	4	core
OG0006842	1	1	1	1	1	4	core
OG0006843	1	1	1	1	1	4	core
OG0006844	1	1	1	1	1	4	core
OG0006845	1	1	1	1	1	4	core
OG0006846	1	1	1	1	1	4	core
OG0006847	1	1	1	1	1	4	core
OG0006848	1	1	1	1	1	4	core
OG0006849	1	1	1	1	1	4	core
OG0006850	1	1	1	1	1	4	core
OG0006851	1	1	1	1	1	4	core
OG0006852	1	1	1	1	1	4	core
OG0006853	1	1	1	1	1	4	core
OG0006854	1	1	1	1	1	4	core
OG0006855	1	1	1	1	1	4	core
OG0006856	1	1	1	1	1	4	core
OG0006857	1	1	1	1	1	4	core
OG0006858	1	1	1	1	1	4	core
OG0006859	1	1	1	1	1	4	core
OG0006860	1	1	1	2	0	4	core
OG0006861	1	1	1	1	1	4	core
OG0006862	1	1	1	1	1	4	core
OG0006863	1	1	1	1	1	4	core
OG0006864	1	1	1	1	1	4	core
OG0006865	1	1	1	1	1	4	core
OG0006866	1	1	1	1	1	4	core
OG0006867	1	1	1	1	1	4	core
OG0006868	1	1	1	1	1	4	core
OG0006869	1	1	1	1	1	4	core
OG0006870	1	1	1	1	1	4	core
OG0006871	1	1	1	1	1	4	core
OG0006872	1	1	1	1	1	4	core
OG0006873	1	1	1	1	1	4	core
OG0006874	1	1	1	1	1	4	core
OG0006875	1	1	1	1	1	4	core
OG0006876	1	1	1	1	1	4	core
OG0006877	1	1	1	1	1	4	core
OG0006878	1	1	1	1	1	4	core
OG0006879	1	1	1	1	1	4	core
OG0006880	1	1	1	1	1	4	core
OG0006881	1	1	1	1	1	4	core
OG0006882	1	1	1	1	1	4	core
OG0006883	1	1	1	1	1	4	core
OG0006884	1	1	1	1	1	4	core
OG0006885	1	1	1	1	1	4	core
OG0006886	1	1	1	1	1	4	core
OG0006887	1	1	1	1	1	4	core
OG0006888	1	1	1	1	1	4	core
OG0006889	1	1	1	1	1	4	core
OG0006890	1	1	1	1	1	4	core
OG0006891	1	1	1	1	1	4	core
OG0006892	1	1	1	1	1	4	core
OG0006893	1	1	1	1	1	4	core
OG0006894	1	1	1	1	1	4	core
OG0006895	1	1	1	1	1	4	core
OG0006896	1	1	1	1	1	4	core
OG0006897	1	1	1	1	1	4	core
OG0006898	1	1	1	1	1	4	core
OG0006899	1	1	1	1	1	4	core
OG0006900	1	1	1	1	1	4	core
OG0006901	1	1	1	1	1	4	core
OG0006902	1	1	1	1	1	4	core
OG0006903	1	1	1	1	1	4	core
OG0006904	1	1	1	1	1	4	core
OG0006905	1	1	1	1	1	4	core
OG0006906	1	1	1	1	1	4	core
OG0006907	1	1	1	1	1	4	core
OG0006908	1	1	1	1	1	4	core
OG0006909	1	1	1	1	1	4	core
OG0006910	1	1	1	1	1	4	core
OG0006911	1	1	1	1	1	4	core
OG0006912	1	1	1	1	1	4	core
OG0006913	1	1	1	1	1	4	core
OG0006914	1	1	1	1	1	4	core
OG0006915	1	1	1	1	1	4	core
OG0006916	1	1	1	1	1	4	core
OG0006917	1	1	1	1	1	4	core
OG0006918	1	1	1	1	1	4	core
OG0006919	1	1	1	1	1	4	core
OG0006920	1	1	1	1	1	4	core
OG0006921	1	1	1	1	1	4	core
OG0006922	1	1	1	1	1	4	core
OG0006923	1	1	1	1	1	4	core
OG0006924	1	1	1	2	0	4	core
OG0006925	1	1	1	1	1	4	core
OG0006926	1	1	1	1	1	4	core
OG0006927	1	1	1	1	1	4	core
OG0006928	1	1	1	1	1	4	core
OG0006929	1	1	1	2	0	4	core
OG0006930	1	1	1	1	1	4	core
OG0006931	1	1	1	1	1	4	core
OG0006932	1	1	1	1	1	4	core
OG0006933	1	1	1	1	1	4	core
OG0006934	1	1	1	1	1	4	core
OG0006935	1	1	1	1	1	4	core
OG0006936	1	1	1	1	1	4	core
OG0006937	1	1	1	1	1	4	core
OG0006938	1	1	1	1	1	4	core
OG0006939	1	1	1	1	1	4	core
OG0006940	1	1	1	1	1	4	core
OG0006941	1	1	1	1	1	4	core
OG0006942	1	1	1	1	1	4	core
OG0006943	1	1	1	1	1	4	core
OG0006944	1	1	1	1	1	4	core
OG0006945	1	1	1	1	1	4	core
OG0006946	1	1	1	1	1	4	core
OG0006947	1	1	1	1	1	4	core
OG0006948	1	1	1	1	1	4	core
OG0006949	1	1	1	1	1	4	core
OG0006950	1	1	1	1	1	4	core
OG0006951	1	1	1	1	1	4	core
OG0006952	1	1	1	1	1	4	core
OG0006953	1	1	1	1	1	4	core
OG0006954	1	1	1	1	1	4	core
OG0006955	1	1	1	1	1	4	core
OG0006956	1	1	1	1	1	4	core
OG0006957	1	1	1	1	1	4	core
OG0006958	1	1	1	1	1	4	core
OG0006959	1	1	1	1	1	4	core
OG0006960	1	1	1	1	1	4	core
OG0006961	1	1	1	1	1	4	core
OG0006962	1	1	1	1	1	4	core
OG0006963	1	1	1	1	1	4	core
OG0006964	1	1	1	1	1	4	core
OG0006965	1	1	1	1	1	4	core
OG0006966	1	1	1	1	1	4	core
OG0006967	1	1	1	1	1	4	core
OG0006968	1	1	1	1	1	4	core
OG0006969	1	1	1	1	1	4	core
OG0006970	1	1	1	1	1	4	core
OG0006971	1	1	1	1	1	4	core
OG0006972	1	1	1	1	1	4	core
OG0006973	1	1	1	1	1	4	core
OG0006974	1	1	1	1	1	4	core
OG0006975	1	1	1	1	1	4	core
OG0006976	1	1	1	1	1	4	core
OG0006977	1	1	1	1	1	4	core
OG0006978	1	1	1	1	1	4	core
OG0006979	1	1	1	1	1	4	core
OG0006980	1	1	1	1	1	4	core
OG0006981	1	1	1	1	1	4	core
OG0006982	1	1	1	1	1	4	core
OG0006983	1	1	1	1	1	4	core
OG0006984	1	1	1	1	1	4	core
OG0006985	1	1	1	1	1	4	core
OG0006986	1	1	1	1	1	4	core
OG0006987	1	1	1	1	1	4	core
OG0006988	1	1	1	1	1	4	core
OG0006989	1	1	1	1	1	4	core
OG0006990	1	1	1	1	1	4	core
OG0006991	1	1	1	1	1	4	core
OG0006992	1	1	1	1	1	4	core
OG0006993	1	1	1	1	1	4	core
OG0006994	1	1	1	1	1	4	core
OG0006995	1	1	1	1	1	4	core
OG0006996	1	1	2	1	0	4	core
OG0006997	1	1	1	1	1	4	core
OG0006998	1	1	1	1	1	4	core
OG0006999	1	1	1	1	1	4	core
OG0007000	1	1	1	1	1	4	core
OG0007001	1	1	1	1	1	4	core
OG0007002	1	1	1	1	1	4	core
OG0007003	1	1	1	1	1	4	core
OG0007004	1	1	1	1	1	4	core
OG0007005	1	1	1	1	1	4	core
OG0007006	1	1	1	1	1	4	core
OG0007007	1	1	1	1	1	4	core
OG0007008	1	1	1	1	1	4	core
OG0007009	1	1	1	1	1	4	core
OG0007010	1	1	1	1	1	4	core
OG0007011	1	1	1	1	1	4	core
OG0007012	1	1	1	1	1	4	core
OG0007013	1	1	1	1	1	4	core
OG0007014	1	1	1	1	1	4	core
OG0007015	1	1	1	1	1	4	core
OG0007016	1	1	1	1	1	4	core
OG0007017	1	1	1	1	1	4	core
OG0007018	1	1	1	1	1	4	core
OG0007019	1	2	1	1	0	4	core
OG0007020	1	1	1	1	1	4	core
OG0007021	1	1	1	1	1	4	core
OG0007022	1	1	1	1	1	4	core
OG0007023	1	1	1	1	1	4	core
OG0007024	1	1	1	1	1	4	core
OG0007025	1	1	1	1	1	4	core
OG0007026	1	1	1	1	1	4	core
OG0007027	1	1	1	1	1	4	core
OG0007028	1	1	1	1	1	4	core
OG0007029	1	1	1	1	1	4	core
OG0007030	1	1	1	1	1	4	core
OG0007031	1	1	1	1	1	4	core
OG0007032	1	1	1	1	1	4	core
OG0007033	1	1	1	1	1	4	core
OG0007034	1	1	1	1	1	4	core
OG0007035	1	1	1	1	1	4	core
OG0007036	1	1	1	1	1	4	core
OG0007037	1	1	1	1	1	4	core
OG0007038	1	1	1	1	1	4	core
OG0007039	1	1	1	1	1	4	core
OG0007040	1	1	1	1	1	4	core
OG0007041	1	1	1	1	1	4	core
OG0007042	1	1	1	1	1	4	core
OG0007043	1	1	1	1	1	4	core
OG0007044	1	1	1	1	1	4	core
OG0007045	1	1	1	1	1	4	core
OG0007046	1	1	1	1	1	4	core
OG0007047	1	1	1	1	1	4	core
OG0007048	1	1	1	1	1	4	core
OG0007049	1	1	1	1	1	4	core
OG0007050	1	1	1	1	1	4	core
OG0007051	1	1	1	1	1	4	core
OG0007052	1	1	1	1	1	4	core
OG0007053	1	1	1	1	1	4	core
OG0007054	1	1	1	1	1	4	core
OG0007055	1	1	1	1	1	4	core
OG0007056	1	1	1	1	1	4	core
OG0007057	1	1	1	1	1	4	core
OG0007058	1	1	1	1	1	4	core
OG0007059	1	1	1	1	1	4	core
OG0007060	1	1	1	1	1	4	core
OG0007061	1	1	1	1	1	4	core
OG0007062	1	1	1	1	1	4	core
OG0007063	1	1	1	1	1	4	core
OG0007064	1	1	1	1	1	4	core
OG0007065	1	1	1	1	1	4	core
OG0007066	1	1	1	1	1	4	core
OG0007067	1	1	1	1	1	4	core
OG0007068	1	1	1	1	1	4	core
OG0007069	1	1	1	1	1	4	core
OG0007070	1	1	1	1	1	4	core
OG0007071	1	1	1	1	1	4	core
OG0007072	1	1	1	1	1	4	core
OG0007073	1	1	1	1	1	4	core
OG0007074	1	1	1	1	1	4	core
OG0007075	1	1	1	1	1	4	core
OG0007076	1	1	1	1	1	4	core
OG0007077	1	1	1	1	1	4	core
OG0007078	1	1	1	1	1	4	core
OG0007079	1	1	1	1	1	4	core
OG0007080	1	1	1	1	1	4	core
OG0007081	1	1	1	1	1	4	core
OG0007082	1	1	1	1	1	4	core
OG0007083	1	1	1	1	1	4	core
OG0007084	1	1	1	1	1	4	core
OG0007085	1	1	1	1	1	4	core
OG0007086	1	1	1	1	1	4	core
OG0007087	1	1	1	1	1	4	core
OG0007088	1	1	1	2	0	4	core
OG0007089	1	1	1	1	1	4	core
OG0007090	1	1	1	1	1	4	core
OG0007091	1	1	1	1	1	4	core
OG0007092	1	1	1	1	1	4	core
OG0007093	1	1	1	1	1	4	core
OG0007094	1	1	1	1	1	4	core
OG0007095	1	1	1	1	1	4	core
OG0007096	1	1	1	1	1	4	core
OG0007097	1	1	1	1	1	4	core
OG0007098	1	1	1	1	1	4	core
OG0007099	1	1	1	1	1	4	core
OG0007100	1	1	1	1	1	4	core
OG0007101	1	1	1	1	1	4	core
OG0007102	1	1	1	1	1	4	core
OG0007103	1	1	1	1	1	4	core
OG0007104	1	1	1	1	1	4	core
OG0007105	1	1	1	1	1	4	core
OG0007106	1	1	1	1	1	4	core
OG0007107	1	1	1	1	1	4	core
OG0007108	1	1	1	1	1	4	core
OG0007109	1	1	1	1	1	4	core
OG0007110	1	1	1	1	1	4	core
OG0007111	1	1	1	1	1	4	core
OG0007112	1	1	1	1	1	4	core
OG0007113	1	1	1	1	1	4	core
OG0007114	1	1	1	1	1	4	core
OG0007115	1	1	1	1	1	4	core
OG0007116	1	1	1	1	1	4	core
OG0007117	1	1	1	1	1	4	core
OG0007118	1	1	1	1	1	4	core
OG0007119	1	1	1	1	1	4	core
OG0007120	1	1	1	1	1	4	core
OG0007121	1	1	1	1	1	4	core
OG0007122	1	1	1	1	1	4	core
OG0007123	1	1	1	1	1	4	core
OG0007124	1	1	1	1	1	4	core
OG0007125	1	1	1	1	1	4	core
OG0007126	1	1	1	1	1	4	core
OG0007127	1	1	1	1	1	4	core
OG0007128	1	1	1	1	1	4	core
OG0007129	1	1	1	1	1	4	core
OG0007130	1	1	1	1	1	4	core
OG0007131	1	1	1	1	1	4	core
OG0007132	1	1	1	1	1	4	core
OG0007133	1	1	1	1	1	4	core
OG0007134	1	1	1	1	1	4	core
OG0007135	1	1	1	1	1	4	core
OG0007136	1	1	1	1	1	4	core
OG0007137	1	1	1	1	1	4	core
OG0007138	1	1	1	1	1	4	core
OG0007139	1	1	1	1	1	4	core
OG0007140	1	1	1	1	1	4	core
OG0007141	1	1	1	1	1	4	core
OG0007142	1	1	1	1	1	4	core
OG0007143	1	1	1	1	1	4	core
OG0007144	1	1	1	1	1	4	core
OG0007145	1	1	1	1	1	4	core
OG0007146	1	1	1	1	1	4	core
OG0007147	1	1	1	1	1	4	core
OG0007148	1	1	1	1	1	4	core
OG0007149	1	1	1	1	1	4	core
OG0007150	1	1	1	1	1	4	core
OG0007151	1	1	1	1	1	4	core
OG0007152	1	1	1	1	1	4	core
OG0007153	1	1	1	1	1	4	core
OG0007154	1	1	1	1	1	4	core
OG0007155	1	1	1	1	1	4	core
OG0007156	1	1	1	1	1	4	core
OG0007157	1	1	1	1	1	4	core
OG0007158	1	2	1	1	0	4	core
OG0007159	1	1	1	1	1	4	core
OG0007160	1	1	1	1	1	4	core
OG0007161	1	1	1	1	1	4	core
OG0007162	1	1	1	1	1	4	core
OG0007163	1	1	1	1	1	4	core
OG0007164	1	1	1	1	1	4	core
OG0007165	1	1	1	1	1	4	core
OG0007166	1	1	1	1	1	4	core
OG0007167	1	1	1	1	1	4	core
OG0007168	1	1	1	1	1	4	core
OG0007169	1	1	1	1	1	4	core
OG0007170	1	1	1	1	1	4	core
OG0007171	1	1	1	1	1	4	core
OG0007172	1	1	1	1	1	4	core
OG0007173	1	1	1	1	1	4	core
OG0007174	1	1	1	1	1	4	core
OG0007175	1	1	1	1	1	4	core
OG0007176	1	1	1	1	1	4	core
OG0007177	1	1	1	1	1	4	core
OG0007178	1	1	1	1	1	4	core
OG0007179	1	1	1	1	1	4	core
OG0007180	1	1	1	1	1	4	core
OG0007181	1	1	1	1	1	4	core
OG0007182	1	1	1	1	1	4	core
OG0007183	1	1	1	1	1	4	core
OG0007184	1	1	1	1	1	4	core
OG0007185	1	1	1	1	1	4	core
OG0007186	1	1	1	1	1	4	core
OG0007187	1	1	1	1	1	4	core
OG0007188	1	1	1	1	1	4	core
OG0007189	1	1	1	1	1	4	core
OG0007190	1	1	1	1	1	4	core
OG0007191	1	1	1	1	1	4	core
OG0007192	1	1	1	1	1	4	core
OG0007193	1	1	1	1	1	4	core
OG0007194	1	1	1	1	1	4	core
OG0007195	1	1	1	1	1	4	core
OG0007196	1	1	1	1	1	4	core
OG0007197	1	1	1	1	1	4	core
OG0007198	1	1	1	1	1	4	core
OG0007199	1	1	1	1	1	4	core
OG0007200	1	1	1	1	1	4	core
OG0007201	1	1	1	1	1	4	core
OG0007202	1	1	1	1	1	4	core
OG0007203	1	1	1	1	1	4	core
OG0007204	1	1	1	1	1	4	core
OG0007205	1	1	1	1	1	4	core
OG0007206	1	1	1	1	1	4	core
OG0007207	1	1	1	1	1	4	core
OG0007208	1	1	1	1	1	4	core
OG0007209	1	1	1	1	1	4	core
OG0007210	1	1	1	1	1	4	core
OG0007211	1	1	1	1	1	4	core
OG0007212	1	1	1	1	1	4	core
OG0007213	1	1	1	1	1	4	core
OG0007214	1	1	1	1	1	4	core
OG0007215	1	1	1	1	1	4	core
OG0007216	1	1	1	1	1	4	core
OG0007217	1	1	1	1	1	4	core
OG0007218	1	1	1	1	1	4	core
OG0007219	1	1	1	1	1	4	core
OG0007220	1	1	1	1	1	4	core
OG0007221	1	1	1	1	1	4	core
OG0007222	1	1	1	1	1	4	core
OG0007223	1	1	1	1	1	4	core
OG0007224	1	1	1	1	1	4	core
OG0007225	1	1	1	1	1	4	core
OG0007226	1	1	1	1	1	4	core
OG0007227	1	1	1	1	1	4	core
OG0007228	1	1	1	1	1	4	core
OG0007229	1	1	1	1	1	4	core
OG0007230	1	1	1	1	1	4	core
OG0007231	1	1	1	1	1	4	core
OG0007232	1	1	1	1	1	4	core
OG0007233	1	1	1	1	1	4	core
OG0007234	1	1	1	1	1	4	core
OG0007235	1	1	1	1	1	4	core
OG0007236	1	1	1	1	1	4	core
OG0007237	1	1	1	0	2	3	shell
OG0007238	1	1	1	1	1	4	core
OG0007239	1	1	1	1	1	4	core
OG0007240	1	1	1	1	1	4	core
OG0007241	1	1	1	1	1	4	core
OG0007242	1	1	1	1	1	4	core
OG0007243	1	1	1	1	1	4	core
OG0007244	1	1	1	1	1	4	core
OG0007245	1	1	1	1	1	4	core
OG0007246	1	1	1	1	1	4	core
OG0007247	1	1	1	1	1	4	core
OG0007248	1	1	1	1	1	4	core
OG0007249	1	1	1	1	1	4	core
OG0007250	1	1	1	1	1	4	core
OG0007251	1	1	1	1	1	4	core
OG0007252	1	1	1	1	1	4	core
OG0007253	1	1	1	1	1	4	core
OG0007254	1	1	1	1	1	4	core
OG0007255	1	1	1	1	1	4	core
OG0007256	1	1	1	1	1	4	core
OG0007257	1	1	1	1	1	4	core
OG0007258	1	1	1	1	1	4	core
OG0007259	1	1	1	1	1	4	core
OG0007260	1	1	1	1	1	4	core
OG0007261	1	1	1	1	1	4	core
OG0007262	1	1	1	1	1	4	core
OG0007263	1	1	1	1	1	4	core
OG0007264	1	1	1	1	1	4	core
OG0007265	1	1	1	1	1	4	core
OG0007266	1	1	1	1	1	4	core
OG0007267	1	1	1	1	1	4	core
OG0007268	1	1	1	1	1	4	core
OG0007269	1	1	1	1	1	4	core
OG0007270	1	1	1	1	1	4	core
OG0007271	1	1	1	1	1	4	core
OG0007272	1	1	1	1	1	4	core
OG0007273	1	1	1	1	1	4	core
OG0007274	1	0	1	3	0	3	shell
OG0007275	1	1	1	1	1	4	core
OG0007276	1	1	1	1	1	4	core
OG0007277	1	1	1	1	1	4	core
OG0007278	1	1	1	1	1	4	core
OG0007279	1	1	1	1	1	4	core
OG0007280	1	1	1	1	1	4	core
OG0007281	1	1	1	1	1	4	core
OG0007282	1	1	1	1	1	4	core
OG0007283	1	1	1	1	1	4	core
OG0007284	1	1	1	1	1	4	core
OG0007285	1	1	1	1	1	4	core
OG0007286	1	1	1	1	1	4	core
OG0007287	1	1	1	1	1	4	core
OG0007288	1	1	1	1	1	4	core
OG0007289	1	1	1	1	1	4	core
OG0007290	1	1	1	1	1	4	core
OG0007291	1	1	1	1	1	4	core
OG0007292	1	1	1	1	1	4	core
OG0007293	1	1	1	1	1	4	core
OG0007294	1	1	1	1	1	4	core
OG0007295	1	1	1	1	1	4	core
OG0007296	1	1	1	1	1	4	core
OG0007297	1	1	1	1	1	4	core
OG0007298	1	1	1	1	1	4	core
OG0007299	1	1	1	1	1	4	core
OG0007300	1	1	1	1	1	4	core
OG0007301	1	1	1	1	1	4	core
OG0007302	1	1	1	1	1	4	core
OG0007303	1	1	1	1	1	4	core
OG0007304	1	1	1	1	1	4	core
OG0007305	1	1	1	1	1	4	core
OG0007306	1	1	1	1	1	4	core
OG0007307	1	1	1	1	1	4	core
OG0007308	1	1	1	1	1	4	core
OG0007309	1	1	1	1	1	4	core
OG0007310	1	1	1	1	1	4	core
OG0007311	1	1	1	1	1	4	core
OG0007312	1	1	1	1	1	4	core
OG0007313	1	1	1	1	1	4	core
OG0007314	1	1	1	1	1	4	core
OG0007315	1	1	1	1	1	4	core
OG0007316	1	1	1	1	1	4	core
OG0007317	1	1	1	1	1	4	core
OG0007318	1	1	1	1	1	4	core
OG0007319	1	1	1	1	1	4	core
OG0007320	1	1	1	1	1	4	core
OG0007321	1	1	1	1	1	4	core
OG0007322	1	1	1	1	1	4	core
OG0007323	1	1	1	1	1	4	core
OG0007324	1	1	1	1	1	4	core
OG0007325	1	1	1	1	1	4	core
OG0007326	1	1	1	1	1	4	core
OG0007327	1	1	1	1	1	4	core
OG0007328	1	1	1	1	1	4	core
OG0007329	1	1	1	1	1	4	core
OG0007330	1	1	1	1	1	4	core
OG0007331	1	1	1	1	1	4	core
OG0007332	1	1	1	1	1	4	core
OG0007333	1	1	1	1	1	4	core
OG0007334	1	1	1	1	1	4	core
OG0007335	1	1	1	1	1	4	core
OG0007336	1	1	1	1	1	4	core
OG0007337	1	1	1	1	1	4	core
OG0007338	1	1	1	1	1	4	core
OG0007339	1	1	1	1	1	4	core
OG0007340	1	1	1	1	1	4	core
OG0007341	1	1	1	1	1	4	core
OG0007342	1	1	1	1	1	4	core
OG0007343	1	1	1	1	1	4	core
OG0007344	1	1	1	1	1	4	core
OG0007345	1	1	1	1	1	4	core
OG0007346	1	1	1	1	1	4	core
OG0007347	1	1	1	1	1	4	core
OG0007348	1	1	1	1	1	4	core
OG0007349	1	1	1	1	1	4	core
OG0007350	1	1	1	1	1	4	core
OG0007351	1	1	1	1	1	4	core
OG0007352	1	1	1	1	1	4	core
OG0007353	1	1	1	1	1	4	core
OG0007354	1	1	1	1	1	4	core
OG0007355	1	1	1	1	1	4	core
OG0007356	1	1	1	2	0	4	core
OG0007357	1	1	1	1	1	4	core
OG0007358	1	1	1	1	1	4	core
OG0007359	1	1	1	1	1	4	core
OG0007360	1	1	1	1	1	4	core
OG0007361	1	1	1	1	1	4	core
OG0007362	1	1	1	1	1	4	core
OG0007363	1	1	1	1	1	4	core
OG0007364	1	1	1	1	1	4	core
OG0007365	1	1	1	1	1	4	core
OG0007366	1	1	1	1	1	4	core
OG0007367	1	1	1	1	1	4	core
OG0007368	1	1	1	1	1	4	core
OG0007369	1	1	1	1	1	4	core
OG0007370	1	1	1	1	1	4	core
OG0007371	1	1	1	1	1	4	core
OG0007372	1	1	1	1	1	4	core
OG0007373	1	1	1	1	1	4	core
OG0007374	1	1	1	1	1	4	core
OG0007375	1	1	1	1	1	4	core
OG0007376	1	1	1	1	1	4	core
OG0007377	1	1	1	1	1	4	core
OG0007378	1	1	1	1	1	4	core
OG0007379	1	1	1	1	1	4	core
OG0007380	1	1	1	1	1	4	core
OG0007381	1	1	1	1	1	4	core
OG0007382	1	1	1	1	1	4	core
OG0007383	1	1	1	1	1	4	core
OG0007384	1	1	1	1	1	4	core
OG0007385	1	1	1	1	1	4	core
OG0007386	1	1	1	1	1	4	core
OG0007387	1	1	1	1	1	4	core
OG0007388	1	1	1	1	1	4	core
OG0007389	1	1	1	1	1	4	core
OG0007390	1	1	1	1	1	4	core
OG0007391	1	1	1	1	1	4	core
OG0007392	1	1	1	1	1	4	core
OG0007393	1	1	1	2	0	4	core
OG0007394	1	1	1	1	1	4	core
OG0007395	1	1	1	1	1	4	core
OG0007396	1	1	1	1	1	4	core
OG0007397	1	1	1	1	1	4	core
OG0007398	1	1	1	1	1	4	core
OG0007399	1	1	1	1	1	4	core
OG0007400	1	1	1	1	1	4	core
OG0007401	1	1	1	1	1	4	core
OG0007402	1	1	1	1	1	4	core
OG0007403	1	1	1	1	1	4	core
OG0007404	1	1	1	1	1	4	core
OG0007405	1	1	1	1	1	4	core
OG0007406	1	1	1	1	1	4	core
OG0007407	1	1	1	1	1	4	core
OG0007408	1	1	1	1	1	4	core
OG0007409	1	1	1	1	1	4	core
OG0007410	1	1	1	1	1	4	core
OG0007411	1	1	1	1	1	4	core
OG0007412	1	1	1	1	1	4	core
OG0007413	1	1	1	1	1	4	core
OG0007414	1	1	1	1	1	4	core
OG0007415	1	1	1	1	1	4	core
OG0007416	1	1	1	2	0	4	core
OG0007417	1	1	1	1	1	4	core
OG0007418	1	1	1	1	1	4	core
OG0007419	1	1	1	1	1	4	core
OG0007420	1	1	1	1	1	4	core
OG0007421	1	1	1	1	1	4	core
OG0007422	1	1	1	1	1	4	core
OG0007423	1	1	1	1	1	4	core
OG0007424	1	1	1	1	1	4	core
OG0007425	1	1	1	1	1	4	core
OG0007426	1	1	1	1	1	4	core
OG0007427	1	1	1	2	0	4	core
OG0007428	1	1	1	1	1	4	core
OG0007429	1	1	1	1	1	4	core
OG0007430	1	1	1	1	1	4	core
OG0007431	1	1	1	1	1	4	core
OG0007432	1	1	1	1	1	4	core
OG0007433	1	1	1	1	1	4	core
OG0007434	1	1	1	1	1	4	core
OG0007435	1	1	1	2	0	4	core
OG0007436	1	1	1	1	1	4	core
OG0007437	1	1	1	1	1	4	core
OG0007438	1	1	1	1	1	4	core
OG0007439	1	1	1	1	1	4	core
OG0007440	1	1	1	1	1	4	core
OG0007441	1	1	1	1	1	4	core
OG0007442	1	1	1	1	1	4	core
OG0007443	1	1	1	1	1	4	core
OG0007444	1	1	1	1	1	4	core
OG0007445	1	1	1	1	1	4	core
OG0007446	1	1	1	1	1	4	core
OG0007447	1	1	1	1	1	4	core
OG0007448	1	1	1	1	1	4	core
OG0007449	1	1	1	1	1	4	core
OG0007450	1	1	1	1	1	4	core
OG0007451	1	1	1	1	1	4	core
OG0007452	1	1	1	1	1	4	core
OG0007453	1	1	1	1	1	4	core
OG0007454	1	1	1	1	1	4	core
OG0007455	1	1	1	1	1	4	core
OG0007456	1	1	1	1	1	4	core
OG0007457	1	1	1	1	1	4	core
OG0007458	1	1	1	1	1	4	core
OG0007459	1	1	1	1	1	4	core
OG0007460	1	1	1	1	1	4	core
OG0007461	1	1	1	1	1	4	core
OG0007462	1	1	1	1	1	4	core
OG0007463	1	1	1	1	1	4	core
OG0007464	1	1	1	1	1	4	core
OG0007465	1	1	1	1	1	4	core
OG0007466	1	1	1	2	0	4	core
OG0007467	1	1	1	1	1	4	core
OG0007468	1	1	1	1	1	4	core
OG0007469	1	1	1	1	1	4	core
OG0007470	1	1	1	1	1	4	core
OG0007471	1	1	1	1	1	4	core
OG0007472	1	1	1	1	1	4	core
OG0007473	1	1	1	1	1	4	core
OG0007474	1	1	1	1	1	4	core
OG0007475	1	1	1	1	1	4	core
OG0007476	1	1	1	1	1	4	core
OG0007477	1	1	1	1	1	4	core
OG0007478	1	1	1	1	1	4	core
OG0007479	1	1	1	1	1	4	core
OG0007480	1	1	1	1	1	4	core
OG0007481	1	1	1	1	1	4	core
OG0007482	1	1	1	1	1	4	core
OG0007483	1	1	1	1	1	4	core
OG0007484	1	1	1	1	1	4	core
OG0007485	1	1	1	1	1	4	core
OG0007486	1	1	1	1	1	4	core
OG0007487	1	1	1	1	1	4	core
OG0007488	1	1	1	1	1	4	core
OG0007489	1	1	1	1	1	4	core
OG0007490	1	1	1	1	1	4	core
OG0007491	1	1	1	1	1	4	core
OG0007492	1	1	1	2	0	4	core
OG0007493	1	1	1	1	1	4	core
OG0007494	1	1	1	1	1	4	core
OG0007495	1	1	1	1	1	4	core
OG0007496	1	1	1	1	1	4	core
OG0007497	1	1	1	1	1	4	core
OG0007498	1	1	1	1	1	4	core
OG0007499	1	1	1	1	1	4	core
OG0007500	1	1	1	1	1	4	core
OG0007501	1	1	1	1	1	4	core
OG0007502	1	1	1	1	1	4	core
OG0007503	1	1	1	1	1	4	core
OG0007504	1	1	1	1	1	4	core
OG0007505	1	1	1	1	1	4	core
OG0007506	1	1	1	1	1	4	core
OG0007507	1	1	1	2	0	4	core
OG0007508	1	1	1	1	1	4	core
OG0007509	1	1	1	1	1	4	core
OG0007510	1	1	1	1	1	4	core
OG0007511	1	1	1	1	1	4	core
OG0007512	1	1	1	1	1	4	core
OG0007513	1	1	1	1	1	4	core
OG0007514	1	1	1	1	1	4	core
OG0007515	1	1	1	1	1	4	core
OG0007516	1	1	1	1	1	4	core
OG0007517	1	1	1	1	1	4	core
OG0007518	1	1	1	1	1	4	core
OG0007519	1	1	1	1	1	4	core
OG0007520	1	1	1	1	1	4	core
OG0007521	1	1	1	1	1	4	core
OG0007522	1	1	1	1	1	4	core
OG0007523	1	1	1	1	1	4	core
OG0007524	1	1	1	1	1	4	core
OG0007525	1	1	1	1	1	4	core
OG0007526	1	1	1	1	1	4	core
OG0007527	1	1	1	1	1	4	core
OG0007528	1	1	1	1	1	4	core
OG0007529	1	1	1	1	1	4	core
OG0007530	1	1	1	1	1	4	core
OG0007531	1	1	1	1	1	4	core
OG0007532	1	1	1	1	1	4	core
OG0007533	1	1	1	1	1	4	core
OG0007534	1	1	1	1	1	4	core
OG0007535	1	1	1	1	1	4	core
OG0007536	1	1	1	1	1	4	core
OG0007537	1	1	1	1	1	4	core
OG0007538	1	1	1	1	1	4	core
OG0007539	1	1	1	1	1	4	core
OG0007540	1	1	1	1	1	4	core
OG0007541	1	1	1	1	1	4	core
OG0007542	1	1	1	1	1	4	core
OG0007543	1	1	1	1	1	4	core
OG0007544	1	1	1	1	1	4	core
OG0007545	1	1	1	1	1	4	core
OG0007546	1	1	1	1	1	4	core
OG0007547	1	1	1	1	1	4	core
OG0007548	1	1	1	1	1	4	core
OG0007549	1	1	1	1	1	4	core
OG0007550	1	1	1	1	1	4	core
OG0007551	1	1	1	1	1	4	core
OG0007552	1	1	1	1	1	4	core
OG0007553	1	1	1	1	1	4	core
OG0007554	1	1	1	1	1	4	core
OG0007555	1	1	1	1	1	4	core
OG0007556	1	1	1	1	1	4	core
OG0007557	1	1	1	1	1	4	core
OG0007558	1	1	1	1	1	4	core
OG0007559	1	1	1	1	1	4	core
OG0007560	1	1	1	1	1	4	core
OG0007561	1	1	1	1	1	4	core
OG0007562	1	1	1	1	1	4	core
OG0007563	1	1	1	1	1	4	core
OG0007564	1	1	1	1	1	4	core
OG0007565	1	1	1	1	1	4	core
OG0007566	1	1	1	1	1	4	core
OG0007567	1	1	1	1	1	4	core
OG0007568	1	1	1	1	1	4	core
OG0007569	1	1	1	1	1	4	core
OG0007570	1	1	1	1	1	4	core
OG0007571	1	1	1	1	1	4	core
OG0007572	1	1	1	1	1	4	core
OG0007573	1	1	1	1	1	4	core
OG0007574	1	1	1	1	1	4	core
OG0007575	1	1	1	1	1	4	core
OG0007576	1	1	1	1	1	4	core
OG0007577	1	1	1	1	1	4	core
OG0007578	1	1	1	1	1	4	core
OG0007579	1	1	1	1	1	4	core
OG0007580	1	1	1	1	1	4	core
OG0007581	1	1	1	1	1	4	core
OG0007582	1	1	1	1	1	4	core
OG0007583	1	1	1	1	1	4	core
OG0007584	1	1	1	1	1	4	core
OG0007585	1	1	1	1	1	4	core
OG0007586	1	1	1	1	1	4	core
OG0007587	1	1	1	1	1	4	core
OG0007588	1	1	1	1	1	4	core
OG0007589	1	1	1	1	1	4	core
OG0007590	1	1	1	1	1	4	core
OG0007591	1	1	1	1	1	4	core
OG0007592	1	1	1	1	1	4	core
OG0007593	1	1	1	1	1	4	core
OG0007594	1	1	1	1	1	4	core
OG0007595	1	1	1	1	1	4	core
OG0007596	1	1	1	1	1	4	core
OG0007597	1	1	1	1	1	4	core
OG0007598	1	1	1	1	1	4	core
OG0007599	1	1	1	1	1	4	core
OG0007600	1	1	1	1	1	4	core
OG0007601	1	1	1	1	1	4	core
OG0007602	1	1	1	1	1	4	core
OG0007603	1	1	1	1	1	4	core
OG0007604	1	1	1	1	1	4	core
OG0007605	1	1	1	1	1	4	core
OG0007606	1	1	1	1	1	4	core
OG0007607	1	1	1	1	1	4	core
OG0007608	1	1	1	1	1	4	core
OG0007609	1	1	1	1	1	4	core
OG0007610	1	1	1	1	1	4	core
OG0007611	1	1	1	1	1	4	core
OG0007612	1	1	1	1	1	4	core
OG0007613	1	1	1	1	1	4	core
OG0007614	1	1	1	1	1	4	core
OG0007615	1	1	1	1	1	4	core
OG0007616	1	1	1	1	1	4	core
OG0007617	1	1	1	1	1	4	core
OG0007618	1	1	1	1	1	4	core
OG0007619	1	1	1	1	1	4	core
OG0007620	1	1	1	1	1	4	core
OG0007621	1	1	1	1	1	4	core
OG0007622	1	1	1	1	1	4	core
OG0007623	1	1	1	1	1	4	core
OG0007624	1	1	1	1	1	4	core
OG0007625	1	1	1	1	1	4	core
OG0007626	1	1	1	1	1	4	core
OG0007627	1	1	1	1	1	4	core
OG0007628	1	1	1	1	1	4	core
OG0007629	1	1	1	1	1	4	core
OG0007630	1	1	1	1	1	4	core
OG0007631	1	1	1	2	0	4	core
OG0007632	1	1	1	1	1	4	core
OG0007633	1	1	1	1	1	4	core
OG0007634	1	1	1	1	1	4	core
OG0007635	1	1	1	1	1	4	core
OG0007636	1	1	1	1	1	4	core
OG0007637	1	1	1	1	1	4	core
OG0007638	1	1	1	1	1	4	core
OG0007639	1	1	1	1	1	4	core
OG0007640	1	1	1	1	1	4	core
OG0007641	1	1	1	1	1	4	core
OG0007642	1	1	1	1	1	4	core
OG0007643	1	1	1	1	1	4	core
OG0007644	1	1	1	1	1	4	core
OG0007645	1	1	1	1	1	4	core
OG0007646	1	1	1	1	1	4	core
OG0007647	1	1	1	1	1	4	core
OG0007648	1	1	1	1	1	4	core
OG0007649	1	1	1	1	1	4	core
OG0007650	1	1	1	1	1	4	core
OG0007651	1	1	1	1	1	4	core
OG0007652	1	1	1	1	1	4	core
OG0007653	1	1	1	1	1	4	core
OG0007654	1	1	1	1	1	4	core
OG0007655	1	1	1	1	1	4	core
OG0007656	1	1	1	1	1	4	core
OG0007657	1	1	1	1	1	4	core
OG0007658	1	1	1	1	1	4	core
OG0007659	1	1	1	1	1	4	core
OG0007660	1	1	1	1	1	4	core
OG0007661	1	1	1	1	1	4	core
OG0007662	1	1	1	1	1	4	core
OG0007663	1	1	1	1	1	4	core
OG0007664	1	1	1	1	1	4	core
OG0007665	1	1	1	1	1	4	core
OG0007666	1	1	1	1	1	4	core
OG0007667	1	1	1	1	1	4	core
OG0007668	1	1	1	1	1	4	core
OG0007669	1	1	1	1	1	4	core
OG0007670	1	1	1	1	1	4	core
OG0007671	1	1	1	1	1	4	core
OG0007672	1	1	1	1	1	4	core
OG0007673	1	1	1	1	1	4	core
OG0007674	1	1	1	1	1	4	core
OG0007675	1	1	1	1	1	4	core
OG0007676	1	1	1	1	1	4	core
OG0007677	1	1	1	1	1	4	core
OG0007678	1	1	1	1	1	4	core
OG0007679	1	1	1	1	1	4	core
OG0007680	1	1	1	1	1	4	core
OG0007681	1	1	1	1	1	4	core
OG0007682	1	1	1	1	1	4	core
OG0007683	1	1	1	1	1	4	core
OG0007684	1	1	1	1	1	4	core
OG0007685	1	1	1	1	1	4	core
OG0007686	1	1	1	1	1	4	core
OG0007687	1	1	1	1	1	4	core
OG0007688	1	1	1	1	1	4	core
OG0007689	1	1	1	1	1	4	core
OG0007690	1	1	1	1	1	4	core
OG0007691	1	1	1	1	1	4	core
OG0007692	1	1	1	1	1	4	core
OG0007693	1	1	1	1	1	4	core
OG0007694	1	1	1	1	1	4	core
OG0007695	1	1	1	1	1	4	core
OG0007696	1	1	1	1	1	4	core
OG0007697	1	1	1	1	1	4	core
OG0007698	1	1	1	1	1	4	core
OG0007699	1	1	1	1	1	4	core
OG0007700	1	1	1	1	1	4	core
OG0007701	1	1	1	1	1	4	core
OG0007702	1	1	1	1	1	4	core
OG0007703	1	1	1	1	1	4	core
OG0007704	1	1	1	1	1	4	core
OG0007705	1	1	1	1	1	4	core
OG0007706	1	1	1	1	1	4	core
OG0007707	1	1	1	1	1	4	core
OG0007708	1	1	1	1	1	4	core
OG0007709	1	1	1	1	1	4	core
OG0007710	1	1	1	1	1	4	core
OG0007711	1	1	1	1	1	4	core
OG0007712	1	1	1	1	1	4	core
OG0007713	1	1	1	1	1	4	core
OG0007714	1	1	1	1	1	4	core
OG0007715	1	1	1	1	1	4	core
OG0007716	1	1	1	1	1	4	core
OG0007717	1	1	1	1	1	4	core
OG0007718	1	1	1	1	1	4	core
OG0007719	1	1	1	1	1	4	core
OG0007720	1	1	1	1	1	4	core
OG0007721	1	1	1	1	1	4	core
OG0007722	1	1	1	1	1	4	core
OG0007723	1	1	1	1	1	4	core
OG0007724	1	1	1	1	1	4	core
OG0007725	1	1	1	1	1	4	core
OG0007726	1	1	1	1	1	4	core
OG0007727	1	1	1	1	1	4	core
OG0007728	1	1	1	1	1	4	core
OG0007729	1	1	1	1	1	4	core
OG0007730	1	1	1	1	1	4	core
OG0007731	1	1	1	1	1	4	core
OG0007732	1	1	1	1	1	4	core
OG0007733	1	1	1	1	1	4	core
OG0007734	1	1	1	1	1	4	core
OG0007735	1	1	1	1	1	4	core
OG0007736	1	1	1	1	1	4	core
OG0007737	1	1	1	1	1	4	core
OG0007738	1	1	1	1	1	4	core
OG0007739	1	1	1	1	1	4	core
OG0007740	1	1	1	1	1	4	core
OG0007741	1	1	1	1	1	4	core
OG0007742	1	1	1	1	1	4	core
OG0007743	1	1	1	1	1	4	core
OG0007744	1	1	1	1	1	4	core
OG0007745	1	1	1	1	1	4	core
OG0007746	1	1	1	1	1	4	core
OG0007747	1	1	1	1	1	4	core
OG0007748	0	1	1	2	1	3	shell
OG0007749	0	1	1	2	1	3	shell
OG0007750	0	2	0	3	0	2	shell
OG0007751	0	1	0	4	0	2	shell
OG0007752	0	2	0	3	0	2	shell
OG0007753	0	1	1	2	1	3	shell
OG0007754	0	1	1	0	3	2	shell
OG0007755	0	1	2	2	0	3	shell
OG0007756	0	1	1	1	2	3	shell
OG0007757	0	2	0	2	1	2	shell
OG0007758	0	1	1	2	1	3	shell
OG0007759	0	1	1	2	1	3	shell
OG0007760	0	1	1	2	1	3	shell
OG0007761	0	1	2	1	1	3	shell
OG0007762	0	1	1	1	2	3	shell
OG0007763	0	1	1	2	1	3	shell
OG0007764	0	2	1	2	0	3	shell
OG0007765	0	1	2	2	0	3	shell
OG0007766	0	1	1	2	1	3	shell
OG0007767	0	2	1	2	0	3	shell
OG0007768	0	1	1	3	0	3	shell
OG0007769	0	1	1	2	1	3	shell
OG0007770	0	1	1	1	2	3	shell
OG0007771	0	0	0	0	4	0	outgroup_only
OG0007772	0	1	1	1	1	3	shell
OG0007773	1	1	1	1	0	4	core
OG0007774	0	0	0	1	3	1	cloud
OG0007775	1	1	1	1	0	4	core
OG0007776	1	0	2	1	0	3	shell
OG0007777	1	1	1	0	1	3	shell
OG0007778	1	1	1	0	1	3	shell
OG0007779	2	1	0	0	1	2	shell
OG0007780	0	1	1	1	1	3	shell
OG0007781	1	1	1	1	0	4	core
OG0007782	0	1	1	1	1	3	shell
OG0007783	1	1	1	1	0	4	core
OG0007784	1	1	1	0	1	3	shell
OG0007785	1	0	1	1	1	3	shell
OG0007786	1	1	0	1	1	3	shell
OG0007787	1	1	0	1	1	3	shell
OG0007788	1	1	1	1	0	4	core
OG0007789	1	1	1	1	0	4	core
OG0007790	1	1	1	1	0	4	core
OG0007791	1	0	1	1	1	3	shell
OG0007792	1	1	0	1	1	3	shell
OG0007793	0	1	1	1	1	3	shell
OG0007794	1	0	1	1	1	3	shell
OG0007795	0	1	1	1	1	3	shell
OG0007796	1	2	1	0	0	3	shell
OG0007797	0	0	2	0	2	1	cloud
OG0007798	0	0	1	3	0	2	shell
OG0007799	0	1	1	2	0	3	shell
OG0007800	0	1	1	1	1	3	shell
OG0007801	1	1	1	1	0	4	core
OG0007802	1	0	1	1	1	3	shell
OG0007803	1	0	1	1	1	3	shell
OG0007804	1	1	1	0	1	3	shell
OG0007805	1	1	1	1	0	4	core
OG0007806	0	1	1	1	1	3	shell
OG0007807	1	1	0	1	1	3	shell
OG0007808	1	1	1	1	0	4	core
OG0007809	1	1	1	0	1	3	shell
OG0007810	1	0	1	1	1	3	shell
OG0007811	1	1	0	1	1	3	shell
OG0007812	1	1	1	1	0	4	core
OG0007813	1	1	1	1	0	4	core
OG0007814	1	1	1	1	0	4	core
OG0007815	1	1	1	1	0	4	core
OG0007816	2	0	0	1	1	2	shell
OG0007817	1	1	0	1	1	3	shell
OG0007818	1	1	1	1	0	4	core
OG0007819	1	1	1	1	0	4	core
OG0007820	0	1	1	1	1	3	shell
OG0007821	1	1	1	1	0	4	core
OG0007822	0	1	1	1	1	3	shell
OG0007823	1	0	1	1	1	3	shell
OG0007824	1	1	1	1	0	4	core
OG0007825	1	1	1	1	0	4	core
OG0007826	0	1	1	1	1	3	shell
OG0007827	0	1	1	1	1	3	shell
OG0007828	1	0	1	1	1	3	shell
OG0007829	1	0	1	1	1	3	shell
OG0007830	0	1	1	1	1	3	shell
OG0007831	1	1	0	1	1	3	shell
OG0007832	0	1	1	1	1	3	shell
OG0007833	0	1	1	1	1	3	shell
OG0007834	0	1	1	1	1	3	shell
OG0007835	1	0	1	1	1	3	shell
OG0007836	1	0	1	1	1	3	shell
OG0007837	1	0	1	1	1	3	shell
OG0007838	1	1	1	1	0	4	core
OG0007839	0	1	1	1	1	3	shell
OG0007840	1	1	1	1	0	4	core
OG0007841	1	1	1	1	0	4	core
OG0007842	1	0	1	1	1	3	shell
OG0007843	1	0	1	1	1	3	shell
OG0007844	1	1	0	1	1	3	shell
OG0007845	1	1	0	1	1	3	shell
OG0007846	0	1	1	1	1	3	shell
OG0007847	0	0	1	2	1	2	shell
OG0007848	1	1	0	0	2	2	shell
OG0007849	1	1	0	1	1	3	shell
OG0007850	1	1	1	1	0	4	core
OG0007851	1	0	1	1	1	3	shell
OG0007852	1	0	1	1	1	3	shell
OG0007853	1	0	1	1	1	3	shell
OG0007854	1	1	1	1	0	4	core
OG0007855	0	1	1	1	1	3	shell
OG0007856	0	1	1	1	1	3	shell
OG0007857	0	1	1	1	1	3	shell
OG0007858	0	1	1	1	1	3	shell
OG0007859	1	0	1	1	1	3	shell
OG0007860	1	0	1	1	1	3	shell
OG0007861	0	0	1	2	1	2	shell
OG0007862	1	1	1	1	0	4	core
OG0007863	1	0	1	1	1	3	shell
OG0007864	1	1	0	1	1	3	shell
OG0007865	1	1	1	1	0	4	core
OG0007866	1	0	1	1	1	3	shell
OG0007867	1	0	1	1	1	3	shell
OG0007868	0	1	1	1	1	3	shell
OG0007869	0	0	1	2	1	2	shell
OG0007870	0	1	1	1	1	3	shell
OG0007871	1	0	1	1	1	3	shell
OG0007872	0	1	1	1	1	3	shell
OG0007873	1	1	0	1	1	3	shell
OG0007874	1	0	1	1	1	3	shell
OG0007875	1	0	1	1	1	3	shell
OG0007876	0	1	1	1	1	3	shell
OG0007877	0	1	1	1	1	3	shell
OG0007878	1	1	0	1	1	3	shell
OG0007879	1	1	0	1	1	3	shell
OG0007880	0	1	1	1	1	3	shell
OG0007881	1	1	0	1	1	3	shell
OG0007882	1	1	0	1	1	3	shell
OG0007883	1	0	1	1	1	3	shell
OG0007884	0	1	1	1	1	3	shell
OG0007885	1	0	1	1	1	3	shell
OG0007886	1	0	1	1	1	3	shell
OG0007887	0	1	1	1	1	3	shell
OG0007888	0	1	1	1	1	3	shell
OG0007889	1	0	1	1	1	3	shell
OG0007890	0	1	1	1	1	3	shell
OG0007891	1	0	1	1	1	3	shell
OG0007892	1	1	0	1	1	3	shell
OG0007893	0	1	1	1	1	3	shell
OG0007894	1	1	0	1	1	3	shell
OG0007895	1	0	1	1	1	3	shell
OG0007896	0	1	1	1	1	3	shell
OG0007897	0	1	2	0	1	2	shell
OG0007898	1	1	1	0	1	3	shell
OG0007899	1	0	1	1	1	3	shell
OG0007900	1	0	1	1	1	3	shell
OG0007901	1	0	1	1	1	3	shell
OG0007902	1	0	1	1	1	3	shell
OG0007903	1	0	1	1	1	3	shell
OG0007904	1	0	1	1	1	3	shell
OG0007905	1	0	1	1	1	3	shell
OG0007906	0	1	1	1	1	3	shell
OG0007907	1	0	1	1	1	3	shell
OG0007908	2	1	0	0	1	2	shell
OG0007909	1	1	1	0	1	3	shell
OG0007910	1	1	0	1	1	3	shell
OG0007911	0	1	1	1	1	3	shell
OG0007912	1	0	1	1	1	3	shell
OG0007913	1	1	0	1	1	3	shell
OG0007914	1	1	1	0	1	3	shell
OG0007915	1	0	1	1	1	3	shell
OG0007916	1	1	0	1	1	3	shell
OG0007917	1	0	1	1	1	3	shell
OG0007918	1	0	1	1	1	3	shell
OG0007919	0	1	1	1	1	3	shell
OG0007920	1	0	1	1	1	3	shell
OG0007921	1	0	1	1	1	3	shell
OG0007922	1	0	1	1	1	3	shell
OG0007923	1	0	1	1	1	3	shell
OG0007924	1	1	0	1	1	3	shell
OG0007925	0	1	1	1	1	3	shell
OG0007926	1	1	0	1	1	3	shell
OG0007927	0	1	1	1	1	3	shell
OG0007928	1	0	1	1	1	3	shell
OG0007929	0	1	1	1	1	3	shell
OG0007930	1	0	1	1	1	3	shell
OG0007931	0	1	1	1	1	3	shell
OG0007932	0	1	1	1	1	3	shell
OG0007933	0	1	1	1	1	3	shell
OG0007934	0	1	1	1	1	3	shell
OG0007935	1	0	1	1	1	3	shell
OG0007936	1	1	0	1	1	3	shell
OG0007937	0	1	1	1	1	3	shell
OG0007938	0	1	1	1	1	3	shell
OG0007939	0	1	1	1	1	3	shell
OG0007940	1	0	1	1	1	3	shell
OG0007941	1	0	1	1	1	3	shell
OG0007942	0	1	1	1	1	3	shell
OG0007943	0	1	1	1	1	3	shell
OG0007944	0	1	1	1	1	3	shell
OG0007945	0	1	1	1	1	3	shell
OG0007946	0	1	1	1	1	3	shell
OG0007947	0	1	1	1	1	3	shell
OG0007948	1	1	0	1	1	3	shell
OG0007949	1	1	0	1	1	3	shell
OG0007950	1	0	1	1	1	3	shell
OG0007951	1	0	1	1	1	3	shell
OG0007952	0	1	1	1	1	3	shell
OG0007953	1	0	1	1	1	3	shell
OG0007954	1	0	1	1	1	3	shell
OG0007955	0	0	2	1	1	2	shell
OG0007956	0	1	1	1	1	3	shell
OG0007957	1	0	1	1	1	3	shell
OG0007958	2	1	0	0	1	2	shell
OG0007959	1	0	1	1	1	3	shell
OG0007960	1	1	0	0	2	2	shell
OG0007961	0	1	1	1	1	3	shell
OG0007962	0	1	1	0	2	2	shell
OG0007963	1	0	1	1	1	3	shell
OG0007964	1	1	1	1	0	4	core
OG0007965	1	1	1	1	0	4	core
OG0007966	1	1	1	1	0	4	core
OG0007967	1	1	1	1	0	4	core
OG0007968	1	0	1	1	1	3	shell
OG0007969	1	0	1	1	1	3	shell
OG0007970	1	1	1	1	0	4	core
OG0007971	1	1	1	1	0	4	core
OG0007972	1	1	1	1	0	4	core
OG0007973	1	1	1	1	0	4	core
OG0007974	1	1	1	1	0	4	core
OG0007975	1	1	1	1	0	4	core
OG0007976	1	1	1	1	0	4	core
OG0007977	1	1	1	1	0	4	core
OG0007978	1	1	1	1	0	4	core
OG0007979	1	1	1	1	0	4	core
OG0007980	1	1	1	1	0	4	core
OG0007981	1	1	1	1	0	4	core
OG0007982	1	1	1	1	0	4	core
OG0007983	1	1	1	1	0	4	core
OG0007984	1	1	1	1	0	4	core
OG0007985	1	1	1	1	0	4	core
OG0007986	1	1	1	1	0	4	core
OG0007987	1	1	1	1	0	4	core
OG0007988	1	1	1	1	0	4	core
OG0007989	1	1	1	1	0	4	core
OG0007990	1	1	1	1	0	4	core
OG0007991	1	1	1	1	0	4	core
OG0007992	1	1	1	1	0	4	core
OG0007993	1	1	1	1	0	4	core
OG0007994	1	1	1	1	0	4	core
OG0007995	1	1	1	1	0	4	core
OG0007996	1	1	1	1	0	4	core
OG0007997	1	1	1	1	0	4	core
OG0007998	1	1	1	1	0	4	core
OG0007999	1	1	1	1	0	4	core
OG0008000	1	0	1	1	1	3	shell
OG0008001	1	1	1	1	0	4	core
OG0008002	1	1	1	1	0	4	core
OG0008003	1	1	1	1	0	4	core
OG0008004	1	0	1	1	1	3	shell
OG0008005	1	1	1	1	0	4	core
OG0008006	1	1	1	1	0	4	core
OG0008007	1	1	1	1	0	4	core
OG0008008	1	1	1	1	0	4	core
OG0008009	1	1	1	1	0	4	core
OG0008010	1	1	0	1	1	3	shell
OG0008011	1	1	1	1	0	4	core
OG0008012	1	1	1	1	0	4	core
OG0008013	1	1	1	1	0	4	core
OG0008014	1	0	1	1	1	3	shell
OG0008015	1	1	1	1	0	4	core
OG0008016	1	1	1	1	0	4	core
OG0008017	1	1	1	1	0	4	core
OG0008018	1	1	0	2	0	3	shell
OG0008019	1	1	1	1	0	4	core
OG0008020	1	1	1	1	0	4	core
OG0008021	1	1	1	1	0	4	core
OG0008022	1	1	1	1	0	4	core
OG0008023	1	1	1	1	0	4	core
OG0008024	2	1	1	0	0	3	shell
OG0008025	1	1	1	1	0	4	core
OG0008026	1	1	1	1	0	4	core
OG0008027	1	1	1	1	0	4	core
OG0008028	1	1	1	0	1	3	shell
OG0008029	1	1	1	1	0	4	core
OG0008030	1	1	1	1	0	4	core
OG0008031	1	1	1	1	0	4	core
OG0008032	1	0	1	2	0	3	shell
OG0008033	1	1	1	1	0	4	core
OG0008034	1	1	1	1	0	4	core
OG0008035	1	1	1	1	0	4	core
OG0008036	1	1	1	1	0	4	core
OG0008037	1	1	0	1	1	3	shell
OG0008038	1	1	1	1	0	4	core
OG0008039	1	1	1	1	0	4	core
OG0008040	1	1	1	1	0	4	core
OG0008041	1	1	1	1	0	4	core
OG0008042	1	0	1	1	1	3	shell
OG0008043	3	0	1	0	0	2	shell
OG0008044	1	1	1	1	0	4	core
OG0008045	1	1	1	1	0	4	core
OG0008046	1	1	1	1	0	4	core
OG0008047	1	1	1	1	0	4	core
OG0008048	1	1	1	1	0	4	core
OG0008049	1	0	1	2	0	3	shell
OG0008050	1	1	1	1	0	4	core
OG0008051	1	1	1	1	0	4	core
OG0008052	1	1	1	1	0	4	core
OG0008053	1	1	1	1	0	4	core
OG0008054	1	1	1	1	0	4	core
OG0008055	1	0	1	2	0	3	shell
OG0008056	1	1	1	1	0	4	core
OG0008057	1	1	1	1	0	4	core
OG0008058	1	1	0	1	1	3	shell
OG0008059	1	1	1	1	0	4	core
OG0008060	1	1	1	1	0	4	core
OG0008061	1	1	1	1	0	4	core
OG0008062	1	1	1	1	0	4	core
OG0008063	1	1	1	1	0	4	core
OG0008064	1	0	1	1	1	3	shell
OG0008065	1	1	1	1	0	4	core
OG0008066	1	1	1	1	0	4	core
OG0008067	2	1	1	0	0	3	shell
OG0008068	1	1	1	1	0	4	core
OG0008069	1	1	1	1	0	4	core
OG0008070	1	1	1	1	0	4	core
OG0008071	1	0	1	1	1	3	shell
OG0008072	1	1	1	0	1	3	shell
OG0008073	1	1	1	1	0	4	core
OG0008074	1	1	1	1	0	4	core
OG0008075	1	1	1	0	1	3	shell
OG0008076	1	1	1	1	0	4	core
OG0008077	1	1	1	1	0	4	core
OG0008078	1	1	1	1	0	4	core
OG0008079	1	1	1	1	0	4	core
OG0008080	1	1	1	1	0	4	core
OG0008081	1	1	1	1	0	4	core
OG0008082	1	1	0	1	1	3	shell
OG0008083	1	1	1	1	0	4	core
OG0008084	1	1	1	1	0	4	core
OG0008085	1	1	1	1	0	4	core
OG0008086	1	1	1	1	0	4	core
OG0008087	1	1	1	1	0	4	core
OG0008088	1	1	1	1	0	4	core
OG0008089	1	1	1	1	0	4	core
OG0008090	1	1	1	1	0	4	core
OG0008091	2	1	1	0	0	3	shell
OG0008092	1	1	1	1	0	4	core
OG0008093	1	1	1	1	0	4	core
OG0008094	1	1	1	1	0	4	core
OG0008095	1	1	1	1	0	4	core
OG0008096	1	1	1	0	1	3	shell
OG0008097	1	1	1	1	0	4	core
OG0008098	1	1	1	1	0	4	core
OG0008099	1	1	1	1	0	4	core
OG0008100	1	0	1	1	1	3	shell
OG0008101	1	1	1	1	0	4	core
OG0008102	1	1	1	1	0	4	core
OG0008103	1	1	1	1	0	4	core
OG0008104	1	1	1	0	1	3	shell
OG0008105	1	1	1	1	0	4	core
OG0008106	1	1	1	1	0	4	core
OG0008107	1	1	1	1	0	4	core
OG0008108	2	1	1	0	0	3	shell
OG0008109	1	1	1	1	0	4	core
OG0008110	1	1	1	1	0	4	core
OG0008111	1	1	1	0	1	3	shell
OG0008112	1	1	1	1	0	4	core
OG0008113	1	1	1	1	0	4	core
OG0008114	1	1	1	1	0	4	core
OG0008115	1	1	1	1	0	4	core
OG0008116	1	1	1	1	0	4	core
OG0008117	1	1	1	1	0	4	core
OG0008118	1	1	1	1	0	4	core
OG0008119	1	1	1	1	0	4	core
OG0008120	1	1	1	1	0	4	core
OG0008121	1	1	1	1	0	4	core
OG0008122	1	1	1	1	0	4	core
OG0008123	1	1	1	1	0	4	core
OG0008124	1	1	1	1	0	4	core
OG0008125	1	1	1	1	0	4	core
OG0008126	1	1	1	1	0	4	core
OG0008127	1	1	1	1	0	4	core
OG0008128	1	1	1	1	0	4	core
OG0008129	1	1	1	1	0	4	core
OG0008130	1	1	1	1	0	4	core
OG0008131	1	1	1	1	0	4	core
OG0008132	1	1	1	1	0	4	core
OG0008133	1	1	1	1	0	4	core
OG0008134	1	1	1	1	0	4	core
OG0008135	1	1	1	1	0	4	core
OG0008136	1	1	1	1	0	4	core
OG0008137	1	1	1	1	0	4	core
OG0008138	1	1	1	1	0	4	core
OG0008139	1	1	1	1	0	4	core
OG0008140	1	1	1	1	0	4	core
OG0008141	1	1	1	1	0	4	core
OG0008142	1	1	1	1	0	4	core
OG0008143	1	1	1	1	0	4	core
OG0008144	1	1	1	1	0	4	core
OG0008145	1	1	1	1	0	4	core
OG0008146	1	1	1	1	0	4	core
OG0008147	1	1	1	1	0	4	core
OG0008148	1	1	1	1	0	4	core
OG0008149	1	1	1	1	0	4	core
OG0008150	1	1	1	1	0	4	core
OG0008151	1	1	1	1	0	4	core
OG0008152	1	1	1	1	0	4	core
OG0008153	1	1	1	1	0	4	core
OG0008154	1	1	0	1	1	3	shell
OG0008155	1	1	1	1	0	4	core
OG0008156	1	1	1	1	0	4	core
OG0008157	1	1	1	1	0	4	core
OG0008158	1	0	1	1	1	3	shell
OG0008159	1	1	1	1	0	4	core
OG0008160	1	1	1	1	0	4	core
OG0008161	1	1	1	1	0	4	core
OG0008162	1	1	1	1	0	4	core
OG0008163	1	1	1	1	0	4	core
OG0008164	1	1	1	1	0	4	core
OG0008165	1	1	1	1	0	4	core
OG0008166	1	0	1	1	1	3	shell
OG0008167	1	1	1	1	0	4	core
OG0008168	1	0	1	1	1	3	shell
OG0008169	1	0	1	1	1	3	shell
OG0008170	1	1	1	1	0	4	core
OG0008171	1	1	1	1	0	4	core
OG0008172	1	1	1	1	0	4	core
OG0008173	1	1	1	1	0	4	core
OG0008174	1	1	1	1	0	4	core
OG0008175	1	1	1	1	0	4	core
OG0008176	1	1	1	1	0	4	core
OG0008177	1	1	1	1	0	4	core
OG0008178	1	1	1	1	0	4	core
OG0008179	1	1	1	1	0	4	core
OG0008180	1	1	1	1	0	4	core
OG0008181	1	0	1	1	1	3	shell
OG0008182	1	1	1	1	0	4	core
OG0008183	1	1	1	1	0	4	core
OG0008184	1	1	1	1	0	4	core
OG0008185	1	1	1	1	0	4	core
OG0008186	1	1	1	1	0	4	core
OG0008187	1	1	0	1	1	3	shell
OG0008188	1	1	1	1	0	4	core
OG0008189	1	1	1	1	0	4	core
OG0008190	1	1	1	1	0	4	core
OG0008191	1	1	1	1	0	4	core
OG0008192	1	1	1	1	0	4	core
OG0008193	1	1	1	1	0	4	core
OG0008194	1	1	0	1	1	3	shell
OG0008195	1	1	0	1	1	3	shell
OG0008196	1	1	1	1	0	4	core
OG0008197	2	0	1	1	0	3	shell
OG0008198	1	1	1	1	0	4	core
OG0008199	1	1	1	1	0	4	core
OG0008200	1	1	1	1	0	4	core
OG0008201	1	1	1	1	0	4	core
OG0008202	1	1	1	1	0	4	core
OG0008203	1	1	1	1	0	4	core
OG0008204	1	1	1	1	0	4	core
OG0008205	1	1	1	0	1	3	shell
OG0008206	1	1	1	1	0	4	core
OG0008207	1	1	1	1	0	4	core
OG0008208	1	1	1	1	0	4	core
OG0008209	1	1	1	1	0	4	core
OG0008210	1	1	1	1	0	4	core
OG0008211	1	1	1	1	0	4	core
OG0008212	1	1	1	1	0	4	core
OG0008213	1	1	1	1	0	4	core
OG0008214	1	1	1	1	0	4	core
OG0008215	1	1	1	1	0	4	core
OG0008216	1	1	1	1	0	4	core
OG0008217	1	1	1	1	0	4	core
OG0008218	1	1	1	1	0	4	core
OG0008219	1	1	1	1	0	4	core
OG0008220	1	1	1	1	0	4	core
OG0008221	1	1	1	1	0	4	core
OG0008222	1	1	1	1	0	4	core
OG0008223	1	0	1	2	0	3	shell
OG0008224	1	1	1	1	0	4	core
OG0008225	1	1	0	2	0	3	shell
OG0008226	1	1	1	1	0	4	core
OG0008227	1	1	1	1	0	4	core
OG0008228	1	1	0	1	1	3	shell
OG0008229	1	1	1	1	0	4	core
OG0008230	1	1	1	1	0	4	core
OG0008231	1	1	1	1	0	4	core
OG0008232	1	1	1	1	0	4	core
OG0008233	1	1	1	1	0	4	core
OG0008234	1	1	1	1	0	4	core
OG0008235	1	1	1	1	0	4	core
OG0008236	1	1	1	1	0	4	core
OG0008237	1	1	1	1	0	4	core
OG0008238	1	1	1	1	0	4	core
OG0008239	1	1	1	1	0	4	core
OG0008240	1	1	1	1	0	4	core
OG0008241	1	1	1	1	0	4	core
OG0008242	1	1	1	1	0	4	core
OG0008243	1	1	1	1	0	4	core
OG0008244	1	1	1	1	0	4	core
OG0008245	1	1	1	1	0	4	core
OG0008246	1	1	1	1	0	4	core
OG0008247	1	1	1	1	0	4	core
OG0008248	1	1	1	1	0	4	core
OG0008249	1	1	1	1	0	4	core
OG0008250	1	1	1	1	0	4	core
OG0008251	1	1	1	1	0	4	core
OG0008252	1	1	1	1	0	4	core
OG0008253	1	1	1	1	0	4	core
OG0008254	1	1	1	1	0	4	core
OG0008255	1	1	1	1	0	4	core
OG0008256	1	1	1	1	0	4	core
OG0008257	1	1	0	1	1	3	shell
OG0008258	1	1	1	1	0	4	core
OG0008259	1	1	1	1	0	4	core
OG0008260	1	1	1	1	0	4	core
OG0008261	1	1	1	1	0	4	core
OG0008262	1	1	1	1	0	4	core
OG0008263	1	1	1	1	0	4	core
OG0008264	1	1	1	1	0	4	core
OG0008265	1	1	1	1	0	4	core
OG0008266	1	1	1	1	0	4	core
OG0008267	1	1	1	1	0	4	core
OG0008268	1	1	0	1	1	3	shell
OG0008269	1	1	1	0	1	3	shell
OG0008270	1	1	1	1	0	4	core
OG0008271	1	1	1	1	0	4	core
OG0008272	1	1	1	1	0	4	core
OG0008273	1	1	1	1	0	4	core
OG0008274	1	1	1	1	0	4	core
OG0008275	1	1	0	1	1	3	shell
OG0008276	1	1	1	0	1	3	shell
OG0008277	1	1	1	1	0	4	core
OG0008278	1	1	1	0	1	3	shell
OG0008279	1	1	1	1	0	4	core
OG0008280	1	0	1	1	1	3	shell
OG0008281	1	1	1	1	0	4	core
OG0008282	1	1	1	1	0	4	core
OG0008283	1	1	1	1	0	4	core
OG0008284	1	1	1	1	0	4	core
OG0008285	1	1	1	1	0	4	core
OG0008286	1	1	1	1	0	4	core
OG0008287	1	1	1	0	1	3	shell
OG0008288	1	1	1	1	0	4	core
OG0008289	1	0	1	1	1	3	shell
OG0008290	1	1	1	1	0	4	core
OG0008291	1	1	1	1	0	4	core
OG0008292	1	1	1	1	0	4	core
OG0008293	1	1	1	1	0	4	core
OG0008294	1	1	1	1	0	4	core
OG0008295	1	1	1	1	0	4	core
OG0008296	1	1	1	1	0	4	core
OG0008297	1	1	1	1	0	4	core
OG0008298	1	1	1	1	0	4	core
OG0008299	1	1	1	1	0	4	core
OG0008300	1	0	1	1	1	3	shell
OG0008301	1	1	1	1	0	4	core
OG0008302	1	1	0	1	1	3	shell
OG0008303	1	1	1	1	0	4	core
OG0008304	1	0	1	1	1	3	shell
OG0008305	1	1	1	1	0	4	core
OG0008306	1	1	1	1	0	4	core
OG0008307	1	1	1	1	0	4	core
OG0008308	1	1	1	1	0	4	core
OG0008309	1	1	1	1	0	4	core
OG0008310	1	1	1	1	0	4	core
OG0008311	1	0	1	1	1	3	shell
OG0008312	1	1	1	1	0	4	core
OG0008313	1	1	1	1	0	4	core
OG0008314	1	1	1	1	0	4	core
OG0008315	1	1	1	1	0	4	core
OG0008316	2	1	0	0	1	2	shell
OG0008317	1	1	1	1	0	4	core
OG0008318	1	1	1	1	0	4	core
OG0008319	1	1	1	1	0	4	core
OG0008320	1	1	1	1	0	4	core
OG0008321	1	1	1	1	0	4	core
OG0008322	1	1	1	1	0	4	core
OG0008323	1	1	1	0	1	3	shell
OG0008324	1	1	0	1	1	3	shell
OG0008325	1	1	1	1	0	4	core
OG0008326	1	1	1	1	0	4	core
OG0008327	1	1	1	1	0	4	core
OG0008328	1	1	1	1	0	4	core
OG0008329	1	1	1	1	0	4	core
OG0008330	1	1	1	1	0	4	core
OG0008331	1	0	1	1	1	3	shell
OG0008332	1	0	1	1	1	3	shell
OG0008333	1	1	1	1	0	4	core
OG0008334	1	1	1	1	0	4	core
OG0008335	1	1	0	1	1	3	shell
OG0008336	1	1	1	1	0	4	core
OG0008337	1	1	1	0	1	3	shell
OG0008338	1	2	1	0	0	3	shell
OG0008339	1	1	1	1	0	4	core
OG0008340	1	1	1	1	0	4	core
OG0008341	1	1	1	1	0	4	core
OG0008342	1	1	1	1	0	4	core
OG0008343	1	0	1	2	0	3	shell
OG0008344	1	1	1	1	0	4	core
OG0008345	1	1	1	1	0	4	core
OG0008346	1	1	1	1	0	4	core
OG0008347	1	1	1	1	0	4	core
OG0008348	1	1	1	1	0	4	core
OG0008349	1	1	1	1	0	4	core
OG0008350	1	1	1	1	0	4	core
OG0008351	1	1	1	1	0	4	core
OG0008352	1	1	1	0	1	3	shell
OG0008353	1	1	1	1	0	4	core
OG0008354	1	1	1	1	0	4	core
OG0008355	1	1	1	1	0	4	core
OG0008356	1	1	1	1	0	4	core
OG0008357	1	1	1	1	0	4	core
OG0008358	1	1	1	1	0	4	core
OG0008359	1	1	1	1	0	4	core
OG0008360	1	0	1	1	1	3	shell
OG0008361	1	1	1	1	0	4	core
OG0008362	1	1	1	1	0	4	core
OG0008363	1	1	1	1	0	4	core
OG0008364	1	1	1	1	0	4	core
OG0008365	1	1	1	1	0	4	core
OG0008366	1	1	1	1	0	4	core
OG0008367	1	1	1	1	0	4	core
OG0008368	1	3	0	0	0	2	shell
OG0008369	1	0	0	3	0	2	shell
OG0008370	1	1	1	0	1	3	shell
OG0008371	1	1	1	1	0	4	core
OG0008372	1	1	1	1	0	4	core
OG0008373	1	1	1	1	0	4	core
OG0008374	1	1	1	1	0	4	core
OG0008375	1	1	1	1	0	4	core
OG0008376	1	1	1	1	0	4	core
OG0008377	1	1	1	1	0	4	core
OG0008378	1	1	1	1	0	4	core
OG0008379	1	1	1	1	0	4	core
OG0008380	1	1	1	1	0	4	core
OG0008381	1	1	1	1	0	4	core
OG0008382	1	1	1	1	0	4	core
OG0008383	1	1	1	1	0	4	core
OG0008384	1	1	1	1	0	4	core
OG0008385	1	1	1	1	0	4	core
OG0008386	1	0	1	1	1	3	shell
OG0008387	1	1	1	1	0	4	core
OG0008388	1	1	1	1	0	4	core
OG0008389	1	1	1	1	0	4	core
OG0008390	1	1	1	1	0	4	core
OG0008391	1	1	1	1	0	4	core
OG0008392	1	1	1	1	0	4	core
OG0008393	1	1	1	1	0	4	core
OG0008394	1	1	1	1	0	4	core
OG0008395	1	1	1	1	0	4	core
OG0008396	1	1	1	1	0	4	core
OG0008397	1	1	1	0	1	3	shell
OG0008398	1	1	1	1	0	4	core
OG0008399	1	1	1	1	0	4	core
OG0008400	1	1	1	1	0	4	core
OG0008401	1	1	0	1	1	3	shell
OG0008402	1	1	1	1	0	4	core
OG0008403	1	0	1	1	1	3	shell
OG0008404	1	1	1	1	0	4	core
OG0008405	1	1	1	1	0	4	core
OG0008406	1	1	1	1	0	4	core
OG0008407	1	1	1	1	0	4	core
OG0008408	1	1	1	1	0	4	core
OG0008409	1	1	1	1	0	4	core
OG0008410	1	1	1	1	0	4	core
OG0008411	1	1	1	1	0	4	core
OG0008412	1	1	1	1	0	4	core
OG0008413	1	1	1	1	0	4	core
OG0008414	1	1	0	1	1	3	shell
OG0008415	1	1	1	1	0	4	core
OG0008416	1	1	1	1	0	4	core
OG0008417	1	1	1	1	0	4	core
OG0008418	1	1	1	1	0	4	core
OG0008419	1	1	1	1	0	4	core
OG0008420	1	1	1	1	0	4	core
OG0008421	1	1	1	1	0	4	core
OG0008422	2	1	1	0	0	3	shell
OG0008423	1	1	1	1	0	4	core
OG0008424	1	1	1	1	0	4	core
OG0008425	1	0	1	1	1	3	shell
OG0008426	1	0	1	1	1	3	shell
OG0008427	1	1	0	2	0	3	shell
OG0008428	1	1	1	1	0	4	core
OG0008429	1	1	1	1	0	4	core
OG0008430	1	1	1	1	0	4	core
OG0008431	1	1	1	1	0	4	core
OG0008432	1	1	1	1	0	4	core
OG0008433	1	1	1	1	0	4	core
OG0008434	1	1	1	1	0	4	core
OG0008435	1	1	1	1	0	4	core
OG0008436	1	1	1	1	0	4	core
OG0008437	1	1	1	1	0	4	core
OG0008438	1	1	1	1	0	4	core
OG0008439	1	1	1	1	0	4	core
OG0008440	1	1	1	1	0	4	core
OG0008441	1	1	1	1	0	4	core
OG0008442	1	1	1	1	0	4	core
OG0008443	1	1	1	1	0	4	core
OG0008444	1	1	1	1	0	4	core
OG0008445	1	1	1	1	0	4	core
OG0008446	1	1	1	1	0	4	core
OG0008447	1	1	1	0	1	3	shell
OG0008448	1	1	1	1	0	4	core
OG0008449	1	1	1	1	0	4	core
OG0008450	1	1	1	1	0	4	core
OG0008451	1	1	1	1	0	4	core
OG0008452	1	1	1	1	0	4	core
OG0008453	1	1	1	1	0	4	core
OG0008454	1	1	0	1	1	3	shell
OG0008455	1	1	1	1	0	4	core
OG0008456	1	1	1	1	0	4	core
OG0008457	1	1	1	1	0	4	core
OG0008458	1	1	1	1	0	4	core
OG0008459	1	0	1	1	1	3	shell
OG0008460	1	1	1	1	0	4	core
OG0008461	1	1	1	1	0	4	core
OG0008462	1	1	1	1	0	4	core
OG0008463	1	1	1	1	0	4	core
OG0008464	1	1	1	1	0	4	core
OG0008465	1	1	1	1	0	4	core
OG0008466	1	1	1	1	0	4	core
OG0008467	1	1	1	1	0	4	core
OG0008468	1	1	1	1	0	4	core
OG0008469	1	1	1	1	0	4	core
OG0008470	1	1	1	1	0	4	core
OG0008471	1	1	1	1	0	4	core
OG0008472	1	1	1	1	0	4	core
OG0008473	1	1	1	1	0	4	core
OG0008474	1	1	1	1	0	4	core
OG0008475	1	1	1	1	0	4	core
OG0008476	1	0	1	2	0	3	shell
OG0008477	1	1	1	1	0	4	core
OG0008478	1	1	1	1	0	4	core
OG0008479	1	1	1	1	0	4	core
OG0008480	1	1	1	1	0	4	core
OG0008481	1	1	1	1	0	4	core
OG0008482	1	1	1	1	0	4	core
OG0008483	1	1	1	1	0	4	core
OG0008484	1	1	1	1	0	4	core
OG0008485	1	1	1	1	0	4	core
OG0008486	1	1	1	1	0	4	core
OG0008487	1	1	1	1	0	4	core
OG0008488	1	1	1	1	0	4	core
OG0008489	1	1	0	1	1	3	shell
OG0008490	1	1	1	1	0	4	core
OG0008491	1	1	1	1	0	4	core
OG0008492	1	1	1	1	0	4	core
OG0008493	1	1	1	1	0	4	core
OG0008494	1	1	1	1	0	4	core
OG0008495	1	1	1	1	0	4	core
OG0008496	1	1	1	1	0	4	core
OG0008497	1	1	1	1	0	4	core
OG0008498	1	1	1	1	0	4	core
OG0008499	1	1	1	1	0	4	core
OG0008500	1	1	1	1	0	4	core
OG0008501	1	1	1	1	0	4	core
OG0008502	1	1	1	1	0	4	core
OG0008503	1	1	1	1	0	4	core
OG0008504	1	1	1	1	0	4	core
OG0008505	1	0	1	2	0	3	shell
OG0008506	1	1	1	1	0	4	core
OG0008507	1	1	1	1	0	4	core
OG0008508	1	1	1	1	0	4	core
OG0008509	1	1	1	1	0	4	core
OG0008510	1	1	1	1	0	4	core
OG0008511	1	1	1	1	0	4	core
OG0008512	1	1	1	1	0	4	core
OG0008513	1	1	1	1	0	4	core
OG0008514	1	1	1	1	0	4	core
OG0008515	1	1	1	1	0	4	core
OG0008516	1	1	0	1	1	3	shell
OG0008517	1	1	1	1	0	4	core
OG0008518	1	1	1	1	0	4	core
OG0008519	1	1	1	1	0	4	core
OG0008520	1	1	1	1	0	4	core
OG0008521	1	1	1	1	0	4	core
OG0008522	1	1	1	1	0	4	core
OG0008523	1	1	1	1	0	4	core
OG0008524	1	1	1	1	0	4	core
OG0008525	1	1	1	1	0	4	core
OG0008526	1	1	1	1	0	4	core
OG0008527	1	1	1	1	0	4	core
OG0008528	1	1	1	1	0	4	core
OG0008529	1	1	1	1	0	4	core
OG0008530	1	1	1	1	0	4	core
OG0008531	1	1	1	1	0	4	core
OG0008532	1	1	1	1	0	4	core
OG0008533	1	1	0	1	1	3	shell
OG0008534	1	1	1	1	0	4	core
OG0008535	1	1	1	0	1	3	shell
OG0008536	1	1	1	1	0	4	core
OG0008537	1	1	1	1	0	4	core
OG0008538	1	0	1	1	1	3	shell
OG0008539	1	1	1	1	0	4	core
OG0008540	1	1	1	1	0	4	core
OG0008541	1	1	1	1	0	4	core
OG0008542	1	1	1	1	0	4	core
OG0008543	1	1	1	1	0	4	core
OG0008544	1	1	1	1	0	4	core
OG0008545	1	1	1	1	0	4	core
OG0008546	1	1	1	1	0	4	core
OG0008547	1	1	1	1	0	4	core
OG0008548	1	0	1	1	1	3	shell
OG0008549	1	1	1	1	0	4	core
OG0008550	1	1	1	1	0	4	core
OG0008551	1	1	1	1	0	4	core
OG0008552	1	1	1	1	0	4	core
OG0008553	1	1	0	1	1	3	shell
OG0008554	1	1	1	0	1	3	shell
OG0008555	1	1	1	1	0	4	core
OG0008556	1	1	0	2	0	3	shell
OG0008557	1	1	1	1	0	4	core
OG0008558	1	1	1	1	0	4	core
OG0008559	1	1	1	1	0	4	core
OG0008560	1	1	1	0	1	3	shell
OG0008561	1	1	1	1	0	4	core
OG0008562	1	1	1	1	0	4	core
OG0008563	1	1	1	0	1	3	shell
OG0008564	1	1	1	1	0	4	core
OG0008565	1	0	1	1	1	3	shell
OG0008566	1	1	1	1	0	4	core
OG0008567	1	1	1	1	0	4	core
OG0008568	1	1	1	1	0	4	core
OG0008569	1	1	1	0	1	3	shell
OG0008570	1	1	1	1	0	4	core
OG0008571	1	1	1	1	0	4	core
OG0008572	1	1	1	1	0	4	core
OG0008573	1	1	1	1	0	4	core
OG0008574	1	1	1	1	0	4	core
OG0008575	1	0	1	1	1	3	shell
OG0008576	1	0	1	1	1	3	shell
OG0008577	1	0	1	1	1	3	shell
OG0008578	1	0	1	1	1	3	shell
OG0008579	1	0	1	1	1	3	shell
OG0008580	1	0	1	1	1	3	shell
OG0008581	1	0	1	1	1	3	shell
OG0008582	1	0	1	1	1	3	shell
OG0008583	1	0	1	1	1	3	shell
OG0008584	1	0	1	1	1	3	shell
OG0008585	1	1	1	1	0	4	core
OG0008586	1	1	1	1	0	4	core
OG0008587	1	1	1	1	0	4	core
OG0008588	1	1	1	1	0	4	core
OG0008589	1	1	1	1	0	4	core
OG0008590	1	0	1	1	1	3	shell
OG0008591	1	1	1	1	0	4	core
OG0008592	1	1	0	0	2	2	shell
OG0008593	1	1	0	0	2	2	shell
OG0008594	1	1	1	1	0	4	core
OG0008595	1	1	1	1	0	4	core
OG0008596	1	1	1	1	0	4	core
OG0008597	1	1	1	1	0	4	core
OG0008598	1	1	1	1	0	4	core
OG0008599	1	1	1	1	0	4	core
OG0008600	1	1	1	1	0	4	core
OG0008601	1	1	1	1	0	4	core
OG0008602	1	1	1	1	0	4	core
OG0008603	1	1	1	1	0	4	core
OG0008604	1	1	1	1	0	4	core
OG0008605	1	1	1	1	0	4	core
OG0008606	1	1	1	1	0	4	core
OG0008607	1	1	1	1	0	4	core
OG0008608	1	1	1	1	0	4	core
OG0008609	1	1	1	1	0	4	core
OG0008610	1	1	1	1	0	4	core
OG0008611	1	1	1	1	0	4	core
OG0008612	1	1	1	1	0	4	core
OG0008613	1	1	0	1	1	3	shell
OG0008614	1	1	1	1	0	4	core
OG0008615	1	1	1	1	0	4	core
OG0008616	1	1	1	1	0	4	core
OG0008617	1	1	1	1	0	4	core
OG0008618	1	1	1	1	0	4	core
OG0008619	1	1	1	1	0	4	core
OG0008620	1	1	1	1	0	4	core
OG0008621	1	1	1	1	0	4	core
OG0008622	1	1	1	1	0	4	core
OG0008623	1	1	1	1	0	4	core
OG0008624	1	1	1	1	0	4	core
OG0008625	1	1	1	1	0	4	core
OG0008626	1	1	1	1	0	4	core
OG0008627	1	1	1	1	0	4	core
OG0008628	1	1	1	1	0	4	core
OG0008629	1	1	1	1	0	4	core
OG0008630	1	1	1	0	1	3	shell
OG0008631	1	1	1	1	0	4	core
OG0008632	1	0	1	1	1	3	shell
OG0008633	1	1	1	1	0	4	core
OG0008634	1	1	1	1	0	4	core
OG0008635	1	0	1	1	1	3	shell
OG0008636	1	1	0	1	1	3	shell
OG0008637	1	1	1	1	0	4	core
OG0008638	1	1	1	1	0	4	core
OG0008639	1	1	1	1	0	4	core
OG0008640	1	1	1	1	0	4	core
OG0008641	1	1	1	1	0	4	core
OG0008642	1	1	1	1	0	4	core
OG0008643	1	1	1	1	0	4	core
OG0008644	1	1	1	1	0	4	core
OG0008645	1	1	1	1	0	4	core
OG0008646	1	1	1	1	0	4	core
OG0008647	1	1	0	1	1	3	shell
OG0008648	1	1	1	1	0	4	core
OG0008649	1	1	1	1	0	4	core
OG0008650	1	0	1	1	1	3	shell
OG0008651	1	0	1	1	1	3	shell
OG0008652	1	0	1	1	1	3	shell
OG0008653	1	1	1	1	0	4	core
OG0008654	1	1	1	1	0	4	core
OG0008655	1	1	1	1	0	4	core
OG0008656	1	1	1	1	0	4	core
OG0008657	1	1	1	1	0	4	core
OG0008658	1	1	1	1	0	4	core
OG0008659	1	1	1	1	0	4	core
OG0008660	1	1	1	1	0	4	core
OG0008661	1	1	1	1	0	4	core
OG0008662	1	1	1	1	0	4	core
OG0008663	1	1	1	1	0	4	core
OG0008664	1	1	1	1	0	4	core
OG0008665	1	0	1	1	1	3	shell
OG0008666	1	1	0	1	1	3	shell
OG0008667	1	1	1	1	0	4	core
OG0008668	1	0	1	0	2	2	shell
OG0008669	1	1	1	1	0	4	core
OG0008670	1	1	1	1	0	4	core
OG0008671	1	1	1	1	0	4	core
OG0008672	1	1	1	1	0	4	core
OG0008673	1	1	1	1	0	4	core
OG0008674	1	1	1	1	0	4	core
OG0008675	1	1	1	1	0	4	core
OG0008676	1	1	1	1	0	4	core
OG0008677	1	1	1	1	0	4	core
OG0008678	1	1	1	1	0	4	core
OG0008679	1	1	1	1	0	4	core
OG0008680	1	1	1	1	0	4	core
OG0008681	2	1	0	0	1	2	shell
OG0008682	1	1	1	1	0	4	core
OG0008683	1	0	1	1	1	3	shell
OG0008684	1	1	0	0	2	2	shell
OG0008685	1	1	1	1	0	4	core
OG0008686	1	1	1	1	0	4	core
OG0008687	1	1	1	1	0	4	core
OG0008688	1	1	1	1	0	4	core
OG0008689	1	1	1	1	0	4	core
OG0008690	1	1	1	1	0	4	core
OG0008691	1	1	1	1	0	4	core
OG0008692	1	1	1	1	0	4	core
OG0008693	1	1	1	1	0	4	core
OG0008694	1	0	1	1	1	3	shell
OG0008695	1	1	1	1	0	4	core
OG0008696	1	1	1	0	1	3	shell
OG0008697	1	1	1	1	0	4	core
OG0008698	1	1	1	1	0	4	core
OG0008699	1	1	1	1	0	4	core
OG0008700	1	1	1	1	0	4	core
OG0008701	1	1	1	1	0	4	core
OG0008702	1	1	1	1	0	4	core
OG0008703	1	1	1	1	0	4	core
OG0008704	1	1	1	1	0	4	core
OG0008705	1	1	1	1	0	4	core
OG0008706	1	1	1	1	0	4	core
OG0008707	1	1	1	1	0	4	core
OG0008708	1	1	1	1	0	4	core
OG0008709	1	1	1	1	0	4	core
OG0008710	1	1	1	1	0	4	core
OG0008711	1	1	1	1	0	4	core
OG0008712	1	1	1	1	0	4	core
OG0008713	1	1	1	1	0	4	core
OG0008714	1	1	1	1	0	4	core
OG0008715	1	1	1	1	0	4	core
OG0008716	1	1	1	1	0	4	core
OG0008717	1	1	1	1	0	4	core
OG0008718	1	1	1	1	0	4	core
OG0008719	1	1	1	1	0	4	core
OG0008720	1	1	0	1	1	3	shell
OG0008721	1	1	1	1	0	4	core
OG0008722	1	1	1	1	0	4	core
OG0008723	1	1	1	1	0	4	core
OG0008724	1	1	1	1	0	4	core
OG0008725	1	1	1	1	0	4	core
OG0008726	1	0	1	1	1	3	shell
OG0008727	1	0	1	1	1	3	shell
OG0008728	1	0	1	1	1	3	shell
OG0008729	1	0	1	1	1	3	shell
OG0008730	1	1	1	1	0	4	core
OG0008731	1	1	1	1	0	4	core
OG0008732	1	1	1	1	0	4	core
OG0008733	1	1	1	1	0	4	core
OG0008734	1	1	1	1	0	4	core
OG0008735	1	1	1	1	0	4	core
OG0008736	1	1	1	1	0	4	core
OG0008737	1	1	1	1	0	4	core
OG0008738	1	1	1	1	0	4	core
OG0008739	1	1	1	1	0	4	core
OG0008740	1	1	1	1	0	4	core
OG0008741	1	1	1	1	0	4	core
OG0008742	1	1	1	1	0	4	core
OG0008743	1	1	1	1	0	4	core
OG0008744	1	1	1	1	0	4	core
OG0008745	1	0	1	1	1	3	shell
OG0008746	1	1	1	1	0	4	core
OG0008747	1	1	1	0	1	3	shell
OG0008748	1	1	1	1	0	4	core
OG0008749	1	1	1	1	0	4	core
OG0008750	1	1	1	1	0	4	core
OG0008751	1	1	1	1	0	4	core
OG0008752	1	1	1	1	0	4	core
OG0008753	1	1	1	1	0	4	core
OG0008754	1	1	1	1	0	4	core
OG0008755	1	1	1	1	0	4	core
OG0008756	1	1	1	1	0	4	core
OG0008757	1	1	1	1	0	4	core
OG0008758	1	1	1	1	0	4	core
OG0008759	1	1	1	1	0	4	core
OG0008760	1	1	1	1	0	4	core
OG0008761	1	1	1	1	0	4	core
OG0008762	1	1	1	1	0	4	core
OG0008763	1	1	0	1	1	3	shell
OG0008764	1	1	1	1	0	4	core
OG0008765	1	1	1	1	0	4	core
OG0008766	1	1	1	1	0	4	core
OG0008767	1	1	1	1	0	4	core
OG0008768	1	1	1	1	0	4	core
OG0008769	1	1	1	1	0	4	core
OG0008770	1	1	1	1	0	4	core
OG0008771	1	1	1	1	0	4	core
OG0008772	1	1	1	1	0	4	core
OG0008773	1	1	1	1	0	4	core
OG0008774	1	1	1	1	0	4	core
OG0008775	1	1	1	1	0	4	core
OG0008776	1	1	1	1	0	4	core
OG0008777	1	1	1	1	0	4	core
OG0008778	1	1	1	1	0	4	core
OG0008779	1	1	1	1	0	4	core
OG0008780	1	1	1	1	0	4	core
OG0008781	1	1	1	1	0	4	core
OG0008782	1	1	1	1	0	4	core
OG0008783	1	1	0	1	1	3	shell
OG0008784	1	1	1	1	0	4	core
OG0008785	1	1	1	1	0	4	core
OG0008786	1	1	0	0	2	2	shell
OG0008787	1	1	1	1	0	4	core
OG0008788	1	1	1	1	0	4	core
OG0008789	1	1	1	1	0	4	core
OG0008790	1	1	1	1	0	4	core
OG0008791	1	1	1	1	0	4	core
OG0008792	1	1	1	1	0	4	core
OG0008793	1	1	1	1	0	4	core
OG0008794	1	1	1	1	0	4	core
OG0008795	1	1	1	1	0	4	core
OG0008796	1	1	1	1	0	4	core
OG0008797	1	1	1	1	0	4	core
OG0008798	1	1	1	1	0	4	core
OG0008799	1	1	1	1	0	4	core
OG0008800	1	1	1	1	0	4	core
OG0008801	1	1	1	1	0	4	core
OG0008802	1	1	1	1	0	4	core
OG0008803	1	1	1	1	0	4	core
OG0008804	1	1	1	1	0	4	core
OG0008805	1	1	1	1	0	4	core
OG0008806	1	1	1	1	0	4	core
OG0008807	1	1	1	1	0	4	core
OG0008808	1	1	1	1	0	4	core
OG0008809	1	1	1	1	0	4	core
OG0008810	1	1	1	1	0	4	core
OG0008811	1	1	1	1	0	4	core
OG0008812	1	1	1	1	0	4	core
OG0008813	1	1	1	1	0	4	core
OG0008814	1	1	1	1	0	4	core
OG0008815	1	1	1	1	0	4	core
OG0008816	1	1	1	1	0	4	core
OG0008817	1	0	1	1	1	3	shell
OG0008818	1	0	1	1	1	3	shell
OG0008819	1	0	1	1	1	3	shell
OG0008820	1	0	1	1	1	3	shell
OG0008821	1	1	1	1	0	4	core
OG0008822	1	1	1	1	0	4	core
OG0008823	1	0	1	1	1	3	shell
OG0008824	1	1	1	1	0	4	core
OG0008825	1	1	1	1	0	4	core
OG0008826	1	1	1	1	0	4	core
OG0008827	1	1	1	1	0	4	core
OG0008828	1	1	1	1	0	4	core
OG0008829	1	1	1	1	0	4	core
OG0008830	1	1	1	1	0	4	core
OG0008831	1	1	1	1	0	4	core
OG0008832	1	1	1	1	0	4	core
OG0008833	1	1	1	1	0	4	core
OG0008834	1	1	1	1	0	4	core
OG0008835	1	1	1	1	0	4	core
OG0008836	1	1	1	1	0	4	core
OG0008837	1	1	1	1	0	4	core
OG0008838	1	1	1	1	0	4	core
OG0008839	1	1	1	1	0	4	core
OG0008840	1	1	1	1	0	4	core
OG0008841	1	1	1	1	0	4	core
OG0008842	1	1	1	1	0	4	core
OG0008843	1	1	1	1	0	4	core
OG0008844	1	1	1	1	0	4	core
OG0008845	1	1	1	1	0	4	core
OG0008846	1	1	1	1	0	4	core
OG0008847	1	1	1	1	0	4	core
OG0008848	1	1	1	1	0	4	core
OG0008849	1	1	1	1	0	4	core
OG0008850	1	1	1	1	0	4	core
OG0008851	1	0	1	1	1	3	shell
OG0008852	1	1	1	1	0	4	core
OG0008853	1	1	0	1	1	3	shell
OG0008854	1	1	1	1	0	4	core
OG0008855	1	1	1	1	0	4	core
OG0008856	1	1	1	1	0	4	core
OG0008857	1	1	1	1	0	4	core
OG0008858	1	1	1	1	0	4	core
OG0008859	1	1	1	1	0	4	core
OG0008860	1	1	1	1	0	4	core
OG0008861	1	1	1	1	0	4	core
OG0008862	1	1	1	1	0	4	core
OG0008863	1	0	1	1	1	3	shell
OG0008864	1	1	1	1	0	4	core
OG0008865	1	0	1	1	1	3	shell
OG0008866	1	1	1	0	1	3	shell
OG0008867	1	1	1	1	0	4	core
OG0008868	1	1	1	1	0	4	core
OG0008869	1	1	1	1	0	4	core
OG0008870	1	1	1	1	0	4	core
OG0008871	1	1	1	1	0	4	core
OG0008872	1	1	1	1	0	4	core
OG0008873	1	1	1	1	0	4	core
OG0008874	1	1	1	1	0	4	core
OG0008875	1	1	1	1	0	4	core
OG0008876	1	1	1	1	0	4	core
OG0008877	1	0	1	1	1	3	shell
OG0008878	1	1	1	1	0	4	core
OG0008879	1	1	1	1	0	4	core
OG0008880	1	1	1	1	0	4	core
OG0008881	1	0	1	1	1	3	shell
OG0008882	1	1	1	1	0	4	core
OG0008883	1	1	1	1	0	4	core
OG0008884	1	1	1	1	0	4	core
OG0008885	1	1	1	1	0	4	core
OG0008886	1	1	1	0	1	3	shell
OG0008887	1	1	1	1	0	4	core
OG0008888	1	1	1	1	0	4	core
OG0008889	1	1	1	1	0	4	core
OG0008890	1	1	1	1	0	4	core
OG0008891	1	1	1	1	0	4	core
OG0008892	1	1	1	1	0	4	core
OG0008893	1	1	1	1	0	4	core
OG0008894	1	1	1	1	0	4	core
OG0008895	1	1	1	1	0	4	core
OG0008896	1	1	1	1	0	4	core
OG0008897	1	1	1	1	0	4	core
OG0008898	1	1	1	1	0	4	core
OG0008899	1	1	1	1	0	4	core
OG0008900	1	1	1	1	0	4	core
OG0008901	1	1	1	1	0	4	core
OG0008902	1	1	1	1	0	4	core
OG0008903	1	1	1	1	0	4	core
OG0008904	1	1	1	1	0	4	core
OG0008905	1	1	1	1	0	4	core
OG0008906	1	1	1	1	0	4	core
OG0008907	1	1	1	1	0	4	core
OG0008908	1	1	1	1	0	4	core
OG0008909	1	1	1	1	0	4	core
OG0008910	1	1	1	1	0	4	core
OG0008911	1	1	1	1	0	4	core
OG0008912	1	1	1	1	0	4	core
OG0008913	1	1	1	1	0	4	core
OG0008914	1	1	1	1	0	4	core
OG0008915	1	1	1	1	0	4	core
OG0008916	1	1	1	1	0	4	core
OG0008917	1	1	1	1	0	4	core
OG0008918	1	1	1	1	0	4	core
OG0008919	1	1	1	1	0	4	core
OG0008920	1	1	1	1	0	4	core
OG0008921	1	1	1	1	0	4	core
OG0008922	1	1	1	1	0	4	core
OG0008923	1	1	1	1	0	4	core
OG0008924	1	1	1	1	0	4	core
OG0008925	1	1	1	1	0	4	core
OG0008926	1	1	1	1	0	4	core
OG0008927	1	1	1	1	0	4	core
OG0008928	1	1	1	1	0	4	core
OG0008929	1	1	1	1	0	4	core
OG0008930	1	1	1	1	0	4	core
OG0008931	1	1	1	1	0	4	core
OG0008932	1	1	1	1	0	4	core
OG0008933	1	1	1	1	0	4	core
OG0008934	1	1	1	1	0	4	core
OG0008935	1	1	1	1	0	4	core
OG0008936	1	1	1	1	0	4	core
OG0008937	1	1	1	1	0	4	core
OG0008938	1	1	1	1	0	4	core
OG0008939	1	1	1	0	1	3	shell
OG0008940	1	1	1	1	0	4	core
OG0008941	1	1	1	1	0	4	core
OG0008942	1	1	1	1	0	4	core
OG0008943	1	1	1	1	0	4	core
OG0008944	1	1	1	1	0	4	core
OG0008945	1	1	1	1	0	4	core
OG0008946	1	1	1	1	0	4	core
OG0008947	1	1	1	1	0	4	core
OG0008948	1	1	1	1	0	4	core
OG0008949	1	1	0	1	1	3	shell
OG0008950	1	1	1	1	0	4	core
OG0008951	1	1	1	1	0	4	core
OG0008952	1	0	1	2	0	3	shell
OG0008953	1	1	1	1	0	4	core
OG0008954	1	1	1	1	0	4	core
OG0008955	1	1	1	1	0	4	core
OG0008956	1	1	1	0	1	3	shell
OG0008957	1	1	1	1	0	4	core
OG0008958	1	1	1	1	0	4	core
OG0008959	1	1	1	1	0	4	core
OG0008960	1	1	1	1	0	4	core
OG0008961	1	1	1	1	0	4	core
OG0008962	1	1	1	1	0	4	core
OG0008963	1	1	1	1	0	4	core
OG0008964	1	1	1	1	0	4	core
OG0008965	1	1	1	1	0	4	core
OG0008966	1	1	1	1	0	4	core
OG0008967	1	1	0	1	1	3	shell
OG0008968	1	1	1	1	0	4	core
OG0008969	1	1	1	1	0	4	core
OG0008970	1	1	1	1	0	4	core
OG0008971	1	1	1	1	0	4	core
OG0008972	1	1	1	1	0	4	core
OG0008973	1	1	1	1	0	4	core
OG0008974	1	1	1	1	0	4	core
OG0008975	1	1	1	1	0	4	core
OG0008976	1	1	1	1	0	4	core
OG0008977	1	1	1	1	0	4	core
OG0008978	1	1	1	1	0	4	core
OG0008979	1	1	1	1	0	4	core
OG0008980	1	1	1	1	0	4	core
OG0008981	1	1	1	1	0	4	core
OG0008982	1	1	1	1	0	4	core
OG0008983	1	1	1	1	0	4	core
OG0008984	1	1	1	1	0	4	core
OG0008985	1	1	1	1	0	4	core
OG0008986	1	1	1	1	0	4	core
OG0008987	1	1	1	1	0	4	core
OG0008988	1	1	1	1	0	4	core
OG0008989	1	1	1	1	0	4	core
OG0008990	1	1	1	1	0	4	core
OG0008991	1	1	1	1	0	4	core
OG0008992	1	1	1	1	0	4	core
OG0008993	1	1	1	1	0	4	core
OG0008994	1	1	1	1	0	4	core
OG0008995	1	1	1	0	1	3	shell
OG0008996	1	1	1	1	0	4	core
OG0008997	1	1	1	1	0	4	core
OG0008998	1	0	1	1	1	3	shell
OG0008999	1	0	1	1	1	3	shell
OG0009000	1	0	1	1	1	3	shell
OG0009001	1	0	1	1	1	3	shell
OG0009002	1	0	1	1	1	3	shell
OG0009003	1	0	1	1	1	3	shell
OG0009004	1	1	1	1	0	4	core
OG0009005	1	1	1	1	0	4	core
OG0009006	1	1	1	1	0	4	core
OG0009007	1	1	1	1	0	4	core
OG0009008	1	1	1	1	0	4	core
OG0009009	1	1	1	1	0	4	core
OG0009010	1	1	1	1	0	4	core
OG0009011	1	1	1	1	0	4	core
OG0009012	1	1	1	1	0	4	core
OG0009013	1	1	1	1	0	4	core
OG0009014	1	1	1	0	1	3	shell
OG0009015	1	1	1	1	0	4	core
OG0009016	1	1	1	1	0	4	core
OG0009017	1	1	1	1	0	4	core
OG0009018	1	1	1	1	0	4	core
OG0009019	1	1	1	1	0	4	core
OG0009020	1	1	1	1	0	4	core
OG0009021	1	1	1	1	0	4	core
OG0009022	1	0	1	1	1	3	shell
OG0009023	1	1	1	1	0	4	core
OG0009024	1	1	1	1	0	4	core
OG0009025	1	1	1	1	0	4	core
OG0009026	1	1	1	1	0	4	core
OG0009027	1	1	1	1	0	4	core
OG0009028	1	1	1	1	0	4	core
OG0009029	1	1	1	1	0	4	core
OG0009030	1	1	1	1	0	4	core
OG0009031	1	1	1	1	0	4	core
OG0009032	1	1	1	1	0	4	core
OG0009033	1	1	1	1	0	4	core
OG0009034	1	1	1	1	0	4	core
OG0009035	1	1	1	1	0	4	core
OG0009036	1	1	1	0	1	3	shell
OG0009037	1	1	1	1	0	4	core
OG0009038	1	0	1	1	1	3	shell
OG0009039	1	1	1	1	0	4	core
OG0009040	1	1	1	1	0	4	core
OG0009041	1	1	1	1	0	4	core
OG0009042	1	1	1	1	0	4	core
OG0009043	1	1	1	1	0	4	core
OG0009044	1	1	1	1	0	4	core
OG0009045	1	1	0	1	1	3	shell
OG0009046	1	1	1	1	0	4	core
OG0009047	1	1	1	1	0	4	core
OG0009048	1	1	1	1	0	4	core
OG0009049	1	1	1	1	0	4	core
OG0009050	1	1	1	1	0	4	core
OG0009051	1	1	1	1	0	4	core
OG0009052	1	1	1	1	0	4	core
OG0009053	1	1	1	1	0	4	core
OG0009054	1	0	1	1	1	3	shell
OG0009055	1	1	1	1	0	4	core
OG0009056	1	1	1	1	0	4	core
OG0009057	1	0	1	1	1	3	shell
OG0009058	1	1	1	1	0	4	core
OG0009059	1	1	1	1	0	4	core
OG0009060	1	1	1	0	1	3	shell
OG0009061	1	1	1	1	0	4	core
OG0009062	1	1	1	1	0	4	core
OG0009063	1	1	1	1	0	4	core
OG0009064	1	1	1	1	0	4	core
OG0009065	1	0	1	1	1	3	shell
OG0009066	1	1	1	1	0	4	core
OG0009067	1	1	1	1	0	4	core
OG0009068	1	1	1	1	0	4	core
OG0009069	1	1	1	1	0	4	core
OG0009070	1	1	1	1	0	4	core
OG0009071	1	0	1	1	1	3	shell
OG0009072	1	1	1	1	0	4	core
OG0009073	1	1	1	1	0	4	core
OG0009074	1	1	1	1	0	4	core
OG0009075	1	1	1	1	0	4	core
OG0009076	1	1	1	1	0	4	core
OG0009077	1	1	1	1	0	4	core
OG0009078	1	1	1	1	0	4	core
OG0009079	1	1	1	1	0	4	core
OG0009080	1	0	1	1	1	3	shell
OG0009081	1	1	1	1	0	4	core
OG0009082	1	1	1	1	0	4	core
OG0009083	1	1	1	1	0	4	core
OG0009084	1	1	1	1	0	4	core
OG0009085	1	1	0	1	1	3	shell
OG0009086	1	1	1	1	0	4	core
OG0009087	1	1	1	1	0	4	core
OG0009088	1	1	1	1	0	4	core
OG0009089	1	1	1	1	0	4	core
OG0009090	1	1	1	1	0	4	core
OG0009091	1	1	1	1	0	4	core
OG0009092	1	1	1	1	0	4	core
OG0009093	1	0	1	1	1	3	shell
OG0009094	1	1	1	1	0	4	core
OG0009095	1	1	1	1	0	4	core
OG0009096	1	1	1	1	0	4	core
OG0009097	1	1	1	1	0	4	core
OG0009098	1	1	1	1	0	4	core
OG0009099	1	1	1	1	0	4	core
OG0009100	1	1	1	1	0	4	core
OG0009101	1	1	1	1	0	4	core
OG0009102	1	1	1	1	0	4	core
OG0009103	1	1	1	1	0	4	core
OG0009104	1	1	1	1	0	4	core
OG0009105	1	1	1	1	0	4	core
OG0009106	1	1	1	1	0	4	core
OG0009107	1	1	1	1	0	4	core
OG0009108	1	1	1	1	0	4	core
OG0009109	1	1	1	1	0	4	core
OG0009110	1	1	1	1	0	4	core
OG0009111	1	1	1	1	0	4	core
OG0009112	1	1	1	1	0	4	core
OG0009113	1	1	1	1	0	4	core
OG0009114	1	1	1	1	0	4	core
OG0009115	1	1	1	1	0	4	core
OG0009116	1	1	1	1	0	4	core
OG0009117	1	1	1	1	0	4	core
OG0009118	1	1	1	1	0	4	core
OG0009119	1	1	1	1	0	4	core
OG0009120	1	1	1	1	0	4	core
OG0009121	1	1	1	1	0	4	core
OG0009122	1	1	1	1	0	4	core
OG0009123	1	1	1	1	0	4	core
OG0009124	1	1	1	1	0	4	core
OG0009125	1	1	1	1	0	4	core
OG0009126	1	1	1	1	0	4	core
OG0009127	1	1	1	1	0	4	core
OG0009128	1	1	1	1	0	4	core
OG0009129	1	1	1	1	0	4	core
OG0009130	1	1	1	1	0	4	core
OG0009131	1	1	1	1	0	4	core
OG0009132	1	1	1	1	0	4	core
OG0009133	1	1	1	1	0	4	core
OG0009134	1	1	1	1	0	4	core
OG0009135	1	1	1	1	0	4	core
OG0009136	1	1	1	1	0	4	core
OG0009137	1	1	1	0	1	3	shell
OG0009138	1	1	1	1	0	4	core
OG0009139	1	1	1	1	0	4	core
OG0009140	1	1	1	1	0	4	core
OG0009141	1	1	1	1	0	4	core
OG0009142	1	1	1	1	0	4	core
OG0009143	1	1	1	1	0	4	core
OG0009144	1	1	1	0	1	3	shell
OG0009145	1	1	1	1	0	4	core
OG0009146	1	1	1	1	0	4	core
OG0009147	1	0	1	1	1	3	shell
OG0009148	1	1	1	1	0	4	core
OG0009149	1	1	1	1	0	4	core
OG0009150	1	1	1	1	0	4	core
OG0009151	1	0	1	1	1	3	shell
OG0009152	1	1	1	1	0	4	core
OG0009153	1	1	1	1	0	4	core
OG0009154	1	1	1	1	0	4	core
OG0009155	1	1	0	1	1	3	shell
OG0009156	1	1	1	1	0	4	core
OG0009157	1	0	1	1	1	3	shell
OG0009158	1	1	1	1	0	4	core
OG0009159	1	1	1	1	0	4	core
OG0009160	1	1	1	0	1	3	shell
OG0009161	1	1	2	0	0	3	shell
OG0009162	1	1	1	1	0	4	core
OG0009163	1	1	1	1	0	4	core
OG0009164	1	1	1	1	0	4	core
OG0009165	1	1	1	1	0	4	core
OG0009166	1	1	1	1	0	4	core
OG0009167	1	1	1	1	0	4	core
OG0009168	1	1	1	1	0	4	core
OG0009169	1	1	1	1	0	4	core
OG0009170	1	1	1	1	0	4	core
OG0009171	1	1	1	1	0	4	core
OG0009172	1	1	1	1	0	4	core
OG0009173	1	1	1	1	0	4	core
OG0009174	1	1	1	1	0	4	core
OG0009175	1	1	1	1	0	4	core
OG0009176	1	1	1	1	0	4	core
OG0009177	1	1	1	1	0	4	core
OG0009178	1	1	1	1	0	4	core
OG0009179	1	1	1	1	0	4	core
OG0009180	1	1	1	1	0	4	core
OG0009181	1	1	1	1	0	4	core
OG0009182	1	1	1	1	0	4	core
OG0009183	1	1	1	1	0	4	core
OG0009184	1	1	1	1	0	4	core
OG0009185	1	1	0	1	1	3	shell
OG0009186	1	1	1	1	0	4	core
OG0009187	1	1	1	1	0	4	core
OG0009188	1	1	1	1	0	4	core
OG0009189	1	1	1	1	0	4	core
OG0009190	1	1	1	1	0	4	core
OG0009191	1	1	1	1	0	4	core
OG0009192	1	1	1	1	0	4	core
OG0009193	1	1	1	1	0	4	core
OG0009194	1	1	1	1	0	4	core
OG0009195	1	1	1	1	0	4	core
OG0009196	1	1	1	1	0	4	core
OG0009197	1	1	1	1	0	4	core
OG0009198	1	1	1	1	0	4	core
OG0009199	1	1	1	1	0	4	core
OG0009200	1	1	1	1	0	4	core
OG0009201	1	1	1	1	0	4	core
OG0009202	1	0	1	1	1	3	shell
OG0009203	1	0	1	1	1	3	shell
OG0009204	1	1	1	1	0	4	core
OG0009205	1	1	0	1	1	3	shell
OG0009206	1	1	1	1	0	4	core
OG0009207	1	1	1	1	0	4	core
OG0009208	1	1	1	1	0	4	core
OG0009209	1	1	1	1	0	4	core
OG0009210	1	1	1	1	0	4	core
OG0009211	1	1	1	1	0	4	core
OG0009212	1	0	1	1	1	3	shell
OG0009213	1	1	1	1	0	4	core
OG0009214	1	1	1	1	0	4	core
OG0009215	1	1	1	1	0	4	core
OG0009216	1	1	1	1	0	4	core
OG0009217	1	1	1	1	0	4	core
OG0009218	1	1	1	1	0	4	core
OG0009219	1	1	1	1	0	4	core
OG0009220	1	1	1	1	0	4	core
OG0009221	1	0	1	0	2	2	shell
OG0009222	1	1	1	1	0	4	core
OG0009223	1	1	1	1	0	4	core
OG0009224	1	1	1	1	0	4	core
OG0009225	1	1	1	1	0	4	core
OG0009226	1	1	1	1	0	4	core
OG0009227	1	1	1	1	0	4	core
OG0009228	1	1	0	1	1	3	shell
OG0009229	1	1	1	1	0	4	core
OG0009230	1	1	1	1	0	4	core
OG0009231	1	1	1	1	0	4	core
OG0009232	1	1	1	1	0	4	core
OG0009233	1	1	1	1	0	4	core
OG0009234	1	1	1	1	0	4	core
OG0009235	1	1	1	1	0	4	core
OG0009236	1	1	1	1	0	4	core
OG0009237	1	1	1	1	0	4	core
OG0009238	1	1	1	1	0	4	core
OG0009239	1	1	1	1	0	4	core
OG0009240	1	1	1	1	0	4	core
OG0009241	1	1	1	1	0	4	core
OG0009242	1	1	1	1	0	4	core
OG0009243	1	1	1	1	0	4	core
OG0009244	1	1	1	1	0	4	core
OG0009245	1	1	1	1	0	4	core
OG0009246	1	1	1	1	0	4	core
OG0009247	1	1	1	1	0	4	core
OG0009248	1	1	1	1	0	4	core
OG0009249	1	1	1	1	0	4	core
OG0009250	1	0	1	1	1	3	shell
OG0009251	1	1	1	1	0	4	core
OG0009252	1	1	1	1	0	4	core
OG0009253	1	1	1	1	0	4	core
OG0009254	1	1	1	1	0	4	core
OG0009255	1	1	1	1	0	4	core
OG0009256	1	1	1	1	0	4	core
OG0009257	1	1	1	1	0	4	core
OG0009258	1	1	1	1	0	4	core
OG0009259	1	1	1	1	0	4	core
OG0009260	1	1	1	1	0	4	core
OG0009261	1	1	1	1	0	4	core
OG0009262	1	1	1	1	0	4	core
OG0009263	1	1	1	1	0	4	core
OG0009264	1	1	1	0	1	3	shell
OG0009265	1	1	1	1	0	4	core
OG0009266	1	1	1	1	0	4	core
OG0009267	1	1	1	1	0	4	core
OG0009268	1	1	1	1	0	4	core
OG0009269	1	1	1	1	0	4	core
OG0009270	1	1	1	1	0	4	core
OG0009271	1	1	1	1	0	4	core
OG0009272	1	1	1	1	0	4	core
OG0009273	1	1	1	1	0	4	core
OG0009274	1	1	1	1	0	4	core
OG0009275	1	1	1	1	0	4	core
OG0009276	1	1	1	1	0	4	core
OG0009277	1	1	1	1	0	4	core
OG0009278	1	1	1	1	0	4	core
OG0009279	1	1	1	1	0	4	core
OG0009280	1	1	1	1	0	4	core
OG0009281	1	1	1	1	0	4	core
OG0009282	1	1	1	1	0	4	core
OG0009283	1	1	1	1	0	4	core
OG0009284	1	1	1	1	0	4	core
OG0009285	1	1	1	1	0	4	core
OG0009286	1	1	0	1	1	3	shell
OG0009287	1	1	1	1	0	4	core
OG0009288	1	1	1	1	0	4	core
OG0009289	1	1	1	1	0	4	core
OG0009290	1	1	1	1	0	4	core
OG0009291	1	1	1	1	0	4	core
OG0009292	1	1	1	1	0	4	core
OG0009293	1	1	1	1	0	4	core
OG0009294	1	1	1	1	0	4	core
OG0009295	1	1	1	1	0	4	core
OG0009296	1	1	1	1	0	4	core
OG0009297	1	1	1	1	0	4	core
OG0009298	1	1	1	1	0	4	core
OG0009299	1	0	1	1	1	3	shell
OG0009300	1	1	1	1	0	4	core
OG0009301	1	1	1	1	0	4	core
OG0009302	1	1	1	1	0	4	core
OG0009303	1	1	1	1	0	4	core
OG0009304	1	1	1	1	0	4	core
OG0009305	1	1	1	1	0	4	core
OG0009306	1	1	1	1	0	4	core
OG0009307	1	1	1	1	0	4	core
OG0009308	1	1	1	1	0	4	core
OG0009309	1	1	1	1	0	4	core
OG0009310	1	1	1	1	0	4	core
OG0009311	1	1	0	1	1	3	shell
OG0009312	1	1	1	1	0	4	core
OG0009313	1	1	1	1	0	4	core
OG0009314	1	0	1	1	1	3	shell
OG0009315	1	1	1	1	0	4	core
OG0009316	1	1	1	1	0	4	core
OG0009317	1	1	1	1	0	4	core
OG0009318	1	1	1	1	0	4	core
OG0009319	1	1	1	1	0	4	core
OG0009320	1	1	1	1	0	4	core
OG0009321	1	1	1	1	0	4	core
OG0009322	1	1	1	1	0	4	core
OG0009323	1	1	1	1	0	4	core
OG0009324	1	1	1	1	0	4	core
OG0009325	1	1	1	1	0	4	core
OG0009326	1	1	0	1	1	3	shell
OG0009327	1	1	1	0	1	3	shell
OG0009328	1	1	1	1	0	4	core
OG0009329	1	1	1	1	0	4	core
OG0009330	1	1	1	1	0	4	core
OG0009331	1	1	1	1	0	4	core
OG0009332	1	1	1	1	0	4	core
OG0009333	1	1	1	1	0	4	core
OG0009334	1	1	1	1	0	4	core
OG0009335	1	1	1	1	0	4	core
OG0009336	1	1	0	1	1	3	shell
OG0009337	1	1	1	1	0	4	core
OG0009338	1	0	1	1	1	3	shell
OG0009339	1	1	1	1	0	4	core
OG0009340	1	1	1	1	0	4	core
OG0009341	1	1	1	1	0	4	core
OG0009342	1	1	1	1	0	4	core
OG0009343	1	1	1	1	0	4	core
OG0009344	1	1	1	1	0	4	core
OG0009345	1	1	1	1	0	4	core
OG0009346	1	1	1	1	0	4	core
OG0009347	1	1	1	1	0	4	core
OG0009348	1	1	1	1	0	4	core
OG0009349	1	1	1	1	0	4	core
OG0009350	1	1	1	1	0	4	core
OG0009351	1	1	1	1	0	4	core
OG0009352	1	1	1	1	0	4	core
OG0009353	1	1	1	1	0	4	core
OG0009354	1	1	1	1	0	4	core
OG0009355	1	1	1	1	0	4	core
OG0009356	1	1	1	1	0	4	core
OG0009357	1	1	1	1	0	4	core
OG0009358	1	1	1	1	0	4	core
OG0009359	1	1	1	1	0	4	core
OG0009360	1	1	1	1	0	4	core
OG0009361	1	0	1	1	1	3	shell
OG0009362	1	1	1	1	0	4	core
OG0009363	1	1	1	1	0	4	core
OG0009364	1	1	1	0	1	3	shell
OG0009365	1	1	1	1	0	4	core
OG0009366	1	1	1	1	0	4	core
OG0009367	1	0	1	1	1	3	shell
OG0009368	1	0	1	1	1	3	shell
OG0009369	1	1	1	1	0	4	core
OG0009370	1	1	1	1	0	4	core
OG0009371	1	1	1	1	0	4	core
OG0009372	1	1	1	1	0	4	core
OG0009373	1	1	1	1	0	4	core
OG0009374	1	1	1	1	0	4	core
OG0009375	1	0	1	1	1	3	shell
OG0009376	1	1	1	1	0	4	core
OG0009377	1	1	1	1	0	4	core
OG0009378	1	1	1	1	0	4	core
OG0009379	1	0	1	1	1	3	shell
OG0009380	1	1	1	1	0	4	core
OG0009381	1	0	1	1	1	3	shell
OG0009382	1	1	0	0	2	2	shell
OG0009383	1	1	1	1	0	4	core
OG0009384	1	1	1	1	0	4	core
OG0009385	1	0	1	1	1	3	shell
OG0009386	1	1	0	1	1	3	shell
OG0009387	1	1	1	1	0	4	core
OG0009388	1	1	1	1	0	4	core
OG0009389	1	1	0	1	1	3	shell
OG0009390	1	1	1	1	0	4	core
OG0009391	1	1	1	1	0	4	core
OG0009392	1	1	1	1	0	4	core
OG0009393	1	1	1	1	0	4	core
OG0009394	1	1	1	1	0	4	core
OG0009395	1	1	1	1	0	4	core
OG0009396	1	1	1	1	0	4	core
OG0009397	1	1	0	1	1	3	shell
OG0009398	1	1	1	1	0	4	core
OG0009399	1	1	1	1	0	4	core
OG0009400	1	1	1	1	0	4	core
OG0009401	1	1	1	1	0	4	core
OG0009402	1	1	1	1	0	4	core
OG0009403	1	1	1	1	0	4	core
OG0009404	1	1	1	0	1	3	shell
OG0009405	1	1	1	1	0	4	core
OG0009406	1	1	1	1	0	4	core
OG0009407	1	1	1	1	0	4	core
OG0009408	1	1	1	1	0	4	core
OG0009409	1	1	1	1	0	4	core
OG0009410	1	1	1	1	0	4	core
OG0009411	1	1	1	1	0	4	core
OG0009412	1	1	1	1	0	4	core
OG0009413	1	1	1	1	0	4	core
OG0009414	1	1	1	1	0	4	core
OG0009415	1	1	1	1	0	4	core
OG0009416	1	0	1	1	1	3	shell
OG0009417	1	1	1	1	0	4	core
OG0009418	1	1	1	1	0	4	core
OG0009419	1	1	1	1	0	4	core
OG0009420	1	1	1	1	0	4	core
OG0009421	1	1	1	1	0	4	core
OG0009422	1	1	1	1	0	4	core
OG0009423	1	1	1	1	0	4	core
OG0009424	1	1	1	0	1	3	shell
OG0009425	1	1	1	1	0	4	core
OG0009426	1	1	1	1	0	4	core
OG0009427	1	1	1	1	0	4	core
OG0009428	1	1	1	0	1	3	shell
OG0009429	1	1	1	1	0	4	core
OG0009430	1	1	1	1	0	4	core
OG0009431	1	1	1	1	0	4	core
OG0009432	1	1	1	1	0	4	core
OG0009433	1	1	1	1	0	4	core
OG0009434	1	1	1	1	0	4	core
OG0009435	1	1	1	1	0	4	core
OG0009436	1	1	1	1	0	4	core
OG0009437	1	1	1	1	0	4	core
OG0009438	1	1	1	1	0	4	core
OG0009439	1	1	1	0	1	3	shell
OG0009440	1	1	1	1	0	4	core
OG0009441	1	1	1	1	0	4	core
OG0009442	1	1	1	1	0	4	core
OG0009443	1	1	1	0	1	3	shell
OG0009444	1	1	1	1	0	4	core
OG0009445	1	1	1	1	0	4	core
OG0009446	1	1	1	1	0	4	core
OG0009447	1	1	1	1	0	4	core
OG0009448	1	1	1	1	0	4	core
OG0009449	1	1	1	1	0	4	core
OG0009450	1	1	1	1	0	4	core
OG0009451	1	1	1	1	0	4	core
OG0009452	1	1	1	1	0	4	core
OG0009453	1	1	1	1	0	4	core
OG0009454	1	1	1	1	0	4	core
OG0009455	1	1	1	1	0	4	core
OG0009456	1	1	1	1	0	4	core
OG0009457	1	1	1	1	0	4	core
OG0009458	1	1	1	1	0	4	core
OG0009459	1	1	1	1	0	4	core
OG0009460	1	0	1	1	1	3	shell
OG0009461	1	1	1	1	0	4	core
OG0009462	1	1	1	1	0	4	core
OG0009463	1	1	1	0	1	3	shell
OG0009464	1	1	1	1	0	4	core
OG0009465	1	1	1	1	0	4	core
OG0009466	1	1	1	1	0	4	core
OG0009467	1	1	1	1	0	4	core
OG0009468	1	1	1	1	0	4	core
OG0009469	1	1	1	1	0	4	core
OG0009470	1	1	1	1	0	4	core
OG0009471	1	1	1	1	0	4	core
OG0009472	1	1	1	1	0	4	core
OG0009473	1	1	1	1	0	4	core
OG0009474	1	1	1	1	0	4	core
OG0009475	1	1	1	1	0	4	core
OG0009476	1	1	1	1	0	4	core
OG0009477	1	1	1	0	1	3	shell
OG0009478	1	1	1	1	0	4	core
OG0009479	1	1	1	1	0	4	core
OG0009480	1	1	1	1	0	4	core
OG0009481	1	0	0	3	0	2	shell
OG0009482	1	1	1	1	0	4	core
OG0009483	1	1	1	1	0	4	core
OG0009484	1	1	1	1	0	4	core
OG0009485	1	1	1	1	0	4	core
OG0009486	1	1	1	1	0	4	core
OG0009487	1	1	1	1	0	4	core
OG0009488	1	1	1	1	0	4	core
OG0009489	1	1	1	1	0	4	core
OG0009490	1	1	1	1	0	4	core
OG0009491	1	1	1	1	0	4	core
OG0009492	1	1	1	1	0	4	core
OG0009493	1	1	1	1	0	4	core
OG0009494	1	1	0	1	1	3	shell
OG0009495	1	1	1	1	0	4	core
OG0009496	1	1	1	1	0	4	core
OG0009497	1	1	1	1	0	4	core
OG0009498	1	1	1	1	0	4	core
OG0009499	1	0	1	1	1	3	shell
OG0009500	1	1	1	1	0	4	core
OG0009501	1	1	1	1	0	4	core
OG0009502	1	1	1	1	0	4	core
OG0009503	1	1	1	1	0	4	core
OG0009504	1	1	1	1	0	4	core
OG0009505	1	1	1	1	0	4	core
OG0009506	1	1	1	1	0	4	core
OG0009507	1	1	1	1	0	4	core
OG0009508	1	1	0	1	1	3	shell
OG0009509	1	1	1	1	0	4	core
OG0009510	1	1	1	1	0	4	core
OG0009511	1	1	1	1	0	4	core
OG0009512	1	0	1	1	1	3	shell
OG0009513	1	1	1	1	0	4	core
OG0009514	1	0	1	1	1	3	shell
OG0009515	1	1	1	1	0	4	core
OG0009516	1	1	1	1	0	4	core
OG0009517	1	1	1	1	0	4	core
OG0009518	1	1	1	1	0	4	core
OG0009519	1	1	1	1	0	4	core
OG0009520	1	1	1	1	0	4	core
OG0009521	1	1	1	1	0	4	core
OG0009522	1	1	1	1	0	4	core
OG0009523	1	1	1	1	0	4	core
OG0009524	1	1	1	1	0	4	core
OG0009525	1	1	1	1	0	4	core
OG0009526	1	1	1	1	0	4	core
OG0009527	1	1	1	0	1	3	shell
OG0009528	1	1	1	0	1	3	shell
OG0009529	1	1	1	1	0	4	core
OG0009530	1	1	1	1	0	4	core
OG0009531	1	1	1	1	0	4	core
OG0009532	1	1	1	1	0	4	core
OG0009533	1	1	1	1	0	4	core
OG0009534	1	1	1	1	0	4	core
OG0009535	1	1	1	1	0	4	core
OG0009536	1	1	1	1	0	4	core
OG0009537	1	1	0	1	1	3	shell
OG0009538	1	0	1	1	1	3	shell
OG0009539	1	0	1	1	1	3	shell
OG0009540	1	0	1	1	1	3	shell
OG0009541	1	1	1	1	0	4	core
OG0009542	1	1	1	1	0	4	core
OG0009543	1	1	1	1	0	4	core
OG0009544	1	1	1	1	0	4	core
OG0009545	1	1	1	1	0	4	core
OG0009546	1	1	1	1	0	4	core
OG0009547	1	1	1	1	0	4	core
OG0009548	1	1	1	1	0	4	core
OG0009549	1	1	1	1	0	4	core
OG0009550	1	1	1	1	0	4	core
OG0009551	1	1	1	1	0	4	core
OG0009552	1	0	1	1	1	3	shell
OG0009553	1	1	1	1	0	4	core
OG0009554	1	1	1	0	1	3	shell
OG0009555	1	1	1	1	0	4	core
OG0009556	1	1	1	1	0	4	core
OG0009557	1	1	1	1	0	4	core
OG0009558	1	1	1	1	0	4	core
OG0009559	1	1	1	1	0	4	core
OG0009560	1	1	1	1	0	4	core
OG0009561	1	1	1	1	0	4	core
OG0009562	1	1	1	1	0	4	core
OG0009563	1	1	1	1	0	4	core
OG0009564	1	1	1	1	0	4	core
OG0009565	1	1	1	1	0	4	core
OG0009566	1	1	1	1	0	4	core
OG0009567	1	1	1	1	0	4	core
OG0009568	1	1	1	1	0	4	core
OG0009569	1	1	1	1	0	4	core
OG0009570	1	1	1	1	0	4	core
OG0009571	1	1	1	1	0	4	core
OG0009572	1	1	0	1	1	3	shell
OG0009573	1	1	1	1	0	4	core
OG0009574	1	1	1	1	0	4	core
OG0009575	1	1	1	1	0	4	core
OG0009576	1	0	1	1	1	3	shell
OG0009577	1	1	1	1	0	4	core
OG0009578	1	1	0	1	1	3	shell
OG0009579	1	1	1	1	0	4	core
OG0009580	1	1	1	1	0	4	core
OG0009581	1	1	1	1	0	4	core
OG0009582	1	1	1	1	0	4	core
OG0009583	1	1	1	1	0	4	core
OG0009584	1	1	1	1	0	4	core
OG0009585	1	1	1	1	0	4	core
OG0009586	1	1	1	1	0	4	core
OG0009587	1	1	1	1	0	4	core
OG0009588	1	1	1	1	0	4	core
OG0009589	1	1	1	1	0	4	core
OG0009590	1	1	1	1	0	4	core
OG0009591	1	1	1	1	0	4	core
OG0009592	1	1	1	1	0	4	core
OG0009593	1	1	1	1	0	4	core
OG0009594	1	1	1	1	0	4	core
OG0009595	1	1	1	1	0	4	core
OG0009596	1	1	1	1	0	4	core
OG0009597	1	1	1	1	0	4	core
OG0009598	1	1	1	1	0	4	core
OG0009599	1	1	1	1	0	4	core
OG0009600	1	1	1	1	0	4	core
OG0009601	1	1	1	1	0	4	core
OG0009602	1	1	1	1	0	4	core
OG0009603	1	0	1	1	1	3	shell
OG0009604	1	1	1	1	0	4	core
OG0009605	1	1	1	1	0	4	core
OG0009606	1	0	1	0	2	2	shell
OG0009607	1	1	1	1	0	4	core
OG0009608	1	1	1	1	0	4	core
OG0009609	1	1	1	1	0	4	core
OG0009610	1	1	1	1	0	4	core
OG0009611	1	1	1	1	0	4	core
OG0009612	1	1	1	1	0	4	core
OG0009613	1	1	1	1	0	4	core
OG0009614	1	1	1	1	0	4	core
OG0009615	1	2	1	0	0	3	shell
OG0009616	1	1	1	1	0	4	core
OG0009617	1	0	1	1	1	3	shell
OG0009618	1	0	1	1	1	3	shell
OG0009619	1	1	1	1	0	4	core
OG0009620	1	1	1	1	0	4	core
OG0009621	1	1	1	1	0	4	core
OG0009622	1	1	1	1	0	4	core
OG0009623	1	1	1	1	0	4	core
OG0009624	1	1	1	1	0	4	core
OG0009625	1	1	1	1	0	4	core
OG0009626	1	1	1	1	0	4	core
OG0009627	1	1	1	1	0	4	core
OG0009628	1	1	1	0	1	3	shell
OG0009629	1	1	1	1	0	4	core
OG0009630	1	1	1	1	0	4	core
OG0009631	1	1	1	1	0	4	core
OG0009632	1	1	1	1	0	4	core
OG0009633	1	1	1	1	0	4	core
OG0009634	1	0	1	0	2	2	shell
OG0009635	1	1	1	1	0	4	core
OG0009636	1	1	1	1	0	4	core
OG0009637	1	1	1	1	0	4	core
OG0009638	1	1	1	1	0	4	core
OG0009639	1	1	1	1	0	4	core
OG0009640	1	1	0	1	1	3	shell
OG0009641	1	1	1	0	1	3	shell
OG0009642	1	1	1	1	0	4	core
OG0009643	1	1	1	1	0	4	core
OG0009644	1	1	1	1	0	4	core
OG0009645	1	1	1	1	0	4	core
OG0009646	1	1	1	1	0	4	core
OG0009647	1	1	1	1	0	4	core
OG0009648	1	1	1	1	0	4	core
OG0009649	1	1	0	1	1	3	shell
OG0009650	1	1	1	1	0	4	core
OG0009651	1	1	1	1	0	4	core
OG0009652	1	1	1	1	0	4	core
OG0009653	1	1	1	1	0	4	core
OG0009654	1	1	1	1	0	4	core
OG0009655	1	1	1	1	0	4	core
OG0009656	1	1	1	1	0	4	core
OG0009657	1	1	1	1	0	4	core
OG0009658	1	1	1	1	0	4	core
OG0009659	1	1	1	1	0	4	core
OG0009660	1	1	1	1	0	4	core
OG0009661	1	1	1	1	0	4	core
OG0009662	1	1	1	1	0	4	core
OG0009663	1	1	0	1	1	3	shell
OG0009664	1	1	1	1	0	4	core
OG0009665	1	1	1	1	0	4	core
OG0009666	1	1	1	1	0	4	core
OG0009667	1	1	1	1	0	4	core
OG0009668	1	1	1	1	0	4	core
OG0009669	1	1	1	1	0	4	core
OG0009670	1	1	1	1	0	4	core
OG0009671	1	0	1	1	1	3	shell
OG0009672	1	1	1	1	0	4	core
OG0009673	1	1	1	1	0	4	core
OG0009674	1	1	1	1	0	4	core
OG0009675	1	1	1	1	0	4	core
OG0009676	1	1	1	1	0	4	core
OG0009677	1	1	1	1	0	4	core
OG0009678	1	0	1	1	1	3	shell
OG0009679	1	1	1	1	0	4	core
OG0009680	1	1	1	1	0	4	core
OG0009681	1	1	1	1	0	4	core
OG0009682	1	1	1	1	0	4	core
OG0009683	1	1	1	1	0	4	core
OG0009684	1	1	1	1	0	4	core
OG0009685	1	1	1	1	0	4	core
OG0009686	1	1	0	1	1	3	shell
OG0009687	1	1	1	1	0	4	core
OG0009688	1	1	1	1	0	4	core
OG0009689	1	1	0	1	1	3	shell
OG0009690	1	1	0	1	1	3	shell
OG0009691	1	1	1	1	0	4	core
OG0009692	1	1	1	1	0	4	core
OG0009693	1	1	1	1	0	4	core
OG0009694	1	1	1	1	0	4	core
OG0009695	1	1	1	1	0	4	core
OG0009696	1	1	1	1	0	4	core
OG0009697	1	1	1	1	0	4	core
OG0009698	1	1	1	1	0	4	core
OG0009699	1	0	1	1	1	3	shell
OG0009700	1	1	1	1	0	4	core
OG0009701	1	1	1	1	0	4	core
OG0009702	1	1	1	1	0	4	core
OG0009703	1	1	1	1	0	4	core
OG0009704	1	1	1	1	0	4	core
OG0009705	1	1	0	2	0	3	shell
OG0009706	1	1	1	1	0	4	core
OG0009707	1	1	1	1	0	4	core
OG0009708	1	1	0	1	1	3	shell
OG0009709	1	1	1	1	0	4	core
OG0009710	1	1	1	1	0	4	core
OG0009711	1	1	0	1	1	3	shell
OG0009712	1	1	1	1	0	4	core
OG0009713	1	0	1	1	1	3	shell
OG0009714	1	1	1	0	1	3	shell
OG0009715	1	1	0	0	2	2	shell
OG0009716	1	1	1	1	0	4	core
OG0009717	1	1	1	0	1	3	shell
OG0009718	1	1	1	1	0	4	core
OG0009719	1	1	1	1	0	4	core
OG0009720	1	1	1	1	0	4	core
OG0009721	1	1	1	1	0	4	core
OG0009722	1	1	1	1	0	4	core
OG0009723	1	1	1	1	0	4	core
OG0009724	1	1	1	1	0	4	core
OG0009725	1	1	1	1	0	4	core
OG0009726	1	1	1	1	0	4	core
OG0009727	1	1	1	1	0	4	core
OG0009728	1	1	1	1	0	4	core
OG0009729	1	1	1	1	0	4	core
OG0009730	1	1	1	1	0	4	core
OG0009731	1	1	1	1	0	4	core
OG0009732	1	1	1	1	0	4	core
OG0009733	1	0	1	1	1	3	shell
OG0009734	1	0	1	1	1	3	shell
OG0009735	1	1	1	1	0	4	core
OG0009736	1	1	1	1	0	4	core
OG0009737	1	1	1	1	0	4	core
OG0009738	1	1	1	1	0	4	core
OG0009739	1	1	1	1	0	4	core
OG0009740	1	1	1	1	0	4	core
OG0009741	1	1	1	1	0	4	core
OG0009742	1	1	1	1	0	4	core
OG0009743	1	1	1	1	0	4	core
OG0009744	1	1	1	1	0	4	core
OG0009745	1	1	1	0	1	3	shell
OG0009746	1	1	1	0	1	3	shell
OG0009747	1	0	1	2	0	3	shell
OG0009748	1	1	1	1	0	4	core
OG0009749	1	1	1	1	0	4	core
OG0009750	1	1	1	1	0	4	core
OG0009751	1	1	1	1	0	4	core
OG0009752	1	1	1	1	0	4	core
OG0009753	1	1	1	1	0	4	core
OG0009754	1	1	1	1	0	4	core
OG0009755	1	1	1	1	0	4	core
OG0009756	1	1	1	1	0	4	core
OG0009757	1	1	1	1	0	4	core
OG0009758	1	1	1	1	0	4	core
OG0009759	1	1	1	1	0	4	core
OG0009760	1	1	1	1	0	4	core
OG0009761	1	1	1	1	0	4	core
OG0009762	1	1	1	1	0	4	core
OG0009763	1	1	1	1	0	4	core
OG0009764	1	1	1	1	0	4	core
OG0009765	1	1	1	1	0	4	core
OG0009766	1	1	0	1	1	3	shell
OG0009767	1	1	1	1	0	4	core
OG0009768	1	1	1	1	0	4	core
OG0009769	1	1	1	1	0	4	core
OG0009770	1	1	1	1	0	4	core
OG0009771	1	1	1	1	0	4	core
OG0009772	1	1	1	1	0	4	core
OG0009773	1	1	0	1	1	3	shell
OG0009774	1	1	1	1	0	4	core
OG0009775	1	1	1	1	0	4	core
OG0009776	1	1	1	1	0	4	core
OG0009777	1	1	0	1	1	3	shell
OG0009778	1	1	1	1	0	4	core
OG0009779	1	1	1	1	0	4	core
OG0009780	1	1	1	1	0	4	core
OG0009781	1	1	1	1	0	4	core
OG0009782	1	1	1	1	0	4	core
OG0009783	1	1	1	1	0	4	core
OG0009784	1	1	1	1	0	4	core
OG0009785	1	1	1	1	0	4	core
OG0009786	1	1	1	1	0	4	core
OG0009787	1	1	1	1	0	4	core
OG0009788	1	1	1	1	0	4	core
OG0009789	1	1	1	1	0	4	core
OG0009790	1	1	1	1	0	4	core
OG0009791	1	0	1	1	1	3	shell
OG0009792	1	1	1	1	0	4	core
OG0009793	1	1	1	1	0	4	core
OG0009794	1	1	1	1	0	4	core
OG0009795	1	1	1	1	0	4	core
OG0009796	1	1	1	1	0	4	core
OG0009797	1	1	1	1	0	4	core
OG0009798	1	1	1	1	0	4	core
OG0009799	1	0	1	1	1	3	shell
OG0009800	1	1	1	0	1	3	shell
OG0009801	1	1	1	1	0	4	core
OG0009802	1	1	0	1	1	3	shell
OG0009803	1	1	1	1	0	4	core
OG0009804	1	1	1	1	0	4	core
OG0009805	1	1	1	1	0	4	core
OG0009806	1	0	1	1	1	3	shell
OG0009807	1	0	1	1	1	3	shell
OG0009808	1	1	1	1	0	4	core
OG0009809	1	1	1	1	0	4	core
OG0009810	1	0	1	1	1	3	shell
OG0009811	1	1	1	1	0	4	core
OG0009812	1	1	1	1	0	4	core
OG0009813	1	1	1	1	0	4	core
OG0009814	1	1	1	0	1	3	shell
OG0009815	1	1	1	1	0	4	core
OG0009816	1	1	1	1	0	4	core
OG0009817	1	0	1	1	1	3	shell
OG0009818	1	1	1	1	0	4	core
OG0009819	1	1	1	1	0	4	core
OG0009820	1	1	1	1	0	4	core
OG0009821	1	1	1	1	0	4	core
OG0009822	1	1	1	1	0	4	core
OG0009823	1	1	1	1	0	4	core
OG0009824	1	1	1	1	0	4	core
OG0009825	1	1	1	1	0	4	core
OG0009826	1	1	1	1	0	4	core
OG0009827	1	1	1	1	0	4	core
OG0009828	1	1	1	1	0	4	core
OG0009829	1	1	1	1	0	4	core
OG0009830	1	1	1	1	0	4	core
OG0009831	1	0	1	1	1	3	shell
OG0009832	1	0	1	1	1	3	shell
OG0009833	1	0	1	1	1	3	shell
OG0009834	1	0	1	1	1	3	shell
OG0009835	1	1	1	1	0	4	core
OG0009836	1	1	1	1	0	4	core
OG0009837	1	0	1	1	1	3	shell
OG0009838	1	0	1	1	1	3	shell
OG0009839	1	1	1	1	0	4	core
OG0009840	1	1	1	1	0	4	core
OG0009841	1	1	1	1	0	4	core
OG0009842	1	1	1	1	0	4	core
OG0009843	1	1	1	0	1	3	shell
OG0009844	1	1	1	1	0	4	core
OG0009845	1	1	1	1	0	4	core
OG0009846	1	1	1	1	0	4	core
OG0009847	1	1	0	1	1	3	shell
OG0009848	1	1	1	1	0	4	core
OG0009849	1	1	1	1	0	4	core
OG0009850	1	1	1	1	0	4	core
OG0009851	1	0	1	1	1	3	shell
OG0009852	1	1	1	1	0	4	core
OG0009853	1	1	1	1	0	4	core
OG0009854	1	1	1	1	0	4	core
OG0009855	1	1	1	1	0	4	core
OG0009856	1	1	1	1	0	4	core
OG0009857	1	1	1	1	0	4	core
OG0009858	1	1	1	1	0	4	core
OG0009859	1	1	1	1	0	4	core
OG0009860	1	1	1	1	0	4	core
OG0009861	1	0	1	1	1	3	shell
OG0009862	1	0	1	1	1	3	shell
OG0009863	1	0	1	1	1	3	shell
OG0009864	1	0	1	1	1	3	shell
OG0009865	1	0	1	1	1	3	shell
OG0009866	1	0	1	1	1	3	shell
OG0009867	1	0	1	1	1	3	shell
OG0009868	1	0	1	1	1	3	shell
OG0009869	1	0	1	1	1	3	shell
OG0009870	1	0	1	1	1	3	shell
OG0009871	1	0	1	1	1	3	shell
OG0009872	1	0	1	1	1	3	shell
OG0009873	1	0	1	1	1	3	shell
OG0009874	1	0	1	1	1	3	shell
OG0009875	1	0	1	1	1	3	shell
OG0009876	1	0	1	1	1	3	shell
OG0009877	1	0	1	1	1	3	shell
OG0009878	1	0	1	1	1	3	shell
OG0009879	1	0	1	1	1	3	shell
OG0009880	1	0	1	1	1	3	shell
OG0009881	1	0	1	1	1	3	shell
OG0009882	1	0	1	1	1	3	shell
OG0009883	1	1	1	1	0	4	core
OG0009884	1	1	1	1	0	4	core
OG0009885	1	1	1	1	0	4	core
OG0009886	1	1	1	1	0	4	core
OG0009887	1	1	1	1	0	4	core
OG0009888	1	1	1	1	0	4	core
OG0009889	1	1	1	1	0	4	core
OG0009890	1	1	1	1	0	4	core
OG0009891	1	1	1	1	0	4	core
OG0009892	1	1	1	1	0	4	core
OG0009893	1	1	1	1	0	4	core
OG0009894	1	1	1	1	0	4	core
OG0009895	1	1	1	1	0	4	core
OG0009896	1	1	1	1	0	4	core
OG0009897	1	1	1	1	0	4	core
OG0009898	1	1	1	1	0	4	core
OG0009899	1	1	1	1	0	4	core
OG0009900	1	1	1	1	0	4	core
OG0009901	1	1	0	1	1	3	shell
OG0009902	1	1	1	1	0	4	core
OG0009903	1	1	1	1	0	4	core
OG0009904	1	1	1	1	0	4	core
OG0009905	1	1	1	1	0	4	core
OG0009906	1	1	1	1	0	4	core
OG0009907	1	1	1	1	0	4	core
OG0009908	1	1	1	1	0	4	core
OG0009909	1	1	1	0	1	3	shell
OG0009910	1	1	1	1	0	4	core
OG0009911	1	1	1	1	0	4	core
OG0009912	1	1	1	1	0	4	core
OG0009913	1	0	1	1	1	3	shell
OG0009914	1	1	1	1	0	4	core
OG0009915	1	1	1	1	0	4	core
OG0009916	1	1	1	1	0	4	core
OG0009917	1	1	1	1	0	4	core
OG0009918	1	1	1	1	0	4	core
OG0009919	1	1	1	1	0	4	core
OG0009920	1	1	1	1	0	4	core
OG0009921	1	1	1	1	0	4	core
OG0009922	1	1	1	1	0	4	core
OG0009923	1	1	1	1	0	4	core
OG0009924	1	1	1	1	0	4	core
OG0009925	1	1	1	0	1	3	shell
OG0009926	1	1	1	1	0	4	core
OG0009927	1	1	1	1	0	4	core
OG0009928	1	1	1	1	0	4	core
OG0009929	1	1	1	1	0	4	core
OG0009930	1	1	1	1	0	4	core
OG0009931	1	1	1	1	0	4	core
OG0009932	1	1	1	1	0	4	core
OG0009933	1	1	1	1	0	4	core
OG0009934	1	0	1	1	1	3	shell
OG0009935	1	0	1	1	1	3	shell
OG0009936	1	1	1	1	0	4	core
OG0009937	1	0	1	1	1	3	shell
OG0009938	1	0	1	1	1	3	shell
OG0009939	1	0	1	1	1	3	shell
OG0009940	1	0	1	1	1	3	shell
OG0009941	1	0	1	1	1	3	shell
OG0009942	1	0	1	1	1	3	shell
OG0009943	1	0	1	1	1	3	shell
OG0009944	1	0	1	1	1	3	shell
OG0009945	1	0	1	1	1	3	shell
OG0009946	1	1	1	1	0	4	core
OG0009947	1	1	1	1	0	4	core
OG0009948	1	0	1	1	1	3	shell
OG0009949	1	1	1	1	0	4	core
OG0009950	1	1	1	1	0	4	core
OG0009951	1	1	1	1	0	4	core
OG0009952	1	1	1	1	0	4	core
OG0009953	1	1	1	1	0	4	core
OG0009954	1	1	1	1	0	4	core
OG0009955	1	1	1	1	0	4	core
OG0009956	1	1	1	1	0	4	core
OG0009957	1	0	1	2	0	3	shell
OG0009958	1	1	1	1	0	4	core
OG0009959	1	1	1	0	1	3	shell
OG0009960	1	1	1	1	0	4	core
OG0009961	1	1	1	1	0	4	core
OG0009962	1	1	1	1	0	4	core
OG0009963	1	1	1	1	0	4	core
OG0009964	1	1	1	1	0	4	core
OG0009965	1	1	1	1	0	4	core
OG0009966	1	1	1	1	0	4	core
OG0009967	1	1	1	1	0	4	core
OG0009968	1	1	1	1	0	4	core
OG0009969	1	1	1	1	0	4	core
OG0009970	1	1	1	1	0	4	core
OG0009971	1	1	1	1	0	4	core
OG0009972	1	1	1	1	0	4	core
OG0009973	1	1	1	1	0	4	core
OG0009974	1	0	1	1	1	3	shell
OG0009975	1	1	1	1	0	4	core
OG0009976	1	1	1	1	0	4	core
OG0009977	1	1	1	1	0	4	core
OG0009978	1	1	1	1	0	4	core
OG0009979	1	1	1	1	0	4	core
OG0009980	1	1	1	1	0	4	core
OG0009981	1	1	1	1	0	4	core
OG0009982	1	1	1	1	0	4	core
OG0009983	1	1	1	1	0	4	core
OG0009984	1	1	1	1	0	4	core
OG0009985	1	1	1	1	0	4	core
OG0009986	1	1	1	1	0	4	core
OG0009987	1	1	1	1	0	4	core
OG0009988	1	1	1	1	0	4	core
OG0009989	2	1	1	0	0	3	shell
OG0009990	1	0	1	1	1	3	shell
OG0009991	1	0	1	1	1	3	shell
OG0009992	1	0	1	1	1	3	shell
OG0009993	1	1	1	1	0	4	core
OG0009994	1	1	1	1	0	4	core
OG0009995	1	1	1	1	0	4	core
OG0009996	1	1	1	1	0	4	core
OG0009997	1	1	1	1	0	4	core
OG0009998	1	1	1	1	0	4	core
OG0009999	1	1	1	1	0	4	core
OG0010000	1	1	1	1	0	4	core
OG0010001	1	1	1	1	0	4	core
OG0010002	1	1	1	1	0	4	core
OG0010003	1	1	1	1	0	4	core
OG0010004	1	1	0	1	1	3	shell
OG0010005	1	1	1	1	0	4	core
OG0010006	1	1	1	1	0	4	core
OG0010007	1	1	1	1	0	4	core
OG0010008	1	1	1	1	0	4	core
OG0010009	1	1	1	1	0	4	core
OG0010010	1	0	1	1	1	3	shell
OG0010011	1	1	1	1	0	4	core
OG0010012	1	1	1	1	0	4	core
OG0010013	1	1	1	1	0	4	core
OG0010014	1	1	1	1	0	4	core
OG0010015	1	1	1	1	0	4	core
OG0010016	1	1	1	1	0	4	core
OG0010017	1	1	1	1	0	4	core
OG0010018	1	1	1	1	0	4	core
OG0010019	1	1	1	1	0	4	core
OG0010020	1	1	1	1	0	4	core
OG0010021	1	1	1	1	0	4	core
OG0010022	1	1	1	1	0	4	core
OG0010023	1	1	1	1	0	4	core
OG0010024	1	1	1	1	0	4	core
OG0010025	1	1	1	1	0	4	core
OG0010026	1	1	1	1	0	4	core
OG0010027	1	1	1	1	0	4	core
OG0010028	1	1	1	1	0	4	core
OG0010029	1	1	1	1	0	4	core
OG0010030	1	1	1	1	0	4	core
OG0010031	1	1	1	1	0	4	core
OG0010032	1	1	1	1	0	4	core
OG0010033	1	1	1	1	0	4	core
OG0010034	1	1	1	1	0	4	core
OG0010035	1	1	1	1	0	4	core
OG0010036	1	1	1	1	0	4	core
OG0010037	1	1	1	1	0	4	core
OG0010038	1	1	1	1	0	4	core
OG0010039	1	1	1	1	0	4	core
OG0010040	1	1	1	1	0	4	core
OG0010041	1	1	1	1	0	4	core
OG0010042	1	1	0	1	1	3	shell
OG0010043	1	1	1	1	0	4	core
OG0010044	1	1	1	1	0	4	core
OG0010045	1	1	1	1	0	4	core
OG0010046	1	1	1	1	0	4	core
OG0010047	1	1	1	1	0	4	core
OG0010048	1	1	1	1	0	4	core
OG0010049	1	1	0	1	1	3	shell
OG0010050	1	1	1	1	0	4	core
OG0010051	1	1	1	1	0	4	core
OG0010052	1	1	1	1	0	4	core
OG0010053	1	1	1	1	0	4	core
OG0010054	1	1	1	1	0	4	core
OG0010055	1	1	1	1	0	4	core
OG0010056	1	1	1	1	0	4	core
OG0010057	1	1	1	1	0	4	core
OG0010058	1	1	1	1	0	4	core
OG0010059	1	1	1	1	0	4	core
OG0010060	1	1	1	1	0	4	core
OG0010061	1	1	1	1	0	4	core
OG0010062	1	1	1	1	0	4	core
OG0010063	1	1	1	1	0	4	core
OG0010064	1	1	1	0	1	3	shell
OG0010065	1	1	1	1	0	4	core
OG0010066	1	1	1	1	0	4	core
OG0010067	1	1	1	1	0	4	core
OG0010068	1	1	1	1	0	4	core
OG0010069	1	1	1	1	0	4	core
OG0010070	1	1	1	1	0	4	core
OG0010071	1	1	1	1	0	4	core
OG0010072	1	1	0	1	1	3	shell
OG0010073	1	1	1	1	0	4	core
OG0010074	1	1	1	1	0	4	core
OG0010075	1	1	1	1	0	4	core
OG0010076	1	1	1	1	0	4	core
OG0010077	1	1	1	1	0	4	core
OG0010078	1	0	1	1	1	3	shell
OG0010079	1	1	1	1	0	4	core
OG0010080	1	1	1	1	0	4	core
OG0010081	1	1	1	1	0	4	core
OG0010082	1	1	1	1	0	4	core
OG0010083	1	1	1	1	0	4	core
OG0010084	1	1	1	1	0	4	core
OG0010085	1	1	0	1	1	3	shell
OG0010086	1	1	1	1	0	4	core
OG0010087	1	1	1	0	1	3	shell
OG0010088	1	1	1	1	0	4	core
OG0010089	1	1	1	0	1	3	shell
OG0010090	1	1	1	1	0	4	core
OG0010091	1	1	1	1	0	4	core
OG0010092	1	1	1	1	0	4	core
OG0010093	1	1	1	1	0	4	core
OG0010094	1	1	1	1	0	4	core
OG0010095	1	1	1	1	0	4	core
OG0010096	1	1	1	1	0	4	core
OG0010097	1	1	0	1	1	3	shell
OG0010098	1	1	1	1	0	4	core
OG0010099	1	1	0	1	1	3	shell
OG0010100	1	1	1	1	0	4	core
OG0010101	1	1	0	1	1	3	shell
OG0010102	1	1	1	1	0	4	core
OG0010103	1	1	1	1	0	4	core
OG0010104	1	1	1	1	0	4	core
OG0010105	1	1	1	1	0	4	core
OG0010106	1	1	1	1	0	4	core
OG0010107	1	1	1	1	0	4	core
OG0010108	1	1	0	1	1	3	shell
OG0010109	1	1	1	1	0	4	core
OG0010110	1	1	1	1	0	4	core
OG0010111	1	1	1	1	0	4	core
OG0010112	1	1	1	1	0	4	core
OG0010113	1	0	1	1	1	3	shell
OG0010114	1	1	1	1	0	4	core
OG0010115	1	1	1	1	0	4	core
OG0010116	1	1	1	1	0	4	core
OG0010117	1	1	1	1	0	4	core
OG0010118	1	1	1	1	0	4	core
OG0010119	1	1	1	1	0	4	core
OG0010120	1	1	1	1	0	4	core
OG0010121	1	1	1	1	0	4	core
OG0010122	1	1	1	1	0	4	core
OG0010123	1	1	1	1	0	4	core
OG0010124	1	1	1	1	0	4	core
OG0010125	1	1	1	1	0	4	core
OG0010126	1	1	1	1	0	4	core
OG0010127	1	1	1	1	0	4	core
OG0010128	1	1	1	1	0	4	core
OG0010129	1	1	1	1	0	4	core
OG0010130	1	1	1	1	0	4	core
OG0010131	1	1	1	1	0	4	core
OG0010132	1	1	1	1	0	4	core
OG0010133	1	1	1	1	0	4	core
OG0010134	1	1	1	1	0	4	core
OG0010135	1	1	1	1	0	4	core
OG0010136	1	1	1	1	0	4	core
OG0010137	1	1	1	1	0	4	core
OG0010138	1	1	1	1	0	4	core
OG0010139	1	1	1	1	0	4	core
OG0010140	1	1	1	1	0	4	core
OG0010141	1	1	1	1	0	4	core
OG0010142	1	1	1	1	0	4	core
OG0010143	1	1	1	1	0	4	core
OG0010144	1	1	1	1	0	4	core
OG0010145	1	1	1	1	0	4	core
OG0010146	1	0	1	1	1	3	shell
OG0010147	1	0	1	1	1	3	shell
OG0010148	1	0	1	1	1	3	shell
OG0010149	1	0	1	1	1	3	shell
OG0010150	1	1	1	1	0	4	core
OG0010151	1	1	1	1	0	4	core
OG0010152	1	1	1	1	0	4	core
OG0010153	1	1	1	1	0	4	core
OG0010154	1	1	1	1	0	4	core
OG0010155	1	1	1	1	0	4	core
OG0010156	1	1	1	1	0	4	core
OG0010157	1	1	1	1	0	4	core
OG0010158	1	1	1	1	0	4	core
OG0010159	1	1	1	1	0	4	core
OG0010160	1	1	1	1	0	4	core
OG0010161	1	1	1	1	0	4	core
OG0010162	1	1	1	1	0	4	core
OG0010163	1	1	1	1	0	4	core
OG0010164	1	1	1	1	0	4	core
OG0010165	1	0	1	1	1	3	shell
OG0010166	1	1	1	1	0	4	core
OG0010167	1	1	1	1	0	4	core
OG0010168	1	0	1	1	1	3	shell
OG0010169	1	1	1	1	0	4	core
OG0010170	1	1	1	1	0	4	core
OG0010171	1	1	1	1	0	4	core
OG0010172	1	1	1	1	0	4	core
OG0010173	1	1	1	1	0	4	core
OG0010174	1	1	1	1	0	4	core
OG0010175	1	1	1	1	0	4	core
OG0010176	1	1	1	1	0	4	core
OG0010177	1	1	1	1	0	4	core
OG0010178	1	1	0	1	1	3	shell
OG0010179	1	1	1	1	0	4	core
OG0010180	1	1	1	1	0	4	core
OG0010181	1	1	0	1	1	3	shell
OG0010182	1	1	1	1	0	4	core
OG0010183	1	1	1	1	0	4	core
OG0010184	1	1	1	1	0	4	core
OG0010185	1	1	1	1	0	4	core
OG0010186	1	1	1	1	0	4	core
OG0010187	1	1	1	1	0	4	core
OG0010188	1	1	1	1	0	4	core
OG0010189	1	1	1	1	0	4	core
OG0010190	1	1	1	1	0	4	core
OG0010191	1	1	1	1	0	4	core
OG0010192	1	1	1	1	0	4	core
OG0010193	1	1	1	1	0	4	core
OG0010194	1	1	1	1	0	4	core
OG0010195	1	1	1	1	0	4	core
OG0010196	1	1	1	1	0	4	core
OG0010197	1	1	1	1	0	4	core
OG0010198	1	1	1	1	0	4	core
OG0010199	1	1	0	1	1	3	shell
OG0010200	1	1	1	1	0	4	core
OG0010201	1	1	1	1	0	4	core
OG0010202	1	1	1	1	0	4	core
OG0010203	1	1	1	1	0	4	core
OG0010204	1	1	1	1	0	4	core
OG0010205	1	1	0	1	1	3	shell
OG0010206	1	1	1	1	0	4	core
OG0010207	1	1	1	1	0	4	core
OG0010208	1	1	1	1	0	4	core
OG0010209	1	0	1	1	1	3	shell
OG0010210	1	1	1	1	0	4	core
OG0010211	1	1	1	1	0	4	core
OG0010212	1	1	1	1	0	4	core
OG0010213	1	1	1	1	0	4	core
OG0010214	1	1	1	1	0	4	core
OG0010215	1	1	1	1	0	4	core
OG0010216	1	1	1	1	0	4	core
OG0010217	1	1	1	1	0	4	core
OG0010218	1	1	1	1	0	4	core
OG0010219	1	1	1	1	0	4	core
OG0010220	1	1	1	1	0	4	core
OG0010221	1	1	1	1	0	4	core
OG0010222	1	1	1	1	0	4	core
OG0010223	1	1	1	1	0	4	core
OG0010224	1	1	1	1	0	4	core
OG0010225	1	1	1	1	0	4	core
OG0010226	1	0	1	1	1	3	shell
OG0010227	1	1	1	1	0	4	core
OG0010228	1	0	1	1	1	3	shell
OG0010229	1	0	1	1	1	3	shell
OG0010230	1	0	1	1	1	3	shell
OG0010231	1	0	1	1	1	3	shell
OG0010232	1	0	1	1	1	3	shell
OG0010233	1	0	1	1	1	3	shell
OG0010234	1	0	1	1	1	3	shell
OG0010235	1	0	1	1	1	3	shell
OG0010236	1	0	1	1	1	3	shell
OG0010237	1	1	1	1	0	4	core
OG0010238	1	1	1	1	0	4	core
OG0010239	1	0	1	1	1	3	shell
OG0010240	1	1	1	1	0	4	core
OG0010241	1	1	1	1	0	4	core
OG0010242	1	1	1	1	0	4	core
OG0010243	1	1	1	1	0	4	core
OG0010244	1	1	1	1	0	4	core
OG0010245	1	1	1	1	0	4	core
OG0010246	1	1	1	1	0	4	core
OG0010247	1	1	1	1	0	4	core
OG0010248	1	1	1	1	0	4	core
OG0010249	1	1	1	1	0	4	core
OG0010250	1	1	1	1	0	4	core
OG0010251	1	1	1	0	1	3	shell
OG0010252	1	1	1	1	0	4	core
OG0010253	1	1	1	1	0	4	core
OG0010254	1	1	1	1	0	4	core
OG0010255	1	1	1	1	0	4	core
OG0010256	1	1	0	1	1	3	shell
OG0010257	1	1	1	1	0	4	core
OG0010258	1	0	1	1	1	3	shell
OG0010259	1	1	1	1	0	4	core
OG0010260	1	1	1	1	0	4	core
OG0010261	1	1	1	1	0	4	core
OG0010262	1	1	1	1	0	4	core
OG0010263	1	1	1	1	0	4	core
OG0010264	1	1	1	0	1	3	shell
OG0010265	1	1	1	1	0	4	core
OG0010266	1	1	1	1	0	4	core
OG0010267	1	1	1	1	0	4	core
OG0010268	1	1	1	1	0	4	core
OG0010269	1	0	1	1	1	3	shell
OG0010270	1	0	1	1	1	3	shell
OG0010271	1	1	1	1	0	4	core
OG0010272	1	1	0	1	1	3	shell
OG0010273	1	1	1	1	0	4	core
OG0010274	1	1	0	1	1	3	shell
OG0010275	1	1	1	1	0	4	core
OG0010276	1	1	0	1	1	3	shell
OG0010277	1	1	1	1	0	4	core
OG0010278	1	1	0	1	1	3	shell
OG0010279	1	1	1	1	0	4	core
OG0010280	1	1	1	1	0	4	core
OG0010281	1	1	1	1	0	4	core
OG0010282	1	0	1	1	1	3	shell
OG0010283	1	1	1	1	0	4	core
OG0010284	1	1	0	1	1	3	shell
OG0010285	1	1	1	1	0	4	core
OG0010286	1	1	1	1	0	4	core
OG0010287	1	1	1	1	0	4	core
OG0010288	1	1	1	1	0	4	core
OG0010289	1	1	1	1	0	4	core
OG0010290	1	1	1	1	0	4	core
OG0010291	1	1	1	1	0	4	core
OG0010292	1	1	1	1	0	4	core
OG0010293	1	1	1	1	0	4	core
OG0010294	1	1	1	1	0	4	core
OG0010295	1	1	0	1	1	3	shell
OG0010296	1	1	1	1	0	4	core
OG0010297	1	1	1	1	0	4	core
OG0010298	1	1	1	1	0	4	core
OG0010299	1	1	1	1	0	4	core
OG0010300	1	1	1	1	0	4	core
OG0010301	1	1	1	1	0	4	core
OG0010302	1	1	1	1	0	4	core
OG0010303	1	1	1	1	0	4	core
OG0010304	1	1	1	1	0	4	core
OG0010305	1	0	1	1	1	3	shell
OG0010306	1	1	1	0	1	3	shell
OG0010307	1	1	1	1	0	4	core
OG0010308	1	1	1	1	0	4	core
OG0010309	1	1	1	1	0	4	core
OG0010310	1	1	1	1	0	4	core
OG0010311	1	1	1	1	0	4	core
OG0010312	1	1	1	1	0	4	core
OG0010313	1	1	1	1	0	4	core
OG0010314	1	1	1	1	0	4	core
OG0010315	1	1	1	1	0	4	core
OG0010316	1	1	1	1	0	4	core
OG0010317	1	1	1	1	0	4	core
OG0010318	1	1	1	1	0	4	core
OG0010319	1	1	1	1	0	4	core
OG0010320	1	1	1	1	0	4	core
OG0010321	1	0	1	2	0	3	shell
OG0010322	1	1	1	1	0	4	core
OG0010323	1	1	1	1	0	4	core
OG0010324	1	1	1	1	0	4	core
OG0010325	1	1	1	1	0	4	core
OG0010326	1	1	1	1	0	4	core
OG0010327	1	1	1	1	0	4	core
OG0010328	1	1	1	1	0	4	core
OG0010329	1	1	1	1	0	4	core
OG0010330	1	1	1	1	0	4	core
OG0010331	1	1	1	1	0	4	core
OG0010332	1	1	1	1	0	4	core
OG0010333	1	1	1	1	0	4	core
OG0010334	1	1	1	1	0	4	core
OG0010335	1	1	1	1	0	4	core
OG0010336	1	1	0	0	2	2	shell
OG0010337	1	1	1	1	0	4	core
OG0010338	1	1	1	1	0	4	core
OG0010339	1	1	1	1	0	4	core
OG0010340	1	1	1	1	0	4	core
OG0010341	1	1	1	1	0	4	core
OG0010342	1	1	1	1	0	4	core
OG0010343	1	1	1	1	0	4	core
OG0010344	1	1	1	1	0	4	core
OG0010345	1	0	1	1	1	3	shell
OG0010346	1	1	1	1	0	4	core
OG0010347	1	1	1	1	0	4	core
OG0010348	1	1	1	1	0	4	core
OG0010349	1	1	1	1	0	4	core
OG0010350	1	1	1	1	0	4	core
OG0010351	1	1	1	0	1	3	shell
OG0010352	1	1	1	1	0	4	core
OG0010353	1	1	1	1	0	4	core
OG0010354	1	1	1	1	0	4	core
OG0010355	1	1	1	1	0	4	core
OG0010356	1	1	1	1	0	4	core
OG0010357	1	1	1	1	0	4	core
OG0010358	1	1	0	1	1	3	shell
OG0010359	1	1	1	1	0	4	core
OG0010360	1	1	1	0	1	3	shell
OG0010361	1	1	1	1	0	4	core
OG0010362	1	1	1	1	0	4	core
OG0010363	1	1	1	1	0	4	core
OG0010364	1	1	1	1	0	4	core
OG0010365	1	1	1	1	0	4	core
OG0010366	1	1	1	1	0	4	core
OG0010367	1	1	1	1	0	4	core
OG0010368	1	1	1	1	0	4	core
OG0010369	1	0	1	1	1	3	shell
OG0010370	1	1	1	1	0	4	core
OG0010371	1	1	1	0	1	3	shell
OG0010372	1	1	1	1	0	4	core
OG0010373	1	0	1	1	1	3	shell
OG0010374	1	1	1	1	0	4	core
OG0010375	1	1	1	1	0	4	core
OG0010376	1	1	1	1	0	4	core
OG0010377	1	1	1	1	0	4	core
OG0010378	1	1	1	1	0	4	core
OG0010379	1	1	1	1	0	4	core
OG0010380	1	1	1	1	0	4	core
OG0010381	1	1	1	1	0	4	core
OG0010382	1	1	1	1	0	4	core
OG0010383	1	1	1	1	0	4	core
OG0010384	1	1	1	1	0	4	core
OG0010385	1	1	1	0	1	3	shell
OG0010386	1	1	1	1	0	4	core
OG0010387	1	1	1	1	0	4	core
OG0010388	1	1	1	1	0	4	core
OG0010389	1	1	1	1	0	4	core
OG0010390	1	1	1	1	0	4	core
OG0010391	1	1	1	1	0	4	core
OG0010392	1	1	1	1	0	4	core
OG0010393	1	1	1	0	1	3	shell
OG0010394	1	1	1	1	0	4	core
OG0010395	1	1	1	1	0	4	core
OG0010396	1	1	1	1	0	4	core
OG0010397	1	1	1	1	0	4	core
OG0010398	1	1	1	1	0	4	core
OG0010399	1	1	1	1	0	4	core
OG0010400	1	1	1	0	1	3	shell
OG0010401	1	1	1	1	0	4	core
OG0010402	1	1	1	1	0	4	core
OG0010403	1	1	1	1	0	4	core
OG0010404	1	1	1	1	0	4	core
OG0010405	1	1	1	1	0	4	core
OG0010406	1	1	1	1	0	4	core
OG0010407	1	1	1	1	0	4	core
OG0010408	1	1	1	1	0	4	core
OG0010409	1	1	1	1	0	4	core
OG0010410	1	1	1	1	0	4	core
OG0010411	1	1	1	1	0	4	core
OG0010412	1	1	1	1	0	4	core
OG0010413	1	1	1	1	0	4	core
OG0010414	1	1	1	1	0	4	core
OG0010415	1	1	1	1	0	4	core
OG0010416	1	1	1	1	0	4	core
OG0010417	1	1	1	1	0	4	core
OG0010418	1	1	1	1	0	4	core
OG0010419	1	1	1	1	0	4	core
OG0010420	1	1	0	1	1	3	shell
OG0010421	1	1	1	1	0	4	core
OG0010422	1	1	1	1	0	4	core
OG0010423	1	1	1	1	0	4	core
OG0010424	1	1	1	1	0	4	core
OG0010425	1	1	1	1	0	4	core
OG0010426	1	1	1	1	0	4	core
OG0010427	1	1	1	1	0	4	core
OG0010428	1	1	1	1	0	4	core
OG0010429	1	1	1	1	0	4	core
OG0010430	1	1	1	1	0	4	core
OG0010431	1	1	1	1	0	4	core
OG0010432	1	1	1	1	0	4	core
OG0010433	1	1	1	1	0	4	core
OG0010434	1	1	1	1	0	4	core
OG0010435	1	1	1	1	0	4	core
OG0010436	1	0	1	1	1	3	shell
OG0010437	1	1	1	0	1	3	shell
OG0010438	1	1	1	1	0	4	core
OG0010439	1	1	0	1	1	3	shell
OG0010440	1	1	1	1	0	4	core
OG0010441	1	1	1	1	0	4	core
OG0010442	1	1	1	1	0	4	core
OG0010443	1	1	1	1	0	4	core
OG0010444	1	1	1	1	0	4	core
OG0010445	1	1	1	1	0	4	core
OG0010446	1	1	1	1	0	4	core
OG0010447	1	1	1	1	0	4	core
OG0010448	1	1	1	1	0	4	core
OG0010449	1	1	1	1	0	4	core
OG0010450	1	1	1	1	0	4	core
OG0010451	1	0	1	1	1	3	shell
OG0010452	1	0	1	1	1	3	shell
OG0010453	1	0	1	1	1	3	shell
OG0010454	1	0	1	1	1	3	shell
OG0010455	1	1	1	1	0	4	core
OG0010456	1	1	1	1	0	4	core
OG0010457	1	1	1	1	0	4	core
OG0010458	1	1	1	1	0	4	core
OG0010459	1	1	1	1	0	4	core
OG0010460	1	1	1	1	0	4	core
OG0010461	1	1	1	1	0	4	core
OG0010462	1	1	1	1	0	4	core
OG0010463	1	1	1	1	0	4	core
OG0010464	1	1	1	1	0	4	core
OG0010465	1	1	1	1	0	4	core
OG0010466	1	1	1	1	0	4	core
OG0010467	1	1	1	1	0	4	core
OG0010468	1	1	1	1	0	4	core
OG0010469	1	0	1	1	1	3	shell
OG0010470	1	0	1	1	1	3	shell
OG0010471	1	1	1	1	0	4	core
OG0010472	1	1	1	1	0	4	core
OG0010473	1	1	1	1	0	4	core
OG0010474	1	1	1	1	0	4	core
OG0010475	1	1	1	1	0	4	core
OG0010476	1	1	1	1	0	4	core
OG0010477	1	1	1	1	0	4	core
OG0010478	1	1	1	1	0	4	core
OG0010479	1	1	1	1	0	4	core
OG0010480	1	1	1	1	0	4	core
OG0010481	1	1	1	1	0	4	core
OG0010482	1	1	1	1	0	4	core
OG0010483	1	1	1	1	0	4	core
OG0010484	1	1	1	1	0	4	core
OG0010485	1	1	1	1	0	4	core
OG0010486	1	1	1	1	0	4	core
OG0010487	1	1	1	1	0	4	core
OG0010488	1	1	1	1	0	4	core
OG0010489	1	1	1	1	0	4	core
OG0010490	1	1	1	1	0	4	core
OG0010491	1	1	1	1	0	4	core
OG0010492	1	1	1	1	0	4	core
OG0010493	1	1	1	1	0	4	core
OG0010494	1	1	1	1	0	4	core
OG0010495	1	1	1	1	0	4	core
OG0010496	1	1	1	1	0	4	core
OG0010497	1	1	1	1	0	4	core
OG0010498	1	1	1	1	0	4	core
OG0010499	1	0	1	1	1	3	shell
OG0010500	1	1	1	1	0	4	core
OG0010501	1	1	1	1	0	4	core
OG0010502	1	1	1	1	0	4	core
OG0010503	1	1	0	1	1	3	shell
OG0010504	1	1	1	1	0	4	core
OG0010505	1	1	1	1	0	4	core
OG0010506	1	1	1	1	0	4	core
OG0010507	1	1	1	1	0	4	core
OG0010508	1	1	1	1	0	4	core
OG0010509	1	1	1	1	0	4	core
OG0010510	1	1	1	1	0	4	core
OG0010511	1	2	0	0	1	2	shell
OG0010512	1	1	1	1	0	4	core
OG0010513	1	1	1	1	0	4	core
OG0010514	1	1	1	1	0	4	core
OG0010515	1	1	1	1	0	4	core
OG0010516	1	1	1	1	0	4	core
OG0010517	1	1	1	1	0	4	core
OG0010518	1	1	1	1	0	4	core
OG0010519	1	1	1	1	0	4	core
OG0010520	1	1	1	1	0	4	core
OG0010521	1	1	1	1	0	4	core
OG0010522	1	1	1	1	0	4	core
OG0010523	1	1	1	1	0	4	core
OG0010524	1	1	1	1	0	4	core
OG0010525	1	1	1	1	0	4	core
OG0010526	1	0	1	1	1	3	shell
OG0010527	1	1	1	1	0	4	core
OG0010528	1	1	1	1	0	4	core
OG0010529	1	1	1	1	0	4	core
OG0010530	1	1	1	1	0	4	core
OG0010531	1	1	1	1	0	4	core
OG0010532	1	1	1	1	0	4	core
OG0010533	1	1	1	1	0	4	core
OG0010534	1	1	1	1	0	4	core
OG0010535	1	1	1	1	0	4	core
OG0010536	1	1	1	1	0	4	core
OG0010537	1	1	1	1	0	4	core
OG0010538	1	1	1	1	0	4	core
OG0010539	1	1	1	1	0	4	core
OG0010540	1	2	0	0	1	2	shell
OG0010541	1	1	0	1	1	3	shell
OG0010542	1	1	1	1	0	4	core
OG0010543	1	1	1	1	0	4	core
OG0010544	1	1	1	1	0	4	core
OG0010545	1	0	1	1	1	3	shell
OG0010546	1	1	1	1	0	4	core
OG0010547	1	1	1	1	0	4	core
OG0010548	1	1	1	1	0	4	core
OG0010549	1	1	1	1	0	4	core
OG0010550	1	1	1	0	1	3	shell
OG0010551	1	1	1	1	0	4	core
OG0010552	1	1	1	1	0	4	core
OG0010553	1	1	1	1	0	4	core
OG0010554	1	1	1	1	0	4	core
OG0010555	1	1	1	1	0	4	core
OG0010556	1	1	1	1	0	4	core
OG0010557	1	1	0	1	1	3	shell
OG0010558	1	1	1	1	0	4	core
OG0010559	1	1	1	1	0	4	core
OG0010560	1	1	1	1	0	4	core
OG0010561	1	1	1	1	0	4	core
OG0010562	1	1	1	1	0	4	core
OG0010563	1	1	1	1	0	4	core
OG0010564	1	0	1	1	1	3	shell
OG0010565	1	1	1	1	0	4	core
OG0010566	1	1	1	1	0	4	core
OG0010567	1	1	1	1	0	4	core
OG0010568	1	1	0	1	1	3	shell
OG0010569	1	1	1	1	0	4	core
OG0010570	1	1	1	1	0	4	core
OG0010571	1	1	1	1	0	4	core
OG0010572	1	1	1	1	0	4	core
OG0010573	1	1	1	1	0	4	core
OG0010574	1	1	1	1	0	4	core
OG0010575	1	1	1	0	1	3	shell
OG0010576	1	1	1	1	0	4	core
OG0010577	1	1	1	1	0	4	core
OG0010578	1	1	1	0	1	3	shell
OG0010579	1	1	1	1	0	4	core
OG0010580	1	1	1	1	0	4	core
OG0010581	1	1	1	1	0	4	core
OG0010582	1	1	1	1	0	4	core
OG0010583	1	1	1	1	0	4	core
OG0010584	1	1	1	1	0	4	core
OG0010585	1	1	1	1	0	4	core
OG0010586	1	0	1	1	1	3	shell
OG0010587	1	1	1	1	0	4	core
OG0010588	1	1	1	1	0	4	core
OG0010589	1	1	1	1	0	4	core
OG0010590	1	1	1	1	0	4	core
OG0010591	1	1	1	1	0	4	core
OG0010592	1	1	1	1	0	4	core
OG0010593	1	1	1	1	0	4	core
OG0010594	1	1	1	1	0	4	core
OG0010595	1	1	1	1	0	4	core
OG0010596	1	1	1	1	0	4	core
OG0010597	1	1	1	1	0	4	core
OG0010598	1	1	1	1	0	4	core
OG0010599	1	1	1	1	0	4	core
OG0010600	1	1	1	1	0	4	core
OG0010601	1	1	1	1	0	4	core
OG0010602	1	1	1	1	0	4	core
OG0010603	1	0	1	1	1	3	shell
OG0010604	1	1	0	1	1	3	shell
OG0010605	1	1	0	1	1	3	shell
OG0010606	1	1	1	1	0	4	core
OG0010607	1	1	1	1	0	4	core
OG0010608	1	1	1	1	0	4	core
OG0010609	1	1	1	1	0	4	core
OG0010610	1	1	1	1	0	4	core
OG0010611	1	1	1	1	0	4	core
OG0010612	1	1	1	1	0	4	core
OG0010613	1	1	1	1	0	4	core
OG0010614	1	1	1	1	0	4	core
OG0010615	1	0	1	1	1	3	shell
OG0010616	1	1	1	1	0	4	core
OG0010617	1	1	1	1	0	4	core
OG0010618	1	1	1	1	0	4	core
OG0010619	1	1	1	1	0	4	core
OG0010620	1	0	1	1	1	3	shell
OG0010621	1	1	1	1	0	4	core
OG0010622	1	1	1	1	0	4	core
OG0010623	1	1	1	1	0	4	core
OG0010624	1	1	0	1	1	3	shell
OG0010625	1	1	1	1	0	4	core
OG0010626	1	1	1	1	0	4	core
OG0010627	1	0	1	1	1	3	shell
OG0010628	1	0	1	1	1	3	shell
OG0010629	1	1	1	1	0	4	core
OG0010630	1	1	1	1	0	4	core
OG0010631	1	1	1	1	0	4	core
OG0010632	1	1	1	1	0	4	core
OG0010633	1	0	1	1	1	3	shell
OG0010634	1	0	1	1	1	3	shell
OG0010635	1	0	1	1	1	3	shell
OG0010636	1	1	0	1	1	3	shell
OG0010637	1	1	1	1	0	4	core
OG0010638	1	1	1	1	0	4	core
OG0010639	1	1	1	1	0	4	core
OG0010640	1	1	1	1	0	4	core
OG0010641	1	1	1	1	0	4	core
OG0010642	1	1	1	1	0	4	core
OG0010643	1	1	1	1	0	4	core
OG0010644	1	0	1	1	1	3	shell
OG0010645	1	1	1	1	0	4	core
OG0010646	1	1	1	1	0	4	core
OG0010647	1	1	1	1	0	4	core
OG0010648	1	1	1	1	0	4	core
OG0010649	1	1	0	0	2	2	shell
OG0010650	1	1	1	1	0	4	core
OG0010651	1	1	1	1	0	4	core
OG0010652	1	1	1	1	0	4	core
OG0010653	1	0	1	1	1	3	shell
OG0010654	1	1	1	1	0	4	core
OG0010655	1	1	1	1	0	4	core
OG0010656	1	1	1	1	0	4	core
OG0010657	1	1	1	1	0	4	core
OG0010658	1	1	1	1	0	4	core
OG0010659	1	1	1	1	0	4	core
OG0010660	1	1	1	1	0	4	core
OG0010661	1	1	1	1	0	4	core
OG0010662	1	1	1	1	0	4	core
OG0010663	1	1	1	1	0	4	core
OG0010664	1	1	1	1	0	4	core
OG0010665	1	1	1	1	0	4	core
OG0010666	1	1	1	1	0	4	core
OG0010667	1	1	1	1	0	4	core
OG0010668	1	1	1	1	0	4	core
OG0010669	1	1	1	1	0	4	core
OG0010670	1	1	1	1	0	4	core
OG0010671	1	1	1	1	0	4	core
OG0010672	1	1	0	1	1	3	shell
OG0010673	1	1	0	1	1	3	shell
OG0010674	1	0	1	1	1	3	shell
OG0010675	1	1	1	1	0	4	core
OG0010676	1	1	1	1	0	4	core
OG0010677	1	1	1	1	0	4	core
OG0010678	1	1	1	0	1	3	shell
OG0010679	1	1	1	1	0	4	core
OG0010680	1	1	1	1	0	4	core
OG0010681	1	1	1	1	0	4	core
OG0010682	1	1	0	1	1	3	shell
OG0010683	1	1	1	1	0	4	core
OG0010684	1	1	1	1	0	4	core
OG0010685	1	1	1	1	0	4	core
OG0010686	1	1	1	1	0	4	core
OG0010687	1	1	1	1	0	4	core
OG0010688	1	1	1	1	0	4	core
OG0010689	1	1	1	1	0	4	core
OG0010690	1	1	1	1	0	4	core
OG0010691	1	1	1	1	0	4	core
OG0010692	1	1	1	1	0	4	core
OG0010693	1	1	1	1	0	4	core
OG0010694	1	1	1	1	0	4	core
OG0010695	1	1	1	1	0	4	core
OG0010696	1	1	0	1	1	3	shell
OG0010697	1	1	1	1	0	4	core
OG0010698	1	1	1	1	0	4	core
OG0010699	1	1	1	1	0	4	core
OG0010700	1	1	1	1	0	4	core
OG0010701	1	1	1	1	0	4	core
OG0010702	1	1	1	0	1	3	shell
OG0010703	1	1	1	1	0	4	core
OG0010704	1	1	1	1	0	4	core
OG0010705	1	1	1	1	0	4	core
OG0010706	1	1	1	1	0	4	core
OG0010707	1	1	1	1	0	4	core
OG0010708	1	1	1	1	0	4	core
OG0010709	1	1	1	1	0	4	core
OG0010710	1	1	1	1	0	4	core
OG0010711	1	1	1	1	0	4	core
OG0010712	1	1	1	1	0	4	core
OG0010713	1	1	1	1	0	4	core
OG0010714	1	1	1	1	0	4	core
OG0010715	1	1	0	1	1	3	shell
OG0010716	1	1	1	1	0	4	core
OG0010717	1	1	1	1	0	4	core
OG0010718	1	1	1	1	0	4	core
OG0010719	1	1	0	1	1	3	shell
OG0010720	1	1	1	1	0	4	core
OG0010721	1	1	1	1	0	4	core
OG0010722	1	1	1	1	0	4	core
OG0010723	1	1	1	1	0	4	core
OG0010724	1	1	1	1	0	4	core
OG0010725	1	1	1	1	0	4	core
OG0010726	1	0	1	1	1	3	shell
OG0010727	1	1	0	1	1	3	shell
OG0010728	1	1	1	1	0	4	core
OG0010729	1	1	1	1	0	4	core
OG0010730	1	1	1	1	0	4	core
OG0010731	1	1	0	1	1	3	shell
OG0010732	1	1	1	1	0	4	core
OG0010733	1	1	1	1	0	4	core
OG0010734	1	1	1	1	0	4	core
OG0010735	1	1	1	1	0	4	core
OG0010736	1	1	1	1	0	4	core
OG0010737	1	1	1	1	0	4	core
OG0010738	1	1	1	1	0	4	core
OG0010739	1	1	1	1	0	4	core
OG0010740	1	1	1	1	0	4	core
OG0010741	1	1	1	1	0	4	core
OG0010742	1	1	1	1	0	4	core
OG0010743	1	1	1	1	0	4	core
OG0010744	1	1	1	1	0	4	core
OG0010745	1	1	0	1	1	3	shell
OG0010746	1	1	1	1	0	4	core
OG0010747	1	1	1	1	0	4	core
OG0010748	1	1	1	1	0	4	core
OG0010749	1	1	1	1	0	4	core
OG0010750	1	1	1	1	0	4	core
OG0010751	1	1	1	1	0	4	core
OG0010752	1	1	1	1	0	4	core
OG0010753	1	1	1	1	0	4	core
OG0010754	1	1	1	1	0	4	core
OG0010755	1	1	1	1	0	4	core
OG0010756	1	1	1	1	0	4	core
OG0010757	1	1	1	1	0	4	core
OG0010758	1	1	1	1	0	4	core
OG0010759	1	1	1	1	0	4	core
OG0010760	1	1	1	1	0	4	core
OG0010761	1	1	1	1	0	4	core
OG0010762	1	1	1	1	0	4	core
OG0010763	1	1	1	1	0	4	core
OG0010764	1	1	1	1	0	4	core
OG0010765	1	1	1	1	0	4	core
OG0010766	1	1	1	1	0	4	core
OG0010767	1	1	1	1	0	4	core
OG0010768	1	1	1	1	0	4	core
OG0010769	1	1	1	1	0	4	core
OG0010770	1	1	1	1	0	4	core
OG0010771	1	1	1	1	0	4	core
OG0010772	1	1	1	1	0	4	core
OG0010773	1	1	1	1	0	4	core
OG0010774	1	1	1	1	0	4	core
OG0010775	1	1	1	1	0	4	core
OG0010776	1	1	1	1	0	4	core
OG0010777	1	1	1	1	0	4	core
OG0010778	1	1	1	1	0	4	core
OG0010779	1	1	1	1	0	4	core
OG0010780	1	1	1	1	0	4	core
OG0010781	1	1	1	1	0	4	core
OG0010782	1	1	1	0	1	3	shell
OG0010783	1	1	1	1	0	4	core
OG0010784	1	1	1	1	0	4	core
OG0010785	1	1	1	1	0	4	core
OG0010786	1	1	1	1	0	4	core
OG0010787	1	1	1	1	0	4	core
OG0010788	1	1	1	1	0	4	core
OG0010789	1	1	1	1	0	4	core
OG0010790	1	1	1	1	0	4	core
OG0010791	1	1	1	1	0	4	core
OG0010792	1	1	1	1	0	4	core
OG0010793	1	1	1	1	0	4	core
OG0010794	1	1	1	1	0	4	core
OG0010795	1	1	1	1	0	4	core
OG0010796	1	1	1	1	0	4	core
OG0010797	1	1	1	1	0	4	core
OG0010798	1	1	1	1	0	4	core
OG0010799	1	1	1	1	0	4	core
OG0010800	1	1	1	1	0	4	core
OG0010801	1	1	1	1	0	4	core
OG0010802	1	1	1	1	0	4	core
OG0010803	1	1	1	1	0	4	core
OG0010804	1	1	1	1	0	4	core
OG0010805	1	1	1	1	0	4	core
OG0010806	1	1	1	1	0	4	core
OG0010807	1	1	1	1	0	4	core
OG0010808	1	1	1	1	0	4	core
OG0010809	1	1	1	1	0	4	core
OG0010810	1	0	1	1	1	3	shell
OG0010811	1	0	1	1	1	3	shell
OG0010812	1	0	1	1	1	3	shell
OG0010813	1	0	1	1	1	3	shell
OG0010814	1	1	1	1	0	4	core
OG0010815	1	1	1	1	0	4	core
OG0010816	1	1	1	1	0	4	core
OG0010817	1	1	1	1	0	4	core
OG0010818	1	1	1	1	0	4	core
OG0010819	1	1	1	1	0	4	core
OG0010820	1	1	1	1	0	4	core
OG0010821	1	1	1	1	0	4	core
OG0010822	1	1	1	1	0	4	core
OG0010823	1	1	1	1	0	4	core
OG0010824	1	1	1	1	0	4	core
OG0010825	1	1	1	1	0	4	core
OG0010826	1	1	1	1	0	4	core
OG0010827	1	1	2	0	0	3	shell
OG0010828	1	1	0	1	1	3	shell
OG0010829	1	1	1	1	0	4	core
OG0010830	1	1	1	1	0	4	core
OG0010831	1	1	1	1	0	4	core
OG0010832	1	1	1	1	0	4	core
OG0010833	1	1	1	1	0	4	core
OG0010834	1	1	1	1	0	4	core
OG0010835	1	1	1	1	0	4	core
OG0010836	1	1	1	1	0	4	core
OG0010837	1	1	1	1	0	4	core
OG0010838	1	1	1	1	0	4	core
OG0010839	1	1	1	1	0	4	core
OG0010840	1	1	1	1	0	4	core
OG0010841	1	1	1	1	0	4	core
OG0010842	1	1	1	1	0	4	core
OG0010843	1	1	0	1	1	3	shell
OG0010844	1	0	1	1	1	3	shell
OG0010845	1	1	0	1	1	3	shell
OG0010846	1	1	1	1	0	4	core
OG0010847	1	1	1	1	0	4	core
OG0010848	1	1	1	1	0	4	core
OG0010849	1	1	1	1	0	4	core
OG0010850	1	1	1	1	0	4	core
OG0010851	1	1	1	1	0	4	core
OG0010852	1	1	1	1	0	4	core
OG0010853	1	1	1	1	0	4	core
OG0010854	1	1	1	1	0	4	core
OG0010855	1	1	1	1	0	4	core
OG0010856	1	1	1	1	0	4	core
OG0010857	1	1	1	1	0	4	core
OG0010858	1	1	1	1	0	4	core
OG0010859	1	1	1	1	0	4	core
OG0010860	1	1	1	1	0	4	core
OG0010861	1	1	1	1	0	4	core
OG0010862	1	1	1	1	0	4	core
OG0010863	1	1	1	1	0	4	core
OG0010864	1	0	1	1	1	3	shell
OG0010865	1	1	1	1	0	4	core
OG0010866	1	1	1	1	0	4	core
OG0010867	1	1	1	1	0	4	core
OG0010868	1	1	1	1	0	4	core
OG0010869	1	1	1	0	1	3	shell
OG0010870	1	1	1	1	0	4	core
OG0010871	1	1	1	1	0	4	core
OG0010872	1	1	1	1	0	4	core
OG0010873	1	1	1	1	0	4	core
OG0010874	1	1	1	1	0	4	core
OG0010875	1	1	1	1	0	4	core
OG0010876	1	1	1	1	0	4	core
OG0010877	1	1	1	1	0	4	core
OG0010878	1	1	1	1	0	4	core
OG0010879	1	1	1	1	0	4	core
OG0010880	1	1	1	1	0	4	core
OG0010881	1	1	1	1	0	4	core
OG0010882	1	1	1	1	0	4	core
OG0010883	1	1	0	1	1	3	shell
OG0010884	1	1	1	1	0	4	core
OG0010885	1	1	1	1	0	4	core
OG0010886	1	1	1	1	0	4	core
OG0010887	1	1	1	1	0	4	core
OG0010888	1	1	1	1	0	4	core
OG0010889	1	1	1	1	0	4	core
OG0010890	1	1	1	1	0	4	core
OG0010891	1	1	1	1	0	4	core
OG0010892	1	1	1	1	0	4	core
OG0010893	1	1	1	1	0	4	core
OG0010894	1	0	1	0	2	2	shell
OG0010895	1	1	1	1	0	4	core
OG0010896	1	1	1	1	0	4	core
OG0010897	1	1	1	1	0	4	core
OG0010898	1	1	1	1	0	4	core
OG0010899	1	1	1	1	0	4	core
OG0010900	1	1	1	1	0	4	core
OG0010901	1	1	1	1	0	4	core
OG0010902	1	1	1	1	0	4	core
OG0010903	1	1	1	1	0	4	core
OG0010904	1	1	1	1	0	4	core
OG0010905	1	1	1	1	0	4	core
OG0010906	1	1	1	0	1	3	shell
OG0010907	1	1	1	1	0	4	core
OG0010908	1	1	1	1	0	4	core
OG0010909	1	1	1	1	0	4	core
OG0010910	1	1	1	1	0	4	core
OG0010911	1	1	1	1	0	4	core
OG0010912	1	1	1	1	0	4	core
OG0010913	1	1	1	1	0	4	core
OG0010914	1	1	1	1	0	4	core
OG0010915	1	1	0	1	1	3	shell
OG0010916	1	1	1	1	0	4	core
OG0010917	1	1	1	1	0	4	core
OG0010918	1	1	1	1	0	4	core
OG0010919	1	1	1	1	0	4	core
OG0010920	1	1	1	1	0	4	core
OG0010921	1	1	1	1	0	4	core
OG0010922	1	1	1	1	0	4	core
OG0010923	1	1	1	1	0	4	core
OG0010924	1	1	1	1	0	4	core
OG0010925	1	1	1	1	0	4	core
OG0010926	1	1	1	1	0	4	core
OG0010927	1	1	0	1	1	3	shell
OG0010928	1	1	1	1	0	4	core
OG0010929	1	1	1	1	0	4	core
OG0010930	1	1	1	1	0	4	core
OG0010931	1	1	1	1	0	4	core
OG0010932	1	1	1	1	0	4	core
OG0010933	1	1	1	1	0	4	core
OG0010934	1	1	1	1	0	4	core
OG0010935	1	1	1	1	0	4	core
OG0010936	1	1	1	1	0	4	core
OG0010937	1	1	1	1	0	4	core
OG0010938	1	1	1	1	0	4	core
OG0010939	1	1	0	1	1	3	shell
OG0010940	1	1	1	1	0	4	core
OG0010941	1	1	1	1	0	4	core
OG0010942	1	1	1	1	0	4	core
OG0010943	1	1	0	1	1	3	shell
OG0010944	1	1	1	1	0	4	core
OG0010945	1	1	1	1	0	4	core
OG0010946	1	1	1	1	0	4	core
OG0010947	1	1	1	1	0	4	core
OG0010948	1	1	0	1	1	3	shell
OG0010949	1	1	1	1	0	4	core
OG0010950	1	1	1	1	0	4	core
OG0010951	1	1	1	1	0	4	core
OG0010952	1	1	1	1	0	4	core
OG0010953	1	1	1	1	0	4	core
OG0010954	1	1	1	1	0	4	core
OG0010955	1	1	1	1	0	4	core
OG0010956	1	1	1	1	0	4	core
OG0010957	1	1	1	1	0	4	core
OG0010958	1	1	1	1	0	4	core
OG0010959	1	1	1	1	0	4	core
OG0010960	1	1	1	1	0	4	core
OG0010961	1	1	1	1	0	4	core
OG0010962	1	1	1	1	0	4	core
OG0010963	1	1	1	1	0	4	core
OG0010964	1	0	1	1	1	3	shell
OG0010965	1	1	1	1	0	4	core
OG0010966	1	1	0	1	1	3	shell
OG0010967	1	1	1	1	0	4	core
OG0010968	1	1	1	1	0	4	core
OG0010969	1	1	1	1	0	4	core
OG0010970	1	1	1	1	0	4	core
OG0010971	1	1	0	1	1	3	shell
OG0010972	1	1	1	1	0	4	core
OG0010973	1	1	1	1	0	4	core
OG0010974	1	1	1	1	0	4	core
OG0010975	1	1	1	1	0	4	core
OG0010976	1	1	1	1	0	4	core
OG0010977	1	1	1	1	0	4	core
OG0010978	1	1	1	1	0	4	core
OG0010979	1	1	1	1	0	4	core
OG0010980	1	1	1	1	0	4	core
OG0010981	1	1	1	1	0	4	core
OG0010982	1	1	1	1	0	4	core
OG0010983	1	1	1	1	0	4	core
OG0010984	1	1	1	1	0	4	core
OG0010985	1	1	1	1	0	4	core
OG0010986	1	1	1	1	0	4	core
OG0010987	1	0	1	1	1	3	shell
OG0010988	1	1	1	1	0	4	core
OG0010989	1	1	1	1	0	4	core
OG0010990	1	1	1	1	0	4	core
OG0010991	1	1	1	1	0	4	core
OG0010992	1	1	1	1	0	4	core
OG0010993	1	1	1	1	0	4	core
OG0010994	1	1	1	1	0	4	core
OG0010995	1	1	1	1	0	4	core
OG0010996	1	1	1	1	0	4	core
OG0010997	1	1	1	1	0	4	core
OG0010998	1	1	1	1	0	4	core
OG0010999	1	1	1	1	0	4	core
OG0011000	1	1	1	1	0	4	core
OG0011001	1	1	1	1	0	4	core
OG0011002	1	1	1	1	0	4	core
OG0011003	1	1	1	1	0	4	core
OG0011004	1	1	1	1	0	4	core
OG0011005	1	1	1	1	0	4	core
OG0011006	1	1	1	1	0	4	core
OG0011007	1	1	1	1	0	4	core
OG0011008	1	1	1	1	0	4	core
OG0011009	1	1	1	1	0	4	core
OG0011010	1	1	1	1	0	4	core
OG0011011	1	1	1	1	0	4	core
OG0011012	1	0	1	1	1	3	shell
OG0011013	1	0	1	1	1	3	shell
OG0011014	1	0	1	1	1	3	shell
OG0011015	1	1	1	1	0	4	core
OG0011016	1	1	1	1	0	4	core
OG0011017	1	1	1	1	0	4	core
OG0011018	1	1	1	1	0	4	core
OG0011019	1	1	1	1	0	4	core
OG0011020	1	1	0	1	1	3	shell
OG0011021	1	1	1	1	0	4	core
OG0011022	1	1	1	1	0	4	core
OG0011023	1	1	1	1	0	4	core
OG0011024	1	0	1	1	1	3	shell
OG0011025	1	0	1	1	1	3	shell
OG0011026	1	1	1	1	0	4	core
OG0011027	1	1	1	1	0	4	core
OG0011028	1	1	1	1	0	4	core
OG0011029	1	0	1	1	1	3	shell
OG0011030	1	1	1	1	0	4	core
OG0011031	1	1	1	1	0	4	core
OG0011032	1	1	1	1	0	4	core
OG0011033	1	1	1	1	0	4	core
OG0011034	1	1	1	1	0	4	core
OG0011035	1	1	1	1	0	4	core
OG0011036	1	1	1	1	0	4	core
OG0011037	1	1	1	1	0	4	core
OG0011038	1	1	1	1	0	4	core
OG0011039	1	1	1	1	0	4	core
OG0011040	1	1	1	1	0	4	core
OG0011041	1	1	1	1	0	4	core
OG0011042	1	1	1	1	0	4	core
OG0011043	1	1	1	1	0	4	core
OG0011044	1	1	1	1	0	4	core
OG0011045	1	1	1	0	1	3	shell
OG0011046	1	1	1	1	0	4	core
OG0011047	1	1	1	1	0	4	core
OG0011048	1	1	1	1	0	4	core
OG0011049	1	1	1	1	0	4	core
OG0011050	1	1	1	1	0	4	core
OG0011051	1	1	1	1	0	4	core
OG0011052	1	1	1	1	0	4	core
OG0011053	1	1	1	1	0	4	core
OG0011054	1	1	1	1	0	4	core
OG0011055	1	1	1	0	1	3	shell
OG0011056	1	0	1	1	1	3	shell
OG0011057	1	1	1	1	0	4	core
OG0011058	1	0	1	1	1	3	shell
OG0011059	1	0	1	1	1	3	shell
OG0011060	1	1	1	1	0	4	core
OG0011061	1	1	1	1	0	4	core
OG0011062	1	1	1	1	0	4	core
OG0011063	1	1	1	1	0	4	core
OG0011064	1	1	1	1	0	4	core
OG0011065	1	1	1	1	0	4	core
OG0011066	1	1	1	1	0	4	core
OG0011067	1	1	1	1	0	4	core
OG0011068	1	1	1	1	0	4	core
OG0011069	1	1	1	1	0	4	core
OG0011070	1	1	0	1	1	3	shell
OG0011071	1	1	1	1	0	4	core
OG0011072	1	1	1	1	0	4	core
OG0011073	1	1	1	0	1	3	shell
OG0011074	1	1	1	0	1	3	shell
OG0011075	1	1	1	1	0	4	core
OG0011076	1	1	1	1	0	4	core
OG0011077	1	1	1	1	0	4	core
OG0011078	1	1	1	1	0	4	core
OG0011079	1	1	1	1	0	4	core
OG0011080	1	1	1	1	0	4	core
OG0011081	1	1	1	1	0	4	core
OG0011082	1	1	1	1	0	4	core
OG0011083	1	1	1	1	0	4	core
OG0011084	1	1	1	1	0	4	core
OG0011085	1	1	1	1	0	4	core
OG0011086	1	1	1	1	0	4	core
OG0011087	1	1	1	1	0	4	core
OG0011088	1	1	1	1	0	4	core
OG0011089	1	1	1	1	0	4	core
OG0011090	1	1	1	1	0	4	core
OG0011091	1	1	1	1	0	4	core
OG0011092	1	1	1	1	0	4	core
OG0011093	1	1	1	1	0	4	core
OG0011094	1	1	1	1	0	4	core
OG0011095	1	3	0	0	0	2	shell
OG0011096	1	1	1	1	0	4	core
OG0011097	1	1	1	1	0	4	core
OG0011098	1	1	1	1	0	4	core
OG0011099	1	1	1	1	0	4	core
OG0011100	1	1	1	0	1	3	shell
OG0011101	1	1	1	1	0	4	core
OG0011102	1	0	1	1	1	3	shell
OG0011103	1	0	1	1	1	3	shell
OG0011104	1	0	1	1	1	3	shell
OG0011105	1	0	1	1	1	3	shell
OG0011106	1	0	1	1	1	3	shell
OG0011107	1	1	1	1	0	4	core
OG0011108	1	1	1	1	0	4	core
OG0011109	1	1	1	1	0	4	core
OG0011110	1	1	1	1	0	4	core
OG0011111	1	1	1	1	0	4	core
OG0011112	1	1	1	1	0	4	core
OG0011113	1	0	1	1	1	3	shell
OG0011114	1	0	1	1	1	3	shell
OG0011115	1	0	1	1	1	3	shell
OG0011116	1	0	1	1	1	3	shell
OG0011117	1	0	1	1	1	3	shell
OG0011118	1	1	1	1	0	4	core
OG0011119	1	1	1	1	0	4	core
OG0011120	1	1	1	1	0	4	core
OG0011121	1	1	1	1	0	4	core
OG0011122	1	1	1	1	0	4	core
OG0011123	1	1	1	1	0	4	core
OG0011124	1	1	1	1	0	4	core
OG0011125	1	1	1	1	0	4	core
OG0011126	1	1	1	1	0	4	core
OG0011127	1	1	1	1	0	4	core
OG0011128	1	1	1	1	0	4	core
OG0011129	1	1	1	1	0	4	core
OG0011130	1	0	1	1	1	3	shell
OG0011131	1	0	1	1	1	3	shell
OG0011132	1	1	1	1	0	4	core
OG0011133	1	1	1	1	0	4	core
OG0011134	1	1	0	1	1	3	shell
OG0011135	1	1	1	1	0	4	core
OG0011136	1	1	1	1	0	4	core
OG0011137	1	1	1	1	0	4	core
OG0011138	1	1	1	1	0	4	core
OG0011139	1	1	1	1	0	4	core
OG0011140	1	1	1	1	0	4	core
OG0011141	1	1	1	1	0	4	core
OG0011142	1	0	1	1	1	3	shell
OG0011143	1	1	1	1	0	4	core
OG0011144	1	1	1	1	0	4	core
OG0011145	1	1	1	1	0	4	core
OG0011146	1	1	1	1	0	4	core
OG0011147	1	1	1	1	0	4	core
OG0011148	1	1	1	1	0	4	core
OG0011149	1	1	0	1	1	3	shell
OG0011150	1	1	1	1	0	4	core
OG0011151	1	1	1	1	0	4	core
OG0011152	1	1	1	1	0	4	core
OG0011153	1	0	1	1	1	3	shell
OG0011154	1	1	1	1	0	4	core
OG0011155	1	1	1	1	0	4	core
OG0011156	1	1	1	1	0	4	core
OG0011157	1	0	1	1	1	3	shell
OG0011158	1	1	1	1	0	4	core
OG0011159	1	1	1	1	0	4	core
OG0011160	1	1	1	1	0	4	core
OG0011161	1	1	1	1	0	4	core
OG0011162	1	1	1	1	0	4	core
OG0011163	1	1	1	1	0	4	core
OG0011164	1	1	1	1	0	4	core
OG0011165	1	1	1	1	0	4	core
OG0011166	1	1	1	1	0	4	core
OG0011167	1	1	1	1	0	4	core
OG0011168	1	1	1	0	1	3	shell
OG0011169	1	1	0	1	1	3	shell
OG0011170	1	1	1	1	0	4	core
OG0011171	1	0	1	1	1	3	shell
OG0011172	1	1	1	1	0	4	core
OG0011173	1	1	1	1	0	4	core
OG0011174	1	1	1	1	0	4	core
OG0011175	1	1	1	1	0	4	core
OG0011176	1	1	1	1	0	4	core
OG0011177	1	1	1	1	0	4	core
OG0011178	1	1	1	1	0	4	core
OG0011179	1	1	1	1	0	4	core
OG0011180	1	1	1	1	0	4	core
OG0011181	1	1	1	1	0	4	core
OG0011182	1	1	1	1	0	4	core
OG0011183	1	1	1	1	0	4	core
OG0011184	1	0	1	1	1	3	shell
OG0011185	1	0	1	1	1	3	shell
OG0011186	1	0	1	1	1	3	shell
OG0011187	1	0	1	1	1	3	shell
OG0011188	1	1	1	1	0	4	core
OG0011189	1	1	1	1	0	4	core
OG0011190	1	1	1	1	0	4	core
OG0011191	1	1	1	1	0	4	core
OG0011192	1	1	1	1	0	4	core
OG0011193	1	1	1	1	0	4	core
OG0011194	1	1	1	1	0	4	core
OG0011195	1	1	1	1	0	4	core
OG0011196	1	1	1	1	0	4	core
OG0011197	1	1	1	1	0	4	core
OG0011198	1	1	1	1	0	4	core
OG0011199	1	1	1	1	0	4	core
OG0011200	1	1	1	1	0	4	core
OG0011201	1	1	1	1	0	4	core
OG0011202	1	1	1	1	0	4	core
OG0011203	1	1	1	1	0	4	core
OG0011204	1	1	1	1	0	4	core
OG0011205	1	1	0	1	1	3	shell
OG0011206	1	1	1	1	0	4	core
OG0011207	1	1	1	1	0	4	core
OG0011208	1	1	1	1	0	4	core
OG0011209	1	1	1	1	0	4	core
OG0011210	1	1	1	0	1	3	shell
OG0011211	1	1	1	1	0	4	core
OG0011212	1	0	1	1	1	3	shell
OG0011213	1	1	1	1	0	4	core
OG0011214	1	1	1	1	0	4	core
OG0011215	1	1	1	1	0	4	core
OG0011216	1	0	1	1	1	3	shell
OG0011217	1	1	1	1	0	4	core
OG0011218	1	1	1	1	0	4	core
OG0011219	1	1	1	1	0	4	core
OG0011220	1	1	1	1	0	4	core
OG0011221	1	1	1	1	0	4	core
OG0011222	1	1	0	1	1	3	shell
OG0011223	1	0	1	1	1	3	shell
OG0011224	1	1	1	1	0	4	core
OG0011225	1	1	1	1	0	4	core
OG0011226	1	1	1	1	0	4	core
OG0011227	1	1	1	1	0	4	core
OG0011228	1	1	1	1	0	4	core
OG0011229	1	1	1	1	0	4	core
OG0011230	1	1	1	1	0	4	core
OG0011231	1	1	1	1	0	4	core
OG0011232	1	1	1	1	0	4	core
OG0011233	1	1	1	1	0	4	core
OG0011234	1	1	1	1	0	4	core
OG0011235	1	1	1	1	0	4	core
OG0011236	1	1	1	1	0	4	core
OG0011237	1	1	1	1	0	4	core
OG0011238	1	1	1	1	0	4	core
OG0011239	1	1	1	1	0	4	core
OG0011240	1	1	1	1	0	4	core
OG0011241	1	1	1	1	0	4	core
OG0011242	1	1	1	1	0	4	core
OG0011243	1	1	1	1	0	4	core
OG0011244	1	1	1	1	0	4	core
OG0011245	1	1	1	1	0	4	core
OG0011246	1	1	1	1	0	4	core
OG0011247	1	1	1	1	0	4	core
OG0011248	1	1	1	1	0	4	core
OG0011249	1	1	1	1	0	4	core
OG0011250	1	1	1	1	0	4	core
OG0011251	1	1	1	1	0	4	core
OG0011252	1	1	1	1	0	4	core
OG0011253	1	1	1	1	0	4	core
OG0011254	1	1	1	1	0	4	core
OG0011255	1	1	1	1	0	4	core
OG0011256	1	1	1	1	0	4	core
OG0011257	1	1	1	0	1	3	shell
OG0011258	1	1	1	1	0	4	core
OG0011259	1	1	1	1	0	4	core
OG0011260	1	1	1	1	0	4	core
OG0011261	1	1	1	1	0	4	core
OG0011262	1	1	1	1	0	4	core
OG0011263	0	1	1	1	1	3	shell
OG0011264	0	1	1	1	1	3	shell
OG0011265	0	1	1	1	1	3	shell
OG0011266	0	1	1	1	1	3	shell
OG0011267	0	1	1	1	1	3	shell
OG0011268	0	1	1	1	1	3	shell
OG0011269	0	1	1	1	1	3	shell
OG0011270	0	1	1	1	1	3	shell
OG0011271	0	2	0	0	2	1	cloud
OG0011272	0	2	0	2	0	2	shell
OG0011273	0	2	0	0	2	1	cloud
OG0011274	0	1	1	1	1	3	shell
OG0011275	0	1	1	1	1	3	shell
OG0011276	0	1	1	1	1	3	shell
OG0011277	0	1	1	1	1	3	shell
OG0011278	0	1	1	1	1	3	shell
OG0011279	0	1	2	1	0	3	shell
OG0011280	0	1	1	1	1	3	shell
OG0011281	0	1	1	1	1	3	shell
OG0011282	0	1	1	1	1	3	shell
OG0011283	0	1	1	1	1	3	shell
OG0011284	0	1	1	1	1	3	shell
OG0011285	0	1	1	1	1	3	shell
OG0011286	0	1	1	1	1	3	shell
OG0011287	0	1	1	1	1	3	shell
OG0011288	0	1	1	1	1	3	shell
OG0011289	0	1	1	1	1	3	shell
OG0011290	0	1	1	1	1	3	shell
OG0011291	0	1	1	1	1	3	shell
OG0011292	0	1	1	1	1	3	shell
OG0011293	0	1	1	1	1	3	shell
OG0011294	0	1	0	0	3	1	cloud
OG0011295	0	1	1	1	1	3	shell
OG0011296	0	1	1	1	1	3	shell
OG0011297	0	1	1	1	1	3	shell
OG0011298	0	1	1	1	1	3	shell
OG0011299	0	1	1	1	1	3	shell
OG0011300	0	1	1	1	1	3	shell
OG0011301	0	2	0	2	0	2	shell
OG0011302	0	1	1	1	1	3	shell
OG0011303	0	1	1	1	1	3	shell
OG0011304	0	1	1	1	1	3	shell
OG0011305	0	1	1	1	1	3	shell
OG0011306	0	1	1	1	1	3	shell
OG0011307	0	1	1	1	1	3	shell
OG0011308	0	1	1	1	1	3	shell
OG0011309	0	1	1	1	1	3	shell
OG0011310	0	1	1	1	1	3	shell
OG0011311	0	1	1	1	1	3	shell
OG0011312	0	1	1	1	1	3	shell
OG0011313	0	1	1	1	1	3	shell
OG0011314	0	1	1	1	1	3	shell
OG0011315	0	1	1	1	1	3	shell
OG0011316	0	1	1	1	1	3	shell
OG0011317	0	1	1	1	1	3	shell
OG0011318	0	1	1	1	1	3	shell
OG0011319	0	1	1	1	1	3	shell
OG0011320	0	1	1	1	1	3	shell
OG0011321	0	1	1	1	1	3	shell
OG0011322	0	1	1	1	1	3	shell
OG0011323	0	1	1	1	1	3	shell
OG0011324	0	1	1	1	1	3	shell
OG0011325	0	1	1	1	1	3	shell
OG0011326	0	1	1	1	1	3	shell
OG0011327	0	1	1	1	1	3	shell
OG0011328	0	1	1	1	1	3	shell
OG0011329	0	1	1	1	1	3	shell
OG0011330	0	1	1	1	1	3	shell
OG0011331	0	1	1	1	1	3	shell
OG0011332	0	1	1	1	1	3	shell
OG0011333	0	1	1	1	1	3	shell
OG0011334	0	1	1	1	1	3	shell
OG0011335	0	1	1	1	1	3	shell
OG0011336	0	1	1	1	1	3	shell
OG0011337	0	1	1	1	1	3	shell
OG0011338	0	1	1	1	1	3	shell
OG0011339	0	1	1	1	1	3	shell
OG0011340	0	1	1	1	1	3	shell
OG0011341	0	1	1	1	1	3	shell
OG0011342	0	1	1	1	1	3	shell
OG0011343	0	1	1	1	1	3	shell
OG0011344	0	1	1	2	0	3	shell
OG0011345	0	1	1	1	1	3	shell
OG0011346	0	1	2	0	1	2	shell
OG0011347	0	1	1	1	1	3	shell
OG0011348	0	1	1	1	1	3	shell
OG0011349	0	1	1	1	1	3	shell
OG0011350	0	1	1	1	1	3	shell
OG0011351	0	1	1	1	1	3	shell
OG0011352	0	1	1	1	1	3	shell
OG0011353	0	1	1	1	1	3	shell
OG0011354	0	1	1	1	1	3	shell
OG0011355	0	1	1	1	1	3	shell
OG0011356	0	1	1	1	1	3	shell
OG0011357	0	1	1	1	1	3	shell
OG0011358	0	1	1	1	1	3	shell
OG0011359	0	1	1	1	1	3	shell
OG0011360	0	1	1	1	1	3	shell
OG0011361	0	1	1	1	1	3	shell
OG0011362	0	1	1	1	1	3	shell
OG0011363	0	1	1	1	1	3	shell
OG0011364	0	1	1	1	1	3	shell
OG0011365	0	1	1	1	1	3	shell
OG0011366	0	1	1	2	0	3	shell
OG0011367	0	1	1	0	2	2	shell
OG0011368	0	1	1	1	1	3	shell
OG0011369	0	1	1	1	1	3	shell
OG0011370	0	1	1	1	1	3	shell
OG0011371	0	1	1	1	1	3	shell
OG0011372	0	1	1	1	1	3	shell
OG0011373	0	1	1	1	1	3	shell
OG0011374	0	1	1	1	1	3	shell
OG0011375	0	1	1	1	1	3	shell
OG0011376	0	1	1	1	1	3	shell
OG0011377	0	1	1	1	1	3	shell
OG0011378	0	1	1	1	1	3	shell
OG0011379	0	1	1	1	1	3	shell
OG0011380	0	1	1	1	1	3	shell
OG0011381	0	1	1	1	1	3	shell
OG0011382	0	1	1	1	1	3	shell
OG0011383	0	1	1	2	0	3	shell
OG0011384	0	1	1	1	1	3	shell
OG0011385	0	1	1	1	1	3	shell
OG0011386	0	1	1	1	1	3	shell
OG0011387	0	1	0	0	3	1	cloud
OG0011388	0	1	1	1	1	3	shell
OG0011389	0	1	1	1	1	3	shell
OG0011390	0	1	1	1	1	3	shell
OG0011391	0	1	1	1	1	3	shell
OG0011392	0	1	1	1	1	3	shell
OG0011393	0	1	1	1	1	3	shell
OG0011394	0	1	1	1	1	3	shell
OG0011395	0	1	1	1	1	3	shell
OG0011396	0	1	1	1	1	3	shell
OG0011397	0	1	1	1	1	3	shell
OG0011398	0	1	1	1	1	3	shell
OG0011399	0	1	1	1	1	3	shell
OG0011400	0	1	1	1	1	3	shell
OG0011401	0	1	1	1	1	3	shell
OG0011402	0	1	1	1	1	3	shell
OG0011403	0	1	1	1	1	3	shell
OG0011404	0	1	1	1	1	3	shell
OG0011405	0	1	1	1	1	3	shell
OG0011406	0	1	1	1	1	3	shell
OG0011407	0	1	1	1	1	3	shell
OG0011408	0	1	1	1	1	3	shell
OG0011409	0	1	1	1	1	3	shell
OG0011410	0	1	1	1	1	3	shell
OG0011411	0	1	1	1	1	3	shell
OG0011412	0	1	1	1	1	3	shell
OG0011413	0	1	1	1	1	3	shell
OG0011414	0	1	1	1	1	3	shell
OG0011415	0	1	1	1	1	3	shell
OG0011416	0	1	1	1	1	3	shell
OG0011417	0	1	1	1	1	3	shell
OG0011418	0	1	1	1	1	3	shell
OG0011419	0	1	1	1	1	3	shell
OG0011420	0	1	1	1	1	3	shell
OG0011421	0	1	1	1	1	3	shell
OG0011422	0	1	1	1	1	3	shell
OG0011423	0	1	1	1	1	3	shell
OG0011424	0	1	1	1	1	3	shell
OG0011425	0	1	1	1	1	3	shell
OG0011426	0	1	1	1	1	3	shell
OG0011427	0	1	1	1	1	3	shell
OG0011428	0	1	1	1	1	3	shell
OG0011429	0	1	1	1	1	3	shell
OG0011430	0	1	1	1	1	3	shell
OG0011431	0	1	1	1	1	3	shell
OG0011432	0	1	1	1	1	3	shell
OG0011433	0	1	1	1	1	3	shell
OG0011434	0	1	1	1	1	3	shell
OG0011435	0	1	1	1	1	3	shell
OG0011436	0	1	1	1	1	3	shell
OG0011437	0	1	1	1	1	3	shell
OG0011438	0	1	1	1	1	3	shell
OG0011439	0	1	1	1	1	3	shell
OG0011440	0	1	1	1	1	3	shell
OG0011441	0	1	1	1	1	3	shell
OG0011442	0	1	1	1	1	3	shell
OG0011443	0	1	1	1	1	3	shell
OG0011444	0	1	1	1	1	3	shell
OG0011445	0	1	1	1	1	3	shell
OG0011446	0	1	1	1	1	3	shell
OG0011447	0	1	1	1	1	3	shell
OG0011448	0	1	1	1	1	3	shell
OG0011449	0	1	1	1	1	3	shell
OG0011450	0	1	1	1	1	3	shell
OG0011451	0	1	1	1	1	3	shell
OG0011452	0	1	1	1	1	3	shell
OG0011453	0	1	1	1	1	3	shell
OG0011454	0	1	1	1	1	3	shell
OG0011455	0	1	1	1	1	3	shell
OG0011456	0	1	1	1	1	3	shell
OG0011457	0	1	1	1	1	3	shell
OG0011458	0	1	1	1	1	3	shell
OG0011459	0	1	1	1	1	3	shell
OG0011460	0	1	1	1	1	3	shell
OG0011461	0	1	1	1	1	3	shell
OG0011462	0	1	1	1	1	3	shell
OG0011463	0	1	1	1	1	3	shell
OG0011464	0	1	1	1	1	3	shell
OG0011465	0	1	1	1	1	3	shell
OG0011466	0	1	1	1	1	3	shell
OG0011467	0	1	1	1	1	3	shell
OG0011468	0	1	1	1	1	3	shell
OG0011469	0	1	1	1	1	3	shell
OG0011470	0	1	1	1	1	3	shell
OG0011471	0	1	1	1	1	3	shell
OG0011472	0	1	1	1	1	3	shell
OG0011473	0	1	1	1	1	3	shell
OG0011474	0	1	1	1	1	3	shell
OG0011475	0	1	1	1	1	3	shell
OG0011476	0	1	0	2	1	2	shell
OG0011477	0	1	1	1	1	3	shell
OG0011478	0	1	1	1	1	3	shell
OG0011479	0	1	1	1	1	3	shell
OG0011480	0	1	1	1	1	3	shell
OG0011481	0	1	1	1	1	3	shell
OG0011482	0	1	1	1	1	3	shell
OG0011483	0	1	1	1	1	3	shell
OG0011484	0	1	1	1	1	3	shell
OG0011485	0	1	1	1	1	3	shell
OG0011486	0	1	1	1	1	3	shell
OG0011487	0	1	1	1	1	3	shell
OG0011488	0	1	1	1	1	3	shell
OG0011489	0	1	1	1	1	3	shell
OG0011490	0	1	1	1	1	3	shell
OG0011491	0	1	1	1	1	3	shell
OG0011492	0	1	1	1	1	3	shell
OG0011493	0	1	1	1	1	3	shell
OG0011494	0	1	1	1	1	3	shell
OG0011495	0	1	1	1	1	3	shell
OG0011496	0	1	1	1	1	3	shell
OG0011497	0	1	1	1	1	3	shell
OG0011498	0	1	1	1	1	3	shell
OG0011499	0	1	1	1	1	3	shell
OG0011500	0	1	1	1	1	3	shell
OG0011501	0	1	1	1	1	3	shell
OG0011502	0	1	1	1	1	3	shell
OG0011503	0	1	1	1	1	3	shell
OG0011504	0	1	1	1	1	3	shell
OG0011505	0	1	1	2	0	3	shell
OG0011506	0	1	1	1	1	3	shell
OG0011507	0	1	1	1	1	3	shell
OG0011508	0	1	1	1	1	3	shell
OG0011509	0	1	1	1	1	3	shell
OG0011510	0	1	1	1	1	3	shell
OG0011511	0	1	1	1	1	3	shell
OG0011512	0	1	1	1	1	3	shell
OG0011513	0	1	1	1	1	3	shell
OG0011514	0	1	1	1	1	3	shell
OG0011515	0	1	1	1	1	3	shell
OG0011516	0	1	1	1	1	3	shell
OG0011517	0	1	1	1	1	3	shell
OG0011518	0	1	1	1	1	3	shell
OG0011519	0	1	1	1	1	3	shell
OG0011520	0	1	1	1	1	3	shell
OG0011521	0	1	1	1	1	3	shell
OG0011522	0	1	1	1	1	3	shell
OG0011523	0	1	1	1	1	3	shell
OG0011524	0	1	1	1	1	3	shell
OG0011525	0	1	1	1	1	3	shell
OG0011526	0	1	1	1	1	3	shell
OG0011527	0	1	1	1	1	3	shell
OG0011528	0	1	1	1	1	3	shell
OG0011529	0	1	1	1	1	3	shell
OG0011530	0	1	1	2	0	3	shell
OG0011531	0	1	1	1	1	3	shell
OG0011532	0	1	1	1	1	3	shell
OG0011533	0	1	1	1	1	3	shell
OG0011534	0	1	1	1	1	3	shell
OG0011535	0	1	1	1	1	3	shell
OG0011536	0	1	1	1	1	3	shell
OG0011537	0	1	1	1	1	3	shell
OG0011538	0	1	1	1	1	3	shell
OG0011539	0	1	1	1	1	3	shell
OG0011540	0	1	1	1	1	3	shell
OG0011541	0	1	1	1	1	3	shell
OG0011542	0	1	1	1	1	3	shell
OG0011543	0	1	1	1	1	3	shell
OG0011544	0	1	1	1	1	3	shell
OG0011545	0	1	1	1	1	3	shell
OG0011546	0	1	1	1	1	3	shell
OG0011547	0	1	1	1	1	3	shell
OG0011548	0	1	1	1	1	3	shell
OG0011549	0	1	1	1	1	3	shell
OG0011550	0	1	1	1	1	3	shell
OG0011551	0	1	1	1	1	3	shell
OG0011552	0	1	1	1	1	3	shell
OG0011553	0	1	1	1	1	3	shell
OG0011554	0	1	1	0	2	2	shell
OG0011555	0	1	1	1	1	3	shell
OG0011556	0	1	1	1	1	3	shell
OG0011557	0	1	1	1	1	3	shell
OG0011558	0	1	1	1	1	3	shell
OG0011559	0	1	1	1	1	3	shell
OG0011560	0	1	1	1	1	3	shell
OG0011561	0	1	1	1	1	3	shell
OG0011562	0	1	1	1	1	3	shell
OG0011563	0	1	0	2	1	2	shell
OG0011564	0	1	1	1	1	3	shell
OG0011565	0	1	1	1	1	3	shell
OG0011566	0	1	1	1	1	3	shell
OG0011567	0	1	0	0	3	1	cloud
OG0011568	0	1	1	1	1	3	shell
OG0011569	0	1	1	1	1	3	shell
OG0011570	0	1	1	1	1	3	shell
OG0011571	0	1	1	1	1	3	shell
OG0011572	0	1	1	1	1	3	shell
OG0011573	0	1	1	1	1	3	shell
OG0011574	0	1	1	1	1	3	shell
OG0011575	0	1	1	1	1	3	shell
OG0011576	0	1	1	1	1	3	shell
OG0011577	0	1	1	1	1	3	shell
OG0011578	0	1	1	1	1	3	shell
OG0011579	0	1	1	1	1	3	shell
OG0011580	0	1	1	1	1	3	shell
OG0011581	0	1	1	1	1	3	shell
OG0011582	0	1	1	1	1	3	shell
OG0011583	0	1	1	0	2	2	shell
OG0011584	0	1	1	1	1	3	shell
OG0011585	0	1	1	1	1	3	shell
OG0011586	0	1	1	1	1	3	shell
OG0011587	0	1	1	1	1	3	shell
OG0011588	0	1	1	1	1	3	shell
OG0011589	0	1	1	1	1	3	shell
OG0011590	0	1	1	1	1	3	shell
OG0011591	0	1	1	1	1	3	shell
OG0011592	0	1	1	1	1	3	shell
OG0011593	0	1	1	0	2	2	shell
OG0011594	0	1	1	1	1	3	shell
OG0011595	0	1	1	1	1	3	shell
OG0011596	0	1	1	1	1	3	shell
OG0011597	0	1	1	1	1	3	shell
OG0011598	0	0	1	1	2	2	shell
OG0011599	0	0	1	1	2	2	shell
OG0011600	0	0	0	0	4	0	outgroup_only
OG0011601	1	1	1	0	0	3	shell
OG0011602	0	1	1	0	1	2	shell
OG0011603	1	1	0	1	0	3	shell
OG0011604	1	1	0	0	1	2	shell
OG0011605	0	0	1	0	2	1	cloud
OG0011606	1	1	0	1	0	3	shell
OG0011607	1	0	0	2	0	2	shell
OG0011608	1	0	1	1	0	3	shell
OG0011609	1	0	1	0	1	2	shell
OG0011610	1	1	0	1	0	3	shell
OG0011611	1	0	1	0	1	2	shell
OG0011612	0	0	2	0	1	1	cloud
OG0011613	0	1	0	1	1	2	shell
OG0011614	1	0	0	1	1	2	shell
OG0011615	0	1	1	1	0	3	shell
OG0011616	1	0	1	1	0	3	shell
OG0011617	1	0	0	1	1	2	shell
OG0011618	1	0	1	0	1	2	shell
OG0011619	0	1	0	0	2	1	cloud
OG0011620	2	0	1	0	0	2	shell
OG0011621	0	0	1	1	1	2	shell
OG0011622	0	0	1	0	2	1	cloud
OG0011623	1	0	0	1	1	2	shell
OG0011624	0	1	1	1	0	3	shell
OG0011625	1	1	0	1	0	3	shell
OG0011626	0	1	1	1	0	3	shell
OG0011627	1	0	0	1	1	2	shell
OG0011628	0	0	0	2	1	1	cloud
OG0011629	1	1	0	1	0	3	shell
OG0011630	0	0	1	1	1	2	shell
OG0011631	0	1	1	0	1	2	shell
OG0011632	0	1	1	1	0	3	shell
OG0011633	1	1	0	1	0	3	shell
OG0011634	1	0	1	1	0	3	shell
OG0011635	0	1	0	1	1	2	shell
OG0011636	0	1	0	1	1	2	shell
OG0011637	0	1	1	1	0	3	shell
OG0011638	1	1	0	0	1	2	shell
OG0011639	0	0	0	3	0	1	cloud
OG0011640	1	1	0	1	0	3	shell
OG0011641	1	0	0	1	1	2	shell
OG0011642	0	1	1	0	1	2	shell
OG0011643	1	1	1	0	0	3	shell
OG0011644	1	0	1	1	0	3	shell
OG0011645	0	0	1	1	1	2	shell
OG0011646	0	1	1	1	0	3	shell
OG0011647	0	1	0	1	1	2	shell
OG0011648	1	1	0	0	1	2	shell
OG0011649	1	0	0	1	1	2	shell
OG0011650	1	0	0	0	2	1	cloud
OG0011651	0	1	1	1	0	3	shell
OG0011652	1	0	0	1	1	2	shell
OG0011653	1	0	0	1	1	2	shell
OG0011654	0	0	1	1	1	2	shell
OG0011655	0	1	0	1	1	2	shell
OG0011656	0	1	0	1	1	2	shell
OG0011657	1	0	0	1	1	2	shell
OG0011658	1	0	1	0	1	2	shell
OG0011659	0	1	1	0	1	2	shell
OG0011660	1	1	0	0	1	2	shell
OG0011661	1	0	0	1	1	2	shell
OG0011662	0	1	0	1	1	2	shell
OG0011663	1	0	1	0	1	2	shell
OG0011664	0	0	1	1	1	2	shell
OG0011665	1	0	1	0	1	2	shell
OG0011666	0	1	1	0	1	2	shell
OG0011667	0	0	1	1	1	2	shell
OG0011668	1	0	0	1	1	2	shell
OG0011669	0	1	0	1	1	2	shell
OG0011670	0	1	0	1	1	2	shell
OG0011671	1	1	0	0	1	2	shell
OG0011672	0	1	1	0	1	2	shell
OG0011673	1	0	1	0	1	2	shell
OG0011674	1	0	0	1	1	2	shell
OG0011675	0	0	1	1	1	2	shell
OG0011676	0	1	0	1	1	2	shell
OG0011677	0	0	1	1	1	2	shell
OG0011678	1	0	0	1	1	2	shell
OG0011679	0	1	0	1	1	2	shell
OG0011680	0	0	1	1	1	2	shell
OG0011681	1	0	0	1	1	2	shell
OG0011682	0	0	1	1	1	2	shell
OG0011683	0	0	1	1	1	2	shell
OG0011684	0	0	1	1	1	2	shell
OG0011685	1	0	0	1	1	2	shell
OG0011686	1	1	0	0	1	2	shell
OG0011687	0	1	1	0	1	2	shell
OG0011688	0	1	0	1	1	2	shell
OG0011689	0	0	1	0	2	1	cloud
OG0011690	1	0	1	0	1	2	shell
OG0011691	1	1	0	0	1	2	shell
OG0011692	1	0	0	0	2	1	cloud
OG0011693	1	0	1	0	1	2	shell
OG0011694	0	1	0	1	1	2	shell
OG0011695	0	2	0	0	1	1	cloud
OG0011696	1	1	0	1	0	3	shell
OG0011697	1	1	0	1	0	3	shell
OG0011698	1	1	0	1	0	3	shell
OG0011699	1	1	0	1	0	3	shell
OG0011700	1	1	0	0	1	2	shell
OG0011701	1	0	1	1	0	3	shell
OG0011702	1	0	1	1	0	3	shell
OG0011703	1	1	1	0	0	3	shell
OG0011704	1	1	1	0	0	3	shell
OG0011705	1	1	1	0	0	3	shell
OG0011706	1	1	0	1	0	3	shell
OG0011707	1	1	0	1	0	3	shell
OG0011708	1	0	1	0	1	2	shell
OG0011709	1	1	0	1	0	3	shell
OG0011710	1	1	0	1	0	3	shell
OG0011711	1	0	1	1	0	3	shell
OG0011712	1	1	0	1	0	3	shell
OG0011713	1	0	1	1	0	3	shell
OG0011714	1	0	1	1	0	3	shell
OG0011715	1	0	1	1	0	3	shell
OG0011716	1	1	1	0	0	3	shell
OG0011717	2	0	1	0	0	2	shell
OG0011718	1	0	0	1	1	2	shell
OG0011719	1	0	1	1	0	3	shell
OG0011720	1	1	1	0	0	3	shell
OG0011721	1	0	0	1	1	2	shell
OG0011722	1	1	1	0	0	3	shell
OG0011723	1	1	0	1	0	3	shell
OG0011724	1	1	0	1	0	3	shell
OG0011725	1	1	0	1	0	3	shell
OG0011726	1	0	1	1	0	3	shell
OG0011727	1	1	0	1	0	3	shell
OG0011728	1	0	0	1	1	2	shell
OG0011729	1	1	0	1	0	3	shell
OG0011730	1	1	1	0	0	3	shell
OG0011731	1	0	0	1	1	2	shell
OG0011732	1	1	1	0	0	3	shell
OG0011733	1	1	0	0	1	2	shell
OG0011734	1	0	1	1	0	3	shell
OG0011735	1	1	1	0	0	3	shell
OG0011736	1	1	0	0	1	2	shell
OG0011737	1	1	1	0	0	3	shell
OG0011738	1	0	1	0	1	2	shell
OG0011739	1	1	0	0	1	2	shell
OG0011740	1	1	0	1	0	3	shell
OG0011741	1	1	1	0	0	3	shell
OG0011742	1	1	0	1	0	3	shell
OG0011743	1	1	1	0	0	3	shell
OG0011744	1	0	1	1	0	3	shell
OG0011745	1	0	1	1	0	3	shell
OG0011746	1	0	1	0	1	2	shell
OG0011747	1	1	1	0	0	3	shell
OG0011748	1	1	0	1	0	3	shell
OG0011749	1	1	0	1	0	3	shell
OG0011750	1	1	0	0	1	2	shell
OG0011751	1	1	0	0	1	2	shell
OG0011752	1	0	1	1	0	3	shell
OG0011753	1	0	1	1	0	3	shell
OG0011754	1	1	1	0	0	3	shell
OG0011755	1	0	1	1	0	3	shell
OG0011756	1	0	1	0	1	2	shell
OG0011757	1	0	1	1	0	3	shell
OG0011758	1	1	0	1	0	3	shell
OG0011759	1	0	1	1	0	3	shell
OG0011760	2	0	0	1	0	2	shell
OG0011761	1	1	0	1	0	3	shell
OG0011762	1	0	1	1	0	3	shell
OG0011763	1	1	0	1	0	3	shell
OG0011764	1	1	1	0	0	3	shell
OG0011765	1	0	1	1	0	3	shell
OG0011766	1	1	0	1	0	3	shell
OG0011767	1	1	1	0	0	3	shell
OG0011768	1	1	1	0	0	3	shell
OG0011769	1	1	0	1	0	3	shell
OG0011770	1	0	1	1	0	3	shell
OG0011771	1	1	0	1	0	3	shell
OG0011772	1	0	1	1	0	3	shell
OG0011773	1	1	0	0	1	2	shell
OG0011774	1	0	1	1	0	3	shell
OG0011775	1	1	0	1	0	3	shell
OG0011776	1	1	0	1	0	3	shell
OG0011777	1	0	1	1	0	3	shell
OG0011778	1	1	0	1	0	3	shell
OG0011779	1	0	1	1	0	3	shell
OG0011780	1	0	1	1	0	3	shell
OG0011781	1	1	0	1	0	3	shell
OG0011782	1	0	1	1	0	3	shell
OG0011783	1	1	1	0	0	3	shell
OG0011784	1	1	1	0	0	3	shell
OG0011785	1	0	1	1	0	3	shell
OG0011786	1	0	1	1	0	3	shell
OG0011787	1	0	1	1	0	3	shell
OG0011788	1	1	1	0	0	3	shell
OG0011789	1	0	1	0	1	2	shell
OG0011790	1	1	0	0	1	2	shell
OG0011791	1	0	1	1	0	3	shell
OG0011792	1	1	0	1	0	3	shell
OG0011793	2	0	1	0	0	2	shell
OG0011794	1	1	0	1	0	3	shell
OG0011795	1	0	1	0	1	2	shell
OG0011796	1	1	0	0	1	2	shell
OG0011797	1	2	0	0	0	2	shell
OG0011798	1	1	0	0	1	2	shell
OG0011799	1	1	0	1	0	3	shell
OG0011800	1	0	1	1	0	3	shell
OG0011801	1	1	1	0	0	3	shell
OG0011802	1	1	0	1	0	3	shell
OG0011803	1	0	1	1	0	3	shell
OG0011804	1	1	1	0	0	3	shell
OG0011805	1	0	1	0	1	2	shell
OG0011806	1	1	0	1	0	3	shell
OG0011807	1	1	1	0	0	3	shell
OG0011808	1	0	1	0	1	2	shell
OG0011809	1	1	0	1	0	3	shell
OG0011810	1	0	1	1	0	3	shell
OG0011811	1	1	0	1	0	3	shell
OG0011812	1	0	1	1	0	3	shell
OG0011813	1	0	1	1	0	3	shell
OG0011814	1	1	1	0	0	3	shell
OG0011815	1	0	1	0	1	2	shell
OG0011816	1	1	0	1	0	3	shell
OG0011817	1	0	0	1	1	2	shell
OG0011818	1	0	0	2	0	2	shell
OG0011819	1	0	1	1	0	3	shell
OG0011820	1	0	1	1	0	3	shell
OG0011821	1	0	1	1	0	3	shell
OG0011822	1	0	1	1	0	3	shell
OG0011823	1	0	1	1	0	3	shell
OG0011824	1	0	1	1	0	3	shell
OG0011825	1	0	1	1	0	3	shell
OG0011826	1	0	1	1	0	3	shell
OG0011827	1	0	1	1	0	3	shell
OG0011828	1	1	0	1	0	3	shell
OG0011829	1	1	0	1	0	3	shell
OG0011830	1	1	0	1	0	3	shell
OG0011831	1	1	1	0	0	3	shell
OG0011832	1	1	1	0	0	3	shell
OG0011833	1	1	1	0	0	3	shell
OG0011834	1	1	0	0	1	2	shell
OG0011835	1	0	1	1	0	3	shell
OG0011836	1	1	0	1	0	3	shell
OG0011837	1	1	0	1	0	3	shell
OG0011838	1	1	0	1	0	3	shell
OG0011839	1	0	1	0	1	2	shell
OG0011840	1	0	1	1	0	3	shell
OG0011841	1	1	0	1	0	3	shell
OG0011842	1	0	1	0	1	2	shell
OG0011843	1	0	0	1	1	2	shell
OG0011844	1	1	1	0	0	3	shell
OG0011845	1	0	1	1	0	3	shell
OG0011846	1	1	0	1	0	3	shell
OG0011847	1	1	1	0	0	3	shell
OG0011848	1	1	0	1	0	3	shell
OG0011849	1	1	1	0	0	3	shell
OG0011850	1	0	0	0	2	1	cloud
OG0011851	1	0	1	1	0	3	shell
OG0011852	1	1	0	0	1	2	shell
OG0011853	1	0	1	1	0	3	shell
OG0011854	1	0	1	1	0	3	shell
OG0011855	1	0	1	1	0	3	shell
OG0011856	1	0	1	0	1	2	shell
OG0011857	1	0	1	0	1	2	shell
OG0011858	1	1	0	1	0	3	shell
OG0011859	1	0	1	1	0	3	shell
OG0011860	1	0	1	1	0	3	shell
OG0011861	1	1	0	1	0	3	shell
OG0011862	1	1	0	1	0	3	shell
OG0011863	1	1	1	0	0	3	shell
OG0011864	1	1	0	0	1	2	shell
OG0011865	1	1	1	0	0	3	shell
OG0011866	1	1	1	0	0	3	shell
OG0011867	1	1	0	1	0	3	shell
OG0011868	1	0	1	1	0	3	shell
OG0011869	1	1	1	0	0	3	shell
OG0011870	1	0	1	1	0	3	shell
OG0011871	1	0	1	0	1	2	shell
OG0011872	1	1	0	1	0	3	shell
OG0011873	1	0	1	1	0	3	shell
OG0011874	1	1	0	1	0	3	shell
OG0011875	1	1	0	1	0	3	shell
OG0011876	1	0	1	1	0	3	shell
OG0011877	1	0	1	1	0	3	shell
OG0011878	1	0	1	1	0	3	shell
OG0011879	1	0	1	1	0	3	shell
OG0011880	1	0	1	1	0	3	shell
OG0011881	1	1	0	1	0	3	shell
OG0011882	1	0	1	1	0	3	shell
OG0011883	1	0	1	1	0	3	shell
OG0011884	1	2	0	0	0	2	shell
OG0011885	1	1	1	0	0	3	shell
OG0011886	1	0	1	1	0	3	shell
OG0011887	1	1	0	0	1	2	shell
OG0011888	1	1	0	1	0	3	shell
OG0011889	1	1	0	1	0	3	shell
OG0011890	1	1	0	1	0	3	shell
OG0011891	1	1	1	0	0	3	shell
OG0011892	1	1	0	1	0	3	shell
OG0011893	1	1	0	1	0	3	shell
OG0011894	1	1	0	1	0	3	shell
OG0011895	1	0	1	1	0	3	shell
OG0011896	1	0	1	1	0	3	shell
OG0011897	1	0	1	1	0	3	shell
OG0011898	1	1	0	1	0	3	shell
OG0011899	1	0	0	1	1	2	shell
OG0011900	1	0	1	0	1	2	shell
OG0011901	1	0	1	1	0	3	shell
OG0011902	1	0	1	1	0	3	shell
OG0011903	1	0	1	1	0	3	shell
OG0011904	1	1	0	1	0	3	shell
OG0011905	1	0	1	1	0	3	shell
OG0011906	1	0	0	1	1	2	shell
OG0011907	1	1	0	1	0	3	shell
OG0011908	1	1	0	1	0	3	shell
OG0011909	1	1	1	0	0	3	shell
OG0011910	1	0	1	1	0	3	shell
OG0011911	1	0	1	1	0	3	shell
OG0011912	1	1	0	1	0	3	shell
OG0011913	1	0	0	0	2	1	cloud
OG0011914	1	0	0	1	1	2	shell
OG0011915	1	1	0	1	0	3	shell
OG0011916	1	1	0	1	0	3	shell
OG0011917	1	0	1	0	1	2	shell
OG0011918	1	0	1	1	0	3	shell
OG0011919	1	0	1	1	0	3	shell
OG0011920	1	0	1	1	0	3	shell
OG0011921	1	0	1	1	0	3	shell
OG0011922	1	0	1	1	0	3	shell
OG0011923	1	1	0	1	0	3	shell
OG0011924	1	1	0	1	0	3	shell
OG0011925	1	0	1	1	0	3	shell
OG0011926	1	0	1	1	0	3	shell
OG0011927	1	0	1	1	0	3	shell
OG0011928	1	1	0	1	0	3	shell
OG0011929	1	1	1	0	0	3	shell
OG0011930	1	0	1	1	0	3	shell
OG0011931	1	0	1	1	0	3	shell
OG0011932	1	0	1	0	1	2	shell
OG0011933	1	0	0	1	1	2	shell
OG0011934	1	1	0	1	0	3	shell
OG0011935	1	1	1	0	0	3	shell
OG0011936	1	1	1	0	0	3	shell
OG0011937	1	1	1	0	0	3	shell
OG0011938	1	1	0	1	0	3	shell
OG0011939	1	1	0	1	0	3	shell
OG0011940	1	0	1	1	0	3	shell
OG0011941	1	1	0	0	1	2	shell
OG0011942	1	1	0	1	0	3	shell
OG0011943	1	1	0	1	0	3	shell
OG0011944	1	1	0	1	0	3	shell
OG0011945	1	0	1	1	0	3	shell
OG0011946	1	0	1	1	0	3	shell
OG0011947	1	0	0	1	1	2	shell
OG0011948	1	0	1	1	0	3	shell
OG0011949	1	1	0	1	0	3	shell
OG0011950	1	0	1	1	0	3	shell
OG0011951	1	0	1	1	0	3	shell
OG0011952	1	1	1	0	0	3	shell
OG0011953	1	0	1	1	0	3	shell
OG0011954	1	0	1	1	0	3	shell
OG0011955	1	1	0	1	0	3	shell
OG0011956	1	1	0	1	0	3	shell
OG0011957	1	1	1	0	0	3	shell
OG0011958	1	1	1	0	0	3	shell
OG0011959	1	0	1	0	1	2	shell
OG0011960	1	0	1	0	1	2	shell
OG0011961	1	1	1	0	0	3	shell
OG0011962	1	0	1	1	0	3	shell
OG0011963	1	0	1	1	0	3	shell
OG0011964	1	1	1	0	0	3	shell
OG0011965	1	1	0	1	0	3	shell
OG0011966	1	1	0	1	0	3	shell
OG0011967	1	1	0	1	0	3	shell
OG0011968	1	1	0	0	1	2	shell
OG0011969	1	1	0	1	0	3	shell
OG0011970	1	0	0	1	1	2	shell
OG0011971	1	1	1	0	0	3	shell
OG0011972	1	1	0	0	1	2	shell
OG0011973	1	0	1	0	1	2	shell
OG0011974	1	1	0	1	0	3	shell
OG0011975	1	1	0	1	0	3	shell
OG0011976	1	1	0	1	0	3	shell
OG0011977	1	1	0	0	1	2	shell
OG0011978	1	0	1	0	1	2	shell
OG0011979	1	0	1	1	0	3	shell
OG0011980	1	0	1	1	0	3	shell
OG0011981	1	1	0	1	0	3	shell
OG0011982	1	0	1	0	1	2	shell
OG0011983	1	1	0	1	0	3	shell
OG0011984	1	0	0	2	0	2	shell
OG0011985	1	1	1	0	0	3	shell
OG0011986	1	1	0	1	0	3	shell
OG0011987	1	0	1	1	0	3	shell
OG0011988	1	0	1	1	0	3	shell
OG0011989	1	0	1	1	0	3	shell
OG0011990	1	1	0	1	0	3	shell
OG0011991	1	0	1	1	0	3	shell
OG0011992	1	1	1	0	0	3	shell
OG0011993	1	0	1	1	0	3	shell
OG0011994	1	1	0	1	0	3	shell
OG0011995	1	0	1	1	0	3	shell
OG0011996	1	0	0	1	1	2	shell
OG0011997	1	0	1	0	1	2	shell
OG0011998	1	1	1	0	0	3	shell
OG0011999	1	0	1	1	0	3	shell
OG0012000	1	1	1	0	0	3	shell
OG0012001	1	0	1	0	1	2	shell
OG0012002	1	0	1	0	1	2	shell
OG0012003	1	1	0	1	0	3	shell
OG0012004	1	0	1	1	0	3	shell
OG0012005	1	1	0	1	0	3	shell
OG0012006	1	1	1	0	0	3	shell
OG0012007	1	1	0	1	0	3	shell
OG0012008	1	0	1	1	0	3	shell
OG0012009	1	1	0	1	0	3	shell
OG0012010	1	0	1	1	0	3	shell
OG0012011	1	0	1	1	0	3	shell
OG0012012	1	0	1	1	0	3	shell
OG0012013	1	0	1	1	0	3	shell
OG0012014	1	0	1	1	0	3	shell
OG0012015	1	0	1	0	1	2	shell
OG0012016	1	1	1	0	0	3	shell
OG0012017	1	2	0	0	0	2	shell
OG0012018	1	0	1	1	0	3	shell
OG0012019	1	1	0	1	0	3	shell
OG0012020	1	1	1	0	0	3	shell
OG0012021	1	1	0	1	0	3	shell
OG0012022	1	0	1	0	1	2	shell
OG0012023	1	0	0	1	1	2	shell
OG0012024	1	0	0	1	1	2	shell
OG0012025	1	0	0	1	1	2	shell
OG0012026	1	1	1	0	0	3	shell
OG0012027	1	1	0	1	0	3	shell
OG0012028	1	0	1	0	1	2	shell
OG0012029	1	0	1	1	0	3	shell
OG0012030	1	1	0	1	0	3	shell
OG0012031	1	1	0	1	0	3	shell
OG0012032	1	1	1	0	0	3	shell
OG0012033	1	1	0	1	0	3	shell
OG0012034	1	1	0	0	1	2	shell
OG0012035	1	0	1	1	0	3	shell
OG0012036	1	1	1	0	0	3	shell
OG0012037	1	1	0	1	0	3	shell
OG0012038	1	0	1	1	0	3	shell
OG0012039	1	0	1	1	0	3	shell
OG0012040	1	0	1	0	1	2	shell
OG0012041	1	0	1	1	0	3	shell
OG0012042	1	0	1	1	0	3	shell
OG0012043	1	1	1	0	0	3	shell
OG0012044	1	0	1	0	1	2	shell
OG0012045	1	0	1	0	1	2	shell
OG0012046	1	0	0	1	1	2	shell
OG0012047	1	0	1	1	0	3	shell
OG0012048	1	1	0	1	0	3	shell
OG0012049	1	0	1	1	0	3	shell
OG0012050	1	0	1	1	0	3	shell
OG0012051	1	0	1	1	0	3	shell
OG0012052	1	0	1	1	0	3	shell
OG0012053	1	1	0	1	0	3	shell
OG0012054	1	1	0	1	0	3	shell
OG0012055	1	0	1	0	1	2	shell
OG0012056	1	0	1	0	1	2	shell
OG0012057	1	1	1	0	0	3	shell
OG0012058	1	1	1	0	0	3	shell
OG0012059	1	0	1	1	0	3	shell
OG0012060	1	0	1	1	0	3	shell
OG0012061	1	0	1	1	0	3	shell
OG0012062	1	0	1	1	0	3	shell
OG0012063	1	0	0	1	1	2	shell
OG0012064	1	1	0	1	0	3	shell
OG0012065	1	0	1	0	1	2	shell
OG0012066	1	1	1	0	0	3	shell
OG0012067	1	0	1	1	0	3	shell
OG0012068	1	0	1	1	0	3	shell
OG0012069	1	0	1	1	0	3	shell
OG0012070	1	0	1	1	0	3	shell
OG0012071	1	0	1	1	0	3	shell
OG0012072	1	0	1	1	0	3	shell
OG0012073	1	0	1	1	0	3	shell
OG0012074	1	0	1	1	0	3	shell
OG0012075	1	1	1	0	0	3	shell
OG0012076	1	0	0	1	1	2	shell
OG0012077	1	0	1	0	1	2	shell
OG0012078	1	1	0	0	1	2	shell
OG0012079	1	0	1	0	1	2	shell
OG0012080	1	0	1	0	1	2	shell
OG0012081	1	1	0	1	0	3	shell
OG0012082	1	1	0	1	0	3	shell
OG0012083	1	0	1	1	0	3	shell
OG0012084	1	0	0	1	1	2	shell
OG0012085	1	0	1	0	1	2	shell
OG0012086	1	0	1	1	0	3	shell
OG0012087	1	0	1	1	0	3	shell
OG0012088	1	0	1	1	0	3	shell
OG0012089	1	0	1	0	1	2	shell
OG0012090	1	0	1	1	0	3	shell
OG0012091	1	0	1	1	0	3	shell
OG0012092	1	0	1	1	0	3	shell
OG0012093	1	0	1	1	0	3	shell
OG0012094	1	0	1	1	0	3	shell
OG0012095	1	0	1	1	0	3	shell
OG0012096	1	0	1	1	0	3	shell
OG0012097	1	1	1	0	0	3	shell
OG0012098	1	1	1	0	0	3	shell
OG0012099	1	1	0	1	0	3	shell
OG0012100	1	1	0	1	0	3	shell
OG0012101	1	1	1	0	0	3	shell
OG0012102	1	0	0	1	1	2	shell
OG0012103	1	1	0	1	0	3	shell
OG0012104	1	0	1	1	0	3	shell
OG0012105	1	0	0	1	1	2	shell
OG0012106	1	0	1	1	0	3	shell
OG0012107	1	0	1	0	1	2	shell
OG0012108	1	0	1	1	0	3	shell
OG0012109	1	1	0	1	0	3	shell
OG0012110	1	1	0	1	0	3	shell
OG0012111	1	0	1	0	1	2	shell
OG0012112	1	0	1	0	1	2	shell
OG0012113	1	1	1	0	0	3	shell
OG0012114	1	0	0	1	1	2	shell
OG0012115	1	0	1	1	0	3	shell
OG0012116	1	0	1	1	0	3	shell
OG0012117	1	1	0	1	0	3	shell
OG0012118	1	0	1	0	1	2	shell
OG0012119	1	0	1	1	0	3	shell
OG0012120	1	1	0	1	0	3	shell
OG0012121	1	0	1	1	0	3	shell
OG0012122	1	0	1	1	0	3	shell
OG0012123	1	0	1	0	1	2	shell
OG0012124	1	1	0	1	0	3	shell
OG0012125	1	1	0	1	0	3	shell
OG0012126	1	0	1	1	0	3	shell
OG0012127	1	1	0	0	1	2	shell
OG0012128	1	1	0	1	0	3	shell
OG0012129	1	0	1	0	1	2	shell
OG0012130	1	1	0	0	1	2	shell
OG0012131	1	0	1	1	0	3	shell
OG0012132	1	0	1	1	0	3	shell
OG0012133	1	0	0	1	1	2	shell
OG0012134	1	0	1	0	1	2	shell
OG0012135	1	0	1	0	1	2	shell
OG0012136	1	1	0	1	0	3	shell
OG0012137	1	0	1	1	0	3	shell
OG0012138	1	0	1	1	0	3	shell
OG0012139	1	1	0	0	1	2	shell
OG0012140	1	0	1	1	0	3	shell
OG0012141	1	1	1	0	0	3	shell
OG0012142	1	0	0	0	2	1	cloud
OG0012143	1	0	1	1	0	3	shell
OG0012144	1	0	1	0	1	2	shell
OG0012145	1	0	1	0	1	2	shell
OG0012146	1	1	0	1	0	3	shell
OG0012147	1	1	0	1	0	3	shell
OG0012148	1	1	0	1	0	3	shell
OG0012149	1	0	1	1	0	3	shell
OG0012150	1	0	1	1	0	3	shell
OG0012151	1	0	1	1	0	3	shell
OG0012152	1	0	1	1	0	3	shell
OG0012153	1	0	1	1	0	3	shell
OG0012154	1	1	0	1	0	3	shell
OG0012155	1	0	1	1	0	3	shell
OG0012156	1	1	0	0	1	2	shell
OG0012157	1	0	1	0	1	2	shell
OG0012158	1	1	0	1	0	3	shell
OG0012159	1	0	0	0	2	1	cloud
OG0012160	1	0	0	1	1	2	shell
OG0012161	1	0	1	1	0	3	shell
OG0012162	1	0	1	1	0	3	shell
OG0012163	1	1	0	1	0	3	shell
OG0012164	1	1	1	0	0	3	shell
OG0012165	1	1	0	1	0	3	shell
OG0012166	1	1	0	1	0	3	shell
OG0012167	1	0	0	0	2	1	cloud
OG0012168	1	1	0	1	0	3	shell
OG0012169	1	1	0	1	0	3	shell
OG0012170	1	1	1	0	0	3	shell
OG0012171	1	1	0	1	0	3	shell
OG0012172	1	1	0	1	0	3	shell
OG0012173	1	0	0	1	1	2	shell
OG0012174	1	0	1	0	1	2	shell
OG0012175	1	1	1	0	0	3	shell
OG0012176	1	1	1	0	0	3	shell
OG0012177	1	1	0	0	1	2	shell
OG0012178	1	0	1	0	1	2	shell
OG0012179	1	1	1	0	0	3	shell
OG0012180	1	1	0	1	0	3	shell
OG0012181	1	1	1	0	0	3	shell
OG0012182	1	1	0	1	0	3	shell
OG0012183	1	0	1	0	1	2	shell
OG0012184	1	0	0	1	1	2	shell
OG0012185	1	0	1	0	1	2	shell
OG0012186	1	1	0	1	0	3	shell
OG0012187	1	1	1	0	0	3	shell
OG0012188	1	0	0	1	1	2	shell
OG0012189	1	1	0	1	0	3	shell
OG0012190	1	0	1	1	0	3	shell
OG0012191	1	1	1	0	0	3	shell
OG0012192	1	0	1	1	0	3	shell
OG0012193	1	0	0	1	1	2	shell
OG0012194	1	0	1	0	1	2	shell
OG0012195	1	0	1	1	0	3	shell
OG0012196	1	0	1	1	0	3	shell
OG0012197	1	1	0	0	1	2	shell
OG0012198	1	1	0	1	0	3	shell
OG0012199	1	1	0	1	0	3	shell
OG0012200	1	1	1	0	0	3	shell
OG0012201	1	0	1	1	0	3	shell
OG0012202	1	0	1	1	0	3	shell
OG0012203	1	0	1	1	0	3	shell
OG0012204	1	1	0	0	1	2	shell
OG0012205	1	1	0	1	0	3	shell
OG0012206	1	1	1	0	0	3	shell
OG0012207	1	0	1	1	0	3	shell
OG0012208	1	1	0	0	1	2	shell
OG0012209	1	1	0	1	0	3	shell
OG0012210	1	0	0	1	1	2	shell
OG0012211	1	0	1	1	0	3	shell
OG0012212	1	0	1	1	0	3	shell
OG0012213	1	0	1	1	0	3	shell
OG0012214	1	0	1	1	0	3	shell
OG0012215	1	0	1	1	0	3	shell
OG0012216	1	1	0	1	0	3	shell
OG0012217	1	1	0	1	0	3	shell
OG0012218	1	1	0	1	0	3	shell
OG0012219	1	1	1	0	0	3	shell
OG0012220	1	1	0	1	0	3	shell
OG0012221	1	1	1	0	0	3	shell
OG0012222	1	0	0	1	1	2	shell
OG0012223	1	1	1	0	0	3	shell
OG0012224	1	0	1	1	0	3	shell
OG0012225	1	0	1	0	1	2	shell
OG0012226	1	1	0	1	0	3	shell
OG0012227	1	0	1	1	0	3	shell
OG0012228	1	0	1	1	0	3	shell
OG0012229	1	0	1	1	0	3	shell
OG0012230	1	0	1	1	0	3	shell
OG0012231	1	1	0	1	0	3	shell
OG0012232	1	1	0	1	0	3	shell
OG0012233	1	0	0	1	1	2	shell
OG0012234	1	1	0	0	1	2	shell
OG0012235	1	0	1	0	1	2	shell
OG0012236	1	1	0	0	1	2	shell
OG0012237	1	1	0	0	1	2	shell
OG0012238	1	0	1	1	0	3	shell
OG0012239	1	0	1	1	0	3	shell
OG0012240	1	0	1	1	0	3	shell
OG0012241	1	0	1	1	0	3	shell
OG0012242	1	0	1	0	1	2	shell
OG0012243	1	1	1	0	0	3	shell
OG0012244	1	0	1	1	0	3	shell
OG0012245	1	1	0	1	0	3	shell
OG0012246	1	0	1	1	0	3	shell
OG0012247	1	1	0	1	0	3	shell
OG0012248	1	1	0	1	0	3	shell
OG0012249	1	0	0	0	2	1	cloud
OG0012250	1	1	1	0	0	3	shell
OG0012251	1	0	0	1	1	2	shell
OG0012252	1	1	0	1	0	3	shell
OG0012253	1	1	0	1	0	3	shell
OG0012254	1	0	1	0	1	2	shell
OG0012255	1	0	1	0	1	2	shell
OG0012256	1	1	1	0	0	3	shell
OG0012257	1	1	1	0	0	3	shell
OG0012258	1	0	1	1	0	3	shell
OG0012259	1	0	1	1	0	3	shell
OG0012260	1	0	1	1	0	3	shell
OG0012261	1	1	1	0	0	3	shell
OG0012262	1	0	1	1	0	3	shell
OG0012263	1	1	0	0	1	2	shell
OG0012264	1	1	0	1	0	3	shell
OG0012265	1	1	1	0	0	3	shell
OG0012266	1	0	1	0	1	2	shell
OG0012267	1	0	1	0	1	2	shell
OG0012268	1	1	0	0	1	2	shell
OG0012269	1	0	1	0	1	2	shell
OG0012270	1	0	0	2	0	2	shell
OG0012271	1	1	0	1	0	3	shell
OG0012272	1	1	0	1	0	3	shell
OG0012273	1	0	1	0	1	2	shell
OG0012274	1	0	1	1	0	3	shell
OG0012275	1	0	1	1	0	3	shell
OG0012276	1	0	1	1	0	3	shell
OG0012277	1	0	1	1	0	3	shell
OG0012278	1	0	1	0	1	2	shell
OG0012279	1	0	1	1	0	3	shell
OG0012280	1	0	1	1	0	3	shell
OG0012281	1	1	0	0	1	2	shell
OG0012282	1	0	1	1	0	3	shell
OG0012283	1	0	1	0	1	2	shell
OG0012284	1	1	0	1	0	3	shell
OG0012285	1	0	1	1	0	3	shell
OG0012286	1	1	1	0	0	3	shell
OG0012287	1	0	1	0	1	2	shell
OG0012288	1	0	1	0	1	2	shell
OG0012289	1	0	0	0	2	1	cloud
OG0012290	1	1	0	1	0	3	shell
OG0012291	1	0	1	1	0	3	shell
OG0012292	1	1	0	1	0	3	shell
OG0012293	1	0	0	1	1	2	shell
OG0012294	1	0	1	1	0	3	shell
OG0012295	1	1	1	0	0	3	shell
OG0012296	1	1	1	0	0	3	shell
OG0012297	1	1	0	0	1	2	shell
OG0012298	1	0	1	1	0	3	shell
OG0012299	1	0	1	1	0	3	shell
OG0012300	1	1	1	0	0	3	shell
OG0012301	1	0	1	1	0	3	shell
OG0012302	1	1	0	0	1	2	shell
OG0012303	1	1	1	0	0	3	shell
OG0012304	1	1	0	1	0	3	shell
OG0012305	1	0	0	1	1	2	shell
OG0012306	1	1	0	1	0	3	shell
OG0012307	1	1	0	1	0	3	shell
OG0012308	1	1	0	1	0	3	shell
OG0012309	1	1	0	1	0	3	shell
OG0012310	1	0	0	1	1	2	shell
OG0012311	1	1	0	1	0	3	shell
OG0012312	2	0	0	0	1	1	cloud
OG0012313	1	1	0	0	1	2	shell
OG0012314	1	0	1	1	0	3	shell
OG0012315	1	1	0	1	0	3	shell
OG0012316	1	1	0	1	0	3	shell
OG0012317	1	1	0	0	1	2	shell
OG0012318	1	1	0	0	1	2	shell
OG0012319	1	1	1	0	0	3	shell
OG0012320	1	0	1	1	0	3	shell
OG0012321	1	0	1	1	0	3	shell
OG0012322	1	0	1	0	1	2	shell
OG0012323	1	1	1	0	0	3	shell
OG0012324	1	0	1	0	1	2	shell
OG0012325	1	0	1	1	0	3	shell
OG0012326	1	0	1	0	1	2	shell
OG0012327	1	0	1	0	1	2	shell
OG0012328	1	1	1	0	0	3	shell
OG0012329	1	1	1	0	0	3	shell
OG0012330	1	1	1	0	0	3	shell
OG0012331	1	1	0	1	0	3	shell
OG0012332	1	0	1	1	0	3	shell
OG0012333	1	1	0	1	0	3	shell
OG0012334	1	0	0	1	1	2	shell
OG0012335	1	0	1	1	0	3	shell
OG0012336	1	1	0	1	0	3	shell
OG0012337	1	0	1	1	0	3	shell
OG0012338	1	0	1	1	0	3	shell
OG0012339	1	0	1	1	0	3	shell
OG0012340	1	1	1	0	0	3	shell
OG0012341	1	0	1	0	1	2	shell
OG0012342	1	0	1	1	0	3	shell
OG0012343	1	0	1	1	0	3	shell
OG0012344	1	0	1	1	0	3	shell
OG0012345	1	1	0	1	0	3	shell
OG0012346	1	1	0	1	0	3	shell
OG0012347	1	0	1	0	1	2	shell
OG0012348	1	0	1	1	0	3	shell
OG0012349	1	0	1	1	0	3	shell
OG0012350	1	0	1	1	0	3	shell
OG0012351	1	0	1	1	0	3	shell
OG0012352	1	0	1	0	1	2	shell
OG0012353	1	0	1	0	1	2	shell
OG0012354	1	1	0	1	0	3	shell
OG0012355	1	0	0	1	1	2	shell
OG0012356	1	0	1	1	0	3	shell
OG0012357	1	1	0	1	0	3	shell
OG0012358	1	0	1	1	0	3	shell
OG0012359	1	0	1	1	0	3	shell
OG0012360	1	0	0	1	1	2	shell
OG0012361	1	0	1	1	0	3	shell
OG0012362	1	1	0	1	0	3	shell
OG0012363	1	1	0	1	0	3	shell
OG0012364	1	0	1	1	0	3	shell
OG0012365	1	0	0	1	1	2	shell
OG0012366	1	0	1	1	0	3	shell
OG0012367	1	1	1	0	0	3	shell
OG0012368	1	1	0	1	0	3	shell
OG0012369	1	0	1	0	1	2	shell
OG0012370	1	1	0	1	0	3	shell
OG0012371	1	0	1	1	0	3	shell
OG0012372	1	0	1	0	1	2	shell
OG0012373	1	0	1	1	0	3	shell
OG0012374	1	0	1	0	1	2	shell
OG0012375	1	0	1	0	1	2	shell
OG0012376	1	0	1	0	1	2	shell
OG0012377	1	0	1	1	0	3	shell
OG0012378	1	1	0	1	0	3	shell
OG0012379	1	0	0	1	1	2	shell
OG0012380	0	1	1	1	0	3	shell
OG0012381	0	1	1	1	0	3	shell
OG0012382	0	1	1	1	0	3	shell
OG0012383	0	1	1	1	0	3	shell
OG0012384	0	1	1	1	0	3	shell
OG0012385	0	1	1	1	0	3	shell
OG0012386	0	1	2	0	0	2	shell
OG0012387	0	1	0	1	1	2	shell
OG0012388	0	1	1	1	0	3	shell
OG0012389	0	1	0	1	1	2	shell
OG0012390	0	1	1	1	0	3	shell
OG0012391	0	1	1	1	0	3	shell
OG0012392	0	1	0	1	1	2	shell
OG0012393	0	1	1	0	1	2	shell
OG0012394	0	1	1	1	0	3	shell
OG0012395	0	1	2	0	0	2	shell
OG0012396	0	1	1	1	0	3	shell
OG0012397	0	1	1	1	0	3	shell
OG0012398	0	1	1	1	0	3	shell
OG0012399	0	1	1	1	0	3	shell
OG0012400	0	1	1	1	0	3	shell
OG0012401	0	1	1	1	0	3	shell
OG0012402	0	1	1	1	0	3	shell
OG0012403	0	1	1	1	0	3	shell
OG0012404	0	1	1	0	1	2	shell
OG0012405	0	1	1	1	0	3	shell
OG0012406	0	1	1	1	0	3	shell
OG0012407	0	1	1	1	0	3	shell
OG0012408	0	1	1	1	0	3	shell
OG0012409	0	1	1	1	0	3	shell
OG0012410	0	1	1	1	0	3	shell
OG0012411	0	1	1	1	0	3	shell
OG0012412	0	1	1	1	0	3	shell
OG0012413	0	1	1	1	0	3	shell
OG0012414	0	1	1	1	0	3	shell
OG0012415	0	1	1	1	0	3	shell
OG0012416	0	1	1	1	0	3	shell
OG0012417	0	1	1	1	0	3	shell
OG0012418	0	1	1	1	0	3	shell
OG0012419	0	1	1	1	0	3	shell
OG0012420	0	1	1	1	0	3	shell
OG0012421	0	1	0	1	1	2	shell
OG0012422	0	1	1	1	0	3	shell
OG0012423	0	1	0	1	1	2	shell
OG0012424	0	1	0	0	2	1	cloud
OG0012425	0	1	1	1	0	3	shell
OG0012426	0	1	0	1	1	2	shell
OG0012427	0	1	0	2	0	2	shell
OG0012428	0	1	1	1	0	3	shell
OG0012429	0	1	1	1	0	3	shell
OG0012430	0	1	1	1	0	3	shell
OG0012431	0	1	1	1	0	3	shell
OG0012432	0	1	1	1	0	3	shell
OG0012433	0	1	1	0	1	2	shell
OG0012434	0	1	1	0	1	2	shell
OG0012435	0	1	1	1	0	3	shell
OG0012436	0	1	1	0	1	2	shell
OG0012437	0	1	1	1	0	3	shell
OG0012438	0	1	0	1	1	2	shell
OG0012439	0	1	1	1	0	3	shell
OG0012440	0	1	1	1	0	3	shell
OG0012441	0	1	1	1	0	3	shell
OG0012442	0	1	1	1	0	3	shell
OG0012443	0	1	1	1	0	3	shell
OG0012444	0	1	1	1	0	3	shell
OG0012445	0	1	1	1	0	3	shell
OG0012446	0	1	1	1	0	3	shell
OG0012447	0	1	1	1	0	3	shell
OG0012448	0	1	1	1	0	3	shell
OG0012449	0	1	1	0	1	2	shell
OG0012450	0	1	1	1	0	3	shell
OG0012451	0	1	1	1	0	3	shell
OG0012452	0	1	1	1	0	3	shell
OG0012453	0	1	1	1	0	3	shell
OG0012454	0	1	0	1	1	2	shell
OG0012455	0	1	1	1	0	3	shell
OG0012456	0	1	1	1	0	3	shell
OG0012457	0	1	1	1	0	3	shell
OG0012458	0	1	1	1	0	3	shell
OG0012459	0	1	1	0	1	2	shell
OG0012460	0	1	1	1	0	3	shell
OG0012461	0	1	1	1	0	3	shell
OG0012462	0	1	1	1	0	3	shell
OG0012463	0	1	0	0	2	1	cloud
OG0012464	0	1	1	1	0	3	shell
OG0012465	0	1	1	1	0	3	shell
OG0012466	0	1	1	1	0	3	shell
OG0012467	0	1	1	0	1	2	shell
OG0012468	0	1	1	1	0	3	shell
OG0012469	0	1	0	1	1	2	shell
OG0012470	0	1	1	1	0	3	shell
OG0012471	0	1	1	1	0	3	shell
OG0012472	0	1	0	1	1	2	shell
OG0012473	0	3	0	0	0	1	cloud
OG0012474	0	1	1	1	0	3	shell
OG0012475	0	1	1	1	0	3	shell
OG0012476	0	1	0	1	1	2	shell
OG0012477	0	1	1	0	1	2	shell
OG0012478	0	1	1	1	0	3	shell
OG0012479	0	1	1	1	0	3	shell
OG0012480	0	1	1	1	0	3	shell
OG0012481	0	1	1	1	0	3	shell
OG0012482	0	1	1	1	0	3	shell
OG0012483	0	1	0	1	1	2	shell
OG0012484	0	1	1	1	0	3	shell
OG0012485	0	1	1	1	0	3	shell
OG0012486	0	1	1	1	0	3	shell
OG0012487	0	1	1	0	1	2	shell
OG0012488	0	1	1	1	0	3	shell
OG0012489	0	1	1	1	0	3	shell
OG0012490	0	1	1	1	0	3	shell
OG0012491	0	1	1	1	0	3	shell
OG0012492	0	1	1	0	1	2	shell
OG0012493	0	1	1	1	0	3	shell
OG0012494	0	1	0	1	1	2	shell
OG0012495	0	1	1	1	0	3	shell
OG0012496	0	1	1	0	1	2	shell
OG0012497	0	1	1	1	0	3	shell
OG0012498	0	1	1	1	0	3	shell
OG0012499	0	1	1	1	0	3	shell
OG0012500	0	1	1	1	0	3	shell
OG0012501	0	1	1	1	0	3	shell
OG0012502	0	2	0	0	1	1	cloud
OG0012503	0	1	1	1	0	3	shell
OG0012504	0	1	1	1	0	3	shell
OG0012505	0	1	1	1	0	3	shell
OG0012506	0	1	1	1	0	3	shell
OG0012507	0	1	1	1	0	3	shell
OG0012508	0	1	1	1	0	3	shell
OG0012509	0	1	1	1	0	3	shell
OG0012510	0	1	1	0	1	2	shell
OG0012511	0	1	0	1	1	2	shell
OG0012512	0	1	1	1	0	3	shell
OG0012513	0	1	1	0	1	2	shell
OG0012514	0	1	1	1	0	3	shell
OG0012515	0	1	1	1	0	3	shell
OG0012516	0	1	0	1	1	2	shell
OG0012517	0	1	1	1	0	3	shell
OG0012518	0	1	1	1	0	3	shell
OG0012519	0	1	0	1	1	2	shell
OG0012520	0	1	1	1	0	3	shell
OG0012521	0	1	1	1	0	3	shell
OG0012522	0	1	1	1	0	3	shell
OG0012523	0	1	1	1	0	3	shell
OG0012524	0	1	1	1	0	3	shell
OG0012525	0	1	1	1	0	3	shell
OG0012526	0	1	0	1	1	2	shell
OG0012527	0	1	1	1	0	3	shell
OG0012528	0	1	1	0	1	2	shell
OG0012529	0	1	1	1	0	3	shell
OG0012530	0	1	0	1	1	2	shell
OG0012531	0	1	1	0	1	2	shell
OG0012532	0	1	1	1	0	3	shell
OG0012533	0	1	1	1	0	3	shell
OG0012534	0	1	0	1	1	2	shell
OG0012535	0	1	1	1	0	3	shell
OG0012536	0	1	1	1	0	3	shell
OG0012537	0	1	1	1	0	3	shell
OG0012538	0	1	1	1	0	3	shell
OG0012539	0	1	1	1	0	3	shell
OG0012540	0	1	1	1	0	3	shell
OG0012541	0	1	1	1	0	3	shell
OG0012542	0	1	1	1	0	3	shell
OG0012543	0	1	0	1	1	2	shell
OG0012544	0	1	1	1	0	3	shell
OG0012545	0	1	1	1	0	3	shell
OG0012546	0	1	1	1	0	3	shell
OG0012547	0	1	1	1	0	3	shell
OG0012548	0	1	1	1	0	3	shell
OG0012549	0	1	1	1	0	3	shell
OG0012550	0	1	0	1	1	2	shell
OG0012551	0	1	1	1	0	3	shell
OG0012552	0	1	1	1	0	3	shell
OG0012553	0	1	1	1	0	3	shell
OG0012554	0	1	0	1	1	2	shell
OG0012555	0	1	1	1	0	3	shell
OG0012556	0	1	1	0	1	2	shell
OG0012557	0	1	1	1	0	3	shell
OG0012558	0	1	1	1	0	3	shell
OG0012559	0	1	1	1	0	3	shell
OG0012560	0	1	1	0	1	2	shell
OG0012561	0	1	1	1	0	3	shell
OG0012562	0	1	1	1	0	3	shell
OG0012563	0	1	1	1	0	3	shell
OG0012564	0	1	1	1	0	3	shell
OG0012565	0	1	1	0	1	2	shell
OG0012566	0	1	1	1	0	3	shell
OG0012567	0	1	0	1	1	2	shell
OG0012568	0	1	1	1	0	3	shell
OG0012569	0	1	1	0	1	2	shell
OG0012570	0	1	1	1	0	3	shell
OG0012571	0	1	1	1	0	3	shell
OG0012572	0	1	1	1	0	3	shell
OG0012573	0	1	1	1	0	3	shell
OG0012574	0	1	1	1	0	3	shell
OG0012575	0	1	1	1	0	3	shell
OG0012576	0	1	1	1	0	3	shell
OG0012577	0	1	0	1	1	2	shell
OG0012578	0	1	1	1	0	3	shell
OG0012579	0	1	1	1	0	3	shell
OG0012580	0	1	1	1	0	3	shell
OG0012581	0	1	1	1	0	3	shell
OG0012582	0	1	1	1	0	3	shell
OG0012583	0	1	1	1	0	3	shell
OG0012584	0	1	1	1	0	3	shell
OG0012585	0	1	1	1	0	3	shell
OG0012586	0	1	1	1	0	3	shell
OG0012587	0	1	1	1	0	3	shell
OG0012588	0	1	1	1	0	3	shell
OG0012589	0	1	1	1	0	3	shell
OG0012590	0	1	1	1	0	3	shell
OG0012591	0	1	1	1	0	3	shell
OG0012592	0	1	1	1	0	3	shell
OG0012593	0	1	0	1	1	2	shell
OG0012594	0	1	1	1	0	3	shell
OG0012595	0	1	1	1	0	3	shell
OG0012596	0	1	1	1	0	3	shell
OG0012597	0	1	1	1	0	3	shell
OG0012598	0	1	0	1	1	2	shell
OG0012599	0	1	1	1	0	3	shell
OG0012600	0	1	1	0	1	2	shell
OG0012601	0	1	1	1	0	3	shell
OG0012602	0	1	1	1	0	3	shell
OG0012603	0	1	1	1	0	3	shell
OG0012604	0	1	1	1	0	3	shell
OG0012605	0	1	1	1	0	3	shell
OG0012606	0	1	1	1	0	3	shell
OG0012607	0	1	1	1	0	3	shell
OG0012608	0	1	0	1	1	2	shell
OG0012609	0	1	1	1	0	3	shell
OG0012610	0	1	1	1	0	3	shell
OG0012611	0	1	1	1	0	3	shell
OG0012612	0	1	1	1	0	3	shell
OG0012613	0	1	1	1	0	3	shell
OG0012614	0	1	1	1	0	3	shell
OG0012615	0	1	1	1	0	3	shell
OG0012616	0	1	1	1	0	3	shell
OG0012617	0	1	2	0	0	2	shell
OG0012618	0	1	1	1	0	3	shell
OG0012619	0	1	1	1	0	3	shell
OG0012620	0	1	1	1	0	3	shell
OG0012621	0	1	1	1	0	3	shell
OG0012622	0	1	1	1	0	3	shell
OG0012623	0	1	1	1	0	3	shell
OG0012624	0	1	1	0	1	2	shell
OG0012625	0	1	1	1	0	3	shell
OG0012626	0	1	1	1	0	3	shell
OG0012627	0	1	0	1	1	2	shell
OG0012628	0	1	1	1	0	3	shell
OG0012629	0	1	1	1	0	3	shell
OG0012630	0	1	1	1	0	3	shell
OG0012631	0	1	0	2	0	2	shell
OG0012632	0	1	1	1	0	3	shell
OG0012633	0	1	1	1	0	3	shell
OG0012634	0	1	1	1	0	3	shell
OG0012635	0	1	1	1	0	3	shell
OG0012636	0	1	1	1	0	3	shell
OG0012637	0	1	0	2	0	2	shell
OG0012638	0	1	1	1	0	3	shell
OG0012639	0	1	1	0	1	2	shell
OG0012640	0	1	1	1	0	3	shell
OG0012641	0	1	1	0	1	2	shell
OG0012642	0	1	1	1	0	3	shell
OG0012643	0	1	0	1	1	2	shell
OG0012644	0	1	1	1	0	3	shell
OG0012645	0	1	1	1	0	3	shell
OG0012646	0	1	1	1	0	3	shell
OG0012647	0	1	1	1	0	3	shell
OG0012648	0	1	1	1	0	3	shell
OG0012649	0	1	0	1	1	2	shell
OG0012650	0	1	1	0	1	2	shell
OG0012651	0	1	1	1	0	3	shell
OG0012652	0	1	1	1	0	3	shell
OG0012653	0	1	0	1	1	2	shell
OG0012654	0	1	1	1	0	3	shell
OG0012655	0	1	0	1	1	2	shell
OG0012656	0	1	1	1	0	3	shell
OG0012657	0	1	0	1	1	2	shell
OG0012658	0	1	1	1	0	3	shell
OG0012659	0	1	1	1	0	3	shell
OG0012660	0	1	1	1	0	3	shell
OG0012661	0	1	0	0	2	1	cloud
OG0012662	0	1	1	1	0	3	shell
OG0012663	0	1	1	0	1	2	shell
OG0012664	0	1	1	1	0	3	shell
OG0012665	0	1	1	1	0	3	shell
OG0012666	0	1	1	0	1	2	shell
OG0012667	0	1	1	1	0	3	shell
OG0012668	0	1	1	1	0	3	shell
OG0012669	0	1	1	1	0	3	shell
OG0012670	0	1	1	1	0	3	shell
OG0012671	0	1	1	0	1	2	shell
OG0012672	0	1	1	0	1	2	shell
OG0012673	0	1	1	1	0	3	shell
OG0012674	0	1	1	0	1	2	shell
OG0012675	0	1	1	1	0	3	shell
OG0012676	0	1	1	1	0	3	shell
OG0012677	0	1	1	1	0	3	shell
OG0012678	0	1	1	0	1	2	shell
OG0012679	0	1	1	1	0	3	shell
OG0012680	0	1	1	0	1	2	shell
OG0012681	0	1	1	0	1	2	shell
OG0012682	0	1	1	0	1	2	shell
OG0012683	0	1	1	1	0	3	shell
OG0012684	0	1	1	1	0	3	shell
OG0012685	0	1	1	0	1	2	shell
OG0012686	0	1	1	1	0	3	shell
OG0012687	0	1	1	1	0	3	shell
OG0012688	0	1	0	1	1	2	shell
OG0012689	0	1	1	1	0	3	shell
OG0012690	0	1	1	1	0	3	shell
OG0012691	0	1	1	0	1	2	shell
OG0012692	0	1	1	1	0	3	shell
OG0012693	0	1	1	1	0	3	shell
OG0012694	0	1	1	1	0	3	shell
OG0012695	0	1	1	1	0	3	shell
OG0012696	0	1	1	1	0	3	shell
OG0012697	0	1	1	1	0	3	shell
OG0012698	0	1	0	1	1	2	shell
OG0012699	0	1	1	1	0	3	shell
OG0012700	0	1	1	1	0	3	shell
OG0012701	0	1	1	1	0	3	shell
OG0012702	0	1	1	1	0	3	shell
OG0012703	0	1	1	0	1	2	shell
OG0012704	0	1	1	1	0	3	shell
OG0012705	0	1	1	1	0	3	shell
OG0012706	0	1	1	1	0	3	shell
OG0012707	0	1	1	1	0	3	shell
OG0012708	0	1	1	1	0	3	shell
OG0012709	0	1	1	1	0	3	shell
OG0012710	0	1	1	1	0	3	shell
OG0012711	0	1	1	1	0	3	shell
OG0012712	0	1	1	1	0	3	shell
OG0012713	0	1	1	1	0	3	shell
OG0012714	0	1	1	1	0	3	shell
OG0012715	0	1	1	0	1	2	shell
OG0012716	0	1	1	1	0	3	shell
OG0012717	0	1	1	1	0	3	shell
OG0012718	0	1	1	1	0	3	shell
OG0012719	0	1	1	1	0	3	shell
OG0012720	0	1	1	1	0	3	shell
OG0012721	0	1	1	1	0	3	shell
OG0012722	0	1	1	0	1	2	shell
OG0012723	0	1	1	1	0	3	shell
OG0012724	0	1	1	1	0	3	shell
OG0012725	0	1	1	1	0	3	shell
OG0012726	0	1	0	2	0	2	shell
OG0012727	0	1	1	1	0	3	shell
OG0012728	0	1	1	1	0	3	shell
OG0012729	0	0	1	1	1	2	shell
OG0012730	0	0	1	1	1	2	shell
OG0012731	0	0	1	1	1	2	shell
OG0012732	0	0	1	1	1	2	shell
OG0012733	0	0	1	1	1	2	shell
OG0012734	0	0	1	1	1	2	shell
OG0012735	0	0	1	2	0	2	shell
OG0012736	0	0	1	1	1	2	shell
OG0012737	0	0	1	0	2	1	cloud
OG0012738	0	0	1	1	1	2	shell
OG0012739	0	0	1	1	1	2	shell
OG0012740	0	0	1	2	0	2	shell
OG0012741	0	0	1	1	1	2	shell
OG0012742	0	0	1	1	1	2	shell
OG0012743	0	0	1	1	1	2	shell
OG0012744	0	0	1	1	1	2	shell
OG0012745	0	0	1	1	1	2	shell
OG0012746	0	0	1	1	1	2	shell
OG0012747	0	0	1	1	1	2	shell
OG0012748	0	0	1	0	2	1	cloud
OG0012749	0	0	1	1	1	2	shell
OG0012750	0	0	1	1	1	2	shell
OG0012751	0	0	1	1	1	2	shell
OG0012752	0	0	1	0	2	1	cloud
OG0012753	0	0	1	1	1	2	shell
OG0012754	0	0	1	1	1	2	shell
OG0012755	0	0	1	0	2	1	cloud
OG0012756	0	0	1	1	1	2	shell
OG0012757	0	0	1	1	1	2	shell
OG0012758	0	0	1	1	1	2	shell
OG0012759	0	0	1	1	1	2	shell
OG0012760	0	0	1	1	1	2	shell
OG0012761	0	0	1	1	1	2	shell
OG0012762	0	0	1	1	1	2	shell
OG0012763	0	0	1	1	1	2	shell
OG0012764	0	0	3	0	0	1	cloud
OG0012765	0	0	1	1	1	2	shell
OG0012766	0	0	1	1	1	2	shell
OG0012767	0	0	2	0	1	1	cloud
OG0012768	0	0	1	1	1	2	shell
OG0012769	0	0	1	1	1	2	shell
OG0012770	0	0	1	1	1	2	shell
OG0012771	0	0	1	1	1	2	shell
OG0012772	0	0	1	1	1	2	shell
OG0012773	0	0	1	1	1	2	shell
OG0012774	0	0	1	1	1	2	shell
OG0012775	0	0	1	1	1	2	shell
OG0012776	0	0	1	1	1	2	shell
OG0012777	0	0	1	1	1	2	shell
OG0012778	0	0	1	1	1	2	shell
OG0012779	0	0	0	2	1	1	cloud
OG0012780	0	0	0	2	1	1	cloud
OG0012781	0	0	0	0	3	0	outgroup_only
OG0012782	0	0	0	0	3	0	outgroup_only
OG0012783	0	0	0	0	3	0	outgroup_only
OG0012784	0	0	0	0	3	0	outgroup_only
OG0012785	0	0	0	0	3	0	outgroup_only
OG0012786	0	1	1	0	0	2	shell
OG0012787	0	0	2	0	0	1	cloud
OG0012788	1	0	1	0	0	2	shell
OG0012789	0	0	2	0	0	1	cloud
OG0012790	0	0	1	0	1	1	cloud
OG0012791	1	0	0	0	1	1	cloud
OG0012792	0	1	0	1	0	2	shell
OG0012793	1	1	0	0	0	2	shell
OG0012794	0	0	1	0	1	1	cloud
OG0012795	0	1	0	0	1	1	cloud
OG0012796	0	0	2	0	0	1	cloud
OG0012797	0	0	0	2	0	1	cloud
OG0012798	0	1	0	0	1	1	cloud
OG0012799	1	0	0	1	0	2	shell
OG0012800	1	0	0	1	0	2	shell
OG0012801	0	0	0	0	2	0	outgroup_only
OG0012802	0	1	0	1	0	2	shell
OG0012803	1	0	0	0	1	1	cloud
OG0012804	0	1	1	0	0	2	shell
OG0012805	0	0	2	0	0	1	cloud
OG0012806	1	0	0	0	1	1	cloud
OG0012807	0	0	0	0	2	0	outgroup_only
OG0012808	1	0	0	0	1	1	cloud
OG0012809	0	0	0	1	1	1	cloud
OG0012810	0	0	1	1	0	2	shell
OG0012811	0	0	0	1	1	1	cloud
OG0012812	0	0	0	1	1	1	cloud
OG0012813	1	0	1	0	0	2	shell
OG0012814	0	1	0	1	0	2	shell
OG0012815	0	1	0	1	0	2	shell
OG0012816	1	0	0	0	1	1	cloud
OG0012817	1	1	0	0	0	2	shell
OG0012818	0	0	0	0	2	0	outgroup_only
OG0012819	0	0	0	1	1	1	cloud
OG0012820	0	1	1	0	0	2	shell
OG0012821	0	1	0	0	1	1	cloud
OG0012822	0	1	0	1	0	2	shell
OG0012823	0	0	0	1	1	1	cloud
OG0012824	0	0	1	0	1	1	cloud
OG0012825	0	0	1	1	0	2	shell
OG0012826	0	0	0	2	0	1	cloud
OG0012827	0	2	0	0	0	1	cloud
OG0012828	0	0	0	1	1	1	cloud
OG0012829	0	0	0	1	1	1	cloud
OG0012830	2	0	0	0	0	1	cloud
OG0012831	0	0	1	1	0	2	shell
OG0012832	0	0	0	2	0	1	cloud
OG0012833	0	0	0	0	2	0	outgroup_only
OG0012834	0	0	0	1	1	1	cloud
OG0012835	2	0	0	0	0	1	cloud
OG0012836	0	0	0	1	1	1	cloud
OG0012837	0	0	0	0	2	0	outgroup_only
OG0012838	0	0	0	1	1	1	cloud
OG0012839	0	0	0	2	0	1	cloud
OG0012840	0	1	1	0	0	2	shell
OG0012841	0	0	0	1	1	1	cloud
OG0012842	0	0	1	1	0	2	shell
OG0012843	0	0	0	1	1	1	cloud
OG0012844	1	0	0	0	1	1	cloud
OG0012845	0	1	0	1	0	2	shell
OG0012846	0	0	0	0	2	0	outgroup_only
OG0012847	0	0	1	0	1	1	cloud
OG0012848	0	0	0	1	1	1	cloud
OG0012849	0	0	0	1	1	1	cloud
OG0012850	0	0	1	0	1	1	cloud
OG0012851	0	0	0	0	2	0	outgroup_only
OG0012852	0	0	0	1	1	1	cloud
OG0012853	0	0	1	0	1	1	cloud
OG0012854	0	0	1	0	1	1	cloud
OG0012855	0	0	0	1	1	1	cloud
OG0012856	1	0	0	1	0	2	shell
OG0012857	0	1	0	0	1	1	cloud
OG0012858	0	0	0	1	1	1	cloud
OG0012859	0	0	0	1	1	1	cloud
OG0012860	0	0	0	1	1	1	cloud
OG0012861	0	0	0	1	1	1	cloud
OG0012862	0	0	1	0	1	1	cloud
OG0012863	0	0	1	0	1	1	cloud
OG0012864	0	1	0	0	1	1	cloud
OG0012865	0	0	1	0	1	1	cloud
OG0012866	0	0	0	1	1	1	cloud
OG0012867	0	0	0	1	1	1	cloud
OG0012868	0	0	0	1	1	1	cloud
OG0012869	0	0	0	1	1	1	cloud
OG0012870	0	0	0	1	1	1	cloud
OG0012871	0	0	0	1	1	1	cloud
OG0012872	0	0	0	1	1	1	cloud
OG0012873	0	0	1	0	1	1	cloud
OG0012874	0	0	0	1	1	1	cloud
OG0012875	0	0	0	1	1	1	cloud
OG0012876	1	0	0	0	1	1	cloud
OG0012877	0	0	0	1	1	1	cloud
OG0012878	0	0	0	1	1	1	cloud
OG0012879	0	0	0	2	0	1	cloud
OG0012880	0	1	0	0	1	1	cloud
OG0012881	0	0	1	0	1	1	cloud
OG0012882	1	0	0	0	1	1	cloud
OG0012883	0	0	1	0	1	1	cloud
OG0012884	0	0	0	1	1	1	cloud
OG0012885	0	1	0	0	1	1	cloud
OG0012886	1	0	1	0	0	2	shell
OG0012887	1	0	1	0	0	2	shell
OG0012888	1	0	0	1	0	2	shell
OG0012889	1	0	1	0	0	2	shell
OG0012890	1	1	0	0	0	2	shell
OG0012891	1	1	0	0	0	2	shell
OG0012892	1	1	0	0	0	2	shell
OG0012893	1	1	0	0	0	2	shell
OG0012894	1	0	0	1	0	2	shell
OG0012895	1	0	0	1	0	2	shell
OG0012896	1	0	1	0	0	2	shell
OG0012897	1	1	0	0	0	2	shell
OG0012898	1	1	0	0	0	2	shell
OG0012899	1	1	0	0	0	2	shell
OG0012900	1	0	1	0	0	2	shell
OG0012901	1	0	0	0	1	1	cloud
OG0012902	1	0	1	0	0	2	shell
OG0012903	1	0	0	1	0	2	shell
OG0012904	1	0	0	1	0	2	shell
OG0012905	1	0	0	1	0	2	shell
OG0012906	1	1	0	0	0	2	shell
OG0012907	1	1	0	0	0	2	shell
OG0012908	1	1	0	0	0	2	shell
OG0012909	1	0	1	0	0	2	shell
OG0012910	1	0	0	1	0	2	shell
OG0012911	1	0	1	0	0	2	shell
OG0012912	1	0	0	1	0	2	shell
OG0012913	1	1	0	0	0	2	shell
OG0012914	1	0	1	0	0	2	shell
OG0012915	1	0	1	0	0	2	shell
OG0012916	1	0	1	0	0	2	shell
OG0012917	1	0	1	0	0	2	shell
OG0012918	1	0	0	1	0	2	shell
OG0012919	1	0	1	0	0	2	shell
OG0012920	1	0	1	0	0	2	shell
OG0012921	1	0	1	0	0	2	shell
OG0012922	1	1	0	0	0	2	shell
OG0012923	1	0	0	1	0	2	shell
OG0012924	1	0	1	0	0	2	shell
OG0012925	1	1	0	0	0	2	shell
OG0012926	1	0	1	0	0	2	shell
OG0012927	1	0	1	0	0	2	shell
OG0012928	1	1	0	0	0	2	shell
OG0012929	1	1	0	0	0	2	shell
OG0012930	1	0	0	0	1	1	cloud
OG0012931	1	0	1	0	0	2	shell
OG0012932	1	1	0	0	0	2	shell
OG0012933	1	1	0	0	0	2	shell
OG0012934	1	1	0	0	0	2	shell
OG0012935	1	0	0	0	1	1	cloud
OG0012936	1	0	1	0	0	2	shell
OG0012937	1	0	1	0	0	2	shell
OG0012938	1	0	1	0	0	2	shell
OG0012939	1	1	0	0	0	2	shell
OG0012940	1	0	0	1	0	2	shell
OG0012941	1	0	0	1	0	2	shell
OG0012942	1	0	1	0	0	2	shell
OG0012943	1	1	0	0	0	2	shell
OG0012944	1	1	0	0	0	2	shell
OG0012945	1	0	0	0	1	1	cloud
OG0012946	1	1	0	0	0	2	shell
OG0012947	1	0	0	1	0	2	shell
OG0012948	1	0	1	0	0	2	shell
OG0012949	1	1	0	0	0	2	shell
OG0012950	1	0	1	0	0	2	shell
OG0012951	1	0	0	1	0	2	shell
OG0012952	1	1	0	0	0	2	shell
OG0012953	1	1	0	0	0	2	shell
OG0012954	1	1	0	0	0	2	shell
OG0012955	1	0	1	0	0	2	shell
OG0012956	1	0	1	0	0	2	shell
OG0012957	1	0	1	0	0	2	shell
OG0012958	1	0	0	1	0	2	shell
OG0012959	1	1	0	0	0	2	shell
OG0012960	1	0	0	0	1	1	cloud
OG0012961	1	0	1	0	0	2	shell
OG0012962	1	0	1	0	0	2	shell
OG0012963	1	0	1	0	0	2	shell
OG0012964	1	0	1	0	0	2	shell
OG0012965	1	0	1	0	0	2	shell
OG0012966	1	0	0	1	0	2	shell
OG0012967	1	0	1	0	0	2	shell
OG0012968	1	1	0	0	0	2	shell
OG0012969	1	0	0	1	0	2	shell
OG0012970	1	0	0	0	1	1	cloud
OG0012971	1	0	1	0	0	2	shell
OG0012972	1	0	0	0	1	1	cloud
OG0012973	1	1	0	0	0	2	shell
OG0012974	1	0	1	0	0	2	shell
OG0012975	1	0	1	0	0	2	shell
OG0012976	1	0	1	0	0	2	shell
OG0012977	1	1	0	0	0	2	shell
OG0012978	1	0	1	0	0	2	shell
OG0012979	1	0	1	0	0	2	shell
OG0012980	1	0	0	0	1	1	cloud
OG0012981	1	0	0	1	0	2	shell
OG0012982	1	0	0	0	1	1	cloud
OG0012983	2	0	0	0	0	1	cloud
OG0012984	1	0	1	0	0	2	shell
OG0012985	1	0	0	0	1	1	cloud
OG0012986	1	0	0	1	0	2	shell
OG0012987	1	0	1	0	0	2	shell
OG0012988	1	0	0	0	1	1	cloud
OG0012989	1	0	0	1	0	2	shell
OG0012990	1	0	0	0	1	1	cloud
OG0012991	1	0	0	0	1	1	cloud
OG0012992	1	0	1	0	0	2	shell
OG0012993	1	0	0	0	1	1	cloud
OG0012994	1	0	0	1	0	2	shell
OG0012995	1	0	1	0	0	2	shell
OG0012996	1	1	0	0	0	2	shell
OG0012997	1	0	0	0	1	1	cloud
OG0012998	1	0	0	0	1	1	cloud
OG0012999	1	0	1	0	0	2	shell
OG0013000	1	0	1	0	0	2	shell
OG0013001	1	0	1	0	0	2	shell
OG0013002	1	0	0	0	1	1	cloud
OG0013003	1	1	0	0	0	2	shell
OG0013004	1	0	0	1	0	2	shell
OG0013005	1	0	0	0	1	1	cloud
OG0013006	1	1	0	0	0	2	shell
OG0013007	1	0	0	0	1	1	cloud
OG0013008	1	0	0	0	1	1	cloud
OG0013009	1	0	0	0	1	1	cloud
OG0013010	1	0	1	0	0	2	shell
OG0013011	1	0	0	0	1	1	cloud
OG0013012	1	1	0	0	0	2	shell
OG0013013	1	0	1	0	0	2	shell
OG0013014	1	1	0	0	0	2	shell
OG0013015	1	0	0	0	1	1	cloud
OG0013016	1	1	0	0	0	2	shell
OG0013017	1	0	0	0	1	1	cloud
OG0013018	1	0	0	0	1	1	cloud
OG0013019	1	0	0	0	1	1	cloud
OG0013020	1	0	0	0	1	1	cloud
OG0013021	1	0	1	0	0	2	shell
OG0013022	1	0	0	0	1	1	cloud
OG0013023	1	0	0	0	1	1	cloud
OG0013024	1	0	0	1	0	2	shell
OG0013025	1	0	0	0	1	1	cloud
OG0013026	1	0	0	1	0	2	shell
OG0013027	1	0	1	0	0	2	shell
OG0013028	1	0	1	0	0	2	shell
OG0013029	1	0	0	0	1	1	cloud
OG0013030	1	0	0	0	1	1	cloud
OG0013031	1	0	0	0	1	1	cloud
OG0013032	1	0	0	1	0	2	shell
OG0013033	1	0	0	1	0	2	shell
OG0013034	2	0	0	0	0	1	cloud
OG0013035	1	0	1	0	0	2	shell
OG0013036	1	0	0	1	0	2	shell
OG0013037	1	1	0	0	0	2	shell
OG0013038	1	0	1	0	0	2	shell
OG0013039	1	0	0	0	1	1	cloud
OG0013040	1	0	0	1	0	2	shell
OG0013041	1	0	1	0	0	2	shell
OG0013042	1	1	0	0	0	2	shell
OG0013043	1	0	1	0	0	2	shell
OG0013044	1	0	1	0	0	2	shell
OG0013045	1	0	0	0	1	1	cloud
OG0013046	1	1	0	0	0	2	shell
OG0013047	1	0	0	0	1	1	cloud
OG0013048	1	0	0	0	1	1	cloud
OG0013049	1	0	0	1	0	2	shell
OG0013050	1	0	0	1	0	2	shell
OG0013051	1	0	0	1	0	2	shell
OG0013052	1	1	0	0	0	2	shell
OG0013053	1	0	0	0	1	1	cloud
OG0013054	1	0	1	0	0	2	shell
OG0013055	1	0	1	0	0	2	shell
OG0013056	1	0	1	0	0	2	shell
OG0013057	1	0	0	0	1	1	cloud
OG0013058	2	0	0	0	0	1	cloud
OG0013059	1	0	1	0	0	2	shell
OG0013060	1	0	0	0	1	1	cloud
OG0013061	1	0	0	0	1	1	cloud
OG0013062	1	0	1	0	0	2	shell
OG0013063	1	1	0	0	0	2	shell
OG0013064	1	0	0	0	1	1	cloud
OG0013065	1	0	1	0	0	2	shell
OG0013066	1	0	0	0	1	1	cloud
OG0013067	1	0	1	0	0	2	shell
OG0013068	1	0	0	0	1	1	cloud
OG0013069	1	1	0	0	0	2	shell
OG0013070	1	0	1	0	0	2	shell
OG0013071	1	0	0	0	1	1	cloud
OG0013072	1	0	0	1	0	2	shell
OG0013073	1	0	0	0	1	1	cloud
OG0013074	1	0	1	0	0	2	shell
OG0013075	1	0	0	1	0	2	shell
OG0013076	1	0	0	0	1	1	cloud
OG0013077	1	1	0	0	0	2	shell
OG0013078	1	0	0	0	1	1	cloud
OG0013079	1	0	0	0	1	1	cloud
OG0013080	1	1	0	0	0	2	shell
OG0013081	1	0	0	0	1	1	cloud
OG0013082	1	0	0	0	1	1	cloud
OG0013083	1	0	1	0	0	2	shell
OG0013084	1	0	0	1	0	2	shell
OG0013085	1	0	0	1	0	2	shell
OG0013086	1	0	1	0	0	2	shell
OG0013087	1	1	0	0	0	2	shell
OG0013088	1	0	0	0	1	1	cloud
OG0013089	1	1	0	0	0	2	shell
OG0013090	1	1	0	0	0	2	shell
OG0013091	1	0	0	0	1	1	cloud
OG0013092	1	0	0	0	1	1	cloud
OG0013093	1	0	0	0	1	1	cloud
OG0013094	1	0	1	0	0	2	shell
OG0013095	1	0	1	0	0	2	shell
OG0013096	1	0	0	1	0	2	shell
OG0013097	1	0	0	0	1	1	cloud
OG0013098	1	0	0	0	1	1	cloud
OG0013099	1	0	1	0	0	2	shell
OG0013100	1	0	0	0	1	1	cloud
OG0013101	1	0	1	0	0	2	shell
OG0013102	1	1	0	0	0	2	shell
OG0013103	1	0	0	1	0	2	shell
OG0013104	1	0	0	1	0	2	shell
OG0013105	1	0	0	1	0	2	shell
OG0013106	1	0	0	1	0	2	shell
OG0013107	1	0	0	1	0	2	shell
OG0013108	1	0	1	0	0	2	shell
OG0013109	1	0	0	0	1	1	cloud
OG0013110	1	0	0	0	1	1	cloud
OG0013111	1	0	1	0	0	2	shell
OG0013112	1	0	1	0	0	2	shell
OG0013113	1	1	0	0	0	2	shell
OG0013114	1	0	1	0	0	2	shell
OG0013115	1	1	0	0	0	2	shell
OG0013116	1	1	0	0	0	2	shell
OG0013117	1	1	0	0	0	2	shell
OG0013118	1	0	1	0	0	2	shell
OG0013119	1	0	0	0	1	1	cloud
OG0013120	1	0	0	0	1	1	cloud
OG0013121	1	0	0	0	1	1	cloud
OG0013122	1	0	0	0	1	1	cloud
OG0013123	1	0	1	0	0	2	shell
OG0013124	1	0	0	0	1	1	cloud
OG0013125	1	0	1	0	0	2	shell
OG0013126	1	0	0	0	1	1	cloud
OG0013127	1	0	0	0	1	1	cloud
OG0013128	1	0	1	0	0	2	shell
OG0013129	1	0	1	0	0	2	shell
OG0013130	1	0	1	0	0	2	shell
OG0013131	1	1	0	0	0	2	shell
OG0013132	1	0	0	1	0	2	shell
OG0013133	1	0	1	0	0	2	shell
OG0013134	1	1	0	0	0	2	shell
OG0013135	1	0	0	0	1	1	cloud
OG0013136	1	0	1	0	0	2	shell
OG0013137	1	0	1	0	0	2	shell
OG0013138	1	1	0	0	0	2	shell
OG0013139	1	0	0	1	0	2	shell
OG0013140	1	1	0	0	0	2	shell
OG0013141	1	0	0	0	1	1	cloud
OG0013142	1	0	1	0	0	2	shell
OG0013143	1	0	0	1	0	2	shell
OG0013144	1	1	0	0	0	2	shell
OG0013145	1	1	0	0	0	2	shell
OG0013146	1	0	0	0	1	1	cloud
OG0013147	1	0	1	0	0	2	shell
OG0013148	1	0	0	0	1	1	cloud
OG0013149	1	1	0	0	0	2	shell
OG0013150	1	1	0	0	0	2	shell
OG0013151	1	0	1	0	0	2	shell
OG0013152	1	0	1	0	0	2	shell
OG0013153	1	0	1	0	0	2	shell
OG0013154	1	0	1	0	0	2	shell
OG0013155	1	0	0	0	1	1	cloud
OG0013156	1	0	0	1	0	2	shell
OG0013157	1	0	1	0	0	2	shell
OG0013158	1	1	0	0	0	2	shell
OG0013159	1	0	0	0	1	1	cloud
OG0013160	1	1	0	0	0	2	shell
OG0013161	1	0	0	0	1	1	cloud
OG0013162	1	0	0	0	1	1	cloud
OG0013163	1	0	1	0	0	2	shell
OG0013164	1	1	0	0	0	2	shell
OG0013165	1	0	0	1	0	2	shell
OG0013166	1	0	0	0	1	1	cloud
OG0013167	1	0	0	0	1	1	cloud
OG0013168	1	0	0	0	1	1	cloud
OG0013169	1	0	1	0	0	2	shell
OG0013170	1	0	0	1	0	2	shell
OG0013171	1	0	0	0	1	1	cloud
OG0013172	1	1	0	0	0	2	shell
OG0013173	1	0	0	0	1	1	cloud
OG0013174	1	0	0	0	1	1	cloud
OG0013175	1	0	0	0	1	1	cloud
OG0013176	1	0	0	1	0	2	shell
OG0013177	1	0	1	0	0	2	shell
OG0013178	1	0	0	0	1	1	cloud
OG0013179	1	0	1	0	0	2	shell
OG0013180	1	0	0	1	0	2	shell
OG0013181	1	0	0	0	1	1	cloud
OG0013182	1	0	1	0	0	2	shell
OG0013183	1	0	0	0	1	1	cloud
OG0013184	1	0	0	0	1	1	cloud
OG0013185	1	1	0	0	0	2	shell
OG0013186	1	0	0	0	1	1	cloud
OG0013187	1	0	1	0	0	2	shell
OG0013188	1	1	0	0	0	2	shell
OG0013189	1	0	0	0	1	1	cloud
OG0013190	1	0	0	0	1	1	cloud
OG0013191	1	1	0	0	0	2	shell
OG0013192	1	0	1	0	0	2	shell
OG0013193	1	0	0	0	1	1	cloud
OG0013194	1	0	0	0	1	1	cloud
OG0013195	1	0	1	0	0	2	shell
OG0013196	1	0	0	0	1	1	cloud
OG0013197	1	0	1	0	0	2	shell
OG0013198	1	0	1	0	0	2	shell
OG0013199	1	0	1	0	0	2	shell
OG0013200	1	0	0	0	1	1	cloud
OG0013201	1	1	0	0	0	2	shell
OG0013202	1	0	1	0	0	2	shell
OG0013203	1	0	1	0	0	2	shell
OG0013204	1	0	0	0	1	1	cloud
OG0013205	1	0	0	0	1	1	cloud
OG0013206	1	1	0	0	0	2	shell
OG0013207	1	0	0	0	1	1	cloud
OG0013208	1	0	0	0	1	1	cloud
OG0013209	1	1	0	0	0	2	shell
OG0013210	1	0	1	0	0	2	shell
OG0013211	1	0	1	0	0	2	shell
OG0013212	1	1	0	0	0	2	shell
OG0013213	1	1	0	0	0	2	shell
OG0013214	1	0	0	1	0	2	shell
OG0013215	1	0	1	0	0	2	shell
OG0013216	1	0	0	0	1	1	cloud
OG0013217	1	0	1	0	0	2	shell
OG0013218	1	0	1	0	0	2	shell
OG0013219	1	0	0	0	1	1	cloud
OG0013220	1	0	0	0	1	1	cloud
OG0013221	1	0	0	0	1	1	cloud
OG0013222	1	0	0	0	1	1	cloud
OG0013223	1	0	1	0	0	2	shell
OG0013224	1	0	1	0	0	2	shell
OG0013225	1	0	1	0	0	2	shell
OG0013226	1	0	1	0	0	2	shell
OG0013227	1	0	0	0	1	1	cloud
OG0013228	1	0	0	1	0	2	shell
OG0013229	1	0	0	1	0	2	shell
OG0013230	1	1	0	0	0	2	shell
OG0013231	1	0	0	0	1	1	cloud
OG0013232	1	0	0	0	1	1	cloud
OG0013233	1	0	0	0	1	1	cloud
OG0013234	1	1	0	0	0	2	shell
OG0013235	1	0	0	0	1	1	cloud
OG0013236	1	0	0	0	1	1	cloud
OG0013237	1	0	0	0	1	1	cloud
OG0013238	1	0	0	1	0	2	shell
OG0013239	1	0	0	1	0	2	shell
OG0013240	1	1	0	0	0	2	shell
OG0013241	1	0	0	0	1	1	cloud
OG0013242	1	0	0	1	0	2	shell
OG0013243	1	1	0	0	0	2	shell
OG0013244	1	0	0	1	0	2	shell
OG0013245	1	0	1	0	0	2	shell
OG0013246	1	0	0	1	0	2	shell
OG0013247	1	0	0	0	1	1	cloud
OG0013248	1	0	1	0	0	2	shell
OG0013249	1	0	0	1	0	2	shell
OG0013250	1	0	0	0	1	1	cloud
OG0013251	1	0	0	0	1	1	cloud
OG0013252	1	0	0	0	1	1	cloud
OG0013253	1	0	1	0	0	2	shell
OG0013254	1	0	0	0	1	1	cloud
OG0013255	1	1	0	0	0	2	shell
OG0013256	1	0	1	0	0	2	shell
OG0013257	1	1	0	0	0	2	shell
OG0013258	1	0	0	0	1	1	cloud
OG0013259	1	0	0	0	1	1	cloud
OG0013260	1	1	0	0	0	2	shell
OG0013261	1	0	0	1	0	2	shell
OG0013262	1	0	1	0	0	2	shell
OG0013263	1	0	0	1	0	2	shell
OG0013264	1	0	0	0	1	1	cloud
OG0013265	1	1	0	0	0	2	shell
OG0013266	1	0	0	0	1	1	cloud
OG0013267	1	1	0	0	0	2	shell
OG0013268	1	0	0	1	0	2	shell
OG0013269	1	0	0	0	1	1	cloud
OG0013270	1	0	0	0	1	1	cloud
OG0013271	1	0	0	0	1	1	cloud
OG0013272	1	0	1	0	0	2	shell
OG0013273	1	0	0	0	1	1	cloud
OG0013274	1	1	0	0	0	2	shell
OG0013275	1	0	1	0	0	2	shell
OG0013276	1	0	1	0	0	2	shell
OG0013277	1	0	1	0	0	2	shell
OG0013278	1	0	1	0	0	2	shell
OG0013279	1	0	0	0	1	1	cloud
OG0013280	0	1	0	1	0	2	shell
OG0013281	0	1	0	1	0	2	shell
OG0013282	0	1	0	1	0	2	shell
OG0013283	0	1	0	1	0	2	shell
OG0013284	0	1	0	0	1	1	cloud
OG0013285	0	1	0	1	0	2	shell
OG0013286	0	1	0	1	0	2	shell
OG0013287	0	1	1	0	0	2	shell
OG0013288	0	1	1	0	0	2	shell
OG0013289	0	1	0	1	0	2	shell
OG0013290	0	1	1	0	0	2	shell
OG0013291	0	1	1	0	0	2	shell
OG0013292	0	1	1	0	0	2	shell
OG0013293	0	1	0	1	0	2	shell
OG0013294	0	1	0	1	0	2	shell
OG0013295	0	1	0	0	1	1	cloud
OG0013296	0	1	1	0	0	2	shell
OG0013297	0	1	1	0	0	2	shell
OG0013298	0	1	1	0	0	2	shell
OG0013299	0	1	1	0	0	2	shell
OG0013300	0	1	0	0	1	1	cloud
OG0013301	0	1	1	0	0	2	shell
OG0013302	0	1	0	1	0	2	shell
OG0013303	0	1	1	0	0	2	shell
OG0013304	0	1	0	1	0	2	shell
OG0013305	0	1	1	0	0	2	shell
OG0013306	0	1	1	0	0	2	shell
OG0013307	0	1	1	0	0	2	shell
OG0013308	0	1	0	1	0	2	shell
OG0013309	0	1	0	1	0	2	shell
OG0013310	0	1	0	1	0	2	shell
OG0013311	0	1	0	1	0	2	shell
OG0013312	0	1	0	1	0	2	shell
OG0013313	0	1	0	1	0	2	shell
OG0013314	0	1	0	1	0	2	shell
OG0013315	0	1	0	1	0	2	shell
OG0013316	0	1	0	1	0	2	shell
OG0013317	0	1	0	1	0	2	shell
OG0013318	0	1	1	0	0	2	shell
OG0013319	0	1	0	1	0	2	shell
OG0013320	0	1	0	1	0	2	shell
OG0013321	0	1	0	1	0	2	shell
OG0013322	0	1	0	1	0	2	shell
OG0013323	0	1	0	1	0	2	shell
OG0013324	0	1	0	1	0	2	shell
OG0013325	0	1	0	1	0	2	shell
OG0013326	0	1	1	0	0	2	shell
OG0013327	0	1	0	1	0	2	shell
OG0013328	0	1	1	0	0	2	shell
OG0013329	0	2	0	0	0	1	cloud
OG0013330	0	1	0	0	1	1	cloud
OG0013331	0	1	1	0	0	2	shell
OG0013332	0	1	0	1	0	2	shell
OG0013333	0	1	0	1	0	2	shell
OG0013334	0	1	0	1	0	2	shell
OG0013335	0	1	0	1	0	2	shell
OG0013336	0	1	0	1	0	2	shell
OG0013337	0	1	0	1	0	2	shell
OG0013338	0	1	0	0	1	1	cloud
OG0013339	0	1	1	0	0	2	shell
OG0013340	0	1	0	0	1	1	cloud
OG0013341	0	1	0	1	0	2	shell
OG0013342	0	1	0	1	0	2	shell
OG0013343	0	1	0	1	0	2	shell
OG0013344	0	1	1	0	0	2	shell
OG0013345	0	1	0	1	0	2	shell
OG0013346	0	1	0	1	0	2	shell
OG0013347	0	1	0	0	1	1	cloud
OG0013348	0	1	0	0	1	1	cloud
OG0013349	0	1	0	1	0	2	shell
OG0013350	0	1	0	0	1	1	cloud
OG0013351	0	1	0	1	0	2	shell
OG0013352	0	1	0	1	0	2	shell
OG0013353	0	1	0	1	0	2	shell
OG0013354	0	1	0	1	0	2	shell
OG0013355	0	1	0	1	0	2	shell
OG0013356	0	1	0	1	0	2	shell
OG0013357	0	1	0	1	0	2	shell
OG0013358	0	1	0	1	0	2	shell
OG0013359	0	1	1	0	0	2	shell
OG0013360	0	1	0	0	1	1	cloud
OG0013361	0	1	0	1	0	2	shell
OG0013362	0	1	0	1	0	2	shell
OG0013363	0	1	0	1	0	2	shell
OG0013364	0	1	0	1	0	2	shell
OG0013365	0	1	0	1	0	2	shell
OG0013366	0	1	0	0	1	1	cloud
OG0013367	0	1	0	0	1	1	cloud
OG0013368	0	1	0	1	0	2	shell
OG0013369	0	1	1	0	0	2	shell
OG0013370	0	1	0	1	0	2	shell
OG0013371	0	1	1	0	0	2	shell
OG0013372	0	1	0	1	0	2	shell
OG0013373	0	1	1	0	0	2	shell
OG0013374	0	1	0	0	1	1	cloud
OG0013375	0	1	0	0	1	1	cloud
OG0013376	0	1	0	0	1	1	cloud
OG0013377	0	1	1	0	0	2	shell
OG0013378	0	1	0	1	0	2	shell
OG0013379	0	1	0	1	0	2	shell
OG0013380	0	1	0	0	1	1	cloud
OG0013381	0	1	1	0	0	2	shell
OG0013382	0	1	0	1	0	2	shell
OG0013383	0	1	0	0	1	1	cloud
OG0013384	0	1	1	0	0	2	shell
OG0013385	0	1	1	0	0	2	shell
OG0013386	0	1	0	0	1	1	cloud
OG0013387	0	1	0	1	0	2	shell
OG0013388	0	1	1	0	0	2	shell
OG0013389	0	1	1	0	0	2	shell
OG0013390	0	1	0	1	0	2	shell
OG0013391	0	1	0	1	0	2	shell
OG0013392	0	1	1	0	0	2	shell
OG0013393	0	1	0	0	1	1	cloud
OG0013394	0	1	0	0	1	1	cloud
OG0013395	0	1	0	0	1	1	cloud
OG0013396	0	1	0	0	1	1	cloud
OG0013397	0	1	0	1	0	2	shell
OG0013398	0	1	0	0	1	1	cloud
OG0013399	0	1	0	1	0	2	shell
OG0013400	0	1	1	0	0	2	shell
OG0013401	0	1	0	0	1	1	cloud
OG0013402	0	1	1	0	0	2	shell
OG0013403	0	1	1	0	0	2	shell
OG0013404	0	1	0	1	0	2	shell
OG0013405	0	1	1	0	0	2	shell
OG0013406	0	1	1	0	0	2	shell
OG0013407	0	1	0	0	1	1	cloud
OG0013408	0	1	1	0	0	2	shell
OG0013409	0	1	1	0	0	2	shell
OG0013410	0	1	0	0	1	1	cloud
OG0013411	0	1	0	1	0	2	shell
OG0013412	0	1	0	1	0	2	shell
OG0013413	0	1	0	0	1	1	cloud
OG0013414	0	1	0	0	1	1	cloud
OG0013415	0	1	0	1	0	2	shell
OG0013416	0	1	0	1	0	2	shell
OG0013417	0	1	1	0	0	2	shell
OG0013418	0	1	0	0	1	1	cloud
OG0013419	0	1	1	0	0	2	shell
OG0013420	0	1	0	1	0	2	shell
OG0013421	0	1	0	1	0	2	shell
OG0013422	0	1	0	1	0	2	shell
OG0013423	0	1	0	1	0	2	shell
OG0013424	0	1	0	1	0	2	shell
OG0013425	0	1	0	1	0	2	shell
OG0013426	0	1	0	1	0	2	shell
OG0013427	0	1	0	1	0	2	shell
OG0013428	0	1	0	0	1	1	cloud
OG0013429	0	1	1	0	0	2	shell
OG0013430	0	1	0	0	1	1	cloud
OG0013431	0	1	0	0	1	1	cloud
OG0013432	0	1	0	1	0	2	shell
OG0013433	0	1	0	0	1	1	cloud
OG0013434	0	1	1	0	0	2	shell
OG0013435	0	1	0	1	0	2	shell
OG0013436	0	1	0	0	1	1	cloud
OG0013437	0	1	1	0	0	2	shell
OG0013438	0	1	0	1	0	2	shell
OG0013439	0	1	1	0	0	2	shell
OG0013440	0	1	0	0	1	1	cloud
OG0013441	0	1	0	0	1	1	cloud
OG0013442	0	1	1	0	0	2	shell
OG0013443	0	1	1	0	0	2	shell
OG0013444	0	1	0	1	0	2	shell
OG0013445	0	1	0	1	0	2	shell
OG0013446	0	1	0	1	0	2	shell
OG0013447	0	1	1	0	0	2	shell
OG0013448	0	1	1	0	0	2	shell
OG0013449	0	1	0	1	0	2	shell
OG0013450	0	1	0	0	1	1	cloud
OG0013451	0	1	0	0	1	1	cloud
OG0013452	0	1	0	1	0	2	shell
OG0013453	0	1	0	1	0	2	shell
OG0013454	0	1	0	0	1	1	cloud
OG0013455	0	1	0	1	0	2	shell
OG0013456	0	1	1	0	0	2	shell
OG0013457	0	1	1	0	0	2	shell
OG0013458	0	2	0	0	0	1	cloud
OG0013459	0	1	0	1	0	2	shell
OG0013460	0	1	0	0	1	1	cloud
OG0013461	0	1	1	0	0	2	shell
OG0013462	0	1	0	1	0	2	shell
OG0013463	0	1	0	0	1	1	cloud
OG0013464	0	1	1	0	0	2	shell
OG0013465	0	1	0	1	0	2	shell
OG0013466	0	1	0	1	0	2	shell
OG0013467	0	1	0	0	1	1	cloud
OG0013468	0	1	0	0	1	1	cloud
OG0013469	0	1	0	1	0	2	shell
OG0013470	0	1	0	0	1	1	cloud
OG0013471	0	1	0	1	0	2	shell
OG0013472	0	1	0	1	0	2	shell
OG0013473	0	1	0	1	0	2	shell
OG0013474	0	1	0	0	1	1	cloud
OG0013475	0	1	1	0	0	2	shell
OG0013476	0	1	0	0	1	1	cloud
OG0013477	0	1	0	1	0	2	shell
OG0013478	0	1	0	0	1	1	cloud
OG0013479	0	1	1	0	0	2	shell
OG0013480	0	1	1	0	0	2	shell
OG0013481	0	1	0	1	0	2	shell
OG0013482	0	1	1	0	0	2	shell
OG0013483	0	1	0	1	0	2	shell
OG0013484	0	1	0	1	0	2	shell
OG0013485	0	1	1	0	0	2	shell
OG0013486	0	1	0	1	0	2	shell
OG0013487	0	1	0	1	0	2	shell
OG0013488	0	1	0	0	1	1	cloud
OG0013489	0	1	1	0	0	2	shell
OG0013490	0	1	0	0	1	1	cloud
OG0013491	0	1	0	0	1	1	cloud
OG0013492	0	1	1	0	0	2	shell
OG0013493	0	1	0	0	1	1	cloud
OG0013494	0	1	0	1	0	2	shell
OG0013495	0	1	0	1	0	2	shell
OG0013496	0	1	0	1	0	2	shell
OG0013497	0	1	1	0	0	2	shell
OG0013498	0	1	0	0	1	1	cloud
OG0013499	0	1	0	1	0	2	shell
OG0013500	0	1	0	1	0	2	shell
OG0013501	0	1	0	0	1	1	cloud
OG0013502	0	1	0	1	0	2	shell
OG0013503	0	1	0	1	0	2	shell
OG0013504	0	1	0	0	1	1	cloud
OG0013505	0	1	1	0	0	2	shell
OG0013506	0	1	0	1	0	2	shell
OG0013507	0	1	0	0	1	1	cloud
OG0013508	0	1	1	0	0	2	shell
OG0013509	0	1	1	0	0	2	shell
OG0013510	0	1	0	0	1	1	cloud
OG0013511	0	1	1	0	0	2	shell
OG0013512	0	1	0	0	1	1	cloud
OG0013513	0	1	1	0	0	2	shell
OG0013514	0	1	0	1	0	2	shell
OG0013515	0	1	1	0	0	2	shell
OG0013516	0	1	0	0	1	1	cloud
OG0013517	0	1	0	1	0	2	shell
OG0013518	0	1	0	1	0	2	shell
OG0013519	0	1	1	0	0	2	shell
OG0013520	0	1	0	1	0	2	shell
OG0013521	0	1	1	0	0	2	shell
OG0013522	0	1	0	1	0	2	shell
OG0013523	0	1	1	0	0	2	shell
OG0013524	0	1	0	1	0	2	shell
OG0013525	0	1	1	0	0	2	shell
OG0013526	0	1	0	1	0	2	shell
OG0013527	0	1	0	1	0	2	shell
OG0013528	0	1	1	0	0	2	shell
OG0013529	0	1	0	1	0	2	shell
OG0013530	0	1	0	1	0	2	shell
OG0013531	0	1	0	1	0	2	shell
OG0013532	0	1	0	1	0	2	shell
OG0013533	0	1	0	1	0	2	shell
OG0013534	0	1	0	1	0	2	shell
OG0013535	0	1	1	0	0	2	shell
OG0013536	0	1	0	0	1	1	cloud
OG0013537	0	1	0	0	1	1	cloud
OG0013538	0	1	0	0	1	1	cloud
OG0013539	0	1	0	1	0	2	shell
OG0013540	0	1	0	1	0	2	shell
OG0013541	0	1	1	0	0	2	shell
OG0013542	0	1	1	0	0	2	shell
OG0013543	0	1	0	1	0	2	shell
OG0013544	0	1	0	1	0	2	shell
OG0013545	0	1	1	0	0	2	shell
OG0013546	0	1	0	1	0	2	shell
OG0013547	0	1	0	1	0	2	shell
OG0013548	0	1	0	1	0	2	shell
OG0013549	0	1	0	0	1	1	cloud
OG0013550	0	1	1	0	0	2	shell
OG0013551	0	1	0	1	0	2	shell
OG0013552	0	1	0	0	1	1	cloud
OG0013553	0	1	0	1	0	2	shell
OG0013554	0	1	1	0	0	2	shell
OG0013555	0	1	1	0	0	2	shell
OG0013556	0	1	1	0	0	2	shell
OG0013557	0	1	0	1	0	2	shell
OG0013558	0	1	0	1	0	2	shell
OG0013559	0	1	0	1	0	2	shell
OG0013560	0	1	1	0	0	2	shell
OG0013561	0	1	0	0	1	1	cloud
OG0013562	0	1	0	0	1	1	cloud
OG0013563	0	1	0	1	0	2	shell
OG0013564	0	1	0	1	0	2	shell
OG0013565	0	1	1	0	0	2	shell
OG0013566	0	1	0	1	0	2	shell
OG0013567	0	1	1	0	0	2	shell
OG0013568	0	1	0	1	0	2	shell
OG0013569	0	1	0	0	1	1	cloud
OG0013570	0	1	0	1	0	2	shell
OG0013571	0	1	0	0	1	1	cloud
OG0013572	0	1	0	0	1	1	cloud
OG0013573	0	1	0	1	0	2	shell
OG0013574	0	1	0	1	0	2	shell
OG0013575	0	1	1	0	0	2	shell
OG0013576	0	1	0	1	0	2	shell
OG0013577	0	1	0	1	0	2	shell
OG0013578	0	1	0	0	1	1	cloud
OG0013579	0	1	0	0	1	1	cloud
OG0013580	0	1	1	0	0	2	shell
OG0013581	0	1	0	1	0	2	shell
OG0013582	0	1	1	0	0	2	shell
OG0013583	0	1	0	1	0	2	shell
OG0013584	0	1	1	0	0	2	shell
OG0013585	0	1	1	0	0	2	shell
OG0013586	0	1	0	1	0	2	shell
OG0013587	0	1	0	1	0	2	shell
OG0013588	0	1	1	0	0	2	shell
OG0013589	0	1	0	1	0	2	shell
OG0013590	0	1	0	0	1	1	cloud
OG0013591	0	1	1	0	0	2	shell
OG0013592	0	1	0	0	1	1	cloud
OG0013593	0	1	0	1	0	2	shell
OG0013594	0	1	0	1	0	2	shell
OG0013595	0	1	1	0	0	2	shell
OG0013596	0	1	0	0	1	1	cloud
OG0013597	0	1	0	1	0	2	shell
OG0013598	0	1	0	0	1	1	cloud
OG0013599	0	1	0	1	0	2	shell
OG0013600	0	1	0	0	1	1	cloud
OG0013601	0	1	1	0	0	2	shell
OG0013602	0	1	0	1	0	2	shell
OG0013603	0	1	0	1	0	2	shell
OG0013604	0	1	1	0	0	2	shell
OG0013605	0	1	0	0	1	1	cloud
OG0013606	0	1	1	0	0	2	shell
OG0013607	0	1	0	1	0	2	shell
OG0013608	0	1	1	0	0	2	shell
OG0013609	0	1	0	1	0	2	shell
OG0013610	0	1	0	0	1	1	cloud
OG0013611	0	1	0	1	0	2	shell
OG0013612	0	1	0	1	0	2	shell
OG0013613	0	1	0	1	0	2	shell
OG0013614	0	1	0	0	1	1	cloud
OG0013615	0	1	1	0	0	2	shell
OG0013616	0	1	0	1	0	2	shell
OG0013617	0	0	1	0	1	1	cloud
OG0013618	0	0	1	1	0	2	shell
OG0013619	0	0	1	1	0	2	shell
OG0013620	0	0	1	1	0	2	shell
OG0013621	0	0	1	1	0	2	shell
OG0013622	0	0	1	0	1	1	cloud
OG0013623	0	0	1	1	0	2	shell
OG0013624	0	0	1	1	0	2	shell
OG0013625	0	0	1	1	0	2	shell
OG0013626	0	0	1	0	1	1	cloud
OG0013627	0	0	1	0	1	1	cloud
OG0013628	0	0	1	1	0	2	shell
OG0013629	0	0	2	0	0	1	cloud
OG0013630	0	0	1	1	0	2	shell
OG0013631	0	0	2	0	0	1	cloud
OG0013632	0	0	1	1	0	2	shell
OG0013633	0	0	1	1	0	2	shell
OG0013634	0	0	1	1	0	2	shell
OG0013635	0	0	1	1	0	2	shell
OG0013636	0	0	1	1	0	2	shell
OG0013637	0	0	1	1	0	2	shell
OG0013638	0	0	1	0	1	1	cloud
OG0013639	0	0	1	0	1	1	cloud
OG0013640	0	0	1	1	0	2	shell
OG0013641	0	0	1	1	0	2	shell
OG0013642	0	0	1	0	1	1	cloud
OG0013643	0	0	1	1	0	2	shell
OG0013644	0	0	1	1	0	2	shell
OG0013645	0	0	1	0	1	1	cloud
OG0013646	0	0	1	1	0	2	shell
OG0013647	0	0	1	0	1	1	cloud
OG0013648	0	0	1	1	0	2	shell
OG0013649	0	0	1	1	0	2	shell
OG0013650	0	0	1	1	0	2	shell
OG0013651	0	0	1	1	0	2	shell
OG0013652	0	0	1	0	1	1	cloud
OG0013653	0	0	1	0	1	1	cloud
OG0013654	0	0	1	1	0	2	shell
OG0013655	0	0	1	0	1	1	cloud
OG0013656	0	0	1	0	1	1	cloud
OG0013657	0	0	1	0	1	1	cloud
OG0013658	0	0	1	0	1	1	cloud
OG0013659	0	0	1	0	1	1	cloud
OG0013660	0	0	1	1	0	2	shell
OG0013661	0	0	1	1	0	2	shell
OG0013662	0	0	1	1	0	2	shell
OG0013663	0	0	1	0	1	1	cloud
OG0013664	0	0	1	0	1	1	cloud
OG0013665	0	0	1	1	0	2	shell
OG0013666	0	0	1	0	1	1	cloud
OG0013667	0	0	1	0	1	1	cloud
OG0013668	0	0	1	0	1	1	cloud
OG0013669	0	0	1	1	0	2	shell
OG0013670	0	0	1	0	1	1	cloud
OG0013671	0	0	1	0	1	1	cloud
OG0013672	0	0	1	1	0	2	shell
OG0013673	0	0	1	0	1	1	cloud
OG0013674	0	0	1	0	1	1	cloud
OG0013675	0	0	1	0	1	1	cloud
OG0013676	0	0	1	0	1	1	cloud
OG0013677	0	0	1	0	1	1	cloud
OG0013678	0	0	1	1	0	2	shell
OG0013679	0	0	1	1	0	2	shell
OG0013680	0	0	1	0	1	1	cloud
OG0013681	0	0	1	0	1	1	cloud
OG0013682	0	0	1	1	0	2	shell
OG0013683	0	0	1	0	1	1	cloud
OG0013684	0	0	1	0	1	1	cloud
OG0013685	0	0	1	0	1	1	cloud
OG0013686	0	0	1	0	1	1	cloud
OG0013687	0	0	1	0	1	1	cloud
OG0013688	0	0	1	1	0	2	shell
OG0013689	0	0	1	0	1	1	cloud
OG0013690	0	0	1	1	0	2	shell
OG0013691	0	0	1	0	1	1	cloud
OG0013692	0	0	1	0	1	1	cloud
OG0013693	0	0	1	0	1	1	cloud
OG0013694	0	0	1	1	0	2	shell
OG0013695	0	0	1	1	0	2	shell
OG0013696	0	0	1	1	0	2	shell
OG0013697	0	0	1	0	1	1	cloud
OG0013698	0	0	1	1	0	2	shell
OG0013699	0	0	1	0	1	1	cloud
OG0013700	0	0	1	1	0	2	shell
OG0013701	0	0	1	1	0	2	shell
OG0013702	0	0	1	1	0	2	shell
OG0013703	0	0	1	0	1	1	cloud
OG0013704	0	0	1	1	0	2	shell
OG0013705	0	0	1	0	1	1	cloud
OG0013706	0	0	1	0	1	1	cloud
OG0013707	0	0	1	0	1	1	cloud
OG0013708	0	0	1	1	0	2	shell
OG0013709	0	0	1	0	1	1	cloud
OG0013710	0	0	1	0	1	1	cloud
OG0013711	0	0	1	0	1	1	cloud
OG0013712	0	0	1	1	0	2	shell
OG0013713	0	0	1	0	1	1	cloud
OG0013714	0	0	1	0	1	1	cloud
OG0013715	0	0	1	0	1	1	cloud
OG0013716	0	0	1	0	1	1	cloud
OG0013717	0	0	1	0	1	1	cloud
OG0013718	0	0	1	1	0	2	shell
OG0013719	0	0	1	0	1	1	cloud
OG0013720	0	0	1	0	1	1	cloud
OG0013721	0	0	1	1	0	2	shell
OG0013722	0	0	1	1	0	2	shell
OG0013723	0	0	1	0	1	1	cloud
OG0013724	0	0	1	1	0	2	shell
OG0013725	0	0	1	0	1	1	cloud
OG0013726	0	0	1	0	1	1	cloud
OG0013727	0	0	1	0	1	1	cloud
OG0013728	0	0	1	1	0	2	shell
OG0013729	0	0	1	0	1	1	cloud
OG0013730	0	0	1	0	1	1	cloud
OG0013731	0	0	1	1	0	2	shell
OG0013732	0	0	1	0	1	1	cloud
OG0013733	0	0	1	0	1	1	cloud
OG0013734	0	0	1	1	0	2	shell
OG0013735	0	0	1	0	1	1	cloud
OG0013736	0	0	1	1	0	2	shell
OG0013737	0	0	1	0	1	1	cloud
OG0013738	0	0	1	0	1	1	cloud
OG0013739	0	0	1	0	1	1	cloud
OG0013740	0	0	1	0	1	1	cloud
OG0013741	0	0	1	1	0	2	shell
OG0013742	0	0	1	0	1	1	cloud
OG0013743	0	0	1	1	0	2	shell
OG0013744	0	0	1	1	0	2	shell
OG0013745	0	0	1	0	1	1	cloud
OG0013746	0	0	1	1	0	2	shell
OG0013747	0	0	1	0	1	1	cloud
OG0013748	0	0	1	0	1	1	cloud
OG0013749	0	0	1	1	0	2	shell
OG0013750	0	0	1	1	0	2	shell
OG0013751	0	0	1	1	0	2	shell
OG0013752	0	0	1	0	1	1	cloud
OG0013753	0	0	1	0	1	1	cloud
OG0013754	0	0	1	0	1	1	cloud
OG0013755	0	0	1	0	1	1	cloud
OG0013756	0	0	1	0	1	1	cloud
OG0013757	0	0	1	1	0	2	shell
OG0013758	0	0	1	1	0	2	shell
OG0013759	0	0	1	0	1	1	cloud
OG0013760	0	0	1	0	1	1	cloud
OG0013761	0	0	1	1	0	2	shell
OG0013762	0	0	1	1	0	2	shell
OG0013763	0	0	1	0	1	1	cloud
OG0013764	0	0	1	0	1	1	cloud
OG0013765	0	0	1	0	1	1	cloud
OG0013766	0	0	1	1	0	2	shell
OG0013767	0	0	1	1	0	2	shell
OG0013768	0	0	1	0	1	1	cloud
OG0013769	0	0	1	0	1	1	cloud
OG0013770	0	0	1	0	1	1	cloud
OG0013771	0	0	1	0	1	1	cloud
OG0013772	0	0	1	0	1	1	cloud
OG0013773	0	0	1	1	0	2	shell
OG0013774	0	0	1	1	0	2	shell
OG0013775	0	0	1	0	1	1	cloud
OG0013776	0	0	1	0	1	1	cloud
OG0013777	0	0	1	1	0	2	shell
OG0013778	0	0	1	1	0	2	shell
OG0013779	0	0	1	1	0	2	shell
OG0013780	0	0	1	1	0	2	shell
OG0013781	0	0	1	0	1	1	cloud
OG0013782	0	0	1	0	1	1	cloud
OG0013783	0	0	1	0	1	1	cloud
OG0013784	0	0	1	1	0	2	shell
OG0013785	0	0	1	0	1	1	cloud
OG0013786	0	0	1	1	0	2	shell
OG0013787	0	0	1	1	0	2	shell
OG0013788	0	0	1	1	0	2	shell
OG0013789	0	0	1	1	0	2	shell
OG0013790	0	0	1	0	1	1	cloud
OG0013791	0	0	1	0	1	1	cloud
OG0013792	0	0	1	0	1	1	cloud
OG0013793	0	0	1	1	0	2	shell
OG0013794	0	0	1	0	1	1	cloud
OG0013795	0	0	1	0	1	1	cloud
OG0013796	0	0	1	0	1	1	cloud
OG0013797	0	0	1	0	1	1	cloud
OG0013798	0	0	1	1	0	2	shell
OG0013799	0	0	1	0	1	1	cloud
OG0013800	0	0	1	0	1	1	cloud
OG0013801	0	0	1	1	0	2	shell
OG0013802	0	0	1	0	1	1	cloud
OG0013803	0	0	1	1	0	2	shell
OG0013804	0	0	1	1	0	2	shell
OG0013805	0	0	1	0	1	1	cloud
OG0013806	0	0	1	1	0	2	shell
OG0013807	0	0	1	0	1	1	cloud
OG0013808	0	0	1	1	0	2	shell
OG0013809	0	0	1	1	0	2	shell
OG0013810	0	0	1	0	1	1	cloud
OG0013811	0	0	1	0	1	1	cloud
OG0013812	0	0	1	0	1	1	cloud
OG0013813	0	0	1	1	0	2	shell
OG0013814	0	0	1	1	0	2	shell
OG0013815	0	0	1	0	1	1	cloud
OG0013816	0	0	1	0	1	1	cloud
OG0013817	0	0	0	1	1	1	cloud
OG0013818	0	0	0	1	1	1	cloud
OG0013819	0	0	0	2	0	1	cloud
OG0013820	0	0	0	1	1	1	cloud
OG0013821	0	0	0	1	1	1	cloud
OG0013822	0	0	0	1	1	1	cloud
OG0013823	0	0	0	2	0	1	cloud
OG0013824	0	0	0	2	0	1	cloud
OG0013825	0	0	0	1	1	1	cloud
OG0013826	0	0	0	1	1	1	cloud
OG0013827	0	0	0	1	1	1	cloud
OG0013828	0	0	0	1	1	1	cloud
OG0013829	0	0	0	1	1	1	cloud
OG0013830	0	0	0	1	1	1	cloud
OG0013831	0	0	0	1	1	1	cloud
OG0013832	0	0	0	1	1	1	cloud
OG0013833	0	0	0	1	1	1	cloud
OG0013834	0	0	0	1	1	1	cloud
OG0013835	0	0	0	1	1	1	cloud
OG0013836	0	0	0	1	1	1	cloud
OG0013837	0	0	0	1	1	1	cloud
OG0013838	0	0	0	1	1	1	cloud
OG0013839	0	0	0	1	1	1	cloud
OG0013840	0	0	0	1	1	1	cloud
OG0013841	0	0	0	1	1	1	cloud
OG0013842	0	0	0	1	1	1	cloud
OG0013843	0	0	0	1	1	1	cloud
OG0013844	0	0	0	1	1	1	cloud
OG0013845	0	0	0	1	1	1	cloud
OG0013846	0	0	0	1	1	1	cloud
OG0013847	0	0	0	1	1	1	cloud
OG0013848	0	0	0	1	1	1	cloud
OG0013849	0	0	0	2	0	1	cloud
OG0013850	0	0	0	1	1	1	cloud
OG0013851	0	0	0	1	1	1	cloud
OG0013852	0	0	0	1	1	1	cloud
OG0013853	0	0	0	1	1	1	cloud
OG0013854	0	0	0	1	1	1	cloud
OG0013855	0	0	0	1	1	1	cloud
OG0013856	0	0	0	1	1	1	cloud
OG0013857	0	0	0	1	1	1	cloud
OG0013858	0	0	0	1	1	1	cloud
OG0013859	0	0	0	1	1	1	cloud
OG0013860	0	0	0	1	1	1	cloud
OG0013861	0	0	0	1	1	1	cloud
OG0013862	0	0	0	0	2	0	outgroup_only
OG0013863	0	0	0	0	2	0	outgroup_only
OG0013864	0	0	0	0	2	0	outgroup_only
OG0013865	0	0	0	0	2	0	outgroup_only
OG0013866	0	0	0	0	2	0	outgroup_only
OG0013867	0	0	0	0	2	0	outgroup_only
OG0013868	0	0	0	0	2	0	outgroup_only
OG0013869	0	0	0	0	2	0	outgroup_only
OG0013870	0	0	0	0	2	0	outgroup_only
OG0013871	0	0	0	0	2	0	outgroup_only
OG0013872	0	0	0	0	2	0	outgroup_only
OG0013873	0	0	0	0	2	0	outgroup_only
OG0013874	0	0	0	0	2	0	outgroup_only
OG0013875	0	0	0	0	2	0	outgroup_only
OG0013876	0	0	0	0	2	0	outgroup_only
OG0013877	0	0	0	0	2	0	outgroup_only
OG0013878	0	0	0	0	2	0	outgroup_only
OG0013879	0	0	0	0	2	0	outgroup_only
OG0013880	0	0	0	0	2	0	outgroup_only
OG0013881	0	0	0	0	2	0	outgroup_only
OG0013882	0	0	0	0	2	0	outgroup_only
OG0013883	0	0	0	0	2	0	outgroup_only
OG0013884	0	0	0	0	2	0	outgroup_only
OG0013885	0	0	0	0	2	0	outgroup_only
