orthogroup	reason	intact	min_ingroup_identity	codon_columns	tree_alignment	tree
OG0001668	invalid ORF: Cx_molestus,Cx_pipiens	False	0.81379	1476	True	False
OG0001669	intact	True	0.95198	1437	True	True
OG0001670	intact	True	0.93797	1467	True	True
OG0001671	intact	True	0.91307	1461	True	True
OG0001672	intact	True	0.92112	1458	True	True
OG0001674	RefSeq exception	False	0.93805	1485	True	False
OG0001675	invalid ORF: Cx_pipiens	False	0.94661	1536	True	False
OG0001676	invalid ORF: Cx_molestus,Cx_pipiens	False	0.92989	1512	True	False
OG0001677	intact	True	0.99149	705	True	True
OG0001678	invalid ORF: Cx_molestus,Cx_pallens,Cx_pipiens	False	0.99022	1227	True	False
OG0001679	invalid ORF: Cx_molestus,Cx_pallens,Cx_pipiens	False	0.98559	555	True	False
OG0001680	invalid ORF: Cx_pallens	False	0.97304	408	True	False
OG0001681	intact	True	0.93579	732	True	True
OG0001683	invalid ORF: Cx_pallens	False	0.97398	1614	True	False
OG0001684	intact	True	0.9428	1014	True	True
OG0001685	invalid ORF: Cx_molestus,Cx_pallens,Cx_pipiens	False	0.76244	3852	True	False
OG0001686	intact	True	0.95108	1533	True	True
OG0001687	intact	True	0.95369	1533	True	True
OG0001688	intact	True	0.9505	1515	True	True
OG0001689	intact	True	0.95267	1458	True	True
OG0001690	intact	True	0.94904	1452	True	True
OG0001691	intact	True	0.93659	1104	True	True
OG0001692	intact	True	0.94431	1203	True	True
OG0001693	intact	True	0.95088	1425	True	True
OG0001694	intact	True	0.90707	1797	True	True
OG0001695	invalid ORF: Cx_pipiens	False	0.9306	951	True	False
OG0001696	intact	True	0.97436	312	True	True
OG0001698	invalid ORF: Cx_pipiens	False	0.54374	423	True	False
OG0001699	invalid ORF: Cx_molestus,Cx_pallens,Cx_pipiens	False	0.94466	759	True	False
OG0001701	invalid ORF: Cx_molestus,Cx_pallens,Cx_pipiens	False	0.94411	1002	True	False
OG0001702	invalid ORF: Cx_pallens,Cx_pipiens	False	0.4579	2739	True	False
OG0001703	intact	True	0.9504	867	True	True
OG0001705	intact	True	0.9591	2127	True	True
OG0001707	invalid ORF: Cx_molestus	False	0.6509	1596	True	False
OG0001708	intact	True	0.95671	1617	True	True
OG0001709	intact	True	0.96042	1617	True	True
OG0001711	intact	True	0.9708	411	True	True
OG0001712	intact	True	0.94545	495	True	True
OG0001713	invalid ORF: Cx_molestus,Cx_pallens,Cx_pipiens	False	0.94709	414	True	False
OG0001714	invalid ORF: Cx_molestus,Cx_pallens	False	0.92982	684	True	False
OG0001716	invalid ORF: Cx_molestus	False	0.98667	225	True	False
OG0001717	intact	True	0.97253	1896	True	True
OG0001718	intact	True	0.95322	1881	True	True
OG0001719	invalid ORF: Cx_pallens,Cx_pipiens	False	0.95684	1782	True	False
OG0001720	intact	True	0.88055	879	True	True
OG0001721	intact	True	0.97158	387	True	True
OG0001722	intact	True	0.99735	378	True	True
OG0001723	intact	True	0.97333	375	True	True
OG0001724	invalid ORF: Cx_molestus,Cx_pallens,Cx_pipiens	False	0.92754	345	True	False
OG0001725	intact	True	0.95478	951	True	True
OG0001726	invalid ORF: Cx_molestus	False	0.95205	438	True	False
OG0001727	intact	True	0.95949	1185	True	True
OG0001728	intact	True	0.95172	1740	True	True
OG0001729	intact	True	0.9523	1824	True	True
OG0001730	intact	True	0.96601	1824	True	True
OG0001731	invalid ORF: Cx_molestus	False	0.96881	1122	True	False
OG0001732	invalid ORF: Cx_molestus,Cx_pallens,Cx_pipiens	False	0.9656	843	True	False
OG0001733	invalid ORF: Cx_molestus,Cx_pallens,Cx_pipiens	False	0.81201	1350	True	False
OG0001734	invalid ORF: Cx_pallens,Cx_pipiens	False	0.67302	1242	True	False
OG0001735	RefSeq exception	False	0.80298	1680	True	False
OG0001737	intact	True	0.97247	1017	True	True
OG0001738	intact	True	0.94614	984	True	True
OG0001739	intact	True	0.95747	1011	True	True
OG0001740	intact	True	0.95102	735	True	True
OG0001741	intact	True	0.95547	741	True	True
OG0001742	intact	True	0.95968	744	True	True
OG0001743	intact	True	0.93657	741	True	True
OG0001744	intact	True	0.92188	576	True	True
OG0001745	intact	True	0.92265	543	True	True
OG0001746	intact	True	0.95558	3084	True	True
OG0001747	intact	True	0.93817	3186	True	True
OG0001748	invalid ORF: Cx_molestus	False	0.96291	4179	True	False
OG0001749	invalid ORF: Cx_molestus,Cx_pipiens	False	0.95973	1623	True	False
OG0001750	invalid ORF: Cx_molestus,Cx_pallens,Cx_pipiens	False	0.38657	2013	True	False
OG0001751	intact	True	0.95276	1902	True	True
OG0001752	intact	True	0.9384	2094	True	True
OG0001753	invalid ORF: Cx_pallens	False	0.9549	1929	True	False
OG0001756	invalid ORF: Cx_molestus	False	0.96176	1020	True	False
OG0001757	intact	True	0.95106	1839	True	True
OG0001758	invalid ORF: Cx_molestus,Cx_pipiens	False	0.39929	2703	True	False
OG0001759	invalid ORF: Cx_molestus,Cx_pipiens	False	0.48073	2904	True	False
OG0001760	invalid ORF: Cx_molestus,Cx_pipiens	False	0.81468	3078	True	False
OG0001761	invalid ORF: Cx_pipiens	False	0.68952	2319	True	False
OG0001763	invalid ORF: Cx_molestus,Cx_pallens,Cx_pipiens	False	0.34583	2769	True	False
OG0001764	intact	True	0.99113	1128	True	True
OG0001765	intact	True	0.97872	1128	True	True
OG0001766	intact	True	0.98582	1128	True	True
OG0001767	intact	True	0.98936	1128	True	True
OG0001768	intact	True	0.98138	1128	True	True
OG0001769	intact	True	0.96276	1074	True	True
OG0001770	invalid ORF: Cx_pipiens	False	0.72893	1044	True	False
OG0001771	intact	True	0.94275	1083	True	True
OG0001772	intact	True	0.97789	594	True	True
OG0001773	invalid ORF: Cx_molestus	False	0.98527	747	True	False
OG0001774	invalid ORF: Cx_pallens,Cx_pipiens	False	0.42949	924	True	False
OG0001775	invalid ORF: Cx_molestus,Cx_pipiens	False	0.96091	921	True	False
OG0001776	intact	True	0.98519	1350	True	True
OG0001777	invalid ORF: Cx_pallens	False	0.95601	1182	True	False
OG0001778	intact	True	0.96882	1347	True	True
OG0001779	intact	True	0.98889	1350	True	True
OG0001780	invalid ORF: Cx_molestus	False	0.93848	894	True	False
OG0001781	intact	True	0.95975	969	True	True
OG0001783	invalid ORF: Cx_molestus	False	0.93571	840	True	False
OG0001784	intact	True	0.94731	930	True	True
OG0001785	invalid ORF: Cx_molestus,Cx_pallens,Cx_pipiens	False	0.88525	567	True	False
OG0001786	invalid ORF: Cx_pallens	False	0.84167	960	True	False
OG0001787	intact	True	0.96279	1263	True	True
OG0001788	invalid ORF: Cx_molestus,Cx_pallens	False	0.94118	714	True	False
OG0001789	invalid ORF: Cx_molestus,Cx_pallens,Cx_pipiens	False	0.95122	738	True	False
OG0001790	invalid ORF: Cx_molestus	False	0.97195	927	True	False
OG0001791	intact	True	0.97432	1869	True	True
OG0001792	intact	True	0.98747	1437	True	True
OG0001793	intact	True	0.96129	1860	True	True
OG0001794	invalid ORF: Cx_pipiens	False	0.93187	975	True	False
OG0001795	invalid ORF: Cx_pallens	False	0.95604	273	True	False
OG0001796	invalid ORF: Cx_pallens	False	0.95845	1851	True	False
OG0001797	intact	True	0.96028	1410	True	True
OG0001798	invalid ORF: Cx_molestus,Cx_pallens,Cx_pipiens	False	0.94152	1722	True	False
OG0001799	invalid ORF: Cx_molestus,Cx_pallens,Cx_pipiens	False	0.9288	1587	True	False
OG0001800	invalid ORF: Cx_molestus,Cx_pipiens	False	0.95708	1095	True	False
OG0001801	invalid ORF: Cx_molestus,Cx_pallens,Cx_pipiens	False	0.73579	2709	True	False
OG0001802	intact	True	0.93601	1422	True	True
OG0001803	RefSeq exception	False	0.39192	1659	True	False
OG0001804	invalid ORF: Cx_pallens	False	0.94551	1413	True	False
OG0001805	intact	True	0.97057	1461	True	True
OG0001806	intact	True	0.9651	1146	True	True
OG0001807	invalid ORF: Cx_pipiens	False	0.96061	1041	True	False
OG0001808	intact	True	0.95769	1158	True	True
OG0001809	invalid ORF: Cx_pipiens	False	0.93729	1818	True	False
OG0001810	intact	True	0.96655	837	True	True
OG0001811	intact	True	0.96045	885	True	True
OG0001812	intact	True	0.97059	1122	True	True
OG0001813	intact	True	0.96406	1113	True	True
OG0001814	intact	True	0.96804	1095	True	True
OG0001815	intact	True	0.96237	372	True	True
OG0001816	intact	True	0.96552	435	True	True
OG0001817	intact	True	0.91993	537	True	True
OG0001819	invalid ORF: Cx_molestus,Cx_pallens,Cx_pipiens	False	0.92879	1644	True	False
OG0001820	intact	True	0.97407	540	True	True
OG0001821	intact	True	0.93401	591	True	True
OG0001822	intact	True	0.95093	591	True	True
OG0001823	intact	True	0.97638	2709	True	True
OG0001824	intact	True	0.96952	2559	True	True
OG0001825	intact	True	0.98474	2163	True	True
OG0001826	invalid ORF: Cx_molestus,Cx_pallens	False	0.92181	567	True	False
OG0001827	intact	True	0.92465	783	True	True
OG0001829	intact	True	0.95867	750	True	True
OG0001830	intact	True	0.95109	777	True	True
OG0001831	intact	True	0.96154	546	True	True
OG0001832	intact	True	0.96036	555	True	True
OG0001833	intact	True	0.96396	9081	True	True
OG0001834	invalid ORF: Cx_molestus,Cx_pallens	False	0.66952	1077	True	False
OG0001835	intact	True	0.93824	1101	True	True
OG0001837	intact	True	0.94629	1173	True	True
OG0001838	invalid ORF: Cx_molestus,Cx_pipiens	False	0.94737	684	True	False
OG0001839	invalid ORF: Cx_molestus,Cx_pallens,Cx_pipiens	False	0.96715	1461	True	False
OG0001840	invalid ORF: Cx_pallens	False	0.94394	2640	True	False
OG0001841	invalid ORF: Cx_molestus,Cx_pipiens	False	0.5802	1737	True	False
OG0001842	intact	True	0.94172	1527	True	True
OG0001844	invalid ORF: Cx_pipiens	False	0.96538	1857	True	False
OG0001845	intact	True	0.9554	2085	True	True
OG0001846	invalid ORF: Cx_pallens	False	0.94577	1383	True	False
OG0001847	intact	True	0.93383	1602	True	True
OG0001848	intact	True	0.97778	1395	True	True
OG0001849	invalid ORF: Cx_molestus,Cx_pipiens	False	0.95439	1425	True	False
OG0001850	intact	True	0.95522	1809	True	True
OG0001851	invalid ORF: Cx_pallens	False	0.93493	1560	True	False
OG0001852	intact	True	0.9441	1467	True	True
OG0001853	intact	True	0.95771	1608	True	True
OG0001854	invalid ORF: Cx_molestus,Cx_pipiens	False	0.45594	1047	True	False
OG0001855	intact	True	0.9593	2064	True	True
OG0001856	RefSeq exception	False	0.81042	1845	True	False
OG0001857	RefSeq exception	False	0.38859	3087	True	False
OG0001858	intact	True	0.96101	2052	True	True
OG0001859	invalid ORF: Cx_pallens	False	0.70938	1527	True	False
OG0001860	invalid ORF: Cx_molestus,Cx_pallens,Cx_pipiens	False	0.92069	1614	True	False
OG0001861	invalid ORF: Cx_molestus,Cx_pallens,Cx_pipiens	False	0.9375	1776	True	False
OG0001862	intact	True	0.94813	1581	True	True
OG0001863	intact	True	0.95296	1722	True	True
OG0001864	invalid ORF: Cx_molestus,Cx_pallens,Cx_pipiens	False	0.91527	1251	True	False
OG0001865	invalid ORF: Cx_molestus	False	0.92029	828	True	False
OG0001866	invalid ORF: Cx_pipiens	False	0.95362	690	True	False
OG0001867	intact	True	0.95723	4770	True	True
OG0001868	intact	True	0.9596	594	True	True
OG0001869	invalid ORF: Cx_pipiens	False	0.96647	4653	True	False
OG0001870	intact	True	0.94827	4833	True	True
OG0001871	intact	True	0.97542	651	True	True
OG0001874	intact	True	0.93501	477	True	True
OG0001875	intact	True	0.95604	1092	True	True
OG0001876	invalid ORF: Cx_molestus,Cx_pallens,Cx_pipiens	False	0.94122	1242	True	False
OG0001877	intact	True	0.98194	609	True	True
OG0001878	intact	True	0.99242	264	True	True
OG0001879	intact	True	0.9979	477	True	True
OG0001880	invalid ORF: Cx_pallens	False	1.0	237	True	False
OG0001881	intact	True	0.95238	336	True	True
OG0001882	invalid ORF: Cx_molestus,Cx_pallens,Cx_pipiens	False	0.9491	1611	True	False
OG0001883	invalid ORF: Cx_pallens	False	0.93497	1584	True	False
OG0001884	intact	True	0.96711	1581	True	True
OG0001885	invalid ORF: Cx_molestus,Cx_pallens,Cx_pipiens	False	0.92121	1650	True	False
OG0001886	intact	True	0.95314	939	True	True
OG0001887	intact	True	0.95206	897	True	True
OG0001888	intact	True	0.96391	942	True	True
OG0001889	invalid ORF: Cx_molestus,Cx_pallens	False	0.86714	849	True	False
OG0001890	intact	True	0.94626	1563	True	True
OG0001891	intact	True	0.97595	1497	True	True
OG0001893	invalid ORF: Cx_molestus,Cx_pipiens	False	0.98667	75	False	False
OG0001894	intact	True	0.92435	1758	True	True
OG0001895	intact	True	0.97475	1386	True	True
OG0001896	intact	True	0.98012	1761	True	True
OG0001897	intact	True	0.7619	690	True	True
OG0001898	intact	True	0.95298	1191	True	True
OG0001899	intact	True	0.95093	1182	True	True
OG0001900	intact	True	0.95191	603	True	True
OG0001901	intact	True	0.93264	579	True	True
OG0001902	invalid ORF: Cx_molestus,Cx_pallens,Cx_pipiens	False	0.64659	12618	True	False
OG0001903	intact	True	0.96446	11790	True	True
OG0001904	invalid ORF: Cx_pipiens	False	0.97228	12015	True	False
OG0001905	invalid ORF: Cx_pallens,Cx_pipiens	False	0.96363	13911	True	False
OG0001906	intact	True	0.96715	13731	True	True
OG0001907	RefSeq exception	False	0.86943	942	True	False
OG0001908	intact	True	0.96882	417	True	True
OG0001910	invalid ORF: Cx_molestus,Cx_pallens	False	0.6	435	True	False
OG0001911	intact	True	0.94726	474	True	True
OG0001912	intact	True	0.94669	1632	True	True
OG0001913	invalid ORF: Cx_pallens,Cx_pipiens	False	0.94753	1719	True	False
OG0001914	invalid ORF: Cx_molestus	False	0.91636	1626	True	False
OG0001915	intact	True	0.95543	1638	True	True
OG0001916	intact	True	0.99074	1188	True	True
OG0001918	intact	True	0.93684	1425	True	True
OG0001921	intact	True	0.98459	2076	True	True
OG0001922	invalid ORF: Cx_pallens,Cx_pipiens	False	0.99502	1005	True	False
OG0001923	invalid ORF: Cx_pallens	False	0.99171	1206	True	False
OG0001925	invalid ORF: Cx_molestus	False	0.64489	1056	True	False
OG0001926	invalid ORF: Cx_pipiens	False	0.93705	1239	True	False
OG0001927	invalid ORF: Cx_molestus,Cx_pallens	False	0.58963	2514	True	False
OG0001928	intact	True	0.95793	1236	True	True
OG0001929	invalid ORF: Cx_pipiens	False	0.94757	1278	True	False
OG0001930	invalid ORF: Cx_molestus	False	0.97092	1851	True	False
OG0001931	intact	True	0.95995	1473	True	True
OG0001932	invalid ORF: Cx_pallens	False	0.9528	1815	True	False
OG0001933	invalid ORF: Cx_pipiens	False	0.88958	2106	True	False
OG0001934	intact	True	0.9856	1944	True	True
OG0001935	intact	True	0.97809	1917	True	True
OG0001937	intact	True	0.98665	1947	True	True
OG0001938	intact	True	0.95716	1494	True	True
OG0001939	intact	True	0.96741	1473	True	True
OG0001940	intact	True	0.95782	1470	True	True
OG0001941	invalid ORF: Cx_molestus	False	0.58582	3696	True	False
OG0001942	invalid ORF: Cx_pallens	False	0.45623	4422	True	False
OG0001943	invalid ORF: Cx_molestus,Cx_pallens,Cx_pipiens	False	0.48161	1809	True	False
OG0001944	intact	True	0.97345	6186	True	True
OG0001945	invalid ORF: Cx_pallens	False	0.71919	1485	True	False
OG0001946	intact	True	0.96667	240	True	True
OG0001947	invalid ORF: Cx_molestus,Cx_pipiens	False	0.94823	792	True	False
OG0001948	intact	True	0.91304	276	True	True
OG0001949	intact	True	0.95341	279	True	True
OG0001950	intact	True	0.97026	975	True	True
OG0001951	intact	True	0.97944	1362	True	True
OG0001952	intact	True	0.99552	1338	True	True
OG0001953	invalid ORF: Cx_molestus,Cx_pipiens	False	0.40771	906	True	False
OG0001954	invalid ORF: Cx_molestus	False	0.96185	2904	True	False
OG0001955	invalid ORF: Cx_pallens	False	0.95972	720	True	False
OG0001956	invalid ORF: Cx_molestus,Cx_pallens	False	0.97541	1464	True	False
OG0001957	RefSeq exception	False	0.9501	1563	True	False
OG0001958	RefSeq exception	False	0.75498	1506	True	False
OG0001959	intact	True	0.93004	729	True	True
OG0001961	RefSeq exception	False	0.86464	1395	True	False
OG0001962	intact	True	0.94412	1521	True	True
OG0001963	intact	True	0.94978	1374	True	True
OG0001964	intact	True	0.95825	1485	True	True
OG0001965	intact	True	0.96078	1632	True	True
OG0001967	invalid ORF: Cx_pallens	False	0.94017	234	True	False
OG0001968	invalid ORF: Cx_molestus	False	0.94872	1014	True	False
OG0001969	invalid ORF: Cx_molestus,Cx_pallens,Cx_pipiens	False	0.90567	1887	True	False
OG0001970	invalid ORF: Cx_molestus,Cx_pallens,Cx_pipiens	False	0.94924	1182	True	False
OG0001971	intact	True	0.94622	1599	True	True
OG0001972	invalid ORF: Cx_pipiens	False	0.94412	1521	True	False
OG0001973	intact	True	0.96386	747	True	True
OG0001975	invalid ORF: Cx_molestus,Cx_pipiens	False	0.44198	447	True	False
OG0001976	intact	True	0.91367	417	True	True
OG0001977	intact	True	0.98429	573	True	True
OG0001978	RefSeq exception	False	0.64837	507	True	False
OG0001981	intact	True	0.96262	1605	True	True
OG0001982	intact	True	0.97027	2220	True	True
OG0001983	invalid ORF: Cx_pipiens	False	0.8811	471	True	False
OG0001984	intact	True	0.93764	1812	True	True
OG0001985	partial reference model	False	0.90438	1485	True	False
OG0001986	invalid ORF: Cx_pipiens	False	0.92634	1158	True	False
OG0001987	invalid ORF: Cx_molestus,Cx_pallens,Cx_pipiens	False	NA	1254	True	False
OG0001988	intact	True	0.96847	666	True	True
OG0001989	intact	True	0.94992	639	True	True
OG0001990	invalid ORF: Cx_molestus,Cx_pallens,Cx_pipiens	False	0.94498	618	True	False
OG0001993	intact	True	0.98273	579	True	True
OG0001994	intact	True	0.98227	846	True	True
OG0001995	invalid ORF: Cx_pallens	False	0.93954	3246	True	False
OG0001997	invalid ORF: Cx_molestus	False	0.96332	1998	True	False
OG0001998	invalid ORF: Cx_pipiens	False	1.0	96	False	False
OG0001999	intact	True	0.95433	1467	True	True
OG0002000	intact	True	0.94987	798	True	True
OG0002001	invalid ORF: Cx_molestus,Cx_pallens,Cx_pipiens	False	0.95801	1161	True	False
OG0002003	invalid ORF: Cx_molestus	False	0.71348	3369	True	False
OG0002004	intact	True	0.97393	3759	True	True
OG0002005	invalid ORF: Cx_pipiens	False	0.30667	621	True	False
OG0002006	invalid ORF: Cx_molestus	False	0.68468	555	True	False
OG0002007	invalid ORF: Cx_molestus,Cx_pipiens	False	0.99324	1668	True	False
OG0002008	intact	True	0.98201	1668	True	True
OG0002009	RefSeq exception	False	0.83333	1995	True	False
OG0002010	invalid ORF: Cx_molestus	False	0.89765	1407	True	False
OG0002011	intact	True	0.92126	381	True	True
OG0002012	intact	True	0.93575	2070	True	True
OG0002013	intact	True	0.93903	2001	True	True
OG0002014	RefSeq exception	False	NA	729	True	False
OG0002015	intact	True	0.97436	312	True	True
OG0002016	intact	True	0.97059	306	True	True
OG0002017	intact	True	0.98455	453	True	True
OG0002018	invalid ORF: Cx_molestus,Cx_pallens,Cx_pipiens	False	0.98366	372	True	False
OG0002019	intact	True	0.98073	519	True	True
OG0002020	intact	True	0.96607	1002	True	True
OG0002021	intact	True	0.97248	327	True	True
OG0002022	intact	True	0.96889	225	True	True
OG0002024	invalid ORF: Cx_molestus,Cx_pallens,Cx_pipiens	False	0.96798	531	True	False
OG0002025	intact	True	0.96054	1191	True	True
OG0002026	invalid ORF: Cx_pallens	False	0.9675	1200	True	False
OG0002027	intact	True	0.92693	999	True	True
OG0002028	intact	True	0.96208	1002	True	True
OG0002030	intact	True	0.97913	1773	True	True
OG0002032	intact	True	0.96667	630	True	True
OG0002033	intact	True	0.956	909	True	True
OG0002034	invalid ORF: Cx_molestus,Cx_pallens,Cx_pipiens	False	0.63297	11970	True	False
OG0002035	invalid ORF: Cx_molestus,Cx_pipiens	False	0.96028	13695	True	False
OG0002036	invalid ORF: Cx_pallens	False	0.84161	423	True	False
OG0002037	invalid ORF: Cx_molestus,Cx_pipiens	False	0.98881	447	True	False
OG0002038	intact	True	0.97807	456	True	True
OG0002039	intact	True	0.96429	336	True	True
OG0002040	RefSeq exception	False	0.52013	1599	True	False
OG0002041	invalid ORF: Cx_molestus,Cx_pallens	False	0.65731	2457	True	False
OG0002042	intact	True	0.93485	921	True	True
OG0002043	intact	True	0.96678	903	True	True
OG0002044	RefSeq exception	False	0.39565	993	True	False
OG0002045	intact	True	0.97784	1986	True	True
OG0002046	invalid ORF: Cx_pipiens	False	0.97201	393	True	False
OG0002047	RefSeq exception	False	0.68879	1992	True	False
OG0002048	invalid ORF: Cx_pipiens	False	0.85481	1032	True	False
OG0002050	invalid ORF: Cx_molestus,Cx_pallens,Cx_pipiens	False	0.94646	579	True	False
OG0002052	invalid ORF: Cx_molestus	False	0.96816	1005	True	False
OG0002053	intact	True	0.98589	567	True	True
OG0002054	invalid ORF: Cx_pallens,Cx_pipiens	False	0.36051	1611	True	False
OG0002055	invalid ORF: Cx_pallens	False	0.97592	1578	True	False
OG0002056	intact	True	0.95924	1521	True	True
OG0002057	intact	True	0.95421	1485	True	True
OG0002058	invalid ORF: Cx_molestus,Cx_pipiens	False	0.9538	1710	True	False
OG0002059	invalid ORF: Cx_molestus,Cx_pipiens	False	0.58897	1734	True	False
OG0002060	invalid ORF: Cx_pipiens	False	0.92821	774	True	False
OG0002061	invalid ORF: Cx_molestus,Cx_pipiens	False	0.91197	1011	True	False
OG0002062	intact	True	0.97938	291	True	True
OG0002063	intact	True	0.94271	768	True	True
OG0002064	intact	True	0.95182	768	True	True
OG0002065	intact	True	0.9647	1218	True	True
OG0002066	intact	True	0.94789	1209	True	True
OG0002067	invalid ORF: Cx_pipiens	False	0.85944	486	True	False
OG0002068	intact	True	0.98982	393	True	True
OG0002069	intact	True	0.98208	1395	True	True
OG0002070	intact	True	0.94694	1470	True	True
OG0002071	RefSeq exception	False	0.71429	1254	True	False
OG0002072	RefSeq exception	False	0.61647	2796	True	False
OG0002073	intact	True	0.94444	738	True	True
OG0002074	intact	True	0.98039	510	True	True
OG0002075	intact	True	0.97868	516	True	True
OG0002076	intact	True	0.97507	1725	True	True
OG0002077	RefSeq exception	False	0.68306	3192	True	False
OG0002080	intact	True	0.95468	993	True	True
OG0002081	invalid ORF: Cx_molestus,Cx_pipiens	False	0.97489	438	True	False
OG0002082	intact	True	0.97364	645	True	True
OG0002083	intact	True	0.97905	1050	True	True
OG0002084	invalid ORF: Cx_molestus,Cx_pallens,Cx_pipiens	False	0.95536	336	True	False
OG0002085	intact	True	0.93382	408	True	True
OG0002086	intact	True	0.96402	945	True	True
OG0002087	intact	True	0.97697	825	True	True
OG0002088	invalid ORF: Cx_molestus	False	0.9086	372	True	False
OG0002089	invalid ORF: Cx_pallens	False	0.90392	510	True	False
OG0002090	intact	True	0.97889	3600	True	True
OG0002091	intact	True	0.99365	5826	True	True
OG0002092	intact	True	0.89733	5844	True	True
OG0002093	intact	True	0.93682	918	True	True
OG0002094	intact	True	0.96421	894	True	True
OG0002095	intact	True	0.92698	315	True	True
OG0002096	RefSeq exception	False	0.4641	2370	True	False
OG0002097	RefSeq exception	False	0.36066	2001	True	False
OG0002098	invalid ORF: Cx_molestus	False	0.7685	6450	True	False
OG0002099	invalid ORF: Cx_molestus,Cx_pallens,Cx_pipiens	False	0.97478	1758	True	False
OG0002100	intact	True	0.96821	2013	True	True
OG0002101	invalid ORF: Cx_molestus,Cx_pipiens	False	0.48603	1770	True	False
OG0002102	intact	True	0.96975	3141	True	True
OG0002103	intact	True	0.97407	2892	True	True
OG0002104	intact	True	0.95756	966	True	True
OG0002106	invalid ORF: Cx_molestus,Cx_pallens,Cx_pipiens	False	0.95614	456	True	False
OG0002107	invalid ORF: Cx_molestus	False	0.64502	924	True	False
OG0002108	invalid ORF: Cx_molestus	False	0.9732	597	True	False
OG0002109	intact	True	0.96886	3924	True	True
OG0002110	intact	True	0.96591	264	True	True
OG0002111	intact	True	0.97071	1434	True	True
OG0002112	intact	True	0.93455	825	True	True
OG0002113	intact	True	0.94839	930	True	True
OG0002114	invalid ORF: Cx_molestus,Cx_pallens	False	0.84115	1533	True	False
OG0002115	intact	True	0.98044	1575	True	True
OG0002116	intact	True	0.89916	357	True	True
OG0002117	intact	True	0.99129	1263	True	True
OG0002118	invalid ORF: Cx_molestus	False	0.61531	2607	True	False
OG0002119	invalid ORF: Cx_pallens,Cx_pipiens	False	0.8598	3513	True	False
OG0002120	invalid ORF: Cx_molestus,Cx_pallens	False	0.77756	1557	True	False
OG0002121	intact	True	0.96482	1677	True	True
OG0002122	intact	True	0.93553	729	True	True
OG0002123	intact	True	0.95072	1806	True	True
OG0002124	intact	True	0.96756	894	True	True
OG0002125	intact	True	0.96078	867	True	True
OG0002126	invalid ORF: Cx_molestus,Cx_pallens	False	0.93443	873	True	False
OG0002127	intact	True	0.97992	1743	True	True
OG0002128	invalid ORF: Cx_molestus	False	0.64945	1278	True	False
OG0002129	intact	True	0.98591	1632	True	True
OG0002130	intact	True	0.98472	1374	True	True
OG0002131	RefSeq exception	False	0.78546	1500	True	False
OG0002132	invalid ORF: Cx_pallens,Cx_pipiens	False	0.92333	2943	True	False
OG0002133	invalid ORF: Cx_molestus,Cx_pallens,Cx_pipiens	False	0.83622	867	True	False
OG0002134	invalid ORF: Cx_molestus,Cx_pipiens	False	0.32624	1242	True	False
OG0002135	invalid ORF: Cx_molestus,Cx_pallens	False	0.95964	1338	True	False
OG0002136	intact	True	0.97869	1689	True	True
OG0002137	intact	True	0.92745	510	True	True
OG0002138	intact	True	0.98971	486	True	True
OG0002139	intact	True	0.94545	495	True	True
OG0002140	intact	True	0.96018	2838	True	True
OG0002141	intact	True	0.99267	3003	True	True
OG0002142	invalid ORF: Cx_molestus	False	1.0	117	False	False
OG0002143	partial reference model	False	0.96337	273	True	False
OG0002144	intact	True	0.99074	540	True	True
OG0002145	intact	True	0.99238	525	True	True
OG0002146	intact	True	0.98901	546	True	True
OG0002147	invalid ORF: Cx_molestus,Cx_pallens	False	0.71654	3186	True	False
OG0002148	invalid ORF: Cx_molestus,Cx_pallens,Cx_pipiens	False	0.94398	2850	True	False
OG0002149	invalid ORF: Cx_pallens	False	0.96385	3636	True	False
OG0002150	intact	True	0.95652	552	True	True
OG0002151	invalid ORF: Cx_pipiens	False	0.9387	840	True	False
OG0002152	intact	True	0.9386	570	True	True
OG0002153	invalid ORF: Cx_molestus,Cx_pallens,Cx_pipiens	False	0.97424	1245	True	False
OG0002154	intact	True	0.95713	1656	True	True
OG0002156	invalid ORF: Cx_molestus,Cx_pallens,Cx_pipiens	False	0.35147	1371	True	False
OG0002157	intact	True	0.96108	1593	True	True
OG0002158	intact	True	0.97135	1815	True	True
OG0002159	intact	True	0.9549	909	True	True
OG0002160	invalid ORF: Cx_molestus,Cx_pallens,Cx_pipiens	False	0.6633	2097	True	False
OG0002161	intact	True	0.94737	798	True	True
OG0002162	intact	True	0.98383	2103	True	True
OG0002163	intact	True	0.95071	1542	True	True
OG0002164	intact	True	0.97475	2142	True	True
OG0002165	invalid ORF: Cx_molestus,Cx_pallens,Cx_pipiens	False	0.87052	1458	True	False
OG0002167	intact	True	0.94152	1026	True	True
OG0002168	invalid ORF: Cx_molestus,Cx_pallens	False	0.43817	3795	True	False
OG0002169	intact	True	0.96716	3837	True	True
OG0002170	invalid ORF: Cx_pipiens	False	0.96951	4605	True	False
OG0002171	intact	True	0.96225	2649	True	True
OG0002172	intact	True	0.9646	2655	True	True
OG0002173	invalid ORF: Cx_pallens,Cx_pipiens	False	0.95487	2637	True	False
OG0002174	invalid ORF: Cx_molestus,Cx_pallens,Cx_pipiens	False	0.96296	624	True	False
OG0002175	RefSeq exception	False	0.32441	1101	True	False
OG0002176	invalid ORF: Cx_pipiens	False	0.96745	891	True	False
OG0002177	intact	True	0.93903	1509	True	True
OG0002178	intact	True	0.96262	1953	True	True
OG0002179	intact	True	0.93779	852	True	True
OG0002180	intact	True	0.9331	852	True	True
OG0002181	invalid ORF: Cx_molestus,Cx_pipiens	False	0.8355	462	True	False
OG0002182	intact	True	0.95956	915	True	True
OG0002183	intact	True	0.9472	966	True	True
OG0002184	intact	True	0.96229	663	True	True
OG0002185	intact	True	0.90476	1134	True	True
OG0002186	intact	True	0.92933	750	True	True
OG0002187	intact	True	0.94852	1146	True	True
OG0002188	intact	True	0.96	300	True	True
OG0002189	intact	True	0.96009	927	True	True
OG0002190	invalid ORF: Cx_pipiens	False	0.9675	1203	True	False
OG0002191	RefSeq exception	False	0.37077	4629	True	False
OG0002192	invalid ORF: Cx_molestus	False	0.95663	1245	True	False
OG0002194	intact	True	0.96836	918	True	True
OG0002195	intact	True	0.9402	786	True	True
OG0002196	intact	True	0.9727	2088	True	True
OG0002197	intact	True	0.98265	2133	True	True
OG0002198	invalid ORF: Cx_pallens,Cx_pipiens	False	0.77168	3630	True	False
OG0002199	RefSeq exception	False	0.6083	3873	True	False
OG0002200	intact	True	0.96552	1131	True	True
OG0002201	intact	True	0.95609	1002	True	True
OG0002202	intact	True	0.97823	2481	True	True
OG0002203	invalid ORF: Cx_molestus,Cx_pallens,Cx_pipiens	False	0.92791	1527	True	False
OG0002204	intact	True	0.98186	441	True	True
OG0002206	intact	True	0.98512	672	True	True
OG0002207	intact	True	0.93417	957	True	True
OG0002208	intact	True	0.9899	693	True	True
OG0002209	RefSeq exception	False	0.51695	912	True	False
OG0002210	intact	True	0.98443	1092	True	True
OG0002211	intact	True	0.98485	924	True	True
OG0002212	RefSeq exception	False	0.69265	1542	True	False
OG0002213	RefSeq exception	False	0.5043	3504	True	False
OG0002216	invalid ORF: Cx_molestus,Cx_pallens,Cx_pipiens	False	0.9605	1443	True	False
OG0002217	intact	True	0.95699	1581	True	True
OG0002218	invalid ORF: Cx_molestus,Cx_pallens,Cx_pipiens	False	0.35413	3609	True	False
OG0002219	invalid ORF: Cx_molestus	False	0.818	4566	True	False
OG0002220	invalid ORF: Cx_pallens,Cx_pipiens	False	0.85993	4467	True	False
OG0002221	intact	True	0.95775	1917	True	True
OG0002222	intact	True	0.96142	1944	True	True
OG0002223	invalid ORF: Cx_molestus,Cx_pallens,Cx_pipiens	False	0.90113	354	True	False
OG0002224	intact	True	0.95202	396	True	True
OG0002225	intact	True	0.95382	498	True	True
OG0002226	intact	True	0.95828	2541	True	True
OG0002227	intact	True	0.96016	1782	True	True
OG0002228	intact	True	0.94313	1266	True	True
OG0002229	invalid ORF: Cx_pipiens	False	0.92014	576	True	False
OG0002230	invalid ORF: Cx_pallens,Cx_pipiens	False	0.95169	414	True	False
OG0002231	intact	True	0.96037	429	True	True
OG0002232	intact	True	0.95885	729	True	True
OG0002233	intact	True	0.97452	471	True	True
OG0002234	intact	True	0.95996	1074	True	True
OG0002235	invalid ORF: Cx_molestus,Cx_pipiens	False	0.95995	777	True	False
OG0002236	invalid ORF: Cx_molestus,Cx_pallens,Cx_pipiens	False	0.96613	642	True	False
OG0002237	RefSeq exception	False	0.8645	1938	True	False
OG0002238	invalid ORF: Cx_molestus	False	0.98192	3048	True	False
OG0002239	intact	True	0.92325	912	True	True
OG0002240	invalid ORF: Cx_pallens	False	0.97351	906	True	False
OG0002241	invalid ORF: Cx_molestus,Cx_pallens	False	0.34866	1836	True	False
OG0002242	intact	True	0.88911	1506	True	True
OG0002243	intact	True	0.968	1500	True	True
OG0002244	intact	True	0.9856	486	True	True
OG0002245	invalid ORF: Cx_pallens	False	0.97377	648	True	False
OG0002246	RefSeq exception	False	0.45922	1920	True	False
OG0002247	intact	True	0.96016	1983	True	True
OG0002248	intact	True	0.96032	2031	True	True
OG0002249	intact	True	0.96696	2361	True	True
OG0002250	intact	True	0.94846	1203	True	True
OG0002251	invalid ORF: Cx_molestus,Cx_pallens,Cx_pipiens	False	0.48288	1236	True	False
OG0002252	intact	True	0.96	975	True	True
OG0002254	invalid ORF: Cx_pallens	False	0.86822	4368	True	False
OG0002255	intact	True	0.98239	852	True	True
OG0002256	RefSeq exception	False	0.61444	2676	True	False
OG0002257	invalid ORF: Cx_molestus,Cx_pallens	False	0.99333	1626	True	False
OG0002259	intact	True	0.97024	2352	True	True
OG0002260	intact	True	0.94932	1401	True	True
OG0002261	intact	True	0.95287	870	True	True
OG0002262	invalid ORF: Cx_molestus,Cx_pallens,Cx_pipiens	False	0.95042	948	True	False
OG0002263	intact	True	0.92704	1302	True	True
OG0002264	intact	True	0.95523	1653	True	True
OG0002265	RefSeq exception	False	0.36287	3141	True	False
OG0002266	invalid ORF: Cx_molestus	False	0.79349	3765	True	False
OG0002267	intact	True	0.97771	987	True	True
OG0002268	intact	True	0.98663	1155	True	True
OG0002269	invalid ORF: Cx_molestus,Cx_pallens,Cx_pipiens	False	0.93785	2655	True	False
OG0002270	intact	True	0.94774	2838	True	True
OG0002271	intact	True	0.96923	2145	True	True
OG0002272	RefSeq exception	False	0.80745	2379	True	False
OG0002273	invalid ORF: Cx_pallens	False	0.50697	789	True	False
OG0002274	intact	True	0.95106	756	True	True
OG0002275	RefSeq exception	False	0.7258	3162	True	False
OG0002276	intact	True	0.96267	1152	True	True
OG0002277	invalid ORF: Cx_molestus,Cx_pipiens	False	0.96424	867	True	False
OG0002278	invalid ORF: Cx_molestus	False	0.94167	360	True	False
OG0002279	intact	True	0.93423	1110	True	True
OG0002280	intact	True	0.93611	720	True	True
OG0002281	intact	True	0.9503	1167	True	True
OG0002282	intact	True	0.91419	915	True	True
OG0002283	intact	True	0.97968	1329	True	True
OG0002284	intact	True	0.96606	837	True	True
OG0002286	invalid ORF: Cx_pipiens	False	0.56364	660	True	False
OG0002287	intact	True	0.98167	1200	True	True
OG0002288	invalid ORF: Cx_molestus,Cx_pallens	False	0.56689	2931	True	False
OG0002289	RefSeq exception	False	0.65272	1053	True	False
OG0002290	intact	True	0.98184	936	True	True
OG0002291	invalid ORF: Cx_molestus,Cx_pallens	False	0.67537	3105	True	False
OG0002292	intact	True	0.98455	453	True	True
OG0002293	intact	True	0.97097	999	True	True
OG0002294	intact	True	0.94086	558	True	True
OG0002295	intact	True	0.95673	624	True	True
OG0002296	invalid ORF: Cx_pallens	False	0.9532	876	True	False
OG0002298	invalid ORF: Cx_molestus,Cx_pipiens	False	0.53414	1779	True	False
OG0002299	intact	True	0.95573	1491	True	True
OG0002300	intact	True	0.9426	1446	True	True
OG0002302	intact	True	0.96538	1242	True	True
OG0002303	intact	True	0.9463	540	True	True
OG0002304	intact	True	0.96206	738	True	True
OG0002305	intact	True	0.95023	663	True	True
OG0002306	invalid ORF: Cx_molestus	False	0.89394	795	True	False
OG0002307	intact	True	0.95975	795	True	True
OG0002308	intact	True	0.94637	1212	True	True
OG0002309	intact	True	0.94634	1230	True	True
OG0002310	intact	True	0.96545	498	True	True
OG0002311	invalid ORF: Cx_molestus	False	0.48237	6354	True	False
OG0002312	invalid ORF: Cx_pallens	False	0.7924	342	True	False
OG0002313	intact	True	0.94231	468	True	True
OG0002314	intact	True	1.0	918	True	True
OG0002315	intact	True	0.96382	912	True	True
OG0002316	invalid ORF: Cx_molestus,Cx_pallens,Cx_pipiens	False	0.66457	477	True	False
OG0002317	invalid ORF: Cx_pallens	False	0.95377	411	True	False
OG0002318	invalid ORF: Cx_molestus,Cx_pallens,Cx_pipiens	False	0.32946	2100	True	False
OG0002319	invalid ORF: Cx_pallens	False	0.58188	2541	True	False
OG0002320	invalid ORF: Cx_molestus,Cx_pallens,Cx_pipiens	False	0.36789	1677	True	False
OG0002321	intact	True	0.97305	1707	True	True
OG0002322	intact	True	0.93243	444	True	True
OG0002323	intact	True	0.9569	696	True	True
OG0002324	intact	True	0.93455	1482	True	True
OG0002325	intact	True	0.94727	1536	True	True
OG0002326	intact	True	0.98056	1440	True	True
OG0002327	intact	True	0.96795	1248	True	True
OG0002328	invalid ORF: Cx_molestus,Cx_pipiens	False	0.98582	423	True	False
OG0002329	invalid ORF: Cx_molestus,Cx_pallens,Cx_pipiens	False	0.50836	2361	True	False
OG0002330	intact	True	0.97934	3243	True	True
OG0002331	invalid ORF: Cx_molestus,Cx_pipiens	False	0.33295	4215	True	False
OG0002332	RefSeq exception	False	0.4798	2529	True	False
OG0002333	intact	True	0.97571	2841	True	True
OG0002334	intact	True	0.9417	789	True	True
OG0002335	intact	True	0.97665	942	True	True
OG0002336	intact	True	0.95861	894	True	True
OG0002337	invalid ORF: Cx_molestus,Cx_pallens,Cx_pipiens	False	0.97354	756	True	False
OG0002338	intact	True	0.99353	927	True	True
OG0002339	intact	True	0.9848	921	True	True
OG0002340	invalid ORF: Cx_molestus,Cx_pipiens	False	0.73786	1431	True	False
OG0002341	intact	True	0.96029	1662	True	True
OG0002342	invalid ORF: Cx_molestus	False	0.97354	567	True	False
OG0002343	invalid ORF: Cx_pipiens	False	0.93482	537	True	False
OG0002344	intact	True	0.97163	1410	True	True
OG0002345	intact	True	0.99206	1260	True	True
OG0002346	intact	True	0.96248	6504	True	True
OG0002347	invalid ORF: Cx_molestus	False	0.96001	6327	True	False
OG0002348	intact	True	1.0	420	True	True
OG0002349	intact	True	0.99383	648	True	True
OG0002350	intact	True	0.97858	1074	True	True
OG0002351	invalid ORF: Cx_molestus,Cx_pallens,Cx_pipiens	False	0.99184	735	True	False
OG0002352	invalid ORF: Cx_molestus	False	0.76485	1005	True	False
OG0002353	intact	True	0.97872	852	True	True
OG0002354	intact	True	0.98457	648	True	True
OG0002355	invalid ORF: Cx_molestus	False	0.94561	570	True	False
OG0002356	invalid ORF: Cx_molestus,Cx_pallens,Cx_pipiens	False	0.33333	1626	True	False
OG0002357	RefSeq exception	False	0.50335	2169	True	False
OG0002358	invalid ORF: Cx_pallens	False	0.77169	2337	True	False
OG0002359	invalid ORF: Cx_pipiens	False	0.97551	1785	True	False
OG0002360	intact	True	0.95634	1878	True	True
OG0002361	intact	True	0.94577	2010	True	True
OG0002362	RefSeq exception	False	0.53696	1938	True	False
OG0002363	intact	True	0.95508	2703	True	True
OG0002364	intact	True	0.96791	1122	True	True
OG0002365	invalid ORF: Cx_molestus	False	0.96257	855	True	False
OG0002366	intact	True	0.93989	2013	True	True
OG0002367	intact	True	0.97083	1200	True	True
OG0002368	intact	True	0.97199	1428	True	True
OG0002369	invalid ORF: Cx_pipiens	False	0.35535	2598	True	False
OG0002370	invalid ORF: Cx_molestus	False	0.77017	3129	True	False
OG0002371	intact	True	0.9538	1212	True	True
OG0002372	intact	True	0.95041	1230	True	True
OG0002373	invalid ORF: Cx_pipiens	False	0.70158	1518	True	False
OG0002374	intact	True	0.9461	1707	True	True
OG0002375	invalid ORF: Cx_pallens	False	0.94118	1683	True	False
OG0002376	invalid ORF: Cx_molestus,Cx_pallens,Cx_pipiens	False	0.97794	1677	True	False
OG0002377	invalid ORF: Cx_pallens,Cx_pipiens	False	0.4789	1281	True	False
OG0002378	intact	True	0.98	750	True	True
OG0002379	intact	True	0.9529	2208	True	True
OG0002380	intact	True	0.95606	2253	True	True
OG0002381	intact	True	0.9801	1206	True	True
OG0002382	intact	True	0.97504	1122	True	True
OG0002383	intact	True	0.98808	2013	True	True
OG0002384	invalid ORF: Cx_pallens	False	0.98425	2361	True	False
OG0002385	invalid ORF: Cx_pallens,Cx_pipiens	False	0.7506	1971	True	False
OG0002386	invalid ORF: Cx_molestus,Cx_pipiens	False	0.71474	1788	True	False
OG0002387	intact	True	0.97333	2250	True	True
OG0002388	RefSeq exception	False	0.69428	3885	True	False
OG0002389	invalid ORF: Cx_molestus,Cx_pallens	False	0.99502	804	True	False
OG0002390	intact	True	0.97039	1047	True	True
OG0002391	RefSeq exception	False	0.62222	1275	True	False
OG0002392	intact	True	0.96124	1290	True	True
OG0002393	intact	True	0.95262	1773	True	True
OG0002394	intact	True	0.958	1881	True	True
OG0002395	invalid ORF: Cx_molestus,Cx_pipiens	False	0.94298	1425	True	False
OG0002396	intact	True	0.95305	1491	True	True
OG0002397	RefSeq exception	False	0.69007	2718	True	False
OG0002398	intact	True	0.98409	2325	True	True
OG0002399	RefSeq exception	False	0.52417	2334	True	False
OG0002400	intact	True	0.97479	2301	True	True
OG0002401	RefSeq exception	False	0.7092	8583	True	False
OG0002402	invalid ORF: Cx_pallens	False	0.89712	6426	True	False
OG0002403	intact	True	0.96011	1128	True	True
OG0002404	invalid ORF: Cx_pipiens	False	0.96729	1131	True	False
OG0002405	invalid ORF: Cx_pallens	False	0.98974	195	True	False
OG0002406	invalid ORF: Cx_pallens	False	0.97101	345	True	False
OG0002407	intact	True	0.95896	1998	True	True
OG0002408	intact	True	0.95981	1941	True	True
OG0002409	intact	True	0.97352	1737	True	True
OG0002410	invalid ORF: Cx_molestus,Cx_pallens,Cx_pipiens	False	0.9619	1365	True	False
OG0002411	invalid ORF: Cx_molestus,Cx_pallens	False	0.95154	1716	True	False
OG0002412	intact	True	0.95149	1278	True	True
OG0002413	RefSeq exception	False	0.8624	1050	True	False
OG0002414	invalid ORF: Cx_molestus	False	0.44373	1380	True	False
OG0002415	intact	True	0.96581	468	True	True
OG0002416	intact	True	0.92616	474	True	True
OG0002417	invalid ORF: Cx_molestus	False	0.64444	1698	True	False
OG0002418	invalid ORF: Cx_molestus	False	0.70982	3861	True	False
OG0002419	invalid ORF: Cx_molestus,Cx_pallens,Cx_pipiens	False	1.0	225	True	False
OG0002420	RefSeq exception	False	0.90842	1092	True	False
OG0002421	intact	True	0.98188	552	True	True
OG0002422	invalid ORF: Cx_molestus,Cx_pipiens	False	0.97403	444	True	False
OG0002423	invalid ORF: Cx_molestus,Cx_pallens,Cx_pipiens	False	0.39549	2013	True	False
OG0002424	RefSeq exception	False	0.48316	4539	True	False
OG0002425	intact	True	0.95641	390	True	True
OG0002426	intact	True	0.96835	1485	True	True
OG0002427	intact	True	0.96337	1638	True	True
OG0002428	intact	True	0.96333	1800	True	True
OG0002429	invalid ORF: Cx_pallens,Cx_pipiens	False	0.8501	1554	True	False
OG0002430	intact	True	0.98168	1419	True	True
OG0002431	RefSeq exception	False	0.47233	936	True	False
OG0002432	intact	True	0.96317	1575	True	True
OG0002433	invalid ORF: Cx_molestus,Cx_pallens,Cx_pipiens	False	0.99291	846	True	False
OG0002435	invalid ORF: Cx_molestus,Cx_pallens,Cx_pipiens	False	0.55072	639	True	False
OG0002436	invalid ORF: Cx_molestus,Cx_pipiens	False	0.64411	1800	True	False
OG0002437	intact	True	0.95161	930	True	True
OG0002438	intact	True	0.9579	1164	True	True
OG0002439	intact	True	0.92105	456	True	True
OG0002440	intact	True	0.96273	483	True	True
OG0002441	intact	True	0.96854	1335	True	True
OG0002442	intact	True	0.97416	1161	True	True
OG0002443	intact	True	0.96629	267	True	True
OG0002444	intact	True	0.95264	1626	True	True
OG0002445	intact	True	0.97887	426	True	True
OG0002446	intact	True	0.9685	381	True	True
OG0002447	invalid ORF: Cx_molestus,Cx_pallens,Cx_pipiens	False	0.97701	348	True	False
OG0002448	intact	True	0.95062	405	True	True
OG0002449	invalid ORF: Cx_pallens	False	0.74967	747	True	False
OG0002450	intact	True	0.95386	1062	True	True
OG0002451	RefSeq exception	False	0.708	2826	True	False
OG0002452	invalid ORF: Cx_pipiens	False	0.50524	4746	True	False
OG0002453	intact	True	0.98305	531	True	True
OG0002454	intact	True	0.98198	555	True	True
OG0002455	invalid ORF: Cx_pallens	False	0.97853	3027	True	False
OG0002456	intact	True	0.96574	3561	True	True
OG0002457	intact	True	0.97294	1737	True	True
OG0002459	intact	True	0.94758	1011	True	True
OG0002460	intact	True	0.97795	1179	True	True
OG0002461	intact	True	0.99383	1620	True	True
OG0002462	intact	True	0.9919	1605	True	True
OG0002463	invalid ORF: Cx_molestus,Cx_pallens,Cx_pipiens	False	0.93711	798	True	False
OG0002464	invalid ORF: Cx_pallens	False	0.92912	1425	True	False
OG0002465	invalid ORF: Cx_molestus,Cx_pallens,Cx_pipiens	False	0.87731	1437	True	False
OG0002466	invalid ORF: Cx_molestus,Cx_pallens	False	0.82904	1713	True	False
OG0002467	intact	True	0.95514	1605	True	True
OG0002468	intact	True	0.97879	1509	True	True
OG0002469	invalid ORF: Cx_molestus,Cx_pipiens	False	0.9614	1632	True	False
OG0002470	invalid ORF: Cx_pallens	False	0.81909	1896	True	False
OG0002471	intact	True	0.9974	768	True	True
OG0002472	intact	True	0.99462	744	True	True
OG0002473	intact	True	0.9843	3312	True	True
OG0002474	intact	True	0.96114	3183	True	True
OG0002475	RefSeq exception	False	0.58909	2610	True	False
OG0002476	intact	True	0.96478	3123	True	True
OG0002477	invalid ORF: Cx_pallens	False	0.79747	711	True	False
OG0002478	intact	True	0.97308	780	True	True
OG0002479	intact	True	0.97191	1068	True	True
OG0002480	intact	True	0.95843	1251	True	True
OG0002481	intact	True	0.96637	1011	True	True
OG0002482	invalid ORF: Cx_molestus	False	0.94667	3792	True	False
OG0002483	intact	True	0.98918	1386	True	True
OG0002484	intact	True	0.9928	1389	True	True
OG0002485	RefSeq exception	False	0.66307	2757	True	False
OG0002486	RefSeq exception	False	0.82329	2670	True	False
OG0002487	intact	True	0.98374	738	True	True
OG0002488	intact	True	0.95935	738	True	True
OG0002490	intact	True	0.94489	1506	True	True
OG0002491	invalid ORF: Cx_pallens	False	0.97717	3081	True	False
OG0002492	intact	True	0.96993	2727	True	True
OG0002493	intact	True	0.98778	900	True	True
OG0002494	invalid ORF: Cx_pipiens	False	0.86921	1521	True	False
OG0002495	intact	True	0.97778	1350	True	True
OG0002496	intact	True	0.98109	1428	True	True
OG0002497	invalid ORF: Cx_molestus,Cx_pallens,Cx_pipiens	False	0.89391	1791	True	False
OG0002498	invalid ORF: Cx_pallens,Cx_pipiens	False	0.92857	420	True	False
OG0002499	invalid ORF: Cx_molestus	False	0.95969	2982	True	False
OG0002500	invalid ORF: Cx_pallens	False	0.40765	5286	True	False
OG0002501	invalid ORF: Cx_molestus,Cx_pallens	False	0.4222	5700	True	False
OG0002502	intact	True	0.96544	3819	True	True
OG0002503	RefSeq exception	False	0.68576	1257	True	False
OG0002504	intact	True	0.95619	1575	True	True
OG0002505	invalid ORF: Cx_molestus,Cx_pallens	False	0.96586	1113	True	False
OG0002506	intact	True	0.96253	1281	True	True
OG0002507	intact	True	0.95875	1212	True	True
OG0002508	intact	True	0.95864	1209	True	True
OG0002509	intact	True	0.9541	2157	True	True
OG0002510	intact	True	0.96465	8487	True	True
OG0002511	invalid ORF: Cx_molestus,Cx_pipiens	False	0.67103	1833	True	False
OG0002512	invalid ORF: Cx_pallens	False	0.87046	1866	True	False
OG0002513	invalid ORF: Cx_molestus	False	0.98765	243	True	False
OG0002514	invalid ORF: Cx_molestus,Cx_pallens,Cx_pipiens	False	0.97533	2121	True	False
OG0002515	invalid ORF: Cx_molestus	False	0.99249	1065	True	False
OG0002516	intact	True	0.99187	1599	True	True
OG0002517	invalid ORF: Cx_molestus	False	0.89846	1362	True	False
OG0002518	invalid ORF: Cx_molestus	False	0.90162	1545	True	False
OG0002519	invalid ORF: Cx_molestus,Cx_pallens,Cx_pipiens	False	0.46856	1557	True	False
OG0002520	intact	True	0.9771	393	True	True
OG0002521	invalid ORF: Cx_molestus,Cx_pallens,Cx_pipiens	False	0.6203	3006	True	False
OG0002522	intact	True	0.96578	906	True	True
OG0002523	intact	True	0.94081	1284	True	True
OG0002524	invalid ORF: Cx_pipiens	False	0.95283	1272	True	False
OG0002525	intact	True	0.97874	2775	True	True
OG0002526	intact	True	0.95993	2670	True	True
OG0002527	intact	True	0.94259	2613	True	True
OG0002528	intact	True	0.94508	2622	True	True
OG0002529	invalid ORF: Cx_molestus	False	0.94872	117	False	False
OG0002530	intact	True	0.97199	357	True	True
OG0002531	intact	True	0.96622	888	True	True
OG0002532	intact	True	0.93488	645	True	True
OG0002533	intact	True	0.95143	906	True	True
OG0002534	invalid ORF: Cx_molestus,Cx_pallens,Cx_pipiens	False	0.62991	2013	True	False
OG0002535	intact	True	0.98185	4737	True	True
OG0002537	invalid ORF: Cx_molestus,Cx_pallens,Cx_pipiens	False	0.55814	1131	True	False
OG0002538	invalid ORF: Cx_pallens,Cx_pipiens	False	0.82446	1317	True	False
OG0002539	intact	True	0.96831	789	True	True
OG0002540	invalid ORF: Cx_pallens	False	0.96347	219	True	False
OG0002541	intact	True	0.96304	1380	True	True
OG0002542	intact	True	0.97222	1188	True	True
OG0002543	invalid ORF: Cx_molestus,Cx_pallens,Cx_pipiens	False	0.93993	1515	True	False
OG0002544	invalid ORF: Cx_molestus,Cx_pallens,Cx_pipiens	False	0.9369	1680	True	False
OG0002545	intact	True	0.94286	1260	True	True
OG0002546	intact	True	0.92987	1212	True	True
OG0002547	intact	True	0.93264	1722	True	True
OG0002548	invalid ORF: Cx_pipiens	False	0.93788	1803	True	False
OG0002549	RefSeq exception	False	0.63721	1215	True	False
OG0002550	invalid ORF: Cx_molestus,Cx_pallens	False	0.85768	2055	True	False
OG0002551	intact	True	0.94911	1179	True	True
OG0002552	intact	True	0.96345	1152	True	True
OG0002553	intact	True	0.97264	1206	True	True
OG0002554	intact	True	0.95537	2913	True	True
OG0002555	intact	True	0.96927	846	True	True
OG0002556	intact	True	0.93634	1398	True	True
OG0002558	RefSeq exception	False	0.47783	3807	True	False
OG0002559	invalid ORF: Cx_molestus,Cx_pallens,Cx_pipiens	False	0.69257	1158	True	False
OG0002560	intact	True	0.97262	1680	True	True
OG0002561	invalid ORF: Cx_pallens	False	0.96839	696	True	False
OG0002562	invalid ORF: Cx_molestus,Cx_pipiens	False	0.84826	1425	True	False
OG0002563	intact	True	0.9626	1551	True	True
OG0002564	intact	True	0.98256	3837	True	True
OG0002565	invalid ORF: Cx_pipiens	False	0.94863	2589	True	False
OG0002566	intact	True	0.99819	1656	True	True
OG0002567	intact	True	0.92994	471	True	True
OG0002568	invalid ORF: Cx_pipiens	False	0.97603	459	True	False
OG0002569	invalid ORF: Cx_pallens,Cx_pipiens	False	0.9542	588	True	False
OG0002570	invalid ORF: Cx_pipiens	False	0.94857	4095	True	False
OG0002571	intact	True	0.96988	2025	True	True
OG0002572	invalid ORF: Cx_molestus,Cx_pallens	False	0.9734	639	True	False
OG0002573	invalid ORF: Cx_pallens,Cx_pipiens	False	0.97466	1905	True	False
OG0002574	invalid ORF: Cx_molestus,Cx_pipiens	False	0.95807	1431	True	False
OG0002575	invalid ORF: Cx_molestus	False	0.92507	1707	True	False
OG0002576	invalid ORF: Cx_molestus,Cx_pallens	False	0.73892	1707	True	False
OG0002577	invalid ORF: Cx_molestus	False	0.96951	2352	True	False
OG0002578	intact	True	0.97449	5214	True	True
OG0002579	intact	True	0.94369	1776	True	True
OG0002580	intact	True	0.95165	1179	True	True
OG0002581	intact	True	0.97024	672	True	True
OG0002582	intact	True	0.96076	2523	True	True
OG0002583	RefSeq exception	False	0.65954	1344	True	False
OG0002584	intact	True	0.95357	840	True	True
OG0002585	RefSeq exception	False	0.99295	567	True	False
OG0002586	intact	True	0.97292	3915	True	True
OG0002587	invalid ORF: Cx_molestus	False	0.99176	1347	True	False
OG0002588	invalid ORF: Cx_pipiens	False	0.96151	1221	True	False
OG0002589	intact	True	0.96708	729	True	True
OG0002591	invalid ORF: Cx_molestus	False	0.95181	1773	True	False
OG0002592	intact	True	0.9697	693	True	True
OG0002593	intact	True	0.95491	1863	True	True
OG0002594	intact	True	0.97171	1626	True	True
OG0002595	intact	True	0.9701	4014	True	True
OG0002596	RefSeq exception	False	0.64753	636	True	False
OG0002597	RefSeq exception	False	0.79922	1290	True	False
OG0002598	invalid ORF: Cx_pipiens	False	0.97133	3732	True	False
OG0002599	invalid ORF: Cx_molestus,Cx_pipiens	False	0.31671	2514	True	False
OG0002600	RefSeq exception	False	0.35694	3819	True	False
OG0002601	intact	True	0.97643	594	True	True
OG0002602	invalid ORF: Cx_molestus,Cx_pallens,Cx_pipiens	False	NA	393	True	False
OG0002603	invalid ORF: Cx_pipiens	False	0.97183	1041	True	False
OG0002604	intact	True	0.98362	1038	True	True
OG0002606	intact	True	0.95995	3321	True	True
OG0002607	invalid ORF: Cx_molestus	False	0.98179	5820	True	False
OG0002608	RefSeq exception	False	0.59816	2268	True	False
OG0002609	RefSeq exception	False	0.34511	1902	True	False
OG0002610	intact	True	0.94309	369	True	True
OG0002611	invalid ORF: Cx_molestus,Cx_pallens,Cx_pipiens	False	0.95214	1797	True	False
OG0002613	intact	True	0.98551	897	True	True
OG0002614	intact	True	0.93239	636	True	True
OG0002616	intact	True	0.98128	2223	True	True
OG0002617	intact	True	0.94853	408	True	True
OG0002618	invalid ORF: Cx_pallens	False	0.96637	684	True	False
OG0002619	invalid ORF: Cx_molestus,Cx_pallens	False	0.95353	1248	True	False
OG0002620	intact	True	0.9873	315	True	True
OG0002622	invalid ORF: Cx_molestus,Cx_pallens	False	0.47961	900	True	False
OG0002623	invalid ORF: Cx_molestus,Cx_pipiens	False	0.92908	423	True	False
OG0002624	intact	True	0.9715	1719	True	True
OG0002625	invalid ORF: Cx_molestus,Cx_pipiens	False	0.96233	1752	True	False
OG0002626	invalid ORF: Cx_molestus,Cx_pipiens	False	0.93409	1320	True	False
OG0002627	intact	True	0.96011	2607	True	True
OG0002628	RefSeq exception	False	0.95808	1533	True	False
OG0002629	RefSeq exception	False	0.73924	3333	True	False
OG0002630	intact	True	0.98504	468	True	True
OG0002631	invalid ORF: Cx_molestus,Cx_pallens	False	0.94077	861	True	False
OG0002632	intact	True	0.95462	573	True	True
OG0002633	intact	True	0.96244	426	True	True
OG0002634	intact	True	0.96255	534	True	True
OG0002635	invalid ORF: Cx_molestus	False	0.96716	1671	True	False
OG0002636	intact	True	0.96512	258	True	True
OG0002637	intact	True	0.95621	1941	True	True
OG0002638	intact	True	0.94033	486	True	True
OG0002639	intact	True	0.97484	318	True	True
OG0002640	intact	True	0.94287	1806	True	True
OG0002642	intact	True	0.97477	1674	True	True
OG0002643	intact	True	0.95095	4485	True	True
OG0002644	intact	True	0.97191	1602	True	True
OG0002647	intact	True	0.95956	816	True	True
OG0002648	invalid ORF: Cx_molestus,Cx_pallens,Cx_pipiens	False	0.69666	1467	True	False
OG0002649	intact	True	0.98462	195	True	True
OG0002650	invalid ORF: Cx_molestus,Cx_pipiens	False	0.99691	324	True	False
OG0002651	intact	True	0.99515	618	True	True
OG0002652	invalid ORF: Cx_pipiens	False	0.92789	1581	True	False
OG0002653	intact	True	0.9881	1008	True	True
OG0002654	intact	True	0.91321	1302	True	True
OG0002655	intact	True	0.94399	1107	True	True
OG0002656	intact	True	0.96	750	True	True
OG0002657	intact	True	0.97374	990	True	True
OG0002658	intact	True	0.9588	534	True	True
OG0002659	intact	True	0.94815	540	True	True
OG0002661	intact	True	0.94444	486	True	True
OG0002662	invalid ORF: Cx_molestus,Cx_pallens,Cx_pipiens	False	0.80548	1344	True	False
OG0002663	intact	True	0.97717	438	True	True
OG0002664	intact	True	0.95604	546	True	True
OG0002665	intact	True	0.94069	1332	True	True
OG0002666	invalid ORF: Cx_molestus,Cx_pipiens	False	0.93575	1326	True	False
OG0002667	intact	True	0.9609	1518	True	True
OG0002668	intact	True	0.99698	1323	True	True
OG0002669	invalid ORF: Cx_molestus,Cx_pallens	False	0.94333	600	True	False
OG0002670	intact	True	0.978	591	True	True
OG0002671	intact	True	0.94624	465	True	True
OG0002673	invalid ORF: Cx_molestus,Cx_pallens,Cx_pipiens	False	0.97884	378	True	False
OG0002674	intact	True	0.95142	2820	True	True
OG0002675	intact	True	0.94462	939	True	True
OG0002677	intact	True	0.98397	624	True	True
OG0002678	invalid ORF: Cx_molestus,Cx_pallens,Cx_pipiens	False	0.49242	132	False	False
OG0002681	invalid ORF: Cx_pipiens	False	0.94782	1287	True	False
OG0002682	intact	True	0.94969	318	True	True
OG0002683	intact	True	0.9571	303	True	True
OG0002684	intact	True	0.97788	678	True	True
OG0002685	intact	True	0.9602	3543	True	True
OG0002686	invalid ORF: Cx_molestus,Cx_pallens,Cx_pipiens	False	0.99216	510	True	False
OG0002692	intact	True	0.96078	663	True	True
OG0002693	invalid ORF: Cx_pipiens	False	0.96922	2121	True	False
OG0002696	invalid ORF: Cx_molestus	False	0.9482	444	True	False
OG0002698	intact	True	0.97556	2052	True	True
OG0002699	intact	True	0.96531	1470	True	True
OG0002700	invalid ORF: Cx_molestus,Cx_pallens,Cx_pipiens	False	0.97608	669	True	False
OG0002701	intact	True	0.9484	969	True	True
OG0002703	invalid ORF: Cx_molestus,Cx_pallens,Cx_pipiens	False	1.0	1584	True	False
OG0002704	invalid ORF: Cx_molestus,Cx_pallens	False	0.37436	642	True	False
OG0002705	invalid ORF: Cx_molestus	False	0.96296	351	True	False
OG0002706	intact	True	0.95682	579	True	True
OG0002707	intact	True	0.98276	348	True	True
OG0002708	RefSeq exception	False	0.83947	4752	True	False
OG0002709	intact	True	0.94505	1932	True	True
OG0002710	invalid ORF: Cx_molestus,Cx_pallens	False	0.96825	942	True	False
OG0002711	invalid ORF: Cx_molestus	False	0.95211	4257	True	False
OG0002712	intact	True	0.93605	735	True	True
OG0002713	intact	True	0.93109	2859	True	True
OG0002714	intact	True	0.95153	1671	True	True
OG0002715	invalid ORF: Cx_pipiens	False	0.96944	720	True	False
OG0002716	intact	True	0.97766	1119	True	True
OG0002717	invalid ORF: Cx_molestus	False	0.9734	1527	True	False
OG0002718	intact	True	0.94231	1104	True	True
OG0002720	invalid ORF: Cx_molestus,Cx_pipiens	False	0.98942	189	True	False
OG0002721	invalid ORF: Cx_molestus,Cx_pallens,Cx_pipiens	False	0.96032	252	True	False
OG0002722	intact	True	0.94577	756	True	True
OG0002723	intact	True	0.94372	231	True	True
OG0002724	intact	True	0.98295	1179	True	True
OG0002725	intact	True	0.97375	762	True	True
OG0002726	invalid ORF: Cx_molestus	False	0.73728	2397	True	False
OG0002727	intact	True	0.93769	321	True	True
OG0002728	intact	True	0.99254	402	True	True
OG0002729	invalid ORF: Cx_molestus	False	0.94413	4833	True	False
OG0002730	intact	True	0.97287	1032	True	True
OG0002731	invalid ORF: Cx_molestus	False	0.99821	558	True	False
OG0002732	intact	True	0.95658	783	True	True
OG0002733	intact	True	0.96116	2961	True	True
OG0002734	invalid ORF: Cx_pallens	False	0.61232	369	True	False
OG0002735	intact	True	0.98304	2358	True	True
OG0002736	intact	True	0.99833	600	True	True
OG0002737	intact	True	0.96277	1182	True	True
OG0002738	intact	True	0.95809	2076	True	True
OG0002739	intact	True	0.97143	945	True	True
OG0002741	intact	True	0.98777	327	True	True
OG0002742	invalid ORF: Cx_pallens	False	0.96204	3054	True	False
OG0002743	invalid ORF: Cx_pipiens	False	0.99444	180	True	False
OG0002745	intact	True	0.95323	2115	True	True
OG0002747	intact	True	0.98901	273	True	True
OG0002748	intact	True	0.94972	1074	True	True
OG0002749	intact	True	0.95939	1305	True	True
OG0002750	intact	True	0.95585	453	True	True
OG0002751	intact	True	0.98756	492	True	True
OG0002753	invalid ORF: Cx_molestus,Cx_pipiens	False	0.95122	504	True	False
OG0002754	intact	True	0.98916	738	True	True
OG0002755	intact	True	0.94326	423	True	True
OG0002756	intact	True	0.96017	954	True	True
OG0002757	invalid ORF: Cx_molestus	False	0.93309	840	True	False
OG0002758	invalid ORF: Cx_pipiens	False	0.97378	267	True	False
OG0002759	intact	True	0.97745	2217	True	True
OG0002760	intact	True	0.93357	1704	True	True
OG0002761	intact	True	0.97362	1251	True	True
OG0002762	invalid ORF: Cx_pipiens	False	0.91667	627	True	False
OG0002763	intact	True	0.96285	1884	True	True
OG0002764	RefSeq exception	False	0.90887	1683	True	False
OG0002766	RefSeq exception	False	0.75362	372	True	False
OG0002768	intact	True	0.96504	4599	True	True
OG0002769	invalid ORF: Cx_pallens	False	0.95544	1611	True	False
OG0002770	invalid ORF: Cx_molestus,Cx_pallens,Cx_pipiens	False	0.99097	1107	True	False
OG0002771	intact	True	0.9695	459	True	True
OG0002772	intact	True	0.97707	567	True	True
OG0002774	intact	True	0.94286	315	True	True
OG0002775	intact	True	0.96686	1026	True	True
OG0002776	invalid ORF: Cx_molestus	False	0.94846	1437	True	False
OG0002777	intact	True	0.96729	642	True	True
OG0002778	intact	True	0.97013	837	True	True
OG0002779	intact	True	0.89493	1512	True	True
OG0002780	intact	True	0.97625	1263	True	True
OG0002781	intact	True	0.96847	666	True	True
OG0002782	intact	True	0.94872	780	True	True
OG0002783	intact	True	0.97905	525	True	True
OG0002784	intact	True	0.96454	1410	True	True
OG0002785	intact	True	0.97568	1110	True	True
OG0002786	intact	True	0.95023	1728	True	True
OG0002787	intact	True	0.93452	1176	True	True
OG0002788	intact	True	0.98234	453	True	True
OG0002790	intact	True	0.99237	393	True	True
OG0002791	invalid ORF: Cx_molestus,Cx_pallens,Cx_pipiens	False	0.35758	339	True	False
OG0002792	intact	True	0.98148	702	True	True
OG0002793	intact	True	0.91026	2184	True	True
OG0002794	invalid ORF: Cx_pipiens	False	0.95536	1680	True	False
OG0002795	intact	True	0.96581	936	True	True
OG0002796	invalid ORF: Cx_molestus,Cx_pallens,Cx_pipiens	False	0.47945	882	True	False
OG0002797	intact	True	0.96798	1218	True	True
OG0002798	invalid ORF: Cx_molestus	False	0.93606	1173	True	False
OG0002799	intact	True	0.9784	324	True	True
OG0002800	intact	True	0.98509	2952	True	True
OG0002801	intact	True	0.96774	372	True	True
OG0002802	intact	True	0.96795	780	True	True
OG0002803	intact	True	0.97248	2922	True	True
OG0002804	intact	True	0.9613	1809	True	True
OG0002805	intact	True	0.97819	3897	True	True
OG0002807	intact	True	0.97525	606	True	True
OG0002808	intact	True	0.95258	1434	True	True
OG0002809	intact	True	0.94981	777	True	True
OG0002810	intact	True	0.98381	1359	True	True
OG0002811	intact	True	0.97939	825	True	True
OG0002812	intact	True	0.95752	612	True	True
OG0002813	invalid ORF: Cx_molestus,Cx_pallens	False	0.98117	1434	True	False
OG0002815	intact	True	0.96408	696	True	True
OG0002817	intact	True	0.95156	867	True	True
OG0002818	invalid ORF: Cx_pipiens	False	0.96769	681	True	False
OG0002820	intact	True	0.94118	357	True	True
OG0002821	intact	True	0.9686	5490	True	True
OG0002822	invalid ORF: Cx_pipiens	False	0.9213	216	True	False
OG0002824	invalid ORF: Cx_pipiens	False	0.9521	5265	True	False
OG0002825	intact	True	0.97468	1698	True	True
OG0002826	intact	True	0.95662	438	True	True
OG0002827	intact	True	0.97861	1122	True	True
OG0002828	invalid ORF: Cx_pallens	False	1.0	843	True	False
OG0002829	intact	True	0.96732	306	True	True
OG0002830	invalid ORF: Cx_molestus	False	0.82716	243	True	False
OG0002831	intact	True	0.95855	9726	True	True
OG0002832	intact	True	0.97436	390	True	True
OG0002833	intact	True	0.94519	2226	True	True
OG0002834	intact	True	0.94283	1032	True	True
OG0002835	invalid ORF: Cx_molestus	False	0.9619	1590	True	False
OG0002836	RefSeq exception	False	0.54701	885	True	False
OG0002837	intact	True	0.9741	1197	True	True
OG0002838	intact	True	0.92308	1443	True	True
OG0002839	intact	True	0.93312	1869	True	True
OG0002840	intact	True	0.98225	2310	True	True
OG0002843	intact	True	0.93916	1173	True	True
OG0002844	invalid ORF: Cx_pallens	False	0.96807	1566	True	False
OG0002845	intact	True	0.95833	456	True	True
OG0002846	intact	True	0.98457	324	True	True
OG0002847	intact	True	0.95238	2016	True	True
OG0002848	invalid ORF: Cx_molestus,Cx_pipiens	False	0.98448	2319	True	False
OG0002849	intact	True	0.9697	1485	True	True
OG0002851	intact	True	0.97715	1713	True	True
OG0002852	intact	True	0.9879	744	True	True
OG0002853	intact	True	0.93868	4980	True	True
OG0002857	partial reference model	False	0.66935	438	True	False
OG0002858	invalid ORF: Cx_molestus,Cx_pallens,Cx_pipiens	False	0.70041	1491	True	False
OG0002859	intact	True	0.96748	369	True	True
OG0002862	intact	True	0.98482	1515	True	True
OG0002863	intact	True	0.96272	912	True	True
OG0002864	intact	True	0.96479	1278	True	True
OG0002865	intact	True	0.98712	699	True	True
OG0002866	intact	True	0.98261	1731	True	True
OG0002867	intact	True	0.95289	858	True	True
OG0002868	intact	True	0.88494	591	True	True
OG0002869	invalid ORF: Cx_pallens	False	0.99642	837	True	False
OG0002870	intact	True	0.95904	1245	True	True
OG0002871	invalid ORF: Cx_molestus,Cx_pallens,Cx_pipiens	False	0.95681	1644	True	False
OG0002873	invalid ORF: Cx_pipiens	False	0.93697	942	True	False
OG0002874	intact	True	0.97396	384	True	True
OG0002875	invalid ORF: Cx_molestus	False	0.94316	888	True	False
OG0002876	intact	True	0.98765	324	True	True
OG0002877	invalid ORF: Cx_pipiens	False	0.95476	3567	True	False
OG0002878	intact	True	0.96761	1485	True	True
OG0002879	invalid ORF: Cx_molestus,Cx_pallens,Cx_pipiens	False	0.94983	897	True	False
OG0002880	intact	True	0.96154	546	True	True
OG0002881	intact	True	0.9692	909	True	True
OG0002882	intact	True	0.94888	1959	True	True
OG0002883	invalid ORF: Cx_molestus,Cx_pallens	False	0.76586	1413	True	False
OG0002884	invalid ORF: Cx_molestus	False	0.98419	2214	True	False
OG0002885	intact	True	0.95259	696	True	True
OG0002886	intact	True	0.97374	1371	True	True
OG0002887	intact	True	0.95933	1266	True	True
OG0002888	intact	True	0.95039	645	True	True
OG0002889	intact	True	0.9644	309	True	True
OG0002890	intact	True	0.9585	771	True	True
OG0002891	intact	True	0.93651	378	True	True
OG0002892	intact	True	0.98596	285	True	True
OG0002893	intact	True	0.95487	2238	True	True
OG0002894	intact	True	0.93869	1419	True	True
OG0002895	invalid ORF: Cx_pallens	False	0.95935	1230	True	False
OG0002896	invalid ORF: Cx_pallens	False	0.97236	1194	True	False
OG0002897	intact	True	0.93939	231	True	True
OG0002898	intact	True	0.9256	1707	True	True
OG0002899	intact	True	0.92871	1515	True	True
OG0002900	intact	True	0.96352	1206	True	True
OG0002901	intact	True	0.94172	858	True	True
OG0002902	RefSeq exception	False	0.74098	477	True	False
OG0002903	intact	True	0.96403	417	True	True
OG0002904	intact	True	0.95763	354	True	True
OG0002905	intact	True	0.92482	708	True	True
OG0002906	intact	True	0.95203	2835	True	True
OG0002907	RefSeq exception	False	0.86375	867	True	False
OG0002908	intact	True	0.95478	3768	True	True
OG0002909	intact	True	0.96667	2160	True	True
OG0002911	intact	True	0.95659	2004	True	True
OG0002912	invalid ORF: Cx_pallens,Cx_pipiens	False	0.97368	345	True	False
OG0002913	intact	True	0.9717	318	True	True
OG0002914	intact	True	0.94613	297	True	True
OG0002915	invalid ORF: Cx_pipiens	False	0.94395	351	True	False
OG0002916	intact	True	0.9941	339	True	True
OG0002917	intact	True	0.97556	2046	True	True
OG0002918	invalid ORF: Cx_molestus,Cx_pallens	False	0.96825	315	True	False
OG0002919	invalid ORF: Cx_molestus	False	0.98366	612	True	False
OG0002920	intact	True	0.96143	726	True	True
OG0002921	intact	True	0.97843	519	True	True
OG0002922	invalid ORF: Cx_molestus,Cx_pallens,Cx_pipiens	False	0.99605	1518	True	False
OG0002924	intact	True	0.9697	726	True	True
OG0002925	invalid ORF: Cx_molestus,Cx_pallens,Cx_pipiens	False	0.92135	804	True	False
OG0002927	intact	True	0.96661	3744	True	True
OG0002928	intact	True	0.96951	2493	True	True
OG0002929	invalid ORF: Cx_molestus,Cx_pallens,Cx_pipiens	False	0.5007	723	True	False
OG0002930	intact	True	0.98123	1971	True	True
OG0002931	RefSeq exception	False	0.58531	1533	True	False
OG0002932	intact	True	0.95073	954	True	True
OG0002933	invalid ORF: Cx_molestus	False	0.95312	1164	True	False
OG0002934	intact	True	0.92226	1698	True	True
OG0002936	intact	True	0.98851	348	True	True
OG0002937	intact	True	0.95295	1254	True	True
OG0002938	intact	True	0.86195	594	True	True
OG0002939	intact	True	0.959	561	True	True
OG0002940	intact	True	0.96748	246	True	True
OG0002941	intact	True	0.94066	573	True	True
OG0002942	intact	True	0.93891	1326	True	True
OG0002943	RefSeq exception	False	0.57901	978	True	False
OG0002944	intact	True	0.97881	519	True	True
OG0002945	intact	True	0.98002	801	True	True
OG0002946	intact	True	0.97459	669	True	True
OG0002947	intact	True	0.96711	456	True	True
OG0002948	invalid ORF: Cx_molestus,Cx_pallens,Cx_pipiens	False	0.96435	561	True	False
OG0002949	intact	True	0.941	339	True	True
OG0002950	intact	True	0.96835	474	True	True
OG0002951	intact	True	0.96188	1233	True	True
OG0002952	intact	True	0.98252	858	True	True
OG0002953	invalid ORF: Cx_molestus,Cx_pallens,Cx_pipiens	False	0.90934	717	True	False
OG0002954	intact	True	0.9739	498	True	True
OG0002956	intact	True	0.95859	483	True	True
OG0002957	intact	True	0.95341	279	True	True
OG0002958	intact	True	0.95663	1176	True	True
OG0002959	intact	True	0.9595	321	True	True
OG0002961	intact	True	0.9724	1377	True	True
OG0002962	intact	True	0.97984	744	True	True
OG0002964	intact	True	0.95853	651	True	True
OG0002965	intact	True	0.98028	507	True	True
OG0002966	intact	True	0.96247	2280	True	True
OG0002968	RefSeq exception	False	0.54848	333	True	False
OG0002969	intact	True	0.95602	432	True	True
OG0002971	intact	True	0.95964	1239	True	True
OG0002972	intact	True	0.96533	885	True	True
OG0002973	invalid ORF: Cx_molestus	False	0.70068	327	True	False
OG0002974	intact	True	0.97514	1974	True	True
OG0002975	intact	True	0.98168	273	True	True
OG0002976	intact	True	0.98933	375	True	True
OG0002977	intact	True	0.96667	4680	True	True
OG0002978	intact	True	0.92994	1770	True	True
OG0002979	invalid ORF: Cx_molestus,Cx_pallens	False	0.95385	1842	True	False
OG0002980	intact	True	0.97959	588	True	True
OG0002981	invalid ORF: Cx_molestus,Cx_pallens,Cx_pipiens	False	0.87996	1011	True	False
OG0002983	intact	True	0.95134	1788	True	True
OG0002984	RefSeq exception	False	0.66188	3966	True	False
OG0002985	invalid ORF: Cx_pallens	False	0.50114	3549	True	False
OG0002986	invalid ORF: Cx_molestus,Cx_pallens	False	0.96573	321	True	False
OG0002987	intact	True	0.97539	447	True	True
OG0002988	intact	True	0.97765	537	True	True
OG0002990	invalid ORF: Cx_molestus	False	0.91733	375	True	False
OG0002991	invalid ORF: Cx_molestus,Cx_pipiens	False	0.8579	2841	True	False
OG0002992	intact	True	0.96078	360	True	True
OG0002993	intact	True	0.93484	399	True	True
OG0002994	intact	True	0.95153	1176	True	True
OG0002995	intact	True	0.93827	729	True	True
OG0002996	invalid ORF: Cx_pipiens	False	0.92424	264	True	False
OG0002997	RefSeq exception	False	0.92812	2379	True	False
OG0002998	intact	True	0.9455	1890	True	True
OG0002999	invalid ORF: Cx_pipiens	False	0.97665	771	True	False
OG0003000	intact	True	0.9564	2133	True	True
OG0003001	intact	True	0.97643	297	True	True
OG0003002	intact	True	0.95513	780	True	True
OG0003003	invalid ORF: Cx_pallens	False	0.83156	564	True	False
OG0003004	intact	True	0.97462	2916	True	True
OG0003005	intact	True	0.96284	888	True	True
OG0003006	intact	True	0.97471	1305	True	True
OG0003007	intact	True	0.96103	1437	True	True
OG0003008	invalid ORF: Cx_pipiens	False	0.84583	720	True	False
OG0003009	intact	True	0.97281	2133	True	True
OG0003010	intact	True	0.96953	1116	True	True
OG0003011	intact	True	0.95797	7212	True	True
OG0003012	invalid ORF: Cx_molestus	False	0.97095	723	True	False
OG0003013	invalid ORF: Cx_molestus	False	0.95609	921	True	False
OG0003014	intact	True	0.95264	1668	True	True
OG0003015	RefSeq exception	False	0.96516	7320	True	False
OG0003016	intact	True	0.98437	1791	True	True
OG0003017	RefSeq exception	False	0.95867	5637	True	False
OG0003018	intact	True	0.96771	4212	True	True
OG0003019	intact	True	0.95881	1578	True	True
OG0003020	invalid ORF: Cx_molestus,Cx_pallens	False	0.34758	2925	True	False
OG0003021	intact	True	0.98188	1269	True	True
OG0003022	RefSeq exception	False	0.8171	1305	True	False
OG0003023	intact	True	0.96748	492	True	True
OG0003024	intact	True	0.97193	285	True	True
OG0003025	intact	True	0.98322	894	True	True
OG0003026	intact	True	0.95666	969	True	True
OG0003027	intact	True	0.95042	1311	True	True
OG0003028	invalid ORF: Cx_pipiens	False	0.77352	1341	True	False
OG0003029	intact	True	0.9899	594	True	True
OG0003030	invalid ORF: Cx_molestus,Cx_pipiens	False	NA	2706	True	False
OG0003031	intact	True	0.95851	723	True	True
OG0003032	intact	True	0.95662	1821	True	True
OG0003033	intact	True	0.96365	1458	True	True
OG0003037	intact	True	0.94759	477	True	True
OG0003038	invalid ORF: Cx_molestus,Cx_pallens,Cx_pipiens	False	0.97642	1527	True	False
OG0003039	invalid ORF: Cx_molestus,Cx_pallens,Cx_pipiens	False	0.93494	1368	True	False
OG0003040	intact	True	0.97022	873	True	True
OG0003041	intact	True	0.99111	225	True	True
OG0003042	intact	True	0.97541	3663	True	True
OG0003043	intact	True	0.9686	2601	True	True
OG0003044	intact	True	0.973	963	True	True
OG0003045	intact	True	0.95743	1386	True	True
OG0003046	intact	True	0.97729	1233	True	True
OG0003047	intact	True	0.96509	1203	True	True
OG0003048	intact	True	0.94423	2352	True	True
OG0003049	intact	True	0.95595	3678	True	True
OG0003050	intact	True	0.97015	1206	True	True
OG0003051	intact	True	0.97509	1686	True	True
OG0003052	intact	True	0.96139	3477	True	True
OG0003053	intact	True	0.96607	2835	True	True
OG0003054	invalid ORF: Cx_molestus	False	0.44086	1482	True	False
OG0003055	intact	True	0.95881	1044	True	True
OG0003056	intact	True	0.9726	1095	True	True
OG0003058	intact	True	0.96205	606	True	True
OG0003059	intact	True	0.95794	4131	True	True
OG0003060	intact	True	0.97396	576	True	True
OG0003061	intact	True	0.9783	1797	True	True
OG0003062	invalid ORF: Cx_pallens	False	0.9759	756	True	False
OG0003063	intact	True	0.98682	1518	True	True
OG0003064	intact	True	0.9607	4122	True	True
OG0003065	intact	True	0.94515	1659	True	True
OG0003066	invalid ORF: Cx_molestus	False	0.97038	2946	True	False
OG0003067	intact	True	0.95264	2196	True	True
OG0003068	invalid ORF: Cx_molestus,Cx_pallens,Cx_pipiens	False	0.92446	1059	True	False
OG0003069	intact	True	0.94216	1971	True	True
OG0003070	invalid ORF: Cx_molestus	False	0.95119	840	True	False
OG0003071	intact	True	0.98167	1200	True	True
OG0003072	invalid ORF: Cx_molestus	False	0.93378	1782	True	False
OG0003073	intact	True	0.96144	1167	True	True
OG0003074	invalid ORF: Cx_pallens,Cx_pipiens	False	0.95607	3081	True	False
OG0003075	intact	True	0.96939	2058	True	True
OG0003076	intact	True	0.94655	1350	True	True
OG0003077	intact	True	0.97525	1986	True	True
OG0003078	intact	True	0.95922	1128	True	True
OG0003079	RefSeq exception	False	0.97963	1770	True	False
OG0003080	invalid ORF: Cx_molestus,Cx_pallens,Cx_pipiens	False	0.97466	1989	True	False
OG0003081	invalid ORF: Cx_molestus	False	0.68521	3975	True	False
OG0003082	intact	True	0.99489	783	True	True
OG0003083	invalid ORF: Cx_molestus	False	0.40025	4758	True	False
OG0003084	intact	True	0.94651	1290	True	True
OG0003085	invalid ORF: Cx_molestus,Cx_pipiens	False	0.47261	1197	True	False
OG0003086	invalid ORF: Cx_molestus	False	0.97248	654	True	False
OG0003087	intact	True	0.95948	1554	True	True
OG0003088	RefSeq exception	False	0.38798	1698	True	False
OG0003089	invalid ORF: Cx_molestus,Cx_pallens	False	0.96644	6966	True	False
OG0003090	intact	True	0.94641	1269	True	True
OG0003091	invalid ORF: Cx_molestus	False	0.47849	870	True	False
OG0003092	intact	True	0.98683	987	True	True
OG0003093	intact	True	0.96374	855	True	True
OG0003094	intact	True	0.95658	783	True	True
OG0003095	intact	True	0.97845	789	True	True
OG0003096	RefSeq exception	False	0.48371	1149	True	False
OG0003097	intact	True	0.96589	645	True	True
OG0003098	invalid ORF: Cx_molestus,Cx_pallens,Cx_pipiens	False	0.95745	846	True	False
OG0003099	intact	True	0.97674	774	True	True
OG0003100	RefSeq exception	False	0.69049	8505	True	False
OG0003101	RefSeq exception	False	0.32051	315	True	False
OG0003102	intact	True	0.97572	453	True	True
OG0003103	RefSeq exception	False	0.57651	3711	True	False
OG0003104	RefSeq exception	False	0.81481	951	True	False
OG0003105	intact	True	0.97403	462	True	True
OG0003106	intact	True	0.95807	1908	True	True
OG0003107	invalid ORF: Cx_pipiens	False	0.62003	3102	True	False
OG0003108	intact	True	0.96094	1485	True	True
OG0003109	RefSeq exception	False	0.86166	4365	True	False
OG0003110	invalid ORF: Cx_pallens	False	0.94444	1674	True	False
OG0003111	intact	True	0.94669	1557	True	True
OG0003112	invalid ORF: Cx_molestus,Cx_pallens	False	0.96559	5037	True	False
OG0003113	intact	True	0.93631	471	True	True
OG0003114	RefSeq exception	False	0.77153	5877	True	False
OG0003115	invalid ORF: Cx_pipiens	False	0.97983	1041	True	False
OG0003116	intact	True	0.965	600	True	True
OG0003117	intact	True	0.98575	2319	True	True
OG0003118	intact	True	0.96995	1065	True	True
OG0003119	intact	True	0.9821	894	True	True
OG0003120	intact	True	0.97076	3258	True	True
OG0003121	intact	True	0.96151	1299	True	True
OG0003122	intact	True	0.96701	1182	True	True
OG0003123	intact	True	0.96467	7500	True	True
OG0003124	intact	True	0.96673	1563	True	True
OG0003125	intact	True	0.96406	1614	True	True
OG0003126	intact	True	0.94548	7080	True	True
OG0003127	intact	True	0.95953	939	True	True
OG0003128	intact	True	0.95647	804	True	True
OG0003129	invalid ORF: Cx_molestus	False	0.95318	534	True	False
OG0003130	intact	True	0.98644	885	True	True
OG0003131	intact	True	0.98355	1884	True	True
OG0003132	intact	True	0.95345	1869	True	True
OG0003133	intact	True	0.96902	807	True	True
OG0003134	intact	True	0.96923	780	True	True
OG0003135	intact	True	0.95317	726	True	True
OG0003136	intact	True	0.98084	522	True	True
OG0003137	invalid ORF: Cx_molestus,Cx_pallens,Cx_pipiens	False	0.94834	2052	True	False
OG0003138	invalid ORF: Cx_molestus,Cx_pallens,Cx_pipiens	False	0.30399	912	True	False
OG0003139	invalid ORF: Cx_molestus	False	0.96047	1290	True	False
OG0003140	invalid ORF: Cx_pallens	False	0.93907	561	True	False
OG0003141	intact	True	0.98611	432	True	True
OG0003142	intact	True	0.97531	162	True	True
OG0003143	intact	True	0.9776	759	True	True
OG0003144	intact	True	0.93662	852	True	True
OG0003145	invalid ORF: Cx_pipiens	False	0.97189	2490	True	False
OG0003146	intact	True	0.96243	1464	True	True
OG0003147	invalid ORF: Cx_pipiens	False	0.94398	1071	True	False
OG0003148	RefSeq exception	False	0.72566	1245	True	False
OG0003149	intact	True	0.97294	6540	True	True
OG0003150	invalid ORF: Cx_molestus	False	0.94394	1320	True	False
OG0003151	invalid ORF: Cx_molestus,Cx_pallens	False	0.96454	846	True	False
OG0003152	RefSeq exception	False	0.96525	1410	True	False
OG0003153	intact	True	0.97001	4002	True	True
OG0003154	invalid ORF: Cx_pallens	False	0.95439	570	True	False
OG0003155	intact	True	0.96202	1290	True	True
OG0003156	invalid ORF: Cx_pallens,Cx_pipiens	False	0.96879	978	True	False
OG0003157	intact	True	0.96216	1665	True	True
OG0003158	intact	True	0.98291	234	True	True
OG0003159	invalid ORF: Cx_molestus,Cx_pallens,Cx_pipiens	False	0.97089	6021	True	False
OG0003160	invalid ORF: Cx_pipiens	False	0.97421	2016	True	False
OG0003161	intact	True	0.96078	612	True	True
OG0003162	intact	True	0.97142	3018	True	True
OG0003163	intact	True	0.96554	3192	True	True
OG0003164	intact	True	0.96963	2898	True	True
OG0003165	intact	True	0.97987	447	True	True
OG0003166	intact	True	0.96765	3339	True	True
OG0003167	intact	True	0.96857	1230	True	True
OG0003168	intact	True	0.97344	753	True	True
OG0003169	intact	True	0.96135	621	True	True
OG0003170	RefSeq exception	False	0.60404	2112	True	False
OG0003171	intact	True	0.96708	729	True	True
OG0003172	intact	True	0.98	600	True	True
OG0003173	intact	True	0.96614	3987	True	True
OG0003174	intact	True	0.96226	318	True	True
OG0003175	intact	True	0.97258	2334	True	True
OG0003176	intact	True	0.98635	2052	True	True
OG0003177	invalid ORF: Cx_pipiens	False	0.63615	426	True	False
OG0003178	intact	True	0.96063	1143	True	True
OG0003179	RefSeq exception	False	0.52055	801	True	False
OG0003180	RefSeq exception	False	0.9414	4107	True	False
OG0003181	RefSeq exception	False	0.80185	1731	True	False
OG0003182	intact	True	0.99048	1995	True	True
OG0003183	invalid ORF: Cx_pallens	False	0.4424	2469	True	False
OG0003185	intact	True	0.95214	1755	True	True
OG0003186	intact	True	0.98002	1101	True	True
OG0003187	invalid ORF: Cx_pipiens	False	0.76413	4008	True	False
OG0003188	intact	True	0.97345	678	True	True
OG0003189	RefSeq exception	False	0.88771	846	True	False
OG0003190	RefSeq exception	False	0.76969	1668	True	False
OG0003191	invalid ORF: Cx_molestus,Cx_pallens,Cx_pipiens	False	0.98722	939	True	False
OG0003192	intact	True	0.97528	1335	True	True
OG0003193	intact	True	0.97163	1128	True	True
OG0003194	intact	True	0.96018	678	True	True
OG0003195	invalid ORF: Cx_pallens	False	0.96461	876	True	False
OG0003196	intact	True	0.97653	9168	True	True
OG0003197	intact	True	0.95788	9093	True	True
OG0003198	intact	True	0.9823	339	True	True
OG0003199	intact	True	0.96174	2643	True	True
OG0003200	intact	True	0.96172	6270	True	True
OG0003201	intact	True	0.98661	672	True	True
OG0003202	invalid ORF: Cx_molestus,Cx_pallens,Cx_pipiens	False	0.97104	4149	True	False
OG0003203	intact	True	0.98769	2112	True	True
OG0003204	intact	True	0.93069	606	True	True
OG0003205	invalid ORF: Cx_pallens	False	0.96491	513	True	False
OG0003206	invalid ORF: Cx_molestus,Cx_pallens,Cx_pipiens	False	0.96209	2004	True	False
OG0003207	intact	True	0.98068	621	True	True
OG0003208	invalid ORF: Cx_molestus,Cx_pallens,Cx_pipiens	False	0.97326	1536	True	False
OG0003209	intact	True	0.96974	2313	True	True
OG0003210	intact	True	0.98475	459	True	True
OG0003211	intact	True	0.96115	489	True	True
OG0003212	intact	True	0.95548	3414	True	True
OG0003213	intact	True	0.97213	2691	True	True
OG0003214	invalid ORF: Cx_molestus	False	0.98329	1077	True	False
OG0003215	intact	True	0.97593	1620	True	True
OG0003216	intact	True	0.97023	1713	True	True
OG0003217	intact	True	0.97895	570	True	True
OG0003218	intact	True	0.95248	1473	True	True
OG0003219	intact	True	0.96114	669	True	True
OG0003220	invalid ORF: Cx_molestus,Cx_pallens,Cx_pipiens	False	0.98937	1317	True	False
OG0003221	intact	True	0.91293	735	True	True
OG0003222	intact	True	0.94233	711	True	True
OG0003223	intact	True	0.95258	717	True	True
OG0003224	invalid ORF: Cx_molestus	False	0.95353	2496	True	False
OG0003225	intact	True	0.97693	3294	True	True
OG0003226	intact	True	0.96036	1110	True	True
OG0003227	invalid ORF: Cx_molestus,Cx_pallens	False	0.87599	1395	True	False
OG0003228	intact	True	0.94341	1926	True	True
OG0003229	intact	True	0.96854	1812	True	True
OG0003230	intact	True	0.96622	1125	True	True
OG0003231	intact	True	0.92473	1860	True	True
OG0003232	intact	True	0.96622	2013	True	True
OG0003233	intact	True	0.94347	1026	True	True
OG0003234	intact	True	0.96223	1059	True	True
OG0003235	intact	True	0.95788	3063	True	True
OG0003236	intact	True	0.8932	624	True	True
OG0003237	intact	True	0.93598	1839	True	True
OG0003238	intact	True	0.97176	3612	True	True
OG0003239	intact	True	0.91017	423	True	True
OG0003240	invalid ORF: Cx_pipiens	False	0.95944	1578	True	False
OG0003241	intact	True	0.93568	1617	True	True
OG0003242	intact	True	0.96398	1527	True	True
OG0003243	intact	True	0.96484	1536	True	True
OG0003244	intact	True	0.95262	1182	True	True
OG0003245	invalid ORF: Cx_pipiens	False	0.9776	1116	True	False
OG0003246	RefSeq exception	False	0.55128	990	True	False
OG0003247	intact	True	1.0	249	True	True
OG0003248	intact	True	0.96596	1704	True	True
OG0003249	intact	True	0.9644	927	True	True
OG0003250	invalid ORF: Cx_pipiens	False	0.96548	2616	True	False
OG0003251	RefSeq exception	False	0.51675	3168	True	False
OG0003252	intact	True	0.96151	1377	True	True
OG0003253	intact	True	0.95903	537	True	True
OG0003254	intact	True	0.97417	813	True	True
OG0003255	intact	True	0.95515	981	True	True
OG0003256	intact	True	0.96373	1296	True	True
OG0003257	intact	True	0.95044	2361	True	True
OG0003258	intact	True	0.94191	723	True	True
OG0003259	intact	True	0.96544	1389	True	True
OG0003260	invalid ORF: Cx_molestus,Cx_pallens	False	0.97804	1275	True	False
OG0003261	intact	True	0.97293	3288	True	True
OG0003262	invalid ORF: Cx_molestus,Cx_pallens	False	0.95164	2991	True	False
OG0003263	invalid ORF: Cx_pipiens	False	0.95398	804	True	False
OG0003264	intact	True	0.95402	435	True	True
OG0003265	invalid ORF: Cx_molestus	False	0.97619	168	True	False
OG0003266	intact	True	0.96353	1179	True	True
OG0003267	invalid ORF: Cx_molestus	False	0.94348	1380	True	False
OG0003268	invalid ORF: Cx_pipiens	False	0.97722	1185	True	False
OG0003269	intact	True	0.98133	1125	True	True
OG0003270	intact	True	0.99296	1137	True	True
OG0003271	intact	True	0.96626	978	True	True
OG0003272	intact	True	0.9486	642	True	True
OG0003273	invalid ORF: Cx_molestus,Cx_pallens,Cx_pipiens	False	0.96252	4311	True	False
OG0003274	intact	True	0.95668	831	True	True
OG0003275	intact	True	0.97768	717	True	True
OG0003276	invalid ORF: Cx_pipiens	False	0.96395	1479	True	False
OG0003277	intact	True	0.96748	615	True	True
OG0003278	invalid ORF: Cx_molestus,Cx_pallens,Cx_pipiens	False	0.96918	2109	True	False
OG0003279	invalid ORF: Cx_molestus,Cx_pallens	False	0.95204	1272	True	False
OG0003280	intact	True	0.96916	843	True	True
OG0003281	invalid ORF: Cx_pallens,Cx_pipiens	False	0.9887	885	True	False
OG0003282	intact	True	0.97585	414	True	True
OG0003283	intact	True	0.93663	789	True	True
OG0003284	intact	True	0.96491	2508	True	True
OG0003285	intact	True	0.96175	2013	True	True
OG0003286	intact	True	0.97037	1080	True	True
OG0003287	invalid ORF: Cx_molestus	False	0.95139	720	True	False
OG0003288	intact	True	0.96641	1578	True	True
OG0003289	intact	True	0.96285	1938	True	True
OG0003290	intact	True	0.96111	900	True	True
OG0003291	intact	True	0.94979	4581	True	True
OG0003292	invalid ORF: Cx_molestus	False	0.96239	3270	True	False
OG0003293	intact	True	0.95714	1470	True	True
OG0003294	intact	True	0.99772	1314	True	True
OG0003295	invalid ORF: Cx_pipiens	False	0.96234	531	True	False
OG0003296	intact	True	0.97406	1041	True	True
OG0003297	intact	True	0.95899	1146	True	True
OG0003298	intact	True	0.95779	1374	True	True
OG0003299	intact	True	0.97281	1140	True	True
OG0003300	intact	True	0.98507	804	True	True
OG0003301	intact	True	0.97414	348	True	True
OG0003302	intact	True	0.98016	252	True	True
OG0003303	invalid ORF: Cx_molestus,Cx_pallens,Cx_pipiens	False	0.94855	1791	True	False
OG0003304	intact	True	0.96679	813	True	True
OG0003305	intact	True	0.95755	801	True	True
OG0003306	intact	True	0.9577	1182	True	True
OG0003307	invalid ORF: Cx_molestus	False	0.61216	1575	True	False
OG0003308	intact	True	0.96203	1317	True	True
OG0003309	intact	True	0.95513	468	True	True
OG0003310	invalid ORF: Cx_molestus,Cx_pipiens	False	0.96667	1452	True	False
OG0003311	intact	True	0.96342	1941	True	True
OG0003312	invalid ORF: Cx_molestus,Cx_pipiens	False	0.93093	999	True	False
OG0003313	invalid ORF: Cx_pipiens	False	0.97608	1338	True	False
OG0003314	intact	True	0.98035	1527	True	True
OG0003315	intact	True	0.96667	360	True	True
OG0003316	invalid ORF: Cx_pallens	False	0.97082	903	True	False
OG0003317	intact	True	0.96897	870	True	True
OG0003318	intact	True	0.98068	1038	True	True
OG0003319	intact	True	0.96795	1248	True	True
OG0003320	intact	True	0.95756	1461	True	True
OG0003321	intact	True	0.97689	1125	True	True
OG0003322	intact	True	0.98866	1323	True	True
OG0003323	invalid ORF: Cx_molestus	False	0.90856	4083	True	False
OG0003324	intact	True	0.97149	456	True	True
OG0003325	intact	True	0.93734	399	True	True
OG0003326	invalid ORF: Cx_pipiens	False	0.97325	3900	True	False
OG0003327	intact	True	0.95833	456	True	True
OG0003328	intact	True	0.9705	339	True	True
OG0003329	invalid ORF: Cx_pipiens	False	0.52083	1932	True	False
OG0003330	intact	True	0.96739	4170	True	True
OG0003331	intact	True	0.94372	693	True	True
OG0003332	intact	True	0.97317	1230	True	True
OG0003333	intact	True	0.9917	843	True	True
OG0003334	intact	True	0.96501	3915	True	True
OG0003335	intact	True	0.96529	1527	True	True
OG0003336	intact	True	0.97919	2790	True	True
OG0003337	intact	True	0.99038	312	True	True
OG0003338	intact	True	0.96412	3261	True	True
OG0003339	intact	True	0.95005	993	True	True
OG0003340	invalid ORF: Cx_molestus,Cx_pallens,Cx_pipiens	False	0.92457	411	True	False
OG0003341	invalid ORF: Cx_molestus,Cx_pallens,Cx_pipiens	False	0.92966	654	True	False
OG0003342	intact	True	0.9717	318	True	True
OG0003343	invalid ORF: Cx_molestus,Cx_pipiens	False	0.95783	1611	True	False
OG0003344	intact	True	0.99465	1122	True	True
OG0003345	intact	True	0.98663	1122	True	True
OG0003346	intact	True	0.95182	1266	True	True
OG0003347	invalid ORF: Cx_pipiens	False	0.7633	1128	True	False
OG0003348	intact	True	0.96983	2685	True	True
OG0003349	intact	True	0.97403	462	True	True
OG0003350	intact	True	0.95717	1401	True	True
OG0003351	intact	True	0.97356	2421	True	True
OG0003352	intact	True	0.98935	1596	True	True
OG0003353	intact	True	0.96561	1512	True	True
OG0003354	invalid ORF: Cx_molestus	False	0.95586	2175	True	False
OG0003355	invalid ORF: Cx_molestus,Cx_pallens,Cx_pipiens	False	0.96333	900	True	False
OG0003356	intact	True	0.98253	2976	True	True
OG0003357	intact	True	0.98405	1257	True	True
OG0003358	intact	True	0.94368	1971	True	True
OG0003359	intact	True	0.9693	456	True	True
OG0003360	intact	True	0.96858	732	True	True
OG0003361	intact	True	0.94723	1857	True	True
OG0003362	invalid ORF: Cx_molestus,Cx_pallens,Cx_pipiens	False	0.96779	714	True	False
OG0003363	intact	True	0.97835	231	True	True
OG0003364	intact	True	0.96315	4239	True	True
OG0003365	intact	True	0.96097	2511	True	True
OG0003366	invalid ORF: Cx_pallens,Cx_pipiens	False	0.95808	1002	True	False
OG0003367	intact	True	0.96976	4101	True	True
OG0003368	invalid ORF: Cx_molestus	False	0.9896	2505	True	False
OG0003369	intact	True	0.9713	906	True	True
OG0003370	intact	True	0.97978	4500	True	True
OG0003371	intact	True	0.96715	1461	True	True
OG0003372	intact	True	0.95951	1803	True	True
OG0003373	invalid ORF: Cx_pipiens	False	0.96455	1467	True	False
OG0003374	intact	True	0.95862	2175	True	True
OG0003375	intact	True	0.96799	6780	True	True
OG0003376	intact	True	0.97608	1965	True	True
OG0003377	partial reference model	False	0.9915	1530	True	False
OG0003378	intact	True	0.9697	2574	True	True
OG0003379	invalid ORF: Cx_molestus	False	0.96512	4071	True	False
OG0003380	intact	True	0.98848	1395	True	True
OG0003381	intact	True	0.98077	936	True	True
OG0003382	intact	True	1.0	243	True	True
OG0003383	intact	True	0.96169	1836	True	True
OG0003384	intact	True	0.95443	2436	True	True
OG0003385	intact	True	0.96223	1059	True	True
OG0003386	intact	True	0.99052	2532	True	True
OG0003387	intact	True	0.98246	627	True	True
OG0003388	intact	True	0.96438	1185	True	True
OG0003389	intact	True	0.9512	4734	True	True
OG0003390	intact	True	0.95962	1164	True	True
OG0003391	invalid ORF: Cx_molestus,Cx_pallens,Cx_pipiens	False	0.97125	1461	True	False
OG0003392	intact	True	0.96547	666	True	True
OG0003393	intact	True	0.98221	1068	True	True
OG0003394	intact	True	0.96573	642	True	True
OG0003395	RefSeq exception	False	0.4534	2679	True	False
OG0003396	intact	True	0.95353	1248	True	True
OG0003397	intact	True	0.93245	1830	True	True
OG0003398	intact	True	0.97279	2352	True	True
OG0003399	intact	True	0.96992	402	True	True
OG0003400	invalid ORF: Cx_molestus,Cx_pallens,Cx_pipiens	False	0.35874	2094	True	False
OG0003401	intact	True	0.98459	1557	True	True
OG0003402	intact	True	0.99105	447	True	True
OG0003403	intact	True	0.9809	576	True	True
OG0003404	invalid ORF: Cx_molestus,Cx_pallens,Cx_pipiens	False	0.93933	1368	True	False
OG0003405	intact	True	0.95807	477	True	True
OG0003406	intact	True	0.96547	5601	True	True
OG0003407	intact	True	0.96222	2418	True	True
OG0003408	intact	True	0.97436	234	True	True
OG0003409	intact	True	0.967	303	True	True
OG0003410	intact	True	0.94612	1095	True	True
OG0003411	intact	True	0.9518	5622	True	True
OG0003412	invalid ORF: Cx_pallens	False	0.93571	420	True	False
OG0003413	invalid ORF: Cx_molestus,Cx_pallens,Cx_pipiens	False	0.95588	4176	True	False
OG0003414	intact	True	0.97204	1791	True	True
OG0003415	intact	True	0.94259	2622	True	True
OG0003416	intact	True	0.95942	3333	True	True
OG0003417	intact	True	0.96093	1638	True	True
OG0003418	intact	True	0.98469	588	True	True
OG0003419	intact	True	0.9433	1746	True	True
OG0003420	intact	True	0.99751	402	True	True
OG0003421	intact	True	0.97709	2313	True	True
OG0003422	invalid ORF: Cx_pipiens	False	0.98611	432	True	False
OG0003423	invalid ORF: Cx_molestus,Cx_pallens,Cx_pipiens	False	0.97963	1080	True	False
OG0003424	intact	True	0.94375	4782	True	True
OG0003425	intact	True	0.95249	1347	True	True
OG0003426	intact	True	0.98071	936	True	True
OG0003427	intact	True	0.97937	630	True	True
OG0003428	intact	True	0.98671	978	True	True
OG0003429	invalid ORF: Cx_molestus,Cx_pallens,Cx_pipiens	False	0.99097	1329	True	False
OG0003430	invalid ORF: Cx_pipiens	False	0.96405	5535	True	False
OG0003431	intact	True	0.94398	1803	True	True
OG0003432	intact	True	0.96612	915	True	True
OG0003433	intact	True	0.97774	2022	True	True
OG0003434	invalid ORF: Cx_pipiens	False	0.98008	753	True	False
OG0003435	intact	True	0.99078	651	True	True
OG0003436	intact	True	0.9619	1473	True	True
OG0003437	invalid ORF: Cx_molestus,Cx_pallens,Cx_pipiens	False	0.9737	2205	True	False
OG0003438	intact	True	0.92593	297	True	True
OG0003439	invalid ORF: Cx_molestus,Cx_pallens,Cx_pipiens	False	0.95497	1983	True	False
OG0003440	intact	True	0.97551	1554	True	True
OG0003441	intact	True	0.97642	3774	True	True
OG0003442	intact	True	0.97378	807	True	True
OG0003443	intact	True	0.9654	2940	True	True
OG0003444	intact	True	0.95341	1245	True	True
OG0003446	intact	True	0.96533	3405	True	True
OG0003447	intact	True	0.99792	480	True	True
OG0003448	intact	True	0.96467	651	True	True
OG0003449	intact	True	0.96825	1071	True	True
OG0003450	invalid ORF: Cx_pipiens	False	0.96284	915	True	False
OG0003451	intact	True	0.97446	2232	True	True
OG0003452	intact	True	0.97179	2694	True	True
OG0003453	invalid ORF: Cx_molestus	False	0.98176	15351	True	False
OG0003454	invalid ORF: Cx_pallens	False	0.81982	4239	True	False
OG0003455	intact	True	0.98877	3294	True	True
OG0003456	invalid ORF: Cx_molestus,Cx_pipiens	False	0.95854	1308	True	False
OG0003457	invalid ORF: Cx_molestus,Cx_pipiens	False	0.912	1887	True	False
OG0003458	invalid ORF: Cx_molestus	False	0.49877	2124	True	False
OG0003459	intact	True	0.96914	486	True	True
OG0003460	intact	True	0.97877	1413	True	True
OG0003461	intact	True	0.98369	981	True	True
OG0003462	invalid ORF: Cx_pipiens	False	0.94896	963	True	False
OG0003463	invalid ORF: Cx_pallens	False	0.96888	2217	True	False
OG0003464	invalid ORF: Cx_molestus,Cx_pallens,Cx_pipiens	False	0.89463	5463	True	False
OG0003465	intact	True	0.9939	492	True	True
OG0003466	intact	True	0.97849	1860	True	True
OG0003467	invalid ORF: Cx_molestus,Cx_pallens,Cx_pipiens	False	0.91899	1707	True	False
OG0003468	invalid ORF: Cx_pallens	False	0.99625	267	True	False
OG0003469	intact	True	0.96698	2211	True	True
OG0003470	intact	True	0.97679	1422	True	True
OG0003471	intact	True	0.97331	2136	True	True
OG0003472	intact	True	0.97091	15264	True	True
OG0003473	intact	True	0.99651	573	True	True
OG0003474	intact	True	0.96296	1242	True	True
OG0003475	intact	True	0.97868	891	True	True
OG0003476	intact	True	0.97208	1182	True	True
OG0003477	intact	True	0.97266	951	True	True
OG0003478	intact	True	0.98659	2163	True	True
OG0003479	intact	True	0.96102	2463	True	True
OG0003480	intact	True	0.96302	1947	True	True
OG0003481	invalid ORF: Cx_molestus,Cx_pipiens	False	0.95788	894	True	False
OG0003482	intact	True	0.97579	1074	True	True
OG0003483	intact	True	0.98987	987	True	True
OG0003484	intact	True	0.97009	1839	True	True
OG0003485	intact	True	0.97487	1194	True	True
OG0003486	intact	True	0.96051	1899	True	True
OG0003487	intact	True	0.96622	2220	True	True
OG0003488	intact	True	0.9686	414	True	True
OG0003489	intact	True	0.9619	1785	True	True
OG0003490	intact	True	0.95716	1167	True	True
OG0003491	intact	True	0.96774	279	True	True
OG0003492	invalid ORF: Cx_molestus,Cx_pallens,Cx_pipiens	False	0.4819	1491	True	False
OG0003493	intact	True	0.97575	1608	True	True
OG0003494	invalid ORF: Cx_molestus	False	0.94896	3213	True	False
OG0003495	intact	True	0.94979	717	True	True
OG0003496	intact	True	0.97262	1461	True	True
OG0003497	intact	True	0.98286	1050	True	True
OG0003498	invalid ORF: Cx_molestus	False	0.97872	141	False	False
OG0003499	intact	True	0.98098	1209	True	True
OG0003500	intact	True	0.97111	450	True	True
OG0003501	invalid ORF: Cx_molestus	False	0.96375	2124	True	False
OG0003502	intact	True	0.97451	2079	True	True
OG0003503	intact	True	0.98995	597	True	True
OG0003504	intact	True	0.97233	759	True	True
OG0003505	intact	True	0.9935	615	True	True
OG0003506	invalid ORF: Cx_molestus,Cx_pallens	False	0.96182	6888	True	False
OG0003507	invalid ORF: Cx_molestus	False	0.96269	402	True	False
OG0003508	RefSeq exception	False	0.69524	2397	True	False
OG0003509	intact	True	0.98692	1758	True	True
OG0003510	intact	True	0.96357	4392	True	True
OG0003511	invalid ORF: Cx_molestus	False	0.95402	864	True	False
OG0003512	invalid ORF: Cx_molestus,Cx_pallens,Cx_pipiens	False	0.97175	708	True	False
OG0003513	intact	True	0.96878	1794	True	True
OG0003514	invalid ORF: Cx_molestus,Cx_pallens	False	0.94747	990	True	False
OG0003515	intact	True	0.96201	2457	True	True
OG0003516	invalid ORF: Cx_pipiens	False	0.9773	1806	True	False
OG0003517	intact	True	0.95705	3213	True	True
OG0003518	intact	True	0.98437	3711	True	True
OG0003519	invalid ORF: Cx_molestus,Cx_pallens,Cx_pipiens	False	0.94631	462	True	False
OG0003520	intact	True	0.97696	2691	True	True
OG0003521	intact	True	0.94689	546	True	True
OG0003522	intact	True	0.98434	1533	True	True
OG0003523	intact	True	0.98844	1125	True	True
OG0003524	intact	True	0.97056	1800	True	True
OG0003525	intact	True	0.96853	699	True	True
OG0003526	intact	True	0.975	1560	True	True
OG0003527	intact	True	0.95484	930	True	True
OG0003528	intact	True	0.97755	4767	True	True
OG0003529	intact	True	0.98765	567	True	True
OG0003530	intact	True	0.96609	3981	True	True
OG0003531	intact	True	0.96673	1503	True	True
OG0003532	intact	True	0.96128	1653	True	True
OG0003533	intact	True	0.96372	1461	True	True
OG0003534	intact	True	0.98439	1281	True	True
OG0003535	invalid ORF: Cx_pallens	False	0.97797	1725	True	False
OG0003536	intact	True	0.96136	1320	True	True
OG0003537	intact	True	0.97479	357	True	True
OG0003538	intact	True	0.98645	738	True	True
OG0003539	intact	True	0.98872	798	True	True
OG0003540	intact	True	0.978	921	True	True
OG0003541	intact	True	0.98505	1137	True	True
OG0003542	intact	True	0.9841	2085	True	True
OG0003543	intact	True	0.98714	1788	True	True
OG0003544	invalid ORF: Cx_pallens	False	0.9408	6189	True	False
OG0003545	intact	True	0.95652	1656	True	True
OG0003546	invalid ORF: Cx_pallens,Cx_pipiens	False	0.97238	1593	True	False
OG0003547	intact	True	0.96091	486	True	True
OG0003548	intact	True	0.97158	2745	True	True
OG0003549	intact	True	0.97531	567	True	True
OG0003550	RefSeq exception	False	0.53281	1827	True	False
OG0003551	intact	True	0.95331	771	True	True
OG0003552	intact	True	0.96721	915	True	True
OG0003553	intact	True	0.96481	1563	True	True
OG0003554	intact	True	0.95965	1611	True	True
OG0003555	intact	True	0.95907	2028	True	True
OG0003556	invalid ORF: Cx_pallens,Cx_pipiens	False	0.98232	396	True	False
OG0003557	intact	True	0.95477	597	True	True
OG0003558	invalid ORF: Cx_molestus,Cx_pallens,Cx_pipiens	False	0.92293	1038	True	False
OG0003559	invalid ORF: Cx_molestus,Cx_pallens	False	0.46604	5193	True	False
OG0003560	invalid ORF: Cx_molestus,Cx_pipiens	False	0.98723	705	True	False
OG0003561	intact	True	0.97062	885	True	True
OG0003562	intact	True	0.96766	804	True	True
OG0003563	intact	True	0.93709	1065	True	True
OG0003564	intact	True	0.97165	4197	True	True
OG0003565	intact	True	0.95047	1317	True	True
OG0003566	intact	True	0.96071	3741	True	True
OG0003567	intact	True	0.95648	2160	True	True
OG0003568	RefSeq exception	False	0.66913	930	True	False
OG0003569	intact	True	0.97155	2355	True	True
OG0003570	intact	True	0.98462	4875	True	True
OG0003571	invalid ORF: Cx_molestus,Cx_pallens,Cx_pipiens	False	0.97554	1104	True	False
OG0003572	intact	True	0.95856	555	True	True
OG0003573	intact	True	0.97765	3042	True	True
OG0003574	intact	True	0.98854	1134	True	True
OG0003575	RefSeq exception	False	0.46207	2982	True	False
OG0003576	invalid ORF: Cx_molestus,Cx_pallens,Cx_pipiens	False	0.96032	630	True	False
OG0003577	intact	True	0.97849	1209	True	True
OG0003578	intact	True	0.98698	384	True	True
OG0003579	invalid ORF: Cx_molestus,Cx_pallens,Cx_pipiens	False	0.98166	2781	True	False
OG0003580	RefSeq exception	False	0.95434	1395	True	False
OG0003581	intact	True	0.98676	1284	True	True
OG0003582	intact	True	0.98236	1077	True	True
OG0003583	invalid ORF: Cx_molestus,Cx_pallens,Cx_pipiens	False	0.98188	1104	True	False
OG0003584	intact	True	0.99764	423	True	True
OG0003585	intact	True	0.97603	1335	True	True
OG0003586	intact	True	0.97743	2304	True	True
OG0003587	intact	True	0.98208	2790	True	True
OG0003588	invalid ORF: Cx_molestus	False	0.97204	465	True	False
OG0003589	intact	True	0.9922	1539	True	True
OG0003590	RefSeq exception	False	0.69671	2421	True	False
OG0003591	intact	True	0.98169	1311	True	True
OG0003592	intact	True	0.98949	666	True	True
OG0003593	intact	True	0.97859	327	True	True
OG0003594	intact	True	0.9636	1566	True	True
OG0003595	invalid ORF: Cx_pipiens	False	0.44921	2250	True	False
OG0003596	intact	True	0.96601	765	True	True
OG0003597	intact	True	0.9799	2139	True	True
OG0003598	invalid ORF: Cx_molestus,Cx_pallens,Cx_pipiens	False	0.9756	3174	True	False
OG0003599	intact	True	0.98718	1482	True	True
OG0003600	intact	True	0.96986	564	True	True
OG0003601	RefSeq exception	False	0.56327	2331	True	False
OG0003602	intact	True	0.98771	1221	True	True
OG0003603	intact	True	0.9652	1293	True	True
OG0003604	intact	True	0.98121	1437	True	True
OG0003605	intact	True	0.98148	702	True	True
OG0003606	invalid ORF: Cx_pipiens	False	0.97595	582	True	False
OG0003607	intact	True	0.97557	573	True	True
OG0003608	RefSeq exception	False	0.56003	6141	True	False
OG0003609	intact	True	0.98479	2958	True	True
OG0003610	intact	True	0.98851	870	True	True
OG0003611	intact	True	0.96875	672	True	True
OG0003612	intact	True	0.91919	396	True	True
OG0003613	intact	True	0.97491	558	True	True
OG0003614	intact	True	0.96892	2703	True	True
OG0003615	intact	True	0.98458	1167	True	True
OG0003616	invalid ORF: Cx_molestus,Cx_pallens,Cx_pipiens	False	0.9464	3858	True	False
OG0003617	intact	True	0.97903	906	True	True
OG0003618	invalid ORF: Cx_molestus	False	0.51647	1428	True	False
OG0003619	intact	True	0.98573	2313	True	True
OG0003620	intact	True	0.97158	915	True	True
OG0003621	intact	True	0.94737	228	True	True
OG0003622	invalid ORF: Cx_pallens	False	0.97906	2817	True	False
OG0003623	invalid ORF: Cx_molestus	False	0.96735	1317	True	False
OG0003624	intact	True	0.97968	3414	True	True
OG0003625	intact	True	0.96303	1569	True	True
OG0003626	invalid ORF: Cx_molestus,Cx_pallens,Cx_pipiens	False	0.96612	738	True	False
OG0003627	intact	True	0.96212	2772	True	True
OG0003628	intact	True	0.98621	3777	True	True
OG0003629	intact	True	0.95566	2010	True	True
OG0003630	intact	True	0.97087	1476	True	True
OG0003631	invalid ORF: Cx_molestus	False	0.49409	1899	True	False
OG0003632	intact	True	0.96477	738	True	True
OG0003633	invalid ORF: Cx_pallens,Cx_pipiens	False	0.45425	8331	True	False
OG0003634	intact	True	0.96255	2403	True	True
OG0003635	intact	True	0.9685	984	True	True
OG0003636	intact	True	0.96552	957	True	True
OG0003637	intact	True	0.96978	1092	True	True
OG0003638	intact	True	0.97698	2997	True	True
OG0003639	intact	True	0.97667	300	True	True
OG0003640	intact	True	0.97693	1344	True	True
OG0003641	invalid ORF: Cx_pallens	False	0.39526	1497	True	False
OG0003642	intact	True	0.99369	951	True	True
OG0003643	intact	True	0.96267	1527	True	True
OG0003644	invalid ORF: Cx_pipiens	False	0.97045	3969	True	False
OG0003645	intact	True	0.9375	1632	True	True
OG0003646	intact	True	0.95833	360	True	True
OG0003647	intact	True	0.95852	2031	True	True
OG0003648	intact	True	0.96988	1959	True	True
OG0003649	intact	True	0.97143	945	True	True
OG0003650	intact	True	0.93621	2085	True	True
OG0003651	intact	True	0.96728	1314	True	True
OG0003652	invalid ORF: Cx_pipiens	False	0.87217	4869	True	False
OG0003653	invalid ORF: Cx_molestus	False	0.96108	3009	True	False
OG0003654	intact	True	0.96612	2538	True	True
OG0003655	invalid ORF: Cx_pipiens	False	0.97031	1482	True	False
OG0003656	intact	True	0.94674	3849	True	True
OG0003657	invalid ORF: Cx_molestus,Cx_pipiens	False	0.58088	1632	True	False
OG0003658	invalid ORF: Cx_pallens	False	0.61131	1752	True	False
OG0003659	intact	True	0.96059	1845	True	True
OG0003660	invalid ORF: Cx_molestus	False	0.98397	312	True	False
OG0003661	intact	True	0.97167	2262	True	True
OG0003662	intact	True	0.96446	1869	True	True
OG0003663	invalid ORF: Cx_pallens	False	0.95383	2166	True	False
OG0003664	invalid ORF: Cx_molestus	False	0.96688	3351	True	False
OG0003665	intact	True	0.96327	735	True	True
OG0003666	intact	True	0.95067	669	True	True
OG0003667	intact	True	0.96419	6591	True	True
OG0003668	intact	True	0.94226	2061	True	True
OG0003669	intact	True	0.96416	3348	True	True
OG0003670	intact	True	0.96894	3390	True	True
OG0003671	intact	True	0.95135	3063	True	True
OG0003672	intact	True	0.97191	3951	True	True
OG0003673	intact	True	0.9673	948	True	True
OG0003674	intact	True	0.96879	6123	True	True
OG0003675	invalid ORF: Cx_molestus	False	0.95963	1944	True	False
OG0003676	intact	True	0.95414	2115	True	True
OG0003677	invalid ORF: Cx_molestus,Cx_pallens,Cx_pipiens	False	0.98421	2280	True	False
OG0003678	intact	True	0.9845	516	True	True
OG0003679	invalid ORF: Cx_molestus,Cx_pallens,Cx_pipiens	False	0.9115	678	True	False
OG0003681	invalid ORF: Cx_pipiens	False	0.97234	1446	True	False
OG0003682	invalid ORF: Cx_molestus	False	0.98667	825	True	False
OG0003683	intact	True	0.95964	1539	True	True
OG0003684	RefSeq exception	False	0.67363	4557	True	False
OG0003685	RefSeq exception	False	0.52066	843	True	False
OG0003686	intact	True	0.96094	768	True	True
OG0003687	intact	True	0.96433	4317	True	True
OG0003688	intact	True	0.96129	465	True	True
OG0003689	RefSeq exception	False	0.37156	1713	True	False
OG0003690	invalid ORF: Cx_molestus,Cx_pallens,Cx_pipiens	False	0.63129	4770	True	False
OG0003691	invalid ORF: Cx_pallens	False	0.9708	3528	True	False
OG0003692	invalid ORF: Cx_molestus	False	0.96209	3402	True	False
OG0003693	intact	True	0.92105	342	True	True
OG0003694	intact	True	0.97222	3027	True	True
OG0003695	intact	True	0.95822	1101	True	True
OG0003696	invalid ORF: Cx_pipiens	False	0.95098	1224	True	False
OG0003697	intact	True	0.9761	795	True	True
OG0003698	intact	True	0.97063	2928	True	True
OG0003699	intact	True	0.97059	306	True	True
OG0003700	intact	True	0.98319	357	True	True
OG0003701	invalid ORF: Cx_pipiens	False	0.975	402	True	False
OG0003702	intact	True	0.97694	2001	True	True
OG0003703	invalid ORF: Cx_pallens,Cx_pipiens	False	0.96667	1593	True	False
OG0003704	intact	True	0.96045	708	True	True
OG0003705	invalid ORF: Cx_pallens,Cx_pipiens	False	0.97047	3558	True	False
OG0003706	invalid ORF: Cx_pipiens	False	0.96429	168	True	False
OG0003707	intact	True	0.99151	471	True	True
OG0003708	intact	True	0.95093	1284	True	True
OG0003709	intact	True	0.96734	1041	True	True
OG0003710	invalid ORF: Cx_pallens	False	0.32367	2232	True	False
OG0003711	intact	True	0.95437	1800	True	True
OG0003712	intact	True	0.9755	2574	True	True
OG0003713	intact	True	0.95753	1083	True	True
OG0003714	intact	True	0.98653	891	True	True
OG0003715	intact	True	0.94673	5790	True	True
OG0003716	invalid ORF: Cx_molestus,Cx_pipiens	False	0.97929	2250	True	False
OG0003717	intact	True	0.96637	4341	True	True
OG0003718	intact	True	0.95885	243	True	True
OG0003719	intact	True	0.95985	1071	True	True
OG0003720	intact	True	0.95599	1545	True	True
OG0003721	invalid ORF: Cx_pipiens	False	0.96688	1872	True	False
OG0003722	intact	True	0.93511	786	True	True
OG0003723	intact	True	0.95597	636	True	True
OG0003724	RefSeq exception	False	0.39308	1482	True	False
OG0003725	invalid ORF: Cx_pipiens	False	0.96232	5679	True	False
OG0003726	intact	True	0.96919	3798	True	True
OG0003727	invalid ORF: Cx_pipiens	False	0.92688	465	True	False
OG0003728	intact	True	0.94878	1191	True	True
OG0003729	intact	True	0.97531	972	True	True
OG0003730	intact	True	0.96024	4854	True	True
OG0003731	RefSeq exception	False	0.78279	792	True	False
OG0003732	intact	True	0.98007	1656	True	True
OG0003733	invalid ORF: Cx_molestus,Cx_pallens,Cx_pipiens	False	0.40444	1044	True	False
OG0003734	intact	True	0.95511	2874	True	True
OG0003735	invalid ORF: Cx_molestus,Cx_pallens,Cx_pipiens	False	0.73874	1320	True	False
OG0003736	intact	True	0.97126	1392	True	True
OG0003737	invalid ORF: Cx_pipiens	False	0.98117	531	True	False
OG0003738	invalid ORF: Cx_pallens,Cx_pipiens	False	1.0	123	False	False
OG0003739	intact	True	0.96958	3747	True	True
OG0003740	intact	True	0.95893	2292	True	True
OG0003741	intact	True	0.95849	795	True	True
OG0003742	intact	True	0.96469	963	True	True
OG0003743	intact	True	0.94872	1404	True	True
OG0003744	RefSeq exception	False	0.71367	1941	True	False
OG0003745	RefSeq exception	False	0.64321	2091	True	False
OG0003746	intact	True	0.98491	729	True	True
OG0003747	intact	True	0.95873	2574	True	True
OG0003748	intact	True	0.979	381	True	True
OG0003749	intact	True	0.94001	1467	True	True
OG0003750	invalid ORF: Cx_pallens	False	0.9808	3753	True	False
OG0003751	intact	True	0.97031	1509	True	True
OG0003752	invalid ORF: Cx_pallens	False	0.3892	2745	True	False
OG0003753	intact	True	0.98718	234	True	True
OG0003754	invalid ORF: Cx_pallens	False	0.97292	1920	True	False
OG0003755	intact	True	0.95928	10338	True	True
OG0003756	invalid ORF: Cx_molestus	False	0.95662	1383	True	False
OG0003757	intact	True	0.97909	2535	True	True
OG0003758	invalid ORF: Cx_molestus	False	0.995	600	True	False
OG0003759	intact	True	0.96154	546	True	True
OG0003760	invalid ORF: Cx_pipiens	False	0.95708	5079	True	False
OG0003761	intact	True	0.95849	1638	True	True
OG0003762	intact	True	0.96252	2010	True	True
OG0003763	intact	True	0.9697	891	True	True
OG0003764	intact	True	0.97065	954	True	True
OG0003765	intact	True	0.98301	765	True	True
OG0003766	intact	True	0.9565	2184	True	True
OG0003767	invalid ORF: Cx_molestus	False	0.96213	2271	True	False
OG0003768	intact	True	0.95257	2256	True	True
OG0003769	intact	True	0.95848	1686	True	True
OG0003770	intact	True	0.96208	2136	True	True
OG0003771	intact	True	0.95612	1527	True	True
OG0003772	intact	True	0.97556	1350	True	True
OG0003773	invalid ORF: Cx_molestus	False	0.98185	1653	True	False
OG0003774	invalid ORF: Cx_pallens	False	0.96951	4920	True	False
OG0003775	intact	True	0.96816	1539	True	True
OG0003776	invalid ORF: Cx_pallens,Cx_pipiens	False	0.9594	1059	True	False
OG0003777	invalid ORF: Cx_pipiens	False	0.99435	354	True	False
OG0003778	intact	True	0.98501	1134	True	True
OG0003779	intact	True	0.97225	3315	True	True
OG0003780	intact	True	0.95872	1599	True	True
OG0003781	invalid ORF: Cx_molestus,Cx_pallens,Cx_pipiens	False	0.97067	750	True	False
OG0003782	intact	True	0.9697	363	True	True
OG0003783	intact	True	0.95826	1701	True	True
OG0003784	invalid ORF: Cx_molestus,Cx_pipiens	False	0.89919	744	True	False
OG0003785	intact	True	0.97531	2430	True	True
OG0003786	invalid ORF: Cx_molestus,Cx_pallens,Cx_pipiens	False	0.9542	4137	True	False
OG0003787	intact	True	0.96957	690	True	True
OG0003788	invalid ORF: Cx_pallens,Cx_pipiens	False	0.94537	1560	True	False
OG0003789	intact	True	0.98037	2706	True	True
OG0003790	RefSeq exception	False	0.91624	1767	True	False
OG0003791	intact	True	0.97201	5397	True	True
OG0003792	intact	True	0.9563	1167	True	True
OG0003793	intact	True	0.98079	885	True	True
OG0003794	intact	True	0.96136	3753	True	True
OG0003795	intact	True	0.96995	366	True	True
OG0003796	invalid ORF: Cx_pallens	False	0.97317	1491	True	False
OG0003797	invalid ORF: Cx_molestus	False	0.79778	5946	True	False
OG0003798	invalid ORF: Cx_pipiens	False	0.95919	2034	True	False
OG0003799	invalid ORF: Cx_molestus,Cx_pallens	False	0.9761	7002	True	False
OG0003800	intact	True	0.96631	564	True	True
OG0003801	intact	True	0.96975	1851	True	True
OG0003802	invalid ORF: Cx_molestus,Cx_pallens,Cx_pipiens	False	0.98978	1272	True	False
OG0003803	intact	True	0.9791	4797	True	True
OG0003804	intact	True	0.98662	1644	True	True
OG0003805	intact	True	0.9955	444	True	True
OG0003806	intact	True	0.97962	834	True	True
OG0003807	intact	True	0.9576	1368	True	True
OG0003808	intact	True	0.97895	2280	True	True
OG0003809	intact	True	0.97778	1170	True	True
OG0003810	intact	True	0.95966	471	True	True
OG0003811	intact	True	0.97007	2406	True	True
OG0003812	invalid ORF: Cx_pallens	False	0.91476	2676	True	False
OG0003813	intact	True	0.99078	651	True	True
OG0003814	invalid ORF: Cx_molestus	False	0.97126	870	True	False
OG0003815	intact	True	0.97181	3477	True	True
OG0003816	intact	True	0.96544	1725	True	True
OG0003817	intact	True	0.97104	1692	True	True
OG0003818	intact	True	0.97368	456	True	True
OG0003819	intact	True	0.97309	669	True	True
OG0003820	intact	True	0.95084	834	True	True
OG0003821	invalid ORF: Cx_pallens	False	0.96579	1185	True	False
OG0003822	intact	True	0.97092	2373	True	True
OG0003823	intact	True	0.98176	3408	True	True
OG0003824	intact	True	0.98749	1839	True	True
OG0003825	intact	True	0.97531	1296	True	True
OG0003826	intact	True	0.95139	720	True	True
OG0003827	invalid ORF: Cx_pipiens	False	0.97179	3498	True	False
OG0003828	intact	True	0.98704	1929	True	True
OG0003829	invalid ORF: Cx_pallens	False	0.98881	804	True	False
OG0003830	intact	True	0.96859	11175	True	True
OG0003831	intact	True	0.9746	630	True	True
OG0003832	invalid ORF: Cx_pipiens	False	0.98485	264	True	False
OG0003833	invalid ORF: Cx_molestus,Cx_pallens,Cx_pipiens	False	0.94614	2562	True	False
OG0003834	intact	True	0.9788	3207	True	True
OG0003835	intact	True	0.95881	2088	True	True
OG0003836	intact	True	0.98718	1170	True	True
OG0003837	intact	True	0.9798	1287	True	True
OG0003838	intact	True	0.98263	1842	True	True
OG0003839	intact	True	0.96734	1194	True	True
OG0003840	invalid ORF: Cx_pipiens	False	0.9779	1674	True	False
OG0003841	invalid ORF: Cx_molestus,Cx_pipiens	False	0.9543	600	True	False
OG0003842	intact	True	0.94872	624	True	True
OG0003843	intact	True	0.91425	723	True	True
OG0003844	intact	True	0.98123	4689	True	True
OG0003845	invalid ORF: Cx_molestus,Cx_pallens,Cx_pipiens	False	0.8866	1164	True	False
OG0003846	intact	True	0.99219	384	True	True
OG0003848	intact	True	0.97798	3996	True	True
OG0003849	intact	True	0.95026	945	True	True
OG0003850	intact	True	0.9576	4764	True	True
OG0003851	intact	True	0.95564	834	True	True
OG0003852	intact	True	0.98667	1650	True	True
OG0003853	intact	True	0.97629	2826	True	True
OG0003854	intact	True	0.97222	468	True	True
OG0003855	intact	True	0.9868	303	True	True
OG0003856	intact	True	0.94605	1038	True	True
OG0003857	intact	True	0.96801	1188	True	True
OG0003858	intact	True	0.96855	1116	True	True
OG0003859	intact	True	0.97913	1725	True	True
OG0003860	intact	True	0.97999	1449	True	True
OG0003861	intact	True	0.97347	867	True	True
OG0003862	intact	True	0.97373	609	True	True
OG0003863	invalid ORF: Cx_pallens,Cx_pipiens	False	0.97061	1599	True	False
OG0003864	invalid ORF: Cx_pipiens	False	0.96627	1038	True	False
OG0003865	intact	True	0.97585	828	True	True
OG0003866	intact	True	0.99474	570	True	True
OG0003867	intact	True	0.96138	492	True	True
OG0003868	intact	True	0.98379	987	True	True
OG0003869	invalid ORF: Cx_molestus,Cx_pallens	False	0.35832	8493	True	False
OG0003870	intact	True	0.97577	1197	True	True
OG0003871	invalid ORF: Cx_pipiens	False	0.93594	843	True	False
OG0003872	intact	True	0.9587	1707	True	True
OG0003873	RefSeq exception	False	0.78874	2892	True	False
OG0003874	intact	True	0.97428	2799	True	True
OG0003875	intact	True	0.9499	1437	True	True
OG0003876	intact	True	0.97045	2910	True	True
OG0003877	intact	True	0.98804	1254	True	True
OG0003878	invalid ORF: Cx_molestus	False	0.76892	1575	True	False
OG0003879	invalid ORF: Cx_molestus,Cx_pallens,Cx_pipiens	False	0.95299	468	True	False
OG0003880	invalid ORF: Cx_molestus,Cx_pipiens	False	0.97693	1473	True	False
OG0003881	intact	True	0.95588	816	True	True
OG0003882	intact	True	0.97436	741	True	True
OG0003883	RefSeq exception	False	0.40476	687	True	False
OG0003884	intact	True	0.96832	2304	True	True
OG0003885	invalid ORF: Cx_molestus,Cx_pallens,Cx_pipiens	False	0.41199	360	True	False
OG0003886	intact	True	0.95827	1845	True	True
OG0003887	intact	True	0.97343	414	True	True
OG0003888	intact	True	0.96338	3726	True	True
OG0003889	intact	True	0.96464	4242	True	True
OG0003890	intact	True	0.97991	1593	True	True
OG0003891	intact	True	0.97272	843	True	True
OG0003892	intact	True	0.97162	1656	True	True
OG0003893	intact	True	0.96219	1878	True	True
OG0003894	intact	True	0.97236	1845	True	True
OG0003895	invalid ORF: Cx_molestus,Cx_pallens	False	0.97009	702	True	False
OG0003896	intact	True	0.96158	1770	True	True
OG0003897	intact	True	0.96493	2595	True	True
OG0003898	intact	True	0.95434	876	True	True
OG0003899	invalid ORF: Cx_molestus,Cx_pipiens	False	0.62237	3237	True	False
OG0003900	intact	True	0.94193	1257	True	True
OG0003901	invalid ORF: Cx_pallens,Cx_pipiens	False	0.33838	6237	True	False
OG0003902	intact	True	0.93637	3720	True	True
OG0003903	intact	True	0.93867	1011	True	True
OG0003904	intact	True	0.9604	303	True	True
OG0003905	invalid ORF: Cx_molestus	False	0.97713	1443	True	False
OG0003906	invalid ORF: Cx_molestus	False	0.96429	3696	True	False
OG0003907	invalid ORF: Cx_pipiens	False	0.41148	3723	True	False
OG0003908	invalid ORF: Cx_pipiens	False	0.60962	1689	True	False
OG0003909	intact	True	0.95556	855	True	True
OG0003910	invalid ORF: Cx_pallens	False	0.97828	2256	True	False
OG0003911	invalid ORF: Cx_molestus	False	0.97326	1533	True	False
OG0003912	invalid ORF: Cx_molestus,Cx_pallens,Cx_pipiens	False	0.77778	729	True	False
OG0003913	intact	True	0.97693	8238	True	True
OG0003914	intact	True	0.97009	1170	True	True
OG0003915	intact	True	0.97059	1530	True	True
OG0003916	intact	True	0.97067	750	True	True
OG0003917	intact	True	0.97179	780	True	True
OG0003918	intact	True	0.97064	1056	True	True
OG0003919	intact	True	0.9677	867	True	True
OG0003920	intact	True	0.95748	3363	True	True
OG0003921	intact	True	0.95745	1128	True	True
OG0003922	intact	True	0.96249	3786	True	True
OG0003923	invalid ORF: Cx_pallens	False	0.99667	900	True	False
OG0003924	intact	True	0.97642	636	True	True
OG0003925	intact	True	0.94742	2853	True	True
OG0003926	intact	True	0.97698	3912	True	True
OG0003927	intact	True	0.95457	1827	True	True
OG0003928	intact	True	0.9824	1023	True	True
OG0003929	intact	True	0.95779	3246	True	True
OG0003930	intact	True	0.95267	1479	True	True
OG0003931	intact	True	0.97763	1341	True	True
OG0003932	intact	True	0.97321	2613	True	True
OG0003933	intact	True	0.96454	423	True	True
OG0003934	intact	True	0.96654	807	True	True
OG0003935	invalid ORF: Cx_molestus,Cx_pipiens	False	0.87292	2220	True	False
OG0003936	intact	True	0.97366	1215	True	True
OG0003937	intact	True	0.97222	396	True	True
OG0003938	intact	True	0.97508	321	True	True
OG0003939	invalid ORF: Cx_molestus,Cx_pallens,Cx_pipiens	False	0.95652	1173	True	False
OG0003940	invalid ORF: Cx_molestus,Cx_pallens,Cx_pipiens	False	0.62244	3537	True	False
OG0003941	intact	True	0.95375	1773	True	True
OG0003942	invalid ORF: Cx_pipiens	False	0.94286	1155	True	False
OG0003943	intact	True	0.97521	1452	True	True
OG0003944	intact	True	0.97572	453	True	True
OG0003945	invalid ORF: Cx_pipiens	False	0.94749	438	True	False
OG0003946	intact	True	0.94079	456	True	True
OG0003947	intact	True	0.9569	348	True	True
OG0003948	intact	True	0.95996	924	True	True
OG0003949	intact	True	0.95648	1080	True	True
OG0003950	invalid ORF: Cx_pallens	False	0.97778	6276	True	False
OG0003951	intact	True	0.96904	5688	True	True
OG0003952	invalid ORF: Cx_pipiens	False	0.38801	4395	True	False
OG0003953	intact	True	0.97846	1950	True	True
OG0003954	intact	True	0.9763	675	True	True
OG0003955	intact	True	0.98506	2409	True	True
OG0003956	intact	True	0.98113	2067	True	True
OG0003957	RefSeq exception	False	0.69006	2157	True	False
OG0003958	intact	True	0.98023	1467	True	True
OG0003959	intact	True	0.98026	456	True	True
OG0003960	intact	True	0.97072	1332	True	True
OG0003961	intact	True	0.97956	1908	True	True
OG0003962	intact	True	0.97841	1575	True	True
OG0003963	intact	True	0.98543	2814	True	True
OG0003964	invalid ORF: Cx_molestus,Cx_pallens,Cx_pipiens	False	0.99061	213	True	False
OG0003965	intact	True	0.97975	1185	True	True
OG0003966	intact	True	0.97368	570	True	True
OG0003967	RefSeq exception	False	0.42404	2337	True	False
OG0003968	intact	True	0.9771	1179	True	True
OG0003969	intact	True	0.97132	2022	True	True
OG0003970	RefSeq exception	False	0.40976	6108	True	False
OG0003971	intact	True	0.89152	507	True	True
OG0003972	invalid ORF: Cx_pipiens	False	0.98571	420	True	False
OG0003973	RefSeq exception	False	0.7399	3837	True	False
OG0003974	intact	True	0.98357	3165	True	True
OG0003975	intact	True	0.99469	1506	True	True
OG0003976	RefSeq exception	False	0.82637	1311	True	False
OG0003977	intact	True	0.98055	2211	True	True
OG0003978	RefSeq exception	False	0.73044	6084	True	False
OG0003979	RefSeq exception	False	0.42857	1719	True	False
OG0003980	intact	True	0.97717	657	True	True
OG0003981	intact	True	0.96423	2994	True	True
OG0003982	intact	True	0.97509	1164	True	True
OG0003983	intact	True	0.95098	1632	True	True
OG0003984	invalid ORF: Cx_molestus,Cx_pipiens	False	0.88201	3846	True	False
OG0003985	intact	True	0.9701	2943	True	True
OG0003986	invalid ORF: Cx_molestus,Cx_pallens,Cx_pipiens	False	0.98572	1611	True	False
OG0003987	intact	True	0.97135	3744	True	True
OG0003988	intact	True	0.94661	693	True	True
OG0003989	invalid ORF: Cx_molestus,Cx_pallens,Cx_pipiens	False	0.98592	213	True	False
OG0003990	intact	True	0.9798	396	True	True
OG0003991	intact	True	0.97548	1515	True	True
OG0003992	intact	True	0.94643	504	True	True
OG0003993	intact	True	0.95699	465	True	True
OG0003994	intact	True	0.97715	1269	True	True
OG0003995	intact	True	0.95913	783	True	True
OG0003996	invalid ORF: Cx_molestus	False	0.51729	3720	True	False
OG0003997	invalid ORF: Cx_molestus,Cx_pipiens	False	0.33267	2259	True	False
OG0003998	intact	True	0.97037	270	True	True
OG0003999	intact	True	0.98029	2334	True	True
OG0004000	intact	True	0.9702	1446	True	True
OG0004001	intact	True	0.97028	3129	True	True
OG0004002	invalid ORF: Cx_pallens,Cx_pipiens	False	0.96586	3954	True	False
OG0004003	intact	True	0.96674	2886	True	True
OG0004004	intact	True	0.9547	1170	True	True
OG0004005	invalid ORF: Cx_molestus	False	0.95559	1779	True	False
OG0004006	intact	True	0.97432	16716	True	True
OG0004007	intact	True	0.97721	702	True	True
OG0004008	intact	True	0.96782	1212	True	True
OG0004009	intact	True	0.95568	1038	True	True
OG0004010	intact	True	0.9602	1209	True	True
OG0004011	intact	True	0.96056	4488	True	True
OG0004012	invalid ORF: Cx_molestus	False	0.97905	1098	True	False
OG0004013	intact	True	0.96613	561	True	True
OG0004014	intact	True	0.94009	1302	True	True
OG0004015	invalid ORF: Cx_pallens	False	0.97256	984	True	False
OG0004016	intact	True	0.97106	3594	True	True
OG0004017	intact	True	0.9626	909	True	True
OG0004018	intact	True	0.97272	2016	True	True
OG0004019	intact	True	0.96199	342	True	True
OG0004020	intact	True	0.95385	390	True	True
OG0004021	intact	True	0.97372	1941	True	True
OG0004022	intact	True	0.97048	813	True	True
OG0004023	invalid ORF: Cx_molestus	False	0.98281	2175	True	False
OG0004024	intact	True	0.98356	1338	True	True
OG0004025	intact	True	0.9788	2931	True	True
OG0004026	intact	True	0.9523	1761	True	True
OG0004027	invalid ORF: Cx_molestus,Cx_pallens,Cx_pipiens	False	NA	1158	True	False
OG0004028	intact	True	0.97407	270	True	True
OG0004029	invalid ORF: Cx_molestus,Cx_pipiens	False	0.95669	762	True	False
OG0004030	intact	True	0.97418	1323	True	True
OG0004031	intact	True	0.95992	3318	True	True
OG0004032	intact	True	0.95716	2661	True	True
OG0004033	intact	True	0.96149	753	True	True
OG0004034	intact	True	0.97238	2715	True	True
OG0004035	invalid ORF: Cx_pallens	False	0.94087	1377	True	False
OG0004036	intact	True	0.97092	447	True	True
OG0004037	intact	True	0.98525	339	True	True
OG0004038	intact	True	0.95788	2184	True	True
OG0004039	intact	True	0.95324	1326	True	True
OG0004040	intact	True	0.95129	3531	True	True
OG0004041	invalid ORF: Cx_molestus,Cx_pipiens	False	0.5318	1974	True	False
OG0004042	invalid ORF: Cx_molestus,Cx_pipiens	False	NA	1626	True	False
OG0004043	intact	True	0.96341	999	True	True
OG0004044	intact	True	0.96761	1266	True	True
OG0004045	intact	True	0.9472	1269	True	True
OG0004046	intact	True	0.9601	1980	True	True
OG0004047	intact	True	0.96557	1365	True	True
OG0004048	invalid ORF: Cx_pallens	False	0.95593	885	True	False
OG0004049	intact	True	0.95593	1611	True	True
OG0004050	RefSeq exception	False	0.70334	26625	True	False
OG0004051	intact	True	0.96624	3732	True	True
OG0004052	intact	True	0.93424	1551	True	True
OG0004053	intact	True	0.96445	1491	True	True
OG0004054	invalid ORF: Cx_pipiens	False	0.37258	2181	True	False
OG0004055	intact	True	0.96105	873	True	True
OG0004056	intact	True	0.98872	1152	True	True
OG0004057	invalid ORF: Cx_pallens,Cx_pipiens	False	0.96117	309	True	False
OG0004058	intact	True	0.98419	759	True	True
OG0004059	RefSeq exception	False	0.67603	4035	True	False
OG0004060	intact	True	0.94502	582	True	True
OG0004061	intact	True	0.95	420	True	True
OG0004062	invalid ORF: Cx_molestus	False	0.94264	2046	True	False
OG0004063	invalid ORF: Cx_pipiens	False	0.95773	1041	True	False
OG0004064	intact	True	0.97664	2055	True	True
OG0004065	invalid ORF: Cx_molestus,Cx_pipiens	False	0.41379	624	True	False
OG0004066	invalid ORF: Cx_molestus,Cx_pallens,Cx_pipiens	False	0.97692	3306	True	False
OG0004067	invalid ORF: Cx_pallens	False	0.95261	1836	True	False
OG0004068	intact	True	0.96667	750	True	True
OG0004069	invalid ORF: Cx_molestus	False	0.98907	366	True	False
OG0004070	intact	True	0.96615	384	True	True
OG0004071	intact	True	0.96053	456	True	True
OG0004072	intact	True	0.96759	1515	True	True
OG0004073	intact	True	0.95446	6126	True	True
OG0004074	intact	True	0.98456	1554	True	True
OG0004075	intact	True	0.95272	846	True	True
OG0004076	intact	True	0.94215	1452	True	True
OG0004077	intact	True	0.9679	405	True	True
OG0004078	intact	True	0.95896	1998	True	True
OG0004079	RefSeq exception	False	0.83632	1338	True	False
OG0004080	intact	True	0.95875	606	True	True
OG0004081	intact	True	0.96361	2955	True	True
OG0004082	intact	True	0.91228	747	True	True
OG0004083	intact	True	0.96579	2280	True	True
OG0004084	RefSeq exception	False	0.42502	3552	True	False
OG0004085	intact	True	0.95397	717	True	True
OG0004086	intact	True	0.97917	480	True	True
OG0004087	invalid ORF: Cx_pipiens	False	0.40828	2877	True	False
OG0004088	intact	True	0.97917	1488	True	True
OG0004089	RefSeq exception	False	0.86593	1107	True	False
OG0004090	RefSeq exception	False	0.45922	14124	True	False
OG0004091	intact	True	0.97333	1125	True	True
OG0004092	invalid ORF: Cx_molestus,Cx_pipiens	False	0.97964	1965	True	False
OG0004093	intact	True	0.96396	777	True	True
OG0004094	intact	True	0.98351	2607	True	True
OG0004095	invalid ORF: Cx_molestus,Cx_pallens,Cx_pipiens	False	0.98656	372	True	False
OG0004096	RefSeq exception	False	0.49232	2166	True	False
OG0004097	intact	True	0.99218	639	True	True
OG0004098	intact	True	0.97195	927	True	True
OG0004099	intact	True	0.98915	1014	True	True
OG0004100	intact	True	0.97741	3585	True	True
OG0004101	intact	True	0.95595	840	True	True
OG0004102	intact	True	0.9797	3252	True	True
OG0004103	intact	True	0.98394	747	True	True
OG0004104	intact	True	0.98168	273	True	True
OG0004105	invalid ORF: Cx_pallens	False	0.98797	1227	True	False
OG0004106	intact	True	0.98535	1911	True	True
OG0004107	RefSeq exception	False	0.71083	1605	True	False
OG0004108	intact	True	0.98557	2709	True	True
OG0004109	invalid ORF: Cx_molestus	False	0.97409	579	True	False
OG0004110	RefSeq exception	False	0.88441	9006	True	False
OG0004111	RefSeq exception	False	0.66406	2544	True	False
OG0004112	intact	True	0.97979	2424	True	True
OG0004113	intact	True	0.98532	1635	True	True
OG0004114	intact	True	0.97653	639	True	True
OG0004115	RefSeq exception	False	0.66336	1080	True	False
OG0004116	intact	True	0.97572	3831	True	True
OG0004117	intact	True	0.97943	1410	True	True
OG0004118	invalid ORF: Cx_molestus,Cx_pallens,Cx_pipiens	False	0.96986	1128	True	False
OG0004119	intact	True	0.97383	1299	True	True
OG0004120	RefSeq exception	False	0.53547	4797	True	False
OG0004121	RefSeq exception	False	0.57544	3741	True	False
OG0004122	intact	True	0.96933	750	True	True
OG0004123	intact	True	0.96866	1755	True	True
OG0004124	intact	True	0.9813	1818	True	True
OG0004125	intact	True	0.97579	1239	True	True
OG0004126	intact	True	0.96509	2922	True	True
OG0004127	intact	True	0.97287	2433	True	True
OG0004128	intact	True	0.97019	1476	True	True
OG0004129	intact	True	0.97799	4635	True	True
OG0004130	intact	True	0.95574	2508	True	True
OG0004131	intact	True	0.97757	3924	True	True
OG0004132	invalid ORF: Cx_molestus,Cx_pallens,Cx_pipiens	False	0.97849	372	True	False
OG0004133	intact	True	0.99794	486	True	True
OG0004134	intact	True	0.97819	642	True	True
OG0004135	intact	True	0.98363	4764	True	True
OG0004136	intact	True	0.96878	3108	True	True
OG0004137	intact	True	0.94262	1551	True	True
OG0004138	intact	True	0.98282	582	True	True
OG0004139	invalid ORF: Cx_pallens	False	0.94076	1221	True	False
OG0004140	intact	True	0.96154	1638	True	True
OG0004141	invalid ORF: Cx_pallens	False	0.84965	2727	True	False
OG0004142	invalid ORF: Cx_pallens	False	0.97284	3252	True	False
OG0004143	intact	True	0.97032	876	True	True
OG0004144	intact	True	0.97564	1437	True	True
OG0004145	invalid ORF: Cx_pallens,Cx_pipiens	False	0.95078	894	True	False
OG0004146	intact	True	0.96717	6339	True	True
OG0004147	intact	True	0.98122	1923	True	True
OG0004148	intact	True	0.96045	531	True	True
OG0004149	invalid ORF: Cx_molestus,Cx_pallens	False	0.97209	609	True	False
OG0004150	intact	True	0.9648	2304	True	True
OG0004151	intact	True	0.99174	726	True	True
OG0004152	intact	True	0.99364	786	True	True
OG0004153	intact	True	0.96406	3450	True	True
OG0004154	invalid ORF: Cx_pallens	False	0.96703	546	True	False
OG0004155	invalid ORF: Cx_pipiens	False	0.97671	762	True	False
OG0004156	intact	True	0.94578	1752	True	True
OG0004157	intact	True	0.98438	1344	True	True
OG0004158	intact	True	0.95508	2115	True	True
OG0004159	intact	True	0.97044	4161	True	True
OG0004160	intact	True	0.97031	1482	True	True
OG0004161	invalid ORF: Cx_molestus,Cx_pallens,Cx_pipiens	False	0.94519	1350	True	False
OG0004162	intact	True	0.95827	2013	True	True
OG0004163	intact	True	0.96676	1113	True	True
OG0004164	intact	True	0.97897	951	True	True
OG0004165	invalid ORF: Cx_pallens	False	0.98551	345	True	False
OG0004166	intact	True	0.97722	1668	True	True
OG0004167	intact	True	0.96102	744	True	True
OG0004168	intact	True	0.96764	1638	True	True
OG0004169	invalid ORF: Cx_pipiens	False	0.96505	2874	True	False
OG0004170	intact	True	0.95077	1422	True	True
OG0004171	intact	True	0.98493	1128	True	True
OG0004172	intact	True	0.96137	699	True	True
OG0004173	intact	True	0.98677	756	True	True
OG0004174	intact	True	0.98667	1875	True	True
OG0004175	intact	True	0.98142	915	True	True
OG0004176	intact	True	0.98509	738	True	True
OG0004177	intact	True	0.98157	1248	True	True
OG0004178	intact	True	0.98798	1248	True	True
OG0004179	intact	True	0.9784	1296	True	True
OG0004180	intact	True	0.98108	1533	True	True
OG0004181	intact	True	0.99065	642	True	True
OG0004182	intact	True	0.99353	309	True	True
OG0004183	intact	True	0.9839	5652	True	True
OG0004184	intact	True	0.98533	3000	True	True
OG0004185	intact	True	0.98615	3033	True	True
OG0004186	invalid ORF: Cx_molestus	False	0.98724	1254	True	False
OG0004187	intact	True	0.97726	1803	True	True
OG0004188	intact	True	0.9917	1326	True	True
OG0004189	invalid ORF: Cx_molestus,Cx_pallens,Cx_pipiens	False	NA	654	True	False
OG0004190	intact	True	0.9802	3636	True	True
OG0004191	intact	True	0.99149	2115	True	True
OG0004192	intact	True	0.9816	978	True	True
OG0004193	intact	True	0.99206	504	True	True
OG0004194	intact	True	0.98377	3573	True	True
OG0004195	intact	True	0.98529	3195	True	True
OG0004196	intact	True	0.97452	3729	True	True
OG0004197	intact	True	0.98652	2970	True	True
OG0004198	intact	True	0.98403	1440	True	True
OG0004199	intact	True	0.99399	333	True	True
OG0004200	intact	True	0.99519	624	True	True
OG0004201	intact	True	0.98246	1026	True	True
OG0004202	invalid ORF: Cx_molestus,Cx_pipiens	False	0.39394	1653	True	False
OG0004203	intact	True	0.97608	627	True	True
OG0004204	intact	True	0.97516	483	True	True
OG0004205	intact	True	0.98501	2868	True	True
OG0004206	intact	True	0.9869	687	True	True
OG0004207	intact	True	0.96886	1188	True	True
OG0004208	intact	True	0.98049	1179	True	True
OG0004209	intact	True	0.97086	549	True	True
OG0004210	intact	True	0.98081	2136	True	True
OG0004211	intact	True	0.98294	1524	True	True
OG0004212	intact	True	0.9811	582	True	True
OG0004213	intact	True	0.98123	2397	True	True
OG0004214	intact	True	0.97501	2361	True	True
OG0004215	intact	True	0.96787	996	True	True
OG0004216	intact	True	0.97278	3564	True	True
OG0004217	intact	True	0.9822	2079	True	True
OG0004218	intact	True	0.98758	1047	True	True
OG0004219	intact	True	0.97627	885	True	True
OG0004220	intact	True	0.97573	783	True	True
OG0004221	intact	True	0.97623	1725	True	True
OG0004222	intact	True	0.95707	2376	True	True
OG0004223	intact	True	0.96821	975	True	True
OG0004224	intact	True	0.95344	1761	True	True
OG0004225	invalid ORF: Cx_molestus	False	0.91284	654	True	False
OG0004226	invalid ORF: Cx_molestus,Cx_pipiens	False	0.77778	999	True	False
OG0004227	intact	True	0.96599	1029	True	True
OG0004228	intact	True	0.97043	372	True	True
OG0004229	intact	True	0.95585	2061	True	True
OG0004230	intact	True	0.95641	2019	True	True
OG0004231	intact	True	0.97283	552	True	True
OG0004232	invalid ORF: Cx_pallens,Cx_pipiens	False	0.91489	447	True	False
OG0004233	intact	True	0.98679	1287	True	True
OG0004234	intact	True	0.9532	876	True	True
OG0004235	intact	True	0.96754	16704	True	True
OG0004236	intact	True	0.97652	2853	True	True
OG0004237	intact	True	0.96513	5019	True	True
OG0004238	intact	True	0.96616	1773	True	True
OG0004239	intact	True	0.95567	609	True	True
OG0004240	intact	True	0.97732	2028	True	True
OG0004241	intact	True	0.94463	903	True	True
OG0004242	intact	True	0.97872	423	True	True
OG0004243	intact	True	0.96335	2592	True	True
OG0004244	invalid ORF: Cx_molestus,Cx_pipiens	False	0.97156	1272	True	False
OG0004245	intact	True	0.942	1293	True	True
OG0004246	intact	True	0.97112	831	True	True
OG0004247	intact	True	0.97677	990	True	True
OG0004248	intact	True	0.95639	321	True	True
OG0004249	intact	True	0.94647	822	True	True
OG0004250	intact	True	0.96594	822	True	True
OG0004251	intact	True	0.94667	1050	True	True
OG0004252	invalid ORF: Cx_molestus,Cx_pallens,Cx_pipiens	False	0.96484	768	True	False
OG0004253	intact	True	0.9671	5355	True	True
OG0004254	intact	True	0.96491	1596	True	True
OG0004255	intact	True	0.98065	672	True	True
OG0004256	intact	True	0.96047	7944	True	True
OG0004257	intact	True	0.97423	1203	True	True
OG0004258	intact	True	0.96935	3402	True	True
OG0004259	invalid ORF: Cx_molestus,Cx_pallens,Cx_pipiens	False	0.95523	3798	True	False
OG0004260	invalid ORF: Cx_molestus	False	0.97232	2637	True	False
OG0004261	invalid ORF: Cx_molestus,Cx_pallens,Cx_pipiens	False	0.96156	1893	True	False
OG0004262	intact	True	0.97906	573	True	True
OG0004263	invalid ORF: Cx_molestus,Cx_pallens	False	0.34437	687	True	False
OG0004264	intact	True	0.96915	1329	True	True
OG0004265	invalid ORF: Cx_pallens	False	0.95369	4584	True	False
OG0004266	intact	True	0.95582	747	True	True
OG0004267	invalid ORF: Cx_pipiens	False	0.95973	447	True	False
OG0004268	invalid ORF: Cx_molestus	False	0.9497	3681	True	False
OG0004269	invalid ORF: Cx_molestus,Cx_pallens,Cx_pipiens	False	0.36138	2304	True	False
OG0004270	invalid ORF: Cx_molestus,Cx_pallens	False	0.9365	6756	True	False
OG0004271	intact	True	0.96486	3813	True	True
OG0004272	invalid ORF: Cx_pallens	False	0.98496	1263	True	False
OG0004273	invalid ORF: Cx_molestus,Cx_pallens,Cx_pipiens	False	0.95852	1350	True	False
OG0004274	intact	True	0.9303	990	True	True
OG0004275	intact	True	0.95328	2553	True	True
OG0004276	intact	True	0.96474	312	True	True
OG0004277	invalid ORF: Cx_molestus,Cx_pallens,Cx_pipiens	False	0.95335	2508	True	False
OG0004278	intact	True	0.9642	1704	True	True
OG0004279	intact	True	0.98714	1866	True	True
OG0004280	intact	True	0.97816	1236	True	True
OG0004281	intact	True	0.97153	1089	True	True
OG0004282	intact	True	0.953	1851	True	True
OG0004283	invalid ORF: Cx_molestus	False	0.96704	1851	True	False
OG0004284	intact	True	0.92929	990	True	True
OG0004285	intact	True	0.96721	732	True	True
OG0004286	intact	True	0.96317	1086	True	True
OG0004287	intact	True	0.95349	1161	True	True
OG0004288	invalid ORF: Cx_molestus	False	0.98319	357	True	False
OG0004289	intact	True	0.96706	759	True	True
OG0004290	invalid ORF: Cx_molestus,Cx_pallens	False	0.96734	1302	True	False
OG0004291	intact	True	0.94669	1557	True	True
OG0004292	intact	True	0.96873	7974	True	True
OG0004293	invalid ORF: Cx_pipiens	False	0.97477	3369	True	False
OG0004294	intact	True	0.96421	2319	True	True
OG0004295	intact	True	0.96624	711	True	True
OG0004296	intact	True	0.96881	513	True	True
OG0004297	intact	True	0.97383	2178	True	True
OG0004298	invalid ORF: Cx_pipiens	False	0.875	600	True	False
OG0004299	invalid ORF: Cx_molestus	False	0.92947	1347	True	False
OG0004300	intact	True	0.97569	1152	True	True
OG0004301	intact	True	0.92038	1683	True	True
OG0004302	intact	True	0.91034	1383	True	True
OG0004303	invalid ORF: Cx_pipiens	False	0.94195	534	True	False
OG0004304	intact	True	0.92339	744	True	True
OG0004305	intact	True	0.96574	2049	True	True
OG0004306	intact	True	0.93548	1953	True	True
OG0004307	intact	True	0.93817	372	True	True
OG0004308	intact	True	0.98021	1920	True	True
OG0004309	intact	True	0.94536	2013	True	True
OG0004310	invalid ORF: Cx_molestus,Cx_pallens	False	0.96555	2148	True	False
OG0004311	intact	True	0.95304	1086	True	True
OG0004312	intact	True	0.97088	1305	True	True
OG0004313	invalid ORF: Cx_pallens	False	0.97835	2448	True	False
OG0004314	invalid ORF: Cx_molestus,Cx_pipiens	False	0.92614	1056	True	False
OG0004315	invalid ORF: Cx_pipiens	False	0.97199	1827	True	False
OG0004316	invalid ORF: Cx_pallens,Cx_pipiens	False	0.95436	2397	True	False
OG0004317	intact	True	0.98106	528	True	True
OG0004318	intact	True	0.97424	621	True	True
OG0004319	intact	True	0.9832	1131	True	True
OG0004320	intact	True	0.98718	390	True	True
OG0004321	intact	True	0.96667	450	True	True
OG0004322	intact	True	0.97258	3006	True	True
OG0004323	intact	True	0.98035	1578	True	True
OG0004324	intact	True	0.97936	2616	True	True
OG0004325	intact	True	0.99346	765	True	True
OG0004326	intact	True	0.97649	1449	True	True
OG0004327	intact	True	0.9594	936	True	True
OG0004328	intact	True	0.96486	939	True	True
OG0004329	intact	True	0.98528	1155	True	True
OG0004330	intact	True	0.98711	1785	True	True
OG0004331	intact	True	0.97879	1509	True	True
OG0004332	intact	True	0.96786	1089	True	True
OG0004333	invalid ORF: Cx_molestus	False	0.98449	4392	True	False
OG0004334	invalid ORF: Cx_molestus	False	0.96548	4230	True	False
OG0004335	intact	True	0.92982	684	True	True
OG0004336	intact	True	0.94656	393	True	True
OG0004337	intact	True	0.97412	5487	True	True
OG0004338	intact	True	0.96484	1536	True	True
OG0004339	invalid ORF: Cx_molestus,Cx_pallens,Cx_pipiens	False	0.94583	720	True	False
OG0004340	invalid ORF: Cx_molestus	False	0.92845	1146	True	False
OG0004341	invalid ORF: Cx_molestus,Cx_pallens	False	0.96799	1338	True	False
OG0004342	RefSeq exception	False	0.39023	3636	True	False
OG0004343	intact	True	0.96657	3141	True	True
OG0004344	RefSeq exception	False	0.91048	870	True	False
OG0004345	RefSeq exception	False	0.64482	1524	True	False
OG0004346	intact	True	0.979	762	True	True
OG0004347	intact	True	0.9732	933	True	True
OG0004348	intact	True	0.97327	6135	True	True
OG0004349	intact	True	0.97727	528	True	True
OG0004350	intact	True	0.9697	495	True	True
OG0004351	intact	True	0.95934	1992	True	True
OG0004352	intact	True	0.97256	1752	True	True
OG0004353	intact	True	0.97826	966	True	True
OG0004354	intact	True	0.9592	1740	True	True
OG0004355	intact	True	0.97502	1041	True	True
OG0004356	intact	True	0.9661	885	True	True
OG0004357	intact	True	0.96094	1869	True	True
OG0004358	intact	True	0.98413	819	True	True
OG0004359	intact	True	0.96462	1950	True	True
OG0004360	intact	True	0.96435	561	True	True
OG0004361	invalid ORF: Cx_pallens	False	0.59766	1536	True	False
OG0004362	intact	True	0.95063	2613	True	True
OG0004363	intact	True	0.98246	1767	True	True
OG0004364	invalid ORF: Cx_pipiens	False	0.97249	2805	True	False
OG0004365	invalid ORF: Cx_molestus	False	0.69489	2277	True	False
OG0004366	invalid ORF: Cx_molestus	False	0.88462	624	True	False
OG0004367	invalid ORF: Cx_molestus	False	0.97158	1722	True	False
OG0004368	intact	True	0.98438	576	True	True
OG0004369	invalid ORF: Cx_molestus	False	0.95412	1812	True	False
OG0004370	intact	True	0.96111	540	True	True
OG0004371	intact	True	0.91605	405	True	True
OG0004372	invalid ORF: Cx_pipiens	False	0.95665	669	True	False
OG0004373	intact	True	0.94926	1557	True	True
OG0004374	invalid ORF: Cx_molestus	False	0.98157	597	True	False
OG0004375	intact	True	0.95821	2082	True	True
OG0004376	intact	True	0.95652	1380	True	True
OG0004377	invalid ORF: Cx_molestus,Cx_pallens	False	0.95375	3903	True	False
OG0004378	intact	True	0.98748	1278	True	True
OG0004379	intact	True	0.97052	3225	True	True
OG0004380	intact	True	0.96991	3024	True	True
OG0004381	intact	True	0.96711	1125	True	True
OG0004382	invalid ORF: Cx_pipiens	False	0.96286	1104	True	False
OG0004383	invalid ORF: Cx_pallens,Cx_pipiens	False	0.95833	336	True	False
OG0004384	invalid ORF: Cx_molestus	False	0.97666	1200	True	False
OG0004385	intact	True	0.9688	3333	True	True
OG0004386	intact	True	0.97105	1416	True	True
OG0004387	intact	True	0.98659	522	True	True
OG0004388	intact	True	0.96622	4266	True	True
OG0004389	invalid ORF: Cx_pipiens	False	0.96333	600	True	False
OG0004390	intact	True	0.98531	1293	True	True
OG0004391	intact	True	0.94757	1602	True	True
OG0004392	invalid ORF: Cx_pallens	False	0.98018	1968	True	False
OG0004393	intact	True	0.94755	858	True	True
OG0004394	intact	True	0.94397	2808	True	True
OG0004395	intact	True	0.95445	966	True	True
OG0004396	intact	True	0.95948	543	True	True
OG0004397	invalid ORF: Cx_molestus	False	0.96754	2064	True	False
OG0004398	intact	True	0.97563	1272	True	True
OG0004399	intact	True	0.97447	666	True	True
OG0004400	RefSeq exception	False	0.89109	2631	True	False
OG0004401	invalid ORF: Cx_pallens,Cx_pipiens	False	0.95591	567	True	False
OG0004402	intact	True	0.93532	402	True	True
OG0004403	intact	True	0.95448	2109	True	True
OG0004404	RefSeq exception	False	0.68826	1158	True	False
OG0004405	intact	True	0.96274	1986	True	True
OG0004406	intact	True	0.93894	1653	True	True
OG0004407	intact	True	0.9656	3081	True	True
OG0004408	RefSeq exception	False	0.79357	2829	True	False
OG0004409	RefSeq exception	False	0.61377	3711	True	False
OG0004410	intact	True	0.9627	1698	True	True
OG0004411	intact	True	0.96237	1488	True	True
OG0004412	invalid ORF: Cx_pipiens	False	0.9449	726	True	False
OG0004413	invalid ORF: Cx_pallens,Cx_pipiens	False	0.97354	189	True	False
OG0004414	RefSeq exception	False	0.86192	7083	True	False
OG0004415	invalid ORF: Cx_molestus,Cx_pallens,Cx_pipiens	False	0.96434	1374	True	False
OG0004416	intact	True	0.98344	483	True	True
OG0004417	intact	True	0.98183	1101	True	True
OG0004418	intact	True	0.98367	735	True	True
OG0004419	invalid ORF: Cx_pallens	False	0.71062	273	True	False
OG0004420	intact	True	0.92136	1437	True	True
OG0004421	intact	True	0.9758	1446	True	True
OG0004422	intact	True	0.94872	1527	True	True
OG0004423	intact	True	0.93967	981	True	True
OG0004424	invalid ORF: Cx_pallens	False	0.93218	693	True	False
OG0004425	intact	True	0.93525	417	True	True
OG0004426	intact	True	0.96675	2346	True	True
OG0004427	intact	True	0.9489	864	True	True
OG0004428	intact	True	0.99093	441	True	True
OG0004429	invalid ORF: Cx_pallens	False	0.49432	528	True	False
OG0004430	intact	True	0.96	1200	True	True
OG0004431	intact	True	0.97009	11067	True	True
OG0004432	invalid ORF: Cx_molestus,Cx_pallens,Cx_pipiens	False	NA	1512	True	False
OG0004433	intact	True	0.97961	4374	True	True
OG0004434	intact	True	0.96535	606	True	True
OG0004435	intact	True	0.96435	2076	True	True
OG0004436	intact	True	0.96562	669	True	True
OG0004437	invalid ORF: Cx_molestus	False	1.0	24	False	False
OG0004438	intact	True	0.96915	1005	True	True
OG0004439	intact	True	0.99558	453	True	True
OG0004440	intact	True	0.96615	768	True	True
OG0004441	intact	True	0.96939	2973	True	True
OG0004442	intact	True	0.95342	3306	True	True
OG0004443	invalid ORF: Cx_molestus	False	0.43621	2643	True	False
OG0004444	intact	True	0.95458	2730	True	True
OG0004445	intact	True	0.97743	1329	True	True
OG0004446	intact	True	0.97786	1671	True	True
OG0004447	intact	True	0.9611	1491	True	True
OG0004448	intact	True	0.99225	645	True	True
OG0004449	intact	True	0.97704	2874	True	True
OG0004450	invalid ORF: Cx_pipiens	False	0.96305	3681	True	False
OG0004451	intact	True	0.95994	1872	True	True
OG0004452	invalid ORF: Cx_pallens	False	0.97396	384	True	False
OG0004453	intact	True	0.96123	1599	True	True
OG0004454	intact	True	0.97557	573	True	True
OG0004455	intact	True	0.95582	2241	True	True
OG0004456	invalid ORF: Cx_pipiens	False	0.9602	5211	True	False
OG0004457	invalid ORF: Cx_molestus	False	0.93496	495	True	False
OG0004458	RefSeq exception	False	0.51575	2130	True	False
OG0004459	intact	True	0.98305	531	True	True
OG0004460	RefSeq exception	False	0.71651	2316	True	False
OG0004461	intact	True	0.94969	1431	True	True
OG0004462	RefSeq exception	False	0.87759	1602	True	False
OG0004463	RefSeq exception	False	0.82963	1083	True	False
OG0004464	invalid ORF: Cx_molestus,Cx_pallens,Cx_pipiens	False	0.72758	3906	True	False
OG0004465	intact	True	0.96806	1221	True	True
OG0004466	intact	True	0.98537	1299	True	True
OG0004467	intact	True	0.95671	927	True	True
OG0004468	intact	True	0.96096	3387	True	True
OG0004469	RefSeq exception	False	0.59238	6432	True	False
OG0004470	intact	True	0.96262	963	True	True
OG0004471	RefSeq exception	False	0.51267	1254	True	False
OG0004472	RefSeq exception	False	0.81033	972	True	False
OG0004473	intact	True	0.97531	1215	True	True
OG0004474	invalid ORF: Cx_pipiens	False	0.98321	1395	True	False
OG0004475	invalid ORF: Cx_pipiens	False	0.94993	1338	True	False
OG0004476	invalid ORF: Cx_pipiens	False	0.64831	1320	True	False
OG0004477	RefSeq exception	False	0.82689	3909	True	False
OG0004478	RefSeq exception	False	0.76391	2724	True	False
OG0004479	RefSeq exception	False	0.96722	2715	True	False
OG0004480	invalid ORF: Cx_molestus	False	0.984	375	True	False
OG0004481	intact	True	0.95029	342	True	True
OG0004482	intact	True	0.97863	936	True	True
OG0004483	invalid ORF: Cx_molestus	False	0.9511	1452	True	False
OG0004484	intact	True	0.96722	4179	True	True
OG0004485	intact	True	0.95092	1956	True	True
OG0004486	intact	True	0.9641	2733	True	True
OG0004487	intact	True	0.95864	1233	True	True
OG0004488	intact	True	0.96594	3318	True	True
OG0004489	intact	True	0.98779	819	True	True
OG0004490	intact	True	0.97368	456	True	True
OG0004491	intact	True	0.97838	1989	True	True
OG0004492	intact	True	0.96872	1023	True	True
OG0004493	intact	True	0.96054	2610	True	True
OG0004495	intact	True	0.97898	3426	True	True
OG0004496	invalid ORF: Cx_pallens,Cx_pipiens	False	0.97893	807	True	False
OG0004497	invalid ORF: Cx_molestus	False	0.95761	579	True	False
OG0004498	intact	True	0.96617	1212	True	True
OG0004499	intact	True	0.9716	810	True	True
OG0004500	invalid ORF: Cx_molestus,Cx_pipiens	False	0.93411	645	True	False
OG0004501	intact	True	0.95359	2004	True	True
OG0004502	intact	True	0.93333	990	True	True
OG0004503	intact	True	0.95695	813	True	True
OG0004504	intact	True	0.96134	1914	True	True
OG0004505	intact	True	0.95025	1005	True	True
OG0004506	RefSeq exception	False	0.80464	2196	True	False
OG0004507	intact	True	0.96812	2823	True	True
OG0004508	intact	True	0.96112	2289	True	True
OG0004509	intact	True	0.95028	1629	True	True
OG0004510	intact	True	0.96829	1230	True	True
OG0004511	invalid ORF: Cx_molestus,Cx_pallens,Cx_pipiens	False	0.96951	492	True	False
OG0004512	invalid ORF: Cx_pipiens	False	0.9508	1443	True	False
OG0004513	intact	True	0.97963	1227	True	True
OG0004514	intact	True	0.95941	1626	True	True
OG0004515	invalid ORF: Cx_molestus,Cx_pallens,Cx_pipiens	False	0.97895	855	True	False
OG0004516	intact	True	0.98485	1656	True	True
OG0004517	intact	True	0.94833	3774	True	True
OG0004518	intact	True	0.9798	1188	True	True
OG0004519	intact	True	0.97993	1644	True	True
OG0004520	intact	True	0.98416	1326	True	True
OG0004521	intact	True	0.95977	1044	True	True
OG0004522	invalid ORF: Cx_pallens	False	0.94143	1605	True	False
OG0004523	intact	True	0.9637	303	True	True
OG0004524	intact	True	0.96208	501	True	True
OG0004525	intact	True	0.96527	3801	True	True
OG0004526	intact	True	0.94155	1095	True	True
OG0004527	intact	True	0.97445	822	True	True
OG0004528	intact	True	0.98084	522	True	True
OG0004529	intact	True	0.98039	408	True	True
OG0004530	intact	True	0.98289	1344	True	True
OG0004531	intact	True	0.97606	1629	True	True
OG0004532	RefSeq exception	False	0.45591	1644	True	False
OG0004533	intact	True	0.95899	1341	True	True
OG0004534	RefSeq exception	False	0.43753	4788	True	False
OG0004535	intact	True	0.96771	960	True	True
OG0004536	intact	True	0.99054	423	True	True
OG0004537	intact	True	0.93558	978	True	True
OG0004538	intact	True	0.98039	153	True	True
OG0004539	RefSeq exception	False	0.66306	870	True	False
OG0004540	invalid ORF: Cx_molestus	False	0.96667	1050	True	False
OG0004541	RefSeq exception	False	0.57552	2043	True	False
OG0004542	invalid ORF: Cx_pipiens	False	0.96586	498	True	False
OG0004543	intact	True	0.97332	2835	True	True
OG0004544	intact	True	0.9592	3039	True	True
OG0004545	intact	True	0.97702	3699	True	True
OG0004546	intact	True	0.96238	1143	True	True
OG0004547	intact	True	0.97409	849	True	True
OG0004548	intact	True	0.9666	2844	True	True
OG0004549	intact	True	0.96034	2253	True	True
OG0004550	intact	True	0.96545	984	True	True
OG0004551	invalid ORF: Cx_pipiens	False	0.97591	1392	True	False
OG0004552	intact	True	0.97109	1107	True	True
OG0004553	intact	True	0.975	600	True	True
OG0004554	intact	True	0.97024	2016	True	True
OG0004555	intact	True	0.97701	783	True	True
OG0004556	intact	True	0.97806	2613	True	True
OG0004557	invalid ORF: Cx_molestus,Cx_pipiens	False	0.81258	795	True	False
OG0004558	invalid ORF: Cx_molestus	False	0.74897	1338	True	False
OG0004559	intact	True	0.96292	2319	True	True
OG0004560	intact	True	0.95542	1458	True	True
OG0004561	intact	True	0.98109	1692	True	True
OG0004562	intact	True	0.98896	453	True	True
OG0004563	intact	True	0.98167	1800	True	True
OG0004565	intact	True	0.96464	1725	True	True
OG0004566	intact	True	0.95868	726	True	True
OG0004567	intact	True	0.93735	1293	True	True
OG0004568	intact	True	0.98464	1758	True	True
OG0004569	invalid ORF: Cx_pipiens	False	0.96491	1197	True	False
OG0004570	intact	True	0.97099	7032	True	True
OG0004571	intact	True	0.96124	258	True	True
OG0004572	intact	True	0.98513	1749	True	True
OG0004573	intact	True	0.97018	939	True	True
OG0004574	invalid ORF: Cx_pipiens	False	0.95509	4476	True	False
OG0004575	intact	True	0.96926	2700	True	True
OG0004576	invalid ORF: Cx_molestus,Cx_pallens,Cx_pipiens	False	0.37557	2103	True	False
OG0004577	intact	True	0.95444	1800	True	True
OG0004578	intact	True	0.96689	453	True	True
OG0004579	intact	True	0.96608	855	True	True
OG0004580	invalid ORF: Cx_molestus,Cx_pallens	False	0.94892	3837	True	False
OG0004581	intact	True	0.97024	1008	True	True
OG0004582	intact	True	0.96486	939	True	True
OG0004583	intact	True	0.95782	972	True	True
OG0004584	intact	True	0.97869	1173	True	True
OG0004585	invalid ORF: Cx_molestus	False	0.94716	1287	True	False
OG0004586	intact	True	0.97005	768	True	True
OG0004587	intact	True	0.94295	2787	True	True
OG0004588	intact	True	0.98898	363	True	True
OG0004589	intact	True	0.97173	4107	True	True
OG0004590	invalid ORF: Cx_pipiens	False	0.94817	984	True	False
OG0004591	intact	True	0.97443	5331	True	True
OG0004592	intact	True	0.95942	345	True	True
OG0004593	invalid ORF: Cx_pipiens	False	0.96418	3819	True	False
OG0004594	intact	True	0.97152	1545	True	True
OG0004595	intact	True	0.96562	1629	True	True
OG0004596	intact	True	0.96745	4089	True	True
OG0004597	intact	True	0.96327	1443	True	True
OG0004598	intact	True	0.94855	894	True	True
OG0004599	invalid ORF: Cx_molestus	False	0.95771	906	True	False
OG0004600	intact	True	0.9375	864	True	True
OG0004601	invalid ORF: Cx_pipiens	False	0.97905	1098	True	False
OG0004602	intact	True	0.96095	1383	True	True
OG0004603	intact	True	0.96319	1956	True	True
OG0004604	intact	True	0.98445	2637	True	True
OG0004605	intact	True	0.97851	2001	True	True
OG0004606	intact	True	0.97354	2835	True	True
OG0004607	intact	True	0.96538	2340	True	True
OG0004608	intact	True	0.96569	612	True	True
OG0004609	intact	True	0.94974	978	True	True
OG0004610	intact	True	0.9822	1461	True	True
OG0004611	intact	True	0.95455	990	True	True
OG0004612	invalid ORF: Cx_molestus	False	0.9821	894	True	False
OG0004613	intact	True	0.96078	816	True	True
OG0004614	intact	True	0.95386	5919	True	True
OG0004615	intact	True	0.97619	882	True	True
OG0004616	intact	True	0.93561	2292	True	True
OG0004617	intact	True	0.96	900	True	True
OG0004618	invalid ORF: Cx_pipiens	False	0.97866	2733	True	False
OG0004619	intact	True	0.95723	1590	True	True
OG0004620	invalid ORF: Cx_molestus	False	0.98039	51	False	False
OG0004621	intact	True	0.92466	438	True	True
OG0004622	RefSeq exception	False	0.42812	8625	True	False
OG0004623	intact	True	0.96903	3390	True	True
OG0004624	intact	True	0.97934	1404	True	True
OG0004625	RefSeq exception	False	0.90724	2091	True	False
OG0004626	invalid ORF: Cx_molestus,Cx_pallens	False	0.98485	330	True	False
OG0004627	invalid ORF: Cx_pallens,Cx_pipiens	False	0.9803	1218	True	False
OG0004628	intact	True	0.97232	2565	True	True
OG0004629	invalid ORF: Cx_molestus	False	0.95638	9903	True	False
OG0004630	invalid ORF: Cx_molestus,Cx_pallens,Cx_pipiens	False	0.97835	3465	True	False
OG0004631	invalid ORF: Cx_molestus	False	0.9688	1218	True	False
OG0004632	invalid ORF: Cx_molestus,Cx_pallens,Cx_pipiens	False	0.96065	2274	True	False
OG0004633	intact	True	0.95767	945	True	True
OG0004634	intact	True	0.95109	2364	True	True
OG0004635	intact	True	0.94926	2286	True	True
OG0004636	invalid ORF: Cx_molestus,Cx_pallens,Cx_pipiens	False	0.91787	228	True	False
OG0004637	invalid ORF: Cx_pallens	False	0.98718	390	True	False
OG0004638	intact	True	0.9717	1272	True	True
OG0004639	intact	True	0.97215	1149	True	True
OG0004640	intact	True	0.95597	1590	True	True
OG0004642	intact	True	0.97077	2634	True	True
OG0004643	intact	True	0.99191	1113	True	True
OG0004644	invalid ORF: Cx_molestus,Cx_pallens	False	0.99251	534	True	False
OG0004645	intact	True	0.96986	2289	True	True
OG0004646	intact	True	1.0	393	True	True
OG0004647	intact	True	0.96578	906	True	True
OG0004648	intact	True	0.94141	495	True	True
OG0004649	RefSeq exception	False	0.59382	1881	True	False
OG0004650	invalid ORF: Cx_molestus	False	0.95455	2238	True	False
OG0004651	RefSeq exception	False	0.7563	1116	True	False
OG0004652	RefSeq exception	False	0.72996	978	True	False
OG0004653	intact	True	0.92818	738	True	True
OG0004654	RefSeq exception	False	0.77025	2481	True	False
OG0004655	intact	True	0.94206	1605	True	True
OG0004656	intact	True	0.94143	939	True	True
OG0004657	intact	True	0.96708	729	True	True
OG0004658	intact	True	0.96418	1368	True	True
OG0004659	invalid ORF: Cx_molestus	False	0.82738	927	True	False
OG0004660	invalid ORF: Cx_pipiens	False	0.95576	3300	True	False
OG0004661	intact	True	0.94686	1449	True	True
OG0004662	intact	True	0.94324	1110	True	True
OG0004663	intact	True	0.91667	1020	True	True
OG0004664	intact	True	0.94773	1878	True	True
OG0004665	intact	True	0.94633	1077	True	True
OG0004666	intact	True	0.98611	504	True	True
OG0004667	intact	True	0.96454	3102	True	True
OG0004668	intact	True	0.98246	228	True	True
OG0004669	intact	True	0.94957	1527	True	True
OG0004670	intact	True	0.96043	1314	True	True
OG0004671	intact	True	0.96782	870	True	True
OG0004672	intact	True	0.99083	654	True	True
OG0004673	intact	True	0.97419	465	True	True
OG0004674	intact	True	0.96467	2667	True	True
OG0004675	invalid ORF: Cx_pallens	False	0.96362	4206	True	False
OG0004676	RefSeq exception	False	0.56667	1545	True	False
OG0004677	intact	True	0.95692	3528	True	True
OG0004678	intact	True	0.98771	651	True	True
OG0004679	intact	True	0.97226	2127	True	True
OG0004680	intact	True	0.94418	627	True	True
OG0004681	intact	True	0.98565	1185	True	True
OG0004682	intact	True	0.98298	2526	True	True
OG0004683	intact	True	0.98642	810	True	True
OG0004684	intact	True	0.95696	999	True	True
OG0004685	intact	True	0.96501	5013	True	True
OG0004686	invalid ORF: Cx_pallens	False	0.9619	7401	True	False
OG0004687	intact	True	0.96296	867	True	True
OG0004688	intact	True	0.95126	819	True	True
OG0004689	intact	True	0.98237	624	True	True
OG0004690	intact	True	0.98562	1113	True	True
OG0004691	intact	True	0.94257	1515	True	True
OG0004692	intact	True	0.90928	1455	True	True
OG0004693	RefSeq exception	False	0.78896	1455	True	False
OG0004694	invalid ORF: Cx_pipiens	False	0.95894	1437	True	False
OG0004695	intact	True	0.97572	1071	True	True
OG0004696	invalid ORF: Cx_molestus	False	0.52143	804	True	False
OG0004697	intact	True	0.96795	2028	True	True
OG0004698	RefSeq exception	False	0.37644	2136	True	False
OG0004699	intact	True	0.97685	1296	True	True
OG0004700	intact	True	0.96602	621	True	True
OG0004701	intact	True	0.84848	1029	True	True
OG0004702	invalid ORF: Cx_pallens,Cx_pipiens	False	0.89961	3579	True	False
OG0004703	intact	True	0.96552	609	True	True
OG0004704	intact	True	0.96078	714	True	True
OG0004705	intact	True	0.99324	444	True	True
OG0004706	intact	True	0.95383	888	True	True
OG0004707	intact	True	0.95996	999	True	True
OG0004708	intact	True	0.96842	1995	True	True
OG0004709	intact	True	0.97333	225	True	True
OG0004710	invalid ORF: Cx_molestus	False	0.96396	555	True	False
OG0004711	invalid ORF: Cx_molestus	False	0.97674	1134	True	False
OG0004712	intact	True	0.97205	1932	True	True
OG0004713	intact	True	0.98554	2766	True	True
OG0004714	intact	True	0.97087	1476	True	True
OG0004715	intact	True	0.97679	474	True	True
OG0004716	invalid ORF: Cx_molestus,Cx_pallens,Cx_pipiens	False	0.96529	1383	True	False
OG0004717	intact	True	0.98246	399	True	True
OG0004718	intact	True	0.95939	591	True	True
OG0004719	intact	True	0.96231	2400	True	True
OG0004720	intact	True	0.98986	690	True	True
OG0004721	invalid ORF: Cx_molestus	False	0.96523	3192	True	False
OG0004722	intact	True	0.97501	2361	True	True
OG0004723	intact	True	0.95756	1131	True	True
OG0004724	intact	True	0.95866	1161	True	True
OG0004725	intact	True	0.97226	2058	True	True
OG0004726	intact	True	0.98512	336	True	True
OG0004727	intact	True	0.95186	1101	True	True
OG0004728	intact	True	0.9631	1572	True	True
OG0004729	intact	True	0.98127	462	True	True
OG0004730	intact	True	0.96764	927	True	True
OG0004731	intact	True	0.95903	3930	True	True
OG0004732	intact	True	0.98295	645	True	True
OG0004733	intact	True	0.96687	996	True	True
OG0004734	intact	True	0.97005	2037	True	True
OG0004735	intact	True	0.96216	555	True	True
OG0004736	intact	True	0.96937	1110	True	True
OG0004737	invalid ORF: Cx_molestus,Cx_pallens,Cx_pipiens	False	0.98825	681	True	False
OG0004738	intact	True	0.97667	1647	True	True
OG0004739	intact	True	0.96825	3402	True	True
OG0004740	intact	True	0.98464	1107	True	True
OG0004741	intact	True	0.97628	1686	True	True
OG0004742	intact	True	0.96377	1518	True	True
OG0004743	invalid ORF: Cx_pallens,Cx_pipiens	False	0.97192	4713	True	False
OG0004744	invalid ORF: Cx_molestus,Cx_pallens,Cx_pipiens	False	0.96373	1158	True	False
OG0004745	invalid ORF: Cx_molestus	False	0.90617	4638	True	False
OG0004746	intact	True	0.9766	3342	True	True
OG0004747	RefSeq exception	False	0.85291	8940	True	False
OG0004748	intact	True	0.95333	600	True	True
OG0004749	intact	True	0.93939	396	True	True
OG0004750	intact	True	0.9601	1629	True	True
OG0004751	RefSeq exception	False	0.8399	1221	True	False
OG0004752	intact	True	0.97257	1458	True	True
OG0004753	intact	True	0.96765	5286	True	True
OG0004754	RefSeq exception	False	0.95279	1038	True	False
OG0004755	invalid ORF: Cx_molestus	False	0.97257	474	True	False
OG0004756	intact	True	0.96333	4296	True	True
OG0004757	invalid ORF: Cx_molestus	False	0.90171	1170	True	False
OG0004758	intact	True	0.99145	468	True	True
OG0004759	intact	True	0.97222	720	True	True
OG0004760	intact	True	0.96207	2109	True	True
OG0004761	intact	True	0.98479	723	True	True
OG0004762	intact	True	0.96443	3036	True	True
OG0004763	intact	True	0.99581	477	True	True
OG0004764	intact	True	0.92918	1299	True	True
OG0004765	invalid ORF: Cx_molestus	False	0.95986	3045	True	False
OG0004766	invalid ORF: Cx_molestus	False	0.98773	978	True	False
OG0004767	intact	True	0.95652	1242	True	True
OG0004768	intact	True	0.97168	1236	True	True
OG0004769	intact	True	0.97836	3975	True	True
OG0004770	intact	True	0.98329	1197	True	True
OG0004771	invalid ORF: Cx_pallens	False	0.9596	1890	True	False
OG0004772	intact	True	0.95083	1200	True	True
OG0004773	intact	True	0.9686	1815	True	True
OG0004774	invalid ORF: Cx_pipiens	False	0.97037	1233	True	False
OG0004775	intact	True	0.9594	1995	True	True
OG0004776	invalid ORF: Cx_molestus,Cx_pipiens	False	0.93696	6315	True	False
OG0004777	invalid ORF: Cx_molestus,Cx_pallens,Cx_pipiens	False	0.85438	2664	True	False
OG0004778	intact	True	0.96501	1686	True	True
OG0004779	invalid ORF: Cx_pallens,Cx_pipiens	False	0.9745	3336	True	False
OG0004780	intact	True	0.93736	453	True	True
OG0004781	intact	True	0.95627	1608	True	True
OG0004782	intact	True	0.96706	1518	True	True
OG0004783	intact	True	0.9622	582	True	True
OG0004784	intact	True	0.95547	786	True	True
OG0004785	intact	True	0.9687	1182	True	True
OG0004786	intact	True	0.97179	390	True	True
OG0004787	intact	True	0.96505	1488	True	True
OG0004788	intact	True	0.96296	864	True	True
OG0004789	intact	True	0.97487	597	True	True
OG0004790	intact	True	0.98512	1008	True	True
OG0004791	invalid ORF: Cx_pallens	False	0.96678	903	True	False
OG0004792	intact	True	0.97436	351	True	True
OG0004793	intact	True	0.97795	771	True	True
OG0004794	intact	True	0.96938	1143	True	True
OG0004795	invalid ORF: Cx_molestus,Cx_pipiens	False	0.98148	216	True	False
OG0004796	intact	True	0.96243	1251	True	True
OG0004797	RefSeq exception	False	0.94656	393	True	False
OG0004798	invalid ORF: Cx_pallens,Cx_pipiens	False	0.80915	1509	True	False
OG0004799	intact	True	0.96104	2079	True	True
OG0004800	intact	True	0.94017	819	True	True
OG0004801	intact	True	0.9674	1227	True	True
OG0004802	intact	True	0.98579	2745	True	True
OG0004803	intact	True	0.95442	1119	True	True
OG0004804	invalid ORF: Cx_pallens	False	0.76314	3009	True	False
OG0004805	invalid ORF: Cx_pipiens	False	0.75263	1914	True	False
OG0004806	intact	True	0.98534	2319	True	True
OG0004807	intact	True	0.96652	11862	True	True
OG0004808	invalid ORF: Cx_molestus,Cx_pallens,Cx_pipiens	False	0.96107	1644	True	False
OG0004809	intact	True	0.97565	657	True	True
OG0004810	intact	True	0.95432	2802	True	True
OG0004811	intact	True	0.97506	5133	True	True
OG0004812	invalid ORF: Cx_molestus,Cx_pallens,Cx_pipiens	False	0.41573	819	True	False
OG0004813	intact	True	0.93443	732	True	True
OG0004814	invalid ORF: Cx_molestus,Cx_pallens,Cx_pipiens	False	0.95148	948	True	False
OG0004815	intact	True	0.97418	426	True	True
OG0004816	invalid ORF: Cx_molestus,Cx_pallens,Cx_pipiens	False	0.93484	399	True	False
OG0004817	intact	True	0.96465	1839	True	True
OG0004818	RefSeq exception	False	0.43825	1764	True	False
OG0004819	RefSeq exception	False	0.77778	1659	True	False
OG0004820	intact	True	0.95628	1098	True	True
OG0004821	intact	True	0.97274	807	True	True
OG0004822	intact	True	0.97415	735	True	True
OG0004823	intact	True	0.97562	3609	True	True
OG0004824	intact	True	0.98193	498	True	True
OG0004826	intact	True	0.96591	1056	True	True
OG0004827	invalid ORF: Cx_pipiens	False	0.52642	3351	True	False
OG0004828	invalid ORF: Cx_molestus	False	0.99051	738	True	False
OG0004829	intact	True	0.95724	1029	True	True
OG0004830	intact	True	0.97197	4032	True	True
OG0004831	intact	True	0.98092	786	True	True
OG0004832	invalid ORF: Cx_pipiens	False	0.98126	1974	True	False
OG0004833	intact	True	0.97436	1716	True	True
OG0004834	intact	True	0.98512	2217	True	True
OG0004835	intact	True	0.97189	1743	True	True
OG0004836	intact	True	0.97967	6885	True	True
OG0004837	intact	True	0.96225	6384	True	True
OG0004838	invalid ORF: Cx_molestus,Cx_pallens,Cx_pipiens	False	0.82954	3702	True	False
OG0004839	invalid ORF: Cx_pallens	False	0.96053	4071	True	False
OG0004840	intact	True	0.95898	1536	True	True
OG0004841	intact	True	0.96407	501	True	True
OG0004842	intact	True	0.96223	1827	True	True
OG0004843	intact	True	0.98341	1989	True	True
OG0004844	intact	True	0.99315	1314	True	True
OG0004845	invalid ORF: Cx_pallens	False	0.69545	8754	True	False
OG0004846	intact	True	0.97088	996	True	True
OG0004847	intact	True	0.95221	858	True	True
OG0004848	intact	True	0.93873	816	True	True
OG0004849	intact	True	0.95883	1263	True	True
OG0004850	intact	True	0.97293	1884	True	True
OG0004851	intact	True	0.97265	2121	True	True
OG0004852	invalid ORF: Cx_molestus,Cx_pipiens	False	0.95724	2970	True	False
OG0004853	intact	True	0.96147	597	True	True
OG0004854	intact	True	0.96601	2442	True	True
OG0004855	invalid ORF: Cx_molestus	False	0.95324	4152	True	False
OG0004856	intact	True	0.97245	2976	True	True
OG0004857	intact	True	0.98318	654	True	True
OG0004858	intact	True	0.98532	477	True	True
OG0004859	intact	True	0.99231	390	True	True
OG0004860	invalid ORF: Cx_molestus,Cx_pallens,Cx_pipiens	False	0.46821	636	True	False
OG0004861	intact	True	0.95674	1017	True	True
OG0004862	intact	True	0.92421	5592	True	True
OG0004863	invalid ORF: Cx_pallens,Cx_pipiens	False	0.36858	1836	True	False
OG0004864	intact	True	0.97044	1353	True	True
OG0004865	intact	True	0.98693	612	True	True
OG0004866	intact	True	0.98542	1584	True	True
OG0004867	invalid ORF: Cx_pallens,Cx_pipiens	False	0.97208	1146	True	False
OG0004868	intact	True	0.97837	3837	True	True
OG0004869	intact	True	0.97804	1002	True	True
OG0004870	intact	True	0.95595	1362	True	True
OG0004871	intact	True	0.96962	3426	True	True
OG0004872	RefSeq exception	False	0.99027	822	True	False
OG0004873	intact	True	0.97372	1332	True	True
OG0004874	RefSeq exception	False	0.57348	894	True	False
OG0004875	intact	True	0.99282	696	True	True
OG0004876	intact	True	0.96091	1944	True	True
OG0004877	RefSeq exception	False	0.55929	1761	True	False
OG0004878	intact	True	0.96106	2571	True	True
OG0004879	intact	True	0.98788	660	True	True
OG0004881	intact	True	0.96917	2076	True	True
OG0004882	invalid ORF: Cx_pallens	False	0.95556	765	True	False
OG0004883	invalid ORF: Cx_pallens	False	0.49116	4059	True	False
OG0004884	intact	True	0.97564	780	True	True
OG0004885	intact	True	0.98013	1812	True	True
OG0004886	intact	True	0.95833	408	True	True
OG0004887	intact	True	0.95388	1431	True	True
OG0004888	invalid ORF: Cx_pallens	False	0.95007	2043	True	False
OG0004889	intact	True	0.97409	579	True	True
OG0004890	intact	True	0.97634	1902	True	True
OG0004891	intact	True	0.97083	480	True	True
OG0004892	invalid ORF: Cx_pipiens	False	0.97964	393	True	False
OG0004893	intact	True	0.97326	561	True	True
OG0004894	invalid ORF: Cx_molestus,Cx_pallens,Cx_pipiens	False	0.4794	4314	True	False
OG0004895	invalid ORF: Cx_molestus,Cx_pallens	False	0.9641	2340	True	False
OG0004896	intact	True	0.9709	756	True	True
OG0004897	intact	True	0.97603	459	True	True
OG0004898	intact	True	0.98757	4269	True	True
OG0004899	invalid ORF: Cx_molestus,Cx_pipiens	False	0.96936	816	True	False
OG0004900	intact	True	0.96912	7221	True	True
OG0004901	intact	True	0.9589	876	True	True
OG0004902	intact	True	0.99297	996	True	True
OG0004903	intact	True	0.94363	1479	True	True
OG0004904	intact	True	0.97859	1401	True	True
OG0004905	invalid ORF: Cx_molestus,Cx_pallens	False	0.96957	1674	True	False
OG0004906	invalid ORF: Cx_molestus	False	0.93752	3441	True	False
OG0004907	intact	True	0.97476	951	True	True
OG0004908	intact	True	0.97674	2322	True	True
OG0004909	invalid ORF: Cx_molestus,Cx_pallens,Cx_pipiens	False	0.97623	1725	True	False
OG0004910	intact	True	0.95465	441	True	True
OG0004911	invalid ORF: Cx_pallens	False	0.99032	1221	True	False
OG0004912	intact	True	0.96986	2289	True	True
OG0004913	intact	True	0.9069	2757	True	True
OG0004914	intact	True	0.95165	2730	True	True
OG0004915	intact	True	0.96409	1977	True	True
OG0004916	intact	True	0.97111	3462	True	True
OG0004917	invalid ORF: Cx_pallens	False	0.41581	873	True	False
OG0004918	intact	True	0.93644	1353	True	True
OG0004919	invalid ORF: Cx_molestus,Cx_pipiens	False	0.60071	1152	True	False
OG0004920	intact	True	0.9387	783	True	True
OG0004921	intact	True	0.93116	552	True	True
OG0004922	intact	True	0.95443	1887	True	True
OG0004923	intact	True	0.96369	2286	True	True
OG0004924	RefSeq exception	False	0.62998	5382	True	False
OG0004925	invalid ORF: Cx_molestus,Cx_pipiens	False	0.40845	1938	True	False
OG0004926	intact	True	0.99011	3060	True	True
OG0004927	intact	True	0.96879	2211	True	True
OG0004928	intact	True	0.94948	5844	True	True
OG0004929	intact	True	0.95414	1788	True	True
OG0004930	RefSeq exception	False	0.71651	3471	True	False
OG0004931	invalid ORF: Cx_pipiens	False	0.96757	1593	True	False
OG0004932	intact	True	0.95578	588	True	True
OG0004933	intact	True	0.96847	2442	True	True
OG0004934	invalid ORF: Cx_pipiens	False	0.97268	972	True	False
OG0004935	RefSeq exception	False	0.72076	1437	True	False
OG0004936	intact	True	0.98623	1743	True	True
OG0004937	intact	True	0.97133	2442	True	True
OG0004938	RefSeq exception	False	0.71745	1056	True	False
OG0004939	intact	True	0.97484	954	True	True
OG0004940	RefSeq exception	False	0.82985	1350	True	False
OG0004941	intact	True	0.97917	960	True	True
OG0004942	intact	True	0.9696	1842	True	True
OG0004943	RefSeq exception	False	0.94198	2934	True	False
OG0004944	intact	True	0.94959	972	True	True
OG0004945	invalid ORF: Cx_pipiens	False	0.95508	846	True	False
OG0004946	RefSeq exception	False	0.71967	1968	True	False
OG0004947	RefSeq exception	False	0.97582	1368	True	False
OG0004948	intact	True	0.94863	837	True	True
OG0004949	invalid ORF: Cx_molestus,Cx_pallens,Cx_pipiens	False	0.82208	987	True	False
OG0004950	RefSeq exception	False	0.871	3789	True	False
OG0004951	RefSeq exception	False	0.62893	636	True	False
OG0004952	intact	True	0.98253	3378	True	True
OG0004953	intact	True	0.98413	567	True	True
OG0004954	intact	True	0.96436	3648	True	True
OG0004955	intact	True	0.96963	1383	True	True
OG0004956	intact	True	0.98804	669	True	True
OG0004957	intact	True	0.96389	1911	True	True
OG0004958	invalid ORF: Cx_pallens,Cx_pipiens	False	0.97517	1047	True	False
OG0004959	intact	True	0.98598	2853	True	True
OG0004960	intact	True	0.96414	1506	True	True
OG0004961	intact	True	0.94406	1287	True	True
OG0004962	intact	True	0.9614	1995	True	True
OG0004963	intact	True	0.97803	2958	True	True
OG0004964	intact	True	0.9698	861	True	True
OG0004965	intact	True	0.97889	1137	True	True
OG0004966	intact	True	0.95722	1683	True	True
OG0004967	intact	True	0.98454	582	True	True
OG0004968	invalid ORF: Cx_pallens,Cx_pipiens	False	0.4	90	False	False
OG0004969	intact	True	0.95059	1197	True	True
OG0004970	invalid ORF: Cx_molestus,Cx_pipiens	False	0.95333	5850	True	False
OG0004971	invalid ORF: Cx_molestus,Cx_pallens	False	0.34515	1428	True	False
OG0004972	intact	True	0.95302	447	True	True
OG0004973	invalid ORF: Cx_molestus	False	0.95922	1128	True	False
OG0004974	invalid ORF: Cx_molestus	False	0.95668	2271	True	False
OG0004975	intact	True	0.93291	1431	True	True
OG0004976	intact	True	0.96151	1221	True	True
OG0004977	invalid ORF: Cx_molestus,Cx_pallens,Cx_pipiens	False	0.65899	3594	True	False
OG0004978	intact	True	0.96341	246	True	True
OG0004979	invalid ORF: Cx_molestus	False	0.97374	2748	True	False
OG0004980	intact	True	0.95007	2127	True	True
OG0004981	intact	True	0.98535	546	True	True
OG0004982	intact	True	0.94431	1257	True	True
OG0004983	invalid ORF: Cx_pallens	False	0.95291	2718	True	False
OG0004984	intact	True	0.92766	1023	True	True
OG0004985	intact	True	0.94845	291	True	True
OG0004986	invalid ORF: Cx_pipiens	False	0.93209	2091	True	False
OG0004987	intact	True	0.94954	753	True	True
OG0004988	RefSeq exception	False	0.58456	1023	True	False
OG0004989	invalid ORF: Cx_pallens	False	0.95152	1815	True	False
OG0004990	intact	True	0.93018	444	True	True
OG0004991	invalid ORF: Cx_pipiens	False	0.96931	6852	True	False
OG0004992	invalid ORF: Cx_pallens,Cx_pipiens	False	0.99546	1245	True	False
OG0004993	invalid ORF: Cx_molestus	False	0.95252	1032	True	False
OG0004994	intact	True	0.98782	657	True	True
OG0004995	intact	True	0.99718	1065	True	True
OG0004996	intact	True	0.97031	2526	True	True
OG0004997	RefSeq exception	False	0.8355	693	True	False
OG0004998	invalid ORF: Cx_molestus	False	0.9598	597	True	False
OG0004999	invalid ORF: Cx_molestus,Cx_pipiens	False	0.96503	858	True	False
OG0005000	intact	True	0.95556	1035	True	True
OG0005001	intact	True	0.9584	1851	True	True
OG0005002	intact	True	0.95843	10272	True	True
OG0005003	invalid ORF: Cx_pallens	False	0.95433	1248	True	False
OG0005004	intact	True	0.9899	594	True	True
OG0005005	intact	True	0.97095	723	True	True
OG0005006	intact	True	0.96667	210	True	True
OG0005007	invalid ORF: Cx_molestus	False	0.95977	522	True	False
OG0005008	intact	True	0.97736	3048	True	True
OG0005009	invalid ORF: Cx_molestus,Cx_pallens,Cx_pipiens	False	0.89894	4356	True	False
OG0005010	intact	True	0.95473	243	True	True
OG0005011	intact	True	0.97541	2199	True	True
OG0005012	intact	True	0.97789	588	True	True
OG0005013	intact	True	0.96138	984	True	True
OG0005014	intact	True	0.97338	789	True	True
OG0005015	intact	True	0.965	2889	True	True
OG0005016	invalid ORF: Cx_molestus,Cx_pallens,Cx_pipiens	False	0.94545	495	True	False
OG0005017	invalid ORF: Cx_molestus,Cx_pallens,Cx_pipiens	False	0.98317	1251	True	False
OG0005018	intact	True	0.97917	672	True	True
OG0005019	intact	True	0.98558	2850	True	True
OG0005020	intact	True	0.9808	2604	True	True
OG0005021	intact	True	0.97139	3285	True	True
OG0005022	intact	True	0.9781	1233	True	True
OG0005023	intact	True	0.97649	4722	True	True
OG0005024	intact	True	0.99069	537	True	True
OG0005025	intact	True	0.97588	456	True	True
OG0005026	invalid ORF: Cx_pallens	False	1.0	126	False	False
OG0005027	intact	True	0.97835	462	True	True
OG0005028	intact	True	0.95433	1467	True	True
OG0005029	invalid ORF: Cx_molestus,Cx_pallens	False	0.96053	459	True	False
OG0005030	intact	True	0.94789	1113	True	True
OG0005031	intact	True	0.9454	3159	True	True
OG0005032	intact	True	0.95875	1503	True	True
OG0005033	invalid ORF: Cx_pallens	False	0.94048	1428	True	False
OG0005034	invalid ORF: Cx_molestus,Cx_pipiens	False	0.95645	2082	True	False
OG0005035	intact	True	0.95756	3534	True	True
OG0005036	intact	True	0.95462	2556	True	True
OG0005037	intact	True	0.93035	402	True	True
OG0005038	invalid ORF: Cx_molestus,Cx_pallens,Cx_pipiens	False	0.95031	1590	True	False
OG0005039	invalid ORF: Cx_molestus,Cx_pallens	False	0.95161	1128	True	False
OG0005040	intact	True	0.95637	1398	True	True
OG0005041	intact	True	0.95466	2889	True	True
OG0005042	intact	True	0.95477	1437	True	True
OG0005043	RefSeq exception	False	0.44621	2547	True	False
OG0005044	invalid ORF: Cx_molestus	False	0.98045	2154	True	False
OG0005045	intact	True	0.95995	1698	True	True
OG0005046	invalid ORF: Cx_molestus	False	0.9836	1524	True	False
OG0005047	invalid ORF: Cx_molestus	False	0.96159	1614	True	False
OG0005048	intact	True	0.97676	1506	True	True
OG0005049	intact	True	0.93488	1290	True	True
OG0005050	intact	True	0.96311	759	True	True
OG0005051	intact	True	0.98538	342	True	True
OG0005052	intact	True	0.97358	492	True	True
OG0005053	invalid ORF: Cx_molestus	False	0.97222	396	True	False
OG0005054	intact	True	0.97689	5196	True	True
OG0005055	intact	True	0.97135	1152	True	True
OG0005056	intact	True	0.96224	1710	True	True
OG0005057	intact	True	0.95399	3021	True	True
OG0005058	intact	True	0.95238	714	True	True
OG0005059	intact	True	0.96447	6360	True	True
OG0005060	intact	True	0.93954	1890	True	True
OG0005061	intact	True	0.9958	714	True	True
OG0005062	intact	True	0.97407	1620	True	True
OG0005063	intact	True	0.96195	1971	True	True
OG0005064	invalid ORF: Cx_pallens	False	0.95523	4473	True	False
OG0005065	invalid ORF: Cx_molestus,Cx_pallens,Cx_pipiens	False	0.97391	690	True	False
OG0005066	invalid ORF: Cx_molestus,Cx_pallens,Cx_pipiens	False	0.93423	669	True	False
OG0005067	intact	True	0.9697	1434	True	True
OG0005068	RefSeq exception	False	0.64115	1296	True	False
OG0005069	invalid ORF: Cx_molestus	False	0.95862	2610	True	False
OG0005070	RefSeq exception	False	0.85333	1620	True	False
OG0005071	invalid ORF: Cx_molestus	False	0.79292	1842	True	False
OG0005072	intact	True	0.95748	588	True	True
OG0005073	intact	True	0.94577	627	True	True
OG0005074	intact	True	0.97872	705	True	True
OG0005075	intact	True	0.99543	219	True	True
OG0005076	intact	True	0.97602	834	True	True
OG0005077	intact	True	0.95285	1845	True	True
OG0005078	invalid ORF: Cx_molestus	False	0.8368	1011	True	False
OG0005079	intact	True	0.96032	1512	True	True
OG0005080	invalid ORF: Cx_molestus	False	0.97665	5544	True	False
OG0005081	intact	True	0.97705	1014	True	True
OG0005083	invalid ORF: Cx_molestus,Cx_pallens,Cx_pipiens	False	0.9345	1374	True	False
OG0005084	intact	True	0.94428	1005	True	True
OG0005085	intact	True	0.95882	3354	True	True
OG0005086	intact	True	0.95722	1800	True	True
OG0005087	intact	True	0.95987	5034	True	True
OG0005088	intact	True	0.95721	888	True	True
OG0005089	intact	True	0.96389	720	True	True
OG0005090	intact	True	0.95393	1476	True	True
OG0005091	intact	True	0.98004	501	True	True
OG0005092	invalid ORF: Cx_molestus,Cx_pipiens	False	0.5771	1383	True	False
OG0005093	intact	True	0.96458	3021	True	True
OG0005094	invalid ORF: Cx_pallens,Cx_pipiens	False	0.98788	330	True	False
OG0005095	invalid ORF: Cx_molestus	False	0.61698	1530	True	False
OG0005096	RefSeq exception	False	0.47006	2334	True	False
OG0005097	RefSeq exception	False	0.86852	1956	True	False
OG0005098	invalid ORF: Cx_molestus,Cx_pipiens	False	0.9614	2967	True	False
OG0005099	intact	True	0.95041	1230	True	True
OG0005100	invalid ORF: Cx_pipiens	False	0.87532	2727	True	False
OG0005101	intact	True	0.96554	1422	True	True
OG0005102	intact	True	0.97498	3237	True	True
OG0005103	intact	True	0.97698	1260	True	True
OG0005104	intact	True	0.94964	834	True	True
OG0005105	intact	True	0.99234	1044	True	True
OG0005106	intact	True	0.97656	384	True	True
OG0005107	intact	True	0.96934	3033	True	True
OG0005108	invalid ORF: Cx_molestus	False	0.96914	4944	True	False
OG0005109	invalid ORF: Cx_molestus	False	0.97778	270	True	False
OG0005110	intact	True	0.96283	3228	True	True
OG0005111	intact	True	0.97508	1488	True	True
OG0005112	invalid ORF: Cx_molestus	False	0.97318	1044	True	False
OG0005113	intact	True	0.96921	6303	True	True
OG0005114	intact	True	0.96627	1008	True	True
OG0005115	intact	True	0.95311	1365	True	True
OG0005116	intact	True	0.98482	1713	True	True
OG0005117	intact	True	0.98092	786	True	True
OG0005118	invalid ORF: Cx_molestus,Cx_pallens,Cx_pipiens	False	0.9644	927	True	False
OG0005119	intact	True	0.94682	771	True	True
OG0005120	invalid ORF: Cx_molestus,Cx_pallens,Cx_pipiens	False	0.41127	1302	True	False
OG0005121	invalid ORF: Cx_pipiens	False	0.83407	705	True	False
OG0005122	intact	True	0.97757	2541	True	True
OG0005123	intact	True	0.97447	666	True	True
OG0005124	RefSeq exception	False	0.59363	3378	True	False
OG0005125	RefSeq exception	False	0.81667	999	True	False
OG0005126	intact	True	0.96463	735	True	True
OG0005127	intact	True	0.9697	957	True	True
OG0005128	intact	True	0.97469	4662	True	True
OG0005129	intact	True	0.97045	1692	True	True
OG0005130	RefSeq exception	False	0.87634	5961	True	False
OG0005131	invalid ORF: Cx_molestus	False	0.96727	2139	True	False
OG0005132	intact	True	0.98309	414	True	True
OG0005133	intact	True	0.96764	1638	True	True
OG0005134	RefSeq exception	False	0.38366	2439	True	False
OG0005135	RefSeq exception	False	0.68793	5664	True	False
OG0005136	intact	True	0.97731	1146	True	True
OG0005137	RefSeq exception	False	0.526	7077	True	False
OG0005138	RefSeq exception	False	0.92185	1494	True	False
OG0005139	intact	True	0.96117	4635	True	True
OG0005140	intact	True	0.96481	2586	True	True
OG0005141	invalid ORF: Cx_pallens	False	0.95695	2346	True	False
OG0005142	intact	True	0.95835	12462	True	True
OG0005143	intact	True	0.96449	1239	True	True
OG0005144	intact	True	0.96456	2370	True	True
OG0005145	intact	True	0.98045	2097	True	True
OG0005146	invalid ORF: Cx_molestus	False	0.96418	1368	True	False
OG0005147	intact	True	0.9681	2100	True	True
OG0005148	intact	True	0.97174	1380	True	True
OG0005149	invalid ORF: Cx_pallens,Cx_pipiens	False	0.79572	1425	True	False
OG0005150	intact	True	0.96396	1443	True	True
OG0005151	intact	True	0.97148	1122	True	True
OG0005152	intact	True	0.96778	3042	True	True
OG0005153	intact	True	0.97545	1833	True	True
OG0005154	intact	True	0.93051	921	True	True
OG0005155	invalid ORF: Cx_pallens,Cx_pipiens	False	0.97732	795	True	False
OG0005156	intact	True	0.94777	2604	True	True
OG0005157	intact	True	0.96381	2901	True	True
OG0005158	intact	True	0.96497	942	True	True
OG0005159	intact	True	0.95915	2448	True	True
OG0005160	intact	True	0.97202	2073	True	True
OG0005161	invalid ORF: Cx_pipiens	False	0.7792	8646	True	False
OG0005162	invalid ORF: Cx_pallens	False	0.90422	3153	True	False
OG0005163	RefSeq exception	False	0.76873	8091	True	False
OG0005164	invalid ORF: Cx_molestus	False	0.9561	615	True	False
OG0005165	intact	True	0.97016	1575	True	True
OG0005166	invalid ORF: Cx_molestus,Cx_pallens,Cx_pipiens	False	NA	1413	True	False
OG0005167	intact	True	0.98364	489	True	True
OG0005168	intact	True	0.94719	1212	True	True
OG0005169	intact	True	0.95375	1254	True	True
OG0005170	RefSeq exception	False	0.50667	1641	True	False
OG0005171	intact	True	0.96759	3024	True	True
OG0005172	intact	True	0.9616	651	True	True
OG0005173	invalid ORF: Cx_molestus,Cx_pallens,Cx_pipiens	False	0.9622	1911	True	False
OG0005174	invalid ORF: Cx_molestus,Cx_pipiens	False	0.9291	945	True	False
OG0005175	invalid ORF: Cx_molestus,Cx_pipiens	False	0.92441	7827	True	False
OG0005176	RefSeq exception	False	0.83281	3009	True	False
OG0005177	intact	True	0.96096	3099	True	True
OG0005178	intact	True	0.94849	1029	True	True
OG0005179	intact	True	0.96432	1065	True	True
OG0005180	intact	True	0.95807	954	True	True
OG0005181	intact	True	0.97113	381	True	True
OG0005182	intact	True	0.96164	1173	True	True
OG0005183	intact	True	0.92931	1443	True	True
OG0005184	intact	True	0.96805	1158	True	True
OG0005185	intact	True	0.96498	5460	True	True
OG0005186	intact	True	0.95987	2787	True	True
OG0005187	intact	True	0.95907	6132	True	True
OG0005188	invalid ORF: Cx_pipiens	False	0.98214	168	True	False
OG0005189	intact	True	0.96909	2232	True	True
OG0005190	intact	True	0.96899	3870	True	True
OG0005191	intact	True	0.98513	1278	True	True
OG0005192	invalid ORF: Cx_pipiens	False	0.93614	4713	True	False
OG0005193	RefSeq exception	False	NA	5136	True	False
OG0005194	intact	True	0.96887	771	True	True
OG0005195	RefSeq exception	False	0.89317	1521	True	False
OG0005196	intact	True	0.93333	1425	True	True
OG0005197	invalid ORF: Cx_molestus,Cx_pallens	False	0.97028	471	True	False
OG0005198	intact	True	0.97619	630	True	True
OG0005199	invalid ORF: Cx_molestus	False	0.95438	1644	True	False
OG0005200	intact	True	0.95104	1920	True	True
OG0005201	intact	True	0.95393	369	True	True
OG0005202	intact	True	0.88382	1446	True	True
OG0005203	RefSeq exception	False	0.81701	1011	True	False
OG0005204	invalid ORF: Cx_pipiens	False	0.94698	1773	True	False
OG0005205	intact	True	0.97489	1314	True	True
OG0005206	invalid ORF: Cx_molestus,Cx_pallens,Cx_pipiens	False	0.98338	1143	True	False
OG0005207	invalid ORF: Cx_molestus,Cx_pallens,Cx_pipiens	False	0.34454	1395	True	False
OG0005208	invalid ORF: Cx_molestus,Cx_pallens,Cx_pipiens	False	0.73867	2751	True	False
OG0005209	intact	True	0.92901	324	True	True
OG0005210	RefSeq exception	False	0.48951	1890	True	False
OG0005211	invalid ORF: Cx_molestus,Cx_pallens	False	0.79828	4626	True	False
OG0005212	invalid ORF: Cx_molestus,Cx_pallens	False	0.9697	1584	True	False
OG0005213	invalid ORF: Cx_molestus	False	0.97103	2382	True	False
OG0005214	intact	True	0.9868	606	True	True
OG0005215	RefSeq exception	False	0.85682	1767	True	False
OG0005216	intact	True	0.96095	2433	True	True
OG0005217	intact	True	0.9914	1512	True	True
OG0005218	intact	True	0.97673	1332	True	True
OG0005219	invalid ORF: Cx_pallens	False	0.97126	870	True	False
OG0005220	intact	True	0.95879	1626	True	True
OG0005221	intact	True	0.96847	2664	True	True
OG0005222	intact	True	0.97287	516	True	True
OG0005223	intact	True	0.98992	1290	True	True
OG0005224	intact	True	0.97695	1041	True	True
OG0005225	intact	True	0.96346	903	True	True
OG0005226	invalid ORF: Cx_pipiens	False	0.99667	300	True	False
OG0005227	intact	True	0.97013	1875	True	True
OG0005228	intact	True	0.96581	351	True	True
OG0005229	invalid ORF: Cx_molestus,Cx_pallens	False	0.44357	2589	True	False
OG0005230	invalid ORF: Cx_molestus	False	0.9302	1404	True	False
OG0005231	intact	True	0.95577	633	True	True
OG0005232	invalid ORF: Cx_molestus,Cx_pallens,Cx_pipiens	False	0.36334	1809	True	False
OG0005233	intact	True	0.9399	4857	True	True
OG0005234	invalid ORF: Cx_molestus,Cx_pallens	False	0.95833	648	True	False
OG0005235	intact	True	0.98929	840	True	True
OG0005236	intact	True	0.99556	225	True	True
OG0005237	intact	True	0.93167	600	True	True
OG0005238	intact	True	0.96468	2067	True	True
OG0005239	intact	True	0.95502	867	True	True
OG0005240	intact	True	0.97746	1065	True	True
OG0005241	intact	True	0.97947	2292	True	True
OG0005242	intact	True	0.96665	4629	True	True
OG0005243	intact	True	0.98208	1395	True	True
OG0005244	intact	True	0.97285	7476	True	True
OG0005245	intact	True	0.97293	702	True	True
OG0005247	invalid ORF: Cx_molestus	False	0.98627	2688	True	False
OG0005248	invalid ORF: Cx_pallens,Cx_pipiens	False	0.98028	507	True	False
OG0005249	invalid ORF: Cx_molestus,Cx_pallens	False	0.36232	1821	True	False
OG0005250	intact	True	0.96006	5709	True	True
OG0005251	intact	True	0.97507	762	True	True
OG0005252	invalid ORF: Cx_molestus	False	0.47879	1986	True	False
OG0005253	intact	True	0.98014	705	True	True
OG0005254	intact	True	0.97881	2454	True	True
OG0005255	intact	True	0.99031	1032	True	True
OG0005256	intact	True	0.97433	2532	True	True
OG0005257	intact	True	0.98539	1095	True	True
OG0005258	intact	True	0.98482	1581	True	True
OG0005259	invalid ORF: Cx_molestus,Cx_pallens,Cx_pipiens	False	0.40106	2361	True	False
OG0005260	intact	True	0.97358	1287	True	True
OG0005261	intact	True	0.96339	1803	True	True
OG0005262	invalid ORF: Cx_molestus	False	0.97863	234	True	False
OG0005263	invalid ORF: Cx_pallens	False	0.96709	2127	True	False
OG0005264	intact	True	0.98684	456	True	True
OG0005265	invalid ORF: Cx_molestus,Cx_pallens,Cx_pipiens	False	0.91556	522	True	False
OG0005266	intact	True	0.98368	1287	True	True
OG0005267	intact	True	0.9602	1611	True	True
OG0005268	intact	True	0.96754	4251	True	True
OG0005269	intact	True	0.94578	1623	True	True
OG0005270	RefSeq exception	False	0.73433	1920	True	False
OG0005271	intact	True	0.9687	1182	True	True
OG0005272	intact	True	0.98911	2115	True	True
OG0005273	invalid ORF: Cx_pallens	False	0.97383	1608	True	False
OG0005275	invalid ORF: Cx_pallens	False	0.93959	2061	True	False
OG0005276	intact	True	0.98338	2106	True	True
OG0005277	invalid ORF: Cx_molestus,Cx_pallens,Cx_pipiens	False	0.98231	7011	True	False
OG0005278	intact	True	0.97111	2703	True	True
OG0005279	invalid ORF: Cx_pipiens	False	0.98623	1017	True	False
OG0005280	invalid ORF: Cx_molestus	False	0.96296	189	True	False
OG0005281	intact	True	0.93839	1899	True	True
OG0005282	invalid ORF: Cx_molestus	False	0.96812	906	True	False
OG0005283	intact	True	0.9557	903	True	True
OG0005284	intact	True	0.97806	1413	True	True
OG0005285	intact	True	0.97344	1506	True	True
OG0005286	intact	True	0.9703	909	True	True
OG0005287	intact	True	0.96569	1749	True	True
OG0005288	invalid ORF: Cx_molestus,Cx_pallens,Cx_pipiens	False	0.95945	2022	True	False
OG0005289	intact	True	0.95906	684	True	True
OG0005290	intact	True	0.95499	822	True	True
OG0005291	intact	True	0.97503	921	True	True
OG0005292	intact	True	0.98723	705	True	True
OG0005293	intact	True	0.96378	2457	True	True
OG0005294	invalid ORF: Cx_pallens,Cx_pipiens	False	0.94068	708	True	False
OG0005295	invalid ORF: Cx_pallens	False	0.98695	1149	True	False
OG0005296	intact	True	0.97732	1323	True	True
OG0005297	invalid ORF: Cx_pallens	False	0.95926	2265	True	False
OG0005298	intact	True	0.95056	708	True	True
OG0005299	invalid ORF: Cx_molestus	False	0.80781	2586	True	False
OG0005300	intact	True	0.9393	939	True	True
OG0005301	intact	True	0.97374	3999	True	True
OG0005302	intact	True	0.97022	1209	True	True
OG0005303	intact	True	0.97752	1290	True	True
OG0005304	intact	True	0.96008	1503	True	True
OG0005305	invalid ORF: Cx_pipiens	False	0.96315	1452	True	False
OG0005306	invalid ORF: Cx_molestus	False	1.0	297	True	False
OG0005307	intact	True	0.9692	1104	True	True
OG0005308	intact	True	0.96882	1860	True	True
OG0005309	intact	True	0.96993	1530	True	True
OG0005310	intact	True	0.98387	744	True	True
OG0005311	intact	True	0.97446	2943	True	True
OG0005312	invalid ORF: Cx_molestus	False	0.95818	1602	True	False
OG0005313	invalid ORF: Cx_molestus,Cx_pipiens	False	0.98116	2442	True	False
OG0005314	intact	True	0.97017	3084	True	True
OG0005315	intact	True	0.92788	513	True	True
OG0005316	intact	True	0.97427	2604	True	True
OG0005317	intact	True	0.97577	2187	True	True
OG0005318	invalid ORF: Cx_molestus	False	0.93137	621	True	False
OG0005319	intact	True	0.96117	618	True	True
OG0005320	RefSeq exception	False	0.95605	6687	True	False
OG0005321	RefSeq exception	False	0.32169	1713	True	False
OG0005322	invalid ORF: Cx_molestus	False	0.48532	2658	True	False
OG0005323	invalid ORF: Cx_pipiens	False	0.9652	4626	True	False
OG0005324	RefSeq exception	False	0.33717	1716	True	False
OG0005325	intact	True	0.9837	678	True	True
OG0005326	invalid ORF: Cx_molestus,Cx_pallens	False	0.95062	81	False	False
OG0005327	invalid ORF: Cx_molestus	False	0.97152	597	True	False
OG0005328	intact	True	0.97298	3294	True	True
OG0005329	intact	True	0.97056	3159	True	True
OG0005330	intact	True	0.97363	948	True	True
OG0005331	intact	True	0.97965	1032	True	True
OG0005332	intact	True	0.99327	297	True	True
OG0005333	intact	True	0.97678	1335	True	True
OG0005334	invalid ORF: Cx_pipiens	False	0.94715	5409	True	False
OG0005335	intact	True	0.97214	1077	True	True
OG0005336	intact	True	0.97058	2901	True	True
OG0005337	intact	True	0.99708	1026	True	True
OG0005338	invalid ORF: Cx_molestus	False	0.98866	441	True	False
OG0005339	intact	True	0.99091	330	True	True
OG0005340	intact	True	0.97278	1653	True	True
OG0005341	intact	True	0.9798	1089	True	True
OG0005342	intact	True	0.99415	342	True	True
OG0005343	intact	True	0.97992	2391	True	True
OG0005344	intact	True	0.96042	480	True	True
OG0005345	intact	True	0.98241	2274	True	True
OG0005346	intact	True	0.97667	600	True	True
OG0005347	intact	True	0.97965	1671	True	True
OG0005348	intact	True	0.96211	2085	True	True
OG0005349	intact	True	0.9696	8355	True	True
OG0005350	invalid ORF: Cx_molestus,Cx_pipiens	False	0.95867	771	True	False
OG0005351	invalid ORF: Cx_pallens,Cx_pipiens	False	0.96893	2382	True	False
OG0005352	intact	True	0.96296	1026	True	True
OG0005353	intact	True	0.97436	585	True	True
OG0005354	intact	True	0.96288	1374	True	True
OG0005355	intact	True	0.9689	2160	True	True
OG0005356	intact	True	0.95682	579	True	True
OG0005357	invalid ORF: Cx_pallens,Cx_pipiens	False	0.73396	8772	True	False
OG0005358	invalid ORF: Cx_pallens	False	0.98693	504	True	False
OG0005359	invalid ORF: Cx_pipiens	False	0.97705	2754	True	False
OG0005360	intact	True	0.97152	948	True	True
OG0005361	invalid ORF: Cx_molestus,Cx_pallens,Cx_pipiens	False	0.6299	1857	True	False
OG0005362	intact	True	0.96634	2169	True	True
OG0005363	RefSeq exception	False	0.72587	1293	True	False
OG0005364	intact	True	0.97763	447	True	True
OG0005365	intact	True	0.9803	660	True	True
OG0005366	intact	True	0.97875	1365	True	True
OG0005367	intact	True	0.96471	2097	True	True
OG0005368	intact	True	0.95347	1569	True	True
OG0005369	intact	True	0.9538	909	True	True
OG0005370	intact	True	0.9787	939	True	True
OG0005371	intact	True	0.96057	1116	True	True
OG0005372	intact	True	0.97147	3645	True	True
OG0005373	intact	True	0.97183	426	True	True
OG0005374	invalid ORF: Cx_pallens,Cx_pipiens	False	0.669	2139	True	False
OG0005375	intact	True	0.96842	285	True	True
OG0005376	invalid ORF: Cx_pipiens	False	0.9485	1068	True	False
OG0005377	intact	True	0.91708	1218	True	True
OG0005378	intact	True	0.95402	1044	True	True
OG0005379	invalid ORF: Cx_molestus	False	0.94459	10302	True	False
OG0005380	intact	True	0.97325	1713	True	True
OG0005381	intact	True	0.9875	960	True	True
OG0005382	intact	True	0.97956	1125	True	True
OG0005383	intact	True	0.98157	651	True	True
OG0005384	intact	True	0.96816	3747	True	True
OG0005385	invalid ORF: Cx_pipiens	False	0.94902	2244	True	False
OG0005386	intact	True	0.96682	633	True	True
OG0005387	intact	True	0.9787	4512	True	True
OG0005388	invalid ORF: Cx_pallens	False	0.47033	5841	True	False
OG0005389	intact	True	0.97795	2766	True	True
OG0005390	intact	True	0.95946	666	True	True
OG0005391	intact	True	0.99183	750	True	True
OG0005392	intact	True	0.99286	981	True	True
OG0005393	intact	True	0.9534	1545	True	True
OG0005394	intact	True	0.97448	627	True	True
OG0005395	intact	True	0.98551	1311	True	True
OG0005396	invalid ORF: Cx_molestus	False	0.67301	1662	True	False
OG0005397	invalid ORF: Cx_molestus,Cx_pipiens	False	0.97297	558	True	False
OG0005398	intact	True	0.94226	762	True	True
OG0005399	intact	True	0.97475	1188	True	True
OG0005400	intact	True	0.95421	939	True	True
OG0005401	intact	True	0.97619	714	True	True
OG0005402	intact	True	0.98	750	True	True
OG0005403	invalid ORF: Cx_pipiens	False	0.95177	1410	True	False
OG0005404	invalid ORF: Cx_pipiens	False	0.95402	348	True	False
OG0005405	intact	True	0.98747	399	True	True
OG0005406	intact	True	0.92143	1680	True	True
OG0005407	intact	True	0.97059	816	True	True
OG0005408	invalid ORF: Cx_pallens	False	0.94683	3540	True	False
OG0005409	intact	True	0.94253	609	True	True
OG0005410	intact	True	0.95152	825	True	True
OG0005411	invalid ORF: Cx_molestus,Cx_pipiens	False	0.38058	846	True	False
OG0005412	invalid ORF: Cx_molestus	False	0.9711	3495	True	False
OG0005413	invalid ORF: Cx_molestus,Cx_pallens,Cx_pipiens	False	0.33478	753	True	False
OG0005414	intact	True	0.95091	876	True	True
OG0005415	invalid ORF: Cx_molestus	False	0.94444	828	True	False
OG0005416	intact	True	0.97355	1815	True	True
OG0005417	intact	True	0.9636	3324	True	True
OG0005418	intact	True	0.97083	1200	True	True
OG0005419	invalid ORF: Cx_pallens,Cx_pipiens	False	0.97304	6933	True	False
OG0005420	intact	True	0.97867	2016	True	True
OG0005421	intact	True	0.9876	645	True	True
OG0005422	invalid ORF: Cx_molestus,Cx_pallens,Cx_pipiens	False	0.95819	885	True	False
OG0005423	intact	True	0.98333	300	True	True
OG0005424	RefSeq exception	False	0.78129	2340	True	False
OG0005425	intact	True	0.98763	1626	True	True
OG0005426	intact	True	0.97271	513	True	True
OG0005427	RefSeq exception	False	0.44391	1413	True	False
OG0005428	intact	True	0.975	1200	True	True
OG0005429	RefSeq exception	False	0.36734	4374	True	False
OG0005430	RefSeq exception	False	0.37333	354	True	False
OG0005431	RefSeq exception	False	0.95203	2859	True	False
OG0005432	RefSeq exception	False	0.55945	4434	True	False
OG0005433	intact	True	0.98087	2196	True	True
OG0005434	intact	True	0.99036	1245	True	True
OG0005435	intact	True	0.94438	2715	True	True
OG0005436	invalid ORF: Cx_pipiens	False	0.9651	1977	True	False
OG0005437	intact	True	0.96359	2115	True	True
OG0005438	intact	True	0.97549	408	True	True
OG0005439	invalid ORF: Cx_molestus	False	0.97085	5550	True	False
OG0005440	intact	True	0.95223	3894	True	True
OG0005441	invalid ORF: Cx_pallens	False	0.97222	4143	True	False
OG0005442	intact	True	0.97572	453	True	True
OG0005443	intact	True	0.96962	1218	True	True
OG0005444	intact	True	0.97154	1827	True	True
OG0005445	intact	True	0.95778	1137	True	True
OG0005446	invalid ORF: Cx_pipiens	False	0.93384	786	True	False
OG0005447	intact	True	0.97522	5085	True	True
OG0005448	intact	True	0.95624	1554	True	True
OG0005449	intact	True	0.96086	1482	True	True
OG0005450	intact	True	0.96398	1305	True	True
OG0005451	invalid ORF: Cx_molestus,Cx_pallens,Cx_pipiens	False	0.93629	2187	True	False
OG0005452	intact	True	0.97013	1674	True	True
OG0005453	invalid ORF: Cx_molestus	False	0.66667	1857	True	False
OG0005454	intact	True	0.975	960	True	True
OG0005455	intact	True	0.94502	873	True	True
OG0005456	intact	True	0.95013	1524	True	True
OG0005457	RefSeq exception	False	0.81788	3309	True	False
OG0005458	intact	True	0.94823	1410	True	True
OG0005459	intact	True	0.96857	1368	True	True
OG0005460	intact	True	0.94626	1656	True	True
OG0005461	RefSeq exception	False	0.7078	5208	True	False
OG0005462	intact	True	0.97858	747	True	True
OG0005463	intact	True	0.96501	2658	True	True
OG0005464	intact	True	0.97806	957	True	True
OG0005465	RefSeq exception	False	0.69522	2673	True	False
OG0005466	intact	True	0.97164	5538	True	True
OG0005467	intact	True	0.96575	438	True	True
OG0005468	invalid ORF: Cx_pallens	False	0.95638	1536	True	False
OG0005469	intact	True	0.96594	1791	True	True
OG0005470	intact	True	0.97283	552	True	True
OG0005471	intact	True	0.98267	1500	True	True
OG0005472	intact	True	0.97581	951	True	True
OG0005473	intact	True	0.95997	3447	True	True
OG0005474	intact	True	0.97421	507	True	True
OG0005475	intact	True	0.96955	6009	True	True
OG0005476	intact	True	0.96426	1539	True	True
OG0005477	intact	True	0.92837	729	True	True
OG0005478	intact	True	0.94923	906	True	True
OG0005479	invalid ORF: Cx_molestus	False	0.96894	3252	True	False
OG0005480	intact	True	0.95211	2589	True	True
OG0005481	intact	True	0.97516	765	True	True
OG0005482	intact	True	0.95254	927	True	True
OG0005483	invalid ORF: Cx_molestus,Cx_pallens	False	0.96304	5079	True	False
OG0005484	intact	True	0.9633	654	True	True
OG0005485	intact	True	0.93691	1062	True	True
OG0005486	RefSeq exception	False	0.64997	1830	True	False
OG0005487	RefSeq exception	False	0.6708	1323	True	False
OG0005488	intact	True	0.9619	735	True	True
OG0005489	invalid ORF: Cx_pallens,Cx_pipiens	False	0.95328	3642	True	False
OG0005490	RefSeq exception	False	0.5774	1197	True	False
OG0005491	intact	True	0.98473	393	True	True
OG0005492	intact	True	0.9682	1701	True	True
OG0005493	intact	True	0.94776	804	True	True
OG0005494	invalid ORF: Cx_molestus	False	0.93578	1635	True	False
OG0005495	intact	True	0.97683	1122	True	True
OG0005496	invalid ORF: Cx_molestus,Cx_pallens,Cx_pipiens	False	0.9419	327	True	False
OG0005497	RefSeq exception	False	0.94978	1812	True	False
OG0005498	invalid ORF: Cx_molestus	False	0.95299	981	True	False
OG0005499	intact	True	0.97101	345	True	True
OG0005500	invalid ORF: Cx_molestus,Cx_pallens,Cx_pipiens	False	0.96339	1038	True	False
OG0005501	intact	True	0.96608	1887	True	True
OG0005502	intact	True	0.98172	930	True	True
OG0005503	intact	True	0.97275	954	True	True
OG0005504	intact	True	0.96206	3585	True	True
OG0005505	intact	True	0.97315	447	True	True
OG0005506	intact	True	0.9649	4305	True	True
OG0005507	intact	True	0.98127	2937	True	True
OG0005508	intact	True	0.99077	1626	True	True
OG0005509	intact	True	0.97541	1911	True	True
OG0005510	intact	True	0.9607	696	True	True
OG0005511	invalid ORF: Cx_molestus,Cx_pallens,Cx_pipiens	False	0.54304	6180	True	False
OG0005512	intact	True	0.96667	1050	True	True
OG0005513	intact	True	0.97446	744	True	True
OG0005514	intact	True	0.95304	1299	True	True
OG0005515	intact	True	0.94781	4503	True	True
OG0005516	invalid ORF: Cx_molestus,Cx_pipiens	False	0.54046	2040	True	False
OG0005517	intact	True	0.96548	840	True	True
OG0005519	intact	True	0.97759	11541	True	True
OG0005520	intact	True	0.97304	4158	True	True
OG0005521	intact	True	0.99219	768	True	True
OG0005522	intact	True	0.9801	402	True	True
OG0005523	intact	True	0.95973	447	True	True
OG0005524	intact	True	0.9726	438	True	True
OG0005525	invalid ORF: Cx_pipiens	False	0.96337	1515	True	False
OG0005526	invalid ORF: Cx_pallens	False	0.96378	1629	True	False
OG0005527	intact	True	0.96244	852	True	True
OG0005528	intact	True	0.94732	987	True	True
OG0005529	intact	True	0.95102	2940	True	True
OG0005530	intact	True	0.96005	2556	True	True
OG0005531	invalid ORF: Cx_molestus	False	0.98087	732	True	False
OG0005532	invalid ORF: Cx_molestus,Cx_pipiens	False	0.96552	1518	True	False
OG0005533	invalid ORF: Cx_pallens	False	0.96752	2001	True	False
OG0005534	intact	True	0.95246	3786	True	True
OG0005535	invalid ORF: Cx_molestus,Cx_pipiens	False	0.9798	969	True	False
OG0005536	intact	True	0.96177	654	True	True
OG0005537	intact	True	0.95259	2067	True	True
OG0005538	intact	True	0.95007	1362	True	True
OG0005539	RefSeq exception	False	0.5218	2517	True	False
OG0005540	intact	True	0.96991	432	True	True
OG0005541	intact	True	0.96907	1164	True	True
OG0005542	intact	True	0.96461	876	True	True
OG0005543	intact	True	0.9765	1617	True	True
OG0005544	intact	True	0.97296	2259	True	True
OG0005545	invalid ORF: Cx_molestus,Cx_pallens,Cx_pipiens	False	0.95985	1893	True	False
OG0005546	intact	True	0.97773	2877	True	True
OG0005547	intact	True	0.96883	738	True	True
OG0005548	invalid ORF: Cx_molestus,Cx_pallens,Cx_pipiens	False	0.69082	1719	True	False
OG0005549	intact	True	0.97917	720	True	True
OG0005550	intact	True	0.96928	1530	True	True
OG0005551	intact	True	0.94744	6135	True	True
OG0005552	intact	True	0.96782	777	True	True
OG0005553	intact	True	0.97941	2091	True	True
OG0005554	invalid ORF: Cx_molestus,Cx_pallens	False	0.99454	183	True	False
OG0005555	invalid ORF: Cx_molestus,Cx_pallens,Cx_pipiens	False	0.96333	900	True	False
OG0005556	intact	True	0.99089	549	True	True
OG0005557	RefSeq exception	False	0.72349	4659	True	False
OG0005558	RefSeq exception	False	0.69082	1290	True	False
OG0005559	RefSeq exception	False	0.59867	687	True	False
OG0005560	invalid ORF: Cx_molestus,Cx_pallens	False	0.42857	1803	True	False
OG0005561	intact	True	0.97913	3165	True	True
OG0005562	intact	True	0.96831	852	True	True
OG0005563	invalid ORF: Cx_molestus	False	0.96375	4524	True	False
OG0005564	invalid ORF: Cx_molestus,Cx_pallens,Cx_pipiens	False	0.92934	1203	True	False
OG0005565	intact	True	0.9389	1833	True	True
OG0005566	invalid ORF: Cx_molestus	False	0.96268	1149	True	False
OG0005567	intact	True	0.98475	1446	True	True
OG0005568	intact	True	0.96091	1407	True	True
OG0005569	intact	True	0.97887	1041	True	True
OG0005570	intact	True	0.98276	696	True	True
OG0005571	intact	True	0.95203	4128	True	True
OG0005572	intact	True	0.9764	3729	True	True
OG0005573	intact	True	0.9747	3123	True	True
OG0005574	intact	True	0.97362	417	True	True
OG0005575	invalid ORF: Cx_molestus,Cx_pipiens	False	0.92845	573	True	False
OG0005576	intact	True	0.99399	333	True	True
OG0005577	intact	True	0.95274	1989	True	True
OG0005578	intact	True	0.98282	2913	True	True
OG0005579	intact	True	0.97138	1188	True	True
OG0005580	intact	True	0.97008	2640	True	True
OG0005581	intact	True	0.96539	6270	True	True
OG0005582	intact	True	0.98951	1812	True	True
OG0005583	intact	True	0.97096	3168	True	True
OG0005584	intact	True	0.96924	1398	True	True
OG0005585	intact	True	0.98479	3156	True	True
OG0005586	intact	True	0.98219	393	True	True
OG0005587	intact	True	0.97287	2322	True	True
OG0005588	intact	True	0.95224	1989	True	True
OG0005589	intact	True	0.96069	1806	True	True
OG0005590	intact	True	0.97034	6237	True	True
OG0005591	intact	True	0.97117	1110	True	True
OG0005592	intact	True	0.97071	990	True	True
OG0005593	intact	True	0.97135	1536	True	True
OG0005594	intact	True	0.94532	3237	True	True
OG0005595	intact	True	0.9727	1758	True	True
OG0005596	invalid ORF: Cx_pipiens	False	0.44237	987	True	False
OG0005597	intact	True	0.9561	1959	True	True
OG0005598	invalid ORF: Cx_pallens	False	0.98301	2835	True	False
OG0005599	invalid ORF: Cx_molestus,Cx_pallens	False	0.81519	1917	True	False
OG0005600	RefSeq exception	False	0.8303	870	True	False
OG0005601	intact	True	0.98312	2547	True	True
OG0005602	RefSeq exception	False	0.93757	6207	True	False
OG0005603	invalid ORF: Cx_molestus,Cx_pallens,Cx_pipiens	False	0.97576	330	True	False
OG0005604	intact	True	0.95744	4605	True	True
OG0005605	RefSeq exception	False	0.65801	2535	True	False
OG0005606	invalid ORF: Cx_molestus,Cx_pallens,Cx_pipiens	False	0.94907	432	True	False
OG0005607	intact	True	0.9634	3525	True	True
OG0005608	intact	True	0.91733	6447	True	True
OG0005610	invalid ORF: Cx_pipiens	False	0.45596	1296	True	False
OG0005611	RefSeq exception	False	0.96478	1164	True	False
OG0005612	invalid ORF: Cx_pallens	False	0.96518	5589	True	False
OG0005613	intact	True	0.93014	2319	True	True
OG0005614	invalid ORF: Cx_pallens,Cx_pipiens	False	0.53343	2679	True	False
OG0005615	intact	True	0.95296	1722	True	True
OG0005616	invalid ORF: Cx_molestus,Cx_pipiens	False	0.96861	1722	True	False
OG0005617	intact	True	0.97917	1344	True	True
OG0005618	invalid ORF: Cx_molestus,Cx_pipiens	False	0.95742	822	True	False
OG0005619	intact	True	0.9449	726	True	True
OG0005620	intact	True	0.97422	1629	True	True
OG0005621	intact	True	0.94656	4812	True	True
OG0005622	intact	True	0.94829	909	True	True
OG0005623	invalid ORF: Cx_molestus,Cx_pallens,Cx_pipiens	False	0.9164	933	True	False
OG0005624	intact	True	0.96916	1689	True	True
OG0005625	intact	True	0.96169	2610	True	True
OG0005626	intact	True	0.92667	600	True	True
OG0005627	intact	True	0.96025	1107	True	True
OG0005628	intact	True	0.93636	660	True	True
OG0005629	intact	True	0.96954	591	True	True
OG0005630	invalid ORF: Cx_molestus	False	0.97436	1131	True	False
OG0005631	intact	True	0.97984	645	True	True
OG0005632	intact	True	0.95337	579	True	True
OG0005633	invalid ORF: Cx_molestus,Cx_pipiens	False	0.97302	1149	True	False
OG0005634	intact	True	0.9844	1410	True	True
OG0005635	intact	True	0.97748	2265	True	True
OG0005636	intact	True	0.96377	1104	True	True
OG0005637	intact	True	0.95055	1092	True	True
OG0005639	intact	True	0.96726	1008	True	True
OG0005640	intact	True	0.97359	2805	True	True
OG0005641	intact	True	0.96572	1167	True	True
OG0005642	intact	True	0.97811	1599	True	True
OG0005643	intact	True	0.96737	2697	True	True
OG0005644	invalid ORF: Cx_pallens	False	0.43333	2916	True	False
OG0005645	intact	True	0.96697	333	True	True
OG0005646	intact	True	0.97726	1935	True	True
OG0005647	intact	True	0.974	1731	True	True
OG0005648	intact	True	0.97227	1875	True	True
OG0005649	intact	True	0.96246	1332	True	True
OG0005650	invalid ORF: Cx_pallens	False	0.95997	8022	True	False
OG0005651	intact	True	0.95965	1140	True	True
OG0005652	intact	True	0.96807	3288	True	True
OG0005653	intact	True	0.9787	1080	True	True
OG0005654	intact	True	0.9634	765	True	True
OG0005655	intact	True	0.93488	645	True	True
OG0005656	invalid ORF: Cx_pipiens	False	0.96406	807	True	False
OG0005657	intact	True	0.99517	2070	True	True
OG0005658	intact	True	0.9756	2667	True	True
OG0005659	intact	True	0.95893	1047	True	True
OG0005660	intact	True	0.96869	1533	True	True
OG0005661	invalid ORF: Cx_molestus,Cx_pipiens	False	0.94851	1326	True	False
OG0005662	intact	True	0.97352	1095	True	True
OG0005663	intact	True	0.95084	1017	True	True
OG0005664	invalid ORF: Cx_molestus,Cx_pallens,Cx_pipiens	False	0.96383	3981	True	False
OG0005665	intact	True	0.97869	1974	True	True
OG0005666	invalid ORF: Cx_molestus,Cx_pallens	False	0.95326	813	True	False
OG0005667	invalid ORF: Cx_pipiens	False	0.96384	2169	True	False
OG0005668	invalid ORF: Cx_molestus,Cx_pallens,Cx_pipiens	False	0.36195	2937	True	False
OG0005669	intact	True	0.94887	1017	True	True
OG0005670	intact	True	0.97126	348	True	True
OG0005671	intact	True	0.95339	1002	True	True
OG0005672	invalid ORF: Cx_molestus,Cx_pallens,Cx_pipiens	False	0.98309	414	True	False
OG0005673	intact	True	0.95993	549	True	True
OG0005674	intact	True	0.98236	1587	True	True
OG0005675	intact	True	0.95031	483	True	True
OG0005676	intact	True	0.95501	1467	True	True
OG0005677	intact	True	0.96509	888	True	True
OG0005678	intact	True	0.95726	819	True	True
OG0005679	intact	True	0.95813	1218	True	True
OG0005680	intact	True	0.96078	1275	True	True
OG0005681	intact	True	0.97252	837	True	True
OG0005682	intact	True	0.96917	1914	True	True
OG0005683	intact	True	0.97508	963	True	True
OG0005684	intact	True	0.96336	1392	True	True
OG0005685	intact	True	0.96774	1674	True	True
OG0005686	invalid ORF: Cx_molestus,Cx_pipiens	False	0.97322	1425	True	False
OG0005687	intact	True	0.97874	2964	True	True
OG0005688	invalid ORF: Cx_pipiens	False	1.0	180	True	False
OG0005689	intact	True	0.9738	1527	True	True
OG0005690	intact	True	0.98077	468	True	True
OG0005691	intact	True	0.97472	633	True	True
OG0005692	invalid ORF: Cx_pipiens	False	0.97137	3633	True	False
OG0005693	intact	True	0.99105	447	True	True
OG0005694	intact	True	0.97981	3069	True	True
OG0005695	intact	True	0.99608	510	True	True
OG0005696	intact	True	0.98465	456	True	True
OG0005697	intact	True	0.97475	1386	True	True
OG0005698	intact	True	0.98445	1029	True	True
OG0005699	intact	True	0.98192	1881	True	True
OG0005700	intact	True	0.97784	6318	True	True
OG0005701	intact	True	0.98411	2454	True	True
OG0005702	intact	True	0.97484	636	True	True
OG0005703	intact	True	0.97235	9513	True	True
OG0005704	invalid ORF: Cx_molestus,Cx_pallens	False	0.99797	2517	True	False
OG0005705	intact	True	0.94686	414	True	True
OG0005706	intact	True	0.98506	873	True	True
OG0005707	intact	True	0.94387	873	True	True
OG0005708	intact	True	0.95631	5745	True	True
OG0005709	intact	True	0.9769	1602	True	True
OG0005710	intact	True	0.96521	1926	True	True
OG0005711	intact	True	0.95465	1323	True	True
OG0005712	intact	True	0.95983	1842	True	True
OG0005713	RefSeq exception	False	0.94767	1599	True	False
OG0005714	intact	True	0.95319	705	True	True
OG0005715	RefSeq exception	False	0.66311	1437	True	False
OG0005716	intact	True	0.95571	1341	True	True
OG0005717	intact	True	0.9535	2430	True	True
OG0005718	invalid ORF: Cx_molestus	False	0.97531	81	False	False
OG0005719	invalid ORF: Cx_pipiens	False	0.88693	1062	True	False
OG0005720	intact	True	0.93508	1032	True	True
OG0005721	invalid ORF: Cx_pipiens	False	0.96296	540	True	False
OG0005722	intact	True	0.95773	1443	True	True
OG0005723	invalid ORF: Cx_molestus	False	0.97232	6006	True	False
OG0005724	intact	True	0.97067	375	True	True
OG0005725	intact	True	0.97059	816	True	True
OG0005726	invalid ORF: Cx_pallens	False	0.58937	4215	True	False
OG0005727	intact	True	0.96703	6525	True	True
OG0005728	intact	True	0.96761	1266	True	True
OG0005729	invalid ORF: Cx_pallens,Cx_pipiens	False	0.9899	198	True	False
OG0005730	intact	True	0.98395	810	True	True
OG0005731	intact	True	0.99027	411	True	True
OG0005732	intact	True	0.97527	930	True	True
OG0005733	intact	True	0.97249	618	True	True
OG0005734	intact	True	0.99071	2046	True	True
OG0005735	intact	True	0.99625	267	True	True
OG0005736	intact	True	0.96435	561	True	True
OG0005737	invalid ORF: Cx_pallens	False	0.96109	2316	True	False
OG0005738	invalid ORF: Cx_pallens	False	0.81661	3057	True	False
OG0005739	invalid ORF: Cx_molestus,Cx_pallens,Cx_pipiens	False	0.36863	255	True	False
OG0005740	intact	True	0.96599	294	True	True
OG0005741	invalid ORF: Cx_pallens,Cx_pipiens	False	0.96083	1494	True	False
OG0005742	invalid ORF: Cx_molestus,Cx_pipiens	False	0.93208	3357	True	False
OG0005743	intact	True	0.97647	255	True	True
OG0005744	invalid ORF: Cx_pipiens	False	0.96404	2475	True	False
OG0005745	invalid ORF: Cx_molestus	False	0.66138	756	True	False
OG0005746	intact	True	0.96792	4707	True	True
OG0005747	invalid ORF: Cx_pipiens	False	0.97321	3621	True	False
OG0005748	intact	True	0.95636	825	True	True
OG0005749	intact	True	0.92308	234	True	True
OG0005750	invalid ORF: Cx_pallens	False	0.89286	864	True	False
OG0005751	intact	True	0.97163	846	True	True
OG0005752	intact	True	0.98198	444	True	True
OG0005753	intact	True	0.97189	996	True	True
OG0005754	RefSeq exception	False	0.87056	3405	True	False
OG0005755	intact	True	0.9737	1293	True	True
OG0005756	intact	True	0.94065	1011	True	True
OG0005757	invalid ORF: Cx_molestus	False	0.96237	186	True	False
OG0005758	intact	True	0.94574	258	True	True
OG0005759	invalid ORF: Cx_molestus,Cx_pallens,Cx_pipiens	False	0.55266	2475	True	False
OG0005760	RefSeq exception	False	0.64519	984	True	False
OG0005761	intact	True	0.97341	1053	True	True
OG0005762	intact	True	0.96911	4047	True	True
OG0005763	intact	True	0.99103	780	True	True
OG0005764	RefSeq exception	False	0.64881	699	True	False
OG0005765	invalid ORF: Cx_pipiens	False	0.98374	615	True	False
OG0005766	invalid ORF: Cx_pallens	False	0.98625	690	True	False
OG0005767	invalid ORF: Cx_molestus,Cx_pipiens	False	0.39024	471	True	False
OG0005768	intact	True	0.97951	732	True	True
OG0005769	intact	True	0.9702	1980	True	True
OG0005770	invalid ORF: Cx_molestus,Cx_pallens,Cx_pipiens	False	0.94934	2112	True	False
OG0005771	intact	True	0.9386	912	True	True
OG0005772	intact	True	0.9657	6096	True	True
OG0005773	intact	True	0.97031	3132	True	True
OG0005774	intact	True	0.97011	1104	True	True
OG0005775	intact	True	0.94958	1686	True	True
OG0005776	invalid ORF: Cx_molestus,Cx_pipiens	False	0.96011	759	True	False
OG0005777	invalid ORF: Cx_molestus	False	0.96957	3378	True	False
OG0005778	intact	True	0.93943	2724	True	True
OG0005779	intact	True	0.96835	14028	True	True
OG0005780	intact	True	0.93844	2664	True	True
OG0005781	intact	True	0.97033	573	True	True
OG0005782	intact	True	0.95443	1602	True	True
OG0005783	intact	True	0.96151	1611	True	True
OG0005784	intact	True	0.98077	1716	True	True
OG0005785	intact	True	0.9704	642	True	True
OG0005786	intact	True	0.97304	816	True	True
OG0005787	invalid ORF: Cx_pipiens	False	0.59125	1785	True	False
OG0005788	intact	True	0.96604	3210	True	True
OG0005789	intact	True	0.94792	1824	True	True
OG0005790	intact	True	0.9717	318	True	True
OG0005791	intact	True	0.95858	1545	True	True
OG0005792	intact	True	0.95467	375	True	True
OG0005793	intact	True	0.94428	987	True	True
OG0005794	RefSeq exception	False	0.46292	1566	True	False
OG0005795	intact	True	0.99425	522	True	True
OG0005796	invalid ORF: Cx_molestus,Cx_pipiens	False	0.98235	510	True	False
OG0005797	invalid ORF: Cx_molestus,Cx_pallens	False	0.82715	2691	True	False
OG0005798	invalid ORF: Cx_molestus,Cx_pipiens	False	0.56762	1506	True	False
OG0005799	intact	True	0.96607	2181	True	True
OG0005800	RefSeq exception	False	0.66947	387	True	False
OG0005801	intact	True	0.93995	816	True	True
OG0005802	intact	True	0.99758	414	True	True
OG0005803	intact	True	0.98208	558	True	True
OG0005804	invalid ORF: Cx_molestus	False	0.97898	999	True	False
OG0005805	invalid ORF: Cx_molestus,Cx_pipiens	False	0.94921	2055	True	False
OG0005806	intact	True	0.97055	1494	True	True
OG0005807	intact	True	0.95171	849	True	True
OG0005808	invalid ORF: Cx_pallens,Cx_pipiens	False	0.96776	1644	True	False
OG0005809	intact	True	0.98605	645	True	True
OG0005810	intact	True	0.98033	2643	True	True
OG0005811	intact	True	0.97843	1854	True	True
OG0005812	intact	True	0.9875	240	True	True
OG0005813	intact	True	0.97505	1002	True	True
OG0005814	intact	True	0.94462	939	True	True
OG0005815	intact	True	0.96424	867	True	True
OG0005816	intact	True	0.96596	3408	True	True
OG0005817	intact	True	0.9652	1092	True	True
OG0005818	intact	True	0.95238	1260	True	True
OG0005819	intact	True	0.97967	246	True	True
OG0005820	intact	True	0.97499	1719	True	True
OG0005821	invalid ORF: Cx_molestus	False	0.93271	1278	True	False
OG0005822	invalid ORF: Cx_molestus,Cx_pipiens	False	0.96446	1509	True	False
OG0005823	intact	True	0.98836	945	True	True
OG0005824	intact	True	0.96107	411	True	True
OG0005825	intact	True	0.96491	1143	True	True
OG0005826	invalid ORF: Cx_pallens	False	0.95143	2100	True	False
OG0005827	intact	True	0.96708	486	True	True
OG0005828	intact	True	0.96052	5730	True	True
OG0005829	intact	True	0.9652	1839	True	True
OG0005830	intact	True	0.97557	2415	True	True
OG0005831	invalid ORF: Cx_molestus,Cx_pipiens	False	0.94325	1251	True	False
OG0005832	invalid ORF: Cx_pallens	False	0.97708	4887	True	False
OG0005833	intact	True	0.98319	1071	True	True
OG0005834	intact	True	0.98599	999	True	True
OG0005835	intact	True	0.98893	813	True	True
OG0005836	intact	True	0.99159	951	True	True
OG0005837	intact	True	0.9784	2037	True	True
OG0005838	invalid ORF: Cx_molestus,Cx_pallens,Cx_pipiens	False	0.98519	405	True	False
OG0005839	intact	True	0.98483	3363	True	True
OG0005840	intact	True	0.97766	1119	True	True
OG0005841	intact	True	0.98925	279	True	True
OG0005842	intact	True	0.97925	3084	True	True
OG0005843	invalid ORF: Cx_molestus,Cx_pallens,Cx_pipiens	False	0.58804	1083	True	False
OG0005844	invalid ORF: Cx_molestus,Cx_pipiens	False	0.7161	1554	True	False
OG0005845	intact	True	0.97139	1398	True	True
OG0005846	invalid ORF: Cx_molestus,Cx_pallens,Cx_pipiens	False	0.94891	1194	True	False
OG0005847	intact	True	0.9872	3438	True	True
OG0005848	intact	True	0.9816	924	True	True
OG0005849	RefSeq exception	False	0.69653	1854	True	False
OG0005850	RefSeq exception	False	0.8805	3768	True	False
OG0005851	invalid ORF: Cx_molestus,Cx_pallens,Cx_pipiens	False	0.96024	4149	True	False
OG0005852	RefSeq exception	False	0.66133	2037	True	False
OG0005853	intact	True	0.97724	2373	True	True
OG0005854	intact	True	0.97337	2403	True	True
OG0005855	intact	True	0.98069	984	True	True
OG0005856	intact	True	0.97182	1242	True	True
OG0005857	intact	True	0.98333	420	True	True
OG0005858	intact	True	0.98955	2775	True	True
OG0005859	invalid ORF: Cx_molestus	False	0.97373	609	True	False
OG0005860	intact	True	0.95299	2340	True	True
OG0005861	intact	True	0.93436	2145	True	True
OG0005862	intact	True	0.94583	960	True	True
OG0005863	intact	True	0.98108	687	True	True
OG0005864	intact	True	0.97417	3756	True	True
OG0005865	intact	True	0.98479	3951	True	True
OG0005866	intact	True	0.9848	1710	True	True
OG0005867	invalid ORF: Cx_pallens,Cx_pipiens	False	0.94811	4500	True	False
OG0005868	intact	True	0.97977	1968	True	True
OG0005869	invalid ORF: Cx_molestus,Cx_pallens,Cx_pipiens	False	0.95104	1389	True	False
OG0005870	RefSeq exception	False	0.45477	1251	True	False
OG0005871	intact	True	0.95603	3525	True	True
OG0005872	intact	True	0.96789	654	True	True
OG0005873	intact	True	0.96053	3066	True	True
OG0005874	intact	True	0.96693	1512	True	True
OG0005875	intact	True	0.96035	681	True	True
OG0005876	intact	True	0.98281	1047	True	True
OG0005877	intact	True	0.95597	477	True	True
OG0005878	invalid ORF: Cx_molestus,Cx_pallens	False	0.92877	2061	True	False
OG0005879	intact	True	0.98143	1167	True	True
OG0005880	invalid ORF: Cx_molestus,Cx_pipiens	False	0.98148	378	True	False
OG0005881	intact	True	0.92833	1200	True	True
OG0005882	intact	True	0.93158	570	True	True
OG0005883	invalid ORF: Cx_pallens	False	0.94684	1185	True	False
OG0005884	RefSeq exception	False	0.74196	1788	True	False
OG0005885	RefSeq exception	False	0.72529	4614	True	False
OG0005886	intact	True	0.98306	2856	True	True
OG0005887	intact	True	0.99463	1677	True	True
OG0005888	intact	True	0.96726	336	True	True
OG0005889	intact	True	0.99129	459	True	True
OG0005890	intact	True	0.98671	2487	True	True
OG0005891	invalid ORF: Cx_molestus,Cx_pipiens	False	0.87762	1863	True	False
OG0005892	intact	True	0.97542	3132	True	True
OG0005893	intact	True	0.98641	1104	True	True
OG0005894	invalid ORF: Cx_molestus,Cx_pallens,Cx_pipiens	False	0.92908	564	True	False
OG0005895	intact	True	0.95182	1536	True	True
OG0005896	invalid ORF: Cx_pipiens	False	0.39446	867	True	False
OG0005897	intact	True	0.96966	5577	True	True
OG0005898	invalid ORF: Cx_molestus,Cx_pipiens	False	0.96312	705	True	False
OG0005899	intact	True	0.97468	3168	True	True
OG0005900	invalid ORF: Cx_molestus,Cx_pallens,Cx_pipiens	False	0.33483	789	True	False
OG0005901	invalid ORF: Cx_pipiens	False	0.90806	2412	True	False
OG0005902	intact	True	0.93603	594	True	True
OG0005903	RefSeq exception	False	0.94607	2262	True	False
OG0005904	RefSeq exception	False	0.61217	3348	True	False
OG0005905	intact	True	0.95348	2991	True	True
OG0005906	intact	True	0.98777	1881	True	True
OG0005907	intact	True	0.96679	1566	True	True
OG0005908	RefSeq exception	False	0.57488	1209	True	False
OG0005909	intact	True	0.99061	852	True	True
OG0005910	intact	True	0.97354	378	True	True
OG0005911	RefSeq exception	False	0.33294	3171	True	False
OG0005912	intact	True	0.97273	330	True	True
OG0005913	intact	True	0.95952	840	True	True
OG0005914	intact	True	0.98773	489	True	True
OG0005915	intact	True	0.98039	408	True	True
OG0005916	intact	True	0.99285	699	True	True
OG0005917	intact	True	0.98321	1608	True	True
OG0005918	invalid ORF: Cx_molestus	False	0.95985	2142	True	False
OG0005919	RefSeq exception	False	0.77661	855	True	False
OG0005920	RefSeq exception	False	0.8271	3522	True	False
OG0005921	intact	True	0.9634	765	True	True
OG0005922	intact	True	0.95913	1566	True	True
OG0005923	RefSeq exception	False	0.51707	4701	True	False
OG0005924	intact	True	0.96986	3288	True	True
OG0005925	intact	True	0.95259	675	True	True
OG0005926	intact	True	0.96939	588	True	True
OG0005927	intact	True	0.97619	2268	True	True
OG0005930	intact	True	0.9736	303	True	True
OG0005931	intact	True	0.97883	1464	True	True
OG0005932	intact	True	0.97751	1245	True	True
OG0005933	intact	True	0.96836	1296	True	True
OG0005934	intact	True	0.95805	2670	True	True
OG0005935	intact	True	0.94965	576	True	True
OG0005936	invalid ORF: Cx_pallens	False	0.9494	2154	True	False
OG0005937	intact	True	0.95299	936	True	True
OG0005938	intact	True	0.97592	1038	True	True
OG0005939	intact	True	0.96552	2001	True	True
OG0005940	invalid ORF: Cx_molestus	False	0.96403	1581	True	False
OG0005941	intact	True	0.93643	591	True	True
OG0005942	intact	True	0.972	2607	True	True
OG0005943	intact	True	0.97131	2196	True	True
OG0005944	intact	True	0.98889	450	True	True
OG0005945	intact	True	0.96352	5016	True	True
OG0005946	intact	True	0.97163	846	True	True
OG0005947	invalid ORF: Cx_molestus,Cx_pallens	False	0.97529	2226	True	False
OG0005948	intact	True	0.96371	1488	True	True
OG0005949	intact	True	0.95606	2376	True	True
OG0005950	intact	True	0.95608	1389	True	True
OG0005951	invalid ORF: Cx_molestus,Cx_pallens,Cx_pipiens	False	NA	468	True	False
OG0005952	RefSeq exception	False	0.58002	6393	True	False
OG0005953	invalid ORF: Cx_molestus,Cx_pallens,Cx_pipiens	False	0.32549	495	True	False
OG0005954	intact	True	0.98693	1071	True	True
OG0005955	intact	True	0.95613	2211	True	True
OG0005956	invalid ORF: Cx_molestus,Cx_pallens,Cx_pipiens	False	0.94593	1350	True	False
OG0005957	invalid ORF: Cx_molestus	False	0.95866	774	True	False
OG0005958	RefSeq exception	False	0.96166	939	True	False
OG0005959	intact	True	0.9572	1986	True	True
OG0005960	invalid ORF: Cx_molestus,Cx_pallens	False	0.60606	2703	True	False
OG0005961	intact	True	0.97725	2907	True	True
OG0005962	intact	True	0.95515	6354	True	True
OG0005963	intact	True	0.97043	1488	True	True
OG0005964	invalid ORF: Cx_molestus,Cx_pallens,Cx_pipiens	False	0.96174	2274	True	False
OG0005965	intact	True	0.95856	2703	True	True
OG0005966	intact	True	0.97376	1029	True	True
OG0005967	invalid ORF: Cx_molestus,Cx_pallens,Cx_pipiens	False	0.92802	1836	True	False
OG0005968	invalid ORF: Cx_pipiens	False	0.87551	927	True	False
OG0005969	invalid ORF: Cx_pipiens	False	0.96536	3552	True	False
OG0005970	intact	True	0.96154	1482	True	True
OG0005971	intact	True	0.96491	570	True	True
OG0005972	intact	True	0.93233	1389	True	True
OG0005973	invalid ORF: Cx_pipiens	False	0.97817	2889	True	False
OG0005974	intact	True	0.96694	1482	True	True
OG0005976	intact	True	0.96198	2160	True	True
OG0005977	invalid ORF: Cx_pipiens	False	0.95718	2526	True	False
OG0005978	intact	True	0.95455	1386	True	True
OG0005979	intact	True	0.94585	1182	True	True
OG0005980	invalid ORF: Cx_pallens	False	0.99279	1248	True	False
OG0005981	invalid ORF: Cx_molestus	False	0.95065	1986	True	False
OG0005982	invalid ORF: Cx_molestus,Cx_pipiens	False	0.95952	1260	True	False
OG0005983	intact	True	0.97613	1131	True	True
OG0005984	intact	True	0.96541	954	True	True
OG0005985	intact	True	0.98832	942	True	True
OG0005986	intact	True	0.96633	1188	True	True
OG0005987	invalid ORF: Cx_molestus	False	0.93934	1740	True	False
OG0005988	intact	True	0.96587	3018	True	True
OG0005989	invalid ORF: Cx_pallens	False	0.97117	9954	True	False
OG0005990	intact	True	0.97636	423	True	True
OG0005991	intact	True	0.97133	837	True	True
OG0005992	invalid ORF: Cx_pallens	False	0.97886	615	True	False
OG0005993	intact	True	0.9703	2997	True	True
OG0005994	intact	True	0.96653	2898	True	True
OG0005995	intact	True	0.95911	4536	True	True
OG0005996	invalid ORF: Cx_pipiens	False	0.95397	1392	True	False
OG0005997	intact	True	0.97116	867	True	True
OG0005998	intact	True	0.96108	591	True	True
OG0005999	invalid ORF: Cx_molestus	False	0.97098	1206	True	False
OG0006000	invalid ORF: Cx_molestus	False	0.88889	1389	True	False
OG0006001	intact	True	0.9438	1032	True	True
OG0006002	invalid ORF: Cx_molestus,Cx_pallens,Cx_pipiens	False	0.92211	1431	True	False
OG0006003	intact	True	0.95333	300	True	True
OG0006004	invalid ORF: Cx_pallens	False	0.65201	3141	True	False
OG0006005	intact	True	0.95423	1479	True	True
OG0006006	intact	True	0.96427	2550	True	True
OG0006007	invalid ORF: Cx_pipiens	False	0.71536	801	True	False
OG0006008	invalid ORF: Cx_molestus,Cx_pipiens	False	0.96009	1278	True	False
OG0006009	intact	True	0.97011	435	True	True
OG0006010	intact	True	0.97889	1137	True	True
OG0006011	intact	True	0.98179	1098	True	True
OG0006012	intact	True	0.97188	2169	True	True
OG0006013	intact	True	0.97759	2187	True	True
OG0006014	invalid ORF: Cx_pipiens	False	0.96679	3963	True	False
OG0006015	intact	True	0.98273	1563	True	True
OG0006016	intact	True	0.95427	1509	True	True
OG0006017	intact	True	0.96648	1653	True	True
OG0006018	intact	True	0.97436	1287	True	True
OG0006019	invalid ORF: Cx_pallens	False	0.93706	429	True	False
OG0006020	intact	True	0.97731	2691	True	True
OG0006021	invalid ORF: Cx_pipiens	False	0.94002	1881	True	False
OG0006022	invalid ORF: Cx_molestus	False	0.96642	3186	True	False
OG0006023	intact	True	0.9509	1059	True	True
OG0006024	RefSeq exception	False	0.76202	4176	True	False
OG0006025	intact	True	0.98077	780	True	True
OG0006026	intact	True	0.97093	2442	True	True
OG0006027	intact	True	0.99267	273	True	True
OG0006028	intact	True	0.9706	4014	True	True
OG0006029	intact	True	0.98925	651	True	True
OG0006030	intact	True	0.96718	1371	True	True
OG0006031	intact	True	0.97098	8580	True	True
OG0006032	intact	True	0.96828	2049	True	True
OG0006033	intact	True	0.973	852	True	True
OG0006034	invalid ORF: Cx_pipiens	False	0.96858	6744	True	False
OG0006035	RefSeq exception	False	0.59327	3477	True	False
OG0006036	RefSeq exception	False	0.79362	1524	True	False
OG0006037	intact	True	0.9697	1254	True	True
OG0006038	intact	True	0.95693	1602	True	True
OG0006039	RefSeq exception	False	0.88077	1191	True	False
OG0006040	intact	True	0.9814	645	True	True
OG0006041	RefSeq exception	False	0.87631	480	True	False
OG0006042	invalid ORF: Cx_molestus,Cx_pallens	False	0.89952	3141	True	False
OG0006043	RefSeq exception	False	0.65177	1500	True	False
OG0006044	invalid ORF: Cx_pallens	False	0.92313	1557	True	False
OG0006045	intact	True	0.95413	3183	True	True
OG0006046	invalid ORF: Cx_pallens	False	0.96865	3120	True	False
OG0006047	intact	True	0.98654	966	True	True
OG0006048	invalid ORF: Cx_molestus	False	0.98067	1707	True	False
OG0006051	invalid ORF: Cx_pallens	False	0.95822	1125	True	False
OG0006052	intact	True	0.96221	1032	True	True
OG0006053	invalid ORF: Cx_molestus,Cx_pallens,Cx_pipiens	False	0.97619	210	True	False
OG0006054	intact	True	0.98683	987	True	True
OG0006055	intact	True	0.99297	996	True	True
OG0006056	intact	True	0.96899	1032	True	True
OG0006057	invalid ORF: Cx_pipiens	False	0.97046	474	True	False
OG0006058	intact	True	0.96545	1563	True	True
OG0006059	intact	True	0.95706	489	True	True
OG0006060	intact	True	0.96502	1515	True	True
OG0006061	intact	True	0.96983	663	True	True
OG0006062	invalid ORF: Cx_pallens	False	0.99242	396	True	False
OG0006063	RefSeq exception	False	0.95251	3288	True	False
OG0006064	intact	True	0.97743	576	True	True
OG0006065	intact	True	0.97222	2016	True	True
OG0006066	intact	True	0.96015	12774	True	True
OG0006067	intact	True	0.98352	6492	True	True
OG0006068	intact	True	0.979	3666	True	True
OG0006069	intact	True	0.95931	639	True	True
OG0006070	invalid ORF: Cx_molestus	False	0.97574	2679	True	False
OG0006071	intact	True	0.97751	1245	True	True
OG0006072	intact	True	0.98059	3258	True	True
OG0006073	intact	True	0.98092	891	True	True
OG0006074	invalid ORF: Cx_pallens	False	0.9673	948	True	False
OG0006075	intact	True	0.98373	1782	True	True
OG0006076	invalid ORF: Cx_molestus	False	0.92525	3465	True	False
OG0006077	intact	True	0.95314	4119	True	True
OG0006078	intact	True	0.96538	1473	True	True
OG0006079	RefSeq exception	False	0.51238	3747	True	False
OG0006080	intact	True	0.9372	621	True	True
OG0006081	intact	True	0.95103	2859	True	True
OG0006082	invalid ORF: Cx_molestus,Cx_pipiens	False	0.3545	1215	True	False
OG0006083	intact	True	0.97152	1194	True	True
OG0006084	intact	True	0.94737	342	True	True
OG0006085	intact	True	0.95473	972	True	True
OG0006086	intact	True	0.96693	1542	True	True
OG0006087	intact	True	0.94386	1140	True	True
OG0006088	intact	True	0.95636	1329	True	True
OG0006090	intact	True	0.96798	531	True	True
OG0006091	intact	True	0.99032	1653	True	True
OG0006092	intact	True	0.98016	1260	True	True
OG0006093	intact	True	0.96793	1029	True	True
OG0006094	intact	True	0.97249	1890	True	True
OG0006095	intact	True	0.97114	1005	True	True
OG0006096	invalid ORF: Cx_molestus	False	0.9865	1482	True	False
OG0006097	intact	True	0.98325	1254	True	True
OG0006098	intact	True	0.96546	2619	True	True
OG0006099	intact	True	0.95853	627	True	True
OG0006100	intact	True	0.96641	4317	True	True
OG0006101	intact	True	0.9931	1014	True	True
OG0006102	invalid ORF: Cx_pallens	False	0.67573	5358	True	False
OG0006103	invalid ORF: Cx_molestus	False	0.95213	3264	True	False
OG0006104	intact	True	0.95801	1548	True	True
OG0006105	invalid ORF: Cx_molestus,Cx_pallens,Cx_pipiens	False	0.36548	4470	True	False
OG0006106	invalid ORF: Cx_pallens	False	0.61176	3594	True	False
OG0006107	invalid ORF: Cx_pallens	False	0.96552	435	True	False
OG0006108	intact	True	0.97257	948	True	True
OG0006109	intact	True	0.95506	2025	True	True
OG0006110	intact	True	0.96041	783	True	True
OG0006111	intact	True	0.96503	1344	True	True
OG0006112	intact	True	0.98924	3159	True	True
OG0006113	intact	True	0.962	1743	True	True
OG0006114	intact	True	0.97773	1347	True	True
OG0006115	intact	True	0.99353	309	True	True
OG0006116	invalid ORF: Cx_pallens	False	0.98126	1227	True	False
OG0006117	intact	True	0.96315	597	True	True
OG0006118	invalid ORF: Cx_pipiens	False	0.95075	2193	True	False
OG0006119	intact	True	0.97378	1869	True	True
OG0006120	intact	True	0.98459	519	True	True
OG0006121	invalid ORF: Cx_molestus	False	0.60502	801	True	False
OG0006122	invalid ORF: Cx_molestus,Cx_pallens,Cx_pipiens	False	0.5613	903	True	False
OG0006123	intact	True	0.97345	1017	True	True
OG0006124	intact	True	0.97809	639	True	True
OG0006125	intact	True	0.97811	1188	True	True
OG0006126	intact	True	0.98864	2652	True	True
OG0006127	intact	True	0.99041	1668	True	True
OG0006128	RefSeq exception	False	0.42022	2139	True	False
OG0006129	intact	True	0.95035	423	True	True
OG0006130	intact	True	0.95238	3657	True	True
OG0006131	intact	True	0.96031	2343	True	True
OG0006132	intact	True	0.95375	2292	True	True
OG0006133	intact	True	0.94771	306	True	True
OG0006134	intact	True	0.88809	2580	True	True
OG0006135	invalid ORF: Cx_molestus	False	0.91166	2838	True	False
OG0006136	intact	True	0.95995	1623	True	True
OG0006137	intact	True	0.98082	1512	True	True
OG0006138	intact	True	0.96978	1125	True	True
OG0006139	intact	True	0.98472	3666	True	True
OG0006140	intact	True	0.97699	1353	True	True
OG0006141	intact	True	0.9701	1572	True	True
OG0006142	invalid ORF: Cx_molestus,Cx_pipiens	False	0.33217	2094	True	False
OG0006143	intact	True	0.97719	1140	True	True
OG0006144	intact	True	0.97746	2754	True	True
OG0006145	intact	True	0.96825	1638	True	True
OG0006146	intact	True	0.98078	1821	True	True
OG0006147	intact	True	0.96091	921	True	True
OG0006148	intact	True	0.97302	630	True	True
OG0006149	intact	True	0.96657	987	True	True
OG0006150	invalid ORF: Cx_molestus	False	0.9598	1794	True	False
OG0006151	intact	True	0.96751	3201	True	True
OG0006152	intact	True	0.96209	765	True	True
OG0006153	intact	True	0.96239	585	True	True
OG0006154	invalid ORF: Cx_molestus,Cx_pipiens	False	0.98562	2145	True	False
OG0006155	invalid ORF: Cx_molestus,Cx_pallens,Cx_pipiens	False	0.97317	3093	True	False
OG0006156	invalid ORF: Cx_molestus,Cx_pallens	False	0.97852	1164	True	False
OG0006157	RefSeq exception	False	0.32848	4938	True	False
OG0006158	intact	True	0.98784	5100	True	True
OG0006159	intact	True	0.98656	372	True	True
OG0006160	intact	True	0.98747	2475	True	True
OG0006161	intact	True	0.97727	792	True	True
OG0006162	intact	True	0.99134	693	True	True
OG0006163	invalid ORF: Cx_molestus,Cx_pallens,Cx_pipiens	False	0.95423	1704	True	False
OG0006164	invalid ORF: Cx_molestus	False	0.96377	1161	True	False
OG0006165	intact	True	0.97466	519	True	True
OG0006166	intact	True	0.98519	945	True	True
OG0006167	invalid ORF: Cx_molestus,Cx_pallens,Cx_pipiens	False	0.82284	2511	True	False
OG0006168	intact	True	0.96595	3474	True	True
OG0006169	intact	True	0.99282	1671	True	True
OG0006170	intact	True	0.96545	1071	True	True
OG0006171	RefSeq exception	False	0.77861	402	True	False
OG0006172	RefSeq exception	False	0.48027	849	True	False
OG0006173	intact	True	0.96234	1248	True	True
OG0006174	invalid ORF: Cx_molestus,Cx_pipiens	False	0.91318	1581	True	False
OG0006175	invalid ORF: Cx_molestus,Cx_pallens,Cx_pipiens	False	0.95803	4101	True	False
OG0006176	intact	True	0.98417	1137	True	True
OG0006177	intact	True	0.93907	837	True	True
OG0006178	intact	True	0.98944	852	True	True
OG0006179	intact	True	0.95649	1563	True	True
OG0006180	intact	True	0.96379	4695	True	True
OG0006181	intact	True	0.94294	333	True	True
OG0006182	invalid ORF: Cx_pipiens	False	0.91983	2172	True	False
OG0006183	intact	True	0.95231	2280	True	True
OG0006184	intact	True	0.96044	2022	True	True
OG0006185	invalid ORF: Cx_molestus	False	0.97341	2562	True	False
OG0006186	invalid ORF: Cx_pallens	False	0.97959	588	True	False
OG0006187	intact	True	0.98417	1011	True	True
OG0006188	intact	True	0.99005	603	True	True
OG0006189	invalid ORF: Cx_molestus,Cx_pipiens	False	0.77996	1419	True	False
OG0006190	invalid ORF: Cx_molestus,Cx_pallens,Cx_pipiens	False	0.93764	1299	True	False
OG0006191	intact	True	0.95361	582	True	True
OG0006192	intact	True	0.95781	474	True	True
OG0006193	intact	True	0.95699	372	True	True
OG0006194	intact	True	0.98297	444	True	True
OG0006195	invalid ORF: Cx_molestus	False	0.95413	348	True	False
OG0006196	invalid ORF: Cx_pipiens	False	0.99034	1035	True	False
OG0006197	invalid ORF: Cx_pipiens	False	0.41407	1491	True	False
OG0006198	invalid ORF: Cx_molestus,Cx_pallens,Cx_pipiens	False	0.94507	801	True	False
OG0006199	intact	True	0.95021	2892	True	True
OG0006200	invalid ORF: Cx_pallens	False	0.94553	3984	True	False
OG0006201	intact	True	0.97799	636	True	True
OG0006202	intact	True	0.97802	546	True	True
OG0006203	intact	True	0.98361	366	True	True
OG0006204	intact	True	0.97989	696	True	True
OG0006205	intact	True	0.97076	342	True	True
OG0006206	invalid ORF: Cx_pipiens	False	0.92386	1077	True	False
OG0006207	intact	True	0.97874	1740	True	True
OG0006208	intact	True	0.97611	1677	True	True
OG0006209	intact	True	0.98497	732	True	True
OG0006210	intact	True	0.97222	432	True	True
OG0006211	intact	True	0.98126	1014	True	True
OG0006212	intact	True	0.96114	2007	True	True
OG0006213	intact	True	0.94769	1950	True	True
OG0006214	intact	True	0.97234	2928	True	True
OG0006215	intact	True	0.9554	2130	True	True
OG0006216	intact	True	0.9546	4119	True	True
OG0006217	intact	True	0.96328	3159	True	True
OG0006219	intact	True	0.96814	1224	True	True
OG0006220	invalid ORF: Cx_molestus,Cx_pallens,Cx_pipiens	False	0.3454	3246	True	False
OG0006221	invalid ORF: Cx_pipiens	False	0.98235	2379	True	False
OG0006222	intact	True	0.99038	312	True	True
OG0006223	intact	True	0.95353	624	True	True
OG0006224	intact	True	0.96282	13143	True	True
OG0006225	invalid ORF: Cx_pipiens	False	0.96872	1320	True	False
OG0006226	intact	True	0.95645	1194	True	True
OG0006227	intact	True	0.96637	1695	True	True
OG0006228	intact	True	0.98374	246	True	True
OG0006229	invalid ORF: Cx_pallens,Cx_pipiens	False	0.99167	360	True	False
OG0006230	invalid ORF: Cx_pipiens	False	0.97581	372	True	False
OG0006231	invalid ORF: Cx_molestus,Cx_pipiens	False	0.97605	4551	True	False
OG0006232	intact	True	0.99373	798	True	True
OG0006233	intact	True	0.98368	1164	True	True
OG0006234	intact	True	0.9867	1053	True	True
OG0006235	intact	True	0.96777	1365	True	True
OG0006236	intact	True	0.97642	636	True	True
OG0006237	intact	True	0.9857	1119	True	True
OG0006238	intact	True	0.97514	1971	True	True
OG0006239	invalid ORF: Cx_pipiens	False	0.94878	2649	True	False
OG0006240	intact	True	0.98246	456	True	True
OG0006241	intact	True	0.97097	999	True	True
OG0006242	intact	True	0.95114	2763	True	True
OG0006243	intact	True	0.96269	402	True	True
OG0006244	intact	True	0.99145	819	True	True
OG0006245	intact	True	0.96024	1635	True	True
OG0006246	invalid ORF: Cx_pipiens	False	0.94889	2253	True	False
OG0006247	intact	True	0.96559	930	True	True
OG0006248	invalid ORF: Cx_molestus	False	0.85431	858	True	False
OG0006249	invalid ORF: Cx_pipiens	False	0.95402	399	True	False
OG0006250	intact	True	0.98555	1938	True	True
OG0006251	invalid ORF: Cx_pallens,Cx_pipiens	False	0.96347	438	True	False
OG0006252	intact	True	0.98822	1104	True	True
OG0006253	intact	True	0.96967	3000	True	True
OG0006254	intact	True	0.9858	1902	True	True
OG0006255	RefSeq exception	False	0.75716	3006	True	False
OG0006256	intact	True	0.96073	2037	True	True
OG0006257	intact	True	0.9723	1011	True	True
OG0006258	RefSeq exception	False	0.96678	3492	True	False
OG0006259	intact	True	0.97619	1386	True	True
OG0006260	invalid ORF: Cx_molestus,Cx_pallens	False	0.95088	1425	True	False
OG0006261	invalid ORF: Cx_pipiens	False	0.68007	1923	True	False
OG0006262	intact	True	0.96116	2523	True	True
OG0006263	intact	True	0.94904	726	True	True
OG0006264	intact	True	0.9743	1362	True	True
OG0006265	intact	True	0.98533	1227	True	True
OG0006266	intact	True	0.97703	7362	True	True
OG0006267	intact	True	0.94717	1041	True	True
OG0006268	intact	True	0.95055	546	True	True
OG0006269	intact	True	0.97719	570	True	True
OG0006270	RefSeq exception	False	0.60717	2049	True	False
OG0006271	intact	True	0.9477	2352	True	True
OG0006272	intact	True	0.96964	1716	True	True
OG0006273	intact	True	0.95115	1392	True	True
OG0006274	intact	True	0.97554	2085	True	True
OG0006275	intact	True	0.94216	1020	True	True
OG0006276	intact	True	0.96237	3534	True	True
OG0006277	invalid ORF: Cx_molestus,Cx_pipiens	False	0.95372	1620	True	False
OG0006278	intact	True	0.98754	1605	True	True
OG0006279	invalid ORF: Cx_pipiens	False	0.92692	1566	True	False
OG0006280	intact	True	0.97792	453	True	True
OG0006281	intact	True	0.9637	16749	True	True
OG0006282	invalid ORF: Cx_pallens	False	0.96721	549	True	False
OG0006283	invalid ORF: Cx_molestus,Cx_pallens	False	0.96313	678	True	False
OG0006284	intact	True	0.97386	612	True	True
OG0006285	intact	True	0.96404	723	True	True
OG0006286	intact	True	0.95315	747	True	True
OG0006287	intact	True	0.97854	2283	True	True
OG0006288	invalid ORF: Cx_molestus,Cx_pallens,Cx_pipiens	False	0.95669	3186	True	False
OG0006289	intact	True	0.92593	1161	True	True
OG0006290	intact	True	0.9636	1731	True	True
OG0006291	intact	True	0.94796	1941	True	True
OG0006292	invalid ORF: Cx_molestus,Cx_pipiens	False	0.95721	456	True	False
OG0006293	invalid ORF: Cx_pallens	False	0.61782	348	True	False
OG0006294	invalid ORF: Cx_pipiens	False	0.96552	348	True	False
OG0006295	intact	True	0.96283	1641	True	True
OG0006296	intact	True	0.96612	2361	True	True
OG0006297	intact	True	0.97283	957	True	True
OG0006298	intact	True	0.9794	1068	True	True
OG0006299	invalid ORF: Cx_molestus,Cx_pallens,Cx_pipiens	False	0.98473	1113	True	False
OG0006300	intact	True	0.96919	714	True	True
OG0006301	intact	True	0.97072	2772	True	True
OG0006302	intact	True	0.9654	867	True	True
OG0006303	intact	True	0.95595	1521	True	True
OG0006304	invalid ORF: Cx_molestus,Cx_pallens	False	0.60816	1011	True	False
OG0006305	intact	True	0.97527	930	True	True
OG0006306	intact	True	0.97211	753	True	True
OG0006307	intact	True	0.97504	681	True	True
OG0006308	intact	True	0.98814	843	True	True
OG0006309	intact	True	0.95276	381	True	True
OG0006310	intact	True	0.98701	693	True	True
OG0006311	invalid ORF: Cx_pipiens	False	0.94161	3033	True	False
OG0006312	intact	True	0.96808	1629	True	True
OG0006313	intact	True	0.97648	1488	True	True
OG0006314	intact	True	0.98416	1263	True	True
OG0006315	RefSeq exception	False	0.6103	4971	True	False
OG0006316	intact	True	0.97908	717	True	True
OG0006317	RefSeq exception	False	0.63302	4818	True	False
OG0006318	intact	True	0.9793	483	True	True
OG0006319	RefSeq exception	False	0.91426	960	True	False
OG0006320	intact	True	0.96006	3192	True	True
OG0006321	invalid ORF: Cx_molestus,Cx_pipiens	False	0.55375	13860	True	False
OG0006322	invalid ORF: Cx_molestus,Cx_pallens	False	NA	552	True	False
OG0006323	intact	True	0.94857	1050	True	True
OG0006324	intact	True	0.92959	909	True	True
OG0006325	partial reference model	False	0.49048	477	True	False
OG0006326	intact	True	0.98752	561	True	True
OG0006327	intact	True	0.97368	228	True	True
OG0006328	intact	True	0.98174	4656	True	True
OG0006329	intact	True	0.98246	915	True	True
OG0006330	intact	True	0.98394	1245	True	True
OG0006331	intact	True	0.98423	1332	True	True
OG0006332	RefSeq exception	False	0.72837	1515	True	False
OG0006333	intact	True	0.96875	384	True	True
OG0006334	invalid ORF: Cx_pallens	False	0.97669	2574	True	False
OG0006335	intact	True	0.95608	3939	True	True
OG0006336	intact	True	0.96667	810	True	True
OG0006337	intact	True	0.94261	1743	True	True
OG0006338	intact	True	0.95702	1140	True	True
OG0006339	RefSeq exception	False	0.91171	1050	True	False
OG0006340	intact	True	0.96881	513	True	True
OG0006341	invalid ORF: Cx_molestus,Cx_pallens,Cx_pipiens	False	0.63305	3546	True	False
OG0006342	invalid ORF: Cx_pipiens	False	0.98272	663	True	False
OG0006343	intact	True	0.9877	732	True	True
OG0006344	intact	True	0.97917	720	True	True
OG0006345	intact	True	0.95712	513	True	True
OG0006346	intact	True	0.9523	1701	True	True
OG0006347	intact	True	0.97831	5856	True	True
OG0006348	invalid ORF: Cx_molestus	False	0.96296	1458	True	False
OG0006349	intact	True	0.97577	2022	True	True
OG0006350	intact	True	0.98273	1563	True	True
OG0006351	intact	True	0.95405	2655	True	True
OG0006352	intact	True	0.97263	1656	True	True
OG0006353	intact	True	0.96984	3084	True	True
OG0006354	intact	True	0.97084	4389	True	True
OG0006355	intact	True	0.9697	2079	True	True
OG0006356	intact	True	0.96703	1638	True	True
OG0006357	invalid ORF: Cx_pallens	False	0.96093	4281	True	False
OG0006358	invalid ORF: Cx_molestus	False	0.94935	2151	True	False
OG0006359	intact	True	0.96822	1479	True	True
OG0006360	intact	True	0.96142	6249	True	True
OG0006361	intact	True	0.97078	924	True	True
OG0006362	invalid ORF: Cx_molestus,Cx_pallens	False	0.80351	1302	True	False
OG0006363	intact	True	0.96961	2007	True	True
OG0006364	intact	True	0.96982	729	True	True
OG0006365	intact	True	0.9681	1881	True	True
OG0006366	intact	True	0.96884	2343	True	True
OG0006367	intact	True	0.96636	327	True	True
OG0006368	invalid ORF: Cx_pipiens	False	0.97647	765	True	False
OG0006369	RefSeq exception	False	0.89593	1047	True	False
OG0006370	intact	True	0.9801	1206	True	True
OG0006371	RefSeq exception	False	0.64175	4809	True	False
OG0006372	intact	True	0.93468	444	True	True
OG0006373	RefSeq exception	False	0.8188	606	True	False
OG0006374	invalid ORF: Cx_pipiens	False	0.96569	408	True	False
OG0006375	intact	True	0.95247	1662	True	True
OG0006376	intact	True	0.98603	501	True	True
OG0006377	intact	True	0.96661	3684	True	True
OG0006378	invalid ORF: Cx_pipiens	False	0.95329	1263	True	False
OG0006379	intact	True	0.98024	759	True	True
OG0006380	invalid ORF: Cx_molestus,Cx_pallens,Cx_pipiens	False	0.96399	972	True	False
OG0006381	intact	True	0.97685	1080	True	True
OG0006382	invalid ORF: Cx_molestus,Cx_pipiens	False	0.96027	2094	True	False
OG0006383	invalid ORF: Cx_pipiens	False	0.71852	1434	True	False
OG0006384	intact	True	0.98799	2832	True	True
OG0006385	intact	True	0.95891	2811	True	True
OG0006386	RefSeq exception	False	0.40385	2949	True	False
OG0006387	intact	True	0.96025	1434	True	True
OG0006388	intact	True	0.98148	216	True	True
OG0006389	intact	True	0.95962	1164	True	True
OG0006390	invalid ORF: Cx_molestus,Cx_pallens,Cx_pipiens	False	0.96329	2052	True	False
OG0006391	intact	True	0.96508	1260	True	True
OG0006392	intact	True	0.95753	1860	True	True
OG0006393	intact	True	0.95926	1620	True	True
OG0006394	intact	True	0.97059	612	True	True
OG0006395	RefSeq exception	False	0.54251	2805	True	False
OG0006396	intact	True	0.96667	510	True	True
OG0006398	intact	True	0.94896	627	True	True
OG0006399	invalid ORF: Cx_molestus	False	0.96003	1551	True	False
OG0006400	intact	True	0.96053	456	True	True
OG0006401	intact	True	0.9826	1092	True	True
OG0006402	intact	True	0.97989	348	True	True
OG0006403	intact	True	0.95781	948	True	True
OG0006404	intact	True	0.98219	393	True	True
OG0006405	invalid ORF: Cx_pipiens	False	0.97544	285	True	False
OG0006406	intact	True	0.98805	753	True	True
OG0006407	intact	True	0.97642	636	True	True
OG0006408	intact	True	0.97284	2430	True	True
OG0006409	intact	True	0.96387	1107	True	True
OG0006410	intact	True	0.97574	1896	True	True
OG0006411	intact	True	0.95761	1203	True	True
OG0006412	intact	True	0.9641	585	True	True
OG0006413	intact	True	0.96523	5436	True	True
OG0006414	invalid ORF: Cx_molestus,Cx_pipiens	False	0.968	1125	True	False
OG0006415	invalid ORF: Cx_pipiens	False	0.94591	951	True	False
OG0006416	RefSeq exception	False	0.72659	2790	True	False
OG0006417	intact	True	0.95192	1251	True	True
OG0006418	intact	True	0.95374	3675	True	True
OG0006419	intact	True	0.9709	756	True	True
OG0006420	intact	True	0.95537	2868	True	True
OG0006421	intact	True	0.93932	1170	True	True
OG0006422	invalid ORF: Cx_pipiens	False	0.94282	2241	True	False
OG0006423	invalid ORF: Cx_molestus	False	0.95681	1644	True	False
OG0006424	intact	True	0.93269	936	True	True
OG0006425	invalid ORF: Cx_pipiens	False	0.96208	1134	True	False
OG0006426	intact	True	0.99046	1572	True	True
OG0006427	intact	True	0.99061	426	True	True
OG0006428	intact	True	0.97547	1590	True	True
OG0006429	intact	True	0.96644	894	True	True
OG0006430	intact	True	0.9818	1209	True	True
OG0006431	intact	True	0.99515	825	True	True
OG0006432	intact	True	0.98634	3447	True	True
OG0006433	intact	True	0.99471	189	True	True
OG0006434	intact	True	0.98913	276	True	True
OG0006435	intact	True	0.97955	1326	True	True
OG0006436	invalid ORF: Cx_pallens	False	0.98446	1158	True	False
OG0006437	intact	True	0.98364	1467	True	True
OG0006438	invalid ORF: Cx_molestus,Cx_pallens,Cx_pipiens	False	0.89256	1296	True	False
OG0006439	intact	True	0.94862	2277	True	True
OG0006440	intact	True	0.95935	246	True	True
OG0006441	invalid ORF: Cx_molestus,Cx_pallens,Cx_pipiens	False	0.93177	1545	True	False
OG0006442	intact	True	0.96686	5583	True	True
OG0006443	invalid ORF: Cx_pallens	False	0.956	2409	True	False
OG0006444	RefSeq exception	False	0.50424	7794	True	False
OG0006445	invalid ORF: Cx_pallens	False	0.4019	4803	True	False
OG0006446	intact	True	0.97154	1581	True	True
OG0006447	intact	True	0.94598	2388	True	True
OG0006448	intact	True	0.97701	1305	True	True
OG0006449	intact	True	0.9873	1260	True	True
OG0006450	RefSeq exception	False	0.96424	3660	True	False
OG0006451	invalid ORF: Cx_pallens	False	0.97954	1515	True	False
OG0006452	invalid ORF: Cx_molestus,Cx_pallens	False	0.98791	2808	True	False
OG0006453	intact	True	0.99551	891	True	True
OG0006454	intact	True	0.98623	726	True	True
OG0006455	intact	True	0.975	360	True	True
OG0006456	intact	True	0.96798	3873	True	True
OG0006457	invalid ORF: Cx_pipiens	False	0.95891	9759	True	False
OG0006458	invalid ORF: Cx_molestus,Cx_pallens,Cx_pipiens	False	0.81495	1740	True	False
OG0006459	intact	True	0.95862	2199	True	True
OG0006460	intact	True	0.97862	1500	True	True
OG0006461	intact	True	0.99612	516	True	True
OG0006462	invalid ORF: Cx_molestus,Cx_pallens,Cx_pipiens	False	0.87352	1497	True	False
OG0006463	intact	True	0.98043	1686	True	True
OG0006464	invalid ORF: Cx_pipiens	False	0.96902	4650	True	False
OG0006465	intact	True	0.96464	3846	True	True
OG0006466	invalid ORF: Cx_molestus,Cx_pipiens	False	0.95315	747	True	False
OG0006467	intact	True	0.97133	1500	True	True
OG0006468	intact	True	0.95238	1830	True	True
OG0006469	intact	True	0.96748	738	True	True
OG0006470	RefSeq exception	False	0.35277	1287	True	False
OG0006471	intact	True	0.96259	2382	True	True
OG0006472	invalid ORF: Cx_molestus,Cx_pallens,Cx_pipiens	False	0.96448	3153	True	False
OG0006473	intact	True	0.96132	2430	True	True
OG0006474	intact	True	0.95495	1332	True	True
OG0006475	invalid ORF: Cx_pallens	False	0.96214	1479	True	False
OG0006476	intact	True	0.99346	153	True	True
OG0006477	intact	True	0.97619	1008	True	True
OG0006478	RefSeq exception	False	0.68919	1719	True	False
OG0006479	intact	True	0.97658	555	True	True
OG0006480	RefSeq exception	False	0.90377	1080	True	False
OG0006481	RefSeq exception	False	0.94147	2256	True	False
OG0006482	intact	True	0.96601	765	True	True
OG0006483	RefSeq exception	False	0.64061	960	True	False
OG0006484	invalid ORF: Cx_molestus,Cx_pipiens	False	0.74468	1584	True	False
OG0006485	intact	True	0.95547	1482	True	True
OG0006486	intact	True	0.97112	2562	True	True
OG0006487	invalid ORF: Cx_pallens,Cx_pipiens	False	0.77824	2271	True	False
OG0006488	invalid ORF: Cx_molestus,Cx_pallens,Cx_pipiens	False	0.37287	2814	True	False
OG0006489	invalid ORF: Cx_pipiens	False	0.98124	1173	True	False
OG0006490	intact	True	0.9881	336	True	True
OG0006491	invalid ORF: Cx_molestus	False	0.95948	1530	True	False
OG0006492	intact	True	0.96325	1524	True	True
OG0006493	invalid ORF: Cx_pipiens	False	0.92679	2196	True	False
OG0006494	intact	True	0.97885	993	True	True
OG0006495	invalid ORF: Cx_molestus	False	0.94832	2739	True	False
OG0006496	intact	True	0.98868	795	True	True
OG0006497	intact	True	0.96146	519	True	True
OG0006498	intact	True	0.95637	573	True	True
OG0006499	intact	True	0.97424	1320	True	True
OG0006500	invalid ORF: Cx_molestus,Cx_pallens,Cx_pipiens	False	0.53061	735	True	False
OG0006501	intact	True	0.91819	1494	True	True
OG0006502	invalid ORF: Cx_molestus,Cx_pallens,Cx_pipiens	False	0.94783	1476	True	False
OG0006503	intact	True	0.95951	741	True	True
OG0006505	intact	True	0.95107	1737	True	True
OG0006506	intact	True	0.97908	2055	True	True
OG0006507	intact	True	0.96491	1311	True	True
OG0006508	intact	True	0.96587	1260	True	True
OG0006509	intact	True	0.96067	534	True	True
OG0006510	intact	True	0.97101	5898	True	True
OG0006511	invalid ORF: Cx_pallens	False	0.96616	1773	True	False
OG0006512	intact	True	0.97603	876	True	True
OG0006513	intact	True	0.95238	987	True	True
OG0006514	intact	True	0.96334	1176	True	True
OG0006515	RefSeq exception	False	0.37291	3741	True	False
OG0006516	intact	True	0.95213	1149	True	True
OG0006517	invalid ORF: Cx_pallens,Cx_pipiens	False	0.96275	1584	True	False
OG0006518	invalid ORF: Cx_pipiens	False	0.94995	999	True	False
OG0006519	intact	True	0.9697	759	True	True
OG0006520	intact	True	0.97727	396	True	True
OG0006521	RefSeq exception	False	0.50276	651	True	False
OG0006522	invalid ORF: Cx_pipiens	False	0.96039	1641	True	False
OG0006523	intact	True	0.95238	525	True	True
OG0006524	intact	True	0.97667	300	True	True
OG0006525	invalid ORF: Cx_molestus,Cx_pallens,Cx_pipiens	False	0.97814	183	True	False
OG0006526	intact	True	0.95833	672	True	True
OG0006527	intact	True	0.9558	543	True	True
OG0006528	invalid ORF: Cx_molestus	False	0.98637	1911	True	False
OG0006529	intact	True	0.95519	1629	True	True
OG0006530	invalid ORF: Cx_molestus	False	0.98575	1209	True	False
OG0006531	intact	True	0.93676	933	True	True
OG0006532	intact	True	0.97035	2766	True	True
OG0006533	intact	True	0.96631	4155	True	True
OG0006534	intact	True	0.96867	6255	True	True
OG0006535	intact	True	0.95342	1782	True	True
OG0006536	intact	True	0.95402	1050	True	True
OG0006537	intact	True	0.97737	486	True	True
OG0006538	intact	True	0.98036	3309	True	True
OG0006539	intact	True	0.96029	1536	True	True
OG0006540	intact	True	0.97678	603	True	True
OG0006541	intact	True	0.96986	564	True	True
OG0006542	intact	True	0.96815	471	True	True
OG0006543	invalid ORF: Cx_molestus,Cx_pallens,Cx_pipiens	False	0.99083	327	True	False
OG0006544	intact	True	0.96131	675	True	True
OG0006545	intact	True	0.95868	726	True	True
OG0006546	intact	True	0.94678	357	True	True
OG0006547	intact	True	0.93109	1791	True	True
OG0006548	invalid ORF: Cx_pipiens	False	0.96954	1797	True	False
OG0006549	intact	True	0.95859	1482	True	True
OG0006550	invalid ORF: Cx_molestus,Cx_pipiens	False	0.33695	3927	True	False
OG0006551	invalid ORF: Cx_pallens	False	0.98221	1074	True	False
OG0006552	intact	True	0.9808	2760	True	True
OG0006553	invalid ORF: Cx_molestus	False	0.59589	861	True	False
OG0006554	invalid ORF: Cx_pallens	False	0.84394	1611	True	False
OG0006555	invalid ORF: Cx_molestus,Cx_pallens	False	0.9596	1683	True	False
OG0006556	intact	True	0.96894	483	True	True
OG0006557	intact	True	0.9633	1335	True	True
OG0006558	intact	True	0.96882	1668	True	True
OG0006559	intact	True	0.96398	2187	True	True
OG0006560	intact	True	0.95705	3027	True	True
OG0006561	intact	True	0.96716	609	True	True
OG0006562	intact	True	0.9912	1023	True	True
OG0006563	invalid ORF: Cx_pallens	False	0.9834	2349	True	False
OG0006564	invalid ORF: Cx_molestus	False	0.97927	579	True	False
OG0006565	RefSeq exception	False	0.55977	4134	True	False
OG0006566	invalid ORF: Cx_molestus,Cx_pallens,Cx_pipiens	False	0.59361	1323	True	False
OG0006567	intact	True	0.97766	1164	True	True
OG0006568	invalid ORF: Cx_molestus,Cx_pipiens	False	0.36023	2409	True	False
OG0006569	intact	True	0.95634	1695	True	True
OG0006570	intact	True	0.95159	1983	True	True
OG0006571	intact	True	0.98293	1347	True	True
OG0006572	RefSeq exception	False	0.55211	1368	True	False
OG0006573	RefSeq exception	False	0.63722	1698	True	False
OG0006574	intact	True	0.98622	1161	True	True
OG0006575	invalid ORF: Cx_pallens	False	0.97262	1461	True	False
OG0006576	intact	True	0.98585	636	True	True
OG0006577	invalid ORF: Cx_molestus,Cx_pallens,Cx_pipiens	False	0.87014	3981	True	False
OG0006578	intact	True	0.93609	2613	True	True
OG0006579	invalid ORF: Cx_pipiens	False	0.94624	2133	True	False
OG0006580	invalid ORF: Cx_pallens,Cx_pipiens	False	0.4774	1323	True	False
OG0006581	RefSeq exception	False	0.36125	3708	True	False
OG0006582	intact	True	0.95175	684	True	True
OG0006583	RefSeq exception	False	0.73001	2961	True	False
OG0006584	intact	True	0.98057	1338	True	True
OG0006585	RefSeq exception	False	0.42231	1938	True	False
OG0006586	intact	True	0.94918	1653	True	True
OG0006587	invalid ORF: Cx_pipiens	False	0.99535	1143	True	False
OG0006588	intact	True	0.9557	1383	True	True
OG0006589	intact	True	0.9763	633	True	True
OG0006590	invalid ORF: Cx_molestus,Cx_pallens,Cx_pipiens	False	0.41761	1230	True	False
OG0006591	intact	True	0.96714	1491	True	True
OG0006592	intact	True	0.89605	885	True	True
OG0006593	invalid ORF: Cx_molestus,Cx_pipiens	False	0.9686	1242	True	False
OG0006594	intact	True	0.97617	2895	True	True
OG0006595	intact	True	0.98677	2268	True	True
OG0006596	intact	True	0.97436	507	True	True
OG0006597	RefSeq exception	False	0.38383	4434	True	False
OG0006598	invalid ORF: Cx_pallens	False	0.96958	2433	True	False
OG0006599	intact	True	0.97419	3681	True	True
OG0006600	intact	True	0.97685	648	True	True
OG0006601	invalid ORF: Cx_molestus,Cx_pallens,Cx_pipiens	False	0.33446	2088	True	False
OG0006602	intact	True	0.95793	309	True	True
OG0006603	intact	True	0.95112	3519	True	True
OG0006604	RefSeq exception	False	0.95566	2637	True	False
OG0006605	intact	True	0.95703	2676	True	True
OG0006606	intact	True	0.94987	798	True	True
OG0006607	invalid ORF: Cx_molestus,Cx_pallens	False	0.97076	1368	True	False
OG0006608	intact	True	0.97484	795	True	True
OG0006609	intact	True	0.95279	2775	True	True
OG0006610	intact	True	0.96887	771	True	True
OG0006611	intact	True	0.94414	555	True	True
OG0006612	intact	True	0.97573	783	True	True
OG0006613	partial reference model	False	0.96657	3081	True	False
OG0006614	intact	True	0.98019	1464	True	True
OG0006615	intact	True	0.95749	447	True	True
OG0006616	intact	True	0.94139	546	True	True
OG0006617	intact	True	0.97106	2004	True	True
OG0006618	intact	True	0.93388	726	True	True
OG0006619	intact	True	0.97495	1038	True	True
OG0006620	intact	True	0.96212	1320	True	True
OG0006621	invalid ORF: Cx_molestus	False	0.41692	1197	True	False
OG0006622	intact	True	0.96203	948	True	True
OG0006623	RefSeq exception	False	0.8781	930	True	False
OG0006624	intact	True	0.97042	4038	True	True
OG0006625	intact	True	0.94372	693	True	True
OG0006626	intact	True	0.98495	465	True	True
OG0006627	intact	True	0.95407	675	True	True
OG0006628	intact	True	0.97116	2613	True	True
OG0006629	invalid ORF: Cx_molestus,Cx_pipiens	False	0.46059	1665	True	False
OG0006630	invalid ORF: Cx_molestus,Cx_pipiens	False	0.98352	1641	True	False
OG0006631	invalid ORF: Cx_molestus,Cx_pipiens	False	0.9716	1032	True	False
OG0006632	intact	True	0.96694	1845	True	True
OG0006633	intact	True	0.9588	534	True	True
OG0006634	intact	True	0.93042	618	True	True
OG0006635	invalid ORF: Cx_molestus,Cx_pallens,Cx_pipiens	False	0.96154	2034	True	False
OG0006636	intact	True	0.94843	2133	True	True
OG0006637	invalid ORF: Cx_molestus,Cx_pallens	False	0.96835	1551	True	False
OG0006638	invalid ORF: Cx_molestus,Cx_pipiens	False	0.94422	1101	True	False
OG0006639	invalid ORF: Cx_pipiens	False	0.85049	2367	True	False
OG0006640	intact	True	0.95745	1410	True	True
OG0006641	invalid ORF: Cx_molestus	False	0.9426	906	True	False
OG0006642	intact	True	0.92776	969	True	True
OG0006643	intact	True	0.96526	1065	True	True
OG0006644	invalid ORF: Cx_pipiens	False	0.93348	4677	True	False
OG0006645	invalid ORF: Cx_pallens	False	0.98942	189	True	False
OG0006646	intact	True	0.94565	3330	True	True
OG0006647	intact	True	0.9554	4350	True	True
OG0006649	RefSeq exception	False	0.39035	867	True	False
OG0006650	intact	True	0.97692	390	True	True
OG0006651	intact	True	0.97641	1611	True	True
OG0006652	intact	True	0.94983	2292	True	True
OG0006653	intact	True	0.93484	798	True	True
OG0006654	invalid ORF: Cx_pipiens	False	0.98478	1971	True	False
OG0006655	intact	True	0.95362	1380	True	True
OG0006657	intact	True	0.98596	285	True	True
OG0006658	RefSeq exception	False	0.90391	843	True	False
OG0006659	intact	True	0.95981	423	True	True
OG0006660	RefSeq exception	False	0.37242	4047	True	False
OG0006661	intact	True	0.95215	4431	True	True
OG0006662	invalid ORF: Cx_molestus,Cx_pallens,Cx_pipiens	False	0.96944	1080	True	False
OG0006663	intact	True	0.95504	1824	True	True
OG0006664	intact	True	0.96004	1827	True	True
OG0006665	intact	True	0.97292	2145	True	True
OG0006666	intact	True	0.98034	1170	True	True
OG0006667	intact	True	0.96038	1767	True	True
OG0006668	invalid ORF: Cx_pipiens	False	0.97152	3336	True	False
OG0006669	invalid ORF: Cx_pallens	False	0.96652	2778	True	False
OG0006670	intact	True	0.9707	546	True	True
OG0006671	invalid ORF: Cx_molestus,Cx_pipiens	False	0.9602	1524	True	False
OG0006672	intact	True	0.97253	801	True	True
OG0006673	intact	True	0.97319	858	True	True
OG0006674	intact	True	0.95413	981	True	True
OG0006675	intact	True	0.97251	1455	True	True
OG0006676	intact	True	0.95971	1092	True	True
OG0006677	invalid ORF: Cx_molestus,Cx_pallens,Cx_pipiens	False	0.94007	1068	True	False
OG0006678	intact	True	0.96897	3870	True	True
OG0006679	intact	True	0.97535	2799	True	True
OG0006680	intact	True	0.97502	2085	True	True
OG0006681	intact	True	0.98708	1161	True	True
OG0006682	intact	True	0.97525	1212	True	True
OG0006683	intact	True	0.96931	3954	True	True
OG0006684	invalid ORF: Cx_pipiens	False	0.58006	3096	True	False
OG0006685	intact	True	0.97403	693	True	True
OG0006686	intact	True	0.97087	927	True	True
OG0006687	intact	True	0.96886	546	True	True
OG0006688	invalid ORF: Cx_pallens	False	0.89414	444	True	False
OG0006689	RefSeq exception	False	0.95618	5865	True	False
OG0006690	invalid ORF: Cx_molestus	False	0.6584	432	True	False
OG0006691	intact	True	0.99147	1875	True	True
OG0006692	invalid ORF: Cx_molestus,Cx_pallens,Cx_pipiens	False	0.85538	1023	True	False
OG0006693	RefSeq exception	False	0.79216	1530	True	False
OG0006694	invalid ORF: Cx_pipiens	False	0.98044	1308	True	False
OG0006695	invalid ORF: Cx_molestus,Cx_pipiens	False	0.95236	2409	True	False
OG0006696	intact	True	0.93144	846	True	True
OG0006697	intact	True	0.95992	474	True	True
OG0006698	intact	True	0.95859	2466	True	True
OG0006699	intact	True	0.9697	858	True	True
OG0006700	invalid ORF: Cx_molestus,Cx_pallens,Cx_pipiens	False	0.90037	813	True	False
OG0006701	intact	True	0.99058	849	True	True
OG0006702	invalid ORF: Cx_pipiens	False	0.96208	501	True	False
OG0006703	intact	True	0.95368	1209	True	True
OG0006704	invalid ORF: Cx_molestus	False	0.9827	867	True	False
OG0006705	invalid ORF: Cx_molestus	False	0.9881	84	False	False
OG0006706	intact	True	0.97006	3753	True	True
OG0006707	intact	True	0.9676	3741	True	True
OG0006708	intact	True	0.9835	1515	True	True
OG0006709	intact	True	0.95585	453	True	True
OG0006710	intact	True	0.96257	561	True	True
OG0006711	invalid ORF: Cx_pallens,Cx_pipiens	False	0.96676	1053	True	False
OG0006712	intact	True	0.96572	1896	True	True
OG0006713	intact	True	0.96425	1035	True	True
OG0006714	intact	True	0.97992	249	True	True
OG0006715	intact	True	0.96474	1191	True	True
OG0006716	invalid ORF: Cx_pallens	False	0.97312	372	True	False
OG0006717	intact	True	0.96774	558	True	True
OG0006718	intact	True	0.95609	2004	True	True
OG0006719	invalid ORF: Cx_pipiens	False	0.97374	876	True	False
OG0006720	invalid ORF: Cx_molestus,Cx_pipiens	False	0.97712	1008	True	False
OG0006721	intact	True	0.95843	4995	True	True
OG0006722	intact	True	0.95752	1389	True	True
OG0006723	intact	True	0.93895	819	True	True
OG0006724	RefSeq exception	False	0.63316	8031	True	False
OG0006725	intact	True	0.87745	411	True	True
OG0006726	invalid ORF: Cx_molestus,Cx_pipiens	False	0.96347	438	True	False
OG0006727	invalid ORF: Cx_molestus	False	0.94698	1773	True	False
OG0006728	intact	True	0.95553	2766	True	True
OG0006729	intact	True	0.96535	2049	True	True
OG0006730	invalid ORF: Cx_molestus	False	0.98641	1251	True	False
OG0006731	intact	True	0.95696	2196	True	True
OG0006732	intact	True	0.98438	768	True	True
OG0006733	intact	True	0.98203	1851	True	True
OG0006734	intact	True	0.99403	1005	True	True
OG0006735	intact	True	0.98103	2217	True	True
OG0006736	intact	True	0.98355	4194	True	True
OG0006737	invalid ORF: Cx_molestus	False	0.99415	1026	True	False
OG0006738	invalid ORF: Cx_pallens,Cx_pipiens	False	0.97826	414	True	False
OG0006739	intact	True	0.96721	366	True	True
OG0006740	intact	True	0.97609	711	True	True
OG0006741	intact	True	0.97405	1002	True	True
OG0006742	invalid ORF: Cx_pallens,Cx_pipiens	False	0.96806	2223	True	False
OG0006743	intact	True	0.95276	1143	True	True
OG0006744	intact	True	0.95724	1149	True	True
OG0006745	invalid ORF: Cx_molestus,Cx_pallens,Cx_pipiens	False	0.9634	1284	True	False
OG0006746	RefSeq exception	False	0.53532	4524	True	False
OG0006747	intact	True	0.96465	396	True	True
OG0006748	invalid ORF: Cx_molestus	False	0.97233	759	True	False
OG0006749	intact	True	0.96961	1053	True	True
OG0006750	invalid ORF: Cx_pallens	False	0.98131	3477	True	False
OG0006751	intact	True	0.96154	1170	True	True
OG0006752	intact	True	0.96095	3969	True	True
OG0006753	intact	True	0.95125	759	True	True
OG0006754	invalid ORF: Cx_pipiens	False	0.95139	864	True	False
OG0006755	RefSeq exception	False	0.40896	819	True	False
OG0006756	invalid ORF: Cx_molestus,Cx_pallens	False	0.98515	606	True	False
OG0006757	intact	True	0.97643	1485	True	True
OG0006758	invalid ORF: Cx_molestus,Cx_pallens,Cx_pipiens	False	0.94729	2751	True	False
OG0006759	intact	True	0.97633	1014	True	True
OG0006760	intact	True	0.97497	879	True	True
OG0006761	invalid ORF: Cx_pipiens	False	0.96331	1926	True	False
OG0006762	intact	True	0.98218	954	True	True
OG0006763	intact	True	0.99377	321	True	True
OG0006764	invalid ORF: Cx_pallens	False	0.97425	1476	True	False
OG0006765	intact	True	0.99507	609	True	True
OG0006766	intact	True	0.9642	1983	True	True
OG0006767	invalid ORF: Cx_molestus,Cx_pipiens	False	0.96471	2043	True	False
OG0006768	intact	True	0.96757	771	True	True
OG0006769	intact	True	0.97128	5118	True	True
OG0006770	invalid ORF: Cx_pipiens	False	0.96417	2343	True	False
OG0006771	intact	True	0.97895	4611	True	True
OG0006772	intact	True	0.96593	4227	True	True
OG0006773	intact	True	0.94835	1452	True	True
OG0006774	intact	True	0.96548	5217	True	True
OG0006775	intact	True	0.96084	1941	True	True
OG0006776	intact	True	0.97069	5052	True	True
OG0006777	intact	True	0.96335	573	True	True
OG0006778	invalid ORF: Cx_pipiens	False	0.97523	1494	True	False
OG0006779	intact	True	0.94714	1173	True	True
OG0006780	intact	True	0.97701	1833	True	True
OG0006781	intact	True	0.96331	2562	True	True
OG0006782	RefSeq exception	False	0.38259	7797	True	False
OG0006783	intact	True	0.96618	828	True	True
OG0006784	intact	True	0.98246	513	True	True
OG0006785	intact	True	0.98765	972	True	True
OG0006786	intact	True	0.97933	2274	True	True
OG0006787	intact	True	0.97181	1809	True	True
OG0006788	intact	True	0.94345	672	True	True
OG0006789	intact	True	0.97321	336	True	True
OG0006790	intact	True	0.98746	558	True	True
OG0006791	intact	True	0.97698	1086	True	True
OG0006792	intact	True	0.9899	1197	True	True
OG0006793	intact	True	0.97875	1647	True	True
OG0006794	intact	True	0.94083	1200	True	True
OG0006795	RefSeq exception	False	0.73333	957	True	False
OG0006796	invalid ORF: Cx_molestus,Cx_pallens,Cx_pipiens	False	0.95495	777	True	False
OG0006797	invalid ORF: Cx_pallens,Cx_pipiens	False	0.95031	966	True	False
OG0006798	invalid ORF: Cx_pallens	False	0.98353	2064	True	False
OG0006799	invalid ORF: Cx_molestus	False	0.98721	1095	True	False
OG0006800	invalid ORF: Cx_pallens	False	0.97913	1821	True	False
OG0006801	invalid ORF: Cx_molestus	False	0.98039	4650	True	False
OG0006802	intact	True	0.94374	1191	True	True
OG0006803	intact	True	0.96321	897	True	True
OG0006804	invalid ORF: Cx_pallens	False	0.93625	549	True	False
OG0006805	intact	True	0.96117	1854	True	True
OG0006806	intact	True	0.95798	1428	True	True
OG0006807	intact	True	0.92655	2124	True	True
OG0006808	intact	True	0.94538	3039	True	True
OG0006809	intact	True	0.97483	1470	True	True
OG0006810	intact	True	0.94774	708	True	True
OG0006811	intact	True	0.95868	1428	True	True
OG0006812	RefSeq exception	False	0.92506	1668	True	False
OG0006813	intact	True	0.96583	1551	True	True
OG0006814	RefSeq exception	False	0.7164	5550	True	False
OG0006815	invalid ORF: Cx_molestus,Cx_pallens	False	NA	2232	True	False
OG0006816	intact	True	0.91236	1335	True	True
OG0006817	intact	True	0.98026	1824	True	True
OG0006818	invalid ORF: Cx_molestus	False	0.95377	411	True	False
OG0006819	intact	True	0.97403	462	True	True
OG0006820	invalid ORF: Cx_molestus	False	0.97087	309	True	False
OG0006821	intact	True	0.96282	3765	True	True
OG0006822	intact	True	0.97822	597	True	True
OG0006823	intact	True	0.9298	2322	True	True
OG0006824	intact	True	0.95955	717	True	True
OG0006825	intact	True	0.95183	2616	True	True
OG0006826	intact	True	0.96014	552	True	True
OG0006827	intact	True	0.95293	1551	True	True
OG0006828	intact	True	0.94045	1461	True	True
OG0006829	intact	True	0.96429	420	True	True
OG0006830	intact	True	0.95592	2178	True	True
OG0006831	invalid ORF: Cx_molestus,Cx_pipiens	False	0.96667	1890	True	False
OG0006832	intact	True	0.96461	1554	True	True
OG0006833	intact	True	0.99515	618	True	True
OG0006834	intact	True	0.96711	1824	True	True
OG0006835	invalid ORF: Cx_pipiens	False	0.96309	3441	True	False
OG0006836	intact	True	0.96994	1899	True	True
OG0006837	invalid ORF: Cx_molestus,Cx_pallens,Cx_pipiens	False	0.98319	357	True	False
OG0006838	intact	True	0.98404	1065	True	True
OG0006839	intact	True	0.98087	993	True	True
OG0006840	intact	True	0.96795	780	True	True
OG0006841	intact	True	0.95314	939	True	True
OG0006842	invalid ORF: Cx_molestus,Cx_pallens	False	0.89897	1554	True	False
OG0006843	invalid ORF: Cx_pallens	False	0.95647	1818	True	False
OG0006844	intact	True	0.93974	1842	True	True
OG0006845	invalid ORF: Cx_pallens	False	0.96227	3207	True	False
OG0006846	invalid ORF: Cx_molestus,Cx_pallens,Cx_pipiens	False	0.96792	2556	True	False
OG0006847	RefSeq exception	False	0.49277	3654	True	False
OG0006848	invalid ORF: Cx_pipiens	False	0.95262	591	True	False
OG0006849	intact	True	0.94753	324	True	True
OG0006850	invalid ORF: Cx_pipiens	False	0.85809	2880	True	False
OG0006851	intact	True	0.95062	729	True	True
OG0006852	intact	True	0.95022	924	True	True
OG0006853	intact	True	0.98964	579	True	True
OG0006854	intact	True	0.9571	1515	True	True
OG0006855	RefSeq exception	False	0.81602	3678	True	False
OG0006856	intact	True	0.95053	1233	True	True
OG0006857	intact	True	0.95276	1122	True	True
OG0006858	intact	True	0.98712	621	True	True
OG0006859	RefSeq exception	False	0.95368	2313	True	False
OG0006860	invalid ORF: Cx_molestus	False	0.94271	1152	True	False
OG0006861	intact	True	0.9596	2772	True	True
OG0006862	intact	True	0.96748	492	True	True
OG0006863	intact	True	0.95816	741	True	True
OG0006864	intact	True	0.98718	1326	True	True
OG0006865	intact	True	0.98495	1395	True	True
OG0006866	invalid ORF: Cx_pallens	False	0.96653	717	True	False
OG0006867	intact	True	0.93911	1626	True	True
OG0006868	invalid ORF: Cx_pallens	False	0.98444	1800	True	False
OG0006869	intact	True	0.91135	564	True	True
OG0006870	invalid ORF: Cx_molestus,Cx_pallens,Cx_pipiens	False	0.53067	885	True	False
OG0006871	RefSeq exception	False	0.32671	1857	True	False
OG0006872	intact	True	0.98821	933	True	True
OG0006873	invalid ORF: Cx_molestus	False	0.96646	990	True	False
OG0006874	intact	True	0.93827	405	True	True
OG0006875	intact	True	0.96638	3840	True	True
OG0006876	intact	True	0.95195	333	True	True
OG0006877	intact	True	0.92326	435	True	True
OG0006878	intact	True	0.94639	2145	True	True
OG0006879	intact	True	0.90541	1977	True	True
OG0006880	intact	True	0.96067	534	True	True
OG0006881	invalid ORF: Cx_pipiens	False	0.51925	3246	True	False
OG0006882	RefSeq exception	False	0.9038	2235	True	False
OG0006883	RefSeq exception	False	0.57018	8157	True	False
OG0006884	intact	True	0.99269	3147	True	True
OG0006885	intact	True	0.98359	1158	True	True
OG0006886	intact	True	0.99005	1005	True	True
OG0006888	intact	True	0.98336	1863	True	True
OG0006889	intact	True	0.98116	1539	True	True
OG0006890	intact	True	0.9648	483	True	True
OG0006891	RefSeq exception	False	0.61018	2262	True	False
OG0006892	invalid ORF: Cx_molestus,Cx_pipiens	False	0.84604	681	True	False
OG0006893	RefSeq exception	False	0.62769	768	True	False
OG0006894	intact	True	0.97784	1038	True	True
OG0006895	intact	True	0.98357	2778	True	True
OG0006896	intact	True	0.96635	624	True	True
OG0006897	intact	True	0.95618	1278	True	True
OG0006898	intact	True	0.97465	1302	True	True
OG0006899	intact	True	0.97681	2418	True	True
OG0006900	intact	True	0.98084	522	True	True
OG0006901	intact	True	0.99038	312	True	True
OG0006902	intact	True	0.96311	732	True	True
OG0006903	intact	True	0.96429	1176	True	True
OG0006905	intact	True	0.95379	1629	True	True
OG0006906	intact	True	0.96815	3108	True	True
OG0006907	intact	True	0.93103	528	True	True
OG0006908	intact	True	0.96168	8952	True	True
OG0006909	intact	True	0.97554	2865	True	True
OG0006910	intact	True	0.97184	1314	True	True
OG0006911	RefSeq exception	False	0.79699	420	True	False
OG0006912	intact	True	0.93491	1014	True	True
OG0006913	invalid ORF: Cx_pipiens	False	0.9638	1638	True	False
OG0006914	invalid ORF: Cx_pipiens	False	0.94128	1107	True	False
OG0006915	intact	True	0.98182	825	True	True
OG0006916	invalid ORF: Cx_molestus	False	0.96229	1803	True	False
OG0006917	intact	True	0.98347	1452	True	True
OG0006918	intact	True	0.94705	2946	True	True
OG0006919	intact	True	0.96689	876	True	True
OG0006920	intact	True	0.96765	3369	True	True
OG0006921	intact	True	0.94395	1677	True	True
OG0006922	intact	True	0.96748	1845	True	True
OG0006923	invalid ORF: Cx_molestus,Cx_pipiens	False	0.93664	1767	True	False
OG0006924	intact	True	0.97556	900	True	True
OG0006925	intact	True	0.96634	2466	True	True
OG0006926	invalid ORF: Cx_molestus,Cx_pipiens	False	0.68514	1302	True	False
OG0006927	invalid ORF: Cx_molestus	False	0.98849	2172	True	False
OG0006928	invalid ORF: Cx_pipiens	False	0.95514	1635	True	False
OG0006929	intact	True	0.97991	1692	True	True
OG0006930	invalid ORF: Cx_molestus	False	0.96585	4215	True	False
OG0006931	intact	True	0.96008	1503	True	True
OG0006932	intact	True	0.94612	1095	True	True
OG0006933	intact	True	0.95686	1947	True	True
OG0006934	intact	True	0.96394	2610	True	True
OG0006935	intact	True	0.95767	2835	True	True
OG0006936	invalid ORF: Cx_pallens	False	0.97348	5316	True	False
OG0006937	intact	True	0.96032	1764	True	True
OG0006938	intact	True	0.96179	759	True	True
OG0006939	intact	True	0.9451	510	True	True
OG0006940	RefSeq exception	False	0.93661	6474	True	False
OG0006941	intact	True	0.94017	234	True	True
OG0006942	RefSeq exception	False	0.93143	1473	True	False
OG0006943	invalid ORF: Cx_pipiens	False	0.93547	1968	True	False
OG0006944	RefSeq exception	False	0.76602	1710	True	False
OG0006945	invalid ORF: Cx_molestus,Cx_pallens,Cx_pipiens	False	0.91962	423	True	False
OG0006946	RefSeq exception	False	0.78691	1371	True	False
OG0006947	RefSeq exception	False	0.93486	3402	True	False
OG0006948	intact	True	0.95565	2112	True	True
OG0006949	invalid ORF: Cx_pipiens	False	0.94886	528	True	False
OG0006950	invalid ORF: Cx_pipiens	False	0.95482	7788	True	False
OG0006951	intact	True	0.92773	678	True	True
OG0006952	intact	True	0.97692	780	True	True
OG0006953	intact	True	0.95695	906	True	True
OG0006954	intact	True	0.97222	684	True	True
OG0006955	invalid ORF: Cx_molestus,Cx_pipiens	False	0.83387	2064	True	False
OG0006956	invalid ORF: Cx_pipiens	False	0.95013	9819	True	False
OG0006957	invalid ORF: Cx_molestus	False	0.95457	2295	True	False
OG0006958	intact	True	0.96199	3078	True	True
OG0006959	intact	True	0.94341	1455	True	True
OG0006960	intact	True	0.98898	1542	True	True
OG0006961	intact	True	0.9941	1695	True	True
OG0006962	RefSeq exception	False	0.85052	2010	True	False
OG0006963	RefSeq exception	False	0.47411	5751	True	False
OG0006964	intact	True	0.98763	1293	True	True
OG0006965	intact	True	0.99694	654	True	True
OG0006966	intact	True	0.99325	741	True	True
OG0006967	intact	True	0.99177	243	True	True
OG0006968	intact	True	0.9866	1194	True	True
OG0006969	intact	True	0.96667	930	True	True
OG0006970	intact	True	0.96538	780	True	True
OG0006971	intact	True	0.95994	624	True	True
OG0006972	intact	True	0.96071	840	True	True
OG0006973	intact	True	0.93345	1773	True	True
OG0006974	intact	True	0.95772	1821	True	True
OG0006975	intact	True	0.98039	714	True	True
OG0006976	invalid ORF: Cx_pallens,Cx_pipiens	False	0.96078	663	True	False
OG0006977	invalid ORF: Cx_molestus	False	0.43394	1959	True	False
OG0006978	intact	True	0.96441	2082	True	True
OG0006979	intact	True	0.95299	936	True	True
OG0006980	invalid ORF: Cx_molestus,Cx_pipiens	False	0.99775	7614	True	False
OG0006981	invalid ORF: Cx_molestus,Cx_pipiens	False	0.97158	1161	True	False
OG0006982	intact	True	0.95067	2685	True	True
OG0006983	intact	True	0.96557	639	True	True
OG0006984	intact	True	0.96708	486	True	True
OG0006985	intact	True	0.95833	942	True	True
OG0006986	intact	True	0.97336	2553	True	True
OG0006987	invalid ORF: Cx_pipiens	False	0.64602	3285	True	False
OG0006988	intact	True	0.98256	516	True	True
OG0006989	intact	True	0.95171	642	True	True
OG0006990	invalid ORF: Cx_pallens	False	0.64939	2088	True	False
OG0006991	invalid ORF: Cx_molestus,Cx_pallens,Cx_pipiens	False	0.94828	348	True	False
OG0006992	intact	True	0.96579	1491	True	True
OG0006993	RefSeq exception	False	0.93539	2907	True	False
OG0006994	invalid ORF: Cx_pipiens	False	0.76876	2985	True	False
OG0006995	intact	True	0.955	1089	True	True
OG0006996	intact	True	0.99207	3153	True	True
OG0006997	intact	True	0.95988	1296	True	True
OG0006998	intact	True	0.95364	453	True	True
OG0006999	intact	True	0.9452	1332	True	True
OG0007000	RefSeq exception	False	0.50745	11127	True	False
OG0007001	RefSeq exception	False	0.90216	2541	True	False
OG0007002	intact	True	0.96181	864	True	True
OG0007003	intact	True	0.9626	1524	True	True
OG0007004	RefSeq exception	False	0.93532	3129	True	False
OG0007005	intact	True	0.97456	3381	True	True
OG0007006	intact	True	0.96374	2730	True	True
OG0007007	intact	True	0.98039	1173	True	True
OG0007008	intact	True	0.97596	915	True	True
OG0007009	intact	True	0.96833	1200	True	True
OG0007010	invalid ORF: Cx_molestus,Cx_pallens,Cx_pipiens	False	0.97492	4944	True	False
OG0007011	intact	True	0.97561	1107	True	True
OG0007012	intact	True	0.9647	2184	True	True
OG0007013	intact	True	0.95211	522	True	True
OG0007014	intact	True	0.96562	1338	True	True
OG0007015	invalid ORF: Cx_pallens	False	0.67402	408	True	False
OG0007016	intact	True	0.98704	540	True	True
OG0007017	invalid ORF: Cx_pallens	False	0.93895	819	True	False
OG0007018	invalid ORF: Cx_pallens,Cx_pipiens	False	0.8278	3066	True	False
OG0007019	intact	True	0.96517	201	True	True
OG0007020	invalid ORF: Cx_molestus,Cx_pallens	False	0.97441	3009	True	False
OG0007021	invalid ORF: Cx_molestus	False	0.96647	3102	True	False
OG0007022	invalid ORF: Cx_pallens	False	0.95687	2991	True	False
OG0007023	intact	True	0.96893	2832	True	True
OG0007024	intact	True	0.94554	1065	True	True
OG0007025	intact	True	0.97863	702	True	True
OG0007026	intact	True	0.95467	3552	True	True
OG0007027	intact	True	0.95579	1131	True	True
OG0007028	intact	True	0.97396	2313	True	True
OG0007029	intact	True	0.96034	1992	True	True
OG0007030	intact	True	0.96975	1884	True	True
OG0007031	intact	True	0.99729	369	True	True
OG0007032	intact	True	0.97019	369	True	True
OG0007033	intact	True	0.96447	2364	True	True
OG0007034	intact	True	0.97717	1317	True	True
OG0007035	intact	True	0.96561	756	True	True
OG0007036	intact	True	0.94426	909	True	True
OG0007037	intact	True	0.96359	1431	True	True
OG0007038	intact	True	0.96652	2658	True	True
OG0007039	intact	True	0.96951	2985	True	True
OG0007040	intact	True	0.98444	450	True	True
OG0007041	intact	True	0.96182	2331	True	True
OG0007042	RefSeq exception	False	0.41153	3981	True	False
OG0007043	intact	True	0.97145	1194	True	True
OG0007044	invalid ORF: Cx_pipiens	False	0.79595	1758	True	False
OG0007045	invalid ORF: Cx_pipiens	False	0.9697	1404	True	False
OG0007046	invalid ORF: Cx_pipiens	False	0.96774	2418	True	False
OG0007047	intact	True	0.9774	6903	True	True
OG0007048	invalid ORF: Cx_pipiens	False	0.95114	921	True	False
OG0007049	intact	True	0.96857	1050	True	True
OG0007050	intact	True	0.96713	6036	True	True
OG0007051	intact	True	0.98855	786	True	True
OG0007052	intact	True	0.96336	1356	True	True
OG0007053	intact	True	0.95642	1239	True	True
OG0007054	invalid ORF: Cx_pipiens	False	0.38196	1305	True	False
OG0007055	invalid ORF: Cx_molestus,Cx_pallens,Cx_pipiens	False	0.9692	909	True	False
OG0007056	intact	True	0.98241	2160	True	True
OG0007057	intact	True	0.96912	2040	True	True
OG0007058	intact	True	0.96935	2352	True	True
OG0007059	intact	True	0.99237	1311	True	True
OG0007060	intact	True	0.98765	1053	True	True
OG0007061	intact	True	0.99504	1008	True	True
OG0007062	intact	True	0.99467	375	True	True
OG0007063	invalid ORF: Cx_pipiens	False	0.72354	1326	True	False
OG0007064	invalid ORF: Cx_pallens	False	0.99123	228	True	False
OG0007065	invalid ORF: Cx_pallens,Cx_pipiens	False	0.97101	345	True	False
OG0007066	intact	True	0.9771	393	True	True
OG0007067	intact	True	0.96643	417	True	True
OG0007068	intact	True	0.95947	1431	True	True
OG0007069	invalid ORF: Cx_molestus,Cx_pallens,Cx_pipiens	False	0.93444	3603	True	False
OG0007070	intact	True	0.95508	423	True	True
OG0007071	intact	True	0.94322	1356	True	True
OG0007072	invalid ORF: Cx_pallens,Cx_pipiens	False	0.93692	1395	True	False
OG0007073	intact	True	0.9376	1830	True	True
OG0007074	intact	True	0.95985	1656	True	True
OG0007075	intact	True	0.95728	3792	True	True
OG0007076	intact	True	0.9447	651	True	True
OG0007077	intact	True	0.95284	933	True	True
OG0007078	intact	True	0.9875	240	True	True
OG0007079	RefSeq exception	False	0.98122	639	True	False
OG0007080	intact	True	0.96014	1104	True	True
OG0007081	intact	True	0.95129	1314	True	True
OG0007082	intact	True	0.94954	654	True	True
OG0007083	invalid ORF: Cx_pipiens	False	0.9546	771	True	False
OG0007084	intact	True	0.98777	327	True	True
OG0007085	invalid ORF: Cx_pallens,Cx_pipiens	False	0.35108	3993	True	False
OG0007086	invalid ORF: Cx_molestus	False	0.96436	954	True	False
OG0007087	intact	True	0.96611	1623	True	True
OG0007088	intact	True	0.96481	1563	True	True
OG0007089	intact	True	0.94599	2055	True	True
OG0007090	intact	True	0.94627	1005	True	True
OG0007091	RefSeq exception	False	0.62012	6768	True	False
OG0007092	intact	True	0.9589	3552	True	True
OG0007093	invalid ORF: Cx_pipiens	False	0.96905	714	True	False
OG0007094	invalid ORF: Cx_pallens	False	0.97643	5643	True	False
OG0007095	invalid ORF: Cx_molestus	False	0.794	3483	True	False
OG0007096	intact	True	0.98208	558	True	True
OG0007097	invalid ORF: Cx_molestus,Cx_pallens,Cx_pipiens	False	0.96878	2466	True	False
OG0007098	intact	True	0.97693	1734	True	True
OG0007099	intact	True	0.95636	1833	True	True
OG0007100	intact	True	0.95732	492	True	True
OG0007101	intact	True	0.97841	741	True	True
OG0007102	intact	True	0.95996	1857	True	True
OG0007103	intact	True	0.96472	2223	True	True
OG0007104	intact	True	0.9663	1098	True	True
OG0007105	intact	True	0.96007	1152	True	True
OG0007106	invalid ORF: Cx_pallens	False	0.96145	441	True	False
OG0007107	invalid ORF: Cx_molestus,Cx_pallens	False	0.9548	531	True	False
OG0007108	partial reference model	False	0.35519	1770	True	False
OG0007109	intact	True	0.97237	2244	True	True
OG0007110	intact	True	0.98574	1473	True	True
OG0007111	intact	True	0.97283	4416	True	True
OG0007112	intact	True	0.95959	3390	True	True
OG0007113	intact	True	0.96643	1251	True	True
OG0007114	intact	True	0.95563	879	True	True
OG0007115	intact	True	0.97324	1719	True	True
OG0007116	intact	True	0.96847	3267	True	True
OG0007117	intact	True	0.96855	795	True	True
OG0007118	intact	True	0.97386	612	True	True
OG0007119	intact	True	0.95891	3042	True	True
OG0007120	intact	True	0.97126	696	True	True
OG0007121	invalid ORF: Cx_molestus	False	0.96316	2307	True	False
OG0007122	intact	True	0.99192	1608	True	True
OG0007123	intact	True	0.996	750	True	True
OG0007124	RefSeq exception	False	0.76624	4227	True	False
OG0007125	intact	True	0.98605	645	True	True
OG0007126	intact	True	0.96296	1080	True	True
OG0007127	invalid ORF: Cx_molestus	False	0.96215	3111	True	False
OG0007128	intact	True	0.97572	906	True	True
OG0007129	intact	True	0.96779	2763	True	True
OG0007130	intact	True	0.97889	900	True	True
OG0007131	intact	True	0.97884	756	True	True
OG0007132	RefSeq exception	False	0.81754	3105	True	False
OG0007133	invalid ORF: Cx_molestus,Cx_pallens,Cx_pipiens	False	0.94928	276	True	False
OG0007134	invalid ORF: Cx_molestus	False	0.98433	1713	True	False
OG0007135	intact	True	0.97289	627	True	True
OG0007136	intact	True	0.98797	1413	True	True
OG0007137	intact	True	0.98799	666	True	True
OG0007138	invalid ORF: Cx_molestus,Cx_pipiens	False	0.93642	1185	True	False
OG0007139	invalid ORF: Cx_molestus,Cx_pipiens	False	0.96884	2760	True	False
OG0007140	intact	True	0.9441	483	True	True
OG0007141	intact	True	0.98424	1269	True	True
OG0007142	intact	True	0.98643	1032	True	True
OG0007143	invalid ORF: Cx_molestus,Cx_pipiens	False	0.98485	1188	True	False
OG0007144	invalid ORF: Cx_molestus,Cx_pallens,Cx_pipiens	False	0.64062	192	True	False
OG0007145	intact	True	0.98996	498	True	True
OG0007146	intact	True	0.96735	1164	True	True
OG0007147	intact	True	0.96804	438	True	True
OG0007148	intact	True	0.9725	4872	True	True
OG0007149	intact	True	0.96583	1320	True	True
OG0007150	intact	True	0.95517	1740	True	True
OG0007152	intact	True	0.92973	1170	True	True
OG0007153	intact	True	0.94423	789	True	True
OG0007154	intact	True	0.97111	450	True	True
OG0007155	intact	True	0.96939	588	True	True
OG0007156	intact	True	0.97436	468	True	True
OG0007157	intact	True	0.95689	951	True	True
OG0007158	invalid ORF: Cx_molestus,Cx_pipiens	False	0.72925	2388	True	False
OG0007159	intact	True	0.96943	5508	True	True
OG0007160	intact	True	0.94844	1377	True	True
OG0007161	intact	True	0.97384	1185	True	True
OG0007162	intact	True	0.94733	1443	True	True
OG0007163	intact	True	0.95802	405	True	True
OG0007164	intact	True	0.96662	2037	True	True
OG0007165	invalid ORF: Cx_pallens,Cx_pipiens	False	0.95082	366	True	False
OG0007166	invalid ORF: Cx_molestus,Cx_pallens,Cx_pipiens	False	0.93519	519	True	False
OG0007167	invalid ORF: Cx_molestus,Cx_pallens	False	0.35461	1665	True	False
OG0007168	RefSeq exception	False	0.85429	1122	True	False
OG0007169	intact	True	0.96061	2082	True	True
OG0007170	RefSeq exception	False	0.37321	4050	True	False
OG0007171	intact	True	0.96667	1920	True	True
OG0007172	RefSeq exception	False	0.80759	1545	True	False
OG0007173	invalid ORF: Cx_pallens,Cx_pipiens	False	0.9703	303	True	False
OG0007174	intact	True	0.95419	1026	True	True
OG0007175	RefSeq exception	False	0.85851	4716	True	False
OG0007176	invalid ORF: Cx_molestus	False	0.95882	5235	True	False
OG0007177	intact	True	0.92867	2208	True	True
OG0007178	invalid ORF: Cx_pallens,Cx_pipiens	False	0.97166	750	True	False
OG0007179	intact	True	0.95759	1347	True	True
OG0007180	intact	True	0.97244	6024	True	True
OG0007181	intact	True	0.94798	2700	True	True
OG0007182	invalid ORF: Cx_pipiens	False	0.95655	2259	True	False
OG0007183	intact	True	0.94167	1080	True	True
OG0007184	intact	True	0.96419	1089	True	True
OG0007185	intact	True	0.95694	720	True	True
OG0007186	invalid ORF: Cx_pallens	False	0.9482	2799	True	False
OG0007187	intact	True	0.95333	1659	True	True
OG0007188	intact	True	0.95861	894	True	True
OG0007189	invalid ORF: Cx_molestus,Cx_pipiens	False	0.94602	1113	True	False
OG0007190	intact	True	0.95476	1929	True	True
OG0007191	intact	True	0.96777	1272	True	True
OG0007192	intact	True	0.95345	1203	True	True
OG0007193	invalid ORF: Cx_molestus	False	0.94161	2061	True	False
OG0007194	intact	True	0.98539	753	True	True
OG0007195	intact	True	0.96781	963	True	True
OG0007196	intact	True	0.94253	348	True	True
OG0007197	intact	True	0.95861	459	True	True
OG0007198	intact	True	0.94732	1101	True	True
OG0007199	RefSeq exception	False	0.37006	13818	True	False
OG0007200	invalid ORF: Cx_molestus	False	0.98688	381	True	False
OG0007201	intact	True	0.96407	2199	True	True
OG0007202	intact	True	0.98765	486	True	True
OG0007203	intact	True	0.99202	501	True	True
OG0007204	intact	True	0.97096	3309	True	True
OG0007205	invalid ORF: Cx_pipiens	False	0.96438	5505	True	False
OG0007206	invalid ORF: Cx_molestus,Cx_pallens,Cx_pipiens	False	0.79087	1293	True	False
OG0007207	invalid ORF: Cx_pallens	False	0.54726	630	True	False
OG0007208	intact	True	0.97564	792	True	True
OG0007209	RefSeq exception	False	0.94472	3039	True	False
OG0007210	intact	True	0.9615	3120	True	True
OG0007211	RefSeq exception	False	0.3726	1959	True	False
OG0007212	invalid ORF: Cx_molestus,Cx_pallens,Cx_pipiens	False	0.97059	306	True	False
OG0007213	intact	True	0.97516	765	True	True
OG0007214	intact	True	0.97461	1851	True	True
OG0007215	invalid ORF: Cx_molestus	False	0.6763	6546	True	False
OG0007216	intact	True	0.98954	768	True	True
OG0007218	intact	True	0.98619	2244	True	True
OG0007219	intact	True	0.98039	408	True	True
OG0007220	intact	True	0.98663	1122	True	True
OG0007221	intact	True	0.98369	981	True	True
OG0007222	intact	True	0.99788	471	True	True
OG0007223	intact	True	0.9833	2634	True	True
OG0007224	invalid ORF: Cx_molestus,Cx_pallens,Cx_pipiens	False	0.96981	2418	True	False
OG0007225	intact	True	0.96538	780	True	True
OG0007226	intact	True	0.96681	2748	True	True
OG0007227	intact	True	0.96319	489	True	True
OG0007228	invalid ORF: Cx_molestus	False	0.73096	798	True	False
OG0007229	invalid ORF: Cx_molestus,Cx_pallens,Cx_pipiens	False	0.33966	678	True	False
OG0007230	intact	True	0.97806	5469	True	True
OG0007231	intact	True	0.98279	639	True	True
OG0007232	intact	True	1.0	330	True	True
OG0007233	intact	True	0.95129	1314	True	True
OG0007234	invalid ORF: Cx_pallens	False	0.96708	243	True	False
OG0007235	intact	True	0.97455	786	True	True
OG0007236	invalid ORF: Cx_pipiens	False	0.9561	2187	True	False
OG0007237	intact	True	0.95853	3813	True	True
OG0007238	RefSeq exception	False	0.41454	3498	True	False
OG0007239	intact	True	0.90767	639	True	True
OG0007240	intact	True	0.98172	2844	True	True
OG0007241	invalid ORF: Cx_pallens	False	0.98413	189	True	False
OG0007242	invalid ORF: Cx_molestus,Cx_pallens,Cx_pipiens	False	0.9614	855	True	False
OG0007243	intact	True	0.98807	1509	True	True
OG0007244	intact	True	0.94764	573	True	True
OG0007245	invalid ORF: Cx_molestus,Cx_pallens	False	0.92272	867	True	False
OG0007246	invalid ORF: Cx_molestus,Cx_pallens	False	0.94918	669	True	False
OG0007247	intact	True	0.92977	1011	True	True
OG0007248	intact	True	0.93782	981	True	True
OG0007249	invalid ORF: Cx_molestus,Cx_pallens,Cx_pipiens	False	0.95548	1797	True	False
OG0007250	RefSeq exception	False	0.87796	3777	True	False
OG0007251	RefSeq exception	False	0.82816	1080	True	False
OG0007252	intact	True	0.95955	717	True	True
OG0007253	intact	True	0.96638	1041	True	True
OG0007254	intact	True	0.98246	1311	True	True
OG0007255	intact	True	0.96251	2961	True	True
OG0007256	intact	True	0.94475	1629	True	True
OG0007257	intact	True	0.96366	2730	True	True
OG0007258	intact	True	0.98291	1173	True	True
OG0007259	intact	True	0.97445	861	True	True
OG0007260	intact	True	0.96444	900	True	True
OG0007261	intact	True	0.9665	8010	True	True
OG0007262	invalid ORF: Cx_pipiens	False	0.96858	2037	True	False
OG0007263	intact	True	0.97292	1662	True	True
OG0007264	invalid ORF: Cx_molestus	False	0.98091	1833	True	False
OG0007265	invalid ORF: Cx_pallens	False	0.97735	1236	True	False
OG0007266	intact	True	0.9781	2523	True	True
OG0007267	intact	True	0.99228	777	True	True
OG0007268	intact	True	0.97361	2880	True	True
OG0007269	intact	True	0.97723	483	True	True
OG0007270	intact	True	0.99396	828	True	True
OG0007271	intact	True	0.95694	1440	True	True
OG0007272	intact	True	0.97342	489	True	True
OG0007273	intact	True	0.94364	621	True	True
OG0007274	intact	True	0.95161	2586	True	True
OG0007275	intact	True	0.96313	1980	True	True
OG0007276	intact	True	0.95238	714	True	True
OG0007277	invalid ORF: Cx_molestus	False	0.93037	876	True	False
OG0007278	intact	True	0.97482	1986	True	True
OG0007279	intact	True	0.97279	1917	True	True
OG0007280	invalid ORF: Cx_pipiens	False	0.95674	393	True	False
OG0007281	invalid ORF: Cx_pallens	False	0.96378	2043	True	False
OG0007282	intact	True	0.95897	1755	True	True
OG0007283	invalid ORF: Cx_pallens	False	0.89511	1554	True	False
OG0007284	intact	True	0.98102	1686	True	True
OG0007285	invalid ORF: Cx_molestus	False	0.95504	1161	True	False
OG0007286	invalid ORF: Cx_pallens	False	0.97162	2085	True	False
OG0007287	intact	True	0.97201	786	True	True
OG0007288	intact	True	0.96069	1806	True	True
OG0007289	intact	True	0.98856	612	True	True
OG0007290	intact	True	0.95895	609	True	True
OG0007291	intact	True	0.9707	819	True	True
OG0007292	intact	True	0.95182	1536	True	True
OG0007293	intact	True	0.93305	4167	True	True
OG0007294	intact	True	0.98292	1704	True	True
OG0007295	intact	True	0.98127	534	True	True
OG0007296	intact	True	0.98635	1245	True	True
OG0007297	intact	True	0.97327	1983	True	True
OG0007298	intact	True	0.9733	1386	True	True
OG0007299	invalid ORF: Cx_pallens	False	0.53782	921	True	False
OG0007300	invalid ORF: Cx_pallens,Cx_pipiens	False	0.73577	738	True	False
OG0007301	invalid ORF: Cx_pallens	False	0.96688	4818	True	False
OG0007302	intact	True	0.96657	987	True	True
OG0007303	intact	True	0.97904	954	True	True
OG0007304	invalid ORF: Cx_molestus	False	0.96155	3312	True	False
OG0007305	invalid ORF: Cx_pipiens	False	0.95428	2334	True	False
OG0007306	intact	True	0.95312	576	True	True
OG0007307	intact	True	0.96078	918	True	True
OG0007308	invalid ORF: Cx_pipiens	False	0.98421	570	True	False
OG0007309	intact	True	0.96958	4866	True	True
OG0007310	intact	True	0.97969	1083	True	True
OG0007311	intact	True	0.9873	315	True	True
OG0007312	invalid ORF: Cx_molestus,Cx_pipiens	False	0.96042	1815	True	False
OG0007313	intact	True	0.96887	2088	True	True
OG0007314	intact	True	0.97466	1782	True	True
OG0007315	intact	True	0.94958	1884	True	True
OG0007316	invalid ORF: Cx_molestus,Cx_pipiens	False	0.81307	1863	True	False
OG0007318	intact	True	0.97974	543	True	True
OG0007319	intact	True	0.94938	810	True	True
OG0007320	intact	True	0.96389	720	True	True
OG0007321	intact	True	0.97061	2892	True	True
OG0007322	intact	True	0.96092	435	True	True
OG0007323	intact	True	0.95609	5904	True	True
OG0007324	intact	True	0.9256	336	True	True
OG0007325	invalid ORF: Cx_pallens	False	0.98246	342	True	False
OG0007326	intact	True	0.95833	576	True	True
OG0007327	intact	True	0.97072	3894	True	True
OG0007328	invalid ORF: Cx_pipiens	False	0.9683	2271	True	False
OG0007329	invalid ORF: Cx_pallens	False	0.96199	1710	True	False
OG0007330	intact	True	0.96869	1629	True	True
OG0007331	intact	True	0.98087	1098	True	True
OG0007332	intact	True	0.97165	1164	True	True
OG0007333	intact	True	0.97436	624	True	True
OG0007334	invalid ORF: Cx_pipiens	False	0.96143	726	True	False
OG0007335	intact	True	0.94223	1056	True	True
OG0007336	intact	True	0.96345	684	True	True
OG0007337	intact	True	0.98291	234	True	True
OG0007338	intact	True	0.97368	684	True	True
OG0007339	intact	True	0.97037	945	True	True
OG0007340	intact	True	0.9569	348	True	True
OG0007341	intact	True	0.9613	1266	True	True
OG0007342	intact	True	0.98434	447	True	True
OG0007343	RefSeq exception	False	0.67172	3057	True	False
OG0007344	invalid ORF: Cx_molestus,Cx_pipiens	False	0.94741	1236	True	False
OG0007345	invalid ORF: Cx_molestus	False	0.97555	2835	True	False
OG0007346	intact	True	0.9715	2538	True	True
OG0007347	intact	True	0.96801	2907	True	True
OG0007348	intact	True	0.98684	456	True	True
OG0007349	invalid ORF: Cx_molestus,Cx_pipiens	False	0.88038	753	True	False
OG0007350	intact	True	0.97274	1284	True	True
OG0007351	invalid ORF: Cx_pallens,Cx_pipiens	False	0.95425	1530	True	False
OG0007352	intact	True	0.96099	282	True	True
OG0007353	intact	True	0.94608	816	True	True
OG0007354	intact	True	0.95882	777	True	True
OG0007355	intact	True	0.99296	852	True	True
OG0007356	intact	True	0.98744	2712	True	True
OG0007357	intact	True	0.96162	1407	True	True
OG0007358	intact	True	0.95987	1221	True	True
OG0007359	intact	True	0.96187	3597	True	True
OG0007360	intact	True	0.98805	1422	True	True
OG0007361	invalid ORF: Cx_pallens	False	0.95928	1056	True	False
OG0007362	intact	True	0.97601	1542	True	True
OG0007363	invalid ORF: Cx_molestus	False	0.96304	1407	True	False
OG0007364	intact	True	0.97445	822	True	True
OG0007365	intact	True	0.98684	1368	True	True
OG0007366	invalid ORF: Cx_molestus,Cx_pallens	False	0.95879	1608	True	False
OG0007367	intact	True	0.94366	642	True	True
OG0007368	invalid ORF: Cx_pallens	False	0.967	1818	True	False
OG0007369	intact	True	0.96952	1542	True	True
OG0007370	intact	True	0.95289	849	True	True
OG0007371	invalid ORF: Cx_molestus,Cx_pallens,Cx_pipiens	False	0.92506	774	True	False
OG0007372	intact	True	0.9458	738	True	True
OG0007373	intact	True	0.92767	636	True	True
OG0007374	intact	True	0.98424	1269	True	True
OG0007375	intact	True	0.93963	381	True	True
OG0007376	intact	True	0.97001	3534	True	True
OG0007377	intact	True	0.95282	657	True	True
OG0007378	intact	True	0.94568	1620	True	True
OG0007379	invalid ORF: Cx_molestus,Cx_pallens,Cx_pipiens	False	0.96687	1479	True	False
OG0007380	invalid ORF: Cx_molestus	False	0.92385	696	True	False
OG0007381	intact	True	0.97406	771	True	True
OG0007382	intact	True	0.99174	726	True	True
OG0007383	intact	True	0.97509	2334	True	True
OG0007384	intact	True	0.94845	4287	True	True
OG0007385	intact	True	0.90073	1371	True	True
OG0007386	intact	True	0.96045	885	True	True
OG0007387	intact	True	0.97723	483	True	True
OG0007388	intact	True	0.95504	645	True	True
OG0007389	invalid ORF: Cx_molestus,Cx_pallens,Cx_pipiens	False	0.6006	828	True	False
OG0007390	intact	True	0.96707	2994	True	True
OG0007391	intact	True	0.93565	948	True	True
OG0007392	intact	True	0.97797	1362	True	True
OG0007393	invalid ORF: Cx_pallens,Cx_pipiens	False	NA	1479	True	False
OG0007394	invalid ORF: Cx_molestus,Cx_pallens,Cx_pipiens	False	0.93333	1440	True	False
OG0007395	intact	True	0.96833	2463	True	True
OG0007396	intact	True	0.94784	3180	True	True
OG0007397	invalid ORF: Cx_molestus,Cx_pallens,Cx_pipiens	False	0.96189	1653	True	False
OG0007398	intact	True	0.97196	2211	True	True
OG0007399	intact	True	0.99228	2076	True	True
OG0007400	invalid ORF: Cx_molestus,Cx_pallens,Cx_pipiens	False	0.9146	387	True	False
OG0007401	intact	True	0.95572	1197	True	True
OG0007402	intact	True	0.95978	5793	True	True
OG0007403	intact	True	0.97561	615	True	True
OG0007404	intact	True	0.98595	783	True	True
OG0007405	intact	True	0.95934	2238	True	True
OG0007406	intact	True	0.96289	3264	True	True
OG0007407	intact	True	0.96419	1089	True	True
OG0007408	intact	True	0.94419	663	True	True
OG0007409	intact	True	0.96927	423	True	True
OG0007410	intact	True	0.97452	3414	True	True
OG0007411	intact	True	0.95729	1077	True	True
OG0007412	invalid ORF: Cx_pipiens	False	0.97732	441	True	False
OG0007413	invalid ORF: Cx_molestus,Cx_pallens,Cx_pipiens	False	0.93692	1728	True	False
OG0007414	intact	True	0.97511	1125	True	True
OG0007415	intact	True	0.9443	1131	True	True
OG0007416	intact	True	0.98354	729	True	True
OG0007417	intact	True	0.97886	615	True	True
OG0007418	intact	True	0.96366	1761	True	True
OG0007419	intact	True	0.97899	4950	True	True
OG0007420	intact	True	0.98246	228	True	True
OG0007421	intact	True	0.97292	1071	True	True
OG0007422	intact	True	0.98245	4848	True	True
OG0007423	invalid ORF: Cx_pallens,Cx_pipiens	False	0.96976	1422	True	False
OG0007424	intact	True	0.96849	603	True	True
OG0007425	invalid ORF: Cx_pallens	False	0.71153	6459	True	False
OG0007426	invalid ORF: Cx_pallens	False	0.68586	1167	True	False
OG0007427	intact	True	0.98551	345	True	True
OG0007428	invalid ORF: Cx_pallens	False	0.9604	3999	True	False
OG0007429	invalid ORF: Cx_molestus,Cx_pallens,Cx_pipiens	False	0.96886	867	True	False
OG0007430	invalid ORF: Cx_molestus,Cx_pallens,Cx_pipiens	False	0.69507	1665	True	False
OG0007431	intact	True	0.9748	4188	True	True
OG0007432	invalid ORF: Cx_pallens	False	0.97593	1914	True	False
OG0007433	intact	True	0.98867	1677	True	True
OG0007434	intact	True	0.95909	2850	True	True
OG0007435	intact	True	0.95422	1551	True	True
OG0007436	intact	True	0.97748	444	True	True
OG0007437	invalid ORF: Cx_molestus,Cx_pipiens	False	0.91331	969	True	False
OG0007438	intact	True	0.98818	423	True	True
OG0007439	intact	True	0.95111	2025	True	True
OG0007440	invalid ORF: Cx_molestus,Cx_pipiens	False	0.92793	3354	True	False
OG0007441	intact	True	0.95669	762	True	True
OG0007442	intact	True	0.99209	885	True	True
OG0007443	invalid ORF: Cx_molestus,Cx_pipiens	False	0.91075	6060	True	False
OG0007444	intact	True	0.95833	912	True	True
OG0007445	intact	True	0.97756	1260	True	True
OG0007446	intact	True	0.98226	1635	True	True
OG0007447	intact	True	0.96944	1080	True	True
OG0007448	intact	True	0.92216	1692	True	True
OG0007449	invalid ORF: Cx_molestus,Cx_pipiens	False	0.87314	810	True	False
OG0007450	intact	True	0.95607	1548	True	True
OG0007451	intact	True	0.96862	2199	True	True
OG0007452	intact	True	0.97686	2463	True	True
OG0007453	intact	True	0.97397	999	True	True
OG0007454	intact	True	0.94795	1095	True	True
OG0007455	intact	True	0.95887	924	True	True
OG0007456	intact	True	0.97595	2661	True	True
OG0007457	invalid ORF: Cx_molestus,Cx_pallens	False	0.99899	1983	True	False
OG0007458	intact	True	0.97444	3012	True	True
OG0007459	invalid ORF: Cx_molestus,Cx_pipiens	False	0.77839	5202	True	False
OG0007460	intact	True	0.97822	1200	True	True
OG0007461	intact	True	0.92816	348	True	True
OG0007462	intact	True	0.92827	1191	True	True
OG0007463	invalid ORF: Cx_pallens	False	0.96316	1716	True	False
OG0007464	invalid ORF: Cx_pallens,Cx_pipiens	False	0.95876	2958	True	False
OG0007465	intact	True	0.98048	5547	True	True
OG0007466	intact	True	0.96042	480	True	True
OG0007467	invalid ORF: Cx_pallens	False	0.90613	1875	True	False
OG0007468	intact	True	0.97297	444	True	True
OG0007469	intact	True	0.9741	1815	True	True
OG0007470	intact	True	0.92337	1044	True	True
OG0007471	invalid ORF: Cx_molestus	False	0.93201	3177	True	False
OG0007472	intact	True	0.97761	1608	True	True
OG0007473	intact	True	0.95	900	True	True
OG0007474	intact	True	0.96766	1206	True	True
OG0007475	intact	True	0.96244	852	True	True
OG0007476	intact	True	0.98787	1566	True	True
OG0007477	RefSeq exception	False	0.9195	4158	True	False
OG0007478	intact	True	0.95894	1680	True	True
OG0007479	intact	True	0.9843	3375	True	True
OG0007480	intact	True	0.98333	1380	True	True
OG0007481	intact	True	0.99482	579	True	True
OG0007482	intact	True	0.95448	747	True	True
OG0007483	invalid ORF: Cx_molestus	False	0.96463	11490	True	False
OG0007484	intact	True	0.96354	576	True	True
OG0007485	invalid ORF: Cx_molestus,Cx_pallens	False	0.97554	342	True	False
OG0007486	intact	True	0.97109	1833	True	True
OG0007487	intact	True	0.98607	2307	True	True
OG0007488	intact	True	0.97147	2001	True	True
OG0007489	invalid ORF: Cx_pipiens	False	0.75069	960	True	False
OG0007490	intact	True	0.95455	396	True	True
OG0007491	intact	True	0.97382	5628	True	True
OG0007492	intact	True	0.96594	411	True	True
OG0007493	RefSeq exception	False	0.8499	2079	True	False
OG0007494	RefSeq exception	False	0.58165	2415	True	False
OG0007495	intact	True	0.94318	1056	True	True
OG0007496	invalid ORF: Cx_molestus,Cx_pallens,Cx_pipiens	False	0.93949	909	True	False
OG0007497	RefSeq exception	False	0.9169	1107	True	False
OG0007498	RefSeq exception	False	0.44188	3693	True	False
OG0007499	intact	True	0.97838	1110	True	True
OG0007500	intact	True	0.97312	372	True	True
OG0007501	intact	True	0.90994	2043	True	True
OG0007502	intact	True	0.97515	3102	True	True
OG0007503	invalid ORF: Cx_molestus,Cx_pallens	False	0.98064	723	True	False
OG0007504	invalid ORF: Cx_molestus,Cx_pipiens	False	0.96373	4464	True	False
OG0007505	invalid ORF: Cx_molestus,Cx_pallens,Cx_pipiens	False	0.77034	20730	True	False
OG0007506	invalid ORF: Cx_molestus	False	0.9872	1650	True	False
OG0007507	intact	True	0.91423	513	True	True
OG0007508	intact	True	0.9538	306	True	True
OG0007509	intact	True	0.95556	225	True	True
OG0007510	intact	True	0.96487	1227	True	True
OG0007511	intact	True	0.97329	861	True	True
OG0007512	invalid ORF: Cx_molestus	False	0.94917	846	True	False
OG0007513	intact	True	0.9828	2325	True	True
OG0007514	intact	True	0.97856	933	True	True
OG0007515	intact	True	0.97834	6003	True	True
OG0007516	RefSeq exception	False	0.58182	4125	True	False
OG0007517	invalid ORF: Cx_molestus,Cx_pallens	False	0.55551	8742	True	False
OG0007518	intact	True	0.97782	1668	True	True
OG0007519	RefSeq exception	False	0.67169	5643	True	False
OG0007520	invalid ORF: Cx_molestus,Cx_pallens,Cx_pipiens	False	0.95608	3174	True	False
OG0007521	invalid ORF: Cx_pipiens	False	0.95062	729	True	False
OG0007522	invalid ORF: Cx_molestus	False	0.9566	840	True	False
OG0007523	invalid ORF: Cx_pallens	False	0.95238	210	True	False
OG0007524	intact	True	0.96833	1800	True	True
OG0007525	intact	True	0.98355	912	True	True
OG0007526	intact	True	0.9461	1206	True	True
OG0007527	invalid ORF: Cx_pipiens	False	0.95814	1272	True	False
OG0007528	intact	True	0.97725	1011	True	True
OG0007529	intact	True	0.95857	531	True	True
OG0007530	invalid ORF: Cx_molestus,Cx_pipiens	False	0.93768	1113	True	False
OG0007531	intact	True	0.93333	1470	True	True
OG0007532	invalid ORF: Cx_pallens	False	0.9491	3060	True	False
OG0007533	intact	True	0.91036	714	True	True
OG0007534	intact	True	0.95208	1419	True	True
OG0007535	intact	True	0.9617	4239	True	True
OG0007536	RefSeq exception	False	0.85004	1410	True	False
OG0007537	RefSeq exception	False	0.83289	1182	True	False
OG0007538	intact	True	0.96815	879	True	True
OG0007539	invalid ORF: Cx_pallens	False	0.94641	2625	True	False
OG0007540	intact	True	0.98329	2277	True	True
OG0007541	intact	True	0.95738	1971	True	True
OG0007542	intact	True	0.98242	1536	True	True
OG0007543	intact	True	0.99117	453	True	True
OG0007544	intact	True	0.97321	1344	True	True
OG0007545	intact	True	0.96338	2676	True	True
OG0007546	intact	True	0.9697	2244	True	True
OG0007547	intact	True	0.97604	960	True	True
OG0007548	intact	True	0.97691	1299	True	True
OG0007549	intact	True	0.95556	855	True	True
OG0007550	intact	True	0.9534	1266	True	True
OG0007551	intact	True	0.95305	2130	True	True
OG0007552	intact	True	0.94568	813	True	True
OG0007553	intact	True	0.96416	279	True	True
OG0007554	intact	True	0.96617	801	True	True
OG0007555	intact	True	0.97633	7308	True	True
OG0007556	intact	True	0.94253	1740	True	True
OG0007557	intact	True	0.97619	1392	True	True
OG0007558	RefSeq exception	False	0.71942	1257	True	False
OG0007559	RefSeq exception	False	0.57279	6270	True	False
OG0007560	intact	True	0.9644	309	True	True
OG0007561	intact	True	0.99338	453	True	True
OG0007562	intact	True	0.98703	771	True	True
OG0007563	intact	True	0.9604	909	True	True
OG0007564	intact	True	0.96181	576	True	True
OG0007565	intact	True	0.98516	2631	True	True
OG0007566	intact	True	0.97318	3468	True	True
OG0007567	intact	True	0.99812	531	True	True
OG0007568	invalid ORF: Cx_pallens	False	0.98276	1020	True	False
OG0007569	intact	True	0.94161	423	True	True
OG0007570	intact	True	0.96296	783	True	True
OG0007571	intact	True	0.94841	1764	True	True
OG0007572	intact	True	0.97403	462	True	True
OG0007573	intact	True	0.94888	489	True	True
OG0007574	intact	True	0.99246	663	True	True
OG0007575	intact	True	0.97606	1086	True	True
OG0007576	intact	True	0.93733	1452	True	True
OG0007577	invalid ORF: Cx_molestus	False	0.9689	1452	True	False
OG0007578	invalid ORF: Cx_molestus	False	0.84338	2499	True	False
OG0007579	invalid ORF: Cx_pallens	False	0.56133	750	True	False
OG0007580	intact	True	0.95423	2016	True	True
OG0007581	invalid ORF: Cx_pipiens	False	0.91261	4578	True	False
OG0007582	intact	True	0.95808	501	True	True
OG0007583	intact	True	0.97015	603	True	True
OG0007584	invalid ORF: Cx_molestus	False	0.97945	876	True	False
OG0007585	invalid ORF: Cx_pipiens	False	0.96468	453	True	False
OG0007586	invalid ORF: Cx_molestus	False	0.95394	1194	True	False
OG0007587	intact	True	0.98224	2652	True	True
OG0007588	invalid ORF: Cx_molestus,Cx_pipiens	False	0.93918	1329	True	False
OG0007589	intact	True	0.96715	1857	True	True
OG0007590	intact	True	0.96805	3912	True	True
OG0007591	intact	True	0.98095	210	True	True
OG0007592	intact	True	0.98066	879	True	True
OG0007593	intact	True	0.98011	1257	True	True
OG0007594	intact	True	0.98408	3204	True	True
OG0007595	intact	True	0.98527	1494	True	True
OG0007596	intact	True	0.98545	1581	True	True
OG0007597	intact	True	0.98359	3474	True	True
OG0007598	intact	True	0.99359	312	True	True
OG0007599	intact	True	0.98731	867	True	True
OG0007600	intact	True	0.99194	1737	True	True
OG0007601	intact	True	0.99076	1299	True	True
OG0007602	invalid ORF: Cx_molestus,Cx_pipiens	False	0.99063	4698	True	False
OG0007603	intact	True	0.96315	1791	True	True
OG0007604	invalid ORF: Cx_molestus	False	0.95333	450	True	False
OG0007605	invalid ORF: Cx_molestus,Cx_pallens	False	0.45918	2901	True	False
OG0007606	RefSeq exception	False	0.91568	2826	True	False
OG0007607	RefSeq exception	False	0.82292	405	True	False
OG0007608	RefSeq exception	False	0.91954	1296	True	False
OG0007609	intact	True	0.97573	1239	True	True
OG0007610	invalid ORF: Cx_molestus,Cx_pipiens	False	0.96362	1182	True	False
OG0007611	invalid ORF: Cx_molestus,Cx_pallens,Cx_pipiens	False	0.95783	1233	True	False
OG0007612	RefSeq exception	False	0.75382	6087	True	False
OG0007613	intact	True	0.9743	1284	True	True
OG0007614	invalid ORF: Cx_molestus,Cx_pallens,Cx_pipiens	False	0.85366	1110	True	False
OG0007615	intact	True	0.95283	954	True	True
OG0007616	invalid ORF: Cx_molestus,Cx_pipiens	False	0.96307	1056	True	False
OG0007617	intact	True	0.97123	3024	True	True
OG0007618	intact	True	0.97643	3225	True	True
OG0007619	intact	True	0.97257	729	True	True
OG0007620	intact	True	0.94545	339	True	True
OG0007622	RefSeq exception	False	0.7963	2100	True	False
OG0007623	invalid ORF: Cx_molestus,Cx_pipiens	False	0.95289	3729	True	False
OG0007624	intact	True	0.97653	1278	True	True
OG0007625	intact	True	0.95031	1308	True	True
OG0007626	invalid ORF: Cx_pallens	False	0.96407	1005	True	False
OG0007627	intact	True	0.9589	876	True	True
OG0007628	invalid ORF: Cx_molestus,Cx_pallens,Cx_pipiens	False	0.78191	40896	True	False
OG0007629	intact	True	0.97161	960	True	True
OG0007630	intact	True	0.99174	1089	True	True
OG0007631	intact	True	0.98611	3228	True	True
OG0007632	invalid ORF: Cx_pipiens	False	0.96952	1575	True	False
OG0007633	invalid ORF: Cx_molestus,Cx_pallens	False	0.88936	705	True	False
OG0007634	intact	True	0.96037	1287	True	True
OG0007635	intact	True	0.96244	426	True	True
OG0007636	intact	True	0.9564	1422	True	True
OG0007637	intact	True	0.94093	237	True	True
OG0007638	invalid ORF: Cx_molestus,Cx_pallens,Cx_pipiens	False	0.97175	309	True	False
OG0007639	intact	True	0.97647	1020	True	True
OG0007640	intact	True	0.96169	783	True	True
OG0007641	invalid ORF: Cx_molestus	False	0.97005	768	True	False
OG0007642	intact	True	0.96669	3969	True	True
OG0007643	intact	True	0.97103	4428	True	True
OG0007644	invalid ORF: Cx_molestus,Cx_pallens	False	0.40559	2829	True	False
OG0007645	invalid ORF: Cx_pipiens	False	0.96629	534	True	False
OG0007646	intact	True	0.96939	4119	True	True
OG0007647	intact	True	0.9634	1257	True	True
OG0007648	intact	True	0.97506	1203	True	True
OG0007649	intact	True	0.96667	1500	True	True
OG0007650	intact	True	0.96181	864	True	True
OG0007651	intact	True	0.94487	1563	True	True
OG0007652	intact	True	0.99105	447	True	True
OG0007653	intact	True	0.9647	3201	True	True
OG0007654	invalid ORF: Cx_pipiens	False	0.94269	4089	True	False
OG0007655	intact	True	0.97824	1884	True	True
OG0007656	intact	True	0.98542	480	True	True
OG0007657	intact	True	0.97143	525	True	True
OG0007658	intact	True	0.98241	2220	True	True
OG0007659	invalid ORF: Cx_pipiens	False	0.94817	2103	True	False
OG0007660	invalid ORF: Cx_molestus,Cx_pallens,Cx_pipiens	False	0.95197	1041	True	False
OG0007661	intact	True	0.95425	459	True	True
OG0007662	invalid ORF: Cx_molestus	False	0.59472	834	True	False
OG0007663	intact	True	0.95714	630	True	True
OG0007664	intact	True	0.98161	870	True	True
OG0007665	invalid ORF: Cx_molestus,Cx_pipiens	False	0.96982	4341	True	False
OG0007666	intact	True	0.9689	6528	True	True
OG0007667	intact	True	0.99394	495	True	True
OG0007668	invalid ORF: Cx_molestus	False	0.99877	813	True	False
OG0007669	invalid ORF: Cx_molestus,Cx_pallens,Cx_pipiens	False	0.98763	1863	True	False
OG0007671	intact	True	0.95119	2274	True	True
OG0007672	invalid ORF: Cx_pipiens	False	0.94118	2244	True	False
OG0007673	invalid ORF: Cx_pallens	False	0.99308	1593	True	False
OG0007674	intact	True	0.94245	2919	True	True
OG0007675	intact	True	0.95921	711	True	True
OG0007676	intact	True	0.96801	1344	True	True
OG0007677	intact	True	0.95202	792	True	True
OG0007678	intact	True	0.96615	1359	True	True
OG0007679	intact	True	0.96063	2673	True	True
OG0007680	invalid ORF: Cx_pallens	False	0.95473	1458	True	False
OG0007681	intact	True	0.96341	1230	True	True
OG0007682	intact	True	0.97178	567	True	True
OG0007683	intact	True	0.98204	2514	True	True
OG0007684	invalid ORF: Cx_molestus,Cx_pipiens	False	0.50823	3126	True	False
OG0007685	RefSeq exception	False	0.88616	1716	True	False
OG0007686	RefSeq exception	False	0.65931	951	True	False
OG0007687	invalid ORF: Cx_pallens	False	0.68178	2553	True	False
OG0007688	intact	True	0.94472	1809	True	True
OG0007689	intact	True	0.98384	1326	True	True
OG0007690	intact	True	0.95715	2847	True	True
OG0007691	intact	True	0.98884	627	True	True
OG0007692	intact	True	0.97672	2151	True	True
OG0007693	invalid ORF: Cx_pipiens	False	0.96995	13320	True	False
OG0007694	intact	True	0.97973	444	True	True
OG0007695	intact	True	0.97917	1584	True	True
OG0007696	intact	True	0.98237	1191	True	True
OG0007697	intact	True	0.97523	444	True	True
OG0007698	intact	True	0.92451	1020	True	True
OG0007699	intact	True	0.9613	2403	True	True
OG0007700	intact	True	0.96028	1989	True	True
OG0007701	invalid ORF: Cx_pallens,Cx_pipiens	False	0.98737	1188	True	False
OG0007702	invalid ORF: Cx_pallens	False	0.95347	4455	True	False
OG0007703	intact	True	0.9775	1200	True	True
OG0007704	intact	True	0.93639	1572	True	True
OG0007705	intact	True	0.99862	726	True	True
OG0007706	intact	True	0.94924	1182	True	True
OG0007707	invalid ORF: Cx_molestus,Cx_pallens,Cx_pipiens	False	0.9702	537	True	False
OG0007708	invalid ORF: Cx_molestus,Cx_pallens,Cx_pipiens	False	0.96984	1890	True	False
OG0007709	invalid ORF: Cx_molestus	False	0.96801	1188	True	False
OG0007710	intact	True	0.96596	852	True	True
OG0007711	intact	True	0.96	1050	True	True
OG0007712	invalid ORF: Cx_pallens	False	0.9477	1128	True	False
OG0007713	invalid ORF: Cx_pipiens	False	0.95512	2175	True	False
OG0007714	invalid ORF: Cx_molestus	False	0.98113	159	True	False
OG0007715	intact	True	0.96797	1530	True	True
OG0007716	intact	True	0.99283	558	True	True
OG0007717	intact	True	0.95954	3312	True	True
OG0007718	intact	True	0.96774	1209	True	True
OG0007719	intact	True	0.95885	1944	True	True
OG0007720	intact	True	0.94676	2085	True	True
OG0007721	invalid ORF: Cx_molestus,Cx_pipiens	False	0.68845	1614	True	False
OG0007722	RefSeq exception	False	0.65482	663	True	False
OG0007723	intact	True	0.96601	912	True	True
OG0007724	intact	True	0.98368	1296	True	True
OG0007725	invalid ORF: Cx_molestus,Cx_pipiens	False	0.96753	1971	True	False
OG0007726	intact	True	0.96105	1566	True	True
OG0007727	RefSeq exception	False	0.62399	3162	True	False
OG0007728	RefSeq exception	False	0.91641	1926	True	False
OG0007729	intact	True	0.96821	1164	True	True
OG0007730	intact	True	0.96539	1878	True	True
OG0007731	invalid ORF: Cx_molestus,Cx_pallens,Cx_pipiens	False	0.32576	576	True	False
OG0007732	invalid ORF: Cx_molestus,Cx_pallens,Cx_pipiens	False	0.85802	669	True	False
OG0007733	RefSeq exception	False	0.68927	1131	True	False
OG0007734	intact	True	0.98282	2037	True	True
OG0007735	intact	True	0.96333	600	True	True
OG0007736	invalid ORF: Cx_molestus,Cx_pallens,Cx_pipiens	False	0.97492	1251	True	False
OG0007737	intact	True	0.96746	1014	True	True
OG0007738	intact	True	0.99214	636	True	True
OG0007739	intact	True	0.96049	810	True	True
OG0007740	intact	True	0.97214	969	True	True
OG0007741	intact	True	0.99167	240	True	True
OG0007742	intact	True	0.95238	588	True	True
OG0007743	intact	True	0.9697	1227	True	True
OG0007744	intact	True	0.9669	1722	True	True
OG0007745	intact	True	0.96842	570	True	True
OG0007746	invalid ORF: Cx_pallens	False	0.95798	1404	True	False
OG0007747	intact	True	0.96682	663	True	True
OG0007748	intact	True	0.97833	969	True	True
OG0007749	intact	True	0.98208	1116	True	True
OG0007750	intact	True	0.95906	1881	True	True
OG0007751	intact	True	0.97578	702	True	True
OG0007752	intact	True	0.94291	2277	True	True
OG0007753	intact	True	0.96895	3027	True	True
OG0007754	invalid ORF: Cx_molestus,Cx_pallens,Cx_pipiens	False	0.78788	5181	True	False
OG0007755	intact	True	0.92843	978	True	True
OG0007756	invalid ORF: Cx_molestus,Cx_pipiens	False	0.96442	1068	True	False
OG0007757	invalid ORF: Cx_pallens	False	0.95147	783	True	False
OG0007758	intact	True	0.97556	450	True	True
OG0007759	intact	True	0.96062	2184	True	True
OG0007760	intact	True	0.96677	963	True	True
OG0007761	intact	True	0.97345	2862	True	True
OG0007762	intact	True	0.94634	969	True	True
OG0007763	intact	True	0.97046	3966	True	True
OG0007764	invalid ORF: Cx_pallens	False	0.97629	2382	True	False
OG0007766	intact	True	0.98974	195	True	True
OG0007767	RefSeq exception	False	0.35131	2703	True	False
OG0007768	RefSeq exception	False	0.92711	1029	True	False
OG0007769	invalid ORF: Cx_molestus,Cx_pallens,Cx_pipiens	False	0.94416	1182	True	False
OG0007770	intact	True	0.94109	696	True	True
OG0007771	invalid ORF: Cx_molestus	False	0.98211	615	True	False
OG0007772	intact	True	0.95971	273	True	True
OG0007773	intact	True	0.96265	1071	True	True
OG0007774	intact	True	0.98345	1329	True	True
OG0007775	intact	True	0.97568	1398	True	True
OG0007776	intact	True	0.97039	1317	True	True
OG0007777	intact	True	0.97529	2064	True	True
OG0007778	intact	True	0.97464	552	True	True
OG0007779	invalid ORF: Cx_molestus,Cx_pipiens	False	0.96687	1128	True	False
OG0007780	invalid ORF: Cx_pipiens	False	0.97096	2337	True	False
OG0007781	invalid ORF: Cx_molestus,Cx_pipiens	False	0.44364	1629	True	False
OG0007782	intact	True	0.93739	591	True	True
OG0007783	intact	True	0.94364	621	True	True
OG0007784	intact	True	0.96161	1068	True	True
OG0007785	invalid ORF: Cx_molestus,Cx_pallens	False	0.90118	708	True	False
OG0007786	invalid ORF: Cx_molestus,Cx_pipiens	False	0.97362	417	True	False
OG0007787	intact	True	0.96875	480	True	True
OG0007788	intact	True	0.96703	5508	True	True
OG0007789	invalid ORF: Cx_molestus,Cx_pallens,Cx_pipiens	False	0.96647	1023	True	False
OG0007790	intact	True	0.95773	828	True	True
OG0007791	intact	True	0.96784	2421	True	True
OG0007792	invalid ORF: Cx_molestus,Cx_pallens,Cx_pipiens	False	0.9595	1506	True	False
OG0007793	invalid ORF: Cx_molestus,Cx_pallens,Cx_pipiens	False	NA	1191	True	False
OG0007794	invalid ORF: Cx_pipiens	False	0.68027	1407	True	False
OG0007795	invalid ORF: Cx_molestus,Cx_pipiens	False	0.9526	3864	True	False
OG0007796	invalid ORF: Cx_pipiens	False	0.97778	1215	True	False
OG0007797	intact	True	0.96325	5034	True	True
OG0007798	invalid ORF: Cx_pallens,Cx_pipiens	False	0.72856	4347	True	False
OG0007799	invalid ORF: Cx_molestus,Cx_pallens,Cx_pipiens	False	0.9267	1146	True	False
OG0007800	invalid ORF: Cx_molestus,Cx_pipiens	False	0.9275	1200	True	False
OG0007801	invalid ORF: Cx_molestus,Cx_pallens,Cx_pipiens	False	0.94591	2163	True	False
OG0007802	intact	True	0.95659	1221	True	True
OG0007803	intact	True	0.98547	1170	True	True
OG0007804	intact	True	0.98909	825	True	True
OG0007805	intact	True	0.98621	1740	True	True
OG0007806	intact	True	0.9769	1905	True	True
OG0007807	intact	True	0.96815	942	True	True
OG0007808	RefSeq exception	False	0.94727	564	True	False
OG0007809	invalid ORF: Cx_molestus,Cx_pallens,Cx_pipiens	False	0.94487	780	True	False
OG0007810	intact	True	0.93953	1290	True	True
OG0007811	intact	True	0.95722	561	True	True
OG0007812	intact	True	0.95693	1071	True	True
OG0007813	intact	True	0.97322	2589	True	True
OG0007814	intact	True	0.95106	2820	True	True
OG0007816	intact	True	0.93144	1269	True	True
OG0007817	intact	True	0.9659	2610	True	True
OG0007818	invalid ORF: Cx_molestus	False	0.98178	1317	True	False
OG0007819	intact	True	0.97479	1428	True	True
OG0007820	invalid ORF: Cx_molestus,Cx_pipiens	False	0.96825	504	True	False
OG0007821	invalid ORF: Cx_molestus,Cx_pipiens	False	0.94583	2883	True	False
OG0007822	invalid ORF: Cx_molestus,Cx_pipiens	False	0.92338	1266	True	False
OG0007823	intact	True	0.97797	3495	True	True
OG0007824	intact	True	0.99354	1548	True	True
OG0007825	invalid ORF: Cx_pipiens	False	0.98006	2637	True	False
OG0007826	intact	True	0.98667	225	True	True
OG0007827	intact	True	0.96847	666	True	True
OG0007828	invalid ORF: Cx_pipiens	False	0.9684	1266	True	False
OG0007829	invalid ORF: Cx_pallens	False	0.41702	1053	True	False
OG0007830	intact	True	0.96045	531	True	True
OG0007831	intact	True	0.98731	867	True	True
OG0007832	intact	True	0.98881	447	True	True
OG0007833	invalid ORF: Cx_molestus	False	0.9597	3492	True	False
OG0007834	invalid ORF: Cx_molestus	False	0.95561	1194	True	False
OG0007835	intact	True	0.9516	2004	True	True
OG0007837	invalid ORF: Cx_molestus,Cx_pallens,Cx_pipiens	False	0.99415	1719	True	False
OG0007838	intact	True	0.97893	2136	True	True
OG0007839	invalid ORF: Cx_pallens,Cx_pipiens	False	0.97565	657	True	False
OG0007840	intact	True	0.98546	963	True	True
OG0007841	invalid ORF: Cx_molestus,Cx_pipiens	False	0.78851	1887	True	False
OG0007842	invalid ORF: Cx_molestus,Cx_pipiens	False	0.93834	1119	True	False
OG0007843	intact	True	0.9779	543	True	True
OG0007844	intact	True	0.94985	1296	True	True
OG0007845	intact	True	0.97942	1458	True	True
OG0007846	intact	True	0.96405	2253	True	True
OG0007847	intact	True	0.96816	1005	True	True
OG0007848	intact	True	0.96379	1077	True	True
OG0007849	intact	True	0.97071	990	True	True
OG0007850	invalid ORF: Cx_molestus,Cx_pallens,Cx_pipiens	False	0.95014	1083	True	False
OG0007851	invalid ORF: Cx_molestus	False	0.97066	852	True	False
OG0007852	intact	True	0.98166	1254	True	True
OG0007853	intact	True	0.91644	1101	True	True
OG0007854	invalid ORF: Cx_molestus	False	0.9691	1521	True	False
OG0007855	intact	True	0.97722	834	True	True
OG0007856	intact	True	0.99061	426	True	True
OG0007857	intact	True	0.98501	867	True	True
OG0007859	intact	True	0.96429	504	True	True
OG0007860	intact	True	0.95765	3147	True	True
OG0007861	intact	True	0.98686	609	True	True
OG0007862	intact	True	0.96381	525	True	True
OG0007863	intact	True	0.97834	1293	True	True
OG0007864	invalid ORF: Cx_pipiens	False	0.97609	1602	True	False
OG0007865	invalid ORF: Cx_molestus	False	0.998	501	True	False
OG0007866	invalid ORF: Cx_pallens,Cx_pipiens	False	0.95374	2421	True	False
OG0007867	invalid ORF: Cx_molestus	False	0.52812	798	True	False
OG0007868	intact	True	0.96181	1728	True	True
OG0007869	invalid ORF: Cx_pallens	False	0.96469	708	True	False
OG0007870	intact	True	0.96769	2445	True	True
OG0007871	intact	True	0.96785	1182	True	True
OG0007872	intact	True	0.95956	915	True	True
OG0007873	intact	True	0.97354	378	True	True
OG0007874	invalid ORF: Cx_molestus	False	0.964	1389	True	False
OG0007875	intact	True	0.99101	1557	True	True
OG0007876	invalid ORF: Cx_pallens,Cx_pipiens	False	0.98566	1674	True	False
OG0007877	intact	True	0.9828	465	True	True
OG0007878	intact	True	0.97531	405	True	True
OG0007879	invalid ORF: Cx_molestus,Cx_pipiens	False	0.93197	294	True	False
OG0007880	intact	True	0.95868	363	True	True
OG0007881	intact	True	0.95427	1137	True	True
OG0007882	intact	True	0.96923	1560	True	True
OG0007883	intact	True	0.94712	4545	True	True
OG0007884	partial reference model	False	0.94828	348	True	False
OG0007885	intact	True	0.96323	846	True	True
OG0007886	intact	True	0.95029	4245	True	True
OG0007887	intact	True	0.96499	1371	True	True
OG0007888	intact	True	0.96468	906	True	True
OG0007889	intact	True	0.97536	2154	True	True
OG0007890	intact	True	0.9793	1836	True	True
OG0007891	invalid ORF: Cx_pipiens	False	0.92821	1170	True	False
OG0007892	intact	True	0.97639	1059	True	True
OG0007893	invalid ORF: Cx_pipiens	False	0.96056	2079	True	False
OG0007894	intact	True	0.97638	381	True	True
OG0007895	intact	True	0.97094	1170	True	True
OG0007896	invalid ORF: Cx_molestus	False	0.91607	417	True	False
OG0007897	intact	True	0.95122	1353	True	True
OG0007898	intact	True	0.98509	1143	True	True
OG0007899	intact	True	0.94945	2097	True	True
OG0007900	intact	True	0.92932	948	True	True
OG0007901	intact	True	0.96804	4227	True	True
OG0007902	intact	True	0.98784	987	True	True
OG0007903	intact	True	0.97578	1899	True	True
OG0007904	intact	True	0.96345	1149	True	True
OG0007905	intact	True	0.96281	1458	True	True
OG0007906	intact	True	0.96382	1305	True	True
OG0007907	intact	True	0.96351	1014	True	True
OG0007908	intact	True	0.97724	1977	True	True
OG0007909	invalid ORF: Cx_molestus,Cx_pallens	False	0.33551	891	True	False
OG0007910	invalid ORF: Cx_molestus,Cx_pallens,Cx_pipiens	False	0.44598	1548	True	False
OG0007911	intact	True	0.96017	954	True	True
OG0007912	intact	True	0.97849	372	True	True
OG0007913	intact	True	0.9596	1089	True	True
OG0007914	invalid ORF: Cx_pallens	False	0.70611	4389	True	False
OG0007915	intact	True	0.94315	1161	True	True
OG0007916	invalid ORF: Cx_pipiens	False	0.93953	4878	True	False
OG0007917	intact	True	0.96899	903	True	True
OG0007918	intact	True	0.95722	561	True	True
OG0007919	intact	True	0.97331	1536	True	True
OG0007920	intact	True	0.98018	555	True	True
OG0007921	intact	True	0.96235	903	True	True
OG0007922	intact	True	0.96532	1557	True	True
OG0007923	invalid ORF: Cx_molestus,Cx_pallens	False	0.96405	1224	True	False
OG0007924	intact	True	0.98094	5667	True	True
OG0007925	invalid ORF: Cx_pallens,Cx_pipiens	False	0.95688	603	True	False
OG0007926	intact	True	0.95217	690	True	True
OG0007927	intact	True	0.97058	10686	True	True
OG0007928	invalid ORF: Cx_molestus,Cx_pallens	False	0.93302	1794	True	False
OG0007929	invalid ORF: Cx_molestus	False	0.96636	981	True	False
OG0007930	intact	True	0.9714	1926	True	True
OG0007931	invalid ORF: Cx_molestus,Cx_pallens	False	0.97419	612	True	False
OG0007932	intact	True	0.96816	1005	True	True
OG0007933	intact	True	0.96678	873	True	True
OG0007934	intact	True	0.9888	714	True	True
OG0007935	intact	True	0.96062	1092	True	True
OG0007936	intact	True	0.95255	822	True	True
OG0007937	intact	True	0.97768	1344	True	True
OG0007938	intact	True	0.98276	2088	True	True
OG0007939	invalid ORF: Cx_pipiens	False	0.52908	7125	True	False
OG0007940	invalid ORF: Cx_pallens	False	0.93319	1422	True	False
OG0007941	intact	True	0.95946	1554	True	True
OG0007942	intact	True	0.93675	585	True	True
OG0007943	invalid ORF: Cx_molestus,Cx_pallens,Cx_pipiens	False	0.93102	2337	True	False
OG0007944	RefSeq exception	False	0.36314	1572	True	False
OG0007945	invalid ORF: Cx_molestus,Cx_pallens,Cx_pipiens	False	0.94	903	True	False
OG0007946	intact	True	0.97317	1509	True	True
OG0007947	intact	True	0.97083	1854	True	True
OG0007948	intact	True	0.98282	873	True	True
OG0007949	intact	True	0.95138	1635	True	True
OG0007950	intact	True	0.9735	981	True	True
OG0007951	intact	True	0.98224	3831	True	True
OG0007952	intact	True	0.96863	765	True	True
OG0007953	intact	True	0.96737	2580	True	True
OG0007954	invalid ORF: Cx_molestus	False	0.96735	2787	True	False
OG0007955	RefSeq exception	False	0.65881	5898	True	False
OG0007956	RefSeq exception	False	0.44708	2631	True	False
OG0007957	intact	True	0.96762	1359	True	True
OG0007958	intact	True	0.95664	369	True	True
OG0007959	invalid ORF: Cx_molestus,Cx_pallens,Cx_pipiens	False	0.93168	849	True	False
OG0007960	intact	True	0.97321	2361	True	True
OG0007961	invalid ORF: Cx_pallens	False	0.95596	999	True	False
OG0007962	intact	True	0.9694	621	True	True
OG0007963	intact	True	0.94852	2349	True	True
OG0007964	intact	True	0.97204	6597	True	True
OG0007965	intact	True	0.96293	3372	True	True
OG0007966	intact	True	0.97889	1563	True	True
OG0007967	invalid ORF: Cx_molestus,Cx_pallens	False	0.42618	7008	True	False
OG0007968	intact	True	0.98592	1926	True	True
OG0007969	intact	True	0.97961	981	True	True
OG0007970	intact	True	0.98175	1041	True	True
OG0007971	intact	True	0.97285	3435	True	True
OG0007972	invalid ORF: Cx_pipiens	False	0.90667	519	True	False
OG0007973	intact	True	0.93353	1998	True	True
OG0007974	intact	True	0.95628	366	True	True
OG0007975	RefSeq exception	False	0.86187	1752	True	False
OG0007976	intact	True	0.97592	4029	True	True
OG0007977	intact	True	0.97143	3264	True	True
OG0007978	invalid ORF: Cx_molestus	False	0.95471	2829	True	False
OG0007979	invalid ORF: Cx_molestus	False	0.98993	4203	True	False
OG0007980	intact	True	0.95124	1128	True	True
OG0007981	intact	True	0.96591	1056	True	True
OG0007982	intact	True	0.97061	2790	True	True
OG0007983	intact	True	0.96764	3924	True	True
OG0007984	intact	True	0.9717	1449	True	True
OG0007985	intact	True	0.97413	1353	True	True
OG0007986	intact	True	0.98098	3231	True	True
OG0007987	intact	True	0.98092	891	True	True
OG0007988	invalid ORF: Cx_molestus,Cx_pipiens	False	0.96711	3222	True	False
OG0007989	intact	True	0.95591	930	True	True
OG0007990	intact	True	0.94913	747	True	True
OG0007991	intact	True	0.9854	411	True	True
OG0007992	intact	True	0.96856	2004	True	True
OG0007993	intact	True	0.96286	1131	True	True
OG0007994	invalid ORF: Cx_molestus	False	0.94401	768	True	False
OG0007995	intact	True	0.97367	1443	True	True
OG0007996	invalid ORF: Cx_molestus,Cx_pipiens	False	0.97481	516	True	False
OG0007997	intact	True	0.94852	1923	True	True
OG0007998	intact	True	0.94946	831	True	True
OG0008000	intact	True	0.97771	2874	True	True
OG0008001	intact	True	0.95963	2700	True	True
OG0008002	intact	True	0.96703	1395	True	True
OG0008003	intact	True	0.9549	2574	True	True
OG0008004	intact	True	0.95435	1161	True	True
OG0008005	intact	True	0.97527	930	True	True
OG0008006	invalid ORF: Cx_pipiens	False	0.97669	429	True	False
OG0008007	intact	True	0.98094	1731	True	True
OG0008008	intact	True	0.97191	2433	True	True
OG0008009	invalid ORF: Cx_molestus,Cx_pallens,Cx_pipiens	False	0.94811	1308	True	False
OG0008010	invalid ORF: Cx_pipiens	False	0.41776	2046	True	False
OG0008012	intact	True	0.9508	1626	True	True
OG0008014	intact	True	0.98592	1704	True	True
OG0008015	invalid ORF: Cx_pallens	False	0.99783	2802	True	False
OG0008016	intact	True	0.97928	1593	True	True
OG0008017	invalid ORF: Cx_molestus,Cx_pallens,Cx_pipiens	False	0.96772	2478	True	False
OG0008018	invalid ORF: Cx_molestus	False	0.96574	3444	True	False
OG0008019	intact	True	0.95623	1485	True	True
OG0008020	invalid ORF: Cx_pallens	False	0.97796	3444	True	False
OG0008021	intact	True	0.96251	2187	True	True
OG0008022	invalid ORF: Cx_pallens	False	0.94635	5121	True	False
OG0008023	intact	True	0.9529	1380	True	True
OG0008024	intact	True	0.98224	735	True	True
OG0008025	invalid ORF: Cx_molestus	False	0.64037	2415	True	False
OG0008026	intact	True	0.9586	1884	True	True
OG0008027	RefSeq exception	False	0.59225	7713	True	False
OG0008028	intact	True	0.94805	1155	True	True
OG0008029	intact	True	0.97407	2664	True	True
OG0008030	intact	True	0.96631	1128	True	True
OG0008031	intact	True	0.93033	1467	True	True
OG0008032	invalid ORF: Cx_molestus,Cx_pallens,Cx_pipiens	False	0.96402	528	True	False
OG0008033	intact	True	0.96616	1182	True	True
OG0008034	partial reference model	False	0.94001	1617	True	False
OG0008035	intact	True	0.95888	1143	True	True
OG0008036	intact	True	0.95872	654	True	True
OG0008038	invalid ORF: Cx_pallens	False	0.94035	1173	True	False
OG0008039	invalid ORF: Cx_molestus,Cx_pallens,Cx_pipiens	False	0.95	1785	True	False
OG0008040	intact	True	0.98536	1161	True	True
OG0008041	intact	True	0.96586	996	True	True
OG0008042	intact	True	0.96627	4860	True	True
OG0008043	intact	True	0.96842	855	True	True
OG0008044	intact	True	0.96579	1257	True	True
OG0008045	intact	True	0.96421	447	True	True
OG0008046	intact	True	0.95507	1803	True	True
OG0008047	invalid ORF: Cx_molestus	False	0.97279	2058	True	False
OG0008048	intact	True	0.98839	1206	True	True
OG0008049	intact	True	0.98554	1383	True	True
OG0008050	intact	True	0.95758	4659	True	True
OG0008052	intact	True	0.98358	609	True	True
OG0008053	intact	True	0.96802	1407	True	True
OG0008054	intact	True	0.94259	540	True	True
OG0008055	intact	True	0.97852	2421	True	True
OG0008056	intact	True	0.9741	1197	True	True
OG0008057	invalid ORF: Cx_molestus	False	0.95695	813	True	False
OG0008058	intact	True	0.9492	1449	True	True
OG0008059	intact	True	0.96779	1335	True	True
OG0008060	intact	True	0.95758	3489	True	True
OG0008061	intact	True	0.97592	789	True	True
OG0008062	invalid ORF: Cx_molestus	False	0.81838	1503	True	False
OG0008063	intact	True	0.95188	9996	True	True
OG0008064	invalid ORF: Cx_molestus,Cx_pallens,Cx_pipiens	False	0.96646	4035	True	False
OG0008065	intact	True	0.97596	1248	True	True
OG0008066	RefSeq exception	False	0.96208	1842	True	False
OG0008067	intact	True	0.95261	1266	True	True
OG0008068	invalid ORF: Cx_molestus	False	0.96305	1299	True	False
OG0008069	invalid ORF: Cx_pipiens	False	0.93798	1293	True	False
OG0008070	intact	True	0.93444	3630	True	True
OG0008071	invalid ORF: Cx_molestus	False	0.80876	1509	True	False
OG0008072	intact	True	0.96694	363	True	True
OG0008073	invalid ORF: Cx_molestus,Cx_pallens,Cx_pipiens	False	0.9512	1086	True	False
OG0008074	invalid ORF: Cx_molestus,Cx_pipiens	False	0.96307	1056	True	False
OG0008076	invalid ORF: Cx_molestus,Cx_pipiens	False	0.95104	2022	True	False
OG0008077	intact	True	0.94053	1917	True	True
OG0008078	invalid ORF: Cx_pallens	False	0.81011	2556	True	False
OG0008079	invalid ORF: Cx_molestus,Cx_pallens,Cx_pipiens	False	0.34568	2286	True	False
OG0008080	invalid ORF: Cx_molestus,Cx_pipiens	False	0.95771	1395	True	False
OG0008081	intact	True	0.9673	3489	True	True
OG0008082	intact	True	0.98187	1548	True	True
OG0008083	intact	True	0.93791	2271	True	True
OG0008084	invalid ORF: Cx_molestus,Cx_pipiens	False	0.96608	855	True	False
OG0008085	intact	True	0.95728	2739	True	True
OG0008086	intact	True	0.97863	936	True	True
OG0008087	intact	True	0.9784	2592	True	True
OG0008088	invalid ORF: Cx_pallens	False	0.95407	1350	True	False
OG0008089	intact	True	0.96149	3324	True	True
OG0008090	intact	True	0.97765	537	True	True
OG0008091	intact	True	0.96131	336	True	True
OG0008092	intact	True	0.96625	1452	True	True
OG0008093	intact	True	0.97879	1662	True	True
OG0008094	invalid ORF: Cx_molestus	False	0.83653	2184	True	False
OG0008095	partial reference model	False	0.9743	2421	True	False
OG0008096	intact	True	0.93434	396	True	True
OG0008097	invalid ORF: Cx_molestus	False	0.99813	10182	True	False
OG0008098	partial reference model	False	0.9742	1434	True	False
OG0008099	invalid ORF: Cx_molestus,Cx_pallens,Cx_pipiens	False	0.65859	996	True	False
OG0008100	intact	True	0.95858	1014	True	True
OG0008101	intact	True	0.96333	2100	True	True
OG0008102	invalid ORF: Cx_molestus,Cx_pallens,Cx_pipiens	False	0.96612	14406	True	False
OG0008103	intact	True	0.94746	1713	True	True
OG0008104	intact	True	0.93468	444	True	True
OG0008105	invalid ORF: Cx_molestus,Cx_pipiens	False	0.93996	483	True	False
OG0008106	invalid ORF: Cx_pipiens	False	0.84891	1470	True	False
OG0008107	intact	True	0.9505	606	True	True
OG0008108	intact	True	0.96508	945	True	True
OG0008109	invalid ORF: Cx_molestus,Cx_pallens,Cx_pipiens	False	0.97116	867	True	False
OG0008110	intact	True	0.97235	651	True	True
OG0008111	intact	True	0.98628	729	True	True
OG0008112	invalid ORF: Cx_pipiens	False	0.9561	7107	True	False
OG0008113	intact	True	0.97608	1338	True	True
OG0008114	invalid ORF: Cx_pallens	False	0.53846	975	True	False
OG0008115	intact	True	0.9623	504	True	True
OG0008116	intact	True	0.95669	1593	True	True
OG0008117	intact	True	0.96863	3060	True	True
OG0008118	invalid ORF: Cx_molestus	False	0.97266	2268	True	False
OG0008119	intact	True	0.97897	1569	True	True
OG0008120	intact	True	0.97906	4155	True	True
OG0008121	invalid ORF: Cx_molestus	False	0.97118	3192	True	False
OG0008122	invalid ORF: Cx_pallens,Cx_pipiens	False	0.95619	1464	True	False
OG0008123	intact	True	0.9588	267	True	True
OG0008124	intact	True	0.96232	1725	True	True
OG0008125	intact	True	0.99625	267	True	True
OG0008126	intact	True	0.96433	2691	True	True
OG0008127	intact	True	0.9538	1515	True	True
OG0008128	intact	True	0.96584	1698	True	True
OG0008129	invalid ORF: Cx_molestus,Cx_pallens,Cx_pipiens	False	0.93627	1224	True	False
OG0008130	intact	True	0.94431	2442	True	True
OG0008131	intact	True	0.96226	318	True	True
OG0008132	invalid ORF: Cx_pallens	False	0.9697	714	True	False
OG0008133	intact	True	0.98095	1050	True	True
OG0008134	invalid ORF: Cx_molestus,Cx_pallens,Cx_pipiens	False	0.95476	840	True	False
OG0008135	intact	True	0.96285	1938	True	True
OG0008136	intact	True	0.9509	387	True	True
OG0008137	invalid ORF: Cx_molestus,Cx_pallens	False	0.97333	1566	True	False
OG0008138	intact	True	0.95359	1530	True	True
OG0008139	intact	True	0.97889	900	True	True
OG0008140	intact	True	0.98126	3255	True	True
OG0008141	intact	True	0.95901	1659	True	True
OG0008143	invalid ORF: Cx_pipiens	False	0.97436	468	True	False
OG0008146	invalid ORF: Cx_pipiens	False	0.53215	3618	True	False
OG0008147	intact	True	0.98053	873	True	True
OG0008148	RefSeq exception	False	0.9676	3735	True	False
OG0008149	intact	True	0.93857	3435	True	True
OG0008150	intact	True	0.99524	630	True	True
OG0008151	invalid ORF: Cx_pallens,Cx_pipiens	False	0.97504	681	True	False
OG0008152	invalid ORF: Cx_pallens	False	0.92085	1737	True	False
OG0008153	intact	True	0.9656	1101	True	True
OG0008154	intact	True	0.96897	1128	True	True
OG0008155	intact	True	0.9698	861	True	True
OG0008156	intact	True	0.95614	918	True	True
OG0008157	intact	True	0.97171	4569	True	True
OG0008158	intact	True	0.98174	1314	True	True
OG0008159	intact	True	0.96317	1086	True	True
OG0008160	invalid ORF: Cx_pallens	False	0.9748	2913	True	False
OG0008161	invalid ORF: Cx_molestus,Cx_pallens,Cx_pipiens	False	0.36877	909	True	False
OG0008162	intact	True	0.97719	2718	True	True
OG0008163	intact	True	0.97422	543	True	True
OG0008164	invalid ORF: Cx_pallens	False	0.97163	564	True	False
OG0008165	intact	True	0.96873	1599	True	True
OG0008166	invalid ORF: Cx_pallens	False	0.94546	1962	True	False
OG0008167	invalid ORF: Cx_pipiens	False	0.95139	144	False	False
OG0008168	intact	True	0.97436	273	True	True
OG0008169	invalid ORF: Cx_molestus,Cx_pipiens	False	0.84648	1386	True	False
OG0008170	intact	True	0.9714	2028	True	True
OG0008171	invalid ORF: Cx_molestus,Cx_pipiens	False	0.80846	1347	True	False
OG0008172	intact	True	0.94487	2358	True	True
OG0008173	intact	True	0.98309	414	True	True
OG0008174	intact	True	0.97198	1356	True	True
OG0008175	intact	True	0.97562	1641	True	True
OG0008176	intact	True	0.9838	432	True	True
OG0008177	intact	True	0.95818	1674	True	True
OG0008178	intact	True	0.9732	1455	True	True
OG0008179	intact	True	0.93994	333	True	True
OG0008180	intact	True	0.91569	516	True	True
OG0008181	intact	True	0.9823	1017	True	True
OG0008182	invalid ORF: Cx_molestus,Cx_pallens,Cx_pipiens	False	0.9697	1038	True	False
OG0008183	intact	True	0.96291	1968	True	True
OG0008184	intact	True	0.98609	5031	True	True
OG0008185	invalid ORF: Cx_molestus	False	0.94669	2157	True	False
OG0008186	intact	True	0.97388	1608	True	True
OG0008187	invalid ORF: Cx_molestus,Cx_pallens,Cx_pipiens	False	0.36573	4302	True	False
OG0008188	invalid ORF: Cx_pallens	False	0.68395	1602	True	False
OG0008189	intact	True	0.95998	1974	True	True
OG0008190	intact	True	0.95302	447	True	True
OG0008191	invalid ORF: Cx_pallens,Cx_pipiens	False	0.40995	3798	True	False
OG0008192	invalid ORF: Cx_molestus,Cx_pipiens	False	0.94811	636	True	False
OG0008193	invalid ORF: Cx_molestus,Cx_pallens,Cx_pipiens	False	0.94291	1758	True	False
OG0008194	invalid ORF: Cx_molestus	False	0.97885	1182	True	False
OG0008195	intact	True	0.96387	6597	True	True
OG0008196	invalid ORF: Cx_molestus	False	0.9564	1032	True	False
OG0008197	invalid ORF: Cx_molestus,Cx_pallens	False	0.95022	1587	True	False
OG0008198	intact	True	0.96139	777	True	True
OG0008199	intact	True	0.97826	552	True	True
OG0008200	intact	True	0.97927	627	True	True
OG0008201	invalid ORF: Cx_pallens	False	0.86754	1608	True	False
OG0008202	intact	True	0.94603	945	True	True
OG0008203	intact	True	0.97381	840	True	True
OG0008204	intact	True	0.9784	324	True	True
OG0008205	RefSeq exception	False	0.64178	1545	True	False
OG0008206	invalid ORF: Cx_molestus	False	0.98667	621	True	False
OG0008207	intact	True	0.95888	2043	True	True
OG0008208	invalid ORF: Cx_molestus	False	0.96835	474	True	False
OG0008209	RefSeq exception	False	0.67085	1194	True	False
OG0008210	intact	True	0.95311	1173	True	True
OG0008211	intact	True	0.97711	1704	True	True
OG0008212	intact	True	0.97037	2031	True	True
OG0008213	invalid ORF: Cx_molestus,Cx_pipiens	False	0.95882	1530	True	False
OG0008214	invalid ORF: Cx_molestus	False	0.96328	6951	True	False
OG0008215	invalid ORF: Cx_molestus,Cx_pallens,Cx_pipiens	False	0.95107	1737	True	False
OG0008216	intact	True	0.9537	3060	True	True
OG0008217	intact	True	0.97216	2586	True	True
OG0008218	intact	True	0.99794	969	True	True
OG0008219	invalid ORF: Cx_pipiens	False	0.95429	1947	True	False
OG0008220	invalid ORF: Cx_molestus,Cx_pallens	False	0.94638	3930	True	False
OG0008221	intact	True	0.96873	1599	True	True
OG0008222	invalid ORF: Cx_molestus,Cx_pallens,Cx_pipiens	False	0.73694	1047	True	False
OG0008223	invalid ORF: Cx_molestus,Cx_pallens,Cx_pipiens	False	0.96422	1068	True	False
OG0008224	intact	True	0.97619	420	True	True
OG0008225	invalid ORF: Cx_molestus,Cx_pallens	False	0.96978	1092	True	False
OG0008226	intact	True	0.9554	426	True	True
OG0008227	intact	True	0.96762	3585	True	True
OG0008228	invalid ORF: Cx_pallens	False	0.96159	2406	True	False
OG0008229	invalid ORF: Cx_molestus	False	0.97595	1497	True	False
OG0008230	partial reference model	False	0.97179	393	True	False
OG0008231	intact	True	0.94422	1488	True	True
OG0008232	intact	True	0.98258	2988	True	True
OG0008233	invalid ORF: Cx_pipiens	False	0.97283	1104	True	False
OG0008234	intact	True	0.98532	483	True	True
OG0008235	invalid ORF: Cx_molestus,Cx_pallens,Cx_pipiens	False	0.98693	153	True	False
OG0008236	intact	True	0.95205	1710	True	True
OG0008237	invalid ORF: Cx_pipiens	False	0.9454	1248	True	False
OG0008238	RefSeq exception	False	0.7592	2895	True	False
OG0008239	invalid ORF: Cx_molestus,Cx_pallens	False	0.99316	1170	True	False
OG0008240	invalid ORF: Cx_molestus,Cx_pallens,Cx_pipiens	False	0.97188	960	True	False
OG0008241	invalid ORF: Cx_pallens	False	0.93026	717	True	False
OG0008242	intact	True	0.94732	1974	True	True
OG0008243	intact	True	0.98264	576	True	True
OG0008244	intact	True	0.96135	2820	True	True
OG0008245	intact	True	0.97751	1956	True	True
OG0008246	intact	True	0.96909	1359	True	True
OG0008247	intact	True	0.95183	1806	True	True
OG0008248	invalid ORF: Cx_pallens	False	0.98555	1038	True	False
OG0008249	invalid ORF: Cx_molestus,Cx_pipiens	False	0.96879	813	True	False
OG0008250	intact	True	0.97247	4443	True	True
OG0008251	intact	True	0.97534	3933	True	True
OG0008252	intact	True	0.96146	519	True	True
OG0008253	invalid ORF: Cx_molestus,Cx_pallens,Cx_pipiens	False	0.95753	777	True	False
OG0008254	partial reference model	False	0.95279	1059	True	False
OG0008255	intact	True	0.95867	2202	True	True
OG0008256	intact	True	0.96179	1989	True	True
OG0008257	intact	True	0.99087	438	True	True
OG0008258	intact	True	0.96899	645	True	True
OG0008259	intact	True	0.9791	1899	True	True
OG0008260	invalid ORF: Cx_molestus,Cx_pipiens	False	0.81663	1302	True	False
OG0008261	invalid ORF: Cx_molestus,Cx_pallens,Cx_pipiens	False	0.96149	840	True	False
OG0008262	invalid ORF: Cx_molestus,Cx_pipiens	False	0.97729	1497	True	False
OG0008263	intact	True	0.96745	1728	True	True
OG0008264	invalid ORF: Cx_pallens	False	0.96939	1470	True	False
OG0008265	intact	True	0.96923	975	True	True
OG0008266	intact	True	0.97313	6387	True	True
OG0008267	invalid ORF: Cx_molestus	False	0.78788	2808	True	False
OG0008268	intact	True	0.95795	2901	True	True
OG0008269	invalid ORF: Cx_pipiens	False	0.96552	174	True	False
OG0008270	invalid ORF: Cx_pipiens	False	0.375	3777	True	False
OG0008271	intact	True	0.95562	1983	True	True
OG0008272	invalid ORF: Cx_molestus,Cx_pallens,Cx_pipiens	False	0.97357	3519	True	False
OG0008273	invalid ORF: Cx_pipiens	False	0.94991	1617	True	False
OG0008274	RefSeq exception	False	0.90365	2199	True	False
OG0008275	invalid ORF: Cx_molestus,Cx_pallens,Cx_pipiens	False	0.83456	918	True	False
OG0008276	intact	True	0.96003	1251	True	True
OG0008277	intact	True	0.94987	2733	True	True
OG0008278	intact	True	0.97891	4377	True	True
OG0008279	intact	True	0.98638	1542	True	True
OG0008280	invalid ORF: Cx_molestus	False	0.9503	2124	True	False
OG0008281	intact	True	0.95592	1656	True	True
OG0008282	invalid ORF: Cx_pipiens	False	0.97701	741	True	False
OG0008283	intact	True	0.96879	1698	True	True
OG0008284	intact	True	0.97484	1431	True	True
OG0008285	intact	True	0.97485	3300	True	True
OG0008286	intact	True	0.98224	1689	True	True
OG0008287	intact	True	0.97297	333	True	True
OG0008288	intact	True	0.98669	3912	True	True
OG0008289	intact	True	0.97937	1503	True	True
OG0008290	invalid ORF: Cx_pipiens	False	0.81549	1329	True	False
OG0008291	intact	True	0.98309	828	True	True
OG0008292	intact	True	0.96068	585	True	True
OG0008293	intact	True	0.95335	1329	True	True
OG0008294	intact	True	0.95423	1158	True	True
OG0008295	intact	True	0.96823	2256	True	True
OG0008296	intact	True	0.96851	921	True	True
OG0008297	RefSeq exception	False	0.71257	2268	True	False
OG0008298	invalid ORF: Cx_pipiens	False	0.98065	747	True	False
OG0008299	intact	True	0.96305	1245	True	True
OG0008300	invalid ORF: Cx_pipiens	False	0.42532	1098	True	False
OG0008301	intact	True	0.9673	1263	True	True
OG0008302	intact	True	0.96758	2529	True	True
OG0008303	intact	True	0.98812	2949	True	True
OG0008304	RefSeq exception	False	0.90305	918	True	False
OG0008305	invalid ORF: Cx_pipiens	False	0.97758	1437	True	False
OG0008306	intact	True	0.96619	3372	True	True
OG0008307	RefSeq exception	False	0.84471	1398	True	False
OG0008308	intact	True	0.98642	957	True	True
OG0008309	intact	True	0.95699	651	True	True
OG0008310	intact	True	0.96903	1905	True	True
OG0008311	intact	True	0.96094	2208	True	True
OG0008312	intact	True	0.9611	1491	True	True
OG0008313	intact	True	0.97429	1050	True	True
OG0008314	invalid ORF: Cx_molestus,Cx_pallens,Cx_pipiens	False	0.83217	897	True	False
OG0008315	intact	True	0.95135	1122	True	True
OG0008316	intact	True	0.96725	858	True	True
OG0008317	intact	True	0.96078	1173	True	True
OG0008318	intact	True	0.953	4809	True	True
OG0008319	invalid ORF: Cx_molestus,Cx_pipiens	False	0.93673	1536	True	False
OG0008320	intact	True	0.97093	9390	True	True
OG0008321	invalid ORF: Cx_pipiens	False	0.97641	3519	True	False
OG0008322	intact	True	0.9658	2427	True	True
OG0008323	intact	True	0.95724	912	True	True
OG0008324	intact	True	0.95251	1074	True	True
OG0008325	invalid ORF: Cx_molestus,Cx_pallens,Cx_pipiens	False	0.94223	2181	True	False
OG0008326	intact	True	0.96627	1293	True	True
OG0008327	intact	True	0.97148	1794	True	True
OG0008328	intact	True	0.97676	1506	True	True
OG0008329	intact	True	0.97766	3333	True	True
OG0008330	intact	True	0.97862	795	True	True
OG0008331	intact	True	0.97545	1062	True	True
OG0008332	intact	True	0.97907	621	True	True
OG0008333	intact	True	0.92841	447	True	True
OG0008334	intact	True	0.94086	372	True	True
OG0008335	intact	True	0.96968	4221	True	True
OG0008336	invalid ORF: Cx_pallens	False	0.93804	807	True	False
OG0008337	invalid ORF: Cx_pipiens	False	0.47976	3891	True	False
OG0008338	intact	True	0.96724	1038	True	True
OG0008339	invalid ORF: Cx_molestus,Cx_pallens,Cx_pipiens	False	0.97577	1197	True	False
OG0008340	invalid ORF: Cx_molestus,Cx_pallens	False	0.99751	2871	True	False
OG0008341	invalid ORF: Cx_molestus	False	0.95874	2040	True	False
OG0008342	intact	True	0.97346	1620	True	True
OG0008343	intact	True	0.94466	2349	True	True
OG0008344	intact	True	0.96099	564	True	True
OG0008345	intact	True	0.96623	2547	True	True
OG0008346	intact	True	0.99101	1446	True	True
OG0008347	intact	True	0.94975	2529	True	True
OG0008348	intact	True	0.97998	1698	True	True
OG0008349	intact	True	0.929	1338	True	True
OG0008350	intact	True	0.99225	516	True	True
OG0008351	intact	True	0.98222	450	True	True
OG0008352	invalid ORF: Cx_pallens,Cx_pipiens	False	0.95176	1389	True	False
OG0008353	intact	True	0.98594	1494	True	True
OG0008354	intact	True	0.99085	984	True	True
OG0008355	intact	True	0.98432	2169	True	True
OG0008356	intact	True	0.97089	3264	True	True
OG0008357	intact	True	0.95222	900	True	True
OG0008358	invalid ORF: Cx_pipiens	False	0.96738	705	True	False
OG0008359	intact	True	0.98076	4365	True	True
OG0008360	RefSeq exception	False	0.84698	2826	True	False
OG0008361	RefSeq exception	False	0.81438	7560	True	False
OG0008362	invalid ORF: Cx_molestus	False	0.97706	741	True	False
OG0008363	invalid ORF: Cx_molestus	False	0.90287	1341	True	False
OG0008364	intact	True	0.97708	1047	True	True
OG0008365	invalid ORF: Cx_molestus	False	0.59327	1584	True	False
OG0008366	intact	True	0.9922	1539	True	True
OG0008367	intact	True	0.98219	393	True	True
OG0008368	intact	True	0.97853	1773	True	True
OG0008369	invalid ORF: Cx_molestus,Cx_pallens,Cx_pipiens	False	0.975	480	True	False
OG0008370	intact	True	0.95994	699	True	True
OG0008371	invalid ORF: Cx_molestus,Cx_pallens,Cx_pipiens	False	0.94372	243	True	False
OG0008372	invalid ORF: Cx_molestus,Cx_pipiens	False	0.96152	4572	True	False
OG0008373	intact	True	0.98824	255	True	True
OG0008374	intact	True	0.99388	654	True	True
OG0008375	intact	True	0.97896	618	True	True
OG0008376	intact	True	0.96881	513	True	True
OG0008377	invalid ORF: Cx_pipiens	False	0.96498	828	True	False
OG0008378	intact	True	0.9614	1725	True	True
OG0008379	intact	True	0.9853	2313	True	True
OG0008380	intact	True	0.95954	1038	True	True
OG0008381	intact	True	0.99185	981	True	True
OG0008383	invalid ORF: Cx_pallens	False	0.9716	3078	True	False
OG0008384	invalid ORF: Cx_pipiens	False	0.79174	1791	True	False
OG0008385	invalid ORF: Cx_pallens	False	0.73935	969	True	False
OG0008386	intact	True	0.95708	699	True	True
OG0008387	intact	True	0.98631	1023	True	True
OG0008388	intact	True	0.98603	501	True	True
OG0008389	intact	True	0.99099	555	True	True
OG0008390	intact	True	0.97925	723	True	True
OG0008391	intact	True	0.97451	1020	True	True
OG0008392	intact	True	0.97619	1386	True	True
OG0008393	invalid ORF: Cx_pipiens	False	0.96763	834	True	False
OG0008394	intact	True	0.99071	969	True	True
OG0008395	intact	True	0.98491	1458	True	True
OG0008396	intact	True	0.97788	1326	True	True
OG0008397	RefSeq exception	False	0.60253	1050	True	False
OG0008398	RefSeq exception	False	0.59327	3441	True	False
OG0008399	invalid ORF: Cx_molestus,Cx_pallens	False	0.99229	519	True	False
OG0008400	intact	True	0.96382	1686	True	True
OG0008401	intact	True	0.98031	7794	True	True
OG0008402	intact	True	0.94317	915	True	True
OG0008403	invalid ORF: Cx_molestus,Cx_pallens	False	0.83947	4929	True	False
OG0008404	intact	True	0.97093	1032	True	True
OG0008405	intact	True	0.96045	885	True	True
OG0008406	intact	True	0.97344	2187	True	True
OG0008407	intact	True	0.96238	1515	True	True
OG0008408	intact	True	0.96583	1200	True	True
OG0008409	intact	True	0.9419	327	True	True
OG0008410	intact	True	0.87511	1137	True	True
OG0008411	invalid ORF: Cx_pallens	False	0.95833	2241	True	False
OG0008412	intact	True	0.96441	2079	True	True
OG0008414	intact	True	0.95938	1797	True	True
OG0008415	intact	True	0.98303	2988	True	True
OG0008416	intact	True	0.96558	1656	True	True
OG0008417	intact	True	0.97167	600	True	True
OG0008418	intact	True	0.93188	690	True	True
OG0008419	intact	True	1.0	390	True	True
OG0008420	RefSeq exception	False	0.34359	1566	True	False
OG0008421	intact	True	0.95475	678	True	True
OG0008422	invalid ORF: Cx_molestus,Cx_pipiens	False	0.94301	1974	True	False
OG0008423	invalid ORF: Cx_molestus,Cx_pipiens	False	0.50224	1548	True	False
OG0008424	intact	True	1.0	582	True	True
OG0008425	invalid ORF: Cx_pipiens	False	0.97139	6348	True	False
OG0008426	intact	True	0.94601	426	True	True
OG0008427	intact	True	0.96099	2820	True	True
OG0008428	intact	True	0.97166	741	True	True
OG0008429	intact	True	0.9699	2292	True	True
OG0008430	invalid ORF: Cx_pallens	False	0.99856	2082	True	False
OG0008431	intact	True	0.96412	2787	True	True
OG0008432	intact	True	0.96588	2286	True	True
OG0008433	intact	True	0.97104	1623	True	True
OG0008434	RefSeq exception	False	0.91146	3027	True	False
OG0008435	RefSeq exception	False	0.4633	4092	True	False
OG0008436	invalid ORF: Cx_molestus,Cx_pallens,Cx_pipiens	False	1.0	228	True	False
OG0008437	intact	True	0.98127	267	True	True
OG0008438	invalid ORF: Cx_molestus,Cx_pipiens	False	0.95383	1083	True	False
OG0008439	invalid ORF: Cx_molestus	False	0.98946	1065	True	False
OG0008440	intact	True	0.95425	1071	True	True
OG0008441	invalid ORF: Cx_molestus,Cx_pallens	False	0.95167	600	True	False
OG0008442	invalid ORF: Cx_molestus,Cx_pallens,Cx_pipiens	False	0.3804	2418	True	False
OG0008443	RefSeq exception	False	0.90517	1770	True	False
OG0008444	invalid ORF: Cx_molestus	False	0.5113	4053	True	False
OG0008445	intact	True	0.95432	1401	True	True
OG0008446	intact	True	0.9586	1425	True	True
OG0008447	invalid ORF: Cx_pipiens	False	0.97354	2565	True	False
OG0008448	RefSeq exception	False	0.34055	1068	True	False
OG0008449	intact	True	0.98433	957	True	True
OG0008450	intact	True	0.98036	1782	True	True
OG0008451	invalid ORF: Cx_molestus	False	0.87493	6825	True	False
OG0008452	intact	True	0.98219	393	True	True
OG0008453	intact	True	0.94409	3303	True	True
OG0008454	RefSeq exception	False	0.81492	2298	True	False
OG0008455	intact	True	0.97203	1755	True	True
OG0008456	intact	True	0.97427	1827	True	True
OG0008457	intact	True	0.94426	1812	True	True
OG0008459	partial reference model	False	1.0	744	True	False
OG0008460	invalid ORF: Cx_pallens	False	0.9616	3516	True	False
OG0008461	intact	True	0.99843	636	True	True
OG0008462	intact	True	0.97314	633	True	True
OG0008463	intact	True	0.97077	1266	True	True
OG0008464	invalid ORF: Cx_molestus	False	0.98019	1224	True	False
OG0008465	intact	True	0.97049	2067	True	True
OG0008466	intact	True	0.9941	1017	True	True
OG0008467	invalid ORF: Cx_pipiens	False	0.96781	1491	True	False
OG0008468	intact	True	0.97388	957	True	True
OG0008469	invalid ORF: Cx_molestus,Cx_pallens	False	0.46564	3498	True	False
OG0008470	intact	True	0.95854	2436	True	True
OG0008471	intact	True	0.98399	1374	True	True
OG0008472	invalid ORF: Cx_pipiens	False	0.51476	2430	True	False
OG0008473	intact	True	0.97416	387	True	True
OG0008474	invalid ORF: Cx_pipiens	False	0.93512	2682	True	False
OG0008475	intact	True	0.97027	2538	True	True
OG0008476	intact	True	0.98223	1632	True	True
OG0008477	intact	True	0.92308	312	True	True
OG0008478	invalid ORF: Cx_molestus	False	0.93583	561	True	False
OG0008479	intact	True	0.96312	705	True	True
OG0008480	intact	True	0.94921	945	True	True
OG0008481	intact	True	0.965	600	True	True
OG0008482	intact	True	0.97063	681	True	True
OG0008483	intact	True	0.95583	1200	True	True
OG0008484	intact	True	0.97454	1728	True	True
OG0008485	invalid ORF: Cx_pallens	False	0.98399	2583	True	False
OG0008486	invalid ORF: Cx_molestus,Cx_pallens,Cx_pipiens	False	0.98775	1224	True	False
OG0008487	invalid ORF: Cx_molestus	False	0.95568	5982	True	False
OG0008488	RefSeq exception	False	0.46317	999	True	False
OG0008489	invalid ORF: Cx_molestus	False	0.95733	3750	True	False
OG0008490	intact	True	0.97973	1431	True	True
OG0008491	invalid ORF: Cx_molestus	False	0.63616	4743	True	False
OG0008492	invalid ORF: Cx_pallens	False	0.90773	1734	True	False
OG0008493	intact	True	0.96355	1701	True	True
OG0008494	invalid ORF: Cx_molestus	False	0.96729	1926	True	False
OG0008495	intact	True	0.96843	1869	True	True
OG0008496	invalid ORF: Cx_molestus	False	0.98103	738	True	False
OG0008497	intact	True	0.97619	630	True	True
OG0008498	intact	True	0.98792	828	True	True
OG0008499	invalid ORF: Cx_pipiens	False	0.97578	702	True	False
OG0008500	RefSeq exception	False	0.7316	2190	True	False
OG0008501	intact	True	0.96165	1695	True	True
OG0008502	intact	True	0.95974	2037	True	True
OG0008503	intact	True	0.97251	429	True	True
OG0008504	intact	True	0.98454	2337	True	True
OG0008505	RefSeq exception	False	0.34084	4218	True	False
OG0008506	intact	True	0.97942	1950	True	True
OG0008507	invalid ORF: Cx_pipiens	False	0.96124	903	True	False
OG0008508	RefSeq exception	False	0.93365	5205	True	False
OG0008509	intact	True	0.9581	1575	True	True
OG0008510	intact	True	0.97035	981	True	True
OG0008511	RefSeq exception	False	0.35336	4179	True	False
OG0008512	invalid ORF: Cx_molestus	False	0.82288	1737	True	False
OG0008513	invalid ORF: Cx_molestus	False	0.97082	1542	True	False
OG0008514	intact	True	0.9585	1518	True	True
OG0008515	intact	True	0.95165	972	True	True
OG0008516	intact	True	0.96543	2028	True	True
OG0008517	intact	True	0.97348	1320	True	True
OG0008518	invalid ORF: Cx_pallens,Cx_pipiens	False	0.75322	690	True	False
OG0008519	invalid ORF: Cx_molestus,Cx_pallens,Cx_pipiens	False	0.96552	1131	True	False
OG0008520	invalid ORF: Cx_molestus,Cx_pallens	False	0.9776	1905	True	False
OG0008521	intact	True	0.97564	780	True	True
OG0008522	intact	True	0.95551	3015	True	True
OG0008523	intact	True	0.97292	480	True	True
OG0008524	invalid ORF: Cx_molestus	False	0.99206	378	True	False
OG0008525	invalid ORF: Cx_molestus	False	0.95199	1101	True	False
OG0008526	intact	True	0.97072	1947	True	True
OG0008527	intact	True	0.98526	1764	True	True
OG0008528	intact	True	0.96898	1515	True	True
OG0008529	intact	True	0.96544	897	True	True
OG0008530	invalid ORF: Cx_molestus	False	0.97751	489	True	False
OG0008531	intact	True	0.9278	651	True	True
OG0008532	intact	True	0.95603	1956	True	True
OG0008533	intact	True	0.97122	417	True	True
OG0008534	intact	True	0.9678	4317	True	True
OG0008535	invalid ORF: Cx_molestus,Cx_pallens,Cx_pipiens	False	0.67069	2688	True	False
OG0008536	intact	True	0.95882	2040	True	True
OG0008537	invalid ORF: Cx_pipiens	False	0.95102	837	True	False
OG0008538	intact	True	0.97974	990	True	True
OG0008539	invalid ORF: Cx_molestus	False	0.98206	2910	True	False
OG0008540	intact	True	0.97786	2349	True	True
OG0008541	intact	True	0.98246	684	True	True
OG0008542	intact	True	0.9536	1293	True	True
OG0008543	intact	True	0.98667	450	True	True
OG0008544	invalid ORF: Cx_molestus	False	0.97778	1338	True	False
OG0008545	intact	True	0.96302	1893	True	True
OG0008546	intact	True	0.96625	1707	True	True
OG0008547	intact	True	0.94043	1503	True	True
OG0008548	intact	True	0.94578	1125	True	True
OG0008549	invalid ORF: Cx_molestus,Cx_pallens,Cx_pipiens	False	0.96286	1050	True	False
OG0008550	invalid ORF: Cx_molestus	False	0.7518	1332	True	False
OG0008551	intact	True	0.98908	1374	True	True
OG0008552	intact	True	0.98649	444	True	True
OG0008553	invalid ORF: Cx_molestus	False	0.97331	4227	True	False
OG0008554	intact	True	0.97531	972	True	True
OG0008555	intact	True	0.96276	2148	True	True
OG0008556	partial reference model	False	0.94527	1809	True	False
OG0008557	intact	True	0.9812	1170	True	True
OG0008558	intact	True	0.97533	1500	True	True
OG0008559	intact	True	0.96581	1053	True	True
OG0008560	intact	True	0.9866	1194	True	True
OG0008561	intact	True	0.98065	2328	True	True
OG0008562	intact	True	0.97018	3225	True	True
OG0008563	intact	True	0.95964	9492	True	True
OG0008564	intact	True	0.95969	1290	True	True
OG0008565	RefSeq exception	False	0.89664	3543	True	False
OG0008567	intact	True	0.97715	1488	True	True
OG0008568	intact	True	0.95434	657	True	True
OG0008569	intact	True	0.98345	423	True	True
OG0008570	intact	True	0.97778	675	True	True
OG0008571	invalid ORF: Cx_pipiens	False	0.80108	933	True	False
OG0008572	intact	True	0.96078	357	True	True
OG0008573	RefSeq exception	False	0.62767	1881	True	False
OG0008574	intact	True	0.9586	1860	True	True
OG0008575	invalid ORF: Cx_molestus,Cx_pipiens	False	0.98171	492	True	False
OG0008576	intact	True	0.96377	1518	True	True
OG0008577	intact	True	0.97881	519	True	True
OG0008578	invalid ORF: Cx_molestus,Cx_pipiens	False	0.95976	1491	True	False
OG0008579	intact	True	0.95234	3531	True	True
OG0008580	intact	True	0.95187	561	True	True
OG0008581	intact	True	0.95806	3600	True	True
OG0008582	intact	True	0.95647	2625	True	True
OG0008583	intact	True	0.96681	2109	True	True
OG0008584	invalid ORF: Cx_molestus	False	0.95345	537	True	False
OG0008585	invalid ORF: Cx_molestus,Cx_pallens	False	0.96738	1410	True	False
OG0008586	RefSeq exception	False	0.73454	6933	True	False
OG0008587	intact	True	0.95466	3441	True	True
OG0008588	invalid ORF: Cx_pallens	False	0.96	375	True	False
OG0008589	intact	True	0.97952	537	True	True
OG0008590	invalid ORF: Cx_pipiens	False	0.96434	2412	True	False
OG0008591	intact	True	0.96567	1398	True	True
OG0008592	intact	True	0.96781	1491	True	True
OG0008593	intact	True	0.97086	549	True	True
OG0008594	intact	True	0.96774	3909	True	True
OG0008595	intact	True	0.98634	732	True	True
OG0008596	intact	True	0.97631	1182	True	True
OG0008597	intact	True	0.98174	438	True	True
OG0008598	intact	True	0.96907	291	True	True
OG0008599	intact	True	0.95824	1296	True	True
OG0008600	intact	True	0.96848	1047	True	True
OG0008601	intact	True	0.98297	411	True	True
OG0008602	RefSeq exception	False	0.69504	873	True	False
OG0008603	invalid ORF: Cx_pallens	False	0.67377	4065	True	False
OG0008604	RefSeq exception	False	0.36667	1353	True	False
OG0008605	intact	True	0.96916	681	True	True
OG0008606	invalid ORF: Cx_molestus	False	0.97522	2514	True	False
OG0008607	RefSeq exception	False	0.50687	6903	True	False
OG0008608	intact	True	0.96691	2085	True	True
OG0008609	invalid ORF: Cx_pallens	False	0.96618	2742	True	False
OG0008610	intact	True	0.98377	2526	True	True
OG0008611	intact	True	0.9678	3894	True	True
OG0008612	intact	True	0.95902	2367	True	True
OG0008613	invalid ORF: Cx_molestus,Cx_pallens,Cx_pipiens	False	0.36133	2256	True	False
OG0008614	intact	True	0.96008	1002	True	True
OG0008615	intact	True	0.98087	732	True	True
OG0008616	intact	True	0.9813	2409	True	True
OG0008617	invalid ORF: Cx_pallens,Cx_pipiens	False	0.95992	6342	True	False
OG0008618	invalid ORF: Cx_molestus	False	0.67009	1368	True	False
OG0008619	intact	True	0.97232	1626	True	True
OG0008620	intact	True	0.98647	1035	True	True
OG0008621	intact	True	0.97333	450	True	True
OG0008622	invalid ORF: Cx_molestus	False	0.97938	1059	True	False
OG0008623	intact	True	0.9642	2628	True	True
OG0008624	intact	True	0.94969	813	True	True
OG0008625	intact	True	0.9863	1095	True	True
OG0008626	intact	True	0.96832	6660	True	True
OG0008627	invalid ORF: Cx_molestus	False	0.95606	1548	True	False
OG0008628	invalid ORF: Cx_molestus	False	0.53042	1020	True	False
OG0008629	invalid ORF: Cx_molestus,Cx_pallens,Cx_pipiens	False	0.62333	1386	True	False
OG0008630	invalid ORF: Cx_pallens,Cx_pipiens	False	0.67179	3420	True	False
OG0008631	invalid ORF: Cx_molestus,Cx_pipiens	False	NA	537	True	False
OG0008632	invalid ORF: Cx_molestus,Cx_pipiens	False	0.95699	465	True	False
OG0008633	intact	True	0.96501	1086	True	True
OG0008634	intact	True	0.94177	1185	True	True
OG0008635	intact	True	0.9459	573	True	True
OG0008636	intact	True	0.96772	1704	True	True
OG0008637	intact	True	0.9661	3012	True	True
OG0008638	intact	True	0.97735	309	True	True
OG0008639	intact	True	0.95862	1740	True	True
OG0008640	intact	True	0.96078	1275	True	True
OG0008641	invalid ORF: Cx_pipiens	False	0.9519	2418	True	False
OG0008642	intact	True	0.91152	972	True	True
OG0008643	intact	True	0.96927	423	True	True
OG0008644	intact	True	0.97563	1272	True	True
OG0008645	intact	True	0.95532	2310	True	True
OG0008646	invalid ORF: Cx_molestus,Cx_pipiens	False	0.97119	2187	True	False
OG0008647	intact	True	0.9618	1047	True	True
OG0008648	intact	True	0.77544	999	True	True
OG0008649	intact	True	0.94915	2832	True	True
OG0008650	invalid ORF: Cx_molestus,Cx_pallens,Cx_pipiens	False	0.95916	762	True	False
OG0008651	intact	True	0.94595	666	True	True
OG0008652	invalid ORF: Cx_molestus,Cx_pallens,Cx_pipiens	False	0.96042	480	True	False
OG0008653	intact	True	0.96367	1101	True	True
OG0008654	intact	True	0.971	2310	True	True
OG0008655	intact	True	0.98229	3840	True	True
OG0008656	intact	True	0.97254	5025	True	True
OG0008657	intact	True	0.92444	690	True	True
OG0008658	intact	True	0.97366	2661	True	True
OG0008659	invalid ORF: Cx_pallens	False	0.97913	1917	True	False
OG0008660	intact	True	0.96232	1911	True	True
OG0008661	invalid ORF: Cx_molestus,Cx_pipiens	False	0.93243	1332	True	False
OG0008662	intact	True	0.97809	1734	True	True
OG0008663	RefSeq exception	False	0.32856	5349	True	False
OG0008664	invalid ORF: Cx_molestus,Cx_pallens	False	0.9592	1152	True	False
OG0008665	intact	True	0.97114	2715	True	True
OG0008666	intact	True	0.96667	480	True	True
OG0008667	invalid ORF: Cx_pallens	False	0.92811	2181	True	False
OG0008668	invalid ORF: Cx_molestus	False	0.94536	669	True	False
OG0008669	invalid ORF: Cx_molestus	False	0.71155	1911	True	False
OG0008670	intact	True	0.9846	2013	True	True
OG0008671	invalid ORF: Cx_pipiens	False	0.95288	573	True	False
OG0008672	intact	True	0.95754	1743	True	True
OG0008673	intact	True	0.97236	1242	True	True
OG0008674	invalid ORF: Cx_molestus,Cx_pipiens	False	0.74074	2727	True	False
OG0008675	invalid ORF: Cx_molestus,Cx_pallens,Cx_pipiens	False	0.94071	1374	True	False
OG0008676	intact	True	0.99194	372	True	True
OG0008677	intact	True	0.95589	1383	True	True
OG0008678	intact	True	0.96585	735	True	True
OG0008679	intact	True	0.97442	2388	True	True
OG0008680	intact	True	0.96396	666	True	True
OG0008681	intact	True	0.96681	1422	True	True
OG0008682	intact	True	0.97712	612	True	True
