orthogroup	Cx_quinquefasciatus	Cx_pallens	Cx_molestus	Cx_pipiens	Cx_perexiguus
OG0001668	rna-XM_0018447542	rna-XM_0018447542	rna-XM_0018447542	rna-XM_0018447542	ENSXNUT00000005622
OG0001669	rna-XM_0018447822	rna-XM_0018447822	rna-XM_0018447822	rna-XM_0018447822	ENSXNUT00000003911
OG0001670	rna-XM_0018447682	rna-XM_0018447682	rna-XM_0018447682	rna-XM_0018447682	ENSXNUT00000002309
OG0001671	rna-XM_0382563971	rna-XM_0382563971	rna-XM_0382563971	rna-XM_0382563971	ENSXNUT00000000017
OG0001672	rna-XM_0382563181	rna-XM_0382563181	rna-XM_0382563181	rna-XM_0382563181	ENSXNUT00000010454
OG0001674	rna-XM_0018672452	rna-XM_0018672452	rna-XM_0018672452	rna-XM_0018672452	ENSXNUT00000009072
OG0001675	rna-XM_0382525051	rna-XM_0382525051	rna-XM_0382525051	rna-XM_0382525051	ENSXNUT00000000135
OG0001676	rna-XM_0382615451	rna-XM_0382615451	rna-XM_0382615451	rna-XM_0382615451	ENSXNUT00000011790
OG0001677	rna-XM_0382504911	rna-XM_0382504911	rna-XM_0382504911	rna-XM_0382504911	ENSXNUT00000014096
OG0001678	rna-XM_0382502951	rna-XM_0382502951	rna-XM_0382502951	rna-XM_0382502951	ENSXNUT00000018472
OG0001679	rna-XM_0382507231	rna-XM_0382507231	rna-XM_0382507231	rna-XM_0382507231	ENSXNUT00000014309
OG0001680	rna-XM_0382609391	rna-XM_0382609391	rna-XM_0382609391	rna-XM_0382609391	ENSXNUT00000012767
OG0001681	rna-XM_0018490182	rna-XM_0018490182	rna-XM_0018490182	rna-XM_0018490182	ENSXNUT00000011342
OG0001683	rna-XM_0382667561	rna-XM_0382667561	rna-XM_0382667561	rna-XM_0382667561	ENSXNUT00000018618
OG0001684	rna-XM_0382588181	rna-XM_0382588181	rna-XM_0382588181	rna-XM_0382588181	ENSXNUT00000013373
OG0001685	rna-XM_0382608141	rna-XM_0382608141	rna-XM_0382608141	rna-XM_0382608141	ENSXNUT00000007629
OG0001686	rna-XM_0018509702	rna-XM_0018509702	rna-XM_0018509702	rna-XM_0018509702	ENSXNUT00000013472
OG0001687	rna-XM_0018706332	rna-XM_0018706332	rna-XM_0018706332	rna-XM_0018706332	ENSXNUT00000008088
OG0001688	rna-XM_0018436112	rna-XM_0018436112	rna-XM_0018436112	rna-XM_0018436112	ENSXNUT00000005766
OG0001689	rna-XM_0018613352	rna-XM_0018613352	rna-XM_0018613352	rna-XM_0018613352	ENSXNUT00000016780
OG0001690	rna-XM_0382616331	rna-XM_0382616331	rna-XM_0382616331	rna-XM_0382616331	ENSXNUT00000007278
OG0001691	rna-XM_0382528841	rna-XM_0382528841	rna-XM_0382528841	rna-XM_0382528841	ENSXNUT00000001218
OG0001692	rna-XM_0382546161	rna-XM_0382546161	rna-XM_0382546161	rna-XM_0382546161	ENSXNUT00000005349
OG0001693	rna-XM_0382668171	rna-XM_0382668171	rna-XM_0382668171	rna-XM_0382668171	ENSXNUT00000017896
OG0001694	rna-XM_0382668921	rna-XM_0382668921	rna-XM_0382668921	rna-XM_0382668921	ENSXNUT00000015285
OG0001695	rna-XM_0382591061	rna-XM_0382591061	rna-XM_0382591061	rna-XM_0382591061	ENSXNUT00000010437
OG0001696	rna-XM_0382635831	rna-XM_0382635831	rna-XM_0382635831	rna-XM_0382635831	ENSXNUT00000016955
OG0001698	rna-XM_0018651222	rna-XM_0018651222	rna-XM_0018651222	rna-XM_0018651222	ENSXNUT00000000002
OG0001699	rna-XM_0382665341	rna-XM_0382665341	rna-XM_0382665341	rna-XM_0382665341	ENSXNUT00000015031
OG0001701	rna-XM_0018476222	rna-XM_0018476222	rna-XM_0018476222	rna-XM_0018476222	ENSXNUT00000002428
OG0001702	rna-XM_0382579131	rna-XM_0382579131	rna-XM_0382579131	rna-XM_0382579141	ENSXNUT00000000688
OG0001703	rna-XM_0018687542	rna-XM_0018687542	rna-XM_0018687542	rna-XM_0018687542	ENSXNUT00000005246
OG0001705	rna-XM_0018685932	rna-XM_0018685932	rna-XM_0018685932	rna-XM_0018685932	ENSXNUT00000008401
OG0001707	rna-XM_0382546021	rna-XM_0382546021	rna-XM_0382546021	rna-XM_0382546021	ENSXNUT00000010035
OG0001708	rna-XM_0018551702	rna-XM_0018551702	rna-XM_0018551702	rna-XM_0018551702	ENSXNUT00000002282
OG0001709	rna-XM_0018551752	rna-XM_0018551752	rna-XM_0018551752	rna-XM_0018551752	ENSXNUT00000005175
OG0001711	rna-XM_0382555621	rna-XM_0382555621	rna-XM_0382555621	rna-XM_0382555621	ENSXNUT00000001060
OG0001712	rna-XM_0018484282	rna-XM_0018484282	rna-XM_0018484282	rna-XM_0018484282	ENSXNUT00000002618
OG0001713	rna-XM_0382506951	rna-XM_0382609121	rna-XM_0382646451	rna-XM_0382613821	ENSXNUT00000016808
OG0001714	rna-XM_0018635052	rna-XM_0018635052	rna-XM_0018635052	rna-XM_0018635052	ENSXNUT00000015431
OG0001716	rna-XM_0382529021	rna-XM_0382529021	rna-XM_0382529031	rna-XM_0382529021	ENSXNUT00000003809
OG0001717	rna-XM_0382560391	rna-XM_0382560391	rna-XM_0382560391	rna-XM_0382560391	ENSXNUT00000004347
OG0001718	rna-XM_0382529011	rna-XM_0382529011	rna-XM_0382529011	rna-XM_0382529011	ENSXNUT00000004586
OG0001719	rna-XM_0382529041	rna-XM_0382529041	rna-XM_0382529041	rna-XM_0382529041	ENSXNUT00000002336
OG0001720	rna-XM_0018433722	rna-XM_0018433722	rna-XM_0018433722	rna-XM_0018433722	ENSXNUT00000006259
OG0001721	rna-XM_0018446312	rna-XM_0018446312	rna-XM_0018446312	rna-XM_0018446312	ENSXNUT00000000598
OG0001722	rna-XM_0018446262	rna-XM_0018446262	rna-XM_0018446262	rna-XM_0018446262	ENSXNUT00000001550
OG0001723	rna-XM_0382534051	rna-XM_0382534051	rna-XM_0382534051	rna-XM_0382534051	ENSXNUT00000004001
OG0001724	rna-XM_0382557131	rna-XM_0382557131	rna-XM_0382557131	rna-XM_0382557131	ENSXNUT00000001200
OG0001725	rna-XM_0382508561	rna-XM_0382508561	rna-XM_0382508561	rna-XM_0382508561	ENSXNUT00000004868
OG0001726	rna-XM_0382485391	rna-XM_0382485391	rna-XM_0382485391	rna-XM_0382485391	ENSXNUT00000016618
OG0001727	rna-XM_0018430502	rna-XM_0018430502	rna-XM_0018430502	rna-XM_0018430502	ENSXNUT00000010706
OG0001728	rna-XM_0018636602	rna-XM_0018636602	rna-XM_0018636602	rna-XM_0018636602	ENSXNUT00000002261
OG0001729	rna-XM_0018636592	rna-XM_0018636592	rna-XM_0018636592	rna-XM_0018636592	ENSXNUT00000004270
OG0001730	rna-XM_0018621222	rna-XM_0018621222	rna-XM_0018621222	rna-XM_0018621222	ENSXNUT00000003283
OG0001731	rna-XM_0018474772	rna-XM_0018474772	rna-XM_0018474772	rna-XM_0018474772	ENSXNUT00000005495
OG0001732	rna-XM_0382581861	rna-XM_0382581861	rna-XM_0382581861	rna-XM_0382581861	ENSXNUT00000003007
OG0001733	rna-XM_0382629481	rna-XM_0382629481	rna-XM_0382629481	rna-XM_0382629481	ENSXNUT00000016888
OG0001734	rna-XM_0382618701	rna-XM_0382618701	rna-XM_0382618701	rna-XM_0382618701	ENSXNUT00000013553
OG0001735	rna-XM_0382548581	rna-XM_0382548581	rna-XM_0382548581	rna-XM_0382548581	ENSXNUT00000016751
OG0001737	rna-XM_0018457582	rna-XM_0018457582	rna-XM_0018457582	rna-XM_0018457582	ENSXNUT00000009094
OG0001738	rna-XM_0382495141	rna-XM_0382495141	rna-XM_0382495141	rna-XM_0382495141	ENSXNUT00000012383
OG0001739	rna-XM_0018426532	rna-XM_0018426532	rna-XM_0018426532	rna-XM_0018426532	ENSXNUT00000018345
OG0001740	rna-XM_0018670442	rna-XM_0018670442	rna-XM_0018670442	rna-XM_0018670442	ENSXNUT00000016571
OG0001741	rna-XM_0018429932	rna-XM_0018429932	rna-XM_0018429932	rna-XM_0018429932	ENSXNUT00000004576
OG0001742	rna-XM_0018471522	rna-XM_0018471522	rna-XM_0018471522	rna-XM_0018471522	ENSXNUT00000006088
OG0001743	rna-XM_0018463112	rna-XM_0018463112	rna-XM_0018463112	rna-XM_0018463112	ENSXNUT00000008710
OG0001744	rna-XM_0382566441	rna-XM_0382566441	rna-XM_0382566441	rna-XM_0382566441	ENSXNUT00000012768
OG0001745	rna-XM_0018442642	rna-XM_0018442642	rna-XM_0018442642	rna-XM_0018442642	ENSXNUT00000018270
OG0001746	rna-XM_0382638421	rna-XM_0382638421	rna-XM_0382638421	rna-XM_0382638421	ENSXNUT00000007159
OG0001747	rna-XM_0382488521	rna-XM_0382488521	rna-XM_0382488521	rna-XM_0382488521	ENSXNUT00000017907
OG0001748	rna-XM_0382603511	rna-XM_0382603511	rna-XM_0382603511	rna-XM_0382603511	ENSXNUT00000016702
OG0001749	rna-XM_0382592121	rna-XM_0382592121	rna-XM_0382592121	rna-XM_0382592121	ENSXNUT00000017587
OG0001750	rna-XM_0018689242	rna-XM_0018689242	rna-XM_0018689242	rna-XM_0018689242	ENSXNUT00000018950
OG0001751	rna-XM_0382490961	rna-XM_0382490961	rna-XM_0382490961	rna-XM_0382490961	ENSXNUT00000014715
OG0001752	rna-XM_0382658061	rna-XM_0382658061	rna-XM_0382658061	rna-XM_0382658061	ENSXNUT00000010336
OG0001753	rna-XM_0382593951	rna-XM_0382593951	rna-XM_0382593951	rna-XM_0382593951	ENSXNUT00000013372
OG0001756	rna-XM_0018441512	rna-XM_0018441512	rna-XM_0018441512	rna-XM_0018441512	ENSXNUT00000007492
OG0001757	rna-XM_0018441492	rna-XM_0018441492	rna-XM_0018441492	rna-XM_0018441492	ENSXNUT00000007417
OG0001758	rna-XM_0382658321	rna-XM_0382658321	rna-XM_0382658321	rna-XM_0382658321	ENSXNUT00000008324
OG0001759	rna-XM_0382605051	rna-XM_0382605051	rna-XM_0382605051	rna-XM_0382605051	ENSXNUT00000011687
OG0001760	rna-XM_0382666211	rna-XM_0382666211	rna-XM_0382666211	rna-XM_0382666211	ENSXNUT00000015808
OG0001761	rna-XM_0382549371	rna-XM_0382549371	rna-XM_0382549371	rna-XM_0382549371	ENSXNUT00000001358
OG0001763	rna-XM_0382575151	rna-XM_0382575151	rna-XM_0382575151	rna-XM_0382575151	ENSXNUT00000000080
OG0001764	rna-XM_0382495101	rna-XM_0382495101	rna-XM_0382495101	rna-XM_0382495101	ENSXNUT00000018275
OG0001765	rna-XM_0018472172	rna-XM_0018472172	rna-XM_0018472172	rna-XM_0018472172	ENSXNUT00000015125
OG0001766	rna-XM_0382536561	rna-XM_0382536561	rna-XM_0382536561	rna-XM_0382536561	ENSXNUT00000000740
OG0001767	rna-XM_0018623132	rna-XM_0018623132	rna-XM_0018623132	rna-XM_0018623132	ENSXNUT00000005240
OG0001768	rna-XM_0018627732	rna-XM_0018627732	rna-XM_0018627732	rna-XM_0018627732	ENSXNUT00000001669
OG0001769	rna-XM_0018666392	rna-XM_0018666392	rna-XM_0018666392	rna-XM_0018666392	ENSXNUT00000011365
OG0001770	rna-XM_0018703302	rna-XM_0018703302	rna-XM_0018703302	rna-XM_0018703302	ENSXNUT00000018924
OG0001771	rna-XM_0018703542	rna-XM_0018703542	rna-XM_0018703542	rna-XM_0018703542	ENSXNUT00000000797
OG0001772	rna-XM_0382566541	rna-XM_0382566541	rna-XM_0382566541	rna-XM_0382566541	ENSXNUT00000002085
OG0001773	rna-XM_0382649531	rna-XM_0382649531	rna-XM_0382649531	rna-XM_0382649531	ENSXNUT00000007415
OG0001774	rna-XM_0382571091	rna-XM_0382571091	rna-XM_0382571091	rna-XM_0382571091	ENSXNUT00000002561
OG0001775	rna-XM_0382627801	rna-XM_0382627801	rna-XM_0382627801	rna-XM_0382627801	ENSXNUT00000009378
OG0001776	rna-XM_0018679132	rna-XM_0018679132	rna-XM_0018679132	rna-XM_0018679132	ENSXNUT00000005740
OG0001777	rna-XM_0382637471	rna-XM_0382637471	rna-XM_0382637471	rna-XM_0382637471	ENSXNUT00000007234
OG0001778	rna-XM_0018618382	rna-XM_0018618382	rna-XM_0018618382	rna-XM_0018618382	ENSXNUT00000018762
OG0001779	rna-XM_0018490472	rna-XM_0018490472	rna-XM_0018490472	rna-XM_0018490472	ENSXNUT00000016131
OG0001780	rna-XM_0382568391	rna-XM_0382568391	rna-XM_0382568391	rna-XM_0382568391	ENSXNUT00000004876
OG0001781	rna-XM_0018447902	rna-XM_0018447902	rna-XM_0018447902	rna-XM_0018447902	ENSXNUT00000005901
OG0001783	rna-XM_0018487662	rna-XM_0018487662	rna-XM_0018487662	rna-XM_0018487662	ENSXNUT00000015361
OG0001784	rna-XM_0018447882	rna-XM_0018447882	rna-XM_0018447882	rna-XM_0018447882	ENSXNUT00000002411
OG0001785	rna-XM_0382539861	rna-XM_0382539861	rna-XM_0382539861	rna-XM_0382539861	ENSXNUT00000005603
OG0001786	rna-XM_0382539821	rna-XM_0382539821	rna-XM_0382539821	rna-XM_0382539821	ENSXNUT00000005093
OG0001787	rna-XM_0018458342	rna-XM_0018458342	rna-XM_0018458342	rna-XM_0018458342	ENSXNUT00000004360
OG0001788	rna-XM_0382606671	rna-XM_0382606671	rna-XM_0382606671	rna-XM_0382606671	ENSXNUT00000013910
OG0001789	rna-XM_0018682982	rna-XM_0018682982	rna-XM_0018682982	rna-XM_0018682982	ENSXNUT00000007956
OG0001790	rna-XM_0018643582	rna-XM_0018643582	rna-XM_0018643582	rna-XM_0018643582	ENSXNUT00000015987
OG0001791	rna-XM_0018488032	rna-XM_0018488032	rna-XM_0018488032	rna-XM_0018488032	ENSXNUT00000016304
OG0001792	rna-XM_0382661131	rna-XM_0382661131	rna-XM_0382661131	rna-XM_0382661131	ENSXNUT00000015115
OG0001793	rna-XM_0382661111	rna-XM_0382661111	rna-XM_0382661111	rna-XM_0382661111	ENSXNUT00000011627
OG0001794	rna-XM_0382662241	rna-XM_0382662251	rna-XM_0382662241	rna-XM_0382662241	ENSXNUT00000013018
OG0001795	rna-XM_0382543571	rna-XM_0382543571	rna-XM_0382543571	rna-XM_0382543571	ENSXNUT00000010799
OG0001796	rna-XM_0382514511	rna-XM_0382514511	rna-XM_0382514511	rna-XM_0382514511	ENSXNUT00000001978
OG0001797	rna-XM_0382541601	rna-XM_0382541601	rna-XM_0382541601	rna-XM_0382541601	ENSXNUT00000003444
OG0001798	rna-XM_0018644302	rna-XM_0018644302	rna-XM_0018644302	rna-XM_0018644302	ENSXNUT00000018340
OG0001799	rna-XM_0018644312	rna-XM_0018644312	rna-XM_0018644312	rna-XM_0018644312	ENSXNUT00000016405
OG0001800	rna-XM_0018430062	rna-XM_0018430062	rna-XM_0018430062	rna-XM_0018430062	ENSXNUT00000004814
OG0001801	rna-XM_0018467142	rna-XM_0018467142	rna-XM_0018467142	rna-XM_0018467142	ENSXNUT00000013844
OG0001802	rna-XM_0382560081	rna-XM_0382560081	rna-XM_0382560081	rna-XM_0382560081	ENSXNUT00000007794
OG0001803	rna-XM_0382555341	rna-XM_0382555341	rna-XM_0382555341	rna-XM_0382555341	ENSXNUT00000004046
OG0001804	rna-XM_0018490092	rna-XM_0018490092	rna-XM_0018490092	rna-XM_0018490092	ENSXNUT00000009003
OG0001805	rna-XM_0018490012	rna-XM_0018490012	rna-XM_0018490012	rna-XM_0018490012	ENSXNUT00000009426
OG0001806	rna-XM_0382602551	rna-XM_0382602551	rna-XM_0382602551	rna-XM_0382602551	ENSXNUT00000007712
OG0001807	rna-XM_0018686382	rna-XM_0018686382	rna-XM_0018686382	rna-XM_0018686382	ENSXNUT00000016677
OG0001808	rna-XM_0018459112	rna-XM_0018459112	rna-XM_0018459112	rna-XM_0018459112	ENSXNUT00000008291
OG0001809	rna-XM_0382586781	rna-XM_0018459092	rna-XM_0018459092	rna-XM_0018459092	ENSXNUT00000009316
OG0001810	rna-XM_0018459102	rna-XM_0018459102	rna-XM_0018459102	rna-XM_0018459102	ENSXNUT00000009733
OG0001811	rna-XM_0018459132	rna-XM_0018459132	rna-XM_0018459132	rna-XM_0018459132	ENSXNUT00000007276
OG0001812	rna-XM_0018702512	rna-XM_0018702512	rna-XM_0018702512	rna-XM_0018702512	ENSXNUT00000008392
OG0001813	rna-XM_0018621652	rna-XM_0018621652	rna-XM_0018621652	rna-XM_0018621652	ENSXNUT00000016825
OG0001814	rna-XM_0382588821	rna-XM_0382588821	rna-XM_0382588821	rna-XM_0382588821	ENSXNUT00000006351
OG0001815	rna-XM_0018446342	rna-XM_0018446342	rna-XM_0018446342	rna-XM_0018446342	ENSXNUT00000011122
OG0001816	rna-XM_0018490302	rna-XM_0018490302	rna-XM_0018490302	rna-XM_0018490302	ENSXNUT00000007107
OG0001817	rna-XM_0382607241	rna-XM_0382607241	rna-XM_0382607241	rna-XM_0382607241	ENSXNUT00000007368
OG0001819	rna-XM_0018655762	rna-XM_0018655762	rna-XM_0018655762	rna-XM_0018655762	ENSXNUT00000012841
OG0001820	rna-XM_0018434622	rna-XM_0018434622	rna-XM_0018434622	rna-XM_0018434622	ENSXNUT00000014419
OG0001821	rna-XM_0018434522	rna-XM_0018434522	rna-XM_0018434522	rna-XM_0018434522	ENSXNUT00000018643
OG0001822	rna-XM_0018434582	rna-XM_0018434582	rna-XM_0018434582	rna-XM_0018434582	ENSXNUT00000016223
OG0001823	rna-XM_0382518571	rna-XM_0382518571	rna-XM_0382518571	rna-XM_0382518571	ENSXNUT00000004928
OG0001824	rna-XM_0382518591	rna-XM_0382518591	rna-XM_0382518591	rna-XM_0382518591	ENSXNUT00000002212
OG0001825	rna-XM_0382516291	rna-XM_0382516291	rna-XM_0382516291	rna-XM_0382516291	ENSXNUT00000000750
OG0001826	rna-XM_0382503461	rna-XM_0382503461	rna-XM_0382503461	rna-XM_0382503461	ENSXNUT00000014428
OG0001827	rna-XM_0018625022	rna-XM_0018625022	rna-XM_0018625022	rna-XM_0018625022	ENSXNUT00000010038
OG0001829	rna-XM_0018641752	rna-XM_0018641752	rna-XM_0018641752	rna-XM_0018641752	ENSXNUT00000002492
OG0001830	rna-XM_0018641792	rna-XM_0018641792	rna-XM_0018641792	rna-XM_0018641792	ENSXNUT00000002430
OG0001831	rna-XM_0018638502	rna-XM_0018638502	rna-XM_0018638502	rna-XM_0018638502	ENSXNUT00000003945
OG0001832	rna-XM_0018638542	rna-XM_0018638542	rna-XM_0018638542	rna-XM_0018638542	ENSXNUT00000003289
OG0001833	rna-XM_0018426652	rna-XM_0018426652	rna-XM_0018426652	rna-XM_0018426652	ENSXNUT00000018358
OG0001834	rna-XM_0382563621	rna-XM_0382563621	rna-XM_0382563621	rna-XM_0382563621	ENSXNUT00000004123
OG0001835	rna-XM_0018421622	rna-XM_0018421622	rna-XM_0018421622	rna-XM_0018421622	ENSXNUT00000000042
OG0001837	rna-XM_0382584561	rna-XM_0382584561	rna-XM_0382584561	rna-XM_0382584561	ENSXNUT00000001476
OG0001838	rna-XM_0382502531	rna-XM_0382502531	rna-XM_0382502531	rna-XM_0382502531	ENSXNUT00000003008
OG0001839	rna-XM_0018476772	rna-XM_0018476772	rna-XM_0018476772	rna-XM_0018476772	ENSXNUT00000005661
OG0001840	rna-XM_0382653931	rna-XM_0382653931	rna-XM_0382653931	rna-XM_0382653931	ENSXNUT00000002170
OG0001841	rna-XM_0382613431	rna-XM_0382613431	rna-XM_0382613431	rna-XM_0382613431	ENSXNUT00000007825
OG0001842	rna-XM_0382577591	rna-XM_0382577591	rna-XM_0382577591	rna-XM_0382577591	ENSXNUT00000017108
OG0001844	rna-XM_0018676512	rna-XM_0018676512	rna-XM_0018676512	rna-XM_0018676512	ENSXNUT00000002128
OG0001845	rna-XM_0018676552	rna-XM_0018676552	rna-XM_0018676552	rna-XM_0018676552	ENSXNUT00000009295
OG0001846	rna-XM_0382573811	rna-XM_0382573811	rna-XM_0382573811	rna-XM_0382573811	ENSXNUT00000000438
OG0001847	rna-XM_0382542081	rna-XM_0382542081	rna-XM_0382542081	rna-XM_0382542081	ENSXNUT00000000964
OG0001848	rna-XM_0382580721	rna-XM_0382580721	rna-XM_0382580721	rna-XM_0382580721	ENSXNUT00000008377
OG0001849	rna-XM_0382648931	rna-XM_0382648931	rna-XM_0382648931	rna-XM_0382648931	ENSXNUT00000009563
OG0001850	rna-XM_0382648921	rna-XM_0382648921	rna-XM_0382648921	rna-XM_0382648921	ENSXNUT00000006818
OG0001851	rna-XM_0018491272	rna-XM_0018491272	rna-XM_0018491272	rna-XM_0018491272	ENSXNUT00000013908
OG0001852	rna-XM_0382621511	rna-XM_0382621511	rna-XM_0382621511	rna-XM_0382621511	ENSXNUT00000009990
OG0001853	rna-XM_0018472092	rna-XM_0018472092	rna-XM_0018472092	rna-XM_0018472092	ENSXNUT00000016899
OG0001854	rna-XM_0382560951	rna-XM_0382560951	rna-XM_0382560951	rna-XM_0382560951	ENSXNUT00000016642
OG0001855	rna-XM_0018470282	rna-XM_0018470282	rna-XM_0018470282	rna-XM_0018470282	ENSXNUT00000014295
OG0001856	rna-XM_0382489161	rna-XM_0382489161	rna-XM_0382489161	rna-XM_0382489161	ENSXNUT00000016753
OG0001857	rna-XM_0382611161	rna-XM_0382611161	rna-XM_0382611161	rna-XM_0382611161	ENSXNUT00000007800
OG0001858	rna-XM_0382507111	rna-XM_0382507111	rna-XM_0382507111	rna-XM_0382507111	ENSXNUT00000017826
OG0001859	rna-XM_0382563781	rna-XM_0382563781	rna-XM_0382563781	rna-XM_0382563781	ENSXNUT00000001470
OG0001860	rna-XM_0382562881	rna-XM_0382562881	rna-XM_0382562881	rna-XM_0382562881	ENSXNUT00000002965
OG0001861	rna-XM_0382563881	rna-XM_0382563881	rna-XM_0382563881	rna-XM_0382563881	ENSXNUT00000001797
OG0001862	rna-XM_0018466552	rna-XM_0018466552	rna-XM_0018466552	rna-XM_0018466552	ENSXNUT00000004315
OG0001863	rna-XM_0382563561	rna-XM_0382563561	rna-XM_0382563561	rna-XM_0382563561	ENSXNUT00000005453
OG0001864	rna-XM_0018631172	rna-XM_0018631172	rna-XM_0018631172	rna-XM_0018631172	ENSXNUT00000002521
OG0001865	rna-XM_0382577491	rna-XM_0382577491	rna-XM_0382577491	rna-XM_0382577491	ENSXNUT00000003509
OG0001866	rna-XM_0018438282	rna-XM_0018438282	rna-XM_0018438282	rna-XM_0018438282	ENSXNUT00000004085
OG0001867	rna-XM_0382494121	rna-XM_0382494121	rna-XM_0382494121	rna-XM_0382494121	ENSXNUT00000017625
OG0001868	rna-XM_0382522491	rna-XM_0382522491	rna-XM_0382522491	rna-XM_0382522491	ENSXNUT00000002815
OG0001869	rna-XM_0018468402	rna-XM_0018468402	rna-XM_0018468402	rna-XM_0018468402	ENSXNUT00000002237
OG0001870	rna-XM_0018517562	rna-XM_0018517562	rna-XM_0018517562	rna-XM_0018517562	ENSXNUT00000004977
OG0001871	rna-XM_0018666272	rna-XM_0018666272	rna-XM_0018666272	rna-XM_0018666272	ENSXNUT00000007789
OG0001874	rna-XM_0382562091	rna-XM_0382562091	rna-XM_0382562091	rna-XM_0382562091	ENSXNUT00000002290
OG0001875	rna-XM_0382555231	rna-XM_0382555231	rna-XM_0382555231	rna-XM_0382555231	ENSXNUT00000016964
OG0001876	rna-XM_0382607501	rna-XM_0382607501	rna-XM_0382607501	rna-XM_0382607501	ENSXNUT00000006671
OG0001877	rna-XM_0018458962	rna-XM_0018458962	rna-XM_0018458962	rna-XM_0018458962	ENSXNUT00000011237
OG0001878	rna-XM_0018625702	rna-XM_0018625702	rna-XM_0018625702	rna-XM_0018625702	ENSXNUT00000014004
OG0001879	rna-XM_0382502141	rna-XM_0382502141	rna-XM_0382502141	rna-XM_0382502141	ENSXNUT00000002182
OG0001880	rna-XM_0382625061	rna-XM_0382625061	rna-XM_0382625061	rna-XM_0382625061	ENSXNUT00000007478
OG0001881	rna-XM_0382548621	rna-XM_0382548621	rna-XM_0382548621	rna-XM_0382548621	ENSXNUT00000000412
OG0001882	rna-XM_0018656212	rna-XM_0018656212	rna-XM_0018656212	rna-XM_0018656212	ENSXNUT00000004200
OG0001883	rna-XM_0018629472	rna-XM_0018629472	rna-XM_0018629472	rna-XM_0018629472	ENSXNUT00000000183
OG0001884	rna-XM_0018656232	rna-XM_0018656232	rna-XM_0018656232	rna-XM_0018656232	ENSXNUT00000004207
OG0001885	rna-XM_0018656242	rna-XM_0018656242	rna-XM_0018656242	rna-XM_0018656242	ENSXNUT00000000786
OG0001886	rna-XM_0382568681	rna-XM_0382568681	rna-XM_0382568681	rna-XM_0382568681	ENSXNUT00000005337
OG0001887	rna-XM_0018695402	rna-XM_0018695402	rna-XM_0018695402	rna-XM_0018695402	ENSXNUT00000004550
OG0001888	rna-XM_0382514561	rna-XM_0382514561	rna-XM_0382514561	rna-XM_0382514561	ENSXNUT00000010449
OG0001889	rna-XM_0382504601	rna-XM_0382504601	rna-XM_0382504601	rna-XM_0382504601	ENSXNUT00000013981
OG0001890	rna-XM_0382544141	rna-XM_0382544141	rna-XM_0382544141	rna-XM_0382544141	ENSXNUT00000003513
OG0001891	rna-XM_0382655261	rna-XM_0382655261	rna-XM_0382655261	rna-XM_0382655261	ENSXNUT00000014632
OG0001893	rna-XM_0382598251	rna-XM_0382598251	rna-XM_0382598251	rna-XM_0382598251	ENSXNUT00000009582
OG0001894	rna-XM_0382598201	rna-XM_0382598201	rna-XM_0382598201	rna-XM_0382598201	ENSXNUT00000010466
OG0001895	rna-XM_0382555351	rna-XM_0382555351	rna-XM_0382555351	rna-XM_0382555351	ENSXNUT00000000009
OG0001896	rna-XM_0018428692	rna-XM_0018428692	rna-XM_0018428692	rna-XM_0018428692	ENSXNUT00000000726
OG0001897	rna-XM_0382582051	rna-XM_0382582051	rna-XM_0382582051	rna-XM_0382582051	ENSXNUT00000004948
OG0001898	rna-XM_0018614952	rna-XM_0018614952	rna-XM_0018614952	rna-XM_0018614952	ENSXNUT00000002792
OG0001899	rna-XM_0382645121	rna-XM_0382645121	rna-XM_0382645121	rna-XM_0382645121	ENSXNUT00000012279
OG0001900	rna-XM_0018635532	rna-XM_0018635532	rna-XM_0018635532	rna-XM_0018635532	ENSXNUT00000002151
OG0001901	rna-XM_0018635512	rna-XM_0018635512	rna-XM_0018635512	rna-XM_0018635512	ENSXNUT00000003760
OG0001902	rna-XM_0382628361	rna-XM_0382628361	rna-XM_0382628361	rna-XM_0382628361	ENSXNUT00000007115
OG0001903	rna-XM_0018444782	rna-XM_0018444782	rna-XM_0018444782	rna-XM_0018444782	ENSXNUT00000005132
OG0001904	rna-XM_0382561331	rna-XM_0382561331	rna-XM_0382561331	rna-XM_0382561331	ENSXNUT00000000659
OG0001905	rna-XM_0382574111	rna-XM_0382574111	rna-XM_0382574121	rna-XM_0382574121	ENSXNUT00000015270
OG0001906	rna-XM_0382513011	rna-XM_0382513011	rna-XM_0382513011	rna-XM_0382513011	ENSXNUT00000009587
OG0001907	rna-XM_0382592411	rna-XM_0382592411	rna-XM_0382592411	rna-XM_0382592411	ENSXNUT00000001534
OG0001908	rna-XM_0018511432	rna-XM_0018511432	rna-XM_0018511432	rna-XM_0018511432	ENSXNUT00000006492
OG0001910	rna-XM_0382596671	rna-XM_0382596671	rna-XM_0382596671	rna-XM_0382596671	ENSXNUT00000015533
OG0001911	rna-XM_0018672032	rna-XM_0018672032	rna-XM_0018672032	rna-XM_0018672032	ENSXNUT00000007738
OG0001912	rna-XM_0018486322	rna-XM_0018486322	rna-XM_0018486322	rna-XM_0018486322	ENSXNUT00000014308
OG0001913	rna-XM_0018581472	rna-XM_0018581472	rna-XM_0018581472	rna-XM_0018581472	ENSXNUT00000004169
OG0001914	rna-XM_0018581622	rna-XM_0018581622	rna-XM_0018581622	rna-XM_0018581622	ENSXNUT00000003171
OG0001915	rna-XM_0382650081	rna-XM_0382650081	rna-XM_0382650081	rna-XM_0382650081	ENSXNUT00000007688
OG0001916	rna-XM_0018627082	rna-XM_0018627082	rna-XM_0018627082	rna-XM_0018627082	ENSXNUT00000017019
OG0001918	rna-XM_0382550201	rna-XM_0382550201	rna-XM_0382550201	rna-XM_0382550201	ENSXNUT00000000170
OG0001921	rna-XM_0018506492	rna-XM_0018506492	rna-XM_0018506492	rna-XM_0018506492	ENSXNUT00000008989
OG0001922	rna-XM_0382520251	rna-XM_0382520251	rna-XM_0382520251	rna-XM_0382520251	ENSXNUT00000000018
OG0001923	rna-XM_0018427672	rna-XM_0018427672	rna-XM_0018427672	rna-XM_0018427672	ENSXNUT00000007480
OG0001925	rna-XM_0382651171	rna-XM_0382651171	rna-XM_0382651171	rna-XM_0382651171	ENSXNUT00000014242
OG0001926	rna-XM_0382537921	rna-XM_0382537921	rna-XM_0382537921	rna-XM_0382537921	ENSXNUT00000000772
OG0001927	rna-XM_0382509361	rna-XM_0382509361	rna-XM_0382509361	rna-XM_0382509361	ENSXNUT00000002144
OG0001928	rna-XM_0018514432	rna-XM_0018514432	rna-XM_0018514432	rna-XM_0018514432	ENSXNUT00000009430
OG0001929	rna-XM_0018514442	rna-XM_0018514442	rna-XM_0018514442	rna-XM_0018514442	ENSXNUT00000004004
OG0001930	rna-XM_0382542811	rna-XM_0382542811	rna-XM_0382542811	rna-XM_0382542811	ENSXNUT00000006081
OG0001931	rna-XM_0018648632	rna-XM_0018648632	rna-XM_0018648632	rna-XM_0018648632	ENSXNUT00000003553
OG0001932	rna-XM_0018651922	rna-XM_0018651922	rna-XM_0018651922	rna-XM_0018651922	ENSXNUT00000010813
OG0001933	rna-XM_0382629181	rna-XM_0382629181	rna-XM_0382629181	rna-XM_0382629181	ENSXNUT00000008101
OG0001934	rna-XM_0382628001	rna-XM_0382628001	rna-XM_0382628001	rna-XM_0382628001	ENSXNUT00000015504
OG0001935	rna-XM_0382615131	rna-XM_0382615131	rna-XM_0382615131	rna-XM_0382615131	ENSXNUT00000012030
OG0001937	rna-XM_0018504752	rna-XM_0018504752	rna-XM_0018504752	rna-XM_0018504752	ENSXNUT00000005967
OG0001938	rna-XM_0018464892	rna-XM_0018464892	rna-XM_0018464892	rna-XM_0018464892	ENSXNUT00000014147
OG0001939	rna-XM_0018493012	rna-XM_0018493012	rna-XM_0018493012	rna-XM_0018493012	ENSXNUT00000002032
OG0001940	rna-XM_0018464902	rna-XM_0018464902	rna-XM_0018464902	rna-XM_0018464902	ENSXNUT00000012710
OG0001941	rna-XM_0382542261	rna-XM_0382542261	rna-XM_0382542261	rna-XM_0382542261	ENSXNUT00000003015
OG0001942	rna-XM_0382602001	rna-XM_0382602001	rna-XM_0382602001	rna-XM_0382602001	ENSXNUT00000007743
OG0001943	rna-XM_0382602741	rna-XM_0382602741	rna-XM_0382602751	rna-XM_0382602741	ENSXNUT00000008148
OG0001944	rna-XM_0382497441	rna-XM_0382497441	rna-XM_0382497441	rna-XM_0382497441	ENSXNUT00000017438
OG0001945	rna-XM_0018679882	rna-XM_0018679882	rna-XM_0018679882	rna-XM_0018679882	ENSXNUT00000006071
OG0001946	rna-XM_0018649602	rna-XM_0018649602	rna-XM_0018649602	rna-XM_0018649602	ENSXNUT00000013928
OG0001947	rna-XM_0382507661	rna-XM_0382507661	rna-XM_0382507661	rna-XM_0382507661	ENSXNUT00000004869
OG0001948	rna-XM_0018668992	rna-XM_0018668992	rna-XM_0018668992	rna-XM_0018668992	ENSXNUT00000014858
OG0001949	rna-XM_0018667752	rna-XM_0018667752	rna-XM_0018667752	rna-XM_0018667752	ENSXNUT00000012413
OG0001950	rna-XM_0018505062	rna-XM_0018505062	rna-XM_0018505062	rna-XM_0018505062	ENSXNUT00000012968
OG0001951	rna-XM_0382528421	rna-XM_0382528421	rna-XM_0382528421	rna-XM_0382528421	ENSXNUT00000006965
OG0001952	rna-XM_0382516881	rna-XM_0382516881	rna-XM_0382516881	rna-XM_0382516881	ENSXNUT00000002307
OG0001953	rna-XM_0382631351	rna-XM_0382631351	rna-XM_0382631351	rna-XM_0382631351	ENSXNUT00000009048
OG0001954	rna-XM_0382582931	rna-XM_0382582931	rna-XM_0382582941	rna-XM_0382582931	ENSXNUT00000000990
OG0001955	rna-XM_0018493662	rna-XM_0018493662	rna-XM_0018493662	rna-XM_0018493662	ENSXNUT00000017355
OG0001956	rna-XM_0382483311	rna-XM_0382483311	rna-XM_0382483311	rna-XM_0382483311	ENSXNUT00000018185
OG0001957	rna-XM_0382510451	rna-XM_0382510451	rna-XM_0382510451	rna-XM_0382510451	ENSXNUT00000004300
OG0001958	rna-XM_0382584921	rna-XM_0382584921	rna-XM_0382584921	rna-XM_0382584921	ENSXNUT00000005623
OG0001959	rna-XM_0382602571	rna-XM_0382602571	rna-XM_0382602571	rna-XM_0382602571	ENSXNUT00000012834
OG0001961	rna-XM_0382596561	rna-XM_0382596561	rna-XM_0382596561	rna-XM_0382596561	ENSXNUT00000014390
OG0001962	rna-XM_0018675972	rna-XM_0018675972	rna-XM_0018675972	rna-XM_0018675972	ENSXNUT00000018606
OG0001963	rna-XM_0382631831	rna-XM_0382631831	rna-XM_0382631831	rna-XM_0382631831	ENSXNUT00000016160
OG0001964	rna-XM_0018658102	rna-XM_0018658102	rna-XM_0018658102	rna-XM_0018658102	ENSXNUT00000013177
OG0001965	rna-XM_0018453832	rna-XM_0018453832	rna-XM_0018453832	rna-XM_0018453832	ENSXNUT00000013711
OG0001967	rna-XM_0018505822	rna-XM_0018505822	rna-XM_0018505822	rna-XM_0018505822	ENSXNUT00000012436
OG0001968	rna-XM_0018441552	rna-XM_0018441552	rna-XM_0018441552	rna-XM_0018441552	ENSXNUT00000016399
OG0001969	rna-XM_0382556121	rna-XM_0382556121	rna-XM_0382556121	rna-XM_0382556121	ENSXNUT00000001795
OG0001970	rna-XM_0018697662	rna-XM_0018697662	rna-XM_0018697662	rna-XM_0018697662	ENSXNUT00000018745
OG0001971	rna-XM_0382494871	rna-XM_0382494871	rna-XM_0382494871	rna-XM_0382494871	ENSXNUT00000018001
OG0001972	rna-XM_0018675812	rna-XM_0018675812	rna-XM_0018675812	rna-XM_0018675812	ENSXNUT00000015249
OG0001973	rna-XM_0382486571	rna-XM_0382486571	rna-XM_0382486571	rna-XM_0382486571	ENSXNUT00000018356
OG0001975	rna-XM_0018613882	rna-XM_0018613882	rna-XM_0018613882	rna-XM_0018613882	ENSXNUT00000014505
OG0001976	rna-XM_0382535451	rna-XM_0382535451	rna-XM_0382535451	rna-XM_0382535451	ENSXNUT00000004912
OG0001977	rna-XM_0382494351	rna-XM_0382494351	rna-XM_0382494351	rna-XM_0382494351	ENSXNUT00000013211
OG0001978	rna-XM_0382655401	rna-XM_0382655401	rna-XM_0382655401	rna-XM_0382655401	ENSXNUT00000014437
OG0001981	rna-XM_0382580291	rna-XM_0382580291	rna-XM_0382580291	rna-XM_0382580291	ENSXNUT00000010966
OG0001982	rna-XM_0018469162	rna-XM_0018469162	rna-XM_0018469162	rna-XM_0018469162	ENSXNUT00000000375
OG0001983	rna-XM_0382556021	rna-XM_0382556021	rna-XM_0382556021	rna-XM_0382556021	ENSXNUT00000000631
OG0001984	rna-XM_0382555081	rna-XM_0382555081	rna-XM_0382555081	rna-XM_0382555081	ENSXNUT00000000552
OG0001985	rna-XM_0382503451	rna-XM_0382503451	rna-XM_0382503451	rna-XM_0382503451	ENSXNUT00000012052
OG0001986	rna-XM_0382604581	rna-XM_0382604581	rna-XM_0382604581	rna-XM_0382604581	ENSXNUT00000013630
OG0001987	rna-XM_0382570811	rna-XM_0382570811	rna-XM_0382570811	rna-XM_0382570821	ENSXNUT00000000729
OG0001988	rna-XM_0018687322	rna-XM_0018687322	rna-XM_0018687322	rna-XM_0018687322	ENSXNUT00000003132
OG0001989	rna-XM_0018687372	rna-XM_0018687372	rna-XM_0018687372	rna-XM_0018687372	ENSXNUT00000000356
OG0001990	rna-XM_0382527891	rna-XM_0382527891	rna-XM_0382527891	rna-XM_0382527891	ENSXNUT00000002475
OG0001993	rna-XM_0018449032	rna-XM_0018449032	rna-XM_0018449032	rna-XM_0018449032	ENSXNUT00000005228
OG0001994	rna-XM_0382575221	rna-XM_0382575221	rna-XM_0382575221	rna-XM_0382575221	ENSXNUT00000001142
OG0001995	rna-XM_0382606331	rna-XM_0382606331	rna-XM_0382606331	rna-XM_0382606331	ENSXNUT00000012505
OG0001997	rna-XM_0382579471	rna-XM_0382579471	rna-XM_0382579471	rna-XM_0382579471	ENSXNUT00000005531
OG0001998	rna-XM_0382602601	rna-XM_0382602601	rna-XM_0382602601	rna-XM_0382602601	ENSXNUT00000010318
OG0001999	rna-XM_0018699032	rna-XM_0018699032	rna-XM_0018699032	rna-XM_0018699032	ENSXNUT00000001696
OG0002000	rna-XM_0018461432	rna-XM_0018461432	rna-XM_0018461432	rna-XM_0018461432	ENSXNUT00000001521
OG0002001	rna-XM_0018479152	rna-XM_0018479152	rna-XM_0018479152	rna-XM_0018479152	ENSXNUT00000010525
OG0002003	rna-XM_0382557051	rna-XM_0382557051	rna-XM_0382557051	rna-XM_0382557051	ENSXNUT00000000372
OG0002004	rna-XM_0382624471	rna-XM_0382624471	rna-XM_0382624471	rna-XM_0382624471	ENSXNUT00000009800
OG0002005	rna-XM_0382600281	rna-XM_0018490392	rna-XM_0382600281	rna-XM_0382600281	ENSXNUT00000011594
OG0002006	rna-XM_0382481731	rna-XM_0382481731	rna-XM_0382481731	rna-XM_0382481731	ENSXNUT00000017886
OG0002007	rna-XM_0382641931	rna-XM_0382641931	rna-XM_0382641931	rna-XM_0382641931	ENSXNUT00000007634
OG0002008	rna-XM_0382540351	rna-XM_0382540351	rna-XM_0382540351	rna-XM_0382540351	ENSXNUT00000018785
OG0002009	rna-XM_0382480681	rna-XM_0382480681	rna-XM_0382480681	rna-XM_0382480681	ENSXNUT00000012595
OG0002010	rna-XM_0018488132	rna-XM_0018488132	rna-XM_0018488132	rna-XM_0018488132	ENSXNUT00000007437
OG0002011	rna-XM_0018672162	rna-XM_0018672162	rna-XM_0018672162	rna-XM_0018672162	ENSXNUT00000006439
OG0002012	rna-XM_0018507192	rna-XM_0018507192	rna-XM_0018507192	rna-XM_0018507192	ENSXNUT00000005276
OG0002013	rna-XM_0382551421	rna-XM_0382551421	rna-XM_0382551421	rna-XM_0382551421	ENSXNUT00000000422
OG0002014	rna-XM_0018612722	rna-XM_0018612722	rna-XM_0018612722	rna-XM_0018612722	ENSXNUT00000002234
OG0002015	rna-XM_0018664702	rna-XM_0018664702	rna-XM_0018664702	rna-XM_0018664702	ENSXNUT00000012333
OG0002016	rna-XM_0018678092	rna-XM_0018678092	rna-XM_0018678092	rna-XM_0018678092	ENSXNUT00000014657
OG0002017	rna-XM_0382491791	rna-XM_0382491791	rna-XM_0382491791	rna-XM_0382491791	ENSXNUT00000016694
OG0002018	rna-XM_0382554231	rna-XM_0382554231	rna-XM_0382554231	rna-XM_0382554231	ENSXNUT00000003224
OG0002019	rna-XM_0382513541	rna-XM_0382513541	rna-XM_0382513541	rna-XM_0382513541	ENSXNUT00000001379
OG0002020	rna-XM_0382613531	rna-XM_0382613531	rna-XM_0382613531	rna-XM_0382613531	ENSXNUT00000009434
OG0002021	rna-XM_0382648861	rna-XM_0382648861	rna-XM_0382648861	rna-XM_0382648861	ENSXNUT00000006299
OG0002022	rna-XM_0018459472	rna-XM_0018459472	rna-XM_0018459472	rna-XM_0018459472	ENSXNUT00000016737
OG0002024	rna-XM_0382584061	rna-XM_0382584061	rna-XM_0382584061	rna-XM_0382584061	ENSXNUT00000008938
OG0002025	rna-XM_0018419852	rna-XM_0018419852	rna-XM_0018419852	rna-XM_0018419852	ENSXNUT00000004229
OG0002026	rna-XM_0018442502	rna-XM_0018442502	rna-XM_0018442502	rna-XM_0018442502	ENSXNUT00000016265
OG0002027	rna-XM_0018422862	rna-XM_0018422862	rna-XM_0018422862	rna-XM_0018422862	ENSXNUT00000018897
OG0002028	rna-XM_0018422852	rna-XM_0018422852	rna-XM_0018422852	rna-XM_0018422852	ENSXNUT00000018303
OG0002030	rna-XM_0382491111	rna-XM_0382491111	rna-XM_0382491111	rna-XM_0382491111	ENSXNUT00000016794
OG0002032	rna-XM_0382599701	rna-XM_0382599701	rna-XM_0382599701	rna-XM_0382599701	ENSXNUT00000011831
OG0002033	rna-XM_0018433552	rna-XM_0018433552	rna-XM_0018433552	rna-XM_0018433552	ENSXNUT00000009709
OG0002034	rna-XM_0018507632	rna-XM_0018507632	rna-XM_0018507632	rna-XM_0018507632	ENSXNUT00000007136
OG0002035	rna-XM_0382522581	rna-XM_0382522581	rna-XM_0382522581	rna-XM_0382522581	ENSXNUT00000017324
OG0002036	rna-XM_0382639281	rna-XM_0382639281	rna-XM_0382639281	rna-XM_0382639281	ENSXNUT00000008858
OG0002037	rna-XM_0018443922	rna-XM_0018443922	rna-XM_0018443922	rna-XM_0018443922	ENSXNUT00000016375
OG0002038	rna-XM_0382632191	rna-XM_0382632191	rna-XM_0382632191	rna-XM_0382632191	ENSXNUT00000014339
OG0002039	rna-XM_0018458822	rna-XM_0018458822	rna-XM_0018458822	rna-XM_0018458822	ENSXNUT00000010747
OG0002040	rna-XM_0382639521	rna-XM_0382639521	rna-XM_0382639521	rna-XM_0382639521	ENSXNUT00000017121
OG0002041	rna-XM_0382558731	rna-XM_0382558731	rna-XM_0382558731	rna-XM_0382558731	ENSXNUT00000005019
OG0002042	rna-XM_0018642682	rna-XM_0018642682	rna-XM_0018642682	rna-XM_0018642682	ENSXNUT00000000094
OG0002043	rna-XM_0018642692	rna-XM_0018642692	rna-XM_0018642692	rna-XM_0018642692	ENSXNUT00000001881
OG0002044	rna-XM_0382584861	rna-XM_0382584861	rna-XM_0382584861	rna-XM_0382584861	ENSXNUT00000005897
OG0002045	rna-XM_0382565771	rna-XM_0382565771	rna-XM_0382565771	rna-XM_0382565771	ENSXNUT00000004800
OG0002046	rna-XM_0382580861	rna-XM_0382580861	rna-XM_0382580861	rna-XM_0382580861	ENSXNUT00000005089
OG0002047	rna-XM_0382563631	rna-XM_0382563631	rna-XM_0382563631	rna-XM_0382563631	ENSXNUT00000013105
OG0002048	rna-XM_0018630942	rna-XM_0018630942	rna-XM_0018630942	rna-XM_0018630942	ENSXNUT00000004748
OG0002050	rna-XM_0382519751	rna-XM_0382519751	rna-XM_0382519751	rna-XM_0382519751	ENSXNUT00000002564
OG0002052	rna-XM_0382566011	rna-XM_0382566011	rna-XM_0382566011	rna-XM_0382566011	ENSXNUT00000018748
OG0002053	rna-XM_0018627662	rna-XM_0018627662	rna-XM_0018627662	rna-XM_0018627662	ENSXNUT00000003717
OG0002054	rna-XM_0382629401	rna-XM_0382629401	rna-XM_0382629401	rna-XM_0382629401	ENSXNUT00000011632
OG0002055	rna-XM_0018643082	rna-XM_0382644611	rna-XM_0018643082	rna-XM_0018643082	ENSXNUT00000010535
OG0002056	rna-XM_0382520451	rna-XM_0382520451	rna-XM_0382520451	rna-XM_0382520451	ENSXNUT00000009737
OG0002057	rna-XM_0018418152	rna-XM_0018418152	rna-XM_0018418152	rna-XM_0018418152	ENSXNUT00000006620
OG0002058	rna-XM_0382573721	rna-XM_0382573721	rna-XM_0382573721	rna-XM_0382573721	ENSXNUT00000002254
OG0002059	rna-XM_0382530541	rna-XM_0382530541	rna-XM_0382530541	rna-XM_0382530541	ENSXNUT00000000312
OG0002060	rna-XM_0018465792	rna-XM_0018465792	rna-XM_0018465792	rna-XM_0018465792	ENSXNUT00000007625
OG0002061	rna-XM_0018497382	rna-XM_0018497382	rna-XM_0018497382	rna-XM_0018497382	ENSXNUT00000002662
OG0002062	rna-XM_0018661212	rna-XM_0018661212	rna-XM_0018661212	rna-XM_0018661212	ENSXNUT00000007212
OG0002063	rna-XM_0382643321	rna-XM_0018631612	rna-XM_0018631612	rna-XM_0018631612	ENSXNUT00000010496
OG0002064	rna-XM_0018661122	rna-XM_0018661122	rna-XM_0018661122	rna-XM_0018661122	ENSXNUT00000018525
OG0002065	rna-XM_0382497051	rna-XM_0382497051	rna-XM_0382497051	rna-XM_0382497051	ENSXNUT00000018397
OG0002066	rna-XM_0382660401	rna-XM_0382660401	rna-XM_0382660401	rna-XM_0382660401	ENSXNUT00000012638
OG0002067	rna-XM_0382550371	rna-XM_0382550371	rna-XM_0382550371	rna-XM_0382550371	ENSXNUT00000003698
OG0002068	rna-XM_0382563941	rna-XM_0382563941	rna-XM_0382563941	rna-XM_0382563941	ENSXNUT00000005287
OG0002069	rna-XM_0382625881	rna-XM_0382625881	rna-XM_0382625881	rna-XM_0382625881	ENSXNUT00000006765
OG0002070	rna-XM_0382576781	rna-XM_0382576791	rna-XM_0382576781	rna-XM_0382576791	ENSXNUT00000000804
OG0002071	rna-XM_0018665422	rna-XM_0018665422	rna-XM_0018665422	rna-XM_0018665422	ENSXNUT00000017236
OG0002072	rna-XM_0382492131	rna-XM_0382492131	rna-XM_0382492131	rna-XM_0382492131	ENSXNUT00000016238
OG0002073	rna-XM_0018705452	rna-XM_0018705452	rna-XM_0018705452	rna-XM_0018705452	ENSXNUT00000011341
OG0002074	rna-XM_0018525842	rna-XM_0018525842	rna-XM_0018525842	rna-XM_0018525842	ENSXNUT00000013608
OG0002075	rna-XM_0018525882	rna-XM_0018525882	rna-XM_0018525882	rna-XM_0018525882	ENSXNUT00000016409
OG0002076	rna-XM_0018707632	rna-XM_0018707632	rna-XM_0018707632	rna-XM_0018707632	ENSXNUT00000016273
OG0002077	rna-XM_0382613341	rna-XM_0382613341	rna-XM_0382613341	rna-XM_0382613341	ENSXNUT00000010072
OG0002080	rna-XM_0382486071	rna-XM_0382486071	rna-XM_0382486071	rna-XM_0382486071	ENSXNUT00000012393
OG0002081	rna-XM_0018642802	rna-XM_0018642802	rna-XM_0018642802	rna-XM_0018642802	ENSXNUT00000000893
OG0002082	rna-XM_0018644902	rna-XM_0018644902	rna-XM_0018644902	rna-XM_0018644902	ENSXNUT00000017283
OG0002083	rna-XM_0018644892	rna-XM_0018644892	rna-XM_0018644892	rna-XM_0018644892	ENSXNUT00000012453
OG0002084	rna-XM_0018645322	rna-XM_0018645322	rna-XM_0018645322	rna-XM_0018645322	ENSXNUT00000006357
OG0002085	rna-XM_0018645292	rna-XM_0018645292	rna-XM_0018645292	rna-XM_0018645292	ENSXNUT00000011330
OG0002086	rna-XM_0382553811	rna-XM_0382553811	rna-XM_0382553811	rna-XM_0382553811	ENSXNUT00000007006
OG0002087	rna-XM_0382515311	rna-XM_0382515311	rna-XM_0382515311	rna-XM_0382515311	ENSXNUT00000000294
OG0002088	rna-XM_0018639402	rna-XM_0018639402	rna-XM_0018639402	rna-XM_0018639402	ENSXNUT00000010632
OG0002089	rna-XM_0382613861	rna-XM_0382613861	rna-XM_0382613861	rna-XM_0382613861	ENSXNUT00000011353
OG0002090	rna-XM_0382627341	rna-XM_0382627341	rna-XM_0382627341	rna-XM_0382627341	ENSXNUT00000014393
OG0002091	rna-XM_0382544561	rna-XM_0382544561	rna-XM_0382544561	rna-XM_0382544561	ENSXNUT00000000685
OG0002092	rna-XM_0382665731	rna-XM_0382665731	rna-XM_0382665731	rna-XM_0382665731	ENSXNUT00000003598
OG0002093	rna-XM_0382534251	rna-XM_0382534251	rna-XM_0382534251	rna-XM_0382534251	ENSXNUT00000018179
OG0002094	rna-XM_0018460862	rna-XM_0018460862	rna-XM_0018460862	rna-XM_0018460862	ENSXNUT00000002774
OG0002095	rna-XM_0382584311	rna-XM_0382584311	rna-XM_0382584311	rna-XM_0382584311	ENSXNUT00000004454
OG0002096	rna-XM_0382660961	rna-XM_0382660961	rna-XM_0382660961	rna-XM_0382660961	ENSXNUT00000015203
OG0002097	rna-XM_0382537261	rna-XM_0382537261	rna-XM_0382537261	rna-XM_0382537261	ENSXNUT00000002685
OG0002098	rna-XM_0382522261	rna-XM_0382522261	rna-XM_0382522501	rna-XM_0382522261	ENSXNUT00000014539
OG0002099	rna-XM_0382559791	rna-XM_0382559791	rna-XM_0382559791	rna-XM_0382559791	ENSXNUT00000002937
OG0002100	rna-XM_0018642912	rna-XM_0018642912	rna-XM_0018642912	rna-XM_0018642912	ENSXNUT00000003747
OG0002101	rna-XM_0382535831	rna-XM_0382535861	rna-XM_0382535861	rna-XM_0382535831	ENSXNUT00000003263
OG0002102	rna-XM_0382635841	rna-XM_0382635841	rna-XM_0382635841	rna-XM_0382635841	ENSXNUT00000011383
OG0002103	rna-XM_0382598061	rna-XM_0382598061	rna-XM_0382598061	rna-XM_0382598061	ENSXNUT00000011950
OG0002104	rna-XM_0382583141	rna-XM_0382583141	rna-XM_0382583141	rna-XM_0382583141	ENSXNUT00000005560
OG0002106	rna-XM_0382553921	rna-XM_0382553921	rna-XM_0382553921	rna-XM_0382553921	ENSXNUT00000005435
OG0002107	rna-XM_0018507232	rna-XM_0018507232	rna-XM_0018507232	rna-XM_0018507232	ENSXNUT00000007283
OG0002108	rna-XM_0018532072	rna-XM_0018532072	rna-XM_0018532072	rna-XM_0018532072	ENSXNUT00000007406
OG0002109	rna-XM_0382536081	rna-XM_0382536081	rna-XM_0382536081	rna-XM_0382536081	ENSXNUT00000004726
OG0002110	rna-XM_0382498651	rna-XM_0382498651	rna-XM_0382498651	rna-XM_0382498651	ENSXNUT00000018621
OG0002111	rna-XM_0382498661	rna-XM_0382498661	rna-XM_0382498661	rna-XM_0382498661	ENSXNUT00000017180
OG0002112	rna-XM_0018651052	rna-XM_0018651052	rna-XM_0018651052	rna-XM_0018651052	ENSXNUT00000014326
OG0002113	rna-XM_0018654862	rna-XM_0018654862	rna-XM_0018654862	rna-XM_0018654862	ENSXNUT00000015258
OG0002114	rna-XM_0382594761	rna-XM_0382594761	rna-XM_0382596241	rna-XM_0382596241	ENSXNUT00000018261
OG0002115	rna-XM_0382543021	rna-XM_0382543021	rna-XM_0382543021	rna-XM_0382543021	ENSXNUT00000003922
OG0002116	rna-XM_0018572572	rna-XM_0018572572	rna-XM_0018572572	rna-XM_0018572572	ENSXNUT00000013287
OG0002117	rna-XM_0382591161	rna-XM_0382591161	rna-XM_0382591161	rna-XM_0382591161	ENSXNUT00000008442
OG0002118	rna-XM_0382503061	rna-XM_0382503061	rna-XM_0382503061	rna-XM_0382503061	ENSXNUT00000005371
OG0002119	rna-XM_0382564931	rna-XM_0382564931	rna-XM_0382564931	rna-XM_0382564931	ENSXNUT00000003636
OG0002120	rna-XM_0382661451	rna-XM_0382661451	rna-XM_0382661451	rna-XM_0382661451	ENSXNUT00000007059
OG0002121	rna-XM_0382490971	rna-XM_0382490971	rna-XM_0382490971	rna-XM_0382490971	ENSXNUT00000012358
OG0002122	rna-XM_0382669831	rna-XM_0382669831	rna-XM_0382669831	rna-XM_0382669831	ENSXNUT00000018870
OG0002123	rna-XM_0382669821	rna-XM_0382669821	rna-XM_0382669821	rna-XM_0382669821	ENSXNUT00000013847
OG0002124	rna-XM_0018427722	rna-XM_0018427722	rna-XM_0018427722	rna-XM_0018427722	ENSXNUT00000000781
OG0002125	rna-XM_0018416832	rna-XM_0018416832	rna-XM_0018416832	rna-XM_0018416832	ENSXNUT00000007704
OG0002126	rna-XM_0382597311	rna-XM_0382597311	rna-XM_0382597311	rna-XM_0382597311	ENSXNUT00000009041
OG0002127	rna-XM_0382532651	rna-XM_0382532651	rna-XM_0382532651	rna-XM_0382532651	ENSXNUT00000005826
OG0002128	rna-XM_0382558091	rna-XM_0382558091	rna-XM_0382558091	rna-XM_0382558091	ENSXNUT00000008867
OG0002129	rna-XM_0018630882	rna-XM_0018630882	rna-XM_0018630882	rna-XM_0018630882	ENSXNUT00000005322
OG0002130	rna-XM_0018428232	rna-XM_0018428232	rna-XM_0018428232	rna-XM_0018428232	ENSXNUT00000008138
OG0002131	rna-XM_0382554401	rna-XM_0382554401	rna-XM_0382554401	rna-XM_0382554401	ENSXNUT00000001920
OG0002132	rna-XM_0382517041	rna-XM_0382517041	rna-XM_0382517041	rna-XM_0382517061	ENSXNUT00000002720
OG0002133	rna-XM_0382482401	rna-XM_0382482401	rna-XM_0382482401	rna-XM_0382482401	ENSXNUT00000011910
OG0002134	rna-XM_0018684912	rna-XM_0018684912	rna-XM_0018684912	rna-XM_0018684912	ENSXNUT00000011776
OG0002135	rna-XM_0382626231	rna-XM_0382626231	rna-XM_0382626231	rna-XM_0382626231	ENSXNUT00000011927
OG0002136	rna-XM_0018513412	rna-XM_0018513412	rna-XM_0018513412	rna-XM_0018513412	ENSXNUT00000009917
OG0002137	rna-XM_0382588421	rna-XM_0382588421	rna-XM_0382588421	rna-XM_0382588421	ENSXNUT00000015674
OG0002138	rna-XM_0018516842	rna-XM_0018516842	rna-XM_0018516842	rna-XM_0018516842	ENSXNUT00000015366
OG0002139	rna-XM_0018433902	rna-XM_0018433902	rna-XM_0018433902	rna-XM_0018433902	ENSXNUT00000000192
OG0002140	rna-XM_0382511921	rna-XM_0382511921	rna-XM_0018445412	rna-XM_0382511921	ENSXNUT00000003842
OG0002141	rna-XM_0382519861	rna-XM_0382519861	rna-XM_0382519861	rna-XM_0382519861	ENSXNUT00000012439
OG0002142	rna-XM_0382651631	rna-XM_0382651631	rna-XM_0382651651	rna-XM_0382651631	ENSXNUT00000010122
OG0002143	rna-XM_0018448992	rna-XM_0018448992	rna-XM_0018448992	rna-XM_0018448992	ENSXNUT00000002011
OG0002144	rna-XM_0018450152	rna-XM_0018450152	rna-XM_0018450152	rna-XM_0018450152	ENSXNUT00000014456
OG0002145	rna-XM_0382609681	rna-XM_0382609681	rna-XM_0382609681	rna-XM_0382609681	ENSXNUT00000010065
OG0002146	rna-XM_0382526561	rna-XM_0382526561	rna-XM_0382526561	rna-XM_0382526561	ENSXNUT00000002038
OG0002147	rna-XM_0018469792	rna-XM_0018469792	rna-XM_0018469792	rna-XM_0018469792	ENSXNUT00000002086
OG0002148	rna-XM_0382561031	rna-XM_0382561031	rna-XM_0382561031	rna-XM_0382561031	ENSXNUT00000002553
OG0002149	rna-XM_0382515901	rna-XM_0382515901	rna-XM_0382515901	rna-XM_0382515901	ENSXNUT00000007691
OG0002150	rna-XM_0382642891	rna-XM_0382642891	rna-XM_0382642891	rna-XM_0382642891	ENSXNUT00000015103
OG0002151	rna-XM_0382655751	rna-XM_0382655751	rna-XM_0382655751	rna-XM_0382655751	ENSXNUT00000016125
OG0002152	rna-XM_0382655831	rna-XM_0382655831	rna-XM_0382655831	rna-XM_0382655831	ENSXNUT00000009375
OG0002153	rna-XM_0382502641	rna-XM_0382502641	rna-XM_0382502641	rna-XM_0382502641	ENSXNUT00000009379
OG0002154	rna-XM_0018476822	rna-XM_0018476822	rna-XM_0018476822	rna-XM_0018476822	ENSXNUT00000005117
OG0002156	rna-XM_0382484171	rna-XM_0382484171	rna-XM_0382484171	rna-XM_0382484171	ENSXNUT00000014203
OG0002157	rna-XM_0382494371	rna-XM_0382494371	rna-XM_0382494371	rna-XM_0382494371	ENSXNUT00000013584
OG0002158	rna-XM_0382493271	rna-XM_0382493271	rna-XM_0382493271	rna-XM_0382493271	ENSXNUT00000014673
OG0002159	rna-XM_0018492902	rna-XM_0018492902	rna-XM_0018492902	rna-XM_0018492902	ENSXNUT00000007765
OG0002160	rna-XM_0382606891	rna-XM_0382606891	rna-XM_0382606891	rna-XM_0382606891	ENSXNUT00000007966
OG0002161	rna-XM_0018484162	rna-XM_0018484162	rna-XM_0018484162	rna-XM_0018484162	ENSXNUT00000007914
OG0002162	rna-XM_0382518671	rna-XM_0382518671	rna-XM_0382518671	rna-XM_0382518671	ENSXNUT00000003396
OG0002163	rna-XM_0382543951	rna-XM_0382543951	rna-XM_0382543951	rna-XM_0382543951	ENSXNUT00000001037
OG0002164	rna-XM_0018658372	rna-XM_0018658372	rna-XM_0018658372	rna-XM_0018658372	ENSXNUT00000012556
OG0002165	rna-XM_0382613121	rna-XM_0382613121	rna-XM_0382613121	rna-XM_0382613121	ENSXNUT00000009796
OG0002167	rna-XM_0382613131	rna-XM_0382613131	rna-XM_0382613131	rna-XM_0382613131	ENSXNUT00000006018
OG0002168	rna-XM_0382553961	rna-XM_0382553961	rna-XM_0382553961	rna-XM_0382553961	ENSXNUT00000007761
OG0002169	rna-XM_0382536541	rna-XM_0382536541	rna-XM_0382536541	rna-XM_0382536551	ENSXNUT00000005804
OG0002170	rna-XM_0382583021	rna-XM_0382583021	rna-XM_0382583021	rna-XM_0382583021	ENSXNUT00000003062
OG0002171	rna-XM_0018514842	rna-XM_0018514842	rna-XM_0018514842	rna-XM_0018514842	ENSXNUT00000013927
OG0002172	rna-XM_0018644792	rna-XM_0018644792	rna-XM_0018644792	rna-XM_0018644792	ENSXNUT00000015664
OG0002173	rna-XM_0018644802	rna-XM_0018644802	rna-XM_0018644802	rna-XM_0018644802	ENSXNUT00000013041
OG0002174	rna-XM_0018634672	rna-XM_0018634672	rna-XM_0018634672	rna-XM_0018634672	ENSXNUT00000008432
OG0002175	rna-XM_0382644501	rna-XM_0382644501	rna-XM_0382644501	rna-XM_0382644501	ENSXNUT00000012944
OG0002176	rna-XM_0018668402	rna-XM_0018668402	rna-XM_0018668402	rna-XM_0018668402	ENSXNUT00000014124
OG0002177	rna-XM_0018659522	rna-XM_0018659522	rna-XM_0018659522	rna-XM_0018659522	ENSXNUT00000018260
OG0002178	rna-XM_0382669061	rna-XM_0382669061	rna-XM_0382669061	rna-XM_0382669061	ENSXNUT00000013184
OG0002179	rna-XM_0018469412	rna-XM_0018469412	rna-XM_0018469412	rna-XM_0018469412	ENSXNUT00000000361
OG0002180	rna-XM_0018469402	rna-XM_0018469402	rna-XM_0018469402	rna-XM_0018469402	ENSXNUT00000005548
OG0002181	rna-XM_0382510321	rna-XM_0382510321	rna-XM_0382510321	rna-XM_0382510321	ENSXNUT00000005134
OG0002182	rna-XM_0382519081	rna-XM_0382519081	rna-XM_0382519081	rna-XM_0382519081	ENSXNUT00000006010
OG0002183	rna-XM_0382519101	rna-XM_0382519101	rna-XM_0382519101	rna-XM_0382519101	ENSXNUT00000005564
OG0002184	rna-XM_0018421062	rna-XM_0018421062	rna-XM_0018421062	rna-XM_0018421062	ENSXNUT00000007007
OG0002185	rna-XM_0382537501	rna-XM_0382537501	rna-XM_0382537501	rna-XM_0382537501	ENSXNUT00000009435
OG0002186	rna-XM_0382488061	rna-XM_0382488061	rna-XM_0382488061	rna-XM_0382488061	ENSXNUT00000017421
OG0002187	rna-XM_0382589271	rna-XM_0382589271	rna-XM_0382589271	rna-XM_0382589271	ENSXNUT00000008054
OG0002188	rna-XM_0018629302	rna-XM_0018629302	rna-XM_0018629302	rna-XM_0018629302	ENSXNUT00000017237
OG0002189	rna-XM_0018659872	rna-XM_0018659872	rna-XM_0018659872	rna-XM_0018659872	ENSXNUT00000016445
OG0002190	rna-XM_0382543591	rna-XM_0382543591	rna-XM_0382543591	rna-XM_0382543591	ENSXNUT00000001093
OG0002191	rna-XM_0382586821	rna-XM_0382586821	rna-XM_0382586821	rna-XM_0382586821	ENSXNUT00000007078
OG0002192	rna-XM_0018427912	rna-XM_0018427912	rna-XM_0018427912	rna-XM_0018427912	ENSXNUT00000011535
OG0002194	rna-XM_0382491601	rna-XM_0382491601	rna-XM_0382491601	rna-XM_0382491601	ENSXNUT00000012257
OG0002195	rna-XM_0018433572	rna-XM_0018433572	rna-XM_0018433572	rna-XM_0018433572	ENSXNUT00000008531
OG0002196	rna-XM_0018492342	rna-XM_0018492342	rna-XM_0018492342	rna-XM_0018492342	ENSXNUT00000010518
OG0002197	rna-XM_0382487601	rna-XM_0382487601	rna-XM_0382487601	rna-XM_0382487601	ENSXNUT00000016525
OG0002198	rna-XM_0382590151	rna-XM_0382590181	rna-XM_0382590151	rna-XM_0382590181	ENSXNUT00000012649
OG0002199	rna-XM_0018471122	rna-XM_0018471122	rna-XM_0018471122	rna-XM_0018471122	ENSXNUT00000003545
OG0002200	rna-XM_0018645082	rna-XM_0018645082	rna-XM_0018645082	rna-XM_0018645082	ENSXNUT00000002951
OG0002201	rna-XM_0018445652	rna-XM_0018445652	rna-XM_0018445652	rna-XM_0018445652	ENSXNUT00000000388
OG0002202	rna-XM_0382593281	rna-XM_0382593211	rna-XM_0382593211	rna-XM_0382593211	ENSXNUT00000018673
OG0002203	rna-XM_0018453802	rna-XM_0018453802	rna-XM_0018453802	rna-XM_0018453802	ENSXNUT00000017412
OG0002204	rna-XM_0382491191	rna-XM_0382491191	rna-XM_0382491191	rna-XM_0382491191	ENSXNUT00000016335
OG0002206	rna-XM_0018465562	rna-XM_0018465562	rna-XM_0018465562	rna-XM_0018465562	ENSXNUT00000008265
OG0002207	rna-XM_0382542681	rna-XM_0382542681	rna-XM_0382542681	rna-XM_0382542681	ENSXNUT00000005417
OG0002208	rna-XM_0382625201	rna-XM_0382625201	rna-XM_0382625201	rna-XM_0382625201	ENSXNUT00000006843
OG0002209	rna-XM_0018475902	rna-XM_0018475902	rna-XM_0018475902	rna-XM_0018475902	ENSXNUT00000013053
OG0002210	rna-XM_0382591611	rna-XM_0382591611	rna-XM_0382591611	rna-XM_0382591611	ENSXNUT00000015900
OG0002211	rna-XM_0382482621	rna-XM_0382482621	rna-XM_0382482621	rna-XM_0382482621	ENSXNUT00000016217
OG0002212	rna-XM_0382624091	rna-XM_0382624091	rna-XM_0382624091	rna-XM_0382624091	ENSXNUT00000008831
OG0002213	rna-XM_0382609171	rna-XM_0382609171	rna-XM_0382609171	rna-XM_0382609171	ENSXNUT00000016912
OG0002216	rna-XM_0018502982	rna-XM_0018502982	rna-XM_0018502982	rna-XM_0018502982	ENSXNUT00000015722
OG0002217	rna-XM_0382556981	rna-XM_0382556981	rna-XM_0382556981	rna-XM_0382556981	ENSXNUT00000002235
OG0002218	rna-XM_0382611171	rna-XM_0382611171	rna-XM_0382613691	rna-XM_0382611171	ENSXNUT00000014245
OG0002219	rna-XM_0382515721	rna-XM_0382515721	rna-XM_0382515721	rna-XM_0382515721	ENSXNUT00000002669
OG0002220	rna-XM_0382542971	rna-XM_0382542971	rna-XM_0382542971	rna-XM_0382542971	ENSXNUT00000003265
OG0002221	rna-XM_0018593382	rna-XM_0018593382	rna-XM_0018593382	rna-XM_0018593382	ENSXNUT00000016932
OG0002222	rna-XM_0018593222	rna-XM_0018593222	rna-XM_0018593222	rna-XM_0018593222	ENSXNUT00000015487
OG0002223	rna-XM_0382657231	rna-XM_0382657231	rna-XM_0382657231	rna-XM_0382657231	ENSXNUT00000012657
OG0002224	rna-XM_0018613442	rna-XM_0018613442	rna-XM_0018613442	rna-XM_0018613442	ENSXNUT00000010009
OG0002225	rna-XM_0382488751	rna-XM_0382488751	rna-XM_0382488751	rna-XM_0382488751	ENSXNUT00000017619
OG0002226	rna-XM_0382614431	rna-XM_0382614431	rna-XM_0382614431	rna-XM_0382614431	ENSXNUT00000017805
OG0002227	rna-XM_0018617212	rna-XM_0018617212	rna-XM_0018617212	rna-XM_0018617212	ENSXNUT00000015622
OG0002228	rna-XM_0018619352	rna-XM_0018619352	rna-XM_0018619352	rna-XM_0018619352	ENSXNUT00000003501
OG0002229	rna-XM_0018620882	rna-XM_0018620882	rna-XM_0018620882	rna-XM_0018620882	ENSXNUT00000007347
OG0002230	rna-XM_0382633581	rna-XM_0382633581	rna-XM_0382633581	rna-XM_0382633581	ENSXNUT00000010784
OG0002231	rna-XM_0018638992	rna-XM_0018638992	rna-XM_0018638992	rna-XM_0018638992	ENSXNUT00000012948
OG0002232	rna-XM_0018625432	rna-XM_0018625432	rna-XM_0018625432	rna-XM_0018625432	ENSXNUT00000015384
OG0002233	rna-XM_0382493951	rna-XM_0382493951	rna-XM_0382493951	rna-XM_0382493951	ENSXNUT00000016477
OG0002234	rna-XM_0018635282	rna-XM_0018635282	rna-XM_0018635282	rna-XM_0018635282	ENSXNUT00000011987
OG0002235	rna-XM_0018665932	rna-XM_0018665932	rna-XM_0018665932	rna-XM_0018665932	ENSXNUT00000003446
OG0002236	rna-XM_0382496221	rna-XM_0382496221	rna-XM_0382496221	rna-XM_0382496221	ENSXNUT00000017305
OG0002237	rna-XM_0382575971	rna-XM_0382575971	rna-XM_0382575971	rna-XM_0382575971	ENSXNUT00000002513
OG0002238	rna-XM_0382603341	rna-XM_0382603341	rna-XM_0382603341	rna-XM_0382603341	ENSXNUT00000011107
OG0002239	rna-XM_0382644631	rna-XM_0382644631	rna-XM_0382644631	rna-XM_0382644631	ENSXNUT00000009233
OG0002240	rna-XM_0018676382	rna-XM_0018676382	rna-XM_0018676382	rna-XM_0018676382	ENSXNUT00000003453
OG0002241	rna-XM_0382504761	rna-XM_0382504761	rna-XM_0382504761	rna-XM_0018659732	ENSXNUT00000014656
OG0002242	rna-XM_0382613541	rna-XM_0382613541	rna-XM_0382613541	rna-XM_0382613541	ENSXNUT00000018136
OG0002243	rna-XM_0018679352	rna-XM_0018679352	rna-XM_0018679352	rna-XM_0018679352	ENSXNUT00000010060
OG0002244	rna-XM_0018640582	rna-XM_0018640582	rna-XM_0018640582	rna-XM_0018640582	ENSXNUT00000002030
OG0002245	rna-XM_0018436982	rna-XM_0018436982	rna-XM_0018436982	rna-XM_0018436982	ENSXNUT00000002470
OG0002246	rna-XM_0382501941	rna-XM_0382501941	rna-XM_0382501941	rna-XM_0382501941	ENSXNUT00000016839
OG0002247	rna-XM_0018673822	rna-XM_0018673822	rna-XM_0018673822	rna-XM_0018673822	ENSXNUT00000014236
OG0002248	rna-XM_0382624751	rna-XM_0382624751	rna-XM_0382624751	rna-XM_0382624751	ENSXNUT00000013107
OG0002249	rna-XM_0382630571	rna-XM_0382630571	rna-XM_0382630571	rna-XM_0382630571	ENSXNUT00000009803
OG0002250	rna-XM_0018474202	rna-XM_0018474202	rna-XM_0018474202	rna-XM_0018474202	ENSXNUT00000009447
OG0002251	rna-XM_0382486881	rna-XM_0382486881	rna-XM_0382486891	rna-XM_0382486881	ENSXNUT00000014788
OG0002252	rna-XM_0382570121	rna-XM_0382570121	rna-XM_0382570141	rna-XM_0382570141	ENSXNUT00000001806
OG0002254	rna-XM_0382600011	rna-XM_0382600011	rna-XM_0382600011	rna-XM_0382600011	ENSXNUT00000008841
OG0002255	rna-XM_0382551771	rna-XM_0382551771	rna-XM_0382551771	rna-XM_0382551771	ENSXNUT00000001366
OG0002256	rna-XM_0382532581	rna-XM_0382532581	rna-XM_0382532581	rna-XM_0382532581	ENSXNUT00000001339
OG0002257	rna-XM_0382581851	rna-XM_0382581851	rna-XM_0382581851	rna-XM_0382581851	ENSXNUT00000005334
OG0002259	rna-XM_0382638031	rna-XM_0382638031	rna-XM_0382638031	rna-XM_0382638031	ENSXNUT00000006189
OG0002260	rna-XM_0018663162	rna-XM_0018663162	rna-XM_0018663162	rna-XM_0018663162	ENSXNUT00000014797
OG0002261	rna-XM_0018674412	rna-XM_0018674412	rna-XM_0018674412	rna-XM_0018674412	ENSXNUT00000003709
OG0002262	rna-XM_0382661731	rna-XM_0382661731	rna-XM_0382661731	rna-XM_0382661731	ENSXNUT00000014112
OG0002263	rna-XM_0018462722	rna-XM_0018462722	rna-XM_0018462722	rna-XM_0018462722	ENSXNUT00000008220
OG0002264	rna-XM_0018430882	rna-XM_0018430882	rna-XM_0018430882	rna-XM_0018430882	ENSXNUT00000006901
OG0002265	rna-XM_0382627781	rna-XM_0382627781	rna-XM_0382627781	rna-XM_0382627781	ENSXNUT00000014780
OG0002266	rna-XM_0382591231	rna-XM_0382591231	rna-XM_0382591231	rna-XM_0382591231	ENSXNUT00000014849
OG0002267	rna-XM_0382668151	rna-XM_0382668151	rna-XM_0382668151	rna-XM_0382668151	ENSXNUT00000013452
OG0002268	rna-XM_0382486341	rna-XM_0382486341	rna-XM_0382486341	rna-XM_0382486341	ENSXNUT00000017916
OG0002269	rna-XM_0382555891	rna-XM_0382555891	rna-XM_0382555891	rna-XM_0382555891	ENSXNUT00000001875
OG0002270	rna-XM_0382555881	rna-XM_0382555881	rna-XM_0382555881	rna-XM_0382555881	ENSXNUT00000003741
OG0002271	rna-XM_0018645832	rna-XM_0018645832	rna-XM_0018645832	rna-XM_0018645832	ENSXNUT00000009432
OG0002272	rna-XM_0018470762	rna-XM_0018470762	rna-XM_0018470762	rna-XM_0018470762	ENSXNUT00000008993
OG0002273	rna-XM_0382582451	rna-XM_0382582451	rna-XM_0382582451	rna-XM_0382582451	ENSXNUT00000000340
OG0002274	rna-XM_0018494502	rna-XM_0018494502	rna-XM_0018494502	rna-XM_0018494502	ENSXNUT00000015221
OG0002275	rna-XM_0018499312	rna-XM_0018499312	rna-XM_0018499312	rna-XM_0018499312	ENSXNUT00000006466
OG0002276	rna-XM_0018595982	rna-XM_0018595982	rna-XM_0018595982	rna-XM_0018595982	ENSXNUT00000001178
OG0002277	rna-XM_0382655111	rna-XM_0382655111	rna-XM_0382655111	rna-XM_0382655111	ENSXNUT00000011840
OG0002278	rna-XM_0382510301	rna-XM_0382510301	rna-XM_0382510301	rna-XM_0382510301	ENSXNUT00000000703
OG0002279	rna-XM_0382567311	rna-XM_0382567311	rna-XM_0382567311	rna-XM_0382567311	ENSXNUT00000001480
OG0002280	rna-XM_0382608411	rna-XM_0382608411	rna-XM_0382608411	rna-XM_0382608411	ENSXNUT00000018822
OG0002281	rna-XM_0382630051	rna-XM_0382630051	rna-XM_0382630051	rna-XM_0382630051	ENSXNUT00000014936
OG0002282	rna-XM_0382660331	rna-XM_0382660331	rna-XM_0382660331	rna-XM_0382660331	ENSXNUT00000010255
OG0002283	rna-XM_0018424252	rna-XM_0018424252	rna-XM_0018424252	rna-XM_0018424252	ENSXNUT00000005607
OG0002284	rna-XM_0018425552	rna-XM_0018425552	rna-XM_0018425552	rna-XM_0018425552	ENSXNUT00000012082
OG0002286	rna-XM_0018494102	rna-XM_0018494102	rna-XM_0018494102	rna-XM_0018494102	ENSXNUT00000001512
OG0002287	rna-XM_0018446842	rna-XM_0018446842	rna-XM_0018446842	rna-XM_0018446842	ENSXNUT00000012717
OG0002288	rna-XM_0382634841	rna-XM_0382634841	rna-XM_0382634851	rna-XM_0382634841	ENSXNUT00000009597
OG0002289	rna-XM_0382585661	rna-XM_0382585661	rna-XM_0382585661	rna-XM_0382585661	ENSXNUT00000014378
OG0002290	rna-XM_0382558151	rna-XM_0382558151	rna-XM_0382558151	rna-XM_0382558151	ENSXNUT00000001757
OG0002291	rna-XM_0382599881	rna-XM_0382599881	rna-XM_0382599881	rna-XM_0382599881	ENSXNUT00000008289
OG0002292	rna-XM_0382547521	rna-XM_0382547521	rna-XM_0382547521	rna-XM_0382547521	ENSXNUT00000009828
OG0002293	rna-XM_0018505482	rna-XM_0018505482	rna-XM_0018505482	rna-XM_0018505482	ENSXNUT00000000047
OG0002294	rna-XM_0018620482	rna-XM_0018620482	rna-XM_0018620482	rna-XM_0018620482	ENSXNUT00000004032
OG0002295	rna-XM_0382531811	rna-XM_0382531811	rna-XM_0382531811	rna-XM_0382531811	ENSXNUT00000004309
OG0002296	rna-XM_0382581731	rna-XM_0382581731	rna-XM_0382581731	rna-XM_0382581731	ENSXNUT00000001064
OG0002298	rna-XM_0382602521	rna-XM_0382602521	rna-XM_0382602521	rna-XM_0382602521	ENSXNUT00000011786
OG0002299	rna-XM_0018669432	rna-XM_0018669432	rna-XM_0018669432	rna-XM_0018669432	ENSXNUT00000009351
OG0002300	rna-XM_0018682342	rna-XM_0018682342	rna-XM_0018682342	rna-XM_0018682342	ENSXNUT00000009440
OG0002302	rna-XM_0382485991	rna-XM_0382485991	rna-XM_0382485991	rna-XM_0382485991	ENSXNUT00000015027
OG0002303	rna-XM_0382490551	rna-XM_0382490551	rna-XM_0382490551	rna-XM_0382490551	ENSXNUT00000012010
OG0002304	rna-XM_0382510511	rna-XM_0382510511	rna-XM_0382510511	rna-XM_0382510511	ENSXNUT00000000757
OG0002305	rna-XM_0018504432	rna-XM_0018504432	rna-XM_0018504432	rna-XM_0018504432	ENSXNUT00000013179
OG0002306	rna-XM_0382510861	rna-XM_0382510861	rna-XM_0382510861	rna-XM_0382510861	ENSXNUT00000002468
OG0002307	rna-XM_0382552041	rna-XM_0382552041	rna-XM_0382552041	rna-XM_0382552041	ENSXNUT00000001891
OG0002308	rna-XM_0382657751	rna-XM_0382657751	rna-XM_0382657751	rna-XM_0382657751	ENSXNUT00000009122
OG0002309	rna-XM_0382599391	rna-XM_0382599391	rna-XM_0382599391	rna-XM_0382599391	ENSXNUT00000009572
OG0002310	rna-XM_0382603831	rna-XM_0382603831	rna-XM_0382603831	rna-XM_0382603831	ENSXNUT00000006137
OG0002311	rna-XM_0382603731	rna-XM_0382603771	rna-XM_0382603731	rna-XM_0382603731	ENSXNUT00000014663
OG0002312	rna-XM_0382611251	rna-XM_0382611251	rna-XM_0382611251	rna-XM_0382611251	ENSXNUT00000010234
OG0002313	rna-XM_0382611271	rna-XM_0382611271	rna-XM_0382611271	rna-XM_0382611271	ENSXNUT00000010961
OG0002314	rna-XM_0382659081	rna-XM_0382659081	rna-XM_0382659081	rna-XM_0382659081	ENSXNUT00000009465
OG0002315	rna-XM_0382544681	rna-XM_0382544681	rna-XM_0382544681	rna-XM_0382544681	ENSXNUT00000001009
OG0002316	rna-XM_0382663921	rna-XM_0382663921	rna-XM_0382663921	rna-XM_0382663921	ENSXNUT00000010188
OG0002317	rna-XM_0382652951	rna-XM_0382652951	rna-XM_0382652951	rna-XM_0382652951	ENSXNUT00000006139
OG0002318	rna-XM_0382592541	rna-XM_0382592541	rna-XM_0382592541	rna-XM_0382592541	ENSXNUT00000010735
OG0002319	rna-XM_0018434662	rna-XM_0018434662	rna-XM_0018434662	rna-XM_0018434662	ENSXNUT00000014101
OG0002320	rna-XM_0382652401	rna-XM_0382652401	rna-XM_0382652401	rna-XM_0382652401	ENSXNUT00000011963
OG0002321	rna-XM_0382635361	rna-XM_0382635361	rna-XM_0382635361	rna-XM_0382635361	ENSXNUT00000016279
OG0002322	rna-XM_0018419242	rna-XM_0018419242	rna-XM_0018419242	rna-XM_0018419242	ENSXNUT00000008121
OG0002323	rna-XM_0018419232	rna-XM_0018419232	rna-XM_0018419232	rna-XM_0018419232	ENSXNUT00000016045
OG0002324	rna-XM_0018629742	rna-XM_0018629742	rna-XM_0018629742	rna-XM_0018629742	ENSXNUT00000001824
OG0002325	rna-XM_0382617581	rna-XM_0382617581	rna-XM_0382617581	rna-XM_0382617581	ENSXNUT00000006574
OG0002326	rna-XM_0382531981	rna-XM_0382531981	rna-XM_0382531981	rna-XM_0382531981	ENSXNUT00000001372
OG0002327	rna-XM_0018461062	rna-XM_0018461062	rna-XM_0018461062	rna-XM_0018461062	ENSXNUT00000000605
OG0002328	rna-XM_0382653791	rna-XM_0382653791	rna-XM_0382653791	rna-XM_0382653791	ENSXNUT00000017926
OG0002329	rna-XM_0382552261	rna-XM_0382552261	rna-XM_0382552261	rna-XM_0382552261	ENSXNUT00000005959
OG0002330	rna-XM_0382659871	rna-XM_0382659871	rna-XM_0382659871	rna-XM_0382659871	ENSXNUT00000012390
OG0002331	rna-XM_0382523531	rna-XM_0382523531	rna-XM_0382523531	rna-XM_0382523531	ENSXNUT00000001942
OG0002332	rna-XM_0018510112	rna-XM_0018510112	rna-XM_0018510112	rna-XM_0018510112	ENSXNUT00000013302
OG0002333	rna-XM_0382619541	rna-XM_0382619541	rna-XM_0382619541	rna-XM_0382619541	ENSXNUT00000009139
OG0002334	rna-XM_0018648892	rna-XM_0018648892	rna-XM_0018648892	rna-XM_0018648892	ENSXNUT00000016256
OG0002335	rna-XM_0018430962	rna-XM_0018430962	rna-XM_0018430962	rna-XM_0018430962	ENSXNUT00000016613
OG0002336	rna-XM_0018431822	rna-XM_0018431822	rna-XM_0018431822	rna-XM_0018431822	ENSXNUT00000014525
OG0002337	rna-XM_0018431812	rna-XM_0018431812	rna-XM_0018431812	rna-XM_0018431812	ENSXNUT00000016437
OG0002338	rna-XM_0382536121	rna-XM_0382536121	rna-XM_0382536121	rna-XM_0382536121	ENSXNUT00000002718
OG0002339	rna-XM_0018432172	rna-XM_0018432172	rna-XM_0018432172	rna-XM_0018432172	ENSXNUT00000006563
OG0002340	rna-XM_0382593711	rna-XM_0382593711	rna-XM_0382593711	rna-XM_0382593711	ENSXNUT00000006819
OG0002341	rna-XM_0382548371	rna-XM_0382548371	rna-XM_0382548371	rna-XM_0382548371	ENSXNUT00000004086
OG0002342	rna-XM_0018433212	rna-XM_0018433212	rna-XM_0018433212	rna-XM_0018433212	ENSXNUT00000011230
OG0002343	rna-XM_0018433222	rna-XM_0018433222	rna-XM_0018433222	rna-XM_0018433222	ENSXNUT00000017098
OG0002344	rna-XM_0382615621	rna-XM_0382615621	rna-XM_0382615621	rna-XM_0382615621	ENSXNUT00000010442
OG0002345	rna-XM_0382626771	rna-XM_0382626771	rna-XM_0382626771	rna-XM_0382626771	ENSXNUT00000013589
OG0002346	rna-XM_0382526341	rna-XM_0382526341	rna-XM_0382526341	rna-XM_0382526341	ENSXNUT00000000227
OG0002347	rna-XM_0382553351	rna-XM_0382553351	rna-XM_0382553351	rna-XM_0382553351	ENSXNUT00000001606
OG0002348	rna-XM_0382574471	rna-XM_0382574471	rna-XM_0382574471	rna-XM_0382574471	ENSXNUT00000017699
OG0002349	rna-XM_0382549611	rna-XM_0382549611	rna-XM_0382549611	rna-XM_0382549611	ENSXNUT00000005605
OG0002350	rna-XM_0382535771	rna-XM_0382535771	rna-XM_0382535771	rna-XM_0382535771	ENSXNUT00000000025
OG0002351	rna-XM_0382584901	rna-XM_0382584901	rna-XM_0382584901	rna-XM_0382584901	ENSXNUT00000004172
OG0002352	rna-XM_0382525911	rna-XM_0382525911	rna-XM_0382525911	rna-XM_0382525911	ENSXNUT00000003575
OG0002353	rna-XM_0382487641	rna-XM_0382487641	rna-XM_0382487641	rna-XM_0382487641	ENSXNUT00000015652
OG0002354	rna-XM_0382623961	rna-XM_0382623961	rna-XM_0382623961	rna-XM_0382623961	ENSXNUT00000003005
OG0002355	rna-XM_0382636961	rna-XM_0382636961	rna-XM_0382636961	rna-XM_0382636961	ENSXNUT00000011420
OG0002356	rna-XM_0018497462	rna-XM_0018497462	rna-XM_0382533701	rna-XM_0382533701	ENSXNUT00000005119
OG0002357	rna-XM_0382635191	rna-XM_0382635191	rna-XM_0382635191	rna-XM_0382635191	ENSXNUT00000014404
OG0002358	rna-XM_0018502152	rna-XM_0018502152	rna-XM_0018502152	rna-XM_0018502152	ENSXNUT00000016956
OG0002359	rna-XM_0018440052	rna-XM_0018440052	rna-XM_0018440052	rna-XM_0018440052	ENSXNUT00000000278
OG0002360	rna-XM_0382489471	rna-XM_0382489471	rna-XM_0382489471	rna-XM_0382489471	ENSXNUT00000017249
OG0002361	rna-XM_0382670601	rna-XM_0382670601	rna-XM_0382670601	rna-XM_0382670601	ENSXNUT00000014635
OG0002362	rna-XM_0382555571	rna-XM_0382555571	rna-XM_0382555571	rna-XM_0382555571	ENSXNUT00000001681
OG0002363	rna-XM_0382623871	rna-XM_0382623871	rna-XM_0382623891	rna-XM_0382623871	ENSXNUT00000010982
OG0002364	rna-XM_0382549471	rna-XM_0382549471	rna-XM_0382549471	rna-XM_0382549471	ENSXNUT00000015006
OG0002365	rna-XM_0382549381	rna-XM_0382549381	rna-XM_0382549381	rna-XM_0382549381	ENSXNUT00000018330
OG0002366	rna-XM_0018443932	rna-XM_0018443932	rna-XM_0018443932	rna-XM_0018443932	ENSXNUT00000011421
OG0002367	rna-XM_0018501322	rna-XM_0018501322	rna-XM_0018501322	rna-XM_0018501322	ENSXNUT00000002864
OG0002368	rna-XM_0018445322	rna-XM_0018445322	rna-XM_0018445322	rna-XM_0018445322	ENSXNUT00000006446
OG0002369	rna-XM_0382489831	rna-XM_0382489831	rna-XM_0382489831	rna-XM_0382490541	ENSXNUT00000018737
OG0002370	rna-XM_0382578101	rna-XM_0382578141	rna-XM_0382578181	rna-XM_0382578101	ENSXNUT00000001616
OG0002371	rna-XM_0018447782	rna-XM_0018447782	rna-XM_0018447782	rna-XM_0018447782	ENSXNUT00000001088
OG0002372	rna-XM_0018447772	rna-XM_0018447772	rna-XM_0018447772	rna-XM_0018447772	ENSXNUT00000002654
OG0002373	rna-XM_0382502691	rna-XM_0382502691	rna-XM_0382502691	rna-XM_0382502691	ENSXNUT00000004996
OG0002374	rna-XM_0018448912	rna-XM_0018448912	rna-XM_0018448912	rna-XM_0018448912	ENSXNUT00000005222
OG0002375	rna-XM_0382581301	rna-XM_0382581301	rna-XM_0382581301	rna-XM_0382581301	ENSXNUT00000010750
OG0002376	rna-XM_0382532691	rna-XM_0382532691	rna-XM_0382532691	rna-XM_0382532691	ENSXNUT00000012894
OG0002377	rna-XM_0018462662	rna-XM_0018462662	rna-XM_0018462662	rna-XM_0018462662	ENSXNUT00000009748
OG0002378	rna-XM_0018451032	rna-XM_0018451032	rna-XM_0018451032	rna-XM_0018451032	ENSXNUT00000001188
OG0002379	rna-XM_0382511361	rna-XM_0382511361	rna-XM_0382511361	rna-XM_0382511361	ENSXNUT00000004793
OG0002380	rna-XM_0382511331	rna-XM_0382511331	rna-XM_0382511331	rna-XM_0382511331	ENSXNUT00000011139
OG0002381	rna-XM_0382518811	rna-XM_0382518811	rna-XM_0382518811	rna-XM_0382518811	ENSXNUT00000003221
OG0002382	rna-XM_0382665981	rna-XM_0382665981	rna-XM_0382665981	rna-XM_0382665981	ENSXNUT00000014619
OG0002383	rna-XM_0382514041	rna-XM_0382514041	rna-XM_0382514041	rna-XM_0382514041	ENSXNUT00000014246
OG0002384	rna-XM_0382559231	rna-XM_0382559231	rna-XM_0382559231	rna-XM_0382559231	ENSXNUT00000016478
OG0002385	rna-XM_0382565121	rna-XM_0382565121	rna-XM_0382565121	rna-XM_0382565121	ENSXNUT00000014353
OG0002386	rna-XM_0018453882	rna-XM_0018453882	rna-XM_0018453882	rna-XM_0018453882	ENSXNUT00000017992
OG0002387	rna-XM_0382614281	rna-XM_0382614281	rna-XM_0382614281	rna-XM_0382614281	ENSXNUT00000013327
OG0002388	rna-XM_0382599721	rna-XM_0382599721	rna-XM_0382599721	rna-XM_0382599721	ENSXNUT00000016086
OG0002389	rna-XM_0382530021	rna-XM_0382530021	rna-XM_0382530021	rna-XM_0382530021	ENSXNUT00000005328
OG0002390	rna-XM_0018691532	rna-XM_0018691532	rna-XM_0018691532	rna-XM_0018691532	ENSXNUT00000008928
OG0002391	rna-XM_0382665671	rna-XM_0382665671	rna-XM_0382665671	rna-XM_0382665671	ENSXNUT00000016032
OG0002392	rna-XM_0382665621	rna-XM_0382665621	rna-XM_0382665621	rna-XM_0382665621	ENSXNUT00000018948
OG0002393	rna-XM_0018457732	rna-XM_0018457732	rna-XM_0018457732	rna-XM_0018457732	ENSXNUT00000002452
OG0002394	rna-XM_0018457722	rna-XM_0018457722	rna-XM_0018457722	rna-XM_0018457722	ENSXNUT00000001359
OG0002395	rna-XM_0018459262	rna-XM_0018459262	rna-XM_0018459262	rna-XM_0018459262	ENSXNUT00000003663
OG0002396	rna-XM_0018459272	rna-XM_0018459272	rna-XM_0018459272	rna-XM_0018459272	ENSXNUT00000000888
OG0002397	rna-XM_0382529131	rna-XM_0382529131	rna-XM_0382529131	rna-XM_0382529131	ENSXNUT00000002332
OG0002398	rna-XM_0382640921	rna-XM_0382640921	rna-XM_0382640921	rna-XM_0382640921	ENSXNUT00000009196
OG0002399	rna-XM_0382607651	rna-XM_0382607651	rna-XM_0382607651	rna-XM_0382607651	ENSXNUT00000012097
OG0002400	rna-XM_0018652382	rna-XM_0018652382	rna-XM_0018652382	rna-XM_0018652382	ENSXNUT00000004320
OG0002401	rna-XM_0382618931	rna-XM_0382618931	rna-XM_0382618931	rna-XM_0382618931	ENSXNUT00000011241
OG0002402	rna-XM_0382529211	rna-XM_0382529211	rna-XM_0382529211	rna-XM_0382529211	ENSXNUT00000005126
OG0002403	rna-XM_0018465892	rna-XM_0018465892	rna-XM_0018465892	rna-XM_0018465892	ENSXNUT00000005466
OG0002404	rna-XM_0018635112	rna-XM_0018635112	rna-XM_0018635112	rna-XM_0018635112	ENSXNUT00000003880
OG0002405	rna-XM_0018466752	rna-XM_0018466752	rna-XM_0018466752	rna-XM_0018466752	ENSXNUT00000002067
OG0002406	rna-XM_0382486271	rna-XM_0382486271	rna-XM_0382486271	rna-XM_0382486271	ENSXNUT00000018388
OG0002407	rna-XM_0382666811	rna-XM_0382666811	rna-XM_0382666811	rna-XM_0382666811	ENSXNUT00000017745
OG0002408	rna-XM_0382576891	rna-XM_0382576891	rna-XM_0382576891	rna-XM_0382576891	ENSXNUT00000012541
OG0002409	rna-XM_0382580841	rna-XM_0382580841	rna-XM_0382580841	rna-XM_0382580841	ENSXNUT00000001455
OG0002410	rna-XM_0018468042	rna-XM_0018468042	rna-XM_0018468042	rna-XM_0018468042	ENSXNUT00000004863
OG0002411	rna-XM_0382540471	rna-XM_0382540471	rna-XM_0382540471	rna-XM_0382540471	ENSXNUT00000001089
OG0002412	rna-XM_0018470692	rna-XM_0018470692	rna-XM_0018470692	rna-XM_0018470692	ENSXNUT00000009516
OG0002413	rna-XM_0382555771	rna-XM_0382555771	rna-XM_0382555771	rna-XM_0382555771	ENSXNUT00000015164
OG0002414	rna-XM_0382557471	rna-XM_0382557471	rna-XM_0382557471	rna-XM_0382557471	ENSXNUT00000004816
OG0002415	rna-XM_0018471212	rna-XM_0018471212	rna-XM_0018471212	rna-XM_0018471212	ENSXNUT00000008253
OG0002416	rna-XM_0382582571	rna-XM_0382582571	rna-XM_0382582571	rna-XM_0382582571	ENSXNUT00000001838
OG0002417	rna-XM_0382582401	rna-XM_0382582401	rna-XM_0382582401	rna-XM_0382582401	ENSXNUT00000002205
OG0002418	rna-XM_0382570221	rna-XM_0382570221	rna-XM_0382570221	rna-XM_0382570221	ENSXNUT00000012686
OG0002419	rna-XM_0382558611	rna-XM_0382558611	rna-XM_0382558611	rna-XM_0382558611	ENSXNUT00000017731
OG0002420	rna-XM_0382623971	rna-XM_0382623971	rna-XM_0382623971	rna-XM_0382623971	ENSXNUT00000007953
OG0002421	rna-XM_0018473712	rna-XM_0018473712	rna-XM_0018473712	rna-XM_0018473712	ENSXNUT00000016663
OG0002422	rna-XM_0382486181	rna-XM_0382486181	rna-XM_0382486181	rna-XM_0382486181	ENSXNUT00000012154
OG0002423	rna-XM_0382660041	rna-XM_0382660051	rna-XM_0382660051	rna-XM_0382660041	ENSXNUT00000008441
OG0002424	rna-XM_0382577861	rna-XM_0382577861	rna-XM_0382577861	rna-XM_0382577861	ENSXNUT00000004429
OG0002425	rna-XM_0382651401	rna-XM_0382651401	rna-XM_0382651401	rna-XM_0382651401	ENSXNUT00000014685
OG0002426	rna-XM_0382650901	rna-XM_0382650901	rna-XM_0382650901	rna-XM_0382650901	ENSXNUT00000010675
OG0002427	rna-XM_0382572981	rna-XM_0382572981	rna-XM_0382572981	rna-XM_0382572981	ENSXNUT00000000660
OG0002428	rna-XM_0382558131	rna-XM_0382558131	rna-XM_0382558131	rna-XM_0382558131	ENSXNUT00000002571
OG0002429	rna-XM_0382639541	rna-XM_0382639541	rna-XM_0382639541	rna-XM_0382639541	ENSXNUT00000008305
OG0002430	rna-XM_0382600451	rna-XM_0382600451	rna-XM_0382600451	rna-XM_0382600451	ENSXNUT00000007077
OG0002431	rna-XM_0018476412	rna-XM_0018476412	rna-XM_0018476412	rna-XM_0018476412	ENSXNUT00000002163
OG0002432	rna-XM_0018489002	rna-XM_0018489002	rna-XM_0018489002	rna-XM_0018489002	ENSXNUT00000015245
OG0002433	rna-XM_0382510751	rna-XM_0382510751	rna-XM_0382510751	rna-XM_0382510751	ENSXNUT00000009570
OG0002435	rna-XM_0382660831	rna-XM_0382660831	rna-XM_0382660831	rna-XM_0382660831	ENSXNUT00000015619
OG0002436	rna-XM_0382494141	rna-XM_0382494141	rna-XM_0382494141	rna-XM_0382494141	ENSXNUT00000012308
OG0002437	rna-XM_0018478102	rna-XM_0018478102	rna-XM_0018478102	rna-XM_0018478102	ENSXNUT00000004646
OG0002438	rna-XM_0382511751	rna-XM_0382511751	rna-XM_0382511751	rna-XM_0382511751	ENSXNUT00000000523
OG0002439	rna-XM_0382598631	rna-XM_0382598631	rna-XM_0382598631	rna-XM_0382598631	ENSXNUT00000015399
OG0002440	rna-XM_0382598621	rna-XM_0382598621	rna-XM_0382598621	rna-XM_0382598621	ENSXNUT00000012296
OG0002441	rna-XM_0382648761	rna-XM_0382648761	rna-XM_0382648761	rna-XM_0382648761	ENSXNUT00000017930
OG0002442	rna-XM_0382648801	rna-XM_0382648801	rna-XM_0382648801	rna-XM_0382648801	ENSXNUT00000009178
OG0002443	rna-XM_0018486042	rna-XM_0018486042	rna-XM_0018486042	rna-XM_0018486042	ENSXNUT00000015290
OG0002444	rna-XM_0382656711	rna-XM_0382656711	rna-XM_0382656711	rna-XM_0382656711	ENSXNUT00000014602
OG0002445	rna-XM_0018510792	rna-XM_0018510792	rna-XM_0018510792	rna-XM_0018510792	ENSXNUT00000009205
OG0002446	rna-XM_0382526951	rna-XM_0382526951	rna-XM_0382526951	rna-XM_0382526951	ENSXNUT00000013097
OG0002447	rna-XM_0018488742	rna-XM_0018488742	rna-XM_0018488742	rna-XM_0018488742	ENSXNUT00000016674
OG0002448	rna-XM_0018488872	rna-XM_0018488872	rna-XM_0018488872	rna-XM_0018488872	ENSXNUT00000012469
OG0002449	rna-XM_0018491052	rna-XM_0018491052	rna-XM_0018491052	rna-XM_0018491052	ENSXNUT00000011653
OG0002450	rna-XM_0018491062	rna-XM_0018491062	rna-XM_0018491062	rna-XM_0018491062	ENSXNUT00000011554
OG0002451	rna-XM_0382608861	rna-XM_0382608861	rna-XM_0382608861	rna-XM_0382608861	ENSXNUT00000013116
OG0002452	rna-XM_0018492042	rna-XM_0018492042	rna-XM_0018492042	rna-XM_0018492042	ENSXNUT00000009627
OG0002453	rna-XM_0382529931	rna-XM_0382529931	rna-XM_0382529931	rna-XM_0382529931	ENSXNUT00000002328
OG0002454	rna-XM_0382494251	rna-XM_0382494251	rna-XM_0382494251	rna-XM_0382494251	ENSXNUT00000018254
OG0002455	rna-XM_0382499661	rna-XM_0382499661	rna-XM_0382499661	rna-XM_0382499661	ENSXNUT00000013501
OG0002456	rna-XM_0382559061	rna-XM_0382559061	rna-XM_0382559061	rna-XM_0382559061	ENSXNUT00000001264
OG0002457	rna-XM_0382550621	rna-XM_0382550621	rna-XM_0382550621	rna-XM_0382550621	ENSXNUT00000001294
OG0002459	rna-XM_0018495392	rna-XM_0018495392	rna-XM_0018495392	rna-XM_0018495392	ENSXNUT00000002372
OG0002460	rna-XM_0018501512	rna-XM_0018501512	rna-XM_0018501512	rna-XM_0018501512	ENSXNUT00000012370
OG0002461	rna-XM_0382547341	rna-XM_0382547341	rna-XM_0382547341	rna-XM_0382547341	ENSXNUT00000001095
OG0002462	rna-XM_0382555041	rna-XM_0382555041	rna-XM_0382555041	rna-XM_0382555041	ENSXNUT00000003363
OG0002463	rna-XM_0018499392	rna-XM_0018499392	rna-XM_0018499392	rna-XM_0018499392	ENSXNUT00000003891
OG0002464	rna-XM_0018499382	rna-XM_0018499382	rna-XM_0018499382	rna-XM_0018499382	ENSXNUT00000015462
OG0002465	rna-XM_0382522831	rna-XM_0382522831	rna-XM_0382522831	rna-XM_0382522831	ENSXNUT00000013785
OG0002466	rna-XM_0382668511	rna-XM_0382668511	rna-XM_0382668511	rna-XM_0382668511	ENSXNUT00000014886
OG0002467	rna-XM_0018501742	rna-XM_0018501742	rna-XM_0018501742	rna-XM_0018501742	ENSXNUT00000017447
OG0002468	rna-XM_0382501991	rna-XM_0382501991	rna-XM_0382501991	rna-XM_0382501991	ENSXNUT00000013367
OG0002469	rna-XM_0382636871	rna-XM_0382636871	rna-XM_0382636871	rna-XM_0382636871	ENSXNUT00000005877
OG0002470	rna-XM_0382666591	rna-XM_0382666591	rna-XM_0382666591	rna-XM_0382666591	ENSXNUT00000016441
OG0002471	rna-XM_0382586451	rna-XM_0382586451	rna-XM_0382586451	rna-XM_0382586451	ENSXNUT00000008486
OG0002472	rna-XM_0382590011	rna-XM_0382590011	rna-XM_0382590011	rna-XM_0382590011	ENSXNUT00000012735
OG0002473	rna-XM_0018688552	rna-XM_0018688552	rna-XM_0018688552	rna-XM_0018688552	ENSXNUT00000015999
OG0002474	rna-XM_0018502972	rna-XM_0018502972	rna-XM_0018502972	rna-XM_0018502972	ENSXNUT00000011194
OG0002475	rna-XM_0018503462	rna-XM_0018503462	rna-XM_0018503462	rna-XM_0018503462	ENSXNUT00000010702
OG0002476	rna-XM_0382538481	rna-XM_0382538481	rna-XM_0382538481	rna-XM_0382538481	ENSXNUT00000008651
OG0002477	rna-XM_0018505432	rna-XM_0018505432	rna-XM_0018505432	rna-XM_0018505432	ENSXNUT00000016667
OG0002478	rna-XM_0018505422	rna-XM_0018505422	rna-XM_0018505422	rna-XM_0018505422	ENSXNUT00000002223
OG0002479	rna-XM_0018505752	rna-XM_0018505752	rna-XM_0018505752	rna-XM_0018505752	ENSXNUT00000016597
OG0002480	rna-XM_0382492451	rna-XM_0382492451	rna-XM_0382492451	rna-XM_0382492451	ENSXNUT00000012203
OG0002481	rna-XM_0382669001	rna-XM_0382669001	rna-XM_0382669001	rna-XM_0382669001	ENSXNUT00000012124
OG0002482	rna-XM_0018505792	rna-XM_0018505792	rna-XM_0018505792	rna-XM_0018505792	ENSXNUT00000018498
OG0002483	rna-XM_0382623221	rna-XM_0382623221	rna-XM_0382623221	rna-XM_0382623221	ENSXNUT00000008551
OG0002484	rna-XM_0382593381	rna-XM_0382593381	rna-XM_0382593381	rna-XM_0382593381	ENSXNUT00000011297
OG0002485	rna-XM_0018510012	rna-XM_0018510012	rna-XM_0018510012	rna-XM_0018510012	ENSXNUT00000013350
OG0002486	rna-XM_0382491121	rna-XM_0382491121	rna-XM_0382491121	rna-XM_0382491121	ENSXNUT00000017641
OG0002487	rna-XM_0382562401	rna-XM_0382562401	rna-XM_0382562401	rna-XM_0382562401	ENSXNUT00000002396
OG0002488	rna-XM_0018512112	rna-XM_0018512112	rna-XM_0018512112	rna-XM_0018512112	ENSXNUT00000000748
OG0002490	rna-XM_0018649382	rna-XM_0018649382	rna-XM_0018649382	rna-XM_0018649382	ENSXNUT00000003452
OG0002491	rna-XM_0382622601	rna-XM_0382622601	rna-XM_0382622601	rna-XM_0382622601	ENSXNUT00000007366
OG0002492	rna-XM_0382630621	rna-XM_0382630621	rna-XM_0382630621	rna-XM_0382630621	ENSXNUT00000006379
OG0002493	rna-XM_0382640221	rna-XM_0382640221	rna-XM_0382640221	rna-XM_0382640221	ENSXNUT00000009809
OG0002494	rna-XM_0382562521	rna-XM_0382562521	rna-XM_0382562521	rna-XM_0382562521	ENSXNUT00000003102
OG0002495	rna-XM_0382553661	rna-XM_0382553661	rna-XM_0382553661	rna-XM_0382553661	ENSXNUT00000000176
OG0002496	rna-XM_0018548002	rna-XM_0018548002	rna-XM_0018548002	rna-XM_0018548002	ENSXNUT00000003318
OG0002497	rna-XM_0382583631	rna-XM_0382583631	rna-XM_0382583631	rna-XM_0382583661	ENSXNUT00000000898
OG0002498	rna-XM_0382501341	rna-XM_0382501341	rna-XM_0382501341	rna-XM_0382501341	ENSXNUT00000003203
OG0002499	rna-XM_0382590631	rna-XM_0382590631	rna-XM_0382590631	rna-XM_0382590631	ENSXNUT00000009363
OG0002500	rna-XM_0382599191	rna-XM_0382599191	rna-XM_0382599191	rna-XM_0382599191	ENSXNUT00000009564
OG0002501	rna-XM_0382483741	rna-XM_0382483741	rna-XM_0382483741	rna-XM_0382483741	ENSXNUT00000014626
OG0002502	rna-XM_0382664231	rna-XM_0382664231	rna-XM_0382664231	rna-XM_0382664231	ENSXNUT00000009400
OG0002503	rna-XM_0018616832	rna-XM_0018616832	rna-XM_0018616832	rna-XM_0018616832	ENSXNUT00000007100
OG0002504	rna-XM_0382650541	rna-XM_0382650541	rna-XM_0382650541	rna-XM_0382650541	ENSXNUT00000011718
OG0002505	rna-XM_0382518791	rna-XM_0382518791	rna-XM_0382518791	rna-XM_0382518791	ENSXNUT00000004872
OG0002506	rna-XM_0018617562	rna-XM_0018617562	rna-XM_0018617562	rna-XM_0018617562	ENSXNUT00000006559
OG0002507	rna-XM_0018617862	rna-XM_0018617862	rna-XM_0018617862	rna-XM_0018617862	ENSXNUT00000008639
OG0002508	rna-XM_0382621631	rna-XM_0382621631	rna-XM_0382621631	rna-XM_0382621631	ENSXNUT00000009687
OG0002509	rna-XM_0382496561	rna-XM_0382496561	rna-XM_0382496561	rna-XM_0382496561	ENSXNUT00000013654
OG0002510	rna-XM_0382665661	rna-XM_0382665661	rna-XM_0382665661	rna-XM_0382665661	ENSXNUT00000014806
OG0002511	rna-XM_0018619372	rna-XM_0018619372	rna-XM_0018619372	rna-XM_0018619372	ENSXNUT00000002772
OG0002512	rna-XM_0018619382	rna-XM_0018619382	rna-XM_0382585041	rna-XM_0382585041	ENSXNUT00000000558
OG0002513	rna-XM_0382552391	rna-XM_0382552391	rna-XM_0382552391	rna-XM_0382552391	ENSXNUT00000001026
OG0002514	rna-XM_0382653941	rna-XM_0382653961	rna-XM_0382653961	rna-XM_0382653961	ENSXNUT00000012700
OG0002515	rna-XM_0382490691	rna-XM_0382490691	rna-XM_0382490691	rna-XM_0382490691	ENSXNUT00000018050
OG0002516	rna-XM_0382486051	rna-XM_0382486051	rna-XM_0382486051	rna-XM_0382486051	ENSXNUT00000014169
OG0002517	rna-XM_0382492831	rna-XM_0382492831	rna-XM_0382492831	rna-XM_0382492831	ENSXNUT00000012237
OG0002518	rna-XM_0382585881	rna-XM_0382585881	rna-XM_0382585881	rna-XM_0382585881	ENSXNUT00000016280
OG0002519	rna-XM_0382598571	rna-XM_0382598571	rna-XM_0382598571	rna-XM_0382598571	ENSXNUT00000006547
OG0002520	rna-XM_0382657741	rna-XM_0382657741	rna-XM_0382657741	rna-XM_0382657741	ENSXNUT00000009411
OG0002521	rna-XM_0382504771	rna-XM_0382504771	rna-XM_0382504771	rna-XM_0382504771	ENSXNUT00000007342
OG0002522	rna-XM_0018632212	rna-XM_0018632212	rna-XM_0018632212	rna-XM_0018632212	ENSXNUT00000001564
OG0002523	rna-XM_0018636462	rna-XM_0018636462	rna-XM_0018636462	rna-XM_0018636462	ENSXNUT00000004892
OG0002524	rna-XM_0382563531	rna-XM_0382563531	rna-XM_0382563531	rna-XM_0382563531	ENSXNUT00000003976
OG0002525	rna-XM_0382570381	rna-XM_0382570381	rna-XM_0382570381	rna-XM_0382570381	ENSXNUT00000001181
OG0002526	rna-XM_0382537671	rna-XM_0382537671	rna-XM_0382537671	rna-XM_0382537671	ENSXNUT00000004810
OG0002527	rna-XM_0018639442	rna-XM_0018639442	rna-XM_0018639442	rna-XM_0018639442	ENSXNUT00000011804
OG0002528	rna-XM_0018639432	rna-XM_0018639432	rna-XM_0018639432	rna-XM_0018639432	ENSXNUT00000009029
OG0002529	rna-XM_0018670472	rna-XM_0018670472	rna-XM_0018670472	rna-XM_0018670472	ENSXNUT00000010592
OG0002530	rna-XM_0018639792	rna-XM_0018639792	rna-XM_0018639792	rna-XM_0018639792	ENSXNUT00000009118
OG0002531	rna-XM_0382562301	rna-XM_0382562301	rna-XM_0382562301	rna-XM_0382562301	ENSXNUT00000000980
OG0002532	rna-XM_0018642712	rna-XM_0018642712	rna-XM_0018642712	rna-XM_0018642712	ENSXNUT00000000567
OG0002533	rna-XM_0382606921	rna-XM_0382606921	rna-XM_0382606921	rna-XM_0382606921	ENSXNUT00000007513
OG0002534	rna-XM_0382606911	rna-XM_0382606911	rna-XM_0382606911	rna-XM_0382606911	ENSXNUT00000009292
OG0002535	rna-XM_0382616671	rna-XM_0382616671	rna-XM_0382616671	rna-XM_0382616671	ENSXNUT00000006540
OG0002537	rna-XM_0382627441	rna-XM_0382627441	rna-XM_0382627441	rna-XM_0382627441	ENSXNUT00000014347
OG0002538	rna-XM_0382662271	rna-XM_0382662301	rna-XM_0382662271	rna-XM_0382662291	ENSXNUT00000006242
OG0002539	rna-XM_0382540221	rna-XM_0382540221	rna-XM_0382540221	rna-XM_0382540221	ENSXNUT00000001354
OG0002540	rna-XM_0382531501	rna-XM_0382531571	rna-XM_0382531561	rna-XM_0382531501	ENSXNUT00000002604
OG0002541	rna-XM_0382558071	rna-XM_0382558071	rna-XM_0382558071	rna-XM_0382558071	ENSXNUT00000016173
OG0002542	rna-XM_0382575141	rna-XM_0382575141	rna-XM_0382575141	rna-XM_0382575141	ENSXNUT00000017573
OG0002543	rna-XM_0382497581	rna-XM_0382497581	rna-XM_0382497581	rna-XM_0382497581	ENSXNUT00000012091
OG0002544	rna-XM_0382497781	rna-XM_0382497781	rna-XM_0382497781	rna-XM_0382497781	ENSXNUT00000012215
OG0002545	rna-XM_0018661512	rna-XM_0018661512	rna-XM_0018661512	rna-XM_0018661512	ENSXNUT00000001737
OG0002546	rna-XM_0382513311	rna-XM_0382513311	rna-XM_0382513311	rna-XM_0382513311	ENSXNUT00000002744
OG0002547	rna-XM_0382658771	rna-XM_0382658771	rna-XM_0382658771	rna-XM_0382658771	ENSXNUT00000009263
OG0002548	rna-XM_0382618761	rna-XM_0382618761	rna-XM_0382618761	rna-XM_0382618761	ENSXNUT00000010690
OG0002549	rna-XM_0382482371	rna-XM_0382482371	rna-XM_0382482371	rna-XM_0382482371	ENSXNUT00000016522
OG0002550	rna-XM_0382481571	rna-XM_0382481571	rna-XM_0382481571	rna-XM_0382481571	ENSXNUT00000017316
OG0002551	rna-XM_0382576181	rna-XM_0382576181	rna-XM_0382576181	rna-XM_0382576181	ENSXNUT00000003348
OG0002552	rna-XM_0018675332	rna-XM_0018675332	rna-XM_0018675332	rna-XM_0018675332	ENSXNUT00000007724
OG0002553	rna-XM_0018696542	rna-XM_0018696542	rna-XM_0018696542	rna-XM_0018696542	ENSXNUT00000005602
OG0002554	rna-XM_0382543181	rna-XM_0382543181	rna-XM_0382543181	rna-XM_0382543181	ENSXNUT00000006078
OG0002555	rna-XM_0382498201	rna-XM_0382498201	rna-XM_0382498201	rna-XM_0382498201	ENSXNUT00000015645
OG0002556	rna-XM_0382636991	rna-XM_0382636991	rna-XM_0382636991	rna-XM_0382636991	ENSXNUT00000010522
OG0002558	rna-XM_0382600531	rna-XM_0382600531	rna-XM_0382600531	rna-XM_0382600531	ENSXNUT00000006835
OG0002559	rna-XM_0382519371	rna-XM_0382519371	rna-XM_0382519371	rna-XM_0382519371	ENSXNUT00000001551
OG0002560	rna-XM_0382551541	rna-XM_0382551541	rna-XM_0382551541	rna-XM_0382551541	ENSXNUT00000004944
OG0002561	rna-XM_0382495291	rna-XM_0382495291	rna-XM_0382495291	rna-XM_0382495291	ENSXNUT00000013437
OG0002562	rna-XM_0382587031	rna-XM_0382587031	rna-XM_0382587031	rna-XM_0382587031	ENSXNUT00000012008
OG0002563	rna-XM_0018508942	rna-XM_0018508942	rna-XM_0018508942	rna-XM_0018508942	ENSXNUT00000012310
OG0002564	rna-XM_0382604201	rna-XM_0382604201	rna-XM_0382604201	rna-XM_0382604201	ENSXNUT00000006525
OG0002565	rna-XM_0018426662	rna-XM_0018426662	rna-XM_0018426662	rna-XM_0018426662	ENSXNUT00000015141
OG0002566	rna-XM_0382500861	rna-XM_0382500861	rna-XM_0382500861	rna-XM_0382500861	ENSXNUT00000016710
OG0002567	rna-XM_0018434332	rna-XM_0018434332	rna-XM_0018434332	rna-XM_0018434332	ENSXNUT00000002293
OG0002568	rna-XM_0018437792	rna-XM_0018437792	rna-XM_0018437792	rna-XM_0018437792	ENSXNUT00000000114
OG0002569	rna-XM_0018439552	rna-XM_0018439552	rna-XM_0018439552	rna-XM_0018439552	ENSXNUT00000010852
OG0002570	rna-XM_0382522131	rna-XM_0382522131	rna-XM_0382522131	rna-XM_0382522131	ENSXNUT00000014645
OG0002571	rna-XM_0382512061	rna-XM_0382512061	rna-XM_0382512061	rna-XM_0382512061	ENSXNUT00000001829
OG0002572	rna-XM_0382642251	rna-XM_0382642251	rna-XM_0382642251	rna-XM_0382642251	ENSXNUT00000008413
OG0002573	rna-XM_0382486471	rna-XM_0382486471	rna-XM_0382486501	rna-XM_0382486501	ENSXNUT00000013443
OG0002574	rna-XM_0018451502	rna-XM_0018451502	rna-XM_0018451502	rna-XM_0018451502	ENSXNUT00000016039
OG0002575	rna-XM_0018452582	rna-XM_0018452582	rna-XM_0018452582	rna-XM_0018452582	ENSXNUT00000016246
OG0002576	rna-XM_0382516201	rna-XM_0382516211	rna-XM_0382516221	rna-XM_0382516201	ENSXNUT00000003855
OG0002577	rna-XM_0382533591	rna-XM_0382533591	rna-XM_0382533591	rna-XM_0382533591	ENSXNUT00000002298
OG0002578	rna-XM_0382520231	rna-XM_0382520231	rna-XM_0382520231	rna-XM_0382520231	ENSXNUT00000002671
OG0002579	rna-XM_0382512661	rna-XM_0382512661	rna-XM_0382512661	rna-XM_0382512661	ENSXNUT00000002851
OG0002580	rna-XM_0382646031	rna-XM_0382646031	rna-XM_0382646031	rna-XM_0382646031	ENSXNUT00000010722
OG0002581	rna-XM_0382491011	rna-XM_0382491011	rna-XM_0382491011	rna-XM_0382491011	ENSXNUT00000018010
OG0002582	rna-XM_0382584441	rna-XM_0382584441	rna-XM_0382584441	rna-XM_0382584441	ENSXNUT00000017251
OG0002583	rna-XM_0018487762	rna-XM_0018487762	rna-XM_0018487762	rna-XM_0018487762	ENSXNUT00000017132
OG0002584	rna-XM_0018488242	rna-XM_0018488242	rna-XM_0018488242	rna-XM_0018488242	ENSXNUT00000016798
OG0002585	rna-XM_0382587891	rna-XM_0382587891	rna-XM_0382587891	rna-XM_0382587891	ENSXNUT00000006903
OG0002586	rna-XM_0382493071	rna-XM_0382493071	rna-XM_0382493071	rna-XM_0382493071	ENSXNUT00000017402
OG0002587	rna-XM_0382605541	rna-XM_0382605541	rna-XM_0382605541	rna-XM_0382605541	ENSXNUT00000010080
OG0002588	rna-XM_0018663112	rna-XM_0018663112	rna-XM_0018663112	rna-XM_0018663112	ENSXNUT00000010829
OG0002589	rna-XM_0018709032	rna-XM_0018709032	rna-XM_0018709032	rna-XM_0018709032	ENSXNUT00000014411
OG0002591	rna-XM_0018636742	rna-XM_0018636742	rna-XM_0018636742	rna-XM_0018636742	ENSXNUT00000017177
OG0002592	rna-XM_0382482941	rna-XM_0382482941	rna-XM_0382482941	rna-XM_0382482941	ENSXNUT00000012446
OG0002593	rna-XM_0382653881	rna-XM_0382653881	rna-XM_0382653881	rna-XM_0382653881	ENSXNUT00000015176
OG0002594	rna-XM_0018644912	rna-XM_0018644912	rna-XM_0018644912	rna-XM_0018644912	ENSXNUT00000018288
OG0002595	rna-XM_0382499911	rna-XM_0382499911	rna-XM_0382499911	rna-XM_0382499911	ENSXNUT00000014104
OG0002596	rna-XM_0382592791	rna-XM_0382592791	rna-XM_0382592791	rna-XM_0382592791	ENSXNUT00000018364
OG0002597	rna-XM_0382601521	rna-XM_0382601521	rna-XM_0382601521	rna-XM_0382601521	ENSXNUT00000006810
OG0002598	rna-XM_0382521361	rna-XM_0382521361	rna-XM_0382521361	rna-XM_0382521361	ENSXNUT00000001753
OG0002599	rna-XM_0018666482	rna-XM_0018666482	rna-XM_0018666482	rna-XM_0018666482	ENSXNUT00000012398
OG0002600	rna-XM_0382506651	rna-XM_0382506651	rna-XM_0382506651	rna-XM_0382506651	ENSXNUT00000014495
OG0002601	rna-XM_0018689892	rna-XM_0018689892	rna-XM_0018689892	rna-XM_0018689892	ENSXNUT00000001874
OG0002602	rna-XM_0382620041	rna-XM_0382620041	rna-XM_0382620041	rna-XM_0382620041	ENSXNUT00000016253
OG0002603	rna-XM_0382561491	rna-XM_0382561491	rna-XM_0382561491	rna-XM_0382561491	ENSXNUT00000008546
OG0002604	rna-XM_0382516271	rna-XM_0382516271	rna-XM_0382516271	rna-XM_0382516271	ENSXNUT00000003239
OG0002606	rna-XM_0382650471	rna-XM_0382650471	rna-XM_0382650471	rna-XM_0382650471	ENSXNUT00000008609
OG0002607	rna-XM_0382509751	rna-XM_0382509751	rna-XM_0382509751	rna-XM_0382509751	ENSXNUT00000012321
OG0002608	rna-XM_0382666091	rna-XM_0382666091	rna-XM_0382666091	rna-XM_0382482481	ENSXNUT00000012801
OG0002609	rna-XM_0018421752	rna-XM_0018421752	rna-XM_0018421752	rna-XM_0018421752	ENSXNUT00000016199
OG0002610	rna-XM_0018434242	rna-XM_0018434242	rna-XM_0018434242	rna-XM_0018434242	ENSXNUT00000003228
OG0002611	rna-XM_0018451602	rna-XM_0018451602	rna-XM_0018451602	rna-XM_0018451602	ENSXNUT00000016306
OG0002613	rna-XM_0382571771	rna-XM_0382571771	rna-XM_0382571771	rna-XM_0382571771	ENSXNUT00000016945
OG0002614	rna-XM_0382554841	rna-XM_0382554841	rna-XM_0382554841	rna-XM_0382554841	ENSXNUT00000014583
OG0002616	rna-XM_0382524381	rna-XM_0382524381	rna-XM_0382524381	rna-XM_0382524381	ENSXNUT00000005032
OG0002617	rna-XM_0018625912	rna-XM_0018625912	rna-XM_0018625912	rna-XM_0018625912	ENSXNUT00000002385
OG0002618	rna-XM_0018627782	rna-XM_0018627782	rna-XM_0018627782	rna-XM_0018627782	ENSXNUT00000002847
OG0002619	rna-XM_0382546291	rna-XM_0382546301	rna-XM_0382546291	rna-XM_0382546291	ENSXNUT00000008358
OG0002620	rna-XM_0018664722	rna-XM_0018664722	rna-XM_0018664722	rna-XM_0018664722	ENSXNUT00000006709
OG0002622	rna-XM_0382506741	rna-XM_0382506741	rna-XM_0382506741	rna-XM_0382506741	ENSXNUT00000013124
OG0002623	rna-XM_0382500621	rna-XM_0382500621	rna-XM_0382500621	rna-XM_0382500621	ENSXNUT00000016439
OG0002624	rna-XM_0382619971	rna-XM_0382619971	rna-XM_0382619971	rna-XM_0382619971	ENSXNUT00000014902
OG0002625	rna-XM_0382494401	rna-XM_0382494401	rna-XM_0382494401	rna-XM_0382494401	ENSXNUT00000017551
OG0002626	rna-XM_0382618151	rna-XM_0382618151	rna-XM_0382618151	rna-XM_0382618151	ENSXNUT00000009645
OG0002627	rna-XM_0382552621	rna-XM_0382552621	rna-XM_0382552621	rna-XM_0382552621	ENSXNUT00000013502
OG0002628	rna-XM_0382603351	rna-XM_0382603351	rna-XM_0382603351	rna-XM_0382603351	ENSXNUT00000016153
OG0002629	rna-XM_0382592711	rna-XM_0382592711	rna-XM_0382592711	rna-XM_0382592711	ENSXNUT00000010998
OG0002630	rna-XM_0018638272	rna-XM_0018638272	rna-XM_0018638272	rna-XM_0018638272	ENSXNUT00000003219
OG0002631	rna-XM_0382647931	rna-XM_0382647931	rna-XM_0382647931	rna-XM_0382647931	ENSXNUT00000013521
OG0002632	rna-XM_0382494971	rna-XM_0382494971	rna-XM_0382494971	rna-XM_0382494971	ENSXNUT00000017824
OG0002633	rna-XM_0382585361	rna-XM_0382585361	rna-XM_0382585361	rna-XM_0382585361	ENSXNUT00000001622
OG0002634	rna-XM_0382562531	rna-XM_0382562531	rna-XM_0382562531	rna-XM_0382562531	ENSXNUT00000008925
OG0002635	rna-XM_0382481141	rna-XM_0382481141	rna-XM_0382481141	rna-XM_0382481141	ENSXNUT00000017189
OG0002636	rna-XM_0382482091	rna-XM_0382482091	rna-XM_0382482091	rna-XM_0382482091	ENSXNUT00000015471
OG0002637	rna-XM_0382482251	rna-XM_0382482251	rna-XM_0382482251	rna-XM_0382482251	ENSXNUT00000013077
OG0002638	rna-XM_0382482851	rna-XM_0382482851	rna-XM_0382482851	rna-XM_0382482851	ENSXNUT00000014466
OG0002639	rna-XM_0382483191	rna-XM_0382483191	rna-XM_0382483191	rna-XM_0382483191	ENSXNUT00000015046
OG0002640	rna-XM_0382483091	rna-XM_0382483091	rna-XM_0382483091	rna-XM_0382483091	ENSXNUT00000011931
OG0002642	rna-XM_0382484091	rna-XM_0382484091	rna-XM_0382484091	rna-XM_0382484091	ENSXNUT00000017971
OG0002643	rna-XM_0382484281	rna-XM_0382484281	rna-XM_0382484281	rna-XM_0382484281	ENSXNUT00000012380
OG0002644	rna-XM_0382484441	rna-XM_0382484441	rna-XM_0382484441	rna-XM_0382484441	ENSXNUT00000012956
OG0002647	rna-XM_0382485371	rna-XM_0382485371	rna-XM_0382485371	rna-XM_0382485371	ENSXNUT00000015866
OG0002648	rna-XM_0382485471	rna-XM_0382485471	rna-XM_0382485471	rna-XM_0382485471	ENSXNUT00000018182
OG0002649	rna-XM_0382487041	rna-XM_0382487041	rna-XM_0382487041	rna-XM_0382487041	ENSXNUT00000016181
OG0002650	rna-XM_0382488201	rna-XM_0382488201	rna-XM_0382488201	rna-XM_0382488201	ENSXNUT00000014733
OG0002651	rna-XM_0382488241	rna-XM_0382488241	rna-XM_0382488241	rna-XM_0382488241	ENSXNUT00000018576
OG0002652	rna-XM_0382488281	rna-XM_0382488281	rna-XM_0382488281	rna-XM_0382488281	ENSXNUT00000017419
OG0002653	rna-XM_0382488541	rna-XM_0382488541	rna-XM_0382488541	rna-XM_0382488541	ENSXNUT00000016459
OG0002654	rna-XM_0382489281	rna-XM_0382489281	rna-XM_0382489281	rna-XM_0382489281	ENSXNUT00000015752
OG0002655	rna-XM_0382489291	rna-XM_0382489291	rna-XM_0382489291	rna-XM_0382489291	ENSXNUT00000017279
OG0002656	rna-XM_0382489301	rna-XM_0382489301	rna-XM_0382489301	rna-XM_0382489301	ENSXNUT00000015241
OG0002657	rna-XM_0382489971	rna-XM_0382489971	rna-XM_0382489971	rna-XM_0382489971	ENSXNUT00000013511
OG0002658	rna-XM_0382490591	rna-XM_0382490591	rna-XM_0382490591	rna-XM_0382490591	ENSXNUT00000015207
OG0002659	rna-XM_0382490911	rna-XM_0382490911	rna-XM_0382490911	rna-XM_0382490911	ENSXNUT00000013948
OG0002661	rna-XM_0382491181	rna-XM_0382491181	rna-XM_0382491181	rna-XM_0382491181	ENSXNUT00000004603
OG0002662	rna-XM_0382491761	rna-XM_0382491761	rna-XM_0382491761	rna-XM_0382491761	ENSXNUT00000017834
OG0002663	rna-XM_0382491851	rna-XM_0382491851	rna-XM_0382491851	rna-XM_0382491851	ENSXNUT00000014928
OG0002664	rna-XM_0382493421	rna-XM_0382493421	rna-XM_0382493421	rna-XM_0382493421	ENSXNUT00000013476
OG0002665	rna-XM_0382493581	rna-XM_0382493581	rna-XM_0382493581	rna-XM_0382493581	ENSXNUT00000013398
OG0002666	rna-XM_0382494361	rna-XM_0382494361	rna-XM_0382494361	rna-XM_0382494361	ENSXNUT00000013666
OG0002667	rna-XM_0382494621	rna-XM_0382494621	rna-XM_0382494621	rna-XM_0382494621	ENSXNUT00000014637
OG0002668	rna-XM_0382494711	rna-XM_0382494711	rna-XM_0382494711	rna-XM_0382494711	ENSXNUT00000015914
OG0002669	rna-XM_0382494901	rna-XM_0382494901	rna-XM_0382494901	rna-XM_0382494901	ENSXNUT00000012090
OG0002670	rna-XM_0382495091	rna-XM_0382495091	rna-XM_0382495091	rna-XM_0382495091	ENSXNUT00000018482
OG0002671	rna-XM_0382495441	rna-XM_0382495441	rna-XM_0382495441	rna-XM_0382495441	ENSXNUT00000016187
OG0002673	rna-XM_0382497091	rna-XM_0382497091	rna-XM_0382497091	rna-XM_0382497091	ENSXNUT00000016596
OG0002674	rna-XM_0382497901	rna-XM_0382497901	rna-XM_0382497901	rna-XM_0382497901	ENSXNUT00000013457
OG0002675	rna-XM_0382498281	rna-XM_0382498281	rna-XM_0382498281	rna-XM_0382498281	ENSXNUT00000017190
OG0002677	rna-XM_0382500001	rna-XM_0382500001	rna-XM_0382500001	rna-XM_0382500001	ENSXNUT00000014284
OG0002678	rna-XM_0382500811	rna-XM_0382570991	rna-XM_0382500811	rna-XM_0382500811	ENSXNUT00000017384
OG0002681	rna-XM_0382504461	rna-XM_0382504461	rna-XM_0382504461	rna-XM_0382504461	ENSXNUT00000002347
OG0002682	rna-XM_0382504501	rna-XM_0382504501	rna-XM_0382504501	rna-XM_0382504501	ENSXNUT00000002696
OG0002683	rna-XM_0382504751	rna-XM_0382504751	rna-XM_0382504751	rna-XM_0382504751	ENSXNUT00000004159
OG0002684	rna-XM_0382504921	rna-XM_0382504921	rna-XM_0382504921	rna-XM_0382504921	ENSXNUT00000008756
OG0002685	rna-XM_0382505131	rna-XM_0382505131	rna-XM_0382505131	rna-XM_0382505131	ENSXNUT00000014301
OG0002686	rna-XM_0382505051	rna-XM_0382505051	rna-XM_0382505051	rna-XM_0382505051	ENSXNUT00000004038
OG0002692	rna-XM_0382508301	rna-XM_0382508301	rna-XM_0382508301	rna-XM_0382508301	ENSXNUT00000003520
OG0002693	rna-XM_0382508401	rna-XM_0382508401	rna-XM_0382508401	rna-XM_0382508401	ENSXNUT00000013523
OG0002696	rna-XM_0382508531	rna-XM_0382508531	rna-XM_0382508531	rna-XM_0382508531	ENSXNUT00000001277
OG0002698	rna-XM_0382508961	rna-XM_0382508961	rna-XM_0382508961	rna-XM_0382508961	ENSXNUT00000015529
OG0002699	rna-XM_0382509581	rna-XM_0382509581	rna-XM_0382509581	rna-XM_0382509581	ENSXNUT00000005064
OG0002700	rna-XM_0382509841	rna-XM_0382509841	rna-XM_0382509841	rna-XM_0382509841	ENSXNUT00000000543
OG0002701	rna-XM_0382509881	rna-XM_0382509881	rna-XM_0382509881	rna-XM_0382509881	ENSXNUT00000001491
OG0002703	rna-XM_0382512881	rna-XM_0382512901	rna-XM_0382512901	rna-XM_0382512881	ENSXNUT00000010536
OG0002704	rna-XM_0382513691	rna-XM_0382513691	rna-XM_0382513691	rna-XM_0382513691	ENSXNUT00000002682
OG0002705	rna-XM_0382514791	rna-XM_0382514791	rna-XM_0382514791	rna-XM_0382514791	ENSXNUT00000003457
OG0002706	rna-XM_0382515221	rna-XM_0382515221	rna-XM_0382515221	rna-XM_0382515221	ENSXNUT00000000884
OG0002707	rna-XM_0382515551	rna-XM_0382515551	rna-XM_0382515551	rna-XM_0382515551	ENSXNUT00000004016
OG0002708	rna-XM_0382516431	rna-XM_0382516431	rna-XM_0382516431	rna-XM_0382516431	ENSXNUT00000016348
OG0002709	rna-XM_0382517321	rna-XM_0382517321	rna-XM_0382517321	rna-XM_0382517321	ENSXNUT00000005488
OG0002710	rna-XM_0382518291	rna-XM_0382518291	rna-XM_0382518291	rna-XM_0382518291	ENSXNUT00000004682
OG0002711	rna-XM_0382518561	rna-XM_0382518561	rna-XM_0382518561	rna-XM_0382518561	ENSXNUT00000001144
OG0002712	rna-XM_0382519961	rna-XM_0382519961	rna-XM_0382519961	rna-XM_0382519961	ENSXNUT00000002110
OG0002713	rna-XM_0382524111	rna-XM_0382524111	rna-XM_0382524111	rna-XM_0382524111	ENSXNUT00000004633
OG0002714	rna-XM_0382524581	rna-XM_0382524581	rna-XM_0382524581	rna-XM_0382524581	ENSXNUT00000002946
OG0002715	rna-XM_0382524591	rna-XM_0382524591	rna-XM_0382524591	rna-XM_0382524591	ENSXNUT00000001506
OG0002716	rna-XM_0382525031	rna-XM_0382525031	rna-XM_0382525031	rna-XM_0382525031	ENSXNUT00000004059
OG0002717	rna-XM_0382526131	rna-XM_0382526131	rna-XM_0382526131	rna-XM_0382526131	ENSXNUT00000000511
OG0002718	rna-XM_0382526371	rna-XM_0382526371	rna-XM_0382526371	rna-XM_0382526371	ENSXNUT00000002175
OG0002720	rna-XM_0382527811	rna-XM_0382527811	rna-XM_0382527811	rna-XM_0382527811	ENSXNUT00000005231
OG0002721	rna-XM_0382530581	rna-XM_0382530581	rna-XM_0382530581	rna-XM_0382530581	ENSXNUT00000004875
OG0002722	rna-XM_0382530871	rna-XM_0382530871	rna-XM_0382530871	rna-XM_0382530871	ENSXNUT00000000488
OG0002723	rna-XM_0382531651	rna-XM_0382531651	rna-XM_0382531651	rna-XM_0382531651	ENSXNUT00000005522
OG0002724	rna-XM_0382532401	rna-XM_0382532401	rna-XM_0382532401	rna-XM_0382532401	ENSXNUT00000004698
OG0002725	rna-XM_0382532881	rna-XM_0382532881	rna-XM_0382532881	rna-XM_0382532881	ENSXNUT00000018395
OG0002726	rna-XM_0382533941	rna-XM_0382533941	rna-XM_0382533941	rna-XM_0382533941	ENSXNUT00000007042
OG0002727	rna-XM_0382534201	rna-XM_0382534201	rna-XM_0382534201	rna-XM_0382534201	ENSXNUT00000000556
OG0002728	rna-XM_0382534751	rna-XM_0382534751	rna-XM_0382534751	rna-XM_0382534751	ENSXNUT00000003089
OG0002729	rna-XM_0382534901	rna-XM_0382534901	rna-XM_0382534901	rna-XM_0382534901	ENSXNUT00000005864
OG0002730	rna-XM_0382536781	rna-XM_0382536781	rna-XM_0382536781	rna-XM_0382536781	ENSXNUT00000003710
OG0002731	rna-XM_0382537021	rna-XM_0382537021	rna-XM_0382537031	rna-XM_0382537021	ENSXNUT00000003086
OG0002732	rna-XM_0382537311	rna-XM_0382537311	rna-XM_0382537311	rna-XM_0382537311	ENSXNUT00000001979
OG0002733	rna-XM_0382537381	rna-XM_0382537381	rna-XM_0382537381	rna-XM_0382537381	ENSXNUT00000004582
OG0002734	rna-XM_0382537531	rna-XM_0382537531	rna-XM_0382537531	rna-XM_0382537531	ENSXNUT00000000223
OG0002735	rna-XM_0382537971	rna-XM_0382537971	rna-XM_0382537971	rna-XM_0382537971	ENSXNUT00000005558
OG0002736	rna-XM_0382538521	rna-XM_0382538521	rna-XM_0382538521	rna-XM_0382538521	ENSXNUT00000003095
OG0002737	rna-XM_0382539971	rna-XM_0382539971	rna-XM_0382539971	rna-XM_0382539971	ENSXNUT00000001270
OG0002738	rna-XM_0382541551	rna-XM_0382541551	rna-XM_0382541551	rna-XM_0382541551	ENSXNUT00000002277
OG0002739	rna-XM_0382542311	rna-XM_0382542311	rna-XM_0382542311	rna-XM_0382542311	ENSXNUT00000003633
OG0002741	rna-XM_0382542571	rna-XM_0382542571	rna-XM_0382542571	rna-XM_0382542571	ENSXNUT00000016999
OG0002742	rna-XM_0382544271	rna-XM_0382544271	rna-XM_0382544271	rna-XM_0382544271	ENSXNUT00000002727
OG0002743	rna-XM_0382548251	rna-XM_0382548251	rna-XM_0382548251	rna-XM_0382548251	ENSXNUT00000015993
OG0002745	rna-XM_0382547191	rna-XM_0382547191	rna-XM_0382547191	rna-XM_0382547211	ENSXNUT00000009387
OG0002747	rna-XM_0382548141	rna-XM_0382548141	rna-XM_0382548141	rna-XM_0382548141	ENSXNUT00000000411
OG0002748	rna-XM_0382550241	rna-XM_0382550241	rna-XM_0382550241	rna-XM_0382550241	ENSXNUT00000003190
OG0002749	rna-XM_0382550341	rna-XM_0382550341	rna-XM_0382550341	rna-XM_0382550341	ENSXNUT00000002818
OG0002750	rna-XM_0382550601	rna-XM_0382550601	rna-XM_0382550601	rna-XM_0382550601	ENSXNUT00000002433
OG0002751	rna-XM_0382550681	rna-XM_0382550681	rna-XM_0382550681	rna-XM_0382550681	ENSXNUT00000004054
OG0002753	rna-XM_0382551021	rna-XM_0382551021	rna-XM_0382551021	rna-XM_0382551021	ENSXNUT00000009044
OG0002754	rna-XM_0382551231	rna-XM_0382551231	rna-XM_0382551231	rna-XM_0382551231	ENSXNUT00000003302
OG0002755	rna-XM_0382551461	rna-XM_0382551461	rna-XM_0382551461	rna-XM_0382551461	ENSXNUT00000011243
OG0002756	rna-XM_0382552481	rna-XM_0382552481	rna-XM_0382552481	rna-XM_0382552481	ENSXNUT00000003634
OG0002757	rna-XM_0382552521	rna-XM_0382552521	rna-XM_0382552521	rna-XM_0382552521	ENSXNUT00000007166
OG0002758	rna-XM_0382552611	rna-XM_0382552611	rna-XM_0382552611	rna-XM_0382552611	ENSXNUT00000000171
OG0002759	rna-XM_0382553901	rna-XM_0382553901	rna-XM_0382553901	rna-XM_0382553901	ENSXNUT00000004476
OG0002760	rna-XM_0382555091	rna-XM_0382555091	rna-XM_0382555091	rna-XM_0382555091	ENSXNUT00000018698
OG0002761	rna-XM_0382555301	rna-XM_0382555301	rna-XM_0382555301	rna-XM_0382555301	ENSXNUT00000004937
OG0002762	rna-XM_0382555441	rna-XM_0382555441	rna-XM_0382555441	rna-XM_0382555441	ENSXNUT00000003199
OG0002763	rna-XM_0382555561	rna-XM_0382555561	rna-XM_0382555561	rna-XM_0382555561	ENSXNUT00000005302
OG0002764	rna-XM_0382556141	rna-XM_0382556141	rna-XM_0382556141	rna-XM_0382556141	ENSXNUT00000010388
OG0002766	rna-XM_0382556271	rna-XM_0382556271	rna-XM_0382556271	rna-XM_0382556271	ENSXNUT00000002250
OG0002768	rna-XM_0382557391	rna-XM_0382557391	rna-XM_0382557391	rna-XM_0382557451	ENSXNUT00000013937
OG0002769	rna-XM_0382558351	rna-XM_0382558351	rna-XM_0382558351	rna-XM_0382558351	ENSXNUT00000003949
OG0002770	rna-XM_0382558531	rna-XM_0382558531	rna-XM_0382558531	rna-XM_0382558531	ENSXNUT00000004064
OG0002771	rna-XM_0382559201	rna-XM_0382559201	rna-XM_0382559201	rna-XM_0382559201	ENSXNUT00000000045
OG0002772	rna-XM_0382560361	rna-XM_0382560361	rna-XM_0382560361	rna-XM_0382560361	ENSXNUT00000005016
OG0002774	rna-XM_0382562391	rna-XM_0382562391	rna-XM_0382562391	rna-XM_0382562391	ENSXNUT00000004695
OG0002775	rna-XM_0382563551	rna-XM_0382563551	rna-XM_0382563551	rna-XM_0382563551	ENSXNUT00000001332
OG0002776	rna-XM_0382563871	rna-XM_0382563871	rna-XM_0382563871	rna-XM_0382563871	ENSXNUT00000008210
OG0002777	rna-XM_0382563911	rna-XM_0382563911	rna-XM_0382563911	rna-XM_0382563911	ENSXNUT00000002702
OG0002778	rna-XM_0382564021	rna-XM_0382564021	rna-XM_0382564021	rna-XM_0382564021	ENSXNUT00000008629
OG0002779	rna-XM_0382564801	rna-XM_0382564801	rna-XM_0382564801	rna-XM_0382564801	ENSXNUT00000002407
OG0002780	rna-XM_0382564991	rna-XM_0382564991	rna-XM_0382564991	rna-XM_0382564991	ENSXNUT00000004527
OG0002781	rna-XM_0382565291	rna-XM_0382565291	rna-XM_0382565291	rna-XM_0382565291	ENSXNUT00000004152
OG0002782	rna-XM_0382566181	rna-XM_0382566181	rna-XM_0382566181	rna-XM_0382566181	ENSXNUT00000016598
OG0002783	rna-XM_0382566431	rna-XM_0382566431	rna-XM_0382566431	rna-XM_0382566431	ENSXNUT00000001652
OG0002784	rna-XM_0382566451	rna-XM_0382566451	rna-XM_0382566451	rna-XM_0382566451	ENSXNUT00000003859
OG0002785	rna-XM_0382566971	rna-XM_0382566971	rna-XM_0382566971	rna-XM_0382566971	ENSXNUT00000007778
OG0002786	rna-XM_0382567291	rna-XM_0382567291	rna-XM_0382567291	rna-XM_0382567291	ENSXNUT00000003777
OG0002787	rna-XM_0382568401	rna-XM_0382568401	rna-XM_0382568401	rna-XM_0382568401	ENSXNUT00000001648
OG0002788	rna-XM_0382568591	rna-XM_0382568591	rna-XM_0382568591	rna-XM_0382568591	ENSXNUT00000018223
OG0002790	rna-XM_0382569271	rna-XM_0382569271	rna-XM_0382569271	rna-XM_0382569271	ENSXNUT00000004213
OG0002791	rna-XM_0382569441	rna-XM_0382569441	rna-XM_0382569441	rna-XM_0382569441	ENSXNUT00000000677
OG0002792	rna-XM_0382569641	rna-XM_0382569641	rna-XM_0382569641	rna-XM_0382569641	ENSXNUT00000005353
OG0002793	rna-XM_0382570671	rna-XM_0382570671	rna-XM_0382570671	rna-XM_0382570671	ENSXNUT00000002826
OG0002794	rna-XM_0382570971	rna-XM_0382570971	rna-XM_0382570971	rna-XM_0382570971	ENSXNUT00000004448
OG0002795	rna-XM_0382570981	rna-XM_0382570981	rna-XM_0382570981	rna-XM_0382570981	ENSXNUT00000004691
OG0002796	rna-XM_0382571051	rna-XM_0382571051	rna-XM_0382571051	rna-XM_0382571051	ENSXNUT00000001066
OG0002797	rna-XM_0382571071	rna-XM_0382571071	rna-XM_0382571071	rna-XM_0382571071	ENSXNUT00000005675
OG0002798	rna-XM_0382571191	rna-XM_0382571191	rna-XM_0382571191	rna-XM_0382571191	ENSXNUT00000002008
OG0002799	rna-XM_0382571231	rna-XM_0382571231	rna-XM_0382571231	rna-XM_0382571231	ENSXNUT00000000502
OG0002800	rna-XM_0382571921	rna-XM_0382571921	rna-XM_0382571921	rna-XM_0382571921	ENSXNUT00000010461
OG0002801	rna-XM_0382572091	rna-XM_0382572091	rna-XM_0382572091	rna-XM_0382572091	ENSXNUT00000004713
OG0002802	rna-XM_0382572221	rna-XM_0382572221	rna-XM_0382572221	rna-XM_0382572221	ENSXNUT00000005242
OG0002803	rna-XM_0382573251	rna-XM_0382573251	rna-XM_0382573251	rna-XM_0382573251	ENSXNUT00000005780
OG0002804	rna-XM_0382573311	rna-XM_0382573311	rna-XM_0382573311	rna-XM_0382573311	ENSXNUT00000000136
OG0002805	rna-XM_0382573761	rna-XM_0382573761	rna-XM_0382573761	rna-XM_0382573761	ENSXNUT00000004177
OG0002807	rna-XM_0382574381	rna-XM_0382574381	rna-XM_0382574381	rna-XM_0382574381	ENSXNUT00000004997
OG0002808	rna-XM_0382574661	rna-XM_0382574661	rna-XM_0382574661	rna-XM_0382574661	ENSXNUT00000000027
OG0002809	rna-XM_0382574891	rna-XM_0382574891	rna-XM_0382574891	rna-XM_0382574891	ENSXNUT00000004539
OG0002810	rna-XM_0382575011	rna-XM_0382575011	rna-XM_0382575011	rna-XM_0382575011	ENSXNUT00000000247
OG0002811	rna-XM_0382575041	rna-XM_0382575041	rna-XM_0382575041	rna-XM_0382575041	ENSXNUT00000005953
OG0002812	rna-XM_0382575341	rna-XM_0382575341	rna-XM_0382575341	rna-XM_0382575341	ENSXNUT00000009964
OG0002813	rna-XM_0382575511	rna-XM_0382575511	rna-XM_0382575511	rna-XM_0382575511	ENSXNUT00000004939
OG0002815	rna-XM_0382576211	rna-XM_0382576211	rna-XM_0382576211	rna-XM_0382576211	ENSXNUT00000002358
OG0002817	rna-XM_0382577221	rna-XM_0382577221	rna-XM_0382577221	rna-XM_0382577221	ENSXNUT00000000619
OG0002818	rna-XM_0382577721	rna-XM_0382577721	rna-XM_0382577721	rna-XM_0382577721	ENSXNUT00000005301
OG0002820	rna-XM_0382579901	rna-XM_0382579901	rna-XM_0382579901	rna-XM_0382579901	ENSXNUT00000003947
OG0002821	rna-XM_0382580211	rna-XM_0382580211	rna-XM_0382580211	rna-XM_0382580211	ENSXNUT00000005124
OG0002822	rna-XM_0382581221	rna-XM_0382581221	rna-XM_0382581221	rna-XM_0382581221	ENSXNUT00000005069
OG0002824	rna-XM_0382582031	rna-XM_0382582031	rna-XM_0382582031	rna-XM_0382582061	ENSXNUT00000016020
OG0002825	rna-XM_0382583161	rna-XM_0382583161	rna-XM_0382583161	rna-XM_0382583161	ENSXNUT00000002200
OG0002826	rna-XM_0382583201	rna-XM_0382583201	rna-XM_0382583201	rna-XM_0382583201	ENSXNUT00000005406
OG0002827	rna-XM_0382583681	rna-XM_0382583681	rna-XM_0382583681	rna-XM_0382583681	ENSXNUT00000000010
OG0002828	rna-XM_0382583901	rna-XM_0382583961	rna-XM_0382583901	rna-XM_0382583901	ENSXNUT00000005002
OG0002829	rna-XM_0382584281	rna-XM_0382584281	rna-XM_0382584281	rna-XM_0382584281	ENSXNUT00000005523
OG0002830	rna-XM_0382587541	rna-XM_0382587541	rna-XM_0382589551	rna-XM_0382587541	ENSXNUT00000017427
OG0002831	rna-XM_0382585851	rna-XM_0382585851	rna-XM_0382585851	rna-XM_0382585851	ENSXNUT00000008089
OG0002832	rna-XM_0382588931	rna-XM_0382588931	rna-XM_0382588931	rna-XM_0382588931	ENSXNUT00000013852
OG0002833	rna-XM_0382593131	rna-XM_0382593131	rna-XM_0382593131	rna-XM_0382593131	ENSXNUT00000011205
OG0002834	rna-XM_0382595171	rna-XM_0382595171	rna-XM_0382595171	rna-XM_0382595171	ENSXNUT00000015261
OG0002835	rna-XM_0382597081	rna-XM_0382597081	rna-XM_0382597081	rna-XM_0382597081	ENSXNUT00000008257
OG0002836	rna-XM_0382597211	rna-XM_0382597211	rna-XM_0382597211	rna-XM_0382597211	ENSXNUT00000006982
OG0002837	rna-XM_0382597691	rna-XM_0382597691	rna-XM_0382597691	rna-XM_0382597691	ENSXNUT00000018929
OG0002838	rna-XM_0382598641	rna-XM_0382598641	rna-XM_0382598641	rna-XM_0382598641	ENSXNUT00000013275
OG0002839	rna-XM_0382598811	rna-XM_0382598811	rna-XM_0382598811	rna-XM_0382598811	ENSXNUT00000011196
OG0002840	rna-XM_0382600301	rna-XM_0382600301	rna-XM_0382600301	rna-XM_0382600301	ENSXNUT00000008730
OG0002843	rna-XM_0382601301	rna-XM_0382601301	rna-XM_0382601301	rna-XM_0382601301	ENSXNUT00000011743
OG0002844	rna-XM_0382602031	rna-XM_0382602031	rna-XM_0382602031	rna-XM_0382602031	ENSXNUT00000012858
OG0002845	rna-XM_0382602341	rna-XM_0382602341	rna-XM_0382602341	rna-XM_0382602341	ENSXNUT00000015119
OG0002846	rna-XM_0382602611	rna-XM_0382602611	rna-XM_0382602611	rna-XM_0382602611	ENSXNUT00000013942
OG0002847	rna-XM_0382603131	rna-XM_0382603131	rna-XM_0382603131	rna-XM_0382603131	ENSXNUT00000008412
OG0002848	rna-XM_0382605351	rna-XM_0382605351	rna-XM_0382605351	rna-XM_0382605351	ENSXNUT00000010309
OG0002849	rna-XM_0382606991	rna-XM_0382606991	rna-XM_0382606991	rna-XM_0382606991	ENSXNUT00000017045
OG0002851	rna-XM_0382607921	rna-XM_0382607921	rna-XM_0382607921	rna-XM_0382607921	ENSXNUT00000017288
OG0002852	rna-XM_0382608111	rna-XM_0382608111	rna-XM_0382608111	rna-XM_0382608111	ENSXNUT00000014766
OG0002853	rna-XM_0382608181	rna-XM_0382608181	rna-XM_0382608181	rna-XM_0382608181	ENSXNUT00000012001
OG0002857	rna-XM_0382611231	rna-XM_0382611231	rna-XM_0382611231	rna-XM_0382611231	ENSXNUT00000008915
OG0002858	rna-XM_0382611501	rna-XM_0382611501	rna-XM_0382611501	rna-XM_0382611501	ENSXNUT00000007256
OG0002859	rna-XM_0382611941	rna-XM_0382611941	rna-XM_0382611941	rna-XM_0382611941	ENSXNUT00000017557
OG0002862	rna-XM_0382614601	rna-XM_0382614601	rna-XM_0382614601	rna-XM_0382614601	ENSXNUT00000014162
OG0002863	rna-XM_0382615061	rna-XM_0382615061	rna-XM_0382615061	rna-XM_0382615061	ENSXNUT00000017452
OG0002864	rna-XM_0382615601	rna-XM_0382615601	rna-XM_0382615601	rna-XM_0382615601	ENSXNUT00000013720
OG0002865	rna-XM_0382615881	rna-XM_0382615881	rna-XM_0382615881	rna-XM_0382615881	ENSXNUT00000007828
OG0002866	rna-XM_0382615931	rna-XM_0382615931	rna-XM_0382615931	rna-XM_0382615931	ENSXNUT00000011282
OG0002867	rna-XM_0382615941	rna-XM_0382615941	rna-XM_0382615941	rna-XM_0382615941	ENSXNUT00000009664
OG0002868	rna-XM_0382616521	rna-XM_0382616521	rna-XM_0382616521	rna-XM_0382616521	ENSXNUT00000009006
OG0002869	rna-XM_0382618301	rna-XM_0382618301	rna-XM_0382618301	rna-XM_0382618301	ENSXNUT00000007597
OG0002870	rna-XM_0382618471	rna-XM_0382618471	rna-XM_0382618471	rna-XM_0382618471	ENSXNUT00000003744
OG0002871	rna-XM_0382619081	rna-XM_0382619081	rna-XM_0382619081	rna-XM_0382619081	ENSXNUT00000008777
OG0002873	rna-XM_0382620371	rna-XM_0382620371	rna-XM_0382620371	rna-XM_0382620371	ENSXNUT00000015493
OG0002874	rna-XM_0382620421	rna-XM_0382620421	rna-XM_0382620421	rna-XM_0382620421	ENSXNUT00000010219
OG0002875	rna-XM_0382620981	rna-XM_0382620981	rna-XM_0382620981	rna-XM_0382620981	ENSXNUT00000008941
OG0002876	rna-XM_0382621561	rna-XM_0382621561	rna-XM_0382621561	rna-XM_0382621561	ENSXNUT00000008113
OG0002877	rna-XM_0382623131	rna-XM_0382623131	rna-XM_0382623131	rna-XM_0382623131	ENSXNUT00000011702
OG0002878	rna-XM_0382624281	rna-XM_0382624281	rna-XM_0382624281	rna-XM_0382624281	ENSXNUT00000013615
OG0002879	rna-XM_0382627841	rna-XM_0382627841	rna-XM_0382627841	rna-XM_0382627841	ENSXNUT00000008127
OG0002880	rna-XM_0382627871	rna-XM_0382627871	rna-XM_0382627871	rna-XM_0382627871	ENSXNUT00000010920
OG0002881	rna-XM_0382628781	rna-XM_0382628781	rna-XM_0382628781	rna-XM_0382628781	ENSXNUT00000008544
OG0002882	rna-XM_0382629091	rna-XM_0382629091	rna-XM_0382629091	rna-XM_0382629091	ENSXNUT00000014255
OG0002883	rna-XM_0382630581	rna-XM_0382630581	rna-XM_0382630581	rna-XM_0382630581	ENSXNUT00000015743
OG0002884	rna-XM_0382631111	rna-XM_0382631111	rna-XM_0382631111	rna-XM_0382631111	ENSXNUT00000007857
OG0002885	rna-XM_0382631131	rna-XM_0382631131	rna-XM_0382631131	rna-XM_0382631131	ENSXNUT00000012925
OG0002886	rna-XM_0382631321	rna-XM_0382631321	rna-XM_0382631321	rna-XM_0382631321	ENSXNUT00000011195
OG0002887	rna-XM_0382631451	rna-XM_0382631451	rna-XM_0382631451	rna-XM_0382631451	ENSXNUT00000008671
OG0002888	rna-XM_0382631461	rna-XM_0382631461	rna-XM_0382631461	rna-XM_0382631461	ENSXNUT00000009979
OG0002889	rna-XM_0382631801	rna-XM_0382631801	rna-XM_0382631801	rna-XM_0382631801	ENSXNUT00000007661
OG0002890	rna-XM_0382631951	rna-XM_0382631951	rna-XM_0382631951	rna-XM_0382631951	ENSXNUT00000010213
OG0002891	rna-XM_0382632211	rna-XM_0382632211	rna-XM_0382632211	rna-XM_0382632211	ENSXNUT00000012207
OG0002892	rna-XM_0382632681	rna-XM_0382632681	rna-XM_0382632681	rna-XM_0382632681	ENSXNUT00000010124
OG0002893	rna-XM_0382632791	rna-XM_0382632791	rna-XM_0382632791	rna-XM_0382632791	ENSXNUT00000012807
OG0002894	rna-XM_0382632801	rna-XM_0382632801	rna-XM_0382632801	rna-XM_0382632801	ENSXNUT00000010241
OG0002895	rna-XM_0382633501	rna-XM_0382633501	rna-XM_0382633501	rna-XM_0382633501	ENSXNUT00000010328
OG0002896	rna-XM_0382633821	rna-XM_0382633821	rna-XM_0382633821	rna-XM_0382633821	ENSXNUT00000010637
OG0002897	rna-XM_0382634381	rna-XM_0382634381	rna-XM_0382634381	rna-XM_0382634381	ENSXNUT00000008137
OG0002898	rna-XM_0382634511	rna-XM_0382634511	rna-XM_0382634511	rna-XM_0382634511	ENSXNUT00000011558
OG0002899	rna-XM_0382634521	rna-XM_0382634521	rna-XM_0382634521	rna-XM_0382634521	ENSXNUT00000013478
OG0002900	rna-XM_0382634721	rna-XM_0382634721	rna-XM_0382634721	rna-XM_0382634721	ENSXNUT00000016107
OG0002901	rna-XM_0382634941	rna-XM_0382634941	rna-XM_0382634941	rna-XM_0382634941	ENSXNUT00000008927
OG0002902	rna-XM_0382635091	rna-XM_0382635091	rna-XM_0382635091	rna-XM_0382635091	ENSXNUT00000007439
OG0002903	rna-XM_0382635331	rna-XM_0382635331	rna-XM_0382635331	rna-XM_0382635331	ENSXNUT00000010550
OG0002904	rna-XM_0382635821	rna-XM_0382635821	rna-XM_0382635821	rna-XM_0382635821	ENSXNUT00000008536
OG0002905	rna-XM_0382636151	rna-XM_0382636151	rna-XM_0382636151	rna-XM_0382636151	ENSXNUT00000009596
OG0002906	rna-XM_0382636591	rna-XM_0382636591	rna-XM_0382636591	rna-XM_0382636591	ENSXNUT00000006861
OG0002907	rna-XM_0382636711	rna-XM_0382636711	rna-XM_0382636711	rna-XM_0382636711	ENSXNUT00000007745
OG0002908	rna-XM_0382637301	rna-XM_0382637301	rna-XM_0382637301	rna-XM_0382637301	ENSXNUT00000016481
OG0002909	rna-XM_0382640131	rna-XM_0382640131	rna-XM_0382640131	rna-XM_0382640131	ENSXNUT00000017423
OG0002911	rna-XM_0382638931	rna-XM_0382638931	rna-XM_0382638931	rna-XM_0382638931	ENSXNUT00000011373
OG0002912	rna-XM_0382639421	rna-XM_0382639421	rna-XM_0382639421	rna-XM_0382639421	ENSXNUT00000007520
OG0002913	rna-XM_0382639531	rna-XM_0382639531	rna-XM_0382639531	rna-XM_0382639531	ENSXNUT00000012790
OG0002914	rna-XM_0382639861	rna-XM_0382639861	rna-XM_0382639861	rna-XM_0382639861	ENSXNUT00000007029
OG0002915	rna-XM_0382640171	rna-XM_0382640171	rna-XM_0382640171	rna-XM_0382640171	ENSXNUT00000006849
OG0002916	rna-XM_0382640201	rna-XM_0382640201	rna-XM_0382640201	rna-XM_0382640201	ENSXNUT00000014592
OG0002917	rna-XM_0382640381	rna-XM_0382640381	rna-XM_0382640381	rna-XM_0382640381	ENSXNUT00000009874
OG0002918	rna-XM_0382641121	rna-XM_0382641121	rna-XM_0382641121	rna-XM_0382641121	ENSXNUT00000008072
OG0002919	rna-XM_0382641141	rna-XM_0382641141	rna-XM_0382641141	rna-XM_0382641141	ENSXNUT00000008747
OG0002920	rna-XM_0382641751	rna-XM_0382641751	rna-XM_0382641751	rna-XM_0382641751	ENSXNUT00000008090
OG0002921	rna-XM_0382641811	rna-XM_0382641811	rna-XM_0382641811	rna-XM_0382641811	ENSXNUT00000006663
OG0002922	rna-XM_0382641991	rna-XM_0382641991	rna-XM_0382641991	rna-XM_0382641991	ENSXNUT00000017186
OG0002924	rna-XM_0382642791	rna-XM_0382642791	rna-XM_0382642791	rna-XM_0382642791	ENSXNUT00000006729
OG0002925	rna-XM_0382642931	rna-XM_0382642931	rna-XM_0382642931	rna-XM_0382642931	ENSXNUT00000006170
OG0002927	rna-XM_0382644381	rna-XM_0382644381	rna-XM_0382644381	rna-XM_0382644381	ENSXNUT00000012269
OG0002928	rna-XM_0382644481	rna-XM_0382644481	rna-XM_0382644481	rna-XM_0382644481	ENSXNUT00000011412
OG0002929	rna-XM_0382644841	rna-XM_0382644841	rna-XM_0382644841	rna-XM_0382644841	ENSXNUT00000011639
OG0002930	rna-XM_0382645441	rna-XM_0382645441	rna-XM_0382645441	rna-XM_0382645441	ENSXNUT00000009937
OG0002931	rna-XM_0382645791	rna-XM_0382645791	rna-XM_0382645791	rna-XM_0382645791	ENSXNUT00000008889
OG0002932	rna-XM_0382648451	rna-XM_0382648451	rna-XM_0382648451	rna-XM_0382648451	ENSXNUT00000017852
OG0002933	rna-XM_0382646071	rna-XM_0382646071	rna-XM_0382646071	rna-XM_0382646071	ENSXNUT00000017242
OG0002934	rna-XM_0382646311	rna-XM_0382646311	rna-XM_0382646311	rna-XM_0382646311	ENSXNUT00000011712
OG0002936	rna-XM_0382646741	rna-XM_0382646741	rna-XM_0382646741	rna-XM_0382646741	ENSXNUT00000006627
OG0002937	rna-XM_0382648061	rna-XM_0382648061	rna-XM_0382648061	rna-XM_0382648061	ENSXNUT00000011579
OG0002938	rna-XM_0382648231	rna-XM_0382648231	rna-XM_0382648231	rna-XM_0382648231	ENSXNUT00000014247
OG0002939	rna-XM_0382648631	rna-XM_0382648631	rna-XM_0382648631	rna-XM_0382648631	ENSXNUT00000009413
OG0002940	rna-XM_0382649251	rna-XM_0382649251	rna-XM_0382649251	rna-XM_0382649251	ENSXNUT00000014814
OG0002941	rna-XM_0382649351	rna-XM_0382649351	rna-XM_0382649351	rna-XM_0382649351	ENSXNUT00000008510
OG0002942	rna-XM_0382650151	rna-XM_0382650151	rna-XM_0382650151	rna-XM_0382650151	ENSXNUT00000009976
OG0002943	rna-XM_0382651351	rna-XM_0382651351	rna-XM_0382651351	rna-XM_0382651351	ENSXNUT00000006750
OG0002944	rna-XM_0382651371	rna-XM_0382651371	rna-XM_0382651371	rna-XM_0382651371	ENSXNUT00000002311
OG0002945	rna-XM_0382651501	rna-XM_0382651501	rna-XM_0382651501	rna-XM_0382651501	ENSXNUT00000015602
OG0002946	rna-XM_0382651521	rna-XM_0382651521	rna-XM_0382651521	rna-XM_0382651521	ENSXNUT00000007009
OG0002947	rna-XM_0382651801	rna-XM_0382651801	rna-XM_0382651801	rna-XM_0382651801	ENSXNUT00000016819
OG0002948	rna-XM_0382651811	rna-XM_0382651811	rna-XM_0382651811	rna-XM_0382651811	ENSXNUT00000011698
OG0002949	rna-XM_0382653271	rna-XM_0382653271	rna-XM_0382653271	rna-XM_0382653271	ENSXNUT00000009362
OG0002950	rna-XM_0382653371	rna-XM_0382653371	rna-XM_0382653371	rna-XM_0382653371	ENSXNUT00000013459
OG0002951	rna-XM_0382653501	rna-XM_0382653501	rna-XM_0382653501	rna-XM_0382653501	ENSXNUT00000017354
OG0002952	rna-XM_0382653521	rna-XM_0382653521	rna-XM_0382653521	rna-XM_0382653521	ENSXNUT00000008862
OG0002953	rna-XM_0382654141	rna-XM_0382654141	rna-XM_0382654141	rna-XM_0382654141	ENSXNUT00000012636
OG0002954	rna-XM_0382654331	rna-XM_0382654331	rna-XM_0382654331	rna-XM_0382654331	ENSXNUT00000010269
OG0002956	rna-XM_0382654911	rna-XM_0382654911	rna-XM_0382654911	rna-XM_0382654911	ENSXNUT00000010743
OG0002957	rna-XM_0382657551	rna-XM_0382657551	rna-XM_0382657551	rna-XM_0382657551	ENSXNUT00000011378
OG0002958	rna-XM_0382657911	rna-XM_0382657911	rna-XM_0382657911	rna-XM_0382657911	ENSXNUT00000011207
OG0002959	rna-XM_0382658151	rna-XM_0382658151	rna-XM_0382658151	rna-XM_0382658151	ENSXNUT00000011564
OG0002961	rna-XM_0382658571	rna-XM_0382658571	rna-XM_0382658571	rna-XM_0382658571	ENSXNUT00000011464
OG0002962	rna-XM_0382658731	rna-XM_0382658731	rna-XM_0382658731	rna-XM_0382658731	ENSXNUT00000017846
OG0002964	rna-XM_0382658881	rna-XM_0382658881	rna-XM_0382658881	rna-XM_0382658881	ENSXNUT00000010634
OG0002965	rna-XM_0382658901	rna-XM_0382658901	rna-XM_0382658901	rna-XM_0382658901	ENSXNUT00000010967
OG0002966	rna-XM_0382658981	rna-XM_0382658981	rna-XM_0382658981	rna-XM_0382658981	ENSXNUT00000010327
OG0002968	rna-XM_0382659571	rna-XM_0382659571	rna-XM_0382659571	rna-XM_0382659571	ENSXNUT00000008933
OG0002969	rna-XM_0382659821	rna-XM_0382659821	rna-XM_0382659821	rna-XM_0382659821	ENSXNUT00000012442
OG0002971	rna-XM_0382660981	rna-XM_0382660981	rna-XM_0382660981	rna-XM_0382660981	ENSXNUT00000006581
OG0002972	rna-XM_0382662701	rna-XM_0382662701	rna-XM_0382662701	rna-XM_0382662701	ENSXNUT00000007974
OG0002973	rna-XM_0382662831	rna-XM_0382662831	rna-XM_0382662831	rna-XM_0382662831	ENSXNUT00000015796
OG0002974	rna-XM_0382663441	rna-XM_0382663441	rna-XM_0382663441	rna-XM_0382663441	ENSXNUT00000008638
OG0002975	rna-XM_0382663531	rna-XM_0382663531	rna-XM_0382663531	rna-XM_0382663531	ENSXNUT00000006271
OG0002976	rna-XM_0382663911	rna-XM_0382663911	rna-XM_0382663911	rna-XM_0382663911	ENSXNUT00000011660
OG0002977	rna-XM_0382664341	rna-XM_0382664341	rna-XM_0382664341	rna-XM_0382664341	ENSXNUT00000014287
OG0002978	rna-XM_0382664381	rna-XM_0382664381	rna-XM_0382664381	rna-XM_0382664381	ENSXNUT00000012235
OG0002979	rna-XM_0382665021	rna-XM_0382665021	rna-XM_0382665021	rna-XM_0382665021	ENSXNUT00000017358
OG0002980	rna-XM_0382665051	rna-XM_0382665051	rna-XM_0382665051	rna-XM_0382665051	ENSXNUT00000016426
OG0002981	rna-XM_0382665611	rna-XM_0382665611	rna-XM_0382665611	rna-XM_0382665611	ENSXNUT00000012021
OG0002983	rna-XM_0382666431	rna-XM_0382666431	rna-XM_0382666431	rna-XM_0382666431	ENSXNUT00000013464
OG0002984	rna-XM_0382666471	rna-XM_0382666471	rna-XM_0382666471	rna-XM_0382666471	ENSXNUT00000017574
OG0002985	rna-XM_0382666601	rna-XM_0382666601	rna-XM_0382666601	rna-XM_0382666601	ENSXNUT00000014039
OG0002986	rna-XM_0382667391	rna-XM_0382667391	rna-XM_0382667391	rna-XM_0382667391	ENSXNUT00000015466
OG0002987	rna-XM_0382668141	rna-XM_0382668141	rna-XM_0382668141	rna-XM_0382668141	ENSXNUT00000013470
OG0002988	rna-XM_0382668431	rna-XM_0382668431	rna-XM_0382668431	rna-XM_0382668431	ENSXNUT00000015875
OG0002990	rna-XM_0382668671	rna-XM_0382668671	rna-XM_0382668671	rna-XM_0382668671	ENSXNUT00000016008
OG0002991	rna-XM_0382668711	rna-XM_0382668711	rna-XM_0382668711	rna-XM_0382668711	ENSXNUT00000016452
OG0002992	rna-XM_0382668861	rna-XM_0382668861	rna-XM_0382668861	rna-XM_0382668861	ENSXNUT00000018557
OG0002993	rna-XM_0382669161	rna-XM_0382669161	rna-XM_0382669161	rna-XM_0382669161	ENSXNUT00000015128
OG0002994	rna-XM_0382669321	rna-XM_0382669321	rna-XM_0382669321	rna-XM_0382669321	ENSXNUT00000018545
OG0002995	rna-XM_0382670321	rna-XM_0382670321	rna-XM_0382670321	rna-XM_0382670321	ENSXNUT00000013800
OG0002996	rna-XM_0382670391	rna-XM_0382670391	rna-XM_0382670391	rna-XM_0382670391	ENSXNUT00000018014
OG0002997	rna-XM_0382592631	rna-XM_0382592631	rna-XM_0382592631	rna-XM_0382592631	ENSXNUT00000010792
OG0002998	rna-XM_0382600581	rna-XM_0382600581	rna-XM_0382600581	rna-XM_0382600581	ENSXNUT00000008944
OG0002999	rna-XM_0382600661	rna-XM_0382600661	rna-XM_0382600661	rna-XM_0382600661	ENSXNUT00000014677
OG0003000	rna-XM_0018416472	rna-XM_0018416472	rna-XM_0018416472	rna-XM_0018416472	ENSXNUT00000008361
OG0003001	rna-XM_0382600801	rna-XM_0382600801	rna-XM_0382600801	rna-XM_0382600801	ENSXNUT00000006111
OG0003002	rna-XM_0018416392	rna-XM_0018416392	rna-XM_0018416392	rna-XM_0018416392	ENSXNUT00000012846
OG0003003	rna-XM_0382608201	rna-XM_0382608201	rna-XM_0382608201	rna-XM_0382608201	ENSXNUT00000010744
OG0003004	rna-XM_0382600541	rna-XM_0382600541	rna-XM_0382600541	rna-XM_0382600541	ENSXNUT00000007737
OG0003005	rna-XM_0018416432	rna-XM_0018416432	rna-XM_0018416432	rna-XM_0018416432	ENSXNUT00000012023
OG0003006	rna-XM_0382608281	rna-XM_0382608281	rna-XM_0382608281	rna-XM_0382608281	ENSXNUT00000010854
OG0003007	rna-XM_0382600501	rna-XM_0382600501	rna-XM_0382600501	rna-XM_0382600501	ENSXNUT00000007371
OG0003008	rna-XM_0382600771	rna-XM_0382600771	rna-XM_0382600771	rna-XM_0382600771	ENSXNUT00000014183
OG0003009	rna-XM_0382600561	rna-XM_0382600561	rna-XM_0382600561	rna-XM_0382600561	ENSXNUT00000015588
OG0003010	rna-XM_0018416372	rna-XM_0018416372	rna-XM_0018416372	rna-XM_0018416372	ENSXNUT00000016402
OG0003011	rna-XM_0382642411	rna-XM_0382642411	rna-XM_0382642431	rna-XM_0382642411	ENSXNUT00000011393
OG0003012	rna-XM_0018416492	rna-XM_0018416492	rna-XM_0018416492	rna-XM_0018416492	ENSXNUT00000006710
OG0003013	rna-XM_0382592561	rna-XM_0382592561	rna-XM_0382592561	rna-XM_0382592561	ENSXNUT00000013268
OG0003014	rna-XM_0382592551	rna-XM_0382592551	rna-XM_0382592551	rna-XM_0382592551	ENSXNUT00000014182
OG0003015	rna-XM_0382588501	rna-XM_0382588501	rna-XM_0382588501	rna-XM_0382588501	ENSXNUT00000007264
OG0003016	rna-XM_0382586371	rna-XM_0382586371	rna-XM_0382586371	rna-XM_0382586371	ENSXNUT00000007144
OG0003017	rna-XM_0382644961	rna-XM_0382644961	rna-XM_0382644961	rna-XM_0382644961	ENSXNUT00000015244
OG0003018	rna-XM_0382637161	rna-XM_0382637161	rna-XM_0382637161	rna-XM_0382637161	ENSXNUT00000014945
OG0003019	rna-XM_0018416912	rna-XM_0018416912	rna-XM_0018416912	rna-XM_0018416912	ENSXNUT00000011936
OG0003020	rna-XM_0382634501	rna-XM_0382634501	rna-XM_0382634501	rna-XM_0382634501	ENSXNUT00000010851
OG0003021	rna-XM_0382615921	rna-XM_0382615921	rna-XM_0382615921	rna-XM_0382615921	ENSXNUT00000015634
OG0003022	rna-XM_0018416982	rna-XM_0018416982	rna-XM_0018416982	rna-XM_0018416982	ENSXNUT00000011813
OG0003023	rna-XM_0018416992	rna-XM_0018416992	rna-XM_0018416992	rna-XM_0018416992	ENSXNUT00000008897
OG0003024	rna-XM_0018417012	rna-XM_0018417012	rna-XM_0018417012	rna-XM_0018417012	ENSXNUT00000012752
OG0003025	rna-XM_0018417022	rna-XM_0018417022	rna-XM_0018417022	rna-XM_0018417022	ENSXNUT00000010248
OG0003026	rna-XM_0018417062	rna-XM_0382619441	rna-XM_0018417062	rna-XM_0018417062	ENSXNUT00000009770
OG0003027	rna-XM_0018417072	rna-XM_0018417072	rna-XM_0018417072	rna-XM_0018417072	ENSXNUT00000011209
OG0003028	rna-XM_0382656361	rna-XM_0382656361	rna-XM_0382656361	rna-XM_0382656361	ENSXNUT00000007451
OG0003029	rna-XM_0018417132	rna-XM_0018417132	rna-XM_0018417132	rna-XM_0018417132	ENSXNUT00000008687
OG0003030	rna-XM_0018417142	rna-XM_0018417142	rna-XM_0018417142	rna-XM_0018417142	ENSXNUT00000007911
OG0003031	rna-XM_0018417152	rna-XM_0018417152	rna-XM_0018417152	rna-XM_0018417152	ENSXNUT00000006975
OG0003032	rna-XM_0382625551	rna-XM_0382625551	rna-XM_0382625551	rna-XM_0382625551	ENSXNUT00000010564
OG0003033	rna-XM_0382657481	rna-XM_0382657481	rna-XM_0382657481	rna-XM_0382657481	ENSXNUT00000011707
OG0003037	rna-XM_0382649541	rna-XM_0382649541	rna-XM_0382649541	rna-XM_0382649541	ENSXNUT00000012034
OG0003038	rna-XM_0382595041	rna-XM_0382595091	rna-XM_0382595091	rna-XM_0382595091	ENSXNUT00000007998
OG0003039	rna-XM_0382657061	rna-XM_0382657061	rna-XM_0382657061	rna-XM_0382657061	ENSXNUT00000008299
OG0003040	rna-XM_0382657021	rna-XM_0382657021	rna-XM_0382657021	rna-XM_0382657021	ENSXNUT00000010811
OG0003041	rna-XM_0018417682	rna-XM_0018417682	rna-XM_0018417682	rna-XM_0018417682	ENSXNUT00000010627
OG0003042	rna-XM_0382594661	rna-XM_0382594661	rna-XM_0382594661	rna-XM_0382594661	ENSXNUT00000005900
OG0003043	rna-XM_0018417722	rna-XM_0018417722	rna-XM_0018417722	rna-XM_0018417722	ENSXNUT00000006952
OG0003044	rna-XM_0382658811	rna-XM_0382658811	rna-XM_0382658811	rna-XM_0382658811	ENSXNUT00000010221
OG0003045	rna-XM_0018417772	rna-XM_0018417772	rna-XM_0018417772	rna-XM_0018417772	ENSXNUT00000008030
OG0003046	rna-XM_0018417782	rna-XM_0018417782	rna-XM_0018417782	rna-XM_0018417782	ENSXNUT00000011217
OG0003047	rna-XM_0018417802	rna-XM_0018417802	rna-XM_0018417802	rna-XM_0018417802	ENSXNUT00000013100
OG0003048	rna-XM_0382614421	rna-XM_0382614421	rna-XM_0382614441	rna-XM_0382614441	ENSXNUT00000010110
OG0003049	rna-XM_0018417842	rna-XM_0018417842	rna-XM_0018417842	rna-XM_0018417842	ENSXNUT00000010358
OG0003050	rna-XM_0018417862	rna-XM_0018417862	rna-XM_0018417862	rna-XM_0018417862	ENSXNUT00000006098
OG0003051	rna-XM_0018417872	rna-XM_0018417872	rna-XM_0018417872	rna-XM_0018417872	ENSXNUT00000010968
OG0003052	rna-XM_0382595621	rna-XM_0382595621	rna-XM_0382595621	rna-XM_0382595621	ENSXNUT00000009904
OG0003053	rna-XM_0382640641	rna-XM_0382640641	rna-XM_0382640641	rna-XM_0382640641	ENSXNUT00000006661
OG0003054	rna-XM_0382618631	rna-XM_0382618631	rna-XM_0382618631	rna-XM_0382618631	ENSXNUT00000008519
OG0003055	rna-XM_0018417962	rna-XM_0018417962	rna-XM_0018417962	rna-XM_0018417962	ENSXNUT00000009068
OG0003056	rna-XM_0018417982	rna-XM_0018417982	rna-XM_0018417982	rna-XM_0018417982	ENSXNUT00000015267
OG0003058	rna-XM_0382651551	rna-XM_0382651551	rna-XM_0382651551	rna-XM_0382651551	ENSXNUT00000013780
OG0003059	rna-XM_0382651531	rna-XM_0382651531	rna-XM_0382651531	rna-XM_0382651531	ENSXNUT00000011291
OG0003060	rna-XM_0382614491	rna-XM_0382614491	rna-XM_0382614491	rna-XM_0382614491	ENSXNUT00000010519
OG0003061	rna-XM_0382647401	rna-XM_0382647401	rna-XM_0382647401	rna-XM_0382647401	ENSXNUT00000010242
OG0003062	rna-XM_0018418082	rna-XM_0018418082	rna-XM_0018418082	rna-XM_0018418082	ENSXNUT00000011606
OG0003063	rna-XM_0382600211	rna-XM_0382600211	rna-XM_0382600211	rna-XM_0382600211	ENSXNUT00000010665
OG0003064	rna-XM_0018418132	rna-XM_0018418132	rna-XM_0018418132	rna-XM_0018418132	ENSXNUT00000008221
OG0003065	rna-XM_0018418162	rna-XM_0018418162	rna-XM_0018418162	rna-XM_0018418162	ENSXNUT00000006790
OG0003066	rna-XM_0018418172	rna-XM_0018418172	rna-XM_0018418172	rna-XM_0018418172	ENSXNUT00000014555
OG0003067	rna-XM_0018418212	rna-XM_0018418212	rna-XM_0018418212	rna-XM_0018418212	ENSXNUT00000011701
OG0003068	rna-XM_0382653201	rna-XM_0382653201	rna-XM_0382653201	rna-XM_0382653201	ENSXNUT00000010762
OG0003069	rna-XM_0018418292	rna-XM_0018418292	rna-XM_0018418292	rna-XM_0018418292	ENSXNUT00000008921
OG0003070	rna-XM_0382644831	rna-XM_0382644831	rna-XM_0382644831	rna-XM_0382644831	ENSXNUT00000011634
OG0003071	rna-XM_0382646841	rna-XM_0382646841	rna-XM_0382646841	rna-XM_0382646841	ENSXNUT00000014600
OG0003072	rna-XM_0018418382	rna-XM_0018418382	rna-XM_0018418382	rna-XM_0018418382	ENSXNUT00000009744
OG0003073	rna-XM_0018418462	rna-XM_0018418462	rna-XM_0018418462	rna-XM_0018418462	ENSXNUT00000007612
OG0003074	rna-XM_0382637901	rna-XM_0382637901	rna-XM_0382637901	rna-XM_0382637901	ENSXNUT00000008464
OG0003075	rna-XM_0382639331	rna-XM_0382639331	rna-XM_0382639331	rna-XM_0382639331	ENSXNUT00000007227
OG0003076	rna-XM_0382660841	rna-XM_0382660841	rna-XM_0382660841	rna-XM_0382660841	ENSXNUT00000016070
OG0003077	rna-XM_0382638741	rna-XM_0382638741	rna-XM_0382638741	rna-XM_0382638741	ENSXNUT00000009219
OG0003078	rna-XM_0382658541	rna-XM_0382658541	rna-XM_0382658541	rna-XM_0382658541	ENSXNUT00000007975
OG0003079	rna-XM_0382664621	rna-XM_0382664621	rna-XM_0382664621	rna-XM_0382664621	ENSXNUT00000010373
OG0003080	rna-XM_0382631181	rna-XM_0382631181	rna-XM_0382631181	rna-XM_0382631181	ENSXNUT00000005948
OG0003081	rna-XM_0382619981	rna-XM_0382619981	rna-XM_0382619981	rna-XM_0382619981	ENSXNUT00000014511
OG0003082	rna-XM_0018418752	rna-XM_0018418752	rna-XM_0018418752	rna-XM_0018418752	ENSXNUT00000006450
OG0003083	rna-XM_0382590191	rna-XM_0382590191	rna-XM_0382590301	rna-XM_0382590191	ENSXNUT00000009674
OG0003084	rna-XM_0018418812	rna-XM_0018418812	rna-XM_0018418812	rna-XM_0018418812	ENSXNUT00000014379
OG0003085	rna-XM_0382624631	rna-XM_0382624631	rna-XM_0382624631	rna-XM_0382624631	ENSXNUT00000006036
OG0003086	rna-XM_0382643311	rna-XM_0382643311	rna-XM_0382643311	rna-XM_0382643311	ENSXNUT00000012707
OG0003087	rna-XM_0382651391	rna-XM_0382651391	rna-XM_0382651391	rna-XM_0382651391	ENSXNUT00000009153
OG0003088	rna-XM_0018418922	rna-XM_0018418922	rna-XM_0018418922	rna-XM_0018418922	ENSXNUT00000015714
OG0003089	rna-XM_0382655011	rna-XM_0382655011	rna-XM_0382655051	rna-XM_0382655011	ENSXNUT00000007876
OG0003090	rna-XM_0018418962	rna-XM_0018418962	rna-XM_0018418962	rna-XM_0018418962	ENSXNUT00000016346
OG0003091	rna-XM_0382617241	rna-XM_0382617241	rna-XM_0382617301	rna-XM_0382617281	ENSXNUT00000016845
OG0003092	rna-XM_0382637961	rna-XM_0382637961	rna-XM_0382637961	rna-XM_0382637961	ENSXNUT00000007551
OG0003093	rna-XM_0018419002	rna-XM_0018419002	rna-XM_0018419002	rna-XM_0018419002	ENSXNUT00000015269
OG0003094	rna-XM_0018419022	rna-XM_0018419022	rna-XM_0018419022	rna-XM_0018419022	ENSXNUT00000015906
OG0003095	rna-XM_0018419032	rna-XM_0018419032	rna-XM_0018419032	rna-XM_0018419032	ENSXNUT00000010543
OG0003096	rna-XM_0382609071	rna-XM_0382609071	rna-XM_0382609071	rna-XM_0382609071	ENSXNUT00000006202
OG0003097	rna-XM_0382622241	rna-XM_0382622241	rna-XM_0382622241	rna-XM_0382622241	ENSXNUT00000009491
OG0003098	rna-XM_0382622231	rna-XM_0382622231	rna-XM_0382622231	rna-XM_0382622231	ENSXNUT00000011519
OG0003099	rna-XM_0018419082	rna-XM_0018419082	rna-XM_0018419082	rna-XM_0018419082	ENSXNUT00000009632
OG0003100	rna-XM_0382622211	rna-XM_0382622211	rna-XM_0382622211	rna-XM_0382622211	ENSXNUT00000008171
OG0003101	rna-XM_0382638161	rna-XM_0382638161	rna-XM_0382638161	rna-XM_0382638161	ENSXNUT00000015871
OG0003102	rna-XM_0018419122	rna-XM_0018419122	rna-XM_0018419122	rna-XM_0018419122	ENSXNUT00000005944
OG0003103	rna-XM_0018419132	rna-XM_0018419132	rna-XM_0018419132	rna-XM_0018419132	ENSXNUT00000013006
OG0003104	rna-XM_0018419142	rna-XM_0018419142	rna-XM_0018419142	rna-XM_0018419142	ENSXNUT00000013650
OG0003105	rna-XM_0018419152	rna-XM_0018419152	rna-XM_0018419152	rna-XM_0018419152	ENSXNUT00000008006
OG0003106	rna-XM_0018419162	rna-XM_0018419162	rna-XM_0018419162	rna-XM_0018419162	ENSXNUT00000007581
OG0003107	rna-XM_0018419222	rna-XM_0018419222	rna-XM_0018419222	rna-XM_0018419222	ENSXNUT00000014988
OG0003108	rna-XM_0382662051	rna-XM_0382662051	rna-XM_0382662051	rna-XM_0382662051	ENSXNUT00000008619
OG0003109	rna-XM_0382648611	rna-XM_0382648611	rna-XM_0382648611	rna-XM_0382648611	ENSXNUT00000011874
OG0003110	rna-XM_0018419332	rna-XM_0018419332	rna-XM_0018419332	rna-XM_0018419332	ENSXNUT00000011236
OG0003111	rna-XM_0018419382	rna-XM_0018419382	rna-XM_0018419382	rna-XM_0018419382	ENSXNUT00000015921
OG0003112	rna-XM_0382617551	rna-XM_0382617551	rna-XM_0382617551	rna-XM_0382617551	ENSXNUT00000011659
OG0003113	rna-XM_0382617591	rna-XM_0382617591	rna-XM_0382617591	rna-XM_0382617591	ENSXNUT00000006753
OG0003114	rna-XM_0382662671	rna-XM_0382662671	rna-XM_0382662671	rna-XM_0382662671	ENSXNUT00000007564
OG0003115	rna-XM_0382600991	rna-XM_0382600991	rna-XM_0382600991	rna-XM_0382600991	ENSXNUT00000006568
OG0003116	rna-XM_0018419472	rna-XM_0018419472	rna-XM_0018419472	rna-XM_0018419472	ENSXNUT00000006726
OG0003117	rna-XM_0382641201	rna-XM_0382641201	rna-XM_0382641201	rna-XM_0382641201	ENSXNUT00000016713
OG0003118	rna-XM_0382660991	rna-XM_0382660991	rna-XM_0382660991	rna-XM_0382660991	ENSXNUT00000005918
OG0003119	rna-XM_0382636091	rna-XM_0382636091	rna-XM_0382636091	rna-XM_0382636091	ENSXNUT00000011178
OG0003120	rna-XM_0018419542	rna-XM_0018419542	rna-XM_0018419542	rna-XM_0018419542	ENSXNUT00000014340
OG0003121	rna-XM_0018419552	rna-XM_0018419552	rna-XM_0018419552	rna-XM_0018419552	ENSXNUT00000008002
OG0003122	rna-XM_0382652621	rna-XM_0382652621	rna-XM_0382652621	rna-XM_0382652621	ENSXNUT00000016236
OG0003123	rna-XM_0382586481	rna-XM_0382586481	rna-XM_0382586481	rna-XM_0382586481	ENSXNUT00000012236
OG0003124	rna-XM_0018419672	rna-XM_0018419672	rna-XM_0018419672	rna-XM_0018419672	ENSXNUT00000003304
OG0003125	rna-XM_0382560201	rna-XM_0382560201	rna-XM_0382560201	rna-XM_0382560201	ENSXNUT00000002883
OG0003126	rna-XM_0382524631	rna-XM_0382524631	rna-XM_0382524631	rna-XM_0382524631	ENSXNUT00000003728
OG0003127	rna-XM_0018419752	rna-XM_0018419752	rna-XM_0018419752	rna-XM_0018419752	ENSXNUT00000000097
OG0003128	rna-XM_0382501911	rna-XM_0382501911	rna-XM_0382501911	rna-XM_0382501911	ENSXNUT00000002074
OG0003129	rna-XM_0018419782	rna-XM_0018419782	rna-XM_0018419782	rna-XM_0018419782	ENSXNUT00000003571
OG0003130	rna-XM_0382501901	rna-XM_0382501901	rna-XM_0382501901	rna-XM_0382501901	ENSXNUT00000009423
OG0003131	rna-XM_0382534461	rna-XM_0382534461	rna-XM_0382534461	rna-XM_0382534461	ENSXNUT00000002734
OG0003132	rna-XM_0382560231	rna-XM_0382560231	rna-XM_0382560231	rna-XM_0382560231	ENSXNUT00000001288
OG0003133	rna-XM_0018419882	rna-XM_0018419882	rna-XM_0018419882	rna-XM_0018419882	ENSXNUT00000003462
OG0003134	rna-XM_0018419892	rna-XM_0018419892	rna-XM_0018419892	rna-XM_0018419892	ENSXNUT00000003639
OG0003135	rna-XM_0018419902	rna-XM_0018419902	rna-XM_0018419902	rna-XM_0018419902	ENSXNUT00000009277
OG0003136	rna-XM_0382543221	rna-XM_0382543221	rna-XM_0382543221	rna-XM_0382543221	ENSXNUT00000005046
OG0003137	rna-XM_0018419922	rna-XM_0018419922	rna-XM_0018419922	rna-XM_0018419922	ENSXNUT00000004544
OG0003138	rna-XM_0382512411	rna-XM_0382512411	rna-XM_0382512411	rna-XM_0382512411	ENSXNUT00000005387
OG0003139	rna-XM_0018419952	rna-XM_0018419952	rna-XM_0018419952	rna-XM_0018419952	ENSXNUT00000004197
OG0003140	rna-XM_0382509901	rna-XM_0382509901	rna-XM_0382509901	rna-XM_0382509901	ENSXNUT00000001656
OG0003141	rna-XM_0382553441	rna-XM_0382553441	rna-XM_0382553441	rna-XM_0382553441	ENSXNUT00000004594
OG0003142	rna-XM_0382548211	rna-XM_0382548211	rna-XM_0382548211	rna-XM_0382548211	ENSXNUT00000002515
OG0003143	rna-XM_0018420292	rna-XM_0018420292	rna-XM_0018420292	rna-XM_0018420292	ENSXNUT00000000472
OG0003144	rna-XM_0018420322	rna-XM_0018420322	rna-XM_0018420322	rna-XM_0018420322	ENSXNUT00000010368
OG0003145	rna-XM_0018420342	rna-XM_0018420342	rna-XM_0018420342	rna-XM_0018420342	ENSXNUT00000010261
OG0003146	rna-XM_0382519281	rna-XM_0382519281	rna-XM_0382519281	rna-XM_0382519281	ENSXNUT00000003476
OG0003147	rna-XM_0382519311	rna-XM_0382519311	rna-XM_0382519311	rna-XM_0382519311	ENSXNUT00000000134
OG0003148	rna-XM_0018420372	rna-XM_0018420372	rna-XM_0018420372	rna-XM_0018420372	ENSXNUT00000002692
OG0003149	rna-XM_0382536691	rna-XM_0382536691	rna-XM_0382536691	rna-XM_0382536691	ENSXNUT00000008111
OG0003150	rna-XM_0018420642	rna-XM_0018420642	rna-XM_0018420642	rna-XM_0018420642	ENSXNUT00000008104
OG0003151	rna-XM_0018420692	rna-XM_0018420692	rna-XM_0018420692	rna-XM_0018420692	ENSXNUT00000006831
OG0003152	rna-XM_0018420702	rna-XM_0018420702	rna-XM_0018420702	rna-XM_0018420702	ENSXNUT00000009340
OG0003153	rna-XM_0382554921	rna-XM_0382554921	rna-XM_0382554921	rna-XM_0382554921	ENSXNUT00000002382
OG0003154	rna-XM_0018420802	rna-XM_0018420802	rna-XM_0018420802	rna-XM_0018420802	ENSXNUT00000001859
OG0003155	rna-XM_0382554971	rna-XM_0382554971	rna-XM_0382554971	rna-XM_0382554971	ENSXNUT00000006692
OG0003156	rna-XM_0018420852	rna-XM_0018420852	rna-XM_0018420852	rna-XM_0018420852	ENSXNUT00000001557
OG0003157	rna-XM_0018420872	rna-XM_0018420872	rna-XM_0018420872	rna-XM_0018420872	ENSXNUT00000000976
OG0003158	rna-XM_0018420882	rna-XM_0018420882	rna-XM_0018420882	rna-XM_0018420882	ENSXNUT00000009290
OG0003159	rna-XM_0382512071	rna-XM_0382512071	rna-XM_0382512071	rna-XM_0382512071	ENSXNUT00000003010
OG0003160	rna-XM_0382564351	rna-XM_0382564351	rna-XM_0382564351	rna-XM_0382564351	ENSXNUT00000004385
OG0003161	rna-XM_0382533271	rna-XM_0382533271	rna-XM_0382533271	rna-XM_0382533271	ENSXNUT00000005404
OG0003162	rna-XM_0382533251	rna-XM_0382533251	rna-XM_0382533251	rna-XM_0382533251	ENSXNUT00000003902
OG0003163	rna-XM_0382566291	rna-XM_0382566291	rna-XM_0382566291	rna-XM_0382566291	ENSXNUT00000003627
OG0003164	rna-XM_0382541471	rna-XM_0382541471	rna-XM_0382541471	rna-XM_0382541471	ENSXNUT00000005205
OG0003165	rna-XM_0018421022	rna-XM_0018421022	rna-XM_0018421022	rna-XM_0018421022	ENSXNUT00000005440
OG0003166	rna-XM_0382502471	rna-XM_0382502471	rna-XM_0382502471	rna-XM_0382502471	ENSXNUT00000005260
OG0003167	rna-XM_0382585061	rna-XM_0382585061	rna-XM_0382585061	rna-XM_0382585061	ENSXNUT00000008396
OG0003168	rna-XM_0018421072	rna-XM_0018421072	rna-XM_0018421072	rna-XM_0018421072	ENSXNUT00000000583
OG0003169	rna-XM_0018421102	rna-XM_0018421102	rna-XM_0018421102	rna-XM_0018421102	ENSXNUT00000005188
OG0003170	rna-XM_0382549931	rna-XM_0382549931	rna-XM_0382549931	rna-XM_0382549931	ENSXNUT00000000293
OG0003171	rna-XM_0018421132	rna-XM_0018421132	rna-XM_0018421132	rna-XM_0018421132	ENSXNUT00000004729
OG0003172	rna-XM_0382516051	rna-XM_0382516051	rna-XM_0382516051	rna-XM_0382516051	ENSXNUT00000005267
OG0003173	rna-XM_0382531731	rna-XM_0382531731	rna-XM_0382531731	rna-XM_0382531731	ENSXNUT00000002848
OG0003174	rna-XM_0018421212	rna-XM_0018421212	rna-XM_0018421212	rna-XM_0018421212	ENSXNUT00000003366
OG0003175	rna-XM_0018421222	rna-XM_0018421222	rna-XM_0018421222	rna-XM_0018421222	ENSXNUT00000001938
OG0003176	rna-XM_0382528131	rna-XM_0382528131	rna-XM_0382528131	rna-XM_0382528131	ENSXNUT00000003072
OG0003177	rna-XM_0382519001	rna-XM_0382519001	rna-XM_0382519001	rna-XM_0382519001	ENSXNUT00000007114
OG0003178	rna-XM_0018421272	rna-XM_0018421272	rna-XM_0018421272	rna-XM_0018421272	ENSXNUT00000002548
OG0003179	rna-XM_0018421292	rna-XM_0018421292	rna-XM_0018421292	rna-XM_0018421292	ENSXNUT00000000572
OG0003180	rna-XM_0382535901	rna-XM_0382535901	rna-XM_0382535901	rna-XM_0382535901	ENSXNUT00000009486
OG0003181	rna-XM_0382523411	rna-XM_0382523411	rna-XM_0382523411	rna-XM_0382523411	ENSXNUT00000000785
OG0003182	rna-XM_0382519481	rna-XM_0382519481	rna-XM_0382519481	rna-XM_0382519481	ENSXNUT00000000845
OG0003183	rna-XM_0018421562	rna-XM_0018421562	rna-XM_0018421562	rna-XM_0018421562	ENSXNUT00000003808
OG0003185	rna-XM_0382585131	rna-XM_0382585131	rna-XM_0382585131	rna-XM_0382585131	ENSXNUT00000000705
OG0003186	rna-XM_0018421742	rna-XM_0018421742	rna-XM_0018421742	rna-XM_0018421742	ENSXNUT00000014693
OG0003187	rna-XM_0382632571	rna-XM_0382632571	rna-XM_0382632571	rna-XM_0382632571	ENSXNUT00000015928
OG0003188	rna-XM_0018421952	rna-XM_0018421952	rna-XM_0018421952	rna-XM_0018421952	ENSXNUT00000018715
OG0003189	rna-XM_0018421972	rna-XM_0018421972	rna-XM_0018421972	rna-XM_0018421972	ENSXNUT00000015724
OG0003190	rna-XM_0018421982	rna-XM_0018421982	rna-XM_0018421982	rna-XM_0018421982	ENSXNUT00000012788
OG0003191	rna-XM_0382538041	rna-XM_0382538041	rna-XM_0382538041	rna-XM_0382538041	ENSXNUT00000000915
OG0003192	rna-XM_0382522941	rna-XM_0382522941	rna-XM_0382522941	rna-XM_0382522941	ENSXNUT00000003514
OG0003193	rna-XM_0382532041	rna-XM_0382532041	rna-XM_0382532041	rna-XM_0382532041	ENSXNUT00000003680
OG0003194	rna-XM_0018422052	rna-XM_0018422052	rna-XM_0018422052	rna-XM_0018422052	ENSXNUT00000005862
OG0003195	rna-XM_0018422062	rna-XM_0018422062	rna-XM_0018422062	rna-XM_0018422062	ENSXNUT00000003397
OG0003196	rna-XM_0382582281	rna-XM_0382582281	rna-XM_0382582281	rna-XM_0382582281	ENSXNUT00000004314
OG0003197	rna-XM_0382572441	rna-XM_0382572441	rna-XM_0382572441	rna-XM_0382572441	ENSXNUT00000000289
OG0003198	rna-XM_0018422122	rna-XM_0018422122	rna-XM_0018422122	rna-XM_0018422122	ENSXNUT00000003450
OG0003199	rna-XM_0382531041	rna-XM_0382531041	rna-XM_0382531041	rna-XM_0382531041	ENSXNUT00000002412
OG0003200	rna-XM_0382582201	rna-XM_0382582201	rna-XM_0382582201	rna-XM_0382582201	ENSXNUT00000001900
OG0003201	rna-XM_0018422282	rna-XM_0018422282	rna-XM_0018422282	rna-XM_0018422282	ENSXNUT00000007972
OG0003202	rna-XM_0382537721	rna-XM_0382537721	rna-XM_0382537721	rna-XM_0382537721	ENSXNUT00000005579
OG0003203	rna-XM_0382518121	rna-XM_0382518121	rna-XM_0382518121	rna-XM_0382518121	ENSXNUT00000009402
OG0003204	rna-XM_0382546591	rna-XM_0382546591	rna-XM_0382546591	rna-XM_0382546591	ENSXNUT00000003267
OG0003205	rna-XM_0382524761	rna-XM_0382524761	rna-XM_0382524761	rna-XM_0382524761	ENSXNUT00000001197
OG0003206	rna-XM_0382524751	rna-XM_0382524751	rna-XM_0382524751	rna-XM_0382524751	ENSXNUT00000005839
OG0003207	rna-XM_0018422442	rna-XM_0018422442	rna-XM_0018422442	rna-XM_0018422442	ENSXNUT00000004536
OG0003208	rna-XM_0382554301	rna-XM_0382554301	rna-XM_0382554301	rna-XM_0382554301	ENSXNUT00000002453
OG0003209	rna-XM_0018422472	rna-XM_0018422472	rna-XM_0018422472	rna-XM_0018422472	ENSXNUT00000000725
OG0003210	rna-XM_0018422482	rna-XM_0018422482	rna-XM_0018422482	rna-XM_0018422482	ENSXNUT00000003177
OG0003211	rna-XM_0382541241	rna-XM_0382541241	rna-XM_0382541241	rna-XM_0382541241	ENSXNUT00000000731
OG0003212	rna-XM_0018422502	rna-XM_0018422502	rna-XM_0018422502	rna-XM_0018422502	ENSXNUT00000005701
OG0003213	rna-XM_0382540631	rna-XM_0382540631	rna-XM_0382540631	rna-XM_0382540631	ENSXNUT00000004943
OG0003214	rna-XM_0382541091	rna-XM_0382541091	rna-XM_0382541041	rna-XM_0382541041	ENSXNUT00000003381
OG0003215	rna-XM_0382540891	rna-XM_0382540891	rna-XM_0382540891	rna-XM_0382540891	ENSXNUT00000003512
OG0003216	rna-XM_0382540621	rna-XM_0382540621	rna-XM_0382540621	rna-XM_0382540621	ENSXNUT00000005767
OG0003217	rna-XM_0382541231	rna-XM_0382541231	rna-XM_0382541231	rna-XM_0382541231	ENSXNUT00000002434
OG0003218	rna-XM_0382540941	rna-XM_0382540941	rna-XM_0382540941	rna-XM_0382540941	ENSXNUT00000011410
OG0003219	rna-XM_0018422602	rna-XM_0018422602	rna-XM_0018422602	rna-XM_0018422602	ENSXNUT00000005159
OG0003220	rna-XM_0382540911	rna-XM_0382540911	rna-XM_0382540911	rna-XM_0382540911	ENSXNUT00000001113
OG0003221	rna-XM_0018422692	rna-XM_0018422692	rna-XM_0018422692	rna-XM_0018422692	ENSXNUT00000012434
OG0003222	rna-XM_0018422702	rna-XM_0018422702	rna-XM_0018422702	rna-XM_0018422702	ENSXNUT00000016453
OG0003223	rna-XM_0018422712	rna-XM_0018422712	rna-XM_0018422712	rna-XM_0018422712	ENSXNUT00000013229
OG0003224	rna-XM_0382492351	rna-XM_0382492351	rna-XM_0382492351	rna-XM_0382492351	ENSXNUT00000017721
OG0003225	rna-XM_0382610651	rna-XM_0382610651	rna-XM_0382610651	rna-XM_0382610651	ENSXNUT00000014045
OG0003226	rna-XM_0018422902	rna-XM_0018422902	rna-XM_0018422902	rna-XM_0018422902	ENSXNUT00000018028
OG0003227	rna-XM_0382611031	rna-XM_0382611031	rna-XM_0382611031	rna-XM_0382611031	ENSXNUT00000012150
OG0003228	rna-XM_0018422952	rna-XM_0018422952	rna-XM_0018422952	rna-XM_0018422952	ENSXNUT00000011893
OG0003229	rna-XM_0018423062	rna-XM_0018423062	rna-XM_0018423062	rna-XM_0018423062	ENSXNUT00000018052
OG0003230	rna-XM_0018423122	rna-XM_0018423122	rna-XM_0018423122	rna-XM_0018423122	ENSXNUT00000016987
OG0003231	rna-XM_0382569921	rna-XM_0382569921	rna-XM_0382569921	rna-XM_0382570431	ENSXNUT00000013533
OG0003232	rna-XM_0382608981	rna-XM_0382608981	rna-XM_0382608981	rna-XM_0382608981	ENSXNUT00000017828
OG0003233	rna-XM_0382484211	rna-XM_0382484211	rna-XM_0382484211	rna-XM_0382484211	ENSXNUT00000016050
OG0003234	rna-XM_0382487811	rna-XM_0382487811	rna-XM_0382487811	rna-XM_0382487811	ENSXNUT00000014745
OG0003235	rna-XM_0018423462	rna-XM_0018423462	rna-XM_0018423462	rna-XM_0018423462	ENSXNUT00000014757
OG0003236	rna-XM_0018423482	rna-XM_0018423482	rna-XM_0018423482	rna-XM_0018423482	ENSXNUT00000012857
OG0003237	rna-XM_0382619231	rna-XM_0382619231	rna-XM_0382619231	rna-XM_0382619231	ENSXNUT00000016983
OG0003238	rna-XM_0382534681	rna-XM_0382534681	rna-XM_0382534681	rna-XM_0382534681	ENSXNUT00000015001
OG0003239	rna-XM_0018423522	rna-XM_0018423522	rna-XM_0018423522	rna-XM_0018423522	ENSXNUT00000018231
OG0003240	rna-XM_0382485031	rna-XM_0382485031	rna-XM_0382485031	rna-XM_0382485031	ENSXNUT00000012426
OG0003241	rna-XM_0018423542	rna-XM_0018423542	rna-XM_0018423542	rna-XM_0018423542	ENSXNUT00000013086
OG0003242	rna-XM_0018423552	rna-XM_0018423552	rna-XM_0018423552	rna-XM_0018423552	ENSXNUT00000018273
OG0003243	rna-XM_0382666151	rna-XM_0382666151	rna-XM_0382666191	rna-XM_0382666191	ENSXNUT00000018359
OG0003244	rna-XM_0382668831	rna-XM_0382668831	rna-XM_0382668831	rna-XM_0382668831	ENSXNUT00000017241
OG0003245	rna-XM_0382489231	rna-XM_0382489231	rna-XM_0382489231	rna-XM_0382489241	ENSXNUT00000012002
OG0003246	rna-XM_0018423762	rna-XM_0018423762	rna-XM_0018423762	rna-XM_0018423762	ENSXNUT00000003248
OG0003247	rna-XM_0382539101	rna-XM_0382539101	rna-XM_0382539101	rna-XM_0382539101	ENSXNUT00000004409
OG0003248	rna-XM_0382550471	rna-XM_0382550471	rna-XM_0382550471	rna-XM_0382550471	ENSXNUT00000007574
OG0003249	rna-XM_0018423812	rna-XM_0018423812	rna-XM_0018423812	rna-XM_0018423812	ENSXNUT00000003867
OG0003250	rna-XM_0382556601	rna-XM_0382556601	rna-XM_0382556601	rna-XM_0382556601	ENSXNUT00000002021
OG0003251	rna-XM_0382531581	rna-XM_0382531581	rna-XM_0382531581	rna-XM_0382531581	ENSXNUT00000005481
OG0003252	rna-XM_0382556571	rna-XM_0382556571	rna-XM_0382556571	rna-XM_0382556571	ENSXNUT00000009474
OG0003253	rna-XM_0382560071	rna-XM_0382560071	rna-XM_0382560071	rna-XM_0382560071	ENSXNUT00000002533
OG0003254	rna-XM_0018424062	rna-XM_0018424062	rna-XM_0018424062	rna-XM_0018424062	ENSXNUT00000005025
OG0003255	rna-XM_0382577061	rna-XM_0382577061	rna-XM_0382577061	rna-XM_0382577061	ENSXNUT00000000446
OG0003256	rna-XM_0382536131	rna-XM_0382536141	rna-XM_0382536131	rna-XM_0382536131	ENSXNUT00000000686
OG0003257	rna-XM_0382547471	rna-XM_0382547471	rna-XM_0382547471	rna-XM_0382547471	ENSXNUT00000000164
OG0003258	rna-XM_0382583031	rna-XM_0382583031	rna-XM_0382583031	rna-XM_0382583031	ENSXNUT00000001258
OG0003259	rna-XM_0382569431	rna-XM_0382569431	rna-XM_0382569431	rna-XM_0382569431	ENSXNUT00000002360
OG0003260	rna-XM_0018424222	rna-XM_0018424222	rna-XM_0018424222	rna-XM_0018424222	ENSXNUT00000010530
OG0003261	rna-XM_0382514081	rna-XM_0382514081	rna-XM_0382514081	rna-XM_0382514081	ENSXNUT00000003250
OG0003262	rna-XM_0018424322	rna-XM_0018424322	rna-XM_0018424322	rna-XM_0018424322	ENSXNUT00000002935
OG0003263	rna-XM_0382511221	rna-XM_0382511221	rna-XM_0382511221	rna-XM_0382511221	ENSXNUT00000001772
OG0003264	rna-XM_0382576851	rna-XM_0382576851	rna-XM_0382576851	rna-XM_0382576851	ENSXNUT00000001721
OG0003265	rna-XM_0018424402	rna-XM_0018424402	rna-XM_0018424402	rna-XM_0018424402	ENSXNUT00000000711
OG0003266	rna-XM_0382543491	rna-XM_0382543491	rna-XM_0382543491	rna-XM_0382543491	ENSXNUT00000003039
OG0003267	rna-XM_0382543481	rna-XM_0382543481	rna-XM_0382543481	rna-XM_0382543481	ENSXNUT00000002432
OG0003268	rna-XM_0018424432	rna-XM_0018424432	rna-XM_0018424432	rna-XM_0018424432	ENSXNUT00000003101
OG0003269	rna-XM_0018424482	rna-XM_0018424482	rna-XM_0018424482	rna-XM_0018424482	ENSXNUT00000004502
OG0003270	rna-XM_0382536991	rna-XM_0382536991	rna-XM_0382536991	rna-XM_0382536991	ENSXNUT00000005362
OG0003271	rna-XM_0018424512	rna-XM_0018424512	rna-XM_0018424512	rna-XM_0018424512	ENSXNUT00000000585
OG0003272	rna-XM_0018424552	rna-XM_0018424552	rna-XM_0018424552	rna-XM_0018424552	ENSXNUT00000000271
OG0003273	rna-XM_0382569291	rna-XM_0382569291	rna-XM_0382569291	rna-XM_0382569291	ENSXNUT00000001388
OG0003274	rna-XM_0382570291	rna-XM_0382570291	rna-XM_0382570291	rna-XM_0382570291	ENSXNUT00000002862
OG0003275	rna-XM_0018424612	rna-XM_0018424612	rna-XM_0018424612	rna-XM_0018424612	ENSXNUT00000001507
OG0003276	rna-XM_0382553831	rna-XM_0382553831	rna-XM_0382553831	rna-XM_0382553831	ENSXNUT00000000580
OG0003277	rna-XM_0018424652	rna-XM_0018424652	rna-XM_0018424652	rna-XM_0018424652	ENSXNUT00000001126
OG0003278	rna-XM_0382525511	rna-XM_0382525511	rna-XM_0382525511	rna-XM_0382525511	ENSXNUT00000004556
OG0003279	rna-XM_0018424672	rna-XM_0018424672	rna-XM_0018424672	rna-XM_0018424672	ENSXNUT00000002519
OG0003280	rna-XM_0018424682	rna-XM_0018424682	rna-XM_0018424682	rna-XM_0018424682	ENSXNUT00000001666
OG0003281	rna-XM_0382562981	rna-XM_0382562981	rna-XM_0382562981	rna-XM_0382562981	ENSXNUT00000003647
OG0003282	rna-XM_0382555611	rna-XM_0382555611	rna-XM_0382555611	rna-XM_0382555611	ENSXNUT00000000865
OG0003283	rna-XM_0382555601	rna-XM_0382555601	rna-XM_0382555601	rna-XM_0382555601	ENSXNUT00000002419
OG0003284	rna-XM_0018424822	rna-XM_0018424822	rna-XM_0018424822	rna-XM_0018424822	ENSXNUT00000003121
OG0003285	rna-XM_0382575841	rna-XM_0382575841	rna-XM_0382575841	rna-XM_0382575841	ENSXNUT00000001758
OG0003286	rna-XM_0382548311	rna-XM_0382548311	rna-XM_0382548311	rna-XM_0382548311	ENSXNUT00000001421
OG0003287	rna-XM_0018424892	rna-XM_0018424892	rna-XM_0018424892	rna-XM_0018424892	ENSXNUT00000003272
OG0003288	rna-XM_0382530031	rna-XM_0382530031	rna-XM_0382530031	rna-XM_0382530031	ENSXNUT00000002500
OG0003289	rna-XM_0018424922	rna-XM_0018424922	rna-XM_0018424922	rna-XM_0018424922	ENSXNUT00000001298
OG0003290	rna-XM_0382578391	rna-XM_0382578391	rna-XM_0382578391	rna-XM_0382578391	ENSXNUT00000002062
OG0003291	rna-XM_0382551841	rna-XM_0382551841	rna-XM_0382551841	rna-XM_0382551841	ENSXNUT00000000020
OG0003292	rna-XM_0382551851	rna-XM_0382551851	rna-XM_0382551851	rna-XM_0382551851	ENSXNUT00000004949
OG0003293	rna-XM_0382570871	rna-XM_0382570871	rna-XM_0382570871	rna-XM_0382570871	ENSXNUT00000002963
OG0003294	rna-XM_0382507891	rna-XM_0382507891	rna-XM_0382507891	rna-XM_0382507891	ENSXNUT00000003664
OG0003295	rna-XM_0382569671	rna-XM_0382569671	rna-XM_0382569671	rna-XM_0382569671	ENSXNUT00000002552
OG0003296	rna-XM_0382565581	rna-XM_0382565581	rna-XM_0382565581	rna-XM_0382565581	ENSXNUT00000001662
OG0003297	rna-XM_0018425112	rna-XM_0018425112	rna-XM_0018425112	rna-XM_0018425112	ENSXNUT00000006444
OG0003298	rna-XM_0382533481	rna-XM_0382533481	rna-XM_0382533481	rna-XM_0382533481	ENSXNUT00000005153
OG0003299	rna-XM_0018425132	rna-XM_0018425132	rna-XM_0018425132	rna-XM_0018425132	ENSXNUT00000009159
OG0003300	rna-XM_0382579101	rna-XM_0382579101	rna-XM_0382579101	rna-XM_0382579101	ENSXNUT00000005988
OG0003301	rna-XM_0382533891	rna-XM_0382533891	rna-XM_0382533891	rna-XM_0382533891	ENSXNUT00000004624
OG0003302	rna-XM_0018425212	rna-XM_0018425212	rna-XM_0018425212	rna-XM_0018425212	ENSXNUT00000003503
OG0003303	rna-XM_0382510071	rna-XM_0382510071	rna-XM_0382510071	rna-XM_0382510071	ENSXNUT00000005068
OG0003304	rna-XM_0018425242	rna-XM_0018425242	rna-XM_0018425242	rna-XM_0018425242	ENSXNUT00000004143
OG0003305	rna-XM_0018425252	rna-XM_0018425252	rna-XM_0018425252	rna-XM_0018425252	ENSXNUT00000004515
OG0003306	rna-XM_0382558751	rna-XM_0382558751	rna-XM_0382558751	rna-XM_0382558751	ENSXNUT00000003583
OG0003307	rna-XM_0382558771	rna-XM_0382558801	rna-XM_0382558821	rna-XM_0382558801	ENSXNUT00000002241
OG0003308	rna-XM_0382558841	rna-XM_0382558841	rna-XM_0382558841	rna-XM_0382558841	ENSXNUT00000001411
OG0003309	rna-XM_0018425302	rna-XM_0018425302	rna-XM_0018425302	rna-XM_0018425302	ENSXNUT00000001837
OG0003310	rna-XM_0382558641	rna-XM_0382558641	rna-XM_0382558641	rna-XM_0382558641	ENSXNUT00000003551
OG0003311	rna-XM_0018425342	rna-XM_0018425342	rna-XM_0018425342	rna-XM_0018425342	ENSXNUT00000003305
OG0003312	rna-XM_0018425352	rna-XM_0018425352	rna-XM_0018425352	rna-XM_0018425352	ENSXNUT00000006383
OG0003313	rna-XM_0382528581	rna-XM_0382528581	rna-XM_0382528581	rna-XM_0382528581	ENSXNUT00000003662
OG0003314	rna-XM_0018425492	rna-XM_0018425492	rna-XM_0018425492	rna-XM_0018425492	ENSXNUT00000004214
OG0003315	rna-XM_0018425052	rna-XM_0018425052	rna-XM_0018425052	rna-XM_0018425052	ENSXNUT00000000290
OG0003316	rna-XM_0382587051	rna-XM_0382587051	rna-XM_0382587051	rna-XM_0382587051	ENSXNUT00000009531
OG0003317	rna-XM_0018425562	rna-XM_0018425562	rna-XM_0018425562	rna-XM_0018425562	ENSXNUT00000014214
OG0003318	rna-XM_0382556661	rna-XM_0382556661	rna-XM_0382556661	rna-XM_0382556661	ENSXNUT00000000937
OG0003319	rna-XM_0382551351	rna-XM_0382551351	rna-XM_0382551351	rna-XM_0382551351	ENSXNUT00000001511
OG0003320	rna-XM_0382533731	rna-XM_0382533731	rna-XM_0382533731	rna-XM_0382533731	ENSXNUT00000007595
OG0003321	rna-XM_0382533741	rna-XM_0382533741	rna-XM_0382533741	rna-XM_0382533741	ENSXNUT00000005737
OG0003322	rna-XM_0382516071	rna-XM_0382516071	rna-XM_0382516071	rna-XM_0382516071	ENSXNUT00000002913
OG0003323	rna-XM_0018425682	rna-XM_0018425682	rna-XM_0018425682	rna-XM_0018425682	ENSXNUT00000007386
OG0003324	rna-XM_0382518641	rna-XM_0382518641	rna-XM_0382518641	rna-XM_0382518641	ENSXNUT00000008374
OG0003325	rna-XM_0018425712	rna-XM_0018425712	rna-XM_0018425712	rna-XM_0018425712	ENSXNUT00000004436
OG0003326	rna-XM_0382552651	rna-XM_0382552651	rna-XM_0382552651	rna-XM_0382552651	ENSXNUT00000005083
OG0003327	rna-XM_0018425732	rna-XM_0018425732	rna-XM_0018425732	rna-XM_0018425732	ENSXNUT00000000637
OG0003328	rna-XM_0382547331	rna-XM_0382547331	rna-XM_0382547331	rna-XM_0382547331	ENSXNUT00000000704
OG0003329	rna-XM_0382528101	rna-XM_0382528101	rna-XM_0382528101	rna-XM_0382528101	ENSXNUT00000001822
OG0003330	rna-XM_0382519651	rna-XM_0382519651	rna-XM_0382519651	rna-XM_0382519651	ENSXNUT00000010533
OG0003331	rna-XM_0018425832	rna-XM_0018425832	rna-XM_0018425832	rna-XM_0018425832	ENSXNUT00000003869
OG0003332	rna-XM_0018425842	rna-XM_0018425842	rna-XM_0018425842	rna-XM_0018425842	ENSXNUT00000005932
OG0003333	rna-XM_0018425852	rna-XM_0018425852	rna-XM_0018425852	rna-XM_0018425852	ENSXNUT00000005510
OG0003334	rna-XM_0018425902	rna-XM_0018425902	rna-XM_0018425902	rna-XM_0018425902	ENSXNUT00000004963
OG0003335	rna-XM_0382562161	rna-XM_0382562161	rna-XM_0382562161	rna-XM_0382562161	ENSXNUT00000009968
OG0003336	rna-XM_0382561881	rna-XM_0382561881	rna-XM_0382561881	rna-XM_0382561881	ENSXNUT00000003828
OG0003337	rna-XM_0018425972	rna-XM_0018425972	rna-XM_0018425972	rna-XM_0018425972	ENSXNUT00000002997
OG0003338	rna-XM_0382535881	rna-XM_0382535881	rna-XM_0382535881	rna-XM_0382535881	ENSXNUT00000001383
OG0003339	rna-XM_0382543601	rna-XM_0382543601	rna-XM_0382543611	rna-XM_0382543601	ENSXNUT00000003972
OG0003340	rna-XM_0382558111	rna-XM_0382558111	rna-XM_0382558111	rna-XM_0382558111	ENSXNUT00000005157
OG0003341	rna-XM_0382558101	rna-XM_0382558101	rna-XM_0382558101	rna-XM_0382558101	ENSXNUT00000000532
OG0003342	rna-XM_0382575351	rna-XM_0382575351	rna-XM_0382575351	rna-XM_0382575351	ENSXNUT00000008514
OG0003343	rna-XM_0018426182	rna-XM_0018426182	rna-XM_0018426182	rna-XM_0018426182	ENSXNUT00000003254
OG0003344	rna-XM_0382493261	rna-XM_0382493261	rna-XM_0382493261	rna-XM_0382493261	ENSXNUT00000017530
OG0003345	rna-XM_0382599661	rna-XM_0382599661	rna-XM_0382599661	rna-XM_0382599661	ENSXNUT00000013192
OG0003346	rna-XM_0018426252	rna-XM_0018426252	rna-XM_0018426252	rna-XM_0018426252	ENSXNUT00000018436
OG0003347	rna-XM_0382670231	rna-XM_0382670231	rna-XM_0382670231	rna-XM_0382670231	ENSXNUT00000013021
OG0003348	rna-XM_0382670161	rna-XM_0382670161	rna-XM_0382670161	rna-XM_0382670161	ENSXNUT00000016836
OG0003349	rna-XM_0018426482	rna-XM_0018426482	rna-XM_0018426482	rna-XM_0018426482	ENSXNUT00000014354
OG0003350	rna-XM_0018426492	rna-XM_0018426492	rna-XM_0018426492	rna-XM_0018426492	ENSXNUT00000013773
OG0003351	rna-XM_0382487121	rna-XM_0382487121	rna-XM_0382487121	rna-XM_0382487121	ENSXNUT00000018018
OG0003352	rna-XM_0018426552	rna-XM_0018426552	rna-XM_0018426552	rna-XM_0018426552	ENSXNUT00000015331
OG0003353	rna-XM_0382668801	rna-XM_0382668801	rna-XM_0382668801	rna-XM_0382668801	ENSXNUT00000014920
OG0003354	rna-XM_0018426572	rna-XM_0018426572	rna-XM_0018426572	rna-XM_0018426572	ENSXNUT00000012941
OG0003355	rna-XM_0018426602	rna-XM_0018426602	rna-XM_0018426602	rna-XM_0018426602	ENSXNUT00000015701
OG0003356	rna-XM_0382493601	rna-XM_0382493601	rna-XM_0382493601	rna-XM_0382493601	ENSXNUT00000018927
OG0003357	rna-XM_0382493641	rna-XM_0382493641	rna-XM_0382493641	rna-XM_0382493641	ENSXNUT00000016589
OG0003358	rna-XM_0018426692	rna-XM_0018426692	rna-XM_0018426692	rna-XM_0018426692	ENSXNUT00000015958
OG0003359	rna-XM_0382493661	rna-XM_0382493661	rna-XM_0382493661	rna-XM_0382493661	ENSXNUT00000018837
OG0003360	rna-XM_0018426712	rna-XM_0018426712	rna-XM_0018426712	rna-XM_0018426712	ENSXNUT00000018333
OG0003361	rna-XM_0018426732	rna-XM_0018426732	rna-XM_0018426732	rna-XM_0018426732	ENSXNUT00000016687
OG0003362	rna-XM_0018426742	rna-XM_0018426742	rna-XM_0018426742	rna-XM_0018426742	ENSXNUT00000016969
OG0003363	rna-XM_0018426802	rna-XM_0018426802	rna-XM_0018426802	rna-XM_0018426802	ENSXNUT00000012991
OG0003364	rna-XM_0018426812	rna-XM_0018426812	rna-XM_0018426812	rna-XM_0018426812	ENSXNUT00000012802
OG0003365	rna-XM_0018426822	rna-XM_0018426822	rna-XM_0018426822	rna-XM_0018426822	ENSXNUT00000015293
OG0003366	rna-XM_0018426842	rna-XM_0018426842	rna-XM_0018426842	rna-XM_0018426842	ENSXNUT00000015919
OG0003367	rna-XM_0382597341	rna-XM_0382597341	rna-XM_0382597341	rna-XM_0382597341	ENSXNUT00000018065
OG0003368	rna-XM_0382597531	rna-XM_0382597531	rna-XM_0382597531	rna-XM_0382597531	ENSXNUT00000016369
OG0003369	rna-XM_0018426892	rna-XM_0018426892	rna-XM_0018426892	rna-XM_0018426892	ENSXNUT00000015122
OG0003370	rna-XM_0382488301	rna-XM_0382488301	rna-XM_0382488301	rna-XM_0382488301	ENSXNUT00000018389
OG0003371	rna-XM_0382488421	rna-XM_0382488421	rna-XM_0382488421	rna-XM_0382488421	ENSXNUT00000015350
OG0003372	rna-XM_0382500581	rna-XM_0382500581	rna-XM_0382500581	rna-XM_0382500581	ENSXNUT00000018268
OG0003373	rna-XM_0018426972	rna-XM_0018426972	rna-XM_0018426972	rna-XM_0382500571	ENSXNUT00000012474
OG0003374	rna-XM_0018426982	rna-XM_0018426982	rna-XM_0018426982	rna-XM_0018426982	ENSXNUT00000012328
OG0003375	rna-XM_0382488631	rna-XM_0382488631	rna-XM_0382488631	rna-XM_0382488631	ENSXNUT00000017755
OG0003376	rna-XM_0018427052	rna-XM_0018427052	rna-XM_0018427052	rna-XM_0018427052	ENSXNUT00000018280
OG0003377	rna-XM_0382666051	rna-XM_0382666051	rna-XM_0382666051	rna-XM_0382666051	ENSXNUT00000017201
OG0003378	rna-XM_0382510921	rna-XM_0382510921	rna-XM_0382510921	rna-XM_0382510921	ENSXNUT00000008013
OG0003379	rna-XM_0382566811	rna-XM_0382566811	rna-XM_0382566811	rna-XM_0382566811	ENSXNUT00000004551
OG0003380	rna-XM_0382570841	rna-XM_0382570841	rna-XM_0382570841	rna-XM_0382570841	ENSXNUT00000004145
OG0003381	rna-XM_0382536231	rna-XM_0382536231	rna-XM_0382536231	rna-XM_0382536231	ENSXNUT00000001657
OG0003382	rna-XM_0018427362	rna-XM_0018427362	rna-XM_0018427362	rna-XM_0018427362	ENSXNUT00000000167
OG0003383	rna-XM_0018427372	rna-XM_0018427372	rna-XM_0018427372	rna-XM_0018427372	ENSXNUT00000002259
OG0003384	rna-XM_0018427472	rna-XM_0018427472	rna-XM_0018427472	rna-XM_0018427472	ENSXNUT00000004466
OG0003385	rna-XM_0018427482	rna-XM_0018427482	rna-XM_0018427482	rna-XM_0018427482	ENSXNUT00000004592
OG0003386	rna-XM_0382578371	rna-XM_0382578371	rna-XM_0382578371	rna-XM_0382578371	ENSXNUT00000000380
OG0003387	rna-XM_0382545221	rna-XM_0382545221	rna-XM_0382545221	rna-XM_0382545221	ENSXNUT00000001068
OG0003388	rna-XM_0018427532	rna-XM_0018427532	rna-XM_0018427532	rna-XM_0018427532	ENSXNUT00000001077
OG0003389	rna-XM_0382571101	rna-XM_0382571101	rna-XM_0382571101	rna-XM_0382571101	ENSXNUT00000005277
OG0003390	rna-XM_0382559921	rna-XM_0382559921	rna-XM_0382559921	rna-XM_0382559921	ENSXNUT00000001382
OG0003391	rna-XM_0382514151	rna-XM_0382514151	rna-XM_0382514151	rna-XM_0382514151	ENSXNUT00000003915
OG0003392	rna-XM_0018427692	rna-XM_0018427692	rna-XM_0018427692	rna-XM_0018427692	ENSXNUT00000006237
OG0003393	rna-XM_0382549161	rna-XM_0382549161	rna-XM_0382549161	rna-XM_0382549161	ENSXNUT00000005583
OG0003394	rna-XM_0018427812	rna-XM_0018427812	rna-XM_0018427812	rna-XM_0018427812	ENSXNUT00000017063
OG0003395	rna-XM_0382667131	rna-XM_0382667131	rna-XM_0382667131	rna-XM_0382667131	ENSXNUT00000017074
OG0003396	rna-XM_0018427882	rna-XM_0018427882	rna-XM_0018427882	rna-XM_0018427882	ENSXNUT00000008460
OG0003397	rna-XM_0382637431	rna-XM_0382637431	rna-XM_0382637431	rna-XM_0382637431	ENSXNUT00000010486
OG0003398	rna-XM_0382634081	rna-XM_0382634081	rna-XM_0382634081	rna-XM_0382634081	ENSXNUT00000009762
OG0003399	rna-XM_0018427942	rna-XM_0018427942	rna-XM_0018427942	rna-XM_0018427942	ENSXNUT00000010500
OG0003400	rna-XM_0382629651	rna-XM_0382629651	rna-XM_0382629651	rna-XM_0382629661	ENSXNUT00000011037
OG0003401	rna-XM_0382616091	rna-XM_0382616091	rna-XM_0382616091	rna-XM_0382616091	ENSXNUT00000009648
OG0003402	rna-XM_0018427972	rna-XM_0018427972	rna-XM_0018427972	rna-XM_0018427972	ENSXNUT00000007963
OG0003403	rna-XM_0018427982	rna-XM_0018427982	rna-XM_0018427982	rna-XM_0018427982	ENSXNUT00000009522
OG0003404	rna-XM_0382636141	rna-XM_0382636141	rna-XM_0382636141	rna-XM_0382636141	ENSXNUT00000009390
OG0003405	rna-XM_0018428002	rna-XM_0018428002	rna-XM_0018428002	rna-XM_0018428002	ENSXNUT00000012885
OG0003406	rna-XM_0382656381	rna-XM_0382656381	rna-XM_0382656381	rna-XM_0382656381	ENSXNUT00000013197
OG0003407	rna-XM_0382616601	rna-XM_0382616601	rna-XM_0382616601	rna-XM_0382616601	ENSXNUT00000015959
OG0003408	rna-XM_0018428082	rna-XM_0018428082	rna-XM_0018428082	rna-XM_0018428082	ENSXNUT00000007341
OG0003409	rna-XM_0018428112	rna-XM_0018428112	rna-XM_0018428112	rna-XM_0018428112	ENSXNUT00000007157
OG0003410	rna-XM_0382654231	rna-XM_0382654231	rna-XM_0382654231	rna-XM_0382654231	ENSXNUT00000010932
OG0003411	rna-XM_0382654221	rna-XM_0382654221	rna-XM_0382654221	rna-XM_0382654221	ENSXNUT00000009348
OG0003412	rna-XM_0382663941	rna-XM_0382663941	rna-XM_0382663941	rna-XM_0382663941	ENSXNUT00000011350
OG0003413	rna-XM_0382629361	rna-XM_0382629361	rna-XM_0382629361	rna-XM_0382629361	ENSXNUT00000011958
OG0003414	rna-XM_0382597771	rna-XM_0382597771	rna-XM_0382597771	rna-XM_0382597771	ENSXNUT00000007958
OG0003415	rna-XM_0018428222	rna-XM_0018428222	rna-XM_0018428222	rna-XM_0018428222	ENSXNUT00000011088
OG0003416	rna-XM_0382634601	rna-XM_0382634621	rna-XM_0382634621	rna-XM_0382634621	ENSXNUT00000007908
OG0003417	rna-XM_0018428272	rna-XM_0018428272	rna-XM_0018428272	rna-XM_0018428272	ENSXNUT00000009194
OG0003418	rna-XM_0018428312	rna-XM_0018428312	rna-XM_0018428312	rna-XM_0018428312	ENSXNUT00000011898
OG0003419	rna-XM_0382657421	rna-XM_0382657421	rna-XM_0382657421	rna-XM_0382657421	ENSXNUT00000012588
OG0003420	rna-XM_0018428372	rna-XM_0018428372	rna-XM_0018428372	rna-XM_0018428372	ENSXNUT00000006317
OG0003421	rna-XM_0382650931	rna-XM_0382650931	rna-XM_0382650931	rna-XM_0382650931	ENSXNUT00000010178
OG0003422	rna-XM_0382650981	rna-XM_0382650981	rna-XM_0382650981	rna-XM_0382651001	ENSXNUT00000007527
OG0003423	rna-XM_0018428442	rna-XM_0018428442	rna-XM_0018428442	rna-XM_0018428442	ENSXNUT00000016612
OG0003424	rna-XM_0382637281	rna-XM_0382637281	rna-XM_0382637281	rna-XM_0382637281	ENSXNUT00000009647
OG0003425	rna-XM_0018428462	rna-XM_0018428462	rna-XM_0018428462	rna-XM_0018428462	ENSXNUT00000011726
OG0003426	rna-XM_0382566981	rna-XM_0382566981	rna-XM_0382566981	rna-XM_0382566981	ENSXNUT00000005771
OG0003427	rna-XM_0382564161	rna-XM_0382564161	rna-XM_0382564161	rna-XM_0382564161	ENSXNUT00000001018
OG0003428	rna-XM_0018428522	rna-XM_0018428522	rna-XM_0018428522	rna-XM_0018428522	ENSXNUT00000004708
OG0003429	rna-XM_0382564131	rna-XM_0382564131	rna-XM_0382564131	rna-XM_0382564131	ENSXNUT00000002824
OG0003430	rna-XM_0382583821	rna-XM_0382583821	rna-XM_0382583821	rna-XM_0382583821	ENSXNUT00000000195
OG0003431	rna-XM_0382583841	rna-XM_0382583841	rna-XM_0382583841	rna-XM_0382583841	ENSXNUT00000000060
OG0003432	rna-XM_0018428582	rna-XM_0018428582	rna-XM_0018428582	rna-XM_0018428582	ENSXNUT00000000203
OG0003433	rna-XM_0018428712	rna-XM_0018428712	rna-XM_0018428712	rna-XM_0018428712	ENSXNUT00000003387
OG0003434	rna-XM_0382550641	rna-XM_0382550641	rna-XM_0382550641	rna-XM_0382550641	ENSXNUT00000007945
OG0003435	rna-XM_0018428872	rna-XM_0018428872	rna-XM_0018428872	rna-XM_0018428872	ENSXNUT00000001082
OG0003436	rna-XM_0382579501	rna-XM_0382579501	rna-XM_0382579501	rna-XM_0382579501	ENSXNUT00000005034
OG0003437	rna-XM_0382579491	rna-XM_0382579491	rna-XM_0382579491	rna-XM_0382579491	ENSXNUT00000000992
OG0003438	rna-XM_0018428932	rna-XM_0018428932	rna-XM_0018428932	rna-XM_0018428932	ENSXNUT00000002754
OG0003439	rna-XM_0382518891	rna-XM_0382518911	rna-XM_0382518891	rna-XM_0382518891	ENSXNUT00000000897
OG0003440	rna-XM_0382540071	rna-XM_0382540071	rna-XM_0382540071	rna-XM_0382540071	ENSXNUT00000005070
OG0003441	rna-XM_0018428962	rna-XM_0018428962	rna-XM_0018428962	rna-XM_0018428962	ENSXNUT00000000996
OG0003442	rna-XM_0018428992	rna-XM_0018428992	rna-XM_0018428992	rna-XM_0018428992	ENSXNUT00000010900
OG0003443	rna-XM_0382540081	rna-XM_0382540081	rna-XM_0382540081	rna-XM_0382540081	ENSXNUT00000001376
OG0003444	rna-XM_0382544061	rna-XM_0382544061	rna-XM_0382544061	rna-XM_0382544061	ENSXNUT00000003916
OG0003446	rna-XM_0018429052	rna-XM_0018429052	rna-XM_0018429052	rna-XM_0018429052	ENSXNUT00000000213
OG0003447	rna-XM_0382517361	rna-XM_0382517361	rna-XM_0382517361	rna-XM_0382517361	ENSXNUT00000004966
OG0003448	rna-XM_0018429072	rna-XM_0018429072	rna-XM_0018429072	rna-XM_0018429072	ENSXNUT00000003885
OG0003449	rna-XM_0382553621	rna-XM_0382553621	rna-XM_0382553621	rna-XM_0382553621	ENSXNUT00000011090
OG0003450	rna-XM_0018429092	rna-XM_0018429092	rna-XM_0018429092	rna-XM_0018429092	ENSXNUT00000000720
OG0003451	rna-XM_0382517791	rna-XM_0382517791	rna-XM_0382517791	rna-XM_0382517791	ENSXNUT00000003569
OG0003452	rna-XM_0382524091	rna-XM_0382524091	rna-XM_0382524091	rna-XM_0382524091	ENSXNUT00000003110
OG0003453	rna-XM_0382523861	rna-XM_0382523911	rna-XM_0382523891	rna-XM_0382523911	ENSXNUT00000002487
OG0003454	rna-XM_0382520031	rna-XM_0382520031	rna-XM_0382520031	rna-XM_0382520031	ENSXNUT00000005317
OG0003455	rna-XM_0018429302	rna-XM_0018429302	rna-XM_0018429302	rna-XM_0018429302	ENSXNUT00000002459
OG0003456	rna-XM_0382545601	rna-XM_0382545601	rna-XM_0382545601	rna-XM_0382545601	ENSXNUT00000004968
OG0003457	rna-XM_0382516851	rna-XM_0382516851	rna-XM_0382516861	rna-XM_0382516851	ENSXNUT00000001327
OG0003458	rna-XM_0382534771	rna-XM_0382534771	rna-XM_0382534771	rna-XM_0382534771	ENSXNUT00000005576
OG0003459	rna-XM_0018429442	rna-XM_0018429442	rna-XM_0018429442	rna-XM_0018429442	ENSXNUT00000004122
OG0003460	rna-XM_0382570281	rna-XM_0382570281	rna-XM_0382570281	rna-XM_0382570281	ENSXNUT00000005704
OG0003461	rna-XM_0382567271	rna-XM_0382567271	rna-XM_0382567271	rna-XM_0382567271	ENSXNUT00000008177
OG0003462	rna-XM_0018429582	rna-XM_0018429582	rna-XM_0018429582	rna-XM_0018429582	ENSXNUT00000002701
OG0003463	rna-XM_0382581531	rna-XM_0382581531	rna-XM_0382581531	rna-XM_0382581541	ENSXNUT00000004237
OG0003464	rna-XM_0382544981	rna-XM_0382544981	rna-XM_0382544981	rna-XM_0382544981	ENSXNUT00000003423
OG0003465	rna-XM_0382564221	rna-XM_0382564221	rna-XM_0382564221	rna-XM_0382564221	ENSXNUT00000000344
OG0003466	rna-XM_0382519971	rna-XM_0382519971	rna-XM_0382519971	rna-XM_0382519971	ENSXNUT00000005394
OG0003467	rna-XM_0382543361	rna-XM_0382543361	rna-XM_0382543361	rna-XM_0382543361	ENSXNUT00000003734
OG0003468	rna-XM_0382528261	rna-XM_0382528261	rna-XM_0382528261	rna-XM_0382528261	ENSXNUT00000010818
OG0003469	rna-XM_0018429822	rna-XM_0018429822	rna-XM_0018429822	rna-XM_0018429822	ENSXNUT00000000436
OG0003470	rna-XM_0382531761	rna-XM_0382531761	rna-XM_0382531761	rna-XM_0382531761	ENSXNUT00000001127
OG0003471	rna-XM_0382553511	rna-XM_0382553511	rna-XM_0382553511	rna-XM_0382553511	ENSXNUT00000004652
OG0003472	rna-XM_0382553151	rna-XM_0382553151	rna-XM_0382553151	rna-XM_0382553151	ENSXNUT00000001206
OG0003473	rna-XM_0018429922	rna-XM_0018429922	rna-XM_0018429922	rna-XM_0018429922	ENSXNUT00000004593
OG0003474	rna-XM_0382560741	rna-XM_0382560741	rna-XM_0382560741	rna-XM_0382560741	ENSXNUT00000009343
OG0003475	rna-XM_0018429952	rna-XM_0018429952	rna-XM_0018429952	rna-XM_0018429952	ENSXNUT00000000633
OG0003476	rna-XM_0018429962	rna-XM_0018429962	rna-XM_0018429962	rna-XM_0018429962	ENSXNUT00000009115
OG0003477	rna-XM_0382560061	rna-XM_0382560061	rna-XM_0382560061	rna-XM_0382560061	ENSXNUT00000004707
OG0003478	rna-XM_0382514821	rna-XM_0382514821	rna-XM_0382514821	rna-XM_0382514821	ENSXNUT00000001389
OG0003479	rna-XM_0018430052	rna-XM_0018430052	rna-XM_0018430052	rna-XM_0018430052	ENSXNUT00000002268
OG0003480	rna-XM_0018430082	rna-XM_0018430082	rna-XM_0018430082	rna-XM_0018430082	ENSXNUT00000004657
OG0003481	rna-XM_0382564821	rna-XM_0382564821	rna-XM_0382564821	rna-XM_0382564821	ENSXNUT00000006714
OG0003482	rna-XM_0018430112	rna-XM_0018430112	rna-XM_0018430112	rna-XM_0018430112	ENSXNUT00000001678
OG0003483	rna-XM_0018430122	rna-XM_0018430122	rna-XM_0018430122	rna-XM_0018430122	ENSXNUT00000005024
OG0003484	rna-XM_0382578261	rna-XM_0382578261	rna-XM_0382578261	rna-XM_0382578261	ENSXNUT00000000500
OG0003485	rna-XM_0382578321	rna-XM_0382578321	rna-XM_0382578321	rna-XM_0382578321	ENSXNUT00000004609
OG0003486	rna-XM_0018430342	rna-XM_0018430342	rna-XM_0018430342	rna-XM_0018430342	ENSXNUT00000008715
OG0003487	rna-XM_0382553971	rna-XM_0382553971	rna-XM_0382553971	rna-XM_0382553971	ENSXNUT00000002176
OG0003488	rna-XM_0018430392	rna-XM_0018430392	rna-XM_0018430392	rna-XM_0018430392	ENSXNUT00000009652
OG0003489	rna-XM_0018430402	rna-XM_0018430402	rna-XM_0018430402	rna-XM_0018430402	ENSXNUT00000010705
OG0003490	rna-XM_0382602901	rna-XM_0382602901	rna-XM_0382602901	rna-XM_0382602901	ENSXNUT00000010895
OG0003491	rna-XM_0018430382	rna-XM_0018430382	rna-XM_0018430382	rna-XM_0018430382	ENSXNUT00000006793
OG0003492	rna-XM_0382603581	rna-XM_0382603621	rna-XM_0382603581	rna-XM_0382603621	ENSXNUT00000013609
OG0003493	rna-XM_0382652511	rna-XM_0382652511	rna-XM_0382652511	rna-XM_0382652511	ENSXNUT00000008904
OG0003494	rna-XM_0382626671	rna-XM_0382626671	rna-XM_0382626671	rna-XM_0382626671	ENSXNUT00000012996
OG0003495	rna-XM_0018430622	rna-XM_0018430622	rna-XM_0018430622	rna-XM_0018430622	ENSXNUT00000014841
OG0003496	rna-XM_0018430632	rna-XM_0018430632	rna-XM_0018430632	rna-XM_0018430632	ENSXNUT00000011501
OG0003497	rna-XM_0018430642	rna-XM_0018430642	rna-XM_0018430642	rna-XM_0018430642	ENSXNUT00000011806
OG0003498	rna-XM_0382630041	rna-XM_0382630041	rna-XM_0382630041	rna-XM_0382630041	ENSXNUT00000010376
OG0003499	rna-XM_0382644041	rna-XM_0382644041	rna-XM_0382644041	rna-XM_0382644041	ENSXNUT00000007627
OG0003500	rna-XM_0018430702	rna-XM_0018430702	rna-XM_0018430702	rna-XM_0018430702	ENSXNUT00000006775
OG0003501	rna-XM_0018430722	rna-XM_0018430722	rna-XM_0018430722	rna-XM_0018430722	ENSXNUT00000010887
OG0003502	rna-XM_0382641291	rna-XM_0382641291	rna-XM_0382641291	rna-XM_0382641291	ENSXNUT00000013442
OG0003503	rna-XM_0382632841	rna-XM_0382632841	rna-XM_0382632841	rna-XM_0382632841	ENSXNUT00000005910
OG0003504	rna-XM_0018430772	rna-XM_0018430772	rna-XM_0018430772	rna-XM_0018430772	ENSXNUT00000006484
OG0003505	rna-XM_0382654271	rna-XM_0382654271	rna-XM_0382654271	rna-XM_0382654271	ENSXNUT00000007537
OG0003506	rna-XM_0382662331	rna-XM_0382662331	rna-XM_0382662331	rna-XM_0382662331	ENSXNUT00000010362
OG0003507	rna-XM_0382597241	rna-XM_0382597241	rna-XM_0382597241	rna-XM_0382597241	ENSXNUT00000015838
OG0003508	rna-XM_0382489051	rna-XM_0382489051	rna-XM_0382489051	rna-XM_0382489051	ENSXNUT00000015470
OG0003509	rna-XM_0382670581	rna-XM_0382670581	rna-XM_0382670581	rna-XM_0382670581	ENSXNUT00000012343
OG0003510	rna-XM_0018430982	rna-XM_0018430982	rna-XM_0018430982	rna-XM_0018430982	ENSXNUT00000016789
OG0003511	rna-XM_0382487591	rna-XM_0382487591	rna-XM_0382487591	rna-XM_0382487591	ENSXNUT00000016007
OG0003512	rna-XM_0018431452	rna-XM_0018431452	rna-XM_0018431452	rna-XM_0018431452	ENSXNUT00000014807
OG0003513	rna-XM_0382616641	rna-XM_0382616641	rna-XM_0382616641	rna-XM_0382616641	ENSXNUT00000013733
OG0003514	rna-XM_0382616771	rna-XM_0382616771	rna-XM_0382616771	rna-XM_0382616771	ENSXNUT00000016119
OG0003515	rna-XM_0382493321	rna-XM_0382493321	rna-XM_0382493321	rna-XM_0382493321	ENSXNUT00000017459
OG0003516	rna-XM_0382493341	rna-XM_0382493341	rna-XM_0382493341	rna-XM_0382493341	ENSXNUT00000016297
OG0003517	rna-XM_0382493311	rna-XM_0382493311	rna-XM_0382493311	rna-XM_0382493311	ENSXNUT00000017602
OG0003518	rna-XM_0382545211	rna-XM_0382545211	rna-XM_0382545211	rna-XM_0382545211	ENSXNUT00000015507
OG0003519	rna-XM_0018431612	rna-XM_0018431612	rna-XM_0018431612	rna-XM_0018431612	ENSXNUT00000014859
OG0003520	rna-XM_0018431622	rna-XM_0018431622	rna-XM_0018431622	rna-XM_0018431622	ENSXNUT00000014553
OG0003521	rna-XM_0382668981	rna-XM_0382668981	rna-XM_0382668981	rna-XM_0382668981	ENSXNUT00000016971
OG0003522	rna-XM_0382670691	rna-XM_0382670691	rna-XM_0382670691	rna-XM_0382670691	ENSXNUT00000015233
OG0003523	rna-XM_0382482711	rna-XM_0382482711	rna-XM_0382482711	rna-XM_0382482711	ENSXNUT00000014088
OG0003524	rna-XM_0382489671	rna-XM_0382489671	rna-XM_0382489671	rna-XM_0382489671	ENSXNUT00000013215
OG0003525	rna-XM_0018431672	rna-XM_0018431672	rna-XM_0018431672	rna-XM_0018431672	ENSXNUT00000017014
OG0003526	rna-XM_0382482961	rna-XM_0382482961	rna-XM_0382482961	rna-XM_0382482961	ENSXNUT00000012847
OG0003527	rna-XM_0382487491	rna-XM_0382487491	rna-XM_0382487491	rna-XM_0382487491	ENSXNUT00000012715
OG0003528	rna-XM_0382487281	rna-XM_0382487281	rna-XM_0382487281	rna-XM_0382487281	ENSXNUT00000017255
OG0003529	rna-XM_0018431762	rna-XM_0018431762	rna-XM_0018431762	rna-XM_0018431762	ENSXNUT00000015108
OG0003530	rna-XM_0382548461	rna-XM_0382548461	rna-XM_0382548461	rna-XM_0382548461	ENSXNUT00000013841
OG0003531	rna-XM_0018431872	rna-XM_0018431872	rna-XM_0018431872	rna-XM_0018431872	ENSXNUT00000012371
OG0003532	rna-XM_0018431882	rna-XM_0018431882	rna-XM_0018431882	rna-XM_0018431882	ENSXNUT00000018874
OG0003533	rna-XM_0382491801	rna-XM_0382491801	rna-XM_0382491801	rna-XM_0382491801	ENSXNUT00000016457
OG0003534	rna-XM_0382482101	rna-XM_0382482101	rna-XM_0382482101	rna-XM_0382482101	ENSXNUT00000015990
OG0003535	rna-XM_0382552341	rna-XM_0382552341	rna-XM_0382552341	rna-XM_0382552341	ENSXNUT00000015142
OG0003536	rna-XM_0018431932	rna-XM_0018431932	rna-XM_0018431932	rna-XM_0018431932	ENSXNUT00000016534
OG0003537	rna-XM_0018431942	rna-XM_0018431942	rna-XM_0018431942	rna-XM_0018431942	ENSXNUT00000011973
OG0003538	rna-XM_0018431952	rna-XM_0018431952	rna-XM_0018431952	rna-XM_0018431952	ENSXNUT00000014137
OG0003539	rna-XM_0382498471	rna-XM_0382498471	rna-XM_0382498471	rna-XM_0382498471	ENSXNUT00000012787
OG0003540	rna-XM_0382498451	rna-XM_0382498451	rna-XM_0382498451	rna-XM_0382498451	ENSXNUT00000013707
OG0003541	rna-XM_0382498411	rna-XM_0382498411	rna-XM_0382498411	rna-XM_0382498411	ENSXNUT00000017598
OG0003542	rna-XM_0382498391	rna-XM_0382498391	rna-XM_0382498391	rna-XM_0382498391	ENSXNUT00000018421
OG0003543	rna-XM_0382497941	rna-XM_0382497941	rna-XM_0382497941	rna-XM_0382497941	ENSXNUT00000014826
OG0003544	rna-XM_0018432022	rna-XM_0018432022	rna-XM_0018432022	rna-XM_0018432022	ENSXNUT00000016573
OG0003545	rna-XM_0018432032	rna-XM_0018432032	rna-XM_0018432032	rna-XM_0018432032	ENSXNUT00000013393
OG0003546	rna-XM_0018432052	rna-XM_0018432052	rna-XM_0018432052	rna-XM_0018432052	ENSXNUT00000017414
OG0003547	rna-XM_0018432072	rna-XM_0018432072	rna-XM_0018432072	rna-XM_0018432072	ENSXNUT00000012401
OG0003548	rna-XM_0382600711	rna-XM_0382600711	rna-XM_0382600711	rna-XM_0382600711	ENSXNUT00000017299
OG0003549	rna-XM_0018432102	rna-XM_0018432102	rna-XM_0018432102	rna-XM_0018432102	ENSXNUT00000015499
OG0003550	rna-XM_0382551971	rna-XM_0382551971	rna-XM_0382551971	rna-XM_0382551971	ENSXNUT00000017822
OG0003551	rna-XM_0382603121	rna-XM_0382603121	rna-XM_0382603121	rna-XM_0382603121	ENSXNUT00000006393
OG0003552	rna-XM_0018432192	rna-XM_0018432192	rna-XM_0018432192	rna-XM_0018432192	ENSXNUT00000010030
OG0003553	rna-XM_0382641771	rna-XM_0382641771	rna-XM_0382641771	rna-XM_0382641771	ENSXNUT00000007723
OG0003554	rna-XM_0382638891	rna-XM_0382638891	rna-XM_0382638891	rna-XM_0382638891	ENSXNUT00000010291
OG0003555	rna-XM_0382601211	rna-XM_0382601211	rna-XM_0382601211	rna-XM_0382601211	ENSXNUT00000011382
OG0003556	rna-XM_0382601221	rna-XM_0382601231	rna-XM_0382601221	rna-XM_0382601231	ENSXNUT00000014346
OG0003557	rna-XM_0382626271	rna-XM_0382626271	rna-XM_0382626271	rna-XM_0382626271	ENSXNUT00000013467
OG0003558	rna-XM_0382661991	rna-XM_0382661991	rna-XM_0382661991	rna-XM_0382661991	ENSXNUT00000009401
OG0003559	rna-XM_0382638541	rna-XM_0382638541	rna-XM_0382638651	rna-XM_0382638541	ENSXNUT00000009501
OG0003560	rna-XM_0382639131	rna-XM_0382639131	rna-XM_0382639131	rna-XM_0382639131	ENSXNUT00000008974
OG0003561	rna-XM_0018432362	rna-XM_0018432362	rna-XM_0018432362	rna-XM_0018432362	ENSXNUT00000006702
OG0003562	rna-XM_0018432442	rna-XM_0018432442	rna-XM_0018432442	rna-XM_0018432442	ENSXNUT00000006426
OG0003563	rna-XM_0018432452	rna-XM_0018432452	rna-XM_0018432452	rna-XM_0018432452	ENSXNUT00000011329
OG0003564	rna-XM_0382636551	rna-XM_0382636551	rna-XM_0382636551	rna-XM_0382636551	ENSXNUT00000010439
OG0003565	rna-XM_0018432522	rna-XM_0018432522	rna-XM_0018432522	rna-XM_0018432522	ENSXNUT00000009838
OG0003566	rna-XM_0382652521	rna-XM_0382652521	rna-XM_0382652521	rna-XM_0382652521	ENSXNUT00000010440
OG0003567	rna-XM_0382652541	rna-XM_0382652541	rna-XM_0382652541	rna-XM_0382652541	ENSXNUT00000011257
OG0003568	rna-XM_0018432682	rna-XM_0018432682	rna-XM_0018432682	rna-XM_0018432682	ENSXNUT00000006411
OG0003569	rna-XM_0382611581	rna-XM_0382611581	rna-XM_0382611581	rna-XM_0382611581	ENSXNUT00000012377
OG0003570	rna-XM_0382616821	rna-XM_0382616821	rna-XM_0382616821	rna-XM_0382616821	ENSXNUT00000007608
OG0003571	rna-XM_0018432662	rna-XM_0018432662	rna-XM_0018432662	rna-XM_0018432662	ENSXNUT00000014323
OG0003572	rna-XM_0382635701	rna-XM_0382635701	rna-XM_0382635701	rna-XM_0382635701	ENSXNUT00000008186
OG0003573	rna-XM_0382630501	rna-XM_0382630501	rna-XM_0382630501	rna-XM_0382630501	ENSXNUT00000010292
OG0003574	rna-XM_0018432752	rna-XM_0018432752	rna-XM_0018432752	rna-XM_0018432752	ENSXNUT00000009298
OG0003575	rna-XM_0018432762	rna-XM_0018432762	rna-XM_0018432762	rna-XM_0018432762	ENSXNUT00000009398
OG0003576	rna-XM_0018432772	rna-XM_0018432772	rna-XM_0018432772	rna-XM_0018432772	ENSXNUT00000007824
OG0003577	rna-XM_0018432782	rna-XM_0018432782	rna-XM_0018432782	rna-XM_0018432782	ENSXNUT00000011518
OG0003578	rna-XM_0018432792	rna-XM_0018432792	rna-XM_0018432792	rna-XM_0018432792	ENSXNUT00000009806
OG0003579	rna-XM_0018432802	rna-XM_0018432802	rna-XM_0018432802	rna-XM_0018432802	ENSXNUT00000013838
OG0003580	rna-XM_0018432812	rna-XM_0018432812	rna-XM_0018432812	rna-XM_0018432812	ENSXNUT00000011935
OG0003581	rna-XM_0018432822	rna-XM_0018432822	rna-XM_0018432822	rna-XM_0018432822	ENSXNUT00000016104
OG0003582	rna-XM_0382593671	rna-XM_0382593671	rna-XM_0382593671	rna-XM_0382593671	ENSXNUT00000007834
OG0003583	rna-XM_0382614341	rna-XM_0382614341	rna-XM_0382614341	rna-XM_0382614341	ENSXNUT00000011686
OG0003584	rna-XM_0382593731	rna-XM_0382593731	rna-XM_0382593731	rna-XM_0382593731	ENSXNUT00000011772
OG0003585	rna-XM_0382637251	rna-XM_0382637251	rna-XM_0382637251	rna-XM_0382637251	ENSXNUT00000016498
OG0003586	rna-XM_0382605151	rna-XM_0382605151	rna-XM_0382605151	rna-XM_0382605151	ENSXNUT00000014878
OG0003587	rna-XM_0382630431	rna-XM_0382630431	rna-XM_0382630431	rna-XM_0382630431	ENSXNUT00000009023
OG0003588	rna-XM_0018432952	rna-XM_0018432952	rna-XM_0018432952	rna-XM_0018432952	ENSXNUT00000009158
OG0003589	rna-XM_0382625031	rna-XM_0382625031	rna-XM_0382625031	rna-XM_0382625031	ENSXNUT00000010732
OG0003590	rna-XM_0382626751	rna-XM_0382626751	rna-XM_0382626751	rna-XM_0382626751	ENSXNUT00000010717
OG0003591	rna-XM_0382638681	rna-XM_0382638681	rna-XM_0382638681	rna-XM_0382638681	ENSXNUT00000011474
OG0003592	rna-XM_0382638691	rna-XM_0382638691	rna-XM_0382638691	rna-XM_0382638691	ENSXNUT00000011871
OG0003593	rna-XM_0382655541	rna-XM_0382655541	rna-XM_0382655541	rna-XM_0382655541	ENSXNUT00000009135
OG0003594	rna-XM_0018433052	rna-XM_0018433052	rna-XM_0018433052	rna-XM_0018433052	ENSXNUT00000010557
OG0003595	rna-XM_0382644681	rna-XM_0382644681	rna-XM_0382644681	rna-XM_0382644681	ENSXNUT00000011109
OG0003596	rna-XM_0018433092	rna-XM_0018433092	rna-XM_0018433092	rna-XM_0018433092	ENSXNUT00000008932
OG0003597	rna-XM_0382593801	rna-XM_0382593801	rna-XM_0382593801	rna-XM_0382593801	ENSXNUT00000005938
OG0003598	rna-XM_0018433122	rna-XM_0018433122	rna-XM_0018433122	rna-XM_0018433122	ENSXNUT00000013767
OG0003599	rna-XM_0382601821	rna-XM_0382601821	rna-XM_0382601821	rna-XM_0382601821	ENSXNUT00000007119
OG0003600	rna-XM_0018433152	rna-XM_0018433152	rna-XM_0018433152	rna-XM_0018433152	ENSXNUT00000014304
OG0003601	rna-XM_0382638411	rna-XM_0382638411	rna-XM_0382638411	rna-XM_0382638411	ENSXNUT00000011002
OG0003602	rna-XM_0382608821	rna-XM_0382608821	rna-XM_0382608821	rna-XM_0382608821	ENSXNUT00000010087
OG0003603	rna-XM_0018433202	rna-XM_0018433202	rna-XM_0018433202	rna-XM_0018433202	ENSXNUT00000006868
OG0003604	rna-XM_0018433192	rna-XM_0018433192	rna-XM_0018433192	rna-XM_0018433192	ENSXNUT00000012975
OG0003605	rna-XM_0382633171	rna-XM_0382633171	rna-XM_0382633171	rna-XM_0382633171	ENSXNUT00000006885
OG0003606	rna-XM_0382658801	rna-XM_0382658801	rna-XM_0382658801	rna-XM_0382658801	ENSXNUT00000014280
OG0003607	rna-XM_0018433272	rna-XM_0018433272	rna-XM_0018433272	rna-XM_0018433272	ENSXNUT00000008654
OG0003608	rna-XM_0382642811	rna-XM_0382642811	rna-XM_0382642811	rna-XM_0382642811	ENSXNUT00000017323
OG0003609	rna-XM_0382642821	rna-XM_0382642821	rna-XM_0382642821	rna-XM_0382642821	ENSXNUT00000009772
OG0003610	rna-XM_0018433302	rna-XM_0018433302	rna-XM_0018433302	rna-XM_0018433302	ENSXNUT00000010418
OG0003611	rna-XM_0018433312	rna-XM_0018433312	rna-XM_0018433312	rna-XM_0018433312	ENSXNUT00000008869
OG0003612	rna-XM_0382631821	rna-XM_0382631821	rna-XM_0382631821	rna-XM_0382631821	ENSXNUT00000006102
OG0003613	rna-XM_0018433332	rna-XM_0018433332	rna-XM_0018433332	rna-XM_0018433332	ENSXNUT00000009458
OG0003614	rna-XM_0382624351	rna-XM_0382624351	rna-XM_0382624351	rna-XM_0382624351	ENSXNUT00000008701
OG0003615	rna-XM_0382617981	rna-XM_0382617981	rna-XM_0382617981	rna-XM_0382617981	ENSXNUT00000008215
OG0003616	rna-XM_0382596351	rna-XM_0382596351	rna-XM_0382596351	rna-XM_0382596351	ENSXNUT00000007521
OG0003617	rna-XM_0018433382	rna-XM_0018433382	rna-XM_0018433382	rna-XM_0018433382	ENSXNUT00000008828
OG0003618	rna-XM_0018433392	rna-XM_0018433392	rna-XM_0018433392	rna-XM_0018433392	ENSXNUT00000009580
OG0003619	rna-XM_0382599601	rna-XM_0382599601	rna-XM_0382599601	rna-XM_0382599601	ENSXNUT00000007938
OG0003620	rna-XM_0018433412	rna-XM_0018433412	rna-XM_0018433412	rna-XM_0018433412	ENSXNUT00000016113
OG0003621	rna-XM_0382599651	rna-XM_0018433462	rna-XM_0018433462	rna-XM_0018433462	ENSXNUT00000011419
OG0003622	rna-XM_0382598711	rna-XM_0382598761	rna-XM_0382598711	rna-XM_0382598711	ENSXNUT00000013714
OG0003623	rna-XM_0382598281	rna-XM_0382598281	rna-XM_0382598281	rna-XM_0382598281	ENSXNUT00000008426
OG0003624	rna-XM_0382623951	rna-XM_0382623951	rna-XM_0382623951	rna-XM_0382623951	ENSXNUT00000006942
OG0003625	rna-XM_0018433692	rna-XM_0018433692	rna-XM_0018433692	rna-XM_0018433692	ENSXNUT00000009822
OG0003626	rna-XM_0382604551	rna-XM_0382604551	rna-XM_0382604551	rna-XM_0382604551	ENSXNUT00000007102
OG0003627	rna-XM_0382604541	rna-XM_0382604541	rna-XM_0382604541	rna-XM_0382604541	ENSXNUT00000016333
OG0003628	rna-XM_0382585981	rna-XM_0382585981	rna-XM_0382585981	rna-XM_0382585981	ENSXNUT00000015231
OG0003629	rna-XM_0382559841	rna-XM_0382559841	rna-XM_0382559841	rna-XM_0382559841	ENSXNUT00000009887
OG0003630	rna-XM_0382556061	rna-XM_0382556061	rna-XM_0382556061	rna-XM_0382556061	ENSXNUT00000003414
OG0003631	rna-XM_0382528211	rna-XM_0382528211	rna-XM_0382528211	rna-XM_0382528211	ENSXNUT00000003917
OG0003632	rna-XM_0018433932	rna-XM_0018433932	rna-XM_0018433932	rna-XM_0018433932	ENSXNUT00000005192
OG0003633	rna-XM_0382554151	rna-XM_0382554151	rna-XM_0382554151	rna-XM_0382554151	ENSXNUT00000002490
OG0003634	rna-XM_0018434002	rna-XM_0018434002	rna-XM_0018434002	rna-XM_0018434002	ENSXNUT00000001044
OG0003635	rna-XM_0018434012	rna-XM_0018434012	rna-XM_0018434012	rna-XM_0018434012	ENSXNUT00000004018
OG0003636	rna-XM_0382570301	rna-XM_0382570301	rna-XM_0382570301	rna-XM_0382570301	ENSXNUT00000003693
OG0003637	rna-XM_0018434032	rna-XM_0018434032	rna-XM_0018434032	rna-XM_0018434032	ENSXNUT00000001055
OG0003638	rna-XM_0382543941	rna-XM_0382543941	rna-XM_0382543941	rna-XM_0382543941	ENSXNUT00000000149
OG0003639	rna-XM_0018434062	rna-XM_0018434062	rna-XM_0018434062	rna-XM_0018434062	ENSXNUT00000002894
OG0003640	rna-XM_0382564231	rna-XM_0382564231	rna-XM_0382564231	rna-XM_0382564231	ENSXNUT00000006579
OG0003641	rna-XM_0382549571	rna-XM_0382549571	rna-XM_0382549571	rna-XM_0382549571	ENSXNUT00000004228
OG0003642	rna-XM_0382522331	rna-XM_0382522331	rna-XM_0382522331	rna-XM_0382522331	ENSXNUT00000003051
OG0003643	rna-XM_0018434162	rna-XM_0018434162	rna-XM_0018434162	rna-XM_0018434162	ENSXNUT00000002722
OG0003644	rna-XM_0382581791	rna-XM_0382581791	rna-XM_0382581791	rna-XM_0382581791	ENSXNUT00000002131
OG0003645	rna-XM_0382565971	rna-XM_0382565971	rna-XM_0382565971	rna-XM_0382565971	ENSXNUT00000005091
OG0003646	rna-XM_0018434232	rna-XM_0018434232	rna-XM_0018434232	rna-XM_0018434232	ENSXNUT00000002926
OG0003647	rna-XM_0382537791	rna-XM_0382537791	rna-XM_0382537791	rna-XM_0382537791	ENSXNUT00000002699
OG0003648	rna-XM_0018434282	rna-XM_0018434282	rna-XM_0018434282	rna-XM_0018434282	ENSXNUT00000008601
OG0003649	rna-XM_0018434472	rna-XM_0018434472	rna-XM_0018434472	rna-XM_0018434472	ENSXNUT00000018161
OG0003650	rna-XM_0018434642	rna-XM_0018434642	rna-XM_0018434642	rna-XM_0018434642	ENSXNUT00000017564
OG0003651	rna-XM_0018434652	rna-XM_0018434652	rna-XM_0018434652	rna-XM_0018434652	ENSXNUT00000017719
OG0003652	rna-XM_0382553721	rna-XM_0382553721	rna-XM_0382553721	rna-XM_0382553721	ENSXNUT00000015845
OG0003653	rna-XM_0382504261	rna-XM_0382504261	rna-XM_0382504261	rna-XM_0382505191	ENSXNUT00000013254
OG0003654	rna-XM_0382633591	rna-XM_0382633591	rna-XM_0382633591	rna-XM_0382633591	ENSXNUT00000015843
OG0003655	rna-XM_0382595821	rna-XM_0382595821	rna-XM_0382595821	rna-XM_0382595821	ENSXNUT00000009311
OG0003656	rna-XM_0018434752	rna-XM_0018434752	rna-XM_0018434752	rna-XM_0018434752	ENSXNUT00000009895
OG0003657	rna-XM_0018434812	rna-XM_0018434812	rna-XM_0018434812	rna-XM_0018434812	ENSXNUT00000012814
OG0003658	rna-XM_0018434822	rna-XM_0018434822	rna-XM_0018434822	rna-XM_0018434822	ENSXNUT00000014573
OG0003659	rna-XM_0018434842	rna-XM_0018434842	rna-XM_0018434842	rna-XM_0018434842	ENSXNUT00000005993
OG0003660	rna-XM_0018434862	rna-XM_0018434862	rna-XM_0018434862	rna-XM_0018434862	ENSXNUT00000009955
OG0003661	rna-XM_0018434872	rna-XM_0018434872	rna-XM_0018434872	rna-XM_0018434872	ENSXNUT00000009932
OG0003662	rna-XM_0382629771	rna-XM_0382629771	rna-XM_0382629771	rna-XM_0382629771	ENSXNUT00000015315
OG0003663	rna-XM_0018434902	rna-XM_0018434902	rna-XM_0018434902	rna-XM_0018434902	ENSXNUT00000008909
OG0003664	rna-XM_0382594821	rna-XM_0382594821	rna-XM_0382594821	rna-XM_0382594821	ENSXNUT00000007575
OG0003665	rna-XM_0018434952	rna-XM_0018434952	rna-XM_0018434952	rna-XM_0018434952	ENSXNUT00000010623
OG0003666	rna-XM_0018434962	rna-XM_0018434962	rna-XM_0018434962	rna-XM_0018434962	ENSXNUT00000009589
OG0003667	rna-XM_0382629251	rna-XM_0382629251	rna-XM_0382629251	rna-XM_0382629251	ENSXNUT00000014452
OG0003668	rna-XM_0018435032	rna-XM_0018435032	rna-XM_0018435032	rna-XM_0018435032	ENSXNUT00000015409
OG0003669	rna-XM_0382626581	rna-XM_0382626581	rna-XM_0382626581	rna-XM_0382626581	ENSXNUT00000008907
OG0003670	rna-XM_0382650461	rna-XM_0382650461	rna-XM_0382650461	rna-XM_0382650461	ENSXNUT00000010320
OG0003671	rna-XM_0018435092	rna-XM_0018435092	rna-XM_0018435092	rna-XM_0018435092	ENSXNUT00000011028
OG0003672	rna-XM_0382615611	rna-XM_0382615611	rna-XM_0382615611	rna-XM_0382615611	ENSXNUT00000016215
OG0003673	rna-XM_0382653821	rna-XM_0382653821	rna-XM_0382653821	rna-XM_0382653821	ENSXNUT00000007779
OG0003674	rna-XM_0382591961	rna-XM_0382591961	rna-XM_0382591961	rna-XM_0382591961	ENSXNUT00000010021
OG0003675	rna-XM_0382647221	rna-XM_0382647221	rna-XM_0382647221	rna-XM_0382647221	ENSXNUT00000009864
OG0003676	rna-XM_0382647211	rna-XM_0382647211	rna-XM_0382647211	rna-XM_0382647211	ENSXNUT00000011019
OG0003677	rna-XM_0382632551	rna-XM_0382632551	rna-XM_0382632551	rna-XM_0382632551	ENSXNUT00000014577
OG0003678	rna-XM_0018435302	rna-XM_0018435302	rna-XM_0018435302	rna-XM_0018435302	ENSXNUT00000011173
OG0003679	rna-XM_0018435332	rna-XM_0018435332	rna-XM_0018435332	rna-XM_0018435332	ENSXNUT00000018609
OG0003681	rna-XM_0382558041	rna-XM_0382558041	rna-XM_0382558041	rna-XM_0382558041	ENSXNUT00000003711
OG0003682	rna-XM_0382553131	rna-XM_0382553131	rna-XM_0382553131	rna-XM_0382553131	ENSXNUT00000005472
OG0003683	rna-XM_0018435442	rna-XM_0018435442	rna-XM_0018435442	rna-XM_0018435442	ENSXNUT00000000509
OG0003684	rna-XM_0382585021	rna-XM_0382585021	rna-XM_0382585021	rna-XM_0382585021	ENSXNUT00000001782
OG0003685	rna-XM_0018435512	rna-XM_0018435512	rna-XM_0018435512	rna-XM_0018435512	ENSXNUT00000004645
OG0003686	rna-XM_0018435532	rna-XM_0018435532	rna-XM_0018435532	rna-XM_0018435532	ENSXNUT00000004918
OG0003687	rna-XM_0382537911	rna-XM_0382537911	rna-XM_0382537911	rna-XM_0382537911	ENSXNUT00000003233
OG0003688	rna-XM_0018435612	rna-XM_0018435612	rna-XM_0018435612	rna-XM_0018435612	ENSXNUT00000000717
OG0003689	rna-XM_0382556441	rna-XM_0382556441	rna-XM_0382556441	rna-XM_0382556441	ENSXNUT00000002908
OG0003690	rna-XM_0382520441	rna-XM_0382520441	rna-XM_0382520441	rna-XM_0382520441	ENSXNUT00000000817
OG0003691	rna-XM_0382532841	rna-XM_0382532841	rna-XM_0382532841	rna-XM_0382532841	ENSXNUT00000003055
OG0003692	rna-XM_0382552191	rna-XM_0382552191	rna-XM_0382552191	rna-XM_0382552191	ENSXNUT00000003215
OG0003693	rna-XM_0018435782	rna-XM_0018435782	rna-XM_0018435782	rna-XM_0018435782	ENSXNUT00000003139
OG0003694	rna-XM_0382547511	rna-XM_0382547511	rna-XM_0382547511	rna-XM_0382547511	ENSXNUT00000004305
OG0003695	rna-XM_0382563241	rna-XM_0382563241	rna-XM_0382563241	rna-XM_0382563241	ENSXNUT00000006149
OG0003696	rna-XM_0382566681	rna-XM_0382566681	rna-XM_0382566681	rna-XM_0382566681	ENSXNUT00000005283
OG0003697	rna-XM_0018435852	rna-XM_0018435852	rna-XM_0018435852	rna-XM_0018435852	ENSXNUT00000009074
OG0003698	rna-XM_0382514281	rna-XM_0382514281	rna-XM_0382514281	rna-XM_0382514281	ENSXNUT00000000590
OG0003699	rna-XM_0018435972	rna-XM_0018435972	rna-XM_0018435972	rna-XM_0018435972	ENSXNUT00000008114
OG0003700	rna-XM_0382514301	rna-XM_0382514301	rna-XM_0382514301	rna-XM_0382514301	ENSXNUT00000000921
OG0003701	rna-XM_0018436012	rna-XM_0018436012	rna-XM_0018436012	rna-XM_0018436012	ENSXNUT00000001337
OG0003702	rna-XM_0382549521	rna-XM_0382549521	rna-XM_0382549521	rna-XM_0382549521	ENSXNUT00000003184
OG0003703	rna-XM_0382571861	rna-XM_0382571861	rna-XM_0382571861	rna-XM_0382571861	ENSXNUT00000000083
OG0003704	rna-XM_0018436082	rna-XM_0018436082	rna-XM_0018436082	rna-XM_0018436082	ENSXNUT00000000481
OG0003705	rna-XM_0382585091	rna-XM_0382585091	rna-XM_0382585091	rna-XM_0382585091	ENSXNUT00000003646
OG0003706	rna-XM_0382556951	rna-XM_0382556951	rna-XM_0382556951	rna-XM_0382556951	ENSXNUT00000002825
OG0003707	rna-XM_0382518081	rna-XM_0382518081	rna-XM_0382518081	rna-XM_0382518081	ENSXNUT00000003150
OG0003708	rna-XM_0018436172	rna-XM_0018436172	rna-XM_0018436172	rna-XM_0018436172	ENSXNUT00000001780
OG0003709	rna-XM_0018436182	rna-XM_0018436182	rna-XM_0018436182	rna-XM_0018436182	ENSXNUT00000000844
OG0003710	rna-XM_0382549751	rna-XM_0382549751	rna-XM_0382549751	rna-XM_0382549751	ENSXNUT00000002024
OG0003711	rna-XM_0382572461	rna-XM_0382572461	rna-XM_0382572461	rna-XM_0382572461	ENSXNUT00000004174
OG0003712	rna-XM_0382538531	rna-XM_0382538531	rna-XM_0382538531	rna-XM_0382538531	ENSXNUT00000011223
OG0003713	rna-XM_0382578521	rna-XM_0382578521	rna-XM_0382578521	rna-XM_0382578521	ENSXNUT00000000559
OG0003714	rna-XM_0382583091	rna-XM_0382583091	rna-XM_0382583091	rna-XM_0382583091	ENSXNUT00000003430
OG0003715	rna-XM_0018436282	rna-XM_0018436282	rna-XM_0018436282	rna-XM_0018436282	ENSXNUT00000001630
OG0003716	rna-XM_0382530241	rna-XM_0382530241	rna-XM_0382530241	rna-XM_0382530241	ENSXNUT00000001322
OG0003717	rna-XM_0382543421	rna-XM_0382543421	rna-XM_0382543421	rna-XM_0382543421	ENSXNUT00000000505
OG0003718	rna-XM_0018436372	rna-XM_0018436372	rna-XM_0018436372	rna-XM_0018436372	ENSXNUT00000000618
OG0003719	rna-XM_0018436392	rna-XM_0018436392	rna-XM_0018436392	rna-XM_0018436392	ENSXNUT00000004317
OG0003720	rna-XM_0018436402	rna-XM_0018436402	rna-XM_0018436402	rna-XM_0018436402	ENSXNUT00000004830
OG0003721	rna-XM_0018436412	rna-XM_0018436412	rna-XM_0018436412	rna-XM_0018436412	ENSXNUT00000001445
OG0003722	rna-XM_0382518301	rna-XM_0382518301	rna-XM_0382518301	rna-XM_0382518301	ENSXNUT00000009287
OG0003723	rna-XM_0018435772	rna-XM_0018435772	rna-XM_0018435772	rna-XM_0018435772	ENSXNUT00000010002
OG0003724	rna-XM_0382543961	rna-XM_0382543961	rna-XM_0382543961	rna-XM_0382543961	ENSXNUT00000005416
OG0003725	rna-XM_0382550291	rna-XM_0382550291	rna-XM_0382550291	rna-XM_0382550291	ENSXNUT00000001907
OG0003726	rna-XM_0382545841	rna-XM_0382545841	rna-XM_0382545841	rna-XM_0382545841	ENSXNUT00000000723
OG0003727	rna-XM_0018436552	rna-XM_0018436552	rna-XM_0018436552	rna-XM_0018436552	ENSXNUT00000005330
OG0003728	rna-XM_0382578381	rna-XM_0382578381	rna-XM_0382578381	rna-XM_0382578381	ENSXNUT00000005975
OG0003729	rna-XM_0382520141	rna-XM_0382520141	rna-XM_0382520141	rna-XM_0382520141	ENSXNUT00000003854
OG0003730	rna-XM_0382584871	rna-XM_0382584871	rna-XM_0382584871	rna-XM_0382584871	ENSXNUT00000000568
OG0003731	rna-XM_0382515951	rna-XM_0382515951	rna-XM_0382515951	rna-XM_0382515951	ENSXNUT00000001326
OG0003732	rna-XM_0382667411	rna-XM_0382667411	rna-XM_0382667411	rna-XM_0382667411	ENSXNUT00000012139
OG0003733	rna-XM_0382515941	rna-XM_0382515941	rna-XM_0382515941	rna-XM_0382515941	ENSXNUT00000005612
OG0003734	rna-XM_0382548471	rna-XM_0382548471	rna-XM_0382548471	rna-XM_0382548471	ENSXNUT00000011228
OG0003735	rna-XM_0382558931	rna-XM_0382558941	rna-XM_0382558941	rna-XM_0382558941	ENSXNUT00000003066
OG0003736	rna-XM_0382555421	rna-XM_0382555421	rna-XM_0382555421	rna-XM_0382555421	ENSXNUT00000002950
OG0003737	rna-XM_0382579691	rna-XM_0382579691	rna-XM_0382579691	rna-XM_0382579691	ENSXNUT00000004163
OG0003738	rna-XM_0382559161	rna-XM_0382559171	rna-XM_0382559161	rna-XM_0382559171	ENSXNUT00000005747
OG0003739	rna-XM_0382515061	rna-XM_0382515061	rna-XM_0382515061	rna-XM_0382515061	ENSXNUT00000006874
OG0003740	rna-XM_0382558341	rna-XM_0382558341	rna-XM_0382558341	rna-XM_0382558341	ENSXNUT00000002243
OG0003741	rna-XM_0018437002	rna-XM_0018437002	rna-XM_0018437002	rna-XM_0018437002	ENSXNUT00000008414
OG0003742	rna-XM_0018437012	rna-XM_0018437012	rna-XM_0018437012	rna-XM_0018437012	ENSXNUT00000005352
OG0003743	rna-XM_0382550391	rna-XM_0382550391	rna-XM_0382550391	rna-XM_0382550391	ENSXNUT00000000387
OG0003744	rna-XM_0382548961	rna-XM_0382548961	rna-XM_0382548961	rna-XM_0382548961	ENSXNUT00000002172
OG0003745	rna-XM_0382525801	rna-XM_0382525801	rna-XM_0382525801	rna-XM_0382525801	ENSXNUT00000006292
OG0003746	rna-XM_0018437252	rna-XM_0018437252	rna-XM_0018437252	rna-XM_0018437252	ENSXNUT00000000779
OG0003747	rna-XM_0018437272	rna-XM_0018437272	rna-XM_0018437272	rna-XM_0018437272	ENSXNUT00000000727
OG0003748	rna-XM_0018437282	rna-XM_0018437282	rna-XM_0018437282	rna-XM_0018437282	ENSXNUT00000003474
OG0003749	rna-XM_0382574271	rna-XM_0382574271	rna-XM_0382574271	rna-XM_0382574271	ENSXNUT00000002695
OG0003750	rna-XM_0382574231	rna-XM_0382574231	rna-XM_0382574231	rna-XM_0382574231	ENSXNUT00000000724
OG0003751	rna-XM_0382564791	rna-XM_0382564791	rna-XM_0382564791	rna-XM_0382564791	ENSXNUT00000005128
OG0003752	rna-XM_0018437342	rna-XM_0018437342	rna-XM_0018437342	rna-XM_0018437342	ENSXNUT00000008419
OG0003753	rna-XM_0018437362	rna-XM_0018437362	rna-XM_0018437362	rna-XM_0018437362	ENSXNUT00000003438
OG0003754	rna-XM_0382536771	rna-XM_0382536771	rna-XM_0382536771	rna-XM_0382536771	ENSXNUT00000004110
OG0003755	rna-XM_0382514531	rna-XM_0382514531	rna-XM_0382514531	rna-XM_0382514531	ENSXNUT00000004873
OG0003756	rna-XM_0382514541	rna-XM_0382514541	rna-XM_0382514541	rna-XM_0382514541	ENSXNUT00000004938
OG0003757	rna-XM_0382537051	rna-XM_0382537051	rna-XM_0382537051	rna-XM_0382537051	ENSXNUT00000004147
OG0003758	rna-XM_0382528451	rna-XM_0382528451	rna-XM_0382528451	rna-XM_0382528451	ENSXNUT00000005508
OG0003759	rna-XM_0382562131	rna-XM_0382562131	rna-XM_0382562131	rna-XM_0382562131	ENSXNUT00000000900
OG0003760	rna-XM_0382562121	rna-XM_0382562121	rna-XM_0382562121	rna-XM_0382562121	ENSXNUT00000004043
OG0003761	rna-XM_0382565131	rna-XM_0382565131	rna-XM_0382565131	rna-XM_0382565131	ENSXNUT00000009774
OG0003762	rna-XM_0018437502	rna-XM_0018437502	rna-XM_0018437502	rna-XM_0018437502	ENSXNUT00000000806
OG0003763	rna-XM_0382557911	rna-XM_0382557911	rna-XM_0382557911	rna-XM_0382557911	ENSXNUT00000002944
OG0003764	rna-XM_0382567711	rna-XM_0382567711	rna-XM_0382567711	rna-XM_0382567711	ENSXNUT00000002245
OG0003765	rna-XM_0018437562	rna-XM_0018437562	rna-XM_0018437562	rna-XM_0018437562	ENSXNUT00000005269
OG0003766	rna-XM_0018437582	rna-XM_0018437582	rna-XM_0018437582	rna-XM_0018437582	ENSXNUT00000002779
OG0003767	rna-XM_0382525741	rna-XM_0382525741	rna-XM_0382525741	rna-XM_0382525741	ENSXNUT00000001041
OG0003768	rna-XM_0018437652	rna-XM_0018437652	rna-XM_0018437652	rna-XM_0018437652	ENSXNUT00000007048
OG0003769	rna-XM_0018437662	rna-XM_0018437662	rna-XM_0018437662	rna-XM_0018437662	ENSXNUT00000004772
OG0003770	rna-XM_0382557771	rna-XM_0382557771	rna-XM_0382557771	rna-XM_0382557771	ENSXNUT00000001596
OG0003771	rna-XM_0382568841	rna-XM_0382568841	rna-XM_0382568841	rna-XM_0382568841	ENSXNUT00000004523
OG0003772	rna-XM_0018437932	rna-XM_0018437932	rna-XM_0018437932	rna-XM_0018437932	ENSXNUT00000000347
OG0003773	rna-XM_0018437942	rna-XM_0018437942	rna-XM_0018437942	rna-XM_0018437942	ENSXNUT00000003927
OG0003774	rna-XM_0382543681	rna-XM_0382543711	rna-XM_0382543681	rna-XM_0382543681	ENSXNUT00000005756
OG0003775	rna-XM_0382543781	rna-XM_0382543781	rna-XM_0382543781	rna-XM_0382543781	ENSXNUT00000000258
OG0003776	rna-XM_0382543791	rna-XM_0382543791	rna-XM_0382543791	rna-XM_0382543791	ENSXNUT00000001974
OG0003777	rna-XM_0018438002	rna-XM_0018438002	rna-XM_0018438002	rna-XM_0018438002	ENSXNUT00000000952
OG0003778	rna-XM_0018438012	rna-XM_0018438012	rna-XM_0018438012	rna-XM_0018438012	ENSXNUT00000008421
OG0003779	rna-XM_0018438022	rna-XM_0018438022	rna-XM_0018438022	rna-XM_0018438022	ENSXNUT00000001852
OG0003780	rna-XM_0018438032	rna-XM_0018438032	rna-XM_0018438032	rna-XM_0018438032	ENSXNUT00000000156
OG0003781	rna-XM_0382522621	rna-XM_0382522621	rna-XM_0382522621	rna-XM_0382522621	ENSXNUT00000001010
OG0003782	rna-XM_0018438092	rna-XM_0018438092	rna-XM_0018438092	rna-XM_0018438092	ENSXNUT00000003217
OG0003783	rna-XM_0018438102	rna-XM_0018438102	rna-XM_0018438102	rna-XM_0018438102	ENSXNUT00000003117
OG0003784	rna-XM_0382577971	rna-XM_0382577971	rna-XM_0382577971	rna-XM_0382577971	ENSXNUT00000000268
OG0003785	rna-XM_0382539151	rna-XM_0382539151	rna-XM_0382539151	rna-XM_0382539151	ENSXNUT00000003429
OG0003786	rna-XM_0382521961	rna-XM_0382521961	rna-XM_0382521971	rna-XM_0382521961	ENSXNUT00000008813
OG0003787	rna-XM_0382569691	rna-XM_0382569691	rna-XM_0382569691	rna-XM_0382569691	ENSXNUT00000002985
OG0003788	rna-XM_0018438192	rna-XM_0018438192	rna-XM_0018438192	rna-XM_0018438192	ENSXNUT00000001809
OG0003789	rna-XM_0382501571	rna-XM_0382501571	rna-XM_0382501571	rna-XM_0382501571	ENSXNUT00000007742
OG0003790	rna-XM_0382645291	rna-XM_0382645291	rna-XM_0382645291	rna-XM_0382645291	ENSXNUT00000007924
OG0003791	rna-XM_0382631511	rna-XM_0382631511	rna-XM_0382631511	rna-XM_0382631511	ENSXNUT00000010100
OG0003792	rna-XM_0018438462	rna-XM_0018438462	rna-XM_0018438462	rna-XM_0018438462	ENSXNUT00000017029
OG0003793	rna-XM_0382631631	rna-XM_0382631631	rna-XM_0382631631	rna-XM_0382631631	ENSXNUT00000007051
OG0003794	rna-XM_0382631551	rna-XM_0382631551	rna-XM_0382631551	rna-XM_0382631551	ENSXNUT00000013299
OG0003795	rna-XM_0382631751	rna-XM_0382631751	rna-XM_0382631751	rna-XM_0382631751	ENSXNUT00000011060
OG0003796	rna-XM_0382631601	rna-XM_0382631601	rna-XM_0382631601	rna-XM_0382631601	ENSXNUT00000014078
OG0003797	rna-XM_0382631471	rna-XM_0382631471	rna-XM_0382631481	rna-XM_0382631501	ENSXNUT00000009826
OG0003798	rna-XM_0018438622	rna-XM_0018438622	rna-XM_0018438622	rna-XM_0018438622	ENSXNUT00000007672
OG0003799	rna-XM_0382653761	rna-XM_0382653761	rna-XM_0382653761	rna-XM_0382653761	ENSXNUT00000007644
OG0003800	rna-XM_0018438692	rna-XM_0018438692	rna-XM_0018438692	rna-XM_0018438692	ENSXNUT00000010126
OG0003801	rna-XM_0018438752	rna-XM_0018438752	rna-XM_0018438752	rna-XM_0018438752	ENSXNUT00000008140
OG0003802	rna-XM_0382587111	rna-XM_0382587111	rna-XM_0382587111	rna-XM_0382587111	ENSXNUT00000010174
OG0003803	rna-XM_0382619511	rna-XM_0382619511	rna-XM_0382619511	rna-XM_0382619511	ENSXNUT00000007184
OG0003804	rna-XM_0018438882	rna-XM_0018438882	rna-XM_0018438882	rna-XM_0018438882	ENSXNUT00000012295
OG0003805	rna-XM_0018438932	rna-XM_0018438932	rna-XM_0018438932	rna-XM_0018438932	ENSXNUT00000008854
OG0003806	rna-XM_0018438952	rna-XM_0018438952	rna-XM_0018438952	rna-XM_0018438952	ENSXNUT00000012473
OG0003807	rna-XM_0018438962	rna-XM_0018438962	rna-XM_0018438962	rna-XM_0018438962	ENSXNUT00000009930
OG0003808	rna-XM_0382587131	rna-XM_0382587131	rna-XM_0382587131	rna-XM_0382587131	ENSXNUT00000017487
OG0003809	rna-XM_0382659941	rna-XM_0382659941	rna-XM_0382659941	rna-XM_0382659941	ENSXNUT00000009352
OG0003810	rna-XM_0382611131	rna-XM_0382611131	rna-XM_0382611131	rna-XM_0382611131	ENSXNUT00000012301
OG0003811	rna-XM_0382623721	rna-XM_0382623721	rna-XM_0382623721	rna-XM_0382623721	ENSXNUT00000009146
OG0003812	rna-XM_0382594191	rna-XM_0382594261	rna-XM_0382594191	rna-XM_0382594221	ENSXNUT00000014744
OG0003813	rna-XM_0018439182	rna-XM_0018439182	rna-XM_0018439182	rna-XM_0018439182	ENSXNUT00000008678
OG0003814	rna-XM_0382660971	rna-XM_0382660971	rna-XM_0382660971	rna-XM_0382660971	ENSXNUT00000011635
OG0003815	rna-XM_0382617651	rna-XM_0382617651	rna-XM_0382617651	rna-XM_0382617651	ENSXNUT00000011033
OG0003816	rna-XM_0018439212	rna-XM_0018439212	rna-XM_0018439212	rna-XM_0018439212	ENSXNUT00000007937
OG0003817	rna-XM_0382640851	rna-XM_0382640851	rna-XM_0382640851	rna-XM_0382640851	ENSXNUT00000010636
OG0003818	rna-XM_0018439242	rna-XM_0018439242	rna-XM_0018439242	rna-XM_0018439242	ENSXNUT00000014253
OG0003819	rna-XM_0018439262	rna-XM_0018439262	rna-XM_0018439262	rna-XM_0018439262	ENSXNUT00000009845
OG0003820	rna-XM_0018439272	rna-XM_0018439272	rna-XM_0018439272	rna-XM_0018439272	ENSXNUT00000012209
OG0003821	rna-XM_0382649551	rna-XM_0382649551	rna-XM_0382649551	rna-XM_0382649551	ENSXNUT00000008802
OG0003822	rna-XM_0382599791	rna-XM_0382599791	rna-XM_0382599791	rna-XM_0382599791	ENSXNUT00000012378
OG0003823	rna-XM_0382619761	rna-XM_0382619761	rna-XM_0382619761	rna-XM_0382619761	ENSXNUT00000009967
OG0003824	rna-XM_0382634661	rna-XM_0382634661	rna-XM_0382634661	rna-XM_0382634661	ENSXNUT00000006008
OG0003825	rna-XM_0382649561	rna-XM_0382649561	rna-XM_0382649561	rna-XM_0382649561	ENSXNUT00000013217
OG0003826	rna-XM_0018439372	rna-XM_0018439372	rna-XM_0018439372	rna-XM_0018439372	ENSXNUT00000016988
OG0003827	rna-XM_0382616731	rna-XM_0382616731	rna-XM_0382616731	rna-XM_0382616731	ENSXNUT00000007075
OG0003828	rna-XM_0382607951	rna-XM_0382607951	rna-XM_0382607951	rna-XM_0382607951	ENSXNUT00000009793
OG0003829	rna-XM_0382593241	rna-XM_0382593241	rna-XM_0382593241	rna-XM_0382593241	ENSXNUT00000006995
OG0003830	rna-XM_0382612361	rna-XM_0382612361	rna-XM_0382612361	rna-XM_0382612361	ENSXNUT00000015479
OG0003831	rna-XM_0018439462	rna-XM_0018439462	rna-XM_0018439462	rna-XM_0018439462	ENSXNUT00000006001
OG0003832	rna-XM_0018439472	rna-XM_0018439472	rna-XM_0018439472	rna-XM_0018439472	ENSXNUT00000006848
OG0003833	rna-XM_0382624031	rna-XM_0382624031	rna-XM_0382624031	rna-XM_0382624031	ENSXNUT00000011735
OG0003834	rna-XM_0382618511	rna-XM_0382618511	rna-XM_0382618511	rna-XM_0382618511	ENSXNUT00000012671
OG0003835	rna-XM_0382604631	rna-XM_0382604631	rna-XM_0382604631	rna-XM_0382604631	ENSXNUT00000013205
OG0003836	rna-XM_0018439542	rna-XM_0018439542	rna-XM_0018439542	rna-XM_0018439542	ENSXNUT00000013309
OG0003837	rna-XM_0382628701	rna-XM_0382628701	rna-XM_0382628701	rna-XM_0382628701	ENSXNUT00000016196
OG0003838	rna-XM_0382634001	rna-XM_0382634001	rna-XM_0382634001	rna-XM_0382634001	ENSXNUT00000009818
OG0003839	rna-XM_0018439592	rna-XM_0018439592	rna-XM_0018439592	rna-XM_0018439592	ENSXNUT00000008535
OG0003840	rna-XM_0382633371	rna-XM_0382633371	rna-XM_0382633371	rna-XM_0382633371	ENSXNUT00000008402
OG0003841	rna-XM_0382632751	rna-XM_0382632751	rna-XM_0382632751	rna-XM_0382632751	ENSXNUT00000007805
OG0003842	rna-XM_0382511041	rna-XM_0382511041	rna-XM_0382511041	rna-XM_0382511041	ENSXNUT00000004681
OG0003843	rna-XM_0018439682	rna-XM_0018439682	rna-XM_0018439682	rna-XM_0018439682	ENSXNUT00000002511
OG0003844	rna-XM_0382576471	rna-XM_0382576471	rna-XM_0382576471	rna-XM_0382576471	ENSXNUT00000002294
OG0003845	rna-XM_0382511031	rna-XM_0382511031	rna-XM_0382511031	rna-XM_0382511031	ENSXNUT00000008549
OG0003846	rna-XM_0018439702	rna-XM_0018439702	rna-XM_0018439702	rna-XM_0018439702	ENSXNUT00000000073
OG0003848	rna-XM_0018439732	rna-XM_0018439732	rna-XM_0018439732	rna-XM_0018439732	ENSXNUT00000004242
OG0003849	rna-XM_0018439742	rna-XM_0018439742	rna-XM_0018439742	rna-XM_0018439742	ENSXNUT00000008037
OG0003850	rna-XM_0382524301	rna-XM_0382524301	rna-XM_0382524301	rna-XM_0382524301	ENSXNUT00000004193
OG0003851	rna-XM_0018439842	rna-XM_0018439842	rna-XM_0018439842	rna-XM_0018439842	ENSXNUT00000001771
OG0003852	rna-XM_0382535951	rna-XM_0382535951	rna-XM_0382535951	rna-XM_0382535951	ENSXNUT00000010999
OG0003853	rna-XM_0018439862	rna-XM_0018439862	rna-XM_0018439862	rna-XM_0018439862	ENSXNUT00000002999
OG0003854	rna-XM_0018439872	rna-XM_0018439872	rna-XM_0018439872	rna-XM_0018439872	ENSXNUT00000010085
OG0003855	rna-XM_0382543651	rna-XM_0382543651	rna-XM_0382543651	rna-XM_0382543651	ENSXNUT00000000442
OG0003856	rna-XM_0018439892	rna-XM_0018439892	rna-XM_0018439892	rna-XM_0018439892	ENSXNUT00000005432
OG0003857	rna-XM_0018439932	rna-XM_0018439932	rna-XM_0018439932	rna-XM_0018439932	ENSXNUT00000001353
OG0003858	rna-XM_0018439942	rna-XM_0018439942	rna-XM_0018439942	rna-XM_0018439942	ENSXNUT00000001231
OG0003859	rna-XM_0382554251	rna-XM_0382554251	rna-XM_0382554251	rna-XM_0382554251	ENSXNUT00000004392
OG0003860	rna-XM_0382539431	rna-XM_0382539431	rna-XM_0382539431	rna-XM_0382539431	ENSXNUT00000008135
OG0003861	rna-XM_0382563061	rna-XM_0382563061	rna-XM_0382563061	rna-XM_0382563061	ENSXNUT00000000377
OG0003862	rna-XM_0018440062	rna-XM_0018440062	rna-XM_0018440062	rna-XM_0018440062	ENSXNUT00000004364
OG0003863	rna-XM_0018440072	rna-XM_0018440072	rna-XM_0018440072	rna-XM_0018440072	ENSXNUT00000010663
OG0003864	rna-XM_0018440082	rna-XM_0018440082	rna-XM_0018440082	rna-XM_0018440082	ENSXNUT00000000984
OG0003865	rna-XM_0018440092	rna-XM_0018440092	rna-XM_0018440092	rna-XM_0018440092	ENSXNUT00000003373
OG0003866	rna-XM_0018440102	rna-XM_0018440102	rna-XM_0018440102	rna-XM_0018440102	ENSXNUT00000000234
OG0003867	rna-XM_0018440142	rna-XM_0018440142	rna-XM_0018440142	rna-XM_0018440142	ENSXNUT00000002056
OG0003868	rna-XM_0018440172	rna-XM_0018440172	rna-XM_0018440172	rna-XM_0018440172	ENSXNUT00000005538
OG0003869	rna-XM_0382511511	rna-XM_0382511511	rna-XM_0382511511	rna-XM_0382511511	ENSXNUT00000000681
OG0003870	rna-XM_0382511591	rna-XM_0382511591	rna-XM_0382511591	rna-XM_0382511591	ENSXNUT00000000606
OG0003871	rna-XM_0018440212	rna-XM_0018440212	rna-XM_0018440212	rna-XM_0018440212	ENSXNUT00000000560
OG0003872	rna-XM_0382511561	rna-XM_0382511581	rna-XM_0382511581	rna-XM_0382511561	ENSXNUT00000000600
OG0003873	rna-XM_0382511551	rna-XM_0382511551	rna-XM_0382511551	rna-XM_0382511551	ENSXNUT00000002650
OG0003874	rna-XM_0382581061	rna-XM_0382581061	rna-XM_0382581061	rna-XM_0382581061	ENSXNUT00000002554
OG0003875	rna-XM_0018440272	rna-XM_0018440272	rna-XM_0018440272	rna-XM_0018440272	ENSXNUT00000004097
OG0003876	rna-XM_0382581001	rna-XM_0382581001	rna-XM_0382581001	rna-XM_0382581001	ENSXNUT00000007165
OG0003877	rna-XM_0382581151	rna-XM_0382581151	rna-XM_0382581151	rna-XM_0382581151	ENSXNUT00000000216
OG0003878	rna-XM_0382482881	rna-XM_0382482881	rna-XM_0382482881	rna-XM_0382482881	ENSXNUT00000017049
OG0003879	rna-XM_0018440412	rna-XM_0018440412	rna-XM_0018440412	rna-XM_0018440412	ENSXNUT00000015598
OG0003880	rna-XM_0382574701	rna-XM_0382574701	rna-XM_0382574701	rna-XM_0382574701	ENSXNUT00000017712
OG0003881	rna-XM_0018440452	rna-XM_0018440452	rna-XM_0018440452	rna-XM_0018440452	ENSXNUT00000013515
OG0003882	rna-XM_0382602201	rna-XM_0382602201	rna-XM_0382602201	rna-XM_0382602201	ENSXNUT00000013544
OG0003883	rna-XM_0382626091	rna-XM_0382626091	rna-XM_0382626091	rna-XM_0382626091	ENSXNUT00000014898
OG0003884	rna-XM_0018440572	rna-XM_0018440572	rna-XM_0018440572	rna-XM_0018440572	ENSXNUT00000012880
OG0003885	rna-XM_0018440582	rna-XM_0018440582	rna-XM_0018440582	rna-XM_0018440582	ENSXNUT00000015559
OG0003886	rna-XM_0382670841	rna-XM_0382670841	rna-XM_0382670841	rna-XM_0382670851	ENSXNUT00000014956
OG0003887	rna-XM_0382500161	rna-XM_0382500161	rna-XM_0382500161	rna-XM_0382500161	ENSXNUT00000017340
OG0003888	rna-XM_0382500141	rna-XM_0382500141	rna-XM_0382500141	rna-XM_0382500141	ENSXNUT00000016732
OG0003889	rna-XM_0018440672	rna-XM_0018440672	rna-XM_0018440672	rna-XM_0018440672	ENSXNUT00000015642
OG0003890	rna-XM_0382668521	rna-XM_0382668521	rna-XM_0382668521	rna-XM_0382668521	ENSXNUT00000013731
OG0003891	rna-XM_0018440692	rna-XM_0018440692	rna-XM_0018440692	rna-XM_0018440692	ENSXNUT00000015807
OG0003892	rna-XM_0382496851	rna-XM_0382496851	rna-XM_0382496851	rna-XM_0382496851	ENSXNUT00000012048
OG0003893	rna-XM_0018440722	rna-XM_0018440722	rna-XM_0018440722	rna-XM_0018440722	ENSXNUT00000016327
OG0003894	rna-XM_0018440732	rna-XM_0018440732	rna-XM_0018440732	rna-XM_0018440732	ENSXNUT00000013019
OG0003895	rna-XM_0018440742	rna-XM_0018440742	rna-XM_0018440742	rna-XM_0018440742	ENSXNUT00000014575
OG0003896	rna-XM_0382484081	rna-XM_0382484081	rna-XM_0382484081	rna-XM_0382484081	ENSXNUT00000016709
OG0003897	rna-XM_0018440782	rna-XM_0018440782	rna-XM_0018440782	rna-XM_0018440782	ENSXNUT00000015979
OG0003898	rna-XM_0018440792	rna-XM_0018440792	rna-XM_0018440792	rna-XM_0018440792	ENSXNUT00000018166
OG0003899	rna-XM_0382486001	rna-XM_0382486001	rna-XM_0382486001	rna-XM_0382486001	ENSXNUT00000018175
OG0003900	rna-XM_0018440852	rna-XM_0018440852	rna-XM_0018440852	rna-XM_0018440852	ENSXNUT00000012292
OG0003901	rna-XM_0382499641	rna-XM_0382499641	rna-XM_0382499641	rna-XM_0382499641	ENSXNUT00000016786
OG0003902	rna-XM_0018440932	rna-XM_0018440932	rna-XM_0018440932	rna-XM_0018440932	ENSXNUT00000017856
OG0003903	rna-XM_0382488271	rna-XM_0382488271	rna-XM_0382488271	rna-XM_0382488271	ENSXNUT00000016501
OG0003904	rna-XM_0018440962	rna-XM_0018440962	rna-XM_0018440962	rna-XM_0018440962	ENSXNUT00000013614
OG0003905	rna-XM_0382583721	rna-XM_0382583721	rna-XM_0382583721	rna-XM_0382583721	ENSXNUT00000004007
OG0003906	rna-XM_0382572651	rna-XM_0382572651	rna-XM_0382572651	rna-XM_0382572651	ENSXNUT00000001349
OG0003907	rna-XM_0382553261	rna-XM_0382553261	rna-XM_0382553261	rna-XM_0382553261	ENSXNUT00000004264
OG0003908	rna-XM_0382557351	rna-XM_0382557351	rna-XM_0382557351	rna-XM_0382557351	ENSXNUT00000000445
OG0003909	rna-XM_0018441152	rna-XM_0018441152	rna-XM_0018441152	rna-XM_0018441152	ENSXNUT00000004495
OG0003910	rna-XM_0382514451	rna-XM_0382514461	rna-XM_0382514451	rna-XM_0382514451	ENSXNUT00000002445
OG0003911	rna-XM_0018441232	rna-XM_0018441232	rna-XM_0018441232	rna-XM_0018441232	ENSXNUT00000011264
OG0003912	rna-XM_0382562041	rna-XM_0382562041	rna-XM_0382562041	rna-XM_0382562041	ENSXNUT00000011467
OG0003913	rna-XM_0382542691	rna-XM_0382542691	rna-XM_0382542691	rna-XM_0382542691	ENSXNUT00000002499
OG0003914	rna-XM_0382552721	rna-XM_0382552721	rna-XM_0382552721	rna-XM_0382552721	ENSXNUT00000002271
OG0003915	rna-XM_0018441282	rna-XM_0018441282	rna-XM_0018441282	rna-XM_0018441282	ENSXNUT00000003027
OG0003916	rna-XM_0018441292	rna-XM_0018441292	rna-XM_0018441292	rna-XM_0018441292	ENSXNUT00000001252
OG0003917	rna-XM_0382580351	rna-XM_0382580351	rna-XM_0382580351	rna-XM_0382580361	ENSXNUT00000003104
OG0003918	rna-XM_0018441372	rna-XM_0018441372	rna-XM_0018441372	rna-XM_0018441372	ENSXNUT00000002304
OG0003919	rna-XM_0382560801	rna-XM_0382560801	rna-XM_0382560801	rna-XM_0382560801	ENSXNUT00000000942
OG0003920	rna-XM_0382560771	rna-XM_0382560771	rna-XM_0382560771	rna-XM_0382560771	ENSXNUT00000000245
OG0003921	rna-XM_0018441422	rna-XM_0018441422	rna-XM_0018441422	rna-XM_0018441422	ENSXNUT00000002936
OG0003922	rna-XM_0382529771	rna-XM_0382529771	rna-XM_0382529771	rna-XM_0382529771	ENSXNUT00000003386
OG0003923	rna-XM_0382568141	rna-XM_0382568151	rna-XM_0382568141	rna-XM_0382568141	ENSXNUT00000003470
OG0003924	rna-XM_0382659231	rna-XM_0382659231	rna-XM_0382659231	rna-XM_0382659231	ENSXNUT00000009671
OG0003925	rna-XM_0382618571	rna-XM_0382618571	rna-XM_0382618571	rna-XM_0382618571	ENSXNUT00000012089
OG0003926	rna-XM_0382629741	rna-XM_0382629741	rna-XM_0382629741	rna-XM_0382629741	ENSXNUT00000013147
OG0003927	rna-XM_0018441612	rna-XM_0018441612	rna-XM_0018441612	rna-XM_0018441612	ENSXNUT00000011050
OG0003928	rna-XM_0018441622	rna-XM_0018441622	rna-XM_0018441622	rna-XM_0018441622	ENSXNUT00000006119
OG0003929	rna-XM_0382587461	rna-XM_0382587461	rna-XM_0382587461	rna-XM_0382587461	ENSXNUT00000009934
OG0003930	rna-XM_0382651191	rna-XM_0382651191	rna-XM_0382651191	rna-XM_0382651191	ENSXNUT00000012905
OG0003931	rna-XM_0382617211	rna-XM_0382617211	rna-XM_0382617211	rna-XM_0382617211	ENSXNUT00000016861
OG0003932	rna-XM_0018441722	rna-XM_0018441722	rna-XM_0018441722	rna-XM_0018441722	ENSXNUT00000008565
OG0003933	rna-XM_0382603041	rna-XM_0382603041	rna-XM_0382603041	rna-XM_0382603041	ENSXNUT00000006085
OG0003934	rna-XM_0018441782	rna-XM_0018441782	rna-XM_0018441782	rna-XM_0018441782	ENSXNUT00000009858
OG0003935	rna-XM_0382616271	rna-XM_0382616271	rna-XM_0382616271	rna-XM_0382616271	ENSXNUT00000009248
OG0003936	rna-XM_0018441822	rna-XM_0018441822	rna-XM_0018441822	rna-XM_0018441822	ENSXNUT00000011427
OG0003937	rna-XM_0018441832	rna-XM_0018441832	rna-XM_0018441832	rna-XM_0018441832	ENSXNUT00000007784
OG0003938	rna-XM_0018441842	rna-XM_0018441842	rna-XM_0018441842	rna-XM_0018441842	ENSXNUT00000009239
OG0003939	rna-XM_0382494831	rna-XM_0382494831	rna-XM_0382494831	rna-XM_0382494831	ENSXNUT00000015968
OG0003940	rna-XM_0018442412	rna-XM_0018442412	rna-XM_0018442412	rna-XM_0018442412	ENSXNUT00000013568
OG0003941	rna-XM_0018442452	rna-XM_0018442452	rna-XM_0018442452	rna-XM_0018442452	ENSXNUT00000018693
OG0003942	rna-XM_0018442462	rna-XM_0018442462	rna-XM_0018442462	rna-XM_0018442462	ENSXNUT00000018510
OG0003943	rna-XM_0382497041	rna-XM_0382497041	rna-XM_0382497041	rna-XM_0382497041	ENSXNUT00000017664
OG0003944	rna-XM_0018442682	rna-XM_0018442682	rna-XM_0018442682	rna-XM_0018442682	ENSXNUT00000016053
OG0003945	rna-XM_0018442762	rna-XM_0018442762	rna-XM_0018442762	rna-XM_0018442762	ENSXNUT00000013290
OG0003946	rna-XM_0382480741	rna-XM_0382480741	rna-XM_0382480741	rna-XM_0382480741	ENSXNUT00000018853
OG0003947	rna-XM_0018442812	rna-XM_0018442812	rna-XM_0018442812	rna-XM_0018442812	ENSXNUT00000012517
OG0003948	rna-XM_0018442852	rna-XM_0018442852	rna-XM_0018442852	rna-XM_0018442852	ENSXNUT00000018250
OG0003949	rna-XM_0382563111	rna-XM_0382563111	rna-XM_0382563111	rna-XM_0382563111	ENSXNUT00000014969
OG0003950	rna-XM_0382486651	rna-XM_0382486651	rna-XM_0382486651	rna-XM_0382486651	ENSXNUT00000018782
OG0003951	rna-XM_0382499691	rna-XM_0382499691	rna-XM_0382499691	rna-XM_0382499691	ENSXNUT00000016906
OG0003952	rna-XM_0382488811	rna-XM_0382488811	rna-XM_0382488811	rna-XM_0382488811	ENSXNUT00000015812
OG0003953	rna-XM_0382596691	rna-XM_0382596691	rna-XM_0382596691	rna-XM_0382596691	ENSXNUT00000014915
OG0003954	rna-XM_0018443172	rna-XM_0018443172	rna-XM_0018443172	rna-XM_0018443172	ENSXNUT00000015564
OG0003955	rna-XM_0382595271	rna-XM_0382595271	rna-XM_0382595271	rna-XM_0382595271	ENSXNUT00000014223
OG0003956	rna-XM_0018443252	rna-XM_0018443252	rna-XM_0018443252	rna-XM_0018443252	ENSXNUT00000013418
OG0003957	rna-XM_0382634631	rna-XM_0382634631	rna-XM_0382634631	rna-XM_0382634631	ENSXNUT00000006816
OG0003958	rna-XM_0018443272	rna-XM_0018443272	rna-XM_0018443272	rna-XM_0018443272	ENSXNUT00000008968
OG0003959	rna-XM_0018443282	rna-XM_0018443282	rna-XM_0018443282	rna-XM_0018443282	ENSXNUT00000007232
OG0003960	rna-XM_0018443292	rna-XM_0018443292	rna-XM_0018443292	rna-XM_0018443292	ENSXNUT00000014647
OG0003961	rna-XM_0382637151	rna-XM_0382637151	rna-XM_0382637151	rna-XM_0382637151	ENSXNUT00000012706
OG0003962	rna-XM_0018443332	rna-XM_0018443332	rna-XM_0018443332	rna-XM_0018443332	ENSXNUT00000008176
OG0003963	rna-XM_0018443342	rna-XM_0018443342	rna-XM_0018443342	rna-XM_0018443342	ENSXNUT00000011504
OG0003964	rna-XM_0018443352	rna-XM_0018443352	rna-XM_0018443352	rna-XM_0018443352	ENSXNUT00000007431
OG0003965	rna-XM_0382616631	rna-XM_0382616631	rna-XM_0382616631	rna-XM_0382616631	ENSXNUT00000010265
OG0003966	rna-XM_0382627861	rna-XM_0382627861	rna-XM_0382627861	rna-XM_0382627861	ENSXNUT00000005945
OG0003967	rna-XM_0382627791	rna-XM_0382627791	rna-XM_0382627791	rna-XM_0382627791	ENSXNUT00000016729
OG0003968	rna-XM_0382627811	rna-XM_0382627811	rna-XM_0382627811	rna-XM_0382627811	ENSXNUT00000011841
OG0003969	rna-XM_0382644371	rna-XM_0382644371	rna-XM_0382644371	rna-XM_0382644371	ENSXNUT00000013453
OG0003970	rna-XM_0382588701	rna-XM_0382588701	rna-XM_0382588701	rna-XM_0382588701	ENSXNUT00000011767
OG0003971	rna-XM_0018443512	rna-XM_0018443512	rna-XM_0018443512	rna-XM_0018443512	ENSXNUT00000010745
OG0003972	rna-XM_0018443522	rna-XM_0018443522	rna-XM_0018443522	rna-XM_0018443522	ENSXNUT00000010279
OG0003973	rna-XM_0382661611	rna-XM_0382661611	rna-XM_0382661611	rna-XM_0382661611	ENSXNUT00000008628
OG0003974	rna-XM_0382642951	rna-XM_0382642951	rna-XM_0382642951	rna-XM_0382642951	ENSXNUT00000009667
OG0003975	rna-XM_0382643161	rna-XM_0382643161	rna-XM_0382643161	rna-XM_0382643161	ENSXNUT00000011979
OG0003976	rna-XM_0018443612	rna-XM_0018443612	rna-XM_0018443612	rna-XM_0018443612	ENSXNUT00000006520
OG0003977	rna-XM_0382642991	rna-XM_0382642991	rna-XM_0382642991	rna-XM_0382642991	ENSXNUT00000012072
OG0003978	rna-XM_0382601001	rna-XM_0382601001	rna-XM_0382601001	rna-XM_0382601001	ENSXNUT00000007899
OG0003979	rna-XM_0382611961	rna-XM_0382611961	rna-XM_0382611961	rna-XM_0382611961	ENSXNUT00000006538
OG0003980	rna-XM_0382650021	rna-XM_0382650021	rna-XM_0382650021	rna-XM_0382650021	ENSXNUT00000009961
OG0003981	rna-XM_0382620251	rna-XM_0382620251	rna-XM_0382620251	rna-XM_0382620251	ENSXNUT00000012415
OG0003982	rna-XM_0382620301	rna-XM_0382620301	rna-XM_0382620301	rna-XM_0382620301	ENSXNUT00000016916
OG0003983	rna-XM_0018443942	rna-XM_0018443942	rna-XM_0018443942	rna-XM_0018443942	ENSXNUT00000011492
OG0003984	rna-XM_0018443962	rna-XM_0018443962	rna-XM_0018443962	rna-XM_0018443962	ENSXNUT00000014216
OG0003985	rna-XM_0382618451	rna-XM_0382618451	rna-XM_0382618451	rna-XM_0382618451	ENSXNUT00000015383
OG0003986	rna-XM_0382599461	rna-XM_0382599461	rna-XM_0382599461	rna-XM_0382599461	ENSXNUT00000008433
OG0003987	rna-XM_0382616871	rna-XM_0382616871	rna-XM_0382616871	rna-XM_0382616871	ENSXNUT00000010223
OG0003988	rna-XM_0018444042	rna-XM_0018444042	rna-XM_0018444042	rna-XM_0018444042	ENSXNUT00000011444
OG0003989	rna-XM_0018444072	rna-XM_0018444072	rna-XM_0018444072	rna-XM_0018444072	ENSXNUT00000009276
OG0003990	rna-XM_0382602621	rna-XM_0382602621	rna-XM_0382602621	rna-XM_0382602621	ENSXNUT00000008689
OG0003991	rna-XM_0382654321	rna-XM_0382654321	rna-XM_0382654321	rna-XM_0382654321	ENSXNUT00000016590
OG0003992	rna-XM_0382654341	rna-XM_0382654341	rna-XM_0382654341	rna-XM_0382654341	ENSXNUT00000011827
OG0003993	rna-XM_0018444142	rna-XM_0018444142	rna-XM_0018444142	rna-XM_0018444142	ENSXNUT00000008245
OG0003994	rna-XM_0018444222	rna-XM_0018444222	rna-XM_0018444222	rna-XM_0018444222	ENSXNUT00000009588
OG0003995	rna-XM_0018444232	rna-XM_0018444232	rna-XM_0018444232	rna-XM_0018444232	ENSXNUT00000000777
OG0003996	rna-XM_0382571611	rna-XM_0382571611	rna-XM_0382571611	rna-XM_0382571611	ENSXNUT00000001812
OG0003997	rna-XM_0382573371	rna-XM_0382573371	rna-XM_0382573371	rna-XM_0382573371	ENSXNUT00000003701
OG0003998	rna-XM_0018444192	rna-XM_0018444192	rna-XM_0018444192	rna-XM_0018444192	ENSXNUT00000003345
OG0003999	rna-XM_0382532391	rna-XM_0382532391	rna-XM_0382532391	rna-XM_0382532391	ENSXNUT00000004378
OG0004000	rna-XM_0382556421	rna-XM_0382556421	rna-XM_0382556421	rna-XM_0382556421	ENSXNUT00000003816
OG0004001	rna-XM_0018444292	rna-XM_0018444292	rna-XM_0018444292	rna-XM_0018444292	ENSXNUT00000005286
OG0004002	rna-XM_0382527001	rna-XM_0382527001	rna-XM_0382527001	rna-XM_0382527001	ENSXNUT00000007101
OG0004003	rna-XM_0382534111	rna-XM_0382534111	rna-XM_0382534111	rna-XM_0382534111	ENSXNUT00000005783
OG0004004	rna-XM_0382545421	rna-XM_0382545421	rna-XM_0382545421	rna-XM_0382545421	ENSXNUT00000000418
OG0004005	rna-XM_0382545411	rna-XM_0382545411	rna-XM_0382545411	rna-XM_0382545411	ENSXNUT00000006699
OG0004006	rna-XM_0382518001	rna-XM_0382518001	rna-XM_0382518001	rna-XM_0382518001	ENSXNUT00000000101
OG0004007	rna-XM_0382548321	rna-XM_0382548321	rna-XM_0382548321	rna-XM_0382548321	ENSXNUT00000004534
OG0004008	rna-XM_0382575831	rna-XM_0382575831	rna-XM_0382575831	rna-XM_0382575831	ENSXNUT00000009342
OG0004009	rna-XM_0018444472	rna-XM_0018444472	rna-XM_0018444472	rna-XM_0018444472	ENSXNUT00000004287
OG0004010	rna-XM_0382543091	rna-XM_0382543091	rna-XM_0382543091	rna-XM_0382543091	ENSXNUT00000001730
OG0004011	rna-XM_0018444512	rna-XM_0018444512	rna-XM_0018444512	rna-XM_0018444512	ENSXNUT00000003638
OG0004012	rna-XM_0382543451	rna-XM_0382543451	rna-XM_0382543451	rna-XM_0382543451	ENSXNUT00000005190
OG0004013	rna-XM_0018444552	rna-XM_0018444552	rna-XM_0018444552	rna-XM_0018444552	ENSXNUT00000001719
OG0004014	rna-XM_0382532671	rna-XM_0382532671	rna-XM_0382532671	rna-XM_0382532671	ENSXNUT00000005300
OG0004015	rna-XM_0018444572	rna-XM_0018444572	rna-XM_0018444572	rna-XM_0018444572	ENSXNUT00000000249
OG0004016	rna-XM_0382583491	rna-XM_0382583491	rna-XM_0382583491	rna-XM_0382583491	ENSXNUT00000002766
OG0004017	rna-XM_0382576391	rna-XM_0382576391	rna-XM_0382576391	rna-XM_0382576391	ENSXNUT00000000683
OG0004018	rna-XM_0382529151	rna-XM_0382529151	rna-XM_0382529151	rna-XM_0382529151	ENSXNUT00000005077
OG0004019	rna-XM_0018444642	rna-XM_0018444642	rna-XM_0018444642	rna-XM_0018444642	ENSXNUT00000004861
OG0004020	rna-XM_0018444742	rna-XM_0018444742	rna-XM_0018444742	rna-XM_0018444742	ENSXNUT00000002471
OG0004021	rna-XM_0382534081	rna-XM_0382534081	rna-XM_0382534081	rna-XM_0382534081	ENSXNUT00000000529
OG0004022	rna-XM_0018444732	rna-XM_0018444732	rna-XM_0018444732	rna-XM_0018444732	ENSXNUT00000005844
OG0004023	rna-XM_0382573441	rna-XM_0382573441	rna-XM_0382573441	rna-XM_0382573441	ENSXNUT00000001933
OG0004024	rna-XM_0382571261	rna-XM_0382571261	rna-XM_0382571261	rna-XM_0382571261	ENSXNUT00000000525
OG0004025	rna-XM_0382505371	rna-XM_0382505371	rna-XM_0382505371	rna-XM_0382505371	ENSXNUT00000003790
OG0004026	rna-XM_0018444852	rna-XM_0018444852	rna-XM_0018444852	rna-XM_0018444852	ENSXNUT00000002777
OG0004027	rna-XM_0018444922	rna-XM_0018444922	rna-XM_0018444922	rna-XM_0382562951	ENSXNUT00000001193
OG0004028	rna-XM_0018444932	rna-XM_0018444932	rna-XM_0018444932	rna-XM_0018444932	ENSXNUT00000005620
OG0004029	rna-XM_0018444942	rna-XM_0018444942	rna-XM_0018444942	rna-XM_0018444942	ENSXNUT00000002316
OG0004030	rna-XM_0018444952	rna-XM_0018444952	rna-XM_0018444952	rna-XM_0018444952	ENSXNUT00000002619
OG0004031	rna-XM_0018444972	rna-XM_0018444972	rna-XM_0018444972	rna-XM_0018444972	ENSXNUT00000001132
OG0004032	rna-XM_0382528731	rna-XM_0382528731	rna-XM_0382528731	rna-XM_0382528731	ENSXNUT00000005367
OG0004033	rna-XM_0018445032	rna-XM_0018445032	rna-XM_0018445032	rna-XM_0018445032	ENSXNUT00000007255
OG0004034	rna-XM_0382528721	rna-XM_0382528721	rna-XM_0382528721	rna-XM_0382528721	ENSXNUT00000004567
OG0004035	rna-XM_0018445142	rna-XM_0018445142	rna-XM_0018445142	rna-XM_0018445142	ENSXNUT00000001609
OG0004036	rna-XM_0018445152	rna-XM_0018445152	rna-XM_0018445152	rna-XM_0018445152	ENSXNUT00000001319
OG0004037	rna-XM_0382539591	rna-XM_0382539591	rna-XM_0382539591	rna-XM_0382539591	ENSXNUT00000008896
OG0004038	rna-XM_0018445192	rna-XM_0018445192	rna-XM_0018445192	rna-XM_0018445192	ENSXNUT00000001440
OG0004039	rna-XM_0018445212	rna-XM_0018445212	rna-XM_0018445212	rna-XM_0018445212	ENSXNUT00000009078
OG0004040	rna-XM_0018445282	rna-XM_0018445282	rna-XM_0018445282	rna-XM_0018445282	ENSXNUT00000001090
OG0004041	rna-XM_0382533831	rna-XM_0382533851	rna-XM_0382533851	rna-XM_0382533831	ENSXNUT00000004680
OG0004042	rna-XM_0018445372	rna-XM_0018445372	rna-XM_0018445372	rna-XM_0018445372	ENSXNUT00000002646
OG0004043	rna-XM_0018445392	rna-XM_0018445392	rna-XM_0018445392	rna-XM_0018445392	ENSXNUT00000001870
OG0004044	rna-XM_0382567101	rna-XM_0382567101	rna-XM_0382567101	rna-XM_0382567101	ENSXNUT00000004724
OG0004045	rna-XM_0382579701	rna-XM_0382579701	rna-XM_0382579701	rna-XM_0382579701	ENSXNUT00000008652
OG0004046	rna-XM_0018445452	rna-XM_0018445452	rna-XM_0018445452	rna-XM_0018445452	ENSXNUT00000004895
OG0004047	rna-XM_0018445462	rna-XM_0018445462	rna-XM_0018445462	rna-XM_0018445462	ENSXNUT00000003390
OG0004048	rna-XM_0382555241	rna-XM_0382555241	rna-XM_0382555241	rna-XM_0382555241	ENSXNUT00000005794
OG0004049	rna-XM_0018445522	rna-XM_0018445522	rna-XM_0018445522	rna-XM_0018445522	ENSXNUT00000000056
OG0004050	rna-XM_0382572151	rna-XM_0382572151	rna-XM_0382572151	rna-XM_0382572151	ENSXNUT00000003020
OG0004051	rna-XM_0382540561	rna-XM_0382540561	rna-XM_0382540561	rna-XM_0382540561	ENSXNUT00000001240
OG0004052	rna-XM_0018445632	rna-XM_0018445632	rna-XM_0018445632	rna-XM_0018445632	ENSXNUT00000002042
OG0004053	rna-XM_0018445742	rna-XM_0018445742	rna-XM_0018445742	rna-XM_0018445742	ENSXNUT00000002364
OG0004054	rna-XM_0382528951	rna-XM_0382528951	rna-XM_0382528951	rna-XM_0382528951	ENSXNUT00000002932
OG0004055	rna-XM_0018445772	rna-XM_0018445772	rna-XM_0018445772	rna-XM_0018445772	ENSXNUT00000001483
OG0004056	rna-XM_0382555141	rna-XM_0382555141	rna-XM_0382555141	rna-XM_0382555141	ENSXNUT00000002969
OG0004057	rna-XM_0018445882	rna-XM_0018445882	rna-XM_0018445882	rna-XM_0018445882	ENSXNUT00000013522
OG0004058	rna-XM_0382585471	rna-XM_0382585471	rna-XM_0382585471	rna-XM_0382585471	ENSXNUT00000018012
OG0004059	rna-XM_0382482731	rna-XM_0382482731	rna-XM_0382482731	rna-XM_0382482731	ENSXNUT00000017405
OG0004060	rna-XM_0382490901	rna-XM_0382490901	rna-XM_0382490901	rna-XM_0382490901	ENSXNUT00000014160
OG0004061	rna-XM_0018446002	rna-XM_0018446002	rna-XM_0018446002	rna-XM_0018446002	ENSXNUT00000013328
OG0004062	rna-XM_0018446012	rna-XM_0018446012	rna-XM_0018446012	rna-XM_0018446012	ENSXNUT00000018921
OG0004063	rna-XM_0018446072	rna-XM_0018446072	rna-XM_0018446072	rna-XM_0018446072	ENSXNUT00000012961
OG0004064	rna-XM_0382594721	rna-XM_0382594721	rna-XM_0382594721	rna-XM_0382594721	ENSXNUT00000017161
OG0004065	rna-XM_0382666461	rna-XM_0382666461	rna-XM_0382666461	rna-XM_0382666461	ENSXNUT00000014618
OG0004066	rna-XM_0382556301	rna-XM_0382556301	rna-XM_0382556301	rna-XM_0382556301	ENSXNUT00000002579
OG0004067	rna-XM_0382563301	rna-XM_0382563301	rna-XM_0382563301	rna-XM_0382563301	ENSXNUT00000003901
OG0004068	rna-XM_0382572761	rna-XM_0382572761	rna-XM_0382572761	rna-XM_0382572761	ENSXNUT00000002816
OG0004069	rna-XM_0382554221	rna-XM_0382554221	rna-XM_0382554221	rna-XM_0382554221	ENSXNUT00000001697
OG0004070	rna-XM_0018446222	rna-XM_0018446222	rna-XM_0018446222	rna-XM_0018446222	ENSXNUT00000007117
OG0004071	rna-XM_0018446252	rna-XM_0018446252	rna-XM_0018446252	rna-XM_0018446252	ENSXNUT00000001614
OG0004072	rna-XM_0382561611	rna-XM_0382561611	rna-XM_0382561611	rna-XM_0382561611	ENSXNUT00000000455
OG0004073	rna-XM_0382573861	rna-XM_0382573861	rna-XM_0382573861	rna-XM_0382573861	ENSXNUT00000004106
OG0004074	rna-XM_0382520531	rna-XM_0382520531	rna-XM_0382520531	rna-XM_0382520531	ENSXNUT00000004936
OG0004075	rna-XM_0018446542	rna-XM_0018446542	rna-XM_0018446542	rna-XM_0018446542	ENSXNUT00000002325
OG0004076	rna-XM_0018446552	rna-XM_0018446552	rna-XM_0018446552	rna-XM_0018446552	ENSXNUT00000002247
OG0004077	rna-XM_0018446562	rna-XM_0018446562	rna-XM_0018446562	rna-XM_0018446562	ENSXNUT00000005021
OG0004078	rna-XM_0018446572	rna-XM_0018446572	rna-XM_0018446572	rna-XM_0018446572	ENSXNUT00000007226
OG0004079	rna-XM_0018446602	rna-XM_0018446602	rna-XM_0018446602	rna-XM_0018446602	ENSXNUT00000001047
OG0004080	rna-XM_0382531701	rna-XM_0382531701	rna-XM_0382531701	rna-XM_0382531701	ENSXNUT00000016791
OG0004081	rna-XM_0382564001	rna-XM_0382564001	rna-XM_0382564001	rna-XM_0382564001	ENSXNUT00000000475
OG0004082	rna-XM_0018446632	rna-XM_0018446632	rna-XM_0018446632	rna-XM_0018446632	ENSXNUT00000005112
OG0004083	rna-XM_0382545321	rna-XM_0382545321	rna-XM_0382545321	rna-XM_0382545321	ENSXNUT00000001604
OG0004084	rna-XM_0018446652	rna-XM_0018446652	rna-XM_0018446652	rna-XM_0018446652	ENSXNUT00000001416
OG0004085	rna-XM_0018446672	rna-XM_0018446672	rna-XM_0018446672	rna-XM_0018446672	ENSXNUT00000002645
OG0004086	rna-XM_0018446682	rna-XM_0018446682	rna-XM_0018446682	rna-XM_0018446682	ENSXNUT00000001882
OG0004087	rna-XM_0382554101	rna-XM_0382554101	rna-XM_0382554101	rna-XM_0382554101	ENSXNUT00000001297
OG0004088	rna-XM_0018446742	rna-XM_0018446742	rna-XM_0018446742	rna-XM_0018446742	ENSXNUT00000018917
OG0004089	rna-XM_0018446762	rna-XM_0018446762	rna-XM_0018446762	rna-XM_0018446762	ENSXNUT00000013189
OG0004090	rna-XM_0382584121	rna-XM_0382584121	rna-XM_0382584121	rna-XM_0382584121	ENSXNUT00000018426
OG0004091	rna-XM_0018446792	rna-XM_0018446792	rna-XM_0018446792	rna-XM_0018446792	ENSXNUT00000012849
OG0004092	rna-XM_0018446802	rna-XM_0018446802	rna-XM_0018446802	rna-XM_0018446802	ENSXNUT00000016865
OG0004093	rna-XM_0382584001	rna-XM_0382584001	rna-XM_0382584001	rna-XM_0382584001	ENSXNUT00000016087
OG0004094	rna-XM_0382668381	rna-XM_0382668381	rna-XM_0382668381	rna-XM_0382668381	ENSXNUT00000016264
OG0004095	rna-XM_0382491001	rna-XM_0382491001	rna-XM_0382491001	rna-XM_0382491001	ENSXNUT00000013570
OG0004096	rna-XM_0382490731	rna-XM_0382490731	rna-XM_0382490731	rna-XM_0382490731	ENSXNUT00000017367
OG0004097	rna-XM_0018446912	rna-XM_0018446912	rna-XM_0018446912	rna-XM_0018446912	ENSXNUT00000016994
OG0004098	rna-XM_0018446922	rna-XM_0018446922	rna-XM_0018446922	rna-XM_0018446922	ENSXNUT00000017528
OG0004099	rna-XM_0018446932	rna-XM_0018446932	rna-XM_0018446932	rna-XM_0018446932	ENSXNUT00000013914
OG0004100	rna-XM_0018446962	rna-XM_0018446962	rna-XM_0018446962	rna-XM_0018446962	ENSXNUT00000013627
OG0004101	rna-XM_0382487901	rna-XM_0382487901	rna-XM_0382487901	rna-XM_0382487901	ENSXNUT00000017495
OG0004102	rna-XM_0382506111	rna-XM_0382506111	rna-XM_0382506111	rna-XM_0382506111	ENSXNUT00000013996
OG0004103	rna-XM_0018447012	rna-XM_0018447012	rna-XM_0018447012	rna-XM_0018447012	ENSXNUT00000014240
OG0004104	rna-XM_0382486981	rna-XM_0382486981	rna-XM_0382486981	rna-XM_0382486981	ENSXNUT00000015584
OG0004105	rna-XM_0018447032	rna-XM_0018447032	rna-XM_0018447032	rna-XM_0018447032	ENSXNUT00000014893
OG0004106	rna-XM_0382549631	rna-XM_0382549631	rna-XM_0382549631	rna-XM_0382549631	ENSXNUT00000015856
OG0004107	rna-XM_0018447152	rna-XM_0018447152	rna-XM_0018447152	rna-XM_0018447152	ENSXNUT00000018113
OG0004108	rna-XM_0382491651	rna-XM_0382491651	rna-XM_0382491651	rna-XM_0382491651	ENSXNUT00000014578
OG0004109	rna-XM_0018447182	rna-XM_0018447182	rna-XM_0018447182	rna-XM_0018447182	ENSXNUT00000018691
OG0004110	rna-XM_0382491861	rna-XM_0382491861	rna-XM_0382491861	rna-XM_0382491861	ENSXNUT00000017789
OG0004111	rna-XM_0382523651	rna-XM_0382523651	rna-XM_0382523651	rna-XM_0382523651	ENSXNUT00000011967
OG0004112	rna-XM_0382668931	rna-XM_0382668931	rna-XM_0382668931	rna-XM_0382668931	ENSXNUT00000012746
OG0004113	rna-XM_0382600551	rna-XM_0382600551	rna-XM_0382600551	rna-XM_0382600551	ENSXNUT00000017322
OG0004114	rna-XM_0018447322	rna-XM_0018447322	rna-XM_0018447322	rna-XM_0018447322	ENSXNUT00000014907
OG0004115	rna-XM_0382650761	rna-XM_0382650761	rna-XM_0382650761	rna-XM_0382650761	ENSXNUT00000017931
OG0004116	rna-XM_0382669951	rna-XM_0382669951	rna-XM_0382669951	rna-XM_0382669951	ENSXNUT00000015107
OG0004117	rna-XM_0018447352	rna-XM_0018447352	rna-XM_0018447352	rna-XM_0018447352	ENSXNUT00000014447
OG0004118	rna-XM_0382480911	rna-XM_0382480911	rna-XM_0382480911	rna-XM_0382480911	ENSXNUT00000012785
OG0004119	rna-XM_0382480891	rna-XM_0382480891	rna-XM_0382480891	rna-XM_0382480891	ENSXNUT00000017990
OG0004120	rna-XM_0382494981	rna-XM_0382494981	rna-XM_0382494981	rna-XM_0382494981	ENSXNUT00000015274
OG0004121	rna-XM_0382553271	rna-XM_0382553271	rna-XM_0382553271	rna-XM_0382553271	ENSXNUT00000018565
OG0004122	rna-XM_0018447572	rna-XM_0018447572	rna-XM_0018447572	rna-XM_0018447572	ENSXNUT00000001019
OG0004123	rna-XM_0382538351	rna-XM_0382538351	rna-XM_0382538351	rna-XM_0382538351	ENSXNUT00000001736
OG0004124	rna-XM_0018447632	rna-XM_0018447632	rna-XM_0018447632	rna-XM_0018447632	ENSXNUT00000009495
OG0004125	rna-XM_0382554821	rna-XM_0382554821	rna-XM_0382554821	rna-XM_0382554821	ENSXNUT00000002614
OG0004126	rna-XM_0382520121	rna-XM_0382520121	rna-XM_0382520121	rna-XM_0382520121	ENSXNUT00000000282
OG0004127	rna-XM_0382543871	rna-XM_0382543871	rna-XM_0382543871	rna-XM_0382543871	ENSXNUT00000009883
OG0004128	rna-XM_0018447802	rna-XM_0018447802	rna-XM_0018447802	rna-XM_0018447802	ENSXNUT00000003549
OG0004129	rna-XM_0382516301	rna-XM_0382516301	rna-XM_0382516301	rna-XM_0382516301	ENSXNUT00000002025
OG0004130	rna-XM_0018447962	rna-XM_0018447962	rna-XM_0018447962	rna-XM_0018447962	ENSXNUT00000002046
OG0004131	rna-XM_0382532101	rna-XM_0382532101	rna-XM_0382532101	rna-XM_0382532101	ENSXNUT00000000557
OG0004132	rna-XM_0018447992	rna-XM_0018447992	rna-XM_0018447992	rna-XM_0018447992	ENSXNUT00000009984
OG0004133	rna-XM_0018448012	rna-XM_0018448012	rna-XM_0018448012	rna-XM_0018448012	ENSXNUT00000002198
OG0004134	rna-XM_0382570091	rna-XM_0382570091	rna-XM_0382570091	rna-XM_0382570091	ENSXNUT00000004013
OG0004135	rna-XM_0382501281	rna-XM_0382501281	rna-XM_0382501281	rna-XM_0382501281	ENSXNUT00000003338
OG0004136	rna-XM_0382525431	rna-XM_0382525431	rna-XM_0382525431	rna-XM_0382525431	ENSXNUT00000005545
OG0004137	rna-XM_0382525461	rna-XM_0382525461	rna-XM_0382525461	rna-XM_0382525461	ENSXNUT00000000351
OG0004138	rna-XM_0382642271	rna-XM_0382642271	rna-XM_0382642271	rna-XM_0382642271	ENSXNUT00000010870
OG0004139	rna-XM_0382642231	rna-XM_0382642231	rna-XM_0382642231	rna-XM_0382642231	ENSXNUT00000007273
OG0004140	rna-XM_0018448192	rna-XM_0018448192	rna-XM_0018448192	rna-XM_0018448192	ENSXNUT00000009905
OG0004141	rna-XM_0382642121	rna-XM_0382642121	rna-XM_0382642121	rna-XM_0382642121	ENSXNUT00000006155
OG0004142	rna-XM_0382642101	rna-XM_0382642101	rna-XM_0382642101	rna-XM_0382642101	ENSXNUT00000011101
OG0004143	rna-XM_0382642241	rna-XM_0382642241	rna-XM_0382642241	rna-XM_0382642241	ENSXNUT00000011770
OG0004144	rna-XM_0382642221	rna-XM_0382642221	rna-XM_0382642221	rna-XM_0382642221	ENSXNUT00000008365
OG0004145	rna-XM_0018448332	rna-XM_0018448332	rna-XM_0018448332	rna-XM_0018448332	ENSXNUT00000009337
OG0004146	rna-XM_0382642081	rna-XM_0382642081	rna-XM_0382642081	rna-XM_0382642081	ENSXNUT00000009938
OG0004147	rna-XM_0382642181	rna-XM_0382642181	rna-XM_0382642181	rna-XM_0382642181	ENSXNUT00000010118
OG0004148	rna-XM_0018448452	rna-XM_0018448452	rna-XM_0018448452	rna-XM_0018448452	ENSXNUT00000012266
OG0004149	rna-XM_0382658791	rna-XM_0382658791	rna-XM_0382658791	rna-XM_0382658791	ENSXNUT00000011991
OG0004150	rna-XM_0382614781	rna-XM_0382614781	rna-XM_0382614781	rna-XM_0382614781	ENSXNUT00000008276
OG0004151	rna-XM_0382659441	rna-XM_0382659441	rna-XM_0382659441	rna-XM_0382659441	ENSXNUT00000008031
OG0004152	rna-XM_0382637831	rna-XM_0382637831	rna-XM_0382637831	rna-XM_0382637831	ENSXNUT00000010561
OG0004153	rna-XM_0382602791	rna-XM_0382602791	rna-XM_0382602791	rna-XM_0382602791	ENSXNUT00000013465
OG0004154	rna-XM_0018448592	rna-XM_0018448592	rna-XM_0018448592	rna-XM_0018448592	ENSXNUT00000011081
OG0004155	rna-XM_0382613951	rna-XM_0382613951	rna-XM_0382613951	rna-XM_0382613951	ENSXNUT00000007304
OG0004156	rna-XM_0018448922	rna-XM_0018448922	rna-XM_0018448922	rna-XM_0018448922	ENSXNUT00000004975
OG0004157	rna-XM_0382518361	rna-XM_0382518361	rna-XM_0382518361	rna-XM_0382518361	ENSXNUT00000001726
OG0004158	rna-XM_0382565791	rna-XM_0382565791	rna-XM_0382565791	rna-XM_0382565791	ENSXNUT00000004888
OG0004159	rna-XM_0018449072	rna-XM_0018449072	rna-XM_0018449072	rna-XM_0018449072	ENSXNUT00000006865
OG0004160	rna-XM_0018449082	rna-XM_0018449082	rna-XM_0018449082	rna-XM_0018449082	ENSXNUT00000003731
OG0004161	rna-XM_0018449092	rna-XM_0018449092	rna-XM_0018449092	rna-XM_0018449092	ENSXNUT00000011779
OG0004162	rna-XM_0382574031	rna-XM_0382574031	rna-XM_0382574031	rna-XM_0382574031	ENSXNUT00000007569
OG0004163	rna-XM_0382524771	rna-XM_0382524771	rna-XM_0382524771	rna-XM_0382524771	ENSXNUT00000002844
OG0004164	rna-XM_0018449132	rna-XM_0018449132	rna-XM_0018449132	rna-XM_0018449132	ENSXNUT00000005655
OG0004165	rna-XM_0382535141	rna-XM_0382535141	rna-XM_0382535141	rna-XM_0382535141	ENSXNUT00000002762
OG0004166	rna-XM_0382554601	rna-XM_0382554601	rna-XM_0382554601	rna-XM_0382554601	ENSXNUT00000005698
OG0004167	rna-XM_0018449222	rna-XM_0018449222	rna-XM_0018449222	rna-XM_0018449222	ENSXNUT00000002725
OG0004168	rna-XM_0382568351	rna-XM_0382568351	rna-XM_0382568351	rna-XM_0382568351	ENSXNUT00000001502
OG0004169	rna-XM_0382536241	rna-XM_0382536241	rna-XM_0382536241	rna-XM_0382536251	ENSXNUT00000005774
OG0004170	rna-XM_0382531801	rna-XM_0382531801	rna-XM_0382531801	rna-XM_0382531801	ENSXNUT00000005421
OG0004171	rna-XM_0018449382	rna-XM_0018449382	rna-XM_0018449382	rna-XM_0018449382	ENSXNUT00000001357
OG0004172	rna-XM_0382570521	rna-XM_0382570521	rna-XM_0382570521	rna-XM_0382570521	ENSXNUT00000000374
OG0004173	rna-XM_0382494011	rna-XM_0382494011	rna-XM_0382494011	rna-XM_0382494011	ENSXNUT00000017873
OG0004174	rna-XM_0382500181	rna-XM_0382500181	rna-XM_0382500181	rna-XM_0382500181	ENSXNUT00000017540
OG0004175	rna-XM_0382486531	rna-XM_0382486531	rna-XM_0382486531	rna-XM_0382486531	ENSXNUT00000018366
OG0004176	rna-XM_0382484941	rna-XM_0382484941	rna-XM_0382484941	rna-XM_0382484941	ENSXNUT00000017618
OG0004177	rna-XM_0018449522	rna-XM_0018449522	rna-XM_0018449522	rna-XM_0018449522	ENSXNUT00000012153
OG0004178	rna-XM_0018449532	rna-XM_0018449532	rna-XM_0018449532	rna-XM_0018449532	ENSXNUT00000017407
OG0004179	rna-XM_0382491281	rna-XM_0382491281	rna-XM_0382491281	rna-XM_0382491281	ENSXNUT00000014730
OG0004180	rna-XM_0382666571	rna-XM_0382666571	rna-XM_0382666571	rna-XM_0382666571	ENSXNUT00000012460
OG0004181	rna-XM_0018449562	rna-XM_0018449562	rna-XM_0018449562	rna-XM_0018449562	ENSXNUT00000012029
OG0004182	rna-XM_0018449592	rna-XM_0018449592	rna-XM_0018449592	rna-XM_0018449592	ENSXNUT00000015243
OG0004183	rna-XM_0382669601	rna-XM_0382669601	rna-XM_0382669601	rna-XM_0382669601	ENSXNUT00000015532
OG0004184	rna-XM_0018449612	rna-XM_0018449612	rna-XM_0018449612	rna-XM_0018449612	ENSXNUT00000012863
OG0004185	rna-XM_0018449622	rna-XM_0018449622	rna-XM_0018449622	rna-XM_0018449622	ENSXNUT00000014590
OG0004186	rna-XM_0018449632	rna-XM_0018449632	rna-XM_0018449632	rna-XM_0018449632	ENSXNUT00000018816
OG0004187	rna-XM_0018449642	rna-XM_0018449642	rna-XM_0018449642	rna-XM_0018449642	ENSXNUT00000017075
OG0004188	rna-XM_0382482391	rna-XM_0382482391	rna-XM_0382482391	rna-XM_0382482391	ENSXNUT00000013428
OG0004189	rna-XM_0382664941	rna-XM_0382664941	rna-XM_0382664941	rna-XM_0382664941	ENSXNUT00000016035
OG0004190	rna-XM_0018449672	rna-XM_0018449672	rna-XM_0018449672	rna-XM_0018449672	ENSXNUT00000017703
OG0004191	rna-XM_0382497081	rna-XM_0382497081	rna-XM_0382497081	rna-XM_0382497081	ENSXNUT00000016577
OG0004192	rna-XM_0018449702	rna-XM_0018449702	rna-XM_0018449702	rna-XM_0018449702	ENSXNUT00000013430
OG0004193	rna-XM_0382532971	rna-XM_0382532971	rna-XM_0382532971	rna-XM_0382532971	ENSXNUT00000017797
OG0004194	rna-XM_0382487421	rna-XM_0382487421	rna-XM_0382487421	rna-XM_0382487421	ENSXNUT00000018834
OG0004195	rna-XM_0018449792	rna-XM_0018449792	rna-XM_0018449792	rna-XM_0018449792	ENSXNUT00000015907
OG0004196	rna-XM_0382500341	rna-XM_0382500341	rna-XM_0382500341	rna-XM_0382500341	ENSXNUT00000017137
OG0004197	rna-XM_0382491551	rna-XM_0382491551	rna-XM_0382491551	rna-XM_0382491551	ENSXNUT00000017031
OG0004198	rna-XM_0018449952	rna-XM_0018449952	rna-XM_0018449952	rna-XM_0018449952	ENSXNUT00000017033
OG0004199	rna-XM_0018449962	rna-XM_0018449962	rna-XM_0018449962	rna-XM_0018449962	ENSXNUT00000017511
OG0004200	rna-XM_0382488461	rna-XM_0382488461	rna-XM_0382488461	rna-XM_0382488461	ENSXNUT00000014808
OG0004201	rna-XM_0018450002	rna-XM_0018450002	rna-XM_0018450002	rna-XM_0018450002	ENSXNUT00000017025
OG0004202	rna-XM_0018450012	rna-XM_0382668871	rna-XM_0018450012	rna-XM_0018450012	ENSXNUT00000016450
OG0004203	rna-XM_0382485111	rna-XM_0382485111	rna-XM_0382485111	rna-XM_0382485111	ENSXNUT00000015344
OG0004204	rna-XM_0382493561	rna-XM_0382493561	rna-XM_0382493561	rna-XM_0382493561	ENSXNUT00000018679
OG0004205	rna-XM_0018450042	rna-XM_0018450042	rna-XM_0018450042	rna-XM_0018450042	ENSXNUT00000015296
OG0004206	rna-XM_0018450052	rna-XM_0018450052	rna-XM_0018450052	rna-XM_0018450052	ENSXNUT00000014002
OG0004207	rna-XM_0018450072	rna-XM_0018450072	rna-XM_0018450072	rna-XM_0018450072	ENSXNUT00000017297
OG0004208	rna-XM_0018450082	rna-XM_0018450082	rna-XM_0018450082	rna-XM_0018450082	ENSXNUT00000017169
OG0004209	rna-XM_0018450092	rna-XM_0018450092	rna-XM_0018450092	rna-XM_0018450092	ENSXNUT00000016793
OG0004210	rna-XM_0382528151	rna-XM_0382528151	rna-XM_0382528151	rna-XM_0382528151	ENSXNUT00000013705
OG0004211	rna-XM_0382587091	rna-XM_0382587091	rna-XM_0382587091	rna-XM_0382587091	ENSXNUT00000016972
OG0004212	rna-XM_0382587271	rna-XM_0382587271	rna-XM_0382587271	rna-XM_0382587271	ENSXNUT00000017981
OG0004213	rna-XM_0018450182	rna-XM_0018450182	rna-XM_0018450182	rna-XM_0018450182	ENSXNUT00000012861
OG0004214	rna-XM_0018450192	rna-XM_0018450192	rna-XM_0018450192	rna-XM_0018450192	ENSXNUT00000014838
OG0004215	rna-XM_0018450212	rna-XM_0018450212	rna-XM_0018450212	rna-XM_0018450212	ENSXNUT00000017883
OG0004216	rna-XM_0382586811	rna-XM_0382586811	rna-XM_0382586811	rna-XM_0382586811	ENSXNUT00000015051
OG0004217	rna-XM_0382489791	rna-XM_0382489791	rna-XM_0382489791	rna-XM_0382489791	ENSXNUT00000012201
OG0004218	rna-XM_0018450242	rna-XM_0018450242	rna-XM_0018450242	rna-XM_0018450242	ENSXNUT00000015111
OG0004219	rna-XM_0018450262	rna-XM_0018450262	rna-XM_0018450262	rna-XM_0018450262	ENSXNUT00000018380
OG0004220	rna-XM_0018450282	rna-XM_0018450282	rna-XM_0018450282	rna-XM_0018450282	ENSXNUT00000018346
OG0004221	rna-XM_0382483451	rna-XM_0382483451	rna-XM_0382483451	rna-XM_0382483451	ENSXNUT00000016487
OG0004222	rna-XM_0382555191	rna-XM_0382555191	rna-XM_0382555191	rna-XM_0382555191	ENSXNUT00000000894
OG0004223	rna-XM_0382567841	rna-XM_0382567841	rna-XM_0382567841	rna-XM_0382567841	ENSXNUT00000005987
OG0004224	rna-XM_0018450452	rna-XM_0018450452	rna-XM_0018450452	rna-XM_0018450452	ENSXNUT00000000285
OG0004225	rna-XM_0018450462	rna-XM_0018450462	rna-XM_0018450462	rna-XM_0018450462	ENSXNUT00000003669
OG0004226	rna-XM_0382559741	rna-XM_0382559741	rna-XM_0382559741	rna-XM_0382559741	ENSXNUT00000002229
OG0004227	rna-XM_0382563751	rna-XM_0382563751	rna-XM_0382563751	rna-XM_0382563751	ENSXNUT00000005040
OG0004228	rna-XM_0018450792	rna-XM_0018450792	rna-XM_0018450792	rna-XM_0018450792	ENSXNUT00000005718
OG0004229	rna-XM_0018450842	rna-XM_0018450842	rna-XM_0018450842	rna-XM_0018450842	ENSXNUT00000007878
OG0004230	rna-XM_0018450872	rna-XM_0018450872	rna-XM_0018450872	rna-XM_0018450872	ENSXNUT00000001505
OG0004231	rna-XM_0018450892	rna-XM_0018450892	rna-XM_0018450892	rna-XM_0018450892	ENSXNUT00000003794
OG0004232	rna-XM_0018450902	rna-XM_0018450902	rna-XM_0018450902	rna-XM_0018450902	ENSXNUT00000000950
OG0004233	rna-XM_0382522761	rna-XM_0382522761	rna-XM_0382522761	rna-XM_0382522761	ENSXNUT00000001748
OG0004234	rna-XM_0018450922	rna-XM_0018450922	rna-XM_0018450922	rna-XM_0018450922	ENSXNUT00000002895
OG0004235	rna-XM_0382518211	rna-XM_0382518211	rna-XM_0382518211	rna-XM_0382518211	ENSXNUT00000002649
OG0004236	rna-XM_0018450962	rna-XM_0018450962	rna-XM_0018450962	rna-XM_0018450962	ENSXNUT00000006640
OG0004237	rna-XM_0382516981	rna-XM_0382516991	rna-XM_0382516981	rna-XM_0382516981	ENSXNUT00000003939
OG0004238	rna-XM_0018451012	rna-XM_0018451012	rna-XM_0018451012	rna-XM_0018451012	ENSXNUT00000001324
OG0004239	rna-XM_0018451022	rna-XM_0018451022	rna-XM_0018451022	rna-XM_0018451022	ENSXNUT00000000251
OG0004240	rna-XM_0382536571	rna-XM_0382536571	rna-XM_0382536571	rna-XM_0382536571	ENSXNUT00000001902
OG0004241	rna-XM_0382555511	rna-XM_0382555511	rna-XM_0382555511	rna-XM_0382555511	ENSXNUT00000000927
OG0004242	rna-XM_0018451072	rna-XM_0018451072	rna-XM_0018451072	rna-XM_0018451072	ENSXNUT00000001805
OG0004243	rna-XM_0018451082	rna-XM_0018451082	rna-XM_0018451082	rna-XM_0018451082	ENSXNUT00000002966
OG0004244	rna-XM_0382563541	rna-XM_0382563541	rna-XM_0382563541	rna-XM_0382563541	ENSXNUT00000000890
OG0004245	rna-XM_0382565421	rna-XM_0382565421	rna-XM_0382565421	rna-XM_0382565421	ENSXNUT00000002319
OG0004246	rna-XM_0382576121	rna-XM_0382576121	rna-XM_0382576121	rna-XM_0382576121	ENSXNUT00000001100
OG0004247	rna-XM_0382516141	rna-XM_0382516141	rna-XM_0382516141	rna-XM_0382516141	ENSXNUT00000002677
OG0004248	rna-XM_0018451212	rna-XM_0018451212	rna-XM_0018451212	rna-XM_0018451212	ENSXNUT00000008018
OG0004249	rna-XM_0018451222	rna-XM_0018451222	rna-XM_0018451222	rna-XM_0018451222	ENSXNUT00000003567
OG0004250	rna-XM_0018451232	rna-XM_0018451232	rna-XM_0018451232	rna-XM_0018451232	ENSXNUT00000005375
OG0004251	rna-XM_0018451242	rna-XM_0018451242	rna-XM_0018451242	rna-XM_0018451242	ENSXNUT00000000715
OG0004252	rna-XM_0018451262	rna-XM_0018451262	rna-XM_0018451262	rna-XM_0018451262	ENSXNUT00000003558
OG0004253	rna-XM_0382654471	rna-XM_0382654471	rna-XM_0382654471	rna-XM_0382654471	ENSXNUT00000013408
OG0004254	rna-XM_0018451312	rna-XM_0018451312	rna-XM_0018451312	rna-XM_0018451312	ENSXNUT00000009535
OG0004255	rna-XM_0018451322	rna-XM_0018451322	rna-XM_0018451322	rna-XM_0018451322	ENSXNUT00000006720
OG0004256	rna-XM_0382588831	rna-XM_0382588831	rna-XM_0382588831	rna-XM_0382588831	ENSXNUT00000009321
OG0004257	rna-XM_0382554561	rna-XM_0382554561	rna-XM_0382554561	rna-XM_0382554561	ENSXNUT00000017406
OG0004258	rna-XM_0382571971	rna-XM_0382571971	rna-XM_0382571971	rna-XM_0382571971	ENSXNUT00000014055
OG0004259	rna-XM_0382582771	rna-XM_0382582771	rna-XM_0382582771	rna-XM_0382582771	ENSXNUT00000017603
OG0004260	rna-XM_0382575461	rna-XM_0382575461	rna-XM_0382575461	rna-XM_0382575461	ENSXNUT00000012585
OG0004261	rna-XM_0382665861	rna-XM_0382665861	rna-XM_0382665861	rna-XM_0382665861	ENSXNUT00000014233
OG0004262	rna-XM_0018451472	rna-XM_0018451472	rna-XM_0018451472	rna-XM_0018451472	ENSXNUT00000014821
OG0004263	rna-XM_0382480671	rna-XM_0382480671	rna-XM_0382480671	rna-XM_0382480671	ENSXNUT00000016817
OG0004264	rna-XM_0382495201	rna-XM_0382495201	rna-XM_0382495201	rna-XM_0382495201	ENSXNUT00000017894
OG0004265	rna-XM_0382495181	rna-XM_0382495181	rna-XM_0382495181	rna-XM_0382495181	ENSXNUT00000012263
OG0004266	rna-XM_0018451582	rna-XM_0018451582	rna-XM_0018451582	rna-XM_0018451582	ENSXNUT00000015118
OG0004267	rna-XM_0018451592	rna-XM_0018451592	rna-XM_0018451592	rna-XM_0018451592	ENSXNUT00000014734
OG0004268	rna-XM_0382656371	rna-XM_0382656371	rna-XM_0382656371	rna-XM_0382656371	ENSXNUT00000016530
OG0004269	rna-XM_0382499231	rna-XM_0382499301	rna-XM_0382499311	rna-XM_0382499301	ENSXNUT00000018147
OG0004270	rna-XM_0382627981	rna-XM_0382627981	rna-XM_0382627981	rna-XM_0382627981	ENSXNUT00000009005
OG0004271	rna-XM_0382618331	rna-XM_0382618331	rna-XM_0382618331	rna-XM_0382618331	ENSXNUT00000013894
OG0004272	rna-XM_0018451682	rna-XM_0018451682	rna-XM_0018451682	rna-XM_0018451682	ENSXNUT00000010683
OG0004273	rna-XM_0018451732	rna-XM_0018451732	rna-XM_0018451732	rna-XM_0018451732	ENSXNUT00000014580
OG0004274	rna-XM_0018451762	rna-XM_0018451762	rna-XM_0018451762	rna-XM_0018451762	ENSXNUT00000006987
OG0004275	rna-XM_0382604691	rna-XM_0382604691	rna-XM_0382604691	rna-XM_0382604691	ENSXNUT00000015197
OG0004276	rna-XM_0382626451	rna-XM_0382626451	rna-XM_0382626451	rna-XM_0382626451	ENSXNUT00000009333
OG0004277	rna-XM_0018451832	rna-XM_0018451832	rna-XM_0018451832	rna-XM_0018451832	ENSXNUT00000012653
OG0004278	rna-XM_0018451842	rna-XM_0018451842	rna-XM_0018451842	rna-XM_0018451842	ENSXNUT00000009965
OG0004279	rna-XM_0382639501	rna-XM_0382639501	rna-XM_0382639501	rna-XM_0382639501	ENSXNUT00000011446
OG0004280	rna-XM_0018451862	rna-XM_0018451862	rna-XM_0018451862	rna-XM_0018451862	ENSXNUT00000011694
OG0004281	rna-XM_0382643811	rna-XM_0382643811	rna-XM_0382643811	rna-XM_0382643811	ENSXNUT00000009271
OG0004282	rna-XM_0382607201	rna-XM_0382607201	rna-XM_0382607201	rna-XM_0382607201	ENSXNUT00000009397
OG0004283	rna-XM_0382598171	rna-XM_0382598171	rna-XM_0382598171	rna-XM_0382598171	ENSXNUT00000012019
OG0004284	rna-XM_0382598261	rna-XM_0382598261	rna-XM_0382598261	rna-XM_0382598261	ENSXNUT00000010077
OG0004285	rna-XM_0018451962	rna-XM_0018451962	rna-XM_0018451962	rna-XM_0018451962	ENSXNUT00000012013
OG0004286	rna-XM_0382634881	rna-XM_0382634881	rna-XM_0382634881	rna-XM_0382634881	ENSXNUT00000008008
OG0004287	rna-XM_0382634891	rna-XM_0382634891	rna-XM_0382634891	rna-XM_0382634891	ENSXNUT00000016442
OG0004288	rna-XM_0382634931	rna-XM_0382634931	rna-XM_0382634931	rna-XM_0382634931	ENSXNUT00000006578
OG0004289	rna-XM_0382634951	rna-XM_0382634951	rna-XM_0382634951	rna-XM_0382634951	ENSXNUT00000009364
OG0004290	rna-XM_0382634871	rna-XM_0382634871	rna-XM_0382634871	rna-XM_0382634871	ENSXNUT00000011265
OG0004291	rna-XM_0018452062	rna-XM_0018452062	rna-XM_0018452062	rna-XM_0018452062	ENSXNUT00000011121
OG0004292	rna-XM_0382634761	rna-XM_0382634761	rna-XM_0382634761	rna-XM_0382634761	ENSXNUT00000010830
OG0004293	rna-XM_0382595941	rna-XM_0382595971	rna-XM_0382595971	rna-XM_0382595941	ENSXNUT00000010364
OG0004294	rna-XM_0018452212	rna-XM_0018452212	rna-XM_0018452212	rna-XM_0018452212	ENSXNUT00000012357
OG0004295	rna-XM_0018452222	rna-XM_0018452222	rna-XM_0018452222	rna-XM_0018452222	ENSXNUT00000009989
OG0004296	rna-XM_0018452232	rna-XM_0018452232	rna-XM_0018452232	rna-XM_0018452232	ENSXNUT00000011358
OG0004297	rna-XM_0382663491	rna-XM_0382663491	rna-XM_0382663491	rna-XM_0382663491	ENSXNUT00000016454
OG0004298	rna-XM_0018452312	rna-XM_0018452312	rna-XM_0018452312	rna-XM_0018452312	ENSXNUT00000009799
OG0004299	rna-XM_0382492981	rna-XM_0382492981	rna-XM_0382492981	rna-XM_0382492981	ENSXNUT00000012824
OG0004300	rna-XM_0382583061	rna-XM_0382583061	rna-XM_0382583061	rna-XM_0382583061	ENSXNUT00000017872
OG0004301	rna-XM_0382582991	rna-XM_0382582991	rna-XM_0382582991	rna-XM_0382582991	ENSXNUT00000016635
OG0004302	rna-XM_0382486281	rna-XM_0382486281	rna-XM_0382486281	rna-XM_0382486281	ENSXNUT00000012859
OG0004303	rna-XM_0018452512	rna-XM_0018452512	rna-XM_0018452512	rna-XM_0018452512	ENSXNUT00000017351
OG0004304	rna-XM_0382489031	rna-XM_0382489031	rna-XM_0382489031	rna-XM_0382489031	ENSXNUT00000015797
OG0004305	rna-XM_0382669211	rna-XM_0382669211	rna-XM_0382669211	rna-XM_0382669211	ENSXNUT00000012571
OG0004306	rna-XM_0382494481	rna-XM_0382494481	rna-XM_0382494481	rna-XM_0382494481	ENSXNUT00000012526
OG0004307	rna-XM_0382494521	rna-XM_0382494521	rna-XM_0382494521	rna-XM_0382494521	ENSXNUT00000018016
OG0004308	rna-XM_0382650751	rna-XM_0382650751	rna-XM_0382650751	rna-XM_0382650751	ENSXNUT00000017385
OG0004309	rna-XM_0382491961	rna-XM_0382491961	rna-XM_0382491961	rna-XM_0382491961	ENSXNUT00000017368
OG0004310	rna-XM_0018452612	rna-XM_0018452612	rna-XM_0018452612	rna-XM_0018452612	ENSXNUT00000015769
OG0004311	rna-XM_0382487511	rna-XM_0382487511	rna-XM_0382487511	rna-XM_0382487511	ENSXNUT00000015223
OG0004312	rna-XM_0018452642	rna-XM_0018452642	rna-XM_0018452642	rna-XM_0018452642	ENSXNUT00000017801
OG0004313	rna-XM_0382668481	rna-XM_0382668481	rna-XM_0382668481	rna-XM_0382668481	ENSXNUT00000016443
OG0004314	rna-XM_0018452742	rna-XM_0018452742	rna-XM_0018452742	rna-XM_0018452742	ENSXNUT00000012479
OG0004315	rna-XM_0382667421	rna-XM_0382667421	rna-XM_0382667421	rna-XM_0382667431	ENSXNUT00000013411
OG0004316	rna-XM_0018452722	rna-XM_0018452722	rna-XM_0018452722	rna-XM_0018452722	ENSXNUT00000018402
OG0004317	rna-XM_0018452772	rna-XM_0018452772	rna-XM_0018452772	rna-XM_0018452772	ENSXNUT00000013788
OG0004318	rna-XM_0382482591	rna-XM_0382482591	rna-XM_0382482591	rna-XM_0382482591	ENSXNUT00000018753
OG0004319	rna-XM_0382538021	rna-XM_0382538021	rna-XM_0382538021	rna-XM_0382538021	ENSXNUT00000013090
OG0004320	rna-XM_0018452842	rna-XM_0018452842	rna-XM_0018452842	rna-XM_0018452842	ENSXNUT00000016133
OG0004321	rna-XM_0018452852	rna-XM_0018452852	rna-XM_0018452852	rna-XM_0018452852	ENSXNUT00000013882
OG0004322	rna-XM_0018452862	rna-XM_0018452862	rna-XM_0018452862	rna-XM_0018452862	ENSXNUT00000014901
OG0004323	rna-XM_0382669421	rna-XM_0382669421	rna-XM_0382669421	rna-XM_0382669421	ENSXNUT00000012490
OG0004324	rna-XM_0382497591	rna-XM_0382497591	rna-XM_0382497591	rna-XM_0382497591	ENSXNUT00000017874
OG0004325	rna-XM_0018452912	rna-XM_0018452912	rna-XM_0018452912	rna-XM_0018452912	ENSXNUT00000015481
OG0004326	rna-XM_0018452992	rna-XM_0018452992	rna-XM_0018452992	rna-XM_0018452992	ENSXNUT00000012103
OG0004327	rna-XM_0382496011	rna-XM_0382496011	rna-XM_0382496011	rna-XM_0382496011	ENSXNUT00000015116
OG0004328	rna-XM_0018453062	rna-XM_0018453062	rna-XM_0018453062	rna-XM_0018453062	ENSXNUT00000016723
OG0004329	rna-XM_0382604731	rna-XM_0382604731	rna-XM_0382604731	rna-XM_0382604731	ENSXNUT00000012842
OG0004330	rna-XM_0382573261	rna-XM_0382573261	rna-XM_0382573261	rna-XM_0382573261	ENSXNUT00000012095
OG0004331	rna-XM_0018453162	rna-XM_0018453162	rna-XM_0018453162	rna-XM_0018453162	ENSXNUT00000018202
OG0004332	rna-XM_0382495031	rna-XM_0382495031	rna-XM_0382495031	rna-XM_0382495031	ENSXNUT00000017062
OG0004333	rna-XM_0382481581	rna-XM_0382481581	rna-XM_0382481591	rna-XM_0382481581	ENSXNUT00000016331
OG0004334	rna-XM_0018453292	rna-XM_0018453292	rna-XM_0018453292	rna-XM_0018453292	ENSXNUT00000015166
OG0004335	rna-XM_0382486121	rna-XM_0382486121	rna-XM_0382486121	rna-XM_0382486121	ENSXNUT00000017265
OG0004336	rna-XM_0018453332	rna-XM_0018453332	rna-XM_0018453332	rna-XM_0018453332	ENSXNUT00000018004
OG0004337	rna-XM_0382491701	rna-XM_0382491701	rna-XM_0382491701	rna-XM_0382491701	ENSXNUT00000016239
OG0004338	rna-XM_0382497991	rna-XM_0382497991	rna-XM_0382497991	rna-XM_0382497991	ENSXNUT00000018842
OG0004339	rna-XM_0382577731	rna-XM_0382577731	rna-XM_0382577731	rna-XM_0382577731	ENSXNUT00000015736
OG0004340	rna-XM_0018453652	rna-XM_0018453652	rna-XM_0018453652	rna-XM_0018453652	ENSXNUT00000015014
OG0004341	rna-XM_0018453682	rna-XM_0018453682	rna-XM_0018453682	rna-XM_0018453682	ENSXNUT00000017290
OG0004342	rna-XM_0382492821	rna-XM_0382492821	rna-XM_0382492821	rna-XM_0382492821	ENSXNUT00000017500
OG0004343	rna-XM_0382555801	rna-XM_0382555801	rna-XM_0382555801	rna-XM_0382555801	ENSXNUT00000013617
OG0004344	rna-XM_0382586191	rna-XM_0382586191	rna-XM_0382586191	rna-XM_0382586191	ENSXNUT00000016765
OG0004345	rna-XM_0018453782	rna-XM_0018453782	rna-XM_0018453782	rna-XM_0018453782	ENSXNUT00000017138
OG0004346	rna-XM_0018453812	rna-XM_0018453812	rna-XM_0018453812	rna-XM_0018453812	ENSXNUT00000018946
OG0004347	rna-XM_0018453822	rna-XM_0018453822	rna-XM_0018453822	rna-XM_0018453822	ENSXNUT00000018278
OG0004348	rna-XM_0018453852	rna-XM_0018453852	rna-XM_0018453852	rna-XM_0018453852	ENSXNUT00000017314
OG0004349	rna-XM_0018453862	rna-XM_0018453862	rna-XM_0018453862	rna-XM_0018453862	ENSXNUT00000017586
OG0004350	rna-XM_0018453872	rna-XM_0018453872	rna-XM_0018453872	rna-XM_0018453872	ENSXNUT00000015755
OG0004351	rna-XM_0018453892	rna-XM_0018453892	rna-XM_0018453892	rna-XM_0018453892	ENSXNUT00000017946
OG0004352	rna-XM_0382480981	rna-XM_0382480981	rna-XM_0382480981	rna-XM_0382480981	ENSXNUT00000016208
OG0004353	rna-XM_0018454032	rna-XM_0018454032	rna-XM_0018454032	rna-XM_0018454032	ENSXNUT00000016928
OG0004354	rna-XM_0382666581	rna-XM_0382666581	rna-XM_0382666581	rna-XM_0382666581	ENSXNUT00000018520
OG0004355	rna-XM_0018454062	rna-XM_0018454062	rna-XM_0018454062	rna-XM_0018454062	ENSXNUT00000015811
OG0004356	rna-XM_0018454042	rna-XM_0018454042	rna-XM_0018454042	rna-XM_0018454042	ENSXNUT00000018655
OG0004357	rna-XM_0018454082	rna-XM_0018454082	rna-XM_0018454082	rna-XM_0018454082	ENSXNUT00000014022
OG0004358	rna-XM_0018454102	rna-XM_0018454102	rna-XM_0018454102	rna-XM_0018454102	ENSXNUT00000004091
OG0004359	rna-XM_0382535531	rna-XM_0382535531	rna-XM_0382535531	rna-XM_0382535531	ENSXNUT00000004858
OG0004360	rna-XM_0018454172	rna-XM_0018454172	rna-XM_0018454172	rna-XM_0018454172	ENSXNUT00000000118
OG0004361	rna-XM_0382517841	rna-XM_0382517841	rna-XM_0382517841	rna-XM_0382517841	ENSXNUT00000010861
OG0004362	rna-XM_0018454202	rna-XM_0018454202	rna-XM_0018454202	rna-XM_0018454202	ENSXNUT00000002827
OG0004363	rna-XM_0382519791	rna-XM_0382519791	rna-XM_0382519791	rna-XM_0382519791	ENSXNUT00000006593
OG0004364	rna-XM_0382514211	rna-XM_0382514211	rna-XM_0382514211	rna-XM_0382514221	ENSXNUT00000001409
OG0004365	rna-XM_0382539881	rna-XM_0382539881	rna-XM_0382539901	rna-XM_0382539881	ENSXNUT00000003684
OG0004366	rna-XM_0382551201	rna-XM_0018454362	rna-XM_0382551201	rna-XM_0382551201	ENSXNUT00000003577
OG0004367	rna-XM_0018454372	rna-XM_0018454372	rna-XM_0018454372	rna-XM_0018454372	ENSXNUT00000000186
OG0004368	rna-XM_0382528091	rna-XM_0382528091	rna-XM_0382528091	rna-XM_0382528091	ENSXNUT00000001410
OG0004369	rna-XM_0382566651	rna-XM_0382566651	rna-XM_0382566651	rna-XM_0382566651	ENSXNUT00000011246
OG0004370	rna-XM_0018454422	rna-XM_0018454422	rna-XM_0018454422	rna-XM_0018454422	ENSXNUT00000010482
OG0004371	rna-XM_0018454442	rna-XM_0018454442	rna-XM_0018454442	rna-XM_0018454442	ENSXNUT00000004138
OG0004372	rna-XM_0018454472	rna-XM_0018454472	rna-XM_0018454472	rna-XM_0018454472	ENSXNUT00000002904
OG0004373	rna-XM_0382557651	rna-XM_0382557651	rna-XM_0382557651	rna-XM_0382557651	ENSXNUT00000002387
OG0004374	rna-XM_0382547771	rna-XM_0382547771	rna-XM_0382547771	rna-XM_0382547771	ENSXNUT00000003932
OG0004375	rna-XM_0382550811	rna-XM_0382550811	rna-XM_0382550811	rna-XM_0382550811	ENSXNUT00000001352
OG0004376	rna-XM_0382550831	rna-XM_0382550831	rna-XM_0382550841	rna-XM_0382550831	ENSXNUT00000007153
OG0004377	rna-XM_0382618681	rna-XM_0382618681	rna-XM_0382618681	rna-XM_0382618681	ENSXNUT00000007715
OG0004378	rna-XM_0018454722	rna-XM_0018454722	rna-XM_0018454722	rna-XM_0018454722	ENSXNUT00000013219
OG0004379	rna-XM_0382621681	rna-XM_0382621681	rna-XM_0382621681	rna-XM_0382621681	ENSXNUT00000006535
OG0004380	rna-XM_0382644291	rna-XM_0382644291	rna-XM_0382644291	rna-XM_0382644291	ENSXNUT00000006677
OG0004381	rna-XM_0018454872	rna-XM_0018454872	rna-XM_0018454872	rna-XM_0018454872	ENSXNUT00000013024
OG0004382	rna-XM_0018454882	rna-XM_0018454882	rna-XM_0018454882	rna-XM_0018454882	ENSXNUT00000007785
OG0004383	rna-XM_0018454932	rna-XM_0018454932	rna-XM_0018454932	rna-XM_0018454932	ENSXNUT00000013218
OG0004384	rna-XM_0382484781	rna-XM_0382484781	rna-XM_0382484781	rna-XM_0382484781	ENSXNUT00000014534
OG0004385	rna-XM_0382484321	rna-XM_0382484321	rna-XM_0382484321	rna-XM_0382484321	ENSXNUT00000013463
OG0004386	rna-XM_0018455022	rna-XM_0018455022	rna-XM_0018455022	rna-XM_0018455022	ENSXNUT00000018040
OG0004387	rna-XM_0018455032	rna-XM_0018455032	rna-XM_0018455032	rna-XM_0018455032	ENSXNUT00000018486
OG0004388	rna-XM_0382484251	rna-XM_0382484251	rna-XM_0382484251	rna-XM_0382484251	ENSXNUT00000016672
OG0004389	rna-XM_0018455052	rna-XM_0018455052	rna-XM_0018455052	rna-XM_0018455052	ENSXNUT00000015991
OG0004390	rna-XM_0018455062	rna-XM_0018455062	rna-XM_0018455062	rna-XM_0018455062	ENSXNUT00000016708
OG0004391	rna-XM_0018455072	rna-XM_0018455072	rna-XM_0018455072	rna-XM_0018455072	ENSXNUT00000015731
OG0004392	rna-XM_0382484601	rna-XM_0382484601	rna-XM_0382484601	rna-XM_0382484601	ENSXNUT00000018544
OG0004393	rna-XM_0018455112	rna-XM_0018455112	rna-XM_0018455112	rna-XM_0018455112	ENSXNUT00000014890
OG0004394	rna-XM_0382484531	rna-XM_0382484531	rna-XM_0382484531	rna-XM_0382484531	ENSXNUT00000013855
OG0004395	rna-XM_0382484791	rna-XM_0382484791	rna-XM_0382484791	rna-XM_0382484791	ENSXNUT00000012205
OG0004396	rna-XM_0382484831	rna-XM_0382484831	rna-XM_0382484831	rna-XM_0382484831	ENSXNUT00000012850
OG0004397	rna-XM_0382484551	rna-XM_0382484551	rna-XM_0382484571	rna-XM_0382484551	ENSXNUT00000017149
OG0004398	rna-XM_0018455222	rna-XM_0018455222	rna-XM_0018455222	rna-XM_0018455222	ENSXNUT00000014424
OG0004399	rna-XM_0382566641	rna-XM_0382566641	rna-XM_0382566641	rna-XM_0382566641	ENSXNUT00000012083
OG0004400	rna-XM_0382482051	rna-XM_0382482051	rna-XM_0382482051	rna-XM_0382482051	ENSXNUT00000015374
OG0004401	rna-XM_0382485261	rna-XM_0382485261	rna-XM_0382485261	rna-XM_0382485261	ENSXNUT00000012142
OG0004402	rna-XM_0018455352	rna-XM_0018455352	rna-XM_0018455352	rna-XM_0018455352	ENSXNUT00000013193
OG0004403	rna-XM_0382487691	rna-XM_0382487691	rna-XM_0382487691	rna-XM_0382487691	ENSXNUT00000014937
OG0004404	rna-XM_0018455402	rna-XM_0018455402	rna-XM_0018455402	rna-XM_0018455402	ENSXNUT00000018144
OG0004405	rna-XM_0382487671	rna-XM_0382487671	rna-XM_0382487671	rna-XM_0382487671	ENSXNUT00000012189
OG0004406	rna-XM_0018455432	rna-XM_0018455432	rna-XM_0018455432	rna-XM_0018455432	ENSXNUT00000013753
OG0004407	rna-XM_0382517331	rna-XM_0382517331	rna-XM_0382517331	rna-XM_0382517331	ENSXNUT00000015967
OG0004408	rna-XM_0018455462	rna-XM_0018455462	rna-XM_0018455462	rna-XM_0018455462	ENSXNUT00000018586
OG0004409	rna-XM_0382499151	rna-XM_0382499151	rna-XM_0382499151	rna-XM_0382499151	ENSXNUT00000014016
OG0004410	rna-XM_0018455512	rna-XM_0018455512	rna-XM_0018455512	rna-XM_0018455512	ENSXNUT00000018716
OG0004411	rna-XM_0018455522	rna-XM_0018455522	rna-XM_0018455522	rna-XM_0018455522	ENSXNUT00000015777
OG0004412	rna-XM_0382665741	rna-XM_0382665741	rna-XM_0382665741	rna-XM_0382665741	ENSXNUT00000016849
OG0004413	rna-XM_0018455572	rna-XM_0018455572	rna-XM_0018455572	rna-XM_0018455572	ENSXNUT00000016418
OG0004414	rna-XM_0382633401	rna-XM_0382633401	rna-XM_0382633401	rna-XM_0382633401	ENSXNUT00000015336
OG0004415	rna-XM_0382481411	rna-XM_0382481411	rna-XM_0382481411	rna-XM_0382481411	ENSXNUT00000016581
OG0004416	rna-XM_0382574631	rna-XM_0382574631	rna-XM_0382574631	rna-XM_0382574631	ENSXNUT00000005347
OG0004417	rna-XM_0382630141	rna-XM_0382630141	rna-XM_0382630141	rna-XM_0382630141	ENSXNUT00000007265
OG0004418	rna-XM_0018456012	rna-XM_0018456012	rna-XM_0018456012	rna-XM_0018456012	ENSXNUT00000008894
OG0004419	rna-XM_0382624081	rna-XM_0382624081	rna-XM_0382624081	rna-XM_0382624081	ENSXNUT00000011781
OG0004420	rna-XM_0382633361	rna-XM_0382633361	rna-XM_0382633361	rna-XM_0382633361	ENSXNUT00000006136
OG0004421	rna-XM_0382641361	rna-XM_0382641361	rna-XM_0382641361	rna-XM_0382641361	ENSXNUT00000017000
OG0004422	rna-XM_0382648651	rna-XM_0382648661	rna-XM_0382648661	rna-XM_0382648661	ENSXNUT00000011095
OG0004423	rna-XM_0382642781	rna-XM_0382642781	rna-XM_0382642781	rna-XM_0382642781	ENSXNUT00000014201
OG0004424	rna-XM_0382642801	rna-XM_0382642801	rna-XM_0382642801	rna-XM_0382642801	ENSXNUT00000010880
OG0004425	rna-XM_0018456092	rna-XM_0018456092	rna-XM_0018456092	rna-XM_0018456092	ENSXNUT00000008388
OG0004426	rna-XM_0018456102	rna-XM_0018456102	rna-XM_0018456102	rna-XM_0018456102	ENSXNUT00000012797
OG0004427	rna-XM_0018456132	rna-XM_0018456132	rna-XM_0018456132	rna-XM_0018456132	ENSXNUT00000007010
OG0004428	rna-XM_0018456162	rna-XM_0018456162	rna-XM_0018456162	rna-XM_0018456162	ENSXNUT00000008381
OG0004429	rna-XM_0018456172	rna-XM_0018456172	rna-XM_0018456172	rna-XM_0018456172	ENSXNUT00000006746
OG0004430	rna-XM_0018456182	rna-XM_0018456182	rna-XM_0018456182	rna-XM_0018456182	ENSXNUT00000006301
OG0004431	rna-XM_0382592291	rna-XM_0382592291	rna-XM_0382592291	rna-XM_0382592291	ENSXNUT00000015114
OG0004432	rna-XM_0382587011	rna-XM_0382587011	rna-XM_0382587011	rna-XM_0382587011	ENSXNUT00000011750
OG0004433	rna-XM_0382496111	rna-XM_0382496111	rna-XM_0382496111	rna-XM_0382496111	ENSXNUT00000018110
OG0004434	rna-XM_0382670251	rna-XM_0382670251	rna-XM_0382670251	rna-XM_0382670251	ENSXNUT00000013371
OG0004435	rna-XM_0382548731	rna-XM_0382548731	rna-XM_0382548731	rna-XM_0382548731	ENSXNUT00000015338
OG0004436	rna-XM_0018456472	rna-XM_0018456472	rna-XM_0018456472	rna-XM_0018456472	ENSXNUT00000013772
OG0004437	rna-XM_0382549031	rna-XM_0382549031	rna-XM_0382549031	rna-XM_0382549031	ENSXNUT00000018391
OG0004438	rna-XM_0018456492	rna-XM_0018456492	rna-XM_0018456492	rna-XM_0018456492	ENSXNUT00000016763
OG0004439	rna-XM_0018456512	rna-XM_0018456512	rna-XM_0018456512	rna-XM_0018456512	ENSXNUT00000012143
OG0004440	rna-XM_0382488151	rna-XM_0382488151	rna-XM_0382488151	rna-XM_0382488151	ENSXNUT00000016686
OG0004441	rna-XM_0382559731	rna-XM_0382559731	rna-XM_0382559731	rna-XM_0382559731	ENSXNUT00000012046
OG0004442	rna-XM_0382666641	rna-XM_0382666641	rna-XM_0382666641	rna-XM_0382666641	ENSXNUT00000014879
OG0004443	rna-XM_0382574131	rna-XM_0382574131	rna-XM_0382574131	rna-XM_0382574131	ENSXNUT00000012270
OG0004444	rna-XM_0018456562	rna-XM_0018456562	rna-XM_0018456562	rna-XM_0018456562	ENSXNUT00000017541
OG0004445	rna-XM_0382502341	rna-XM_0382502341	rna-XM_0382502341	rna-XM_0382502341	ENSXNUT00000014103
OG0004446	rna-XM_0018456582	rna-XM_0018456582	rna-XM_0018456582	rna-XM_0018456582	ENSXNUT00000013376
OG0004447	rna-XM_0018456592	rna-XM_0018456592	rna-XM_0018456592	rna-XM_0018456592	ENSXNUT00000018496
OG0004448	rna-XM_0382544171	rna-XM_0382544171	rna-XM_0382544171	rna-XM_0382544171	ENSXNUT00000018064
OG0004449	rna-XM_0018456612	rna-XM_0018456612	rna-XM_0018456612	rna-XM_0018456612	ENSXNUT00000017259
OG0004450	rna-XM_0018456642	rna-XM_0018456642	rna-XM_0018456642	rna-XM_0018456642	ENSXNUT00000017560
OG0004451	rna-XM_0382486561	rna-XM_0382486561	rna-XM_0382486561	rna-XM_0382486561	ENSXNUT00000013282
OG0004452	rna-XM_0018456702	rna-XM_0018456702	rna-XM_0018456702	rna-XM_0018456702	ENSXNUT00000012731
OG0004453	rna-XM_0382670351	rna-XM_0382670351	rna-XM_0382670351	rna-XM_0382670351	ENSXNUT00000014725
OG0004454	rna-XM_0018456762	rna-XM_0018456762	rna-XM_0018456762	rna-XM_0018456762	ENSXNUT00000015637
OG0004455	rna-XM_0018456772	rna-XM_0018456772	rna-XM_0018456772	rna-XM_0018456772	ENSXNUT00000018746
OG0004456	rna-XM_0382598781	rna-XM_0382598791	rna-XM_0382598781	rna-XM_0382598781	ENSXNUT00000008053
OG0004457	rna-XM_0382601891	rna-XM_0382601891	rna-XM_0382601891	rna-XM_0382601891	ENSXNUT00000016649
OG0004458	rna-XM_0018456902	rna-XM_0018456902	rna-XM_0018456902	rna-XM_0018456902	ENSXNUT00000006247
OG0004459	rna-XM_0018456912	rna-XM_0018456912	rna-XM_0018456912	rna-XM_0018456912	ENSXNUT00000008623
OG0004460	rna-XM_0382621671	rna-XM_0382621671	rna-XM_0382621671	rna-XM_0382621671	ENSXNUT00000015562
OG0004461	rna-XM_0382658161	rna-XM_0382658161	rna-XM_0382658161	rna-XM_0382658161	ENSXNUT00000006144
OG0004462	rna-XM_0018456992	rna-XM_0018456992	rna-XM_0018456992	rna-XM_0018456992	ENSXNUT00000010202
OG0004463	rna-XM_0382635981	rna-XM_0382635981	rna-XM_0382635981	rna-XM_0382635981	ENSXNUT00000007287
OG0004464	rna-XM_0382627931	rna-XM_0382627931	rna-XM_0382627931	rna-XM_0382627931	ENSXNUT00000006440
OG0004465	rna-XM_0382626961	rna-XM_0382626961	rna-XM_0382626961	rna-XM_0382626961	ENSXNUT00000012555
OG0004466	rna-XM_0018457072	rna-XM_0018457072	rna-XM_0018457072	rna-XM_0018457072	ENSXNUT00000015747
OG0004467	rna-XM_0018457082	rna-XM_0018457082	rna-XM_0018457082	rna-XM_0018457082	ENSXNUT00000009782
OG0004468	rna-XM_0382617341	rna-XM_0382617341	rna-XM_0382617341	rna-XM_0382617341	ENSXNUT00000011997
OG0004469	rna-XM_0382591221	rna-XM_0382591221	rna-XM_0382591221	rna-XM_0382591221	ENSXNUT00000007200
OG0004470	rna-XM_0018457112	rna-XM_0018457112	rna-XM_0018457112	rna-XM_0018457112	ENSXNUT00000010597
OG0004471	rna-XM_0018457122	rna-XM_0018457122	rna-XM_0018457122	rna-XM_0018457122	ENSXNUT00000008614
OG0004472	rna-XM_0018457162	rna-XM_0018457162	rna-XM_0018457162	rna-XM_0018457162	ENSXNUT00000005923
OG0004473	rna-XM_0018457172	rna-XM_0018457172	rna-XM_0018457172	rna-XM_0018457172	ENSXNUT00000007660
OG0004474	rna-XM_0382623791	rna-XM_0382623791	rna-XM_0382623801	rna-XM_0382623791	ENSXNUT00000015057
OG0004475	rna-XM_0382481171	rna-XM_0382481171	rna-XM_0382481171	rna-XM_0382481171	ENSXNUT00000013201
OG0004476	rna-XM_0382619351	rna-XM_0382619351	rna-XM_0382619351	rna-XM_0382619351	ENSXNUT00000017513
OG0004477	rna-XM_0018457312	rna-XM_0018457312	rna-XM_0018457312	rna-XM_0018457312	ENSXNUT00000016177
OG0004478	rna-XM_0382556461	rna-XM_0382556461	rna-XM_0382556461	rna-XM_0382556461	ENSXNUT00000012391
OG0004479	rna-XM_0018457332	rna-XM_0018457332	rna-XM_0018457332	rna-XM_0018457332	ENSXNUT00000018090
OG0004480	rna-XM_0018457402	rna-XM_0018457402	rna-XM_0018457402	rna-XM_0018457402	ENSXNUT00000004467
OG0004481	rna-XM_0018457472	rna-XM_0018457472	rna-XM_0018457472	rna-XM_0018457472	ENSXNUT00000004389
OG0004482	rna-XM_0382549091	rna-XM_0382549091	rna-XM_0382549091	rna-XM_0382549091	ENSXNUT00000002045
OG0004483	rna-XM_0018457612	rna-XM_0018457612	rna-XM_0018457612	rna-XM_0018457612	ENSXNUT00000004107
OG0004484	rna-XM_0382532601	rna-XM_0382532601	rna-XM_0382532601	rna-XM_0382532601	ENSXNUT00000006656
OG0004485	rna-XM_0018457642	rna-XM_0018457642	rna-XM_0018457642	rna-XM_0018457642	ENSXNUT00000002694
OG0004486	rna-XM_0382542271	rna-XM_0382542271	rna-XM_0382542271	rna-XM_0382542271	ENSXNUT00000002919
OG0004487	rna-XM_0018457702	rna-XM_0018457702	rna-XM_0018457702	rna-XM_0018457702	ENSXNUT00000000379
OG0004488	rna-XM_0382536061	rna-XM_0382536061	rna-XM_0382536061	rna-XM_0382536061	ENSXNUT00000005684
OG0004489	rna-XM_0382501861	rna-XM_0382501861	rna-XM_0382501861	rna-XM_0382501861	ENSXNUT00000002679
OG0004490	rna-XM_0018457762	rna-XM_0018457762	rna-XM_0018457762	rna-XM_0018457762	ENSXNUT00000000643
OG0004491	rna-XM_0382539131	rna-XM_0382539131	rna-XM_0382539131	rna-XM_0382539131	ENSXNUT00000002184
OG0004492	rna-XM_0382545821	rna-XM_0382545821	rna-XM_0382545821	rna-XM_0382545821	ENSXNUT00000009571
OG0004493	rna-XM_0382553021	rna-XM_0382553021	rna-XM_0382553021	rna-XM_0382553021	ENSXNUT00000005937
OG0004495	rna-XM_0382585421	rna-XM_0382585421	rna-XM_0382585421	rna-XM_0382585421	ENSXNUT00000000320
OG0004496	rna-XM_0382575031	rna-XM_0382575031	rna-XM_0382575031	rna-XM_0382575031	ENSXNUT00000003043
OG0004497	rna-XM_0382562031	rna-XM_0382562031	rna-XM_0382562031	rna-XM_0382562031	ENSXNUT00000010020
OG0004498	rna-XM_0382562021	rna-XM_0382562021	rna-XM_0382562021	rna-XM_0382562021	ENSXNUT00000000826
OG0004499	rna-XM_0018457862	rna-XM_0018457862	rna-XM_0018457862	rna-XM_0018457862	ENSXNUT00000001911
OG0004500	rna-XM_0018457882	rna-XM_0018457882	rna-XM_0018457882	rna-XM_0018457882	ENSXNUT00000000615
OG0004501	rna-XM_0018457892	rna-XM_0018457892	rna-XM_0018457892	rna-XM_0018457892	ENSXNUT00000000102
OG0004502	rna-XM_0018457442	rna-XM_0018457442	rna-XM_0018457442	rna-XM_0018457442	ENSXNUT00000002107
OG0004503	rna-XM_0382523301	rna-XM_0382523301	rna-XM_0382523301	rna-XM_0382523301	ENSXNUT00000004313
OG0004504	rna-XM_0382562461	rna-XM_0382562461	rna-XM_0382562461	rna-XM_0382562461	ENSXNUT00000005043
OG0004505	rna-XM_0382562801	rna-XM_0382562801	rna-XM_0382562801	rna-XM_0382562801	ENSXNUT00000001363
OG0004506	rna-XM_0382521791	rna-XM_0382521791	rna-XM_0382521791	rna-XM_0382521791	ENSXNUT00000003596
OG0004507	rna-XM_0382529001	rna-XM_0382529001	rna-XM_0382529001	rna-XM_0382529001	ENSXNUT00000004281
OG0004508	rna-XM_0382534341	rna-XM_0382534341	rna-XM_0382534341	rna-XM_0382534341	ENSXNUT00000004060
OG0004509	rna-XM_0018458462	rna-XM_0018458462	rna-XM_0018458462	rna-XM_0018458462	ENSXNUT00000003456
OG0004510	rna-XM_0018458472	rna-XM_0018458472	rna-XM_0018458472	rna-XM_0018458472	ENSXNUT00000005187
OG0004511	rna-XM_0018458482	rna-XM_0018458482	rna-XM_0018458482	rna-XM_0018458482	ENSXNUT00000001689
OG0004512	rna-XM_0382585121	rna-XM_0018458492	rna-XM_0382585121	rna-XM_0382585121	ENSXNUT00000002099
OG0004513	rna-XM_0018458512	rna-XM_0018458512	rna-XM_0018458512	rna-XM_0018458512	ENSXNUT00000004640
OG0004514	rna-XM_0382568031	rna-XM_0382568031	rna-XM_0382568031	rna-XM_0382568031	ENSXNUT00000001561
OG0004515	rna-XM_0382537481	rna-XM_0382537481	rna-XM_0382537481	rna-XM_0382537481	ENSXNUT00000000773
OG0004516	rna-XM_0382537471	rna-XM_0382537471	rna-XM_0382537471	rna-XM_0382537471	ENSXNUT00000003411
OG0004517	rna-XM_0382526381	rna-XM_0382526381	rna-XM_0382526381	rna-XM_0382526381	ENSXNUT00000005125
OG0004518	rna-XM_0018458582	rna-XM_0018458582	rna-XM_0018458582	rna-XM_0018458582	ENSXNUT00000004280
OG0004519	rna-XM_0382568201	rna-XM_0382568201	rna-XM_0382568201	rna-XM_0382568201	ENSXNUT00000006652
OG0004520	rna-XM_0018458602	rna-XM_0018458602	rna-XM_0018458602	rna-XM_0018458602	ENSXNUT00000002714
OG0004521	rna-XM_0018458612	rna-XM_0018458612	rna-XM_0018458612	rna-XM_0018458612	ENSXNUT00000000621
OG0004522	rna-XM_0018458642	rna-XM_0018458642	rna-XM_0018458642	rna-XM_0018458642	ENSXNUT00000016553
OG0004523	rna-XM_0382638101	rna-XM_0382638101	rna-XM_0382638101	rna-XM_0382638101	ENSXNUT00000008011
OG0004524	rna-XM_0382636121	rna-XM_0382636121	rna-XM_0382636121	rna-XM_0382636121	ENSXNUT00000012499
OG0004525	rna-XM_0382623501	rna-XM_0382623501	rna-XM_0382623501	rna-XM_0382623501	ENSXNUT00000010528
OG0004526	rna-XM_0018458742	rna-XM_0018458742	rna-XM_0018458742	rna-XM_0018458742	ENSXNUT00000016188
OG0004527	rna-XM_0382641101	rna-XM_0382641101	rna-XM_0382641111	rna-XM_0382641111	ENSXNUT00000011618
OG0004528	rna-XM_0382632171	rna-XM_0382632171	rna-XM_0382632171	rna-XM_0382632171	ENSXNUT00000005927
OG0004529	rna-XM_0018458792	rna-XM_0018458792	rna-XM_0018458792	rna-XM_0018458792	ENSXNUT00000006026
OG0004530	rna-XM_0018458882	rna-XM_0018458882	rna-XM_0018458882	rna-XM_0018458882	ENSXNUT00000010326
OG0004531	rna-XM_0382592331	rna-XM_0382592331	rna-XM_0382592331	rna-XM_0382592331	ENSXNUT00000015997
OG0004532	rna-XM_0382592321	rna-XM_0382592321	rna-XM_0382592321	rna-XM_0382592321	ENSXNUT00000010337
OG0004533	rna-XM_0018458982	rna-XM_0018458982	rna-XM_0018458982	rna-XM_0018458982	ENSXNUT00000011308
OG0004534	rna-XM_0382618981	rna-XM_0382618981	rna-XM_0382618981	rna-XM_0382618981	ENSXNUT00000010970
OG0004535	rna-XM_0018459082	rna-XM_0018459082	rna-XM_0018459082	rna-XM_0018459082	ENSXNUT00000006182
OG0004536	rna-XM_0382635031	rna-XM_0382635031	rna-XM_0382635031	rna-XM_0382635031	ENSXNUT00000011326
OG0004537	rna-XM_0018459222	rna-XM_0018459222	rna-XM_0018459222	rna-XM_0018459222	ENSXNUT00000001216
OG0004538	rna-XM_0018459282	rna-XM_0018459282	rna-XM_0018459282	rna-XM_0018459282	ENSXNUT00000005063
OG0004539	rna-XM_0018459302	rna-XM_0018459302	rna-XM_0018459302	rna-XM_0018459302	ENSXNUT00000000410
OG0004540	rna-XM_0382548591	rna-XM_0382548591	rna-XM_0382548591	rna-XM_0382548591	ENSXNUT00000001971
OG0004541	rna-XM_0382570041	rna-XM_0382570041	rna-XM_0382570041	rna-XM_0382570041	ENSXNUT00000002019
OG0004542	rna-XM_0382565481	rna-XM_0382565481	rna-XM_0382565481	rna-XM_0382565481	ENSXNUT00000005156
OG0004543	rna-XM_0382525191	rna-XM_0382525191	rna-XM_0382525221	rna-XM_0382525191	ENSXNUT00000003535
OG0004544	rna-XM_0382546851	rna-XM_0382546851	rna-XM_0382546851	rna-XM_0382546851	ENSXNUT00000003845
OG0004545	rna-XM_0382567551	rna-XM_0382567551	rna-XM_0382567551	rna-XM_0382567651	ENSXNUT00000008057
OG0004546	rna-XM_0382567701	rna-XM_0382567701	rna-XM_0382567701	rna-XM_0382567701	ENSXNUT00000007847
OG0004547	rna-XM_0382567691	rna-XM_0382567691	rna-XM_0382567691	rna-XM_0382567691	ENSXNUT00000005735
OG0004548	rna-XM_0018459552	rna-XM_0018459552	rna-XM_0018459552	rna-XM_0018459552	ENSXNUT00000000485
OG0004549	rna-XM_0382526451	rna-XM_0382526451	rna-XM_0382526451	rna-XM_0382526451	ENSXNUT00000000923
OG0004550	rna-XM_0018459682	rna-XM_0018459682	rna-XM_0018459682	rna-XM_0018459682	ENSXNUT00000002839
OG0004551	rna-XM_0382535911	rna-XM_0382535911	rna-XM_0382535911	rna-XM_0382535911	ENSXNUT00000001588
OG0004552	rna-XM_0382548951	rna-XM_0382548951	rna-XM_0382548951	rna-XM_0382548951	ENSXNUT00000005641
OG0004553	rna-XM_0018459842	rna-XM_0018459842	rna-XM_0018459842	rna-XM_0018459842	ENSXNUT00000003649
OG0004554	rna-XM_0018459882	rna-XM_0018459882	rna-XM_0018459882	rna-XM_0018459882	ENSXNUT00000000563
OG0004555	rna-XM_0018459902	rna-XM_0018459902	rna-XM_0018459902	rna-XM_0018459902	ENSXNUT00000002856
OG0004556	rna-XM_0382512051	rna-XM_0382512051	rna-XM_0382512051	rna-XM_0382512051	ENSXNUT00000005473
OG0004557	rna-XM_0382571011	rna-XM_0382571041	rna-XM_0382571041	rna-XM_0382571041	ENSXNUT00000002549
OG0004558	rna-XM_0382518971	rna-XM_0382518971	rna-XM_0382518971	rna-XM_0382518971	ENSXNUT00000004089
OG0004559	rna-XM_0382554261	rna-XM_0382554261	rna-XM_0382554261	rna-XM_0382554261	ENSXNUT00000007249
OG0004560	rna-XM_0018460062	rna-XM_0018460062	rna-XM_0018460062	rna-XM_0018460062	ENSXNUT00000003285
OG0004561	rna-XM_0382520691	rna-XM_0382520691	rna-XM_0382520691	rna-XM_0382520691	ENSXNUT00000003879
OG0004562	rna-XM_0018460092	rna-XM_0018460092	rna-XM_0018460092	rna-XM_0018460092	ENSXNUT00000003611
OG0004563	rna-XM_0382583381	rna-XM_0382583381	rna-XM_0382583381	rna-XM_0382583381	ENSXNUT00000001124
OG0004565	rna-XM_0018460182	rna-XM_0018460182	rna-XM_0018460182	rna-XM_0018460182	ENSXNUT00000000946
OG0004566	rna-XM_0382501331	rna-XM_0382501331	rna-XM_0382501331	rna-XM_0382501331	ENSXNUT00000005012
OG0004567	rna-XM_0018460212	rna-XM_0018460212	rna-XM_0018460212	rna-XM_0018460212	ENSXNUT00000002105
OG0004568	rna-XM_0382501301	rna-XM_0382501301	rna-XM_0382501301	rna-XM_0382501301	ENSXNUT00000011029
OG0004569	rna-XM_0018460232	rna-XM_0018460232	rna-XM_0018460232	rna-XM_0018460232	ENSXNUT00000000710
OG0004570	rna-XM_0382512561	rna-XM_0382512561	rna-XM_0382512561	rna-XM_0382512561	ENSXNUT00000010259
OG0004571	rna-XM_0382501041	rna-XM_0382501041	rna-XM_0382501041	rna-XM_0382501041	ENSXNUT00000000793
OG0004572	rna-XM_0382543841	rna-XM_0382543841	rna-XM_0382543841	rna-XM_0382543841	ENSXNUT00000001877
OG0004573	rna-XM_0018459692	rna-XM_0018459692	rna-XM_0018459692	rna-XM_0018459692	ENSXNUT00000000365
OG0004574	rna-XM_0382530571	rna-XM_0382530571	rna-XM_0382530571	rna-XM_0382530571	ENSXNUT00000001595
OG0004575	rna-XM_0382583691	rna-XM_0382583691	rna-XM_0382583691	rna-XM_0382583691	ENSXNUT00000005295
OG0004576	rna-XM_0382562601	rna-XM_0382562601	rna-XM_0382562601	rna-XM_0382562601	ENSXNUT00000001260
OG0004577	rna-XM_0382561321	rna-XM_0382561321	rna-XM_0382561321	rna-XM_0382561321	ENSXNUT00000004030
OG0004578	rna-XM_0018460462	rna-XM_0018460462	rna-XM_0018460462	rna-XM_0018460462	ENSXNUT00000002924
OG0004579	rna-XM_0382571301	rna-XM_0382571301	rna-XM_0382571301	rna-XM_0382571301	ENSXNUT00000003300
OG0004580	rna-XM_0018460482	rna-XM_0018460482	rna-XM_0018460482	rna-XM_0018460482	ENSXNUT00000002843
OG0004581	rna-XM_0018460492	rna-XM_0018460492	rna-XM_0018460492	rna-XM_0018460492	ENSXNUT00000005875
OG0004582	rna-XM_0018460512	rna-XM_0018460512	rna-XM_0018460512	rna-XM_0018460512	ENSXNUT00000005076
OG0004583	rna-XM_0018460522	rna-XM_0018460522	rna-XM_0018460522	rna-XM_0018460522	ENSXNUT00000001036
OG0004584	rna-XM_0382560121	rna-XM_0382560121	rna-XM_0382560121	rna-XM_0382560121	ENSXNUT00000000052
OG0004585	rna-XM_0382552101	rna-XM_0382552101	rna-XM_0382552101	rna-XM_0382552101	ENSXNUT00000010928
OG0004586	rna-XM_0018460602	rna-XM_0018460602	rna-XM_0018460602	rna-XM_0018460602	ENSXNUT00000005741
OG0004587	rna-XM_0018460622	rna-XM_0018460622	rna-XM_0018460622	rna-XM_0018460622	ENSXNUT00000003271
OG0004588	rna-XM_0382575561	rna-XM_0382575561	rna-XM_0382575561	rna-XM_0382575561	ENSXNUT00000001773
OG0004589	rna-XM_0382573241	rna-XM_0382573241	rna-XM_0382573241	rna-XM_0382573241	ENSXNUT00000004685
OG0004590	rna-XM_0018460662	rna-XM_0018460662	rna-XM_0018460662	rna-XM_0018460662	ENSXNUT00000000486
OG0004591	rna-XM_0382566601	rna-XM_0382566601	rna-XM_0382566601	rna-XM_0382566601	ENSXNUT00000002330
OG0004592	rna-XM_0018460692	rna-XM_0018460692	rna-XM_0018460692	rna-XM_0018460692	ENSXNUT00000000872
OG0004593	rna-XM_0382521671	rna-XM_0382521671	rna-XM_0382521671	rna-XM_0382521671	ENSXNUT00000003900
OG0004594	rna-XM_0382521731	rna-XM_0382521731	rna-XM_0382521731	rna-XM_0382521731	ENSXNUT00000005958
OG0004595	rna-XM_0018460772	rna-XM_0018460772	rna-XM_0018460772	rna-XM_0018460772	ENSXNUT00000008099
OG0004596	rna-XM_0382521651	rna-XM_0382521651	rna-XM_0382521651	rna-XM_0382521651	ENSXNUT00000002522
OG0004597	rna-XM_0382521701	rna-XM_0382521701	rna-XM_0382521701	rna-XM_0382521701	ENSXNUT00000001533
OG0004598	rna-XM_0018460842	rna-XM_0018460842	rna-XM_0018460842	rna-XM_0018460842	ENSXNUT00000000444
OG0004599	rna-XM_0382534221	rna-XM_0382534221	rna-XM_0382534221	rna-XM_0382534221	ENSXNUT00000000673
OG0004600	rna-XM_0382534231	rna-XM_0382534231	rna-XM_0382534231	rna-XM_0382534231	ENSXNUT00000005339
OG0004601	rna-XM_0382557961	rna-XM_0382557961	rna-XM_0382557961	rna-XM_0382557961	ENSXNUT00000003722
OG0004602	rna-XM_0382572741	rna-XM_0382572741	rna-XM_0382572741	rna-XM_0382572741	ENSXNUT00000004990
OG0004603	rna-XM_0018460942	rna-XM_0018460942	rna-XM_0018460942	rna-XM_0018460942	ENSXNUT00000000810
OG0004604	rna-XM_0382545121	rna-XM_0382545121	rna-XM_0382545121	rna-XM_0382545121	ENSXNUT00000002976
OG0004605	rna-XM_0018460982	rna-XM_0018460982	rna-XM_0018460982	rna-XM_0018460982	ENSXNUT00000005265
OG0004606	rna-XM_0382525531	rna-XM_0382525531	rna-XM_0382525531	rna-XM_0382525531	ENSXNUT00000011313
OG0004607	rna-XM_0382528401	rna-XM_0382528401	rna-XM_0382528401	rna-XM_0382528401	ENSXNUT00000001598
OG0004608	rna-XM_0018461132	rna-XM_0018461132	rna-XM_0018461132	rna-XM_0018461132	ENSXNUT00000001518
OG0004609	rna-XM_0018461212	rna-XM_0018461212	rna-XM_0018461212	rna-XM_0018461212	ENSXNUT00000000699
OG0004610	rna-XM_0382548711	rna-XM_0382548711	rna-XM_0382548711	rna-XM_0382548711	ENSXNUT00000004483
OG0004611	rna-XM_0018461292	rna-XM_0018461292	rna-XM_0018461292	rna-XM_0018461292	ENSXNUT00000004648
OG0004612	rna-XM_0018461322	rna-XM_0018461322	rna-XM_0018461322	rna-XM_0018461322	ENSXNUT00000002320
OG0004613	rna-XM_0382579011	rna-XM_0382579011	rna-XM_0382579011	rna-XM_0382579011	ENSXNUT00000003070
OG0004614	rna-XM_0382511231	rna-XM_0382511231	rna-XM_0382511231	rna-XM_0382511231	ENSXNUT00000000800
OG0004615	rna-XM_0382572631	rna-XM_0382572631	rna-XM_0382572631	rna-XM_0382572631	ENSXNUT00000001121
OG0004616	rna-XM_0382571251	rna-XM_0382571251	rna-XM_0382571251	rna-XM_0382571251	ENSXNUT00000008032
OG0004617	rna-XM_0018461522	rna-XM_0018461522	rna-XM_0018461522	rna-XM_0018461522	ENSXNUT00000006961
OG0004618	rna-XM_0382503761	rna-XM_0382503761	rna-XM_0382503761	rna-XM_0382503761	ENSXNUT00000000974
OG0004619	rna-XM_0018461632	rna-XM_0018461632	rna-XM_0018461632	rna-XM_0018461632	ENSXNUT00000005688
OG0004620	rna-XM_0018461642	rna-XM_0018461642	rna-XM_0018461642	rna-XM_0018461642	ENSXNUT00000006418
OG0004621	rna-XM_0382554591	rna-XM_0382554591	rna-XM_0382554591	rna-XM_0382554591	ENSXNUT00000004330
OG0004622	rna-XM_0382570311	rna-XM_0382570311	rna-XM_0382570311	rna-XM_0382570311	ENSXNUT00000005457
OG0004623	rna-XM_0382536011	rna-XM_0382536011	rna-XM_0382536011	rna-XM_0382536011	ENSXNUT00000005092
OG0004624	rna-XM_0018461742	rna-XM_0018461742	rna-XM_0018461742	rna-XM_0018461742	ENSXNUT00000002180
OG0004625	rna-XM_0018461752	rna-XM_0018461752	rna-XM_0018461752	rna-XM_0018461752	ENSXNUT00000001890
OG0004626	rna-XM_0018461762	rna-XM_0018461762	rna-XM_0018461762	rna-XM_0018461762	ENSXNUT00000005590
OG0004627	rna-XM_0018461832	rna-XM_0018461832	rna-XM_0018461832	rna-XM_0018461832	ENSXNUT00000006733
OG0004628	rna-XM_0382551761	rna-XM_0382551761	rna-XM_0382551761	rna-XM_0382551761	ENSXNUT00000002806
OG0004629	rna-XM_0382512851	rna-XM_0382512851	rna-XM_0382512851	rna-XM_0382512851	ENSXNUT00000005113
OG0004630	rna-XM_0382508551	rna-XM_0382508551	rna-XM_0382508551	rna-XM_0382508551	ENSXNUT00000000955
OG0004631	rna-XM_0382532781	rna-XM_0382532781	rna-XM_0382532791	rna-XM_0382532781	ENSXNUT00000002116
OG0004632	rna-XM_0382560601	rna-XM_0382560611	rna-XM_0382560601	rna-XM_0382560601	ENSXNUT00000003694
OG0004633	rna-XM_0382555861	rna-XM_0382555861	rna-XM_0382555861	rna-XM_0382555861	ENSXNUT00000005708
OG0004634	rna-XM_0382577641	rna-XM_0382577641	rna-XM_0382577641	rna-XM_0382577641	ENSXNUT00000001963
OG0004635	rna-XM_0018461772	rna-XM_0018461772	rna-XM_0018461772	rna-XM_0018461772	ENSXNUT00000000684
OG0004636	rna-XM_0382612021	rna-XM_0382612021	rna-XM_0382612021	rna-XM_0382612021	ENSXNUT00000012635
OG0004637	rna-XM_0382592211	rna-XM_0382592211	rna-XM_0382592211	rna-XM_0382592211	ENSXNUT00000008052
OG0004638	rna-XM_0018462322	rna-XM_0018462322	rna-XM_0018462322	rna-XM_0018462322	ENSXNUT00000011354
OG0004639	rna-XM_0018462342	rna-XM_0018462342	rna-XM_0018462342	rna-XM_0018462342	ENSXNUT00000011425
OG0004640	rna-XM_0382648191	rna-XM_0382648191	rna-XM_0382648191	rna-XM_0382648191	ENSXNUT00000005942
OG0004642	rna-XM_0382630551	rna-XM_0382630551	rna-XM_0382630551	rna-XM_0382630551	ENSXNUT00000011493
OG0004643	rna-XM_0382599901	rna-XM_0382599901	rna-XM_0382599901	rna-XM_0382599901	ENSXNUT00000012017
OG0004644	rna-XM_0018462412	rna-XM_0018462412	rna-XM_0018462412	rna-XM_0018462412	ENSXNUT00000011670
OG0004645	rna-XM_0018462432	rna-XM_0018462432	rna-XM_0018462432	rna-XM_0018462432	ENSXNUT00000011860
OG0004646	rna-XM_0018462442	rna-XM_0018462442	rna-XM_0018462442	rna-XM_0018462442	ENSXNUT00000009708
OG0004647	rna-XM_0382632711	rna-XM_0382632711	rna-XM_0382632711	rna-XM_0382632711	ENSXNUT00000006589
OG0004648	rna-XM_0018462512	rna-XM_0018462512	rna-XM_0018462512	rna-XM_0018462512	ENSXNUT00000011392
OG0004649	rna-XM_0018462492	rna-XM_0018462492	rna-XM_0018462492	rna-XM_0018462492	ENSXNUT00000014126
OG0004650	rna-XM_0382653671	rna-XM_0382653671	rna-XM_0382653671	rna-XM_0382653671	ENSXNUT00000006583
OG0004651	rna-XM_0382620231	rna-XM_0382620231	rna-XM_0382620231	rna-XM_0382620231	ENSXNUT00000013807
OG0004652	rna-XM_0018462552	rna-XM_0018462552	rna-XM_0018462552	rna-XM_0018462552	ENSXNUT00000007374
OG0004653	rna-XM_0018462572	rna-XM_0018462572	rna-XM_0018462572	rna-XM_0018462572	ENSXNUT00000008655
OG0004654	rna-XM_0382614621	rna-XM_0382614621	rna-XM_0382614621	rna-XM_0382614621	ENSXNUT00000011947
OG0004655	rna-XM_0382633241	rna-XM_0382633241	rna-XM_0382633241	rna-XM_0382633241	ENSXNUT00000010565
OG0004656	rna-XM_0382633251	rna-XM_0382633251	rna-XM_0382633251	rna-XM_0382633251	ENSXNUT00000008369
OG0004657	rna-XM_0382654561	rna-XM_0382654561	rna-XM_0382654561	rna-XM_0382654561	ENSXNUT00000006766
OG0004658	rna-XM_0018462732	rna-XM_0018462732	rna-XM_0018462732	rna-XM_0018462732	ENSXNUT00000015542
OG0004659	rna-XM_0018462742	rna-XM_0018462742	rna-XM_0018462742	rna-XM_0018462742	ENSXNUT00000005883
OG0004660	rna-XM_0382628381	rna-XM_0382628381	rna-XM_0382628381	rna-XM_0382628381	ENSXNUT00000011299
OG0004661	rna-XM_0018462762	rna-XM_0018462762	rna-XM_0018462762	rna-XM_0018462762	ENSXNUT00000011672
OG0004662	rna-XM_0018462782	rna-XM_0018462782	rna-XM_0018462782	rna-XM_0018462782	ENSXNUT00000009472
OG0004663	rna-XM_0382599141	rna-XM_0382599141	rna-XM_0382599141	rna-XM_0382599141	ENSXNUT00000016671
OG0004664	rna-XM_0382599121	rna-XM_0382599121	rna-XM_0382599121	rna-XM_0382599121	ENSXNUT00000007701
OG0004665	rna-XM_0382640011	rna-XM_0382640011	rna-XM_0382640011	rna-XM_0382640011	ENSXNUT00000016532
OG0004666	rna-XM_0382650401	rna-XM_0382650401	rna-XM_0382650401	rna-XM_0382650401	ENSXNUT00000007570
OG0004667	rna-XM_0382616131	rna-XM_0382616131	rna-XM_0382616131	rna-XM_0382616131	ENSXNUT00000008817
OG0004668	rna-XM_0382616261	rna-XM_0382616261	rna-XM_0382616261	rna-XM_0382616261	ENSXNUT00000011086
OG0004669	rna-XM_0382616191	rna-XM_0382616191	rna-XM_0382616191	rna-XM_0382616191	ENSXNUT00000006210
OG0004670	rna-XM_0018462912	rna-XM_0018462912	rna-XM_0018462912	rna-XM_0018462912	ENSXNUT00000007799
OG0004671	rna-XM_0382655521	rna-XM_0382655521	rna-XM_0382655521	rna-XM_0382655521	ENSXNUT00000007855
OG0004672	rna-XM_0018462932	rna-XM_0018462932	rna-XM_0018462932	rna-XM_0018462932	ENSXNUT00000007910
OG0004673	rna-XM_0018462942	rna-XM_0018462942	rna-XM_0018462942	rna-XM_0018462942	ENSXNUT00000014232
OG0004674	rna-XM_0382649631	rna-XM_0382649631	rna-XM_0382649631	rna-XM_0382649631	ENSXNUT00000013122
OG0004675	rna-XM_0382605871	rna-XM_0382605871	rna-XM_0382605871	rna-XM_0382605871	ENSXNUT00000008363
OG0004676	rna-XM_0382605881	rna-XM_0382605881	rna-XM_0382605881	rna-XM_0382605881	ENSXNUT00000006162
OG0004677	rna-XM_0382628961	rna-XM_0382628961	rna-XM_0382628961	rna-XM_0382628961	ENSXNUT00000014290
OG0004678	rna-XM_0018463192	rna-XM_0018463192	rna-XM_0018463192	rna-XM_0018463192	ENSXNUT00000014041
OG0004679	rna-XM_0382641001	rna-XM_0382641001	rna-XM_0382641001	rna-XM_0382641001	ENSXNUT00000006101
OG0004680	rna-XM_0018463302	rna-XM_0018463302	rna-XM_0018463302	rna-XM_0018463302	ENSXNUT00000004686
OG0004681	rna-XM_0382532731	rna-XM_0382532731	rna-XM_0382532731	rna-XM_0382532731	ENSXNUT00000000461
OG0004682	rna-XM_0018463342	rna-XM_0018463342	rna-XM_0018463342	rna-XM_0018463342	ENSXNUT00000002438
OG0004683	rna-XM_0382569061	rna-XM_0382569061	rna-XM_0382569061	rna-XM_0382569061	ENSXNUT00000005427
OG0004684	rna-XM_0382569161	rna-XM_0382569161	rna-XM_0382569161	rna-XM_0382569161	ENSXNUT00000005096
OG0004685	rna-XM_0382569041	rna-XM_0382569041	rna-XM_0382569041	rna-XM_0382569041	ENSXNUT00000005383
OG0004686	rna-XM_0382513911	rna-XM_0382513911	rna-XM_0382513911	rna-XM_0382513911	ENSXNUT00000001774
OG0004687	rna-XM_0018463472	rna-XM_0018463472	rna-XM_0018463472	rna-XM_0018463472	ENSXNUT00000011496
OG0004688	rna-XM_0382552681	rna-XM_0382552681	rna-XM_0382552681	rna-XM_0382552681	ENSXNUT00000005008
OG0004689	rna-XM_0382544241	rna-XM_0382544241	rna-XM_0382544241	rna-XM_0382544241	ENSXNUT00000002447
OG0004690	rna-XM_0382523371	rna-XM_0382523371	rna-XM_0382523371	rna-XM_0382523371	ENSXNUT00000005154
OG0004691	rna-XM_0382568561	rna-XM_0382568571	rna-XM_0382568571	rna-XM_0382568571	ENSXNUT00000004312
OG0004692	rna-XM_0382567381	rna-XM_0382567381	rna-XM_0382567381	rna-XM_0382567381	ENSXNUT00000000542
OG0004693	rna-XM_0382540591	rna-XM_0382540591	rna-XM_0382540591	rna-XM_0382540591	ENSXNUT00000000841
OG0004694	rna-XM_0382562441	rna-XM_0382562441	rna-XM_0382562441	rna-XM_0382562441	ENSXNUT00000002874
OG0004695	rna-XM_0018463712	rna-XM_0018463712	rna-XM_0018463712	rna-XM_0018463712	ENSXNUT00000003042
OG0004696	rna-XM_0382553111	rna-XM_0382553111	rna-XM_0382553111	rna-XM_0382553111	ENSXNUT00000005791
OG0004697	rna-XM_0382549741	rna-XM_0382549741	rna-XM_0382549741	rna-XM_0382549741	ENSXNUT00000000098
OG0004698	rna-XM_0382526221	rna-XM_0382526221	rna-XM_0382526221	rna-XM_0382526221	ENSXNUT00000004015
OG0004699	rna-XM_0018463852	rna-XM_0018463852	rna-XM_0018463852	rna-XM_0018463852	ENSXNUT00000003851
OG0004700	rna-XM_0382573491	rna-XM_0382573491	rna-XM_0382573491	rna-XM_0382573491	ENSXNUT00000002688
OG0004701	rna-XM_0382632431	rna-XM_0382632431	rna-XM_0382632431	rna-XM_0382632431	ENSXNUT00000007233
OG0004702	rna-XM_0382632241	rna-XM_0382632241	rna-XM_0382632241	rna-XM_0382632241	ENSXNUT00000017250
OG0004703	rna-XM_0018464022	rna-XM_0018464022	rna-XM_0018464022	rna-XM_0018464022	ENSXNUT00000012112
OG0004704	rna-XM_0018464032	rna-XM_0018464032	rna-XM_0018464032	rna-XM_0018464032	ENSXNUT00000006555
OG0004705	rna-XM_0018464042	rna-XM_0018464042	rna-XM_0018464042	rna-XM_0018464042	ENSXNUT00000013385
OG0004706	rna-XM_0018464082	rna-XM_0018464082	rna-XM_0018464082	rna-XM_0018464082	ENSXNUT00000013802
OG0004707	rna-XM_0018464092	rna-XM_0018464092	rna-XM_0018464092	rna-XM_0018464092	ENSXNUT00000014461
OG0004708	rna-XM_0382631201	rna-XM_0382631201	rna-XM_0382631201	rna-XM_0382631201	ENSXNUT00000011494
OG0004709	rna-XM_0018464222	rna-XM_0018464222	rna-XM_0018464222	rna-XM_0018464222	ENSXNUT00000010808
OG0004710	rna-XM_0018464252	rna-XM_0018464252	rna-XM_0018464252	rna-XM_0018464252	ENSXNUT00000007301
OG0004711	rna-XM_0382633871	rna-XM_0382633871	rna-XM_0382633871	rna-XM_0382633871	ENSXNUT00000012480
OG0004712	rna-XM_0382633031	rna-XM_0382633031	rna-XM_0382633031	rna-XM_0382633031	ENSXNUT00000011096
OG0004713	rna-XM_0382528071	rna-XM_0382528071	rna-XM_0382528071	rna-XM_0382528071	ENSXNUT00000003624
OG0004714	rna-XM_0018464352	rna-XM_0018464352	rna-XM_0018464352	rna-XM_0018464352	ENSXNUT00000002437
OG0004715	rna-XM_0018464362	rna-XM_0018464362	rna-XM_0018464362	rna-XM_0018464362	ENSXNUT00000005764
OG0004716	rna-XM_0018464372	rna-XM_0018464372	rna-XM_0018464372	rna-XM_0018464372	ENSXNUT00000001481
OG0004717	rna-XM_0018464322	rna-XM_0018464322	rna-XM_0018464322	rna-XM_0018464322	ENSXNUT00000008731
OG0004718	rna-XM_0018464332	rna-XM_0018464332	rna-XM_0018464332	rna-XM_0018464332	ENSXNUT00000003775
OG0004719	rna-XM_0382568131	rna-XM_0382568131	rna-XM_0382568131	rna-XM_0382568131	ENSXNUT00000001949
OG0004720	rna-XM_0382525561	rna-XM_0382525561	rna-XM_0382525561	rna-XM_0382525561	ENSXNUT00000000319
OG0004721	rna-XM_0382525351	rna-XM_0382525351	rna-XM_0382525351	rna-XM_0382525351	ENSXNUT00000002193
OG0004722	rna-XM_0382520501	rna-XM_0382520501	rna-XM_0382520501	rna-XM_0382520501	ENSXNUT00000001479
OG0004723	rna-XM_0018464442	rna-XM_0018464442	rna-XM_0018464442	rna-XM_0018464442	ENSXNUT00000004575
OG0004724	rna-XM_0382520511	rna-XM_0382520511	rna-XM_0382520511	rna-XM_0382520511	ENSXNUT00000005553
OG0004725	rna-XM_0382532441	rna-XM_0382532441	rna-XM_0382532441	rna-XM_0382532441	ENSXNUT00000007522
OG0004726	rna-XM_0018464472	rna-XM_0018464472	rna-XM_0018464472	rna-XM_0018464472	ENSXNUT00000000663
OG0004727	rna-XM_0018464482	rna-XM_0018464482	rna-XM_0018464482	rna-XM_0018464482	ENSXNUT00000001269
OG0004728	rna-XM_0382579811	rna-XM_0382579811	rna-XM_0382579811	rna-XM_0382579811	ENSXNUT00000004118
OG0004729	rna-XM_0382584631	rna-XM_0382584631	rna-XM_0382584631	rna-XM_0382584641	ENSXNUT00000002192
OG0004730	rna-XM_0018464522	rna-XM_0018464522	rna-XM_0018464522	rna-XM_0018464522	ENSXNUT00000004668
OG0004731	rna-XM_0382531461	rna-XM_0382531461	rna-XM_0382531461	rna-XM_0382531461	ENSXNUT00000001946
OG0004732	rna-XM_0382550921	rna-XM_0382550921	rna-XM_0382550921	rna-XM_0382550921	ENSXNUT00000003440
OG0004733	rna-XM_0018464562	rna-XM_0018464562	rna-XM_0018464562	rna-XM_0018464562	ENSXNUT00000005095
OG0004734	rna-XM_0382525881	rna-XM_0382525881	rna-XM_0382525881	rna-XM_0382525881	ENSXNUT00000001312
OG0004735	rna-XM_0018464602	rna-XM_0018464602	rna-XM_0018464602	rna-XM_0018464602	ENSXNUT00000000859
OG0004736	rna-XM_0018464612	rna-XM_0018464612	rna-XM_0018464612	rna-XM_0018464612	ENSXNUT00000004196
OG0004737	rna-XM_0018464622	rna-XM_0018464622	rna-XM_0018464622	rna-XM_0018464622	ENSXNUT00000004795
OG0004738	rna-XM_0382567821	rna-XM_0382567821	rna-XM_0382567821	rna-XM_0382567821	ENSXNUT00000004661
OG0004739	rna-XM_0382537291	rna-XM_0382537291	rna-XM_0382537291	rna-XM_0382537291	ENSXNUT00000000676
OG0004740	rna-XM_0018464692	rna-XM_0018464692	rna-XM_0018464692	rna-XM_0018464692	ENSXNUT00000003050
OG0004741	rna-XM_0382527131	rna-XM_0382527131	rna-XM_0382527131	rna-XM_0382527131	ENSXNUT00000004022
OG0004742	rna-XM_0018464712	rna-XM_0018464712	rna-XM_0018464712	rna-XM_0018464712	ENSXNUT00000003094
OG0004743	rna-XM_0382579391	rna-XM_0382579391	rna-XM_0382579391	rna-XM_0382579391	ENSXNUT00000000596
OG0004744	rna-XM_0018464802	rna-XM_0018464802	rna-XM_0018464802	rna-XM_0018464802	ENSXNUT00000003327
OG0004745	rna-XM_0382581441	rna-XM_0382581441	rna-XM_0382581461	rna-XM_0382581441	ENSXNUT00000002805
OG0004746	rna-XM_0382512711	rna-XM_0382512711	rna-XM_0382512711	rna-XM_0382512731	ENSXNUT00000006986
OG0004747	rna-XM_0382497841	rna-XM_0382497841	rna-XM_0382497841	rna-XM_0382497841	ENSXNUT00000014933
OG0004748	rna-XM_0382493761	rna-XM_0382493761	rna-XM_0382493761	rna-XM_0382493761	ENSXNUT00000015213
OG0004749	rna-XM_0382530611	rna-XM_0382530611	rna-XM_0382530611	rna-XM_0382530611	ENSXNUT00000016680
OG0004750	rna-XM_0382530531	rna-XM_0382530531	rna-XM_0382530531	rna-XM_0382530531	ENSXNUT00000014387
OG0004751	rna-XM_0382530861	rna-XM_0382530861	rna-XM_0382530861	rna-XM_0382530861	ENSXNUT00000014595
OG0004752	rna-XM_0018465042	rna-XM_0018465042	rna-XM_0018465042	rna-XM_0018465042	ENSXNUT00000016310
OG0004753	rna-XM_0382507051	rna-XM_0382507051	rna-XM_0382507051	rna-XM_0382507051	ENSXNUT00000013739
OG0004754	rna-XM_0018465122	rna-XM_0018465122	rna-XM_0018465122	rna-XM_0018465122	ENSXNUT00000015392
OG0004755	rna-XM_0018465132	rna-XM_0018465132	rna-XM_0018465132	rna-XM_0018465132	ENSXNUT00000012997
OG0004756	rna-XM_0382482231	rna-XM_0382482231	rna-XM_0382482231	rna-XM_0382482231	ENSXNUT00000014790
OG0004757	rna-XM_0382632661	rna-XM_0382632661	rna-XM_0382632661	rna-XM_0382632661	ENSXNUT00000014967
OG0004758	rna-XM_0018465162	rna-XM_0018465162	rna-XM_0018465162	rna-XM_0018465162	ENSXNUT00000011006
OG0004759	rna-XM_0018465222	rna-XM_0018465222	rna-XM_0018465222	rna-XM_0018465222	ENSXNUT00000011309
OG0004760	rna-XM_0018465262	rna-XM_0018465262	rna-XM_0018465262	rna-XM_0018465262	ENSXNUT00000006891
OG0004761	rna-XM_0018465272	rna-XM_0018465272	rna-XM_0018465272	rna-XM_0018465272	ENSXNUT00000007602
OG0004762	rna-XM_0382635311	rna-XM_0382635311	rna-XM_0382635311	rna-XM_0382635311	ENSXNUT00000010226
OG0004763	rna-XM_0018465342	rna-XM_0018465342	rna-XM_0018465342	rna-XM_0018465342	ENSXNUT00000006863
OG0004764	rna-XM_0382611911	rna-XM_0382611911	rna-XM_0382611911	rna-XM_0382611911	ENSXNUT00000016937
OG0004765	rna-XM_0382658641	rna-XM_0382658661	rna-XM_0382658721	rna-XM_0382658651	ENSXNUT00000011879
OG0004766	rna-XM_0382616001	rna-XM_0382616001	rna-XM_0382616001	rna-XM_0382616001	ENSXNUT00000011897
OG0004767	rna-XM_0382616031	rna-XM_0382616031	rna-XM_0382616031	rna-XM_0382616031	ENSXNUT00000012099
OG0004768	rna-XM_0018465462	rna-XM_0018465462	rna-XM_0018465462	rna-XM_0018465462	ENSXNUT00000009384
OG0004769	rna-XM_0382629341	rna-XM_0382629341	rna-XM_0382629341	rna-XM_0382629341	ENSXNUT00000011267
OG0004770	rna-XM_0018465502	rna-XM_0018465502	rna-XM_0018465502	rna-XM_0018465502	ENSXNUT00000011774
OG0004771	rna-XM_0382617441	rna-XM_0382617451	rna-XM_0382617441	rna-XM_0382617451	ENSXNUT00000013944
OG0004772	rna-XM_0018465522	rna-XM_0018465522	rna-XM_0018465522	rna-XM_0018465522	ENSXNUT00000007444
OG0004773	rna-XM_0018465582	rna-XM_0018465582	rna-XM_0018465582	rna-XM_0018465582	ENSXNUT00000011105
OG0004774	rna-XM_0382641551	rna-XM_0382641551	rna-XM_0382641551	rna-XM_0382641551	ENSXNUT00000011188
OG0004775	rna-XM_0382628671	rna-XM_0382628671	rna-XM_0382628671	rna-XM_0382628671	ENSXNUT00000014846
OG0004776	rna-XM_0382627141	rna-XM_0382627141	rna-XM_0382627161	rna-XM_0382627141	ENSXNUT00000012362
OG0004777	rna-XM_0382613091	rna-XM_0382613091	rna-XM_0382613091	rna-XM_0382613091	ENSXNUT00000010651
OG0004778	rna-XM_0382526411	rna-XM_0382526411	rna-XM_0382526411	rna-XM_0382526411	ENSXNUT00000004654
OG0004779	rna-XM_0382555171	rna-XM_0382555171	rna-XM_0382555171	rna-XM_0382555171	ENSXNUT00000008926
OG0004780	rna-XM_0382555181	rna-XM_0382555181	rna-XM_0382555181	rna-XM_0382555181	ENSXNUT00000005282
OG0004781	rna-XM_0018466002	rna-XM_0018466002	rna-XM_0018466002	rna-XM_0018466002	ENSXNUT00000003727
OG0004782	rna-XM_0382563601	rna-XM_0382563601	rna-XM_0382563601	rna-XM_0382563601	ENSXNUT00000001760
OG0004783	rna-XM_0018466042	rna-XM_0018466042	rna-XM_0018466042	rna-XM_0018466042	ENSXNUT00000001248
OG0004784	rna-XM_0018466052	rna-XM_0018466052	rna-XM_0018466052	rna-XM_0018466052	ENSXNUT00000003604
OG0004785	rna-XM_0382560591	rna-XM_0382560591	rna-XM_0382560591	rna-XM_0382560591	ENSXNUT00000000966
OG0004786	rna-XM_0018466142	rna-XM_0018466142	rna-XM_0018466142	rna-XM_0018466142	ENSXNUT00000000157
OG0004787	rna-XM_0382578071	rna-XM_0382578071	rna-XM_0382578071	rna-XM_0382578071	ENSXNUT00000000322
OG0004788	rna-XM_0018466192	rna-XM_0018466192	rna-XM_0018466192	rna-XM_0018466192	ENSXNUT00000004757
OG0004789	rna-XM_0018466222	rna-XM_0018466222	rna-XM_0018466222	rna-XM_0018466222	ENSXNUT00000005570
OG0004790	rna-XM_0018466262	rna-XM_0018466262	rna-XM_0018466262	rna-XM_0018466262	ENSXNUT00000001844
OG0004791	rna-XM_0018466252	rna-XM_0018466252	rna-XM_0018466252	rna-XM_0018466252	ENSXNUT00000008580
OG0004792	rna-XM_0018466302	rna-XM_0018466302	rna-XM_0018466302	rna-XM_0018466302	ENSXNUT00000004513
OG0004793	rna-XM_0018466342	rna-XM_0018466342	rna-XM_0018466342	rna-XM_0018466342	ENSXNUT00000000769
OG0004794	rna-XM_0382534471	rna-XM_0382534471	rna-XM_0382534471	rna-XM_0382534471	ENSXNUT00000000408
OG0004795	rna-XM_0382563821	rna-XM_0382563821	rna-XM_0382563821	rna-XM_0382563821	ENSXNUT00000005020
OG0004796	rna-XM_0018466432	rna-XM_0018466432	rna-XM_0018466432	rna-XM_0018466432	ENSXNUT00000004846
OG0004797	rna-XM_0018466482	rna-XM_0018466482	rna-XM_0018466482	rna-XM_0018466482	ENSXNUT00000005754
OG0004798	rna-XM_0382512671	rna-XM_0382512671	rna-XM_0382512681	rna-XM_0382512671	ENSXNUT00000000409
OG0004799	rna-XM_0018466632	rna-XM_0018466632	rna-XM_0018466632	rna-XM_0018466632	ENSXNUT00000005552
OG0004800	rna-XM_0018466642	rna-XM_0018466642	rna-XM_0018466642	rna-XM_0018466642	ENSXNUT00000004620
OG0004801	rna-XM_0018466652	rna-XM_0018466652	rna-XM_0018466652	rna-XM_0018466652	ENSXNUT00000001296
OG0004802	rna-XM_0382528271	rna-XM_0382528271	rna-XM_0382528271	rna-XM_0382528271	ENSXNUT00000003114
OG0004803	rna-XM_0382512701	rna-XM_0382512701	rna-XM_0382512701	rna-XM_0382512701	ENSXNUT00000007183
OG0004804	rna-XM_0382500931	rna-XM_0382500931	rna-XM_0382500931	rna-XM_0382500951	ENSXNUT00000007332
OG0004805	rna-XM_0382520641	rna-XM_0382520641	rna-XM_0382520641	rna-XM_0382520671	ENSXNUT00000001638
OG0004806	rna-XM_0382527961	rna-XM_0382527961	rna-XM_0382527961	rna-XM_0382527961	ENSXNUT00000003874
OG0004807	rna-XM_0382576681	rna-XM_0382576681	rna-XM_0382576681	rna-XM_0382576681	ENSXNUT00000005052
OG0004808	rna-XM_0018466892	rna-XM_0018466892	rna-XM_0018466892	rna-XM_0018466892	ENSXNUT00000009169
OG0004809	rna-XM_0018466912	rna-XM_0018466912	rna-XM_0018466912	rna-XM_0018466912	ENSXNUT00000005891
OG0004810	rna-XM_0382540581	rna-XM_0382540581	rna-XM_0382540581	rna-XM_0382540581	ENSXNUT00000003189
OG0004811	rna-XM_0382579751	rna-XM_0382579751	rna-XM_0382579751	rna-XM_0382579751	ENSXNUT00000005164
OG0004812	rna-XM_0382504411	rna-XM_0382504411	rna-XM_0382504411	rna-XM_0382504411	ENSXNUT00000005651
OG0004813	rna-XM_0018467062	rna-XM_0018467062	rna-XM_0018467062	rna-XM_0018467062	ENSXNUT00000003865
OG0004814	rna-XM_0018467162	rna-XM_0018467162	rna-XM_0018467162	rna-XM_0018467162	ENSXNUT00000015720
OG0004815	rna-XM_0018467122	rna-XM_0018467122	rna-XM_0018467122	rna-XM_0018467122	ENSXNUT00000018772
OG0004816	rna-XM_0382496691	rna-XM_0382496691	rna-XM_0382496691	rna-XM_0382496691	ENSXNUT00000014770
OG0004817	rna-XM_0018467192	rna-XM_0018467192	rna-XM_0018467192	rna-XM_0018467192	ENSXNUT00000018614
OG0004818	rna-XM_0382514431	rna-XM_0382514431	rna-XM_0382514431	rna-XM_0382514431	ENSXNUT00000012385
OG0004819	rna-XM_0382583651	rna-XM_0382583651	rna-XM_0382583651	rna-XM_0382583651	ENSXNUT00000018024
OG0004820	rna-XM_0018467282	rna-XM_0018467282	rna-XM_0018467282	rna-XM_0018467282	ENSXNUT00000012784
OG0004821	rna-XM_0018467352	rna-XM_0018467352	rna-XM_0018467352	rna-XM_0018467352	ENSXNUT00000014106
OG0004822	rna-XM_0018467362	rna-XM_0018467362	rna-XM_0018467362	rna-XM_0018467362	ENSXNUT00000018464
OG0004823	rna-XM_0382508821	rna-XM_0382508821	rna-XM_0382508821	rna-XM_0382508821	ENSXNUT00000014633
OG0004824	rna-XM_0018467412	rna-XM_0018467412	rna-XM_0018467412	rna-XM_0018467412	ENSXNUT00000014752
OG0004826	rna-XM_0382555791	rna-XM_0382555791	rna-XM_0382555791	rna-XM_0382555791	ENSXNUT00000004418
OG0004827	rna-XM_0382599741	rna-XM_0382599741	rna-XM_0382599741	rna-XM_0382599741	ENSXNUT00000009035
OG0004828	rna-XM_0382595571	rna-XM_0382595571	rna-XM_0382595571	rna-XM_0382595571	ENSXNUT00000009160
OG0004829	rna-XM_0018467722	rna-XM_0018467722	rna-XM_0018467722	rna-XM_0018467722	ENSXNUT00000015303
OG0004830	rna-XM_0382577441	rna-XM_0382577441	rna-XM_0382577441	rna-XM_0382577441	ENSXNUT00000005410
OG0004831	rna-XM_0018467942	rna-XM_0018467942	rna-XM_0018467942	rna-XM_0018467942	ENSXNUT00000008316
OG0004832	rna-XM_0382514921	rna-XM_0382514921	rna-XM_0382514921	rna-XM_0382514921	ENSXNUT00000009618
OG0004833	rna-XM_0382543171	rna-XM_0382543171	rna-XM_0382543171	rna-XM_0382543171	ENSXNUT00000005245
OG0004834	rna-XM_0382517911	rna-XM_0382517911	rna-XM_0382517911	rna-XM_0382517911	ENSXNUT00000003613
OG0004835	rna-XM_0018468052	rna-XM_0018468052	rna-XM_0018468052	rna-XM_0018468052	ENSXNUT00000002833
OG0004836	rna-XM_0382531201	rna-XM_0382531201	rna-XM_0382531201	rna-XM_0382531201	ENSXNUT00000004658
OG0004837	rna-XM_0382575051	rna-XM_0382575051	rna-XM_0382575051	rna-XM_0382575051	ENSXNUT00000003529
OG0004838	rna-XM_0382505071	rna-XM_0382505071	rna-XM_0382505071	rna-XM_0382505071	ENSXNUT00000001314
OG0004839	rna-XM_0382536751	rna-XM_0382536751	rna-XM_0382536751	rna-XM_0382536751	ENSXNUT00000001328
OG0004840	rna-XM_0018468232	rna-XM_0018468232	rna-XM_0018468232	rna-XM_0018468232	ENSXNUT00000003092
OG0004841	rna-XM_0018468242	rna-XM_0018468242	rna-XM_0018468242	rna-XM_0018468242	ENSXNUT00000003929
OG0004842	rna-XM_0382546461	rna-XM_0382546461	rna-XM_0382546461	rna-XM_0382546461	ENSXNUT00000003893
OG0004843	rna-XM_0382548571	rna-XM_0382548571	rna-XM_0382548571	rna-XM_0382548571	ENSXNUT00000011676
OG0004844	rna-XM_0382521801	rna-XM_0382521801	rna-XM_0382521801	rna-XM_0382521801	ENSXNUT00000001154
OG0004845	rna-XM_0382556751	rna-XM_0382556751	rna-XM_0382556751	rna-XM_0382556751	ENSXNUT00000004396
OG0004846	rna-XM_0382541801	rna-XM_0382541801	rna-XM_0382541801	rna-XM_0382541801	ENSXNUT00000000951
OG0004847	rna-XM_0018468332	rna-XM_0018468332	rna-XM_0018468332	rna-XM_0018468332	ENSXNUT00000000540
OG0004848	rna-XM_0018468342	rna-XM_0018468342	rna-XM_0018468342	rna-XM_0018468342	ENSXNUT00000001563
OG0004849	rna-XM_0018468362	rna-XM_0018468362	rna-XM_0018468362	rna-XM_0018468362	ENSXNUT00000004080
OG0004850	rna-XM_0018468382	rna-XM_0018468382	rna-XM_0018468382	rna-XM_0018468382	ENSXNUT00000000392
OG0004851	rna-XM_0382518511	rna-XM_0382518511	rna-XM_0382518511	rna-XM_0382518511	ENSXNUT00000002640
OG0004852	rna-XM_0382480781	rna-XM_0382480781	rna-XM_0382480781	rna-XM_0382480781	ENSXNUT00000015800
OG0004853	rna-XM_0382649261	rna-XM_0382649261	rna-XM_0382649261	rna-XM_0382649261	ENSXNUT00000011968
OG0004854	rna-XM_0018468492	rna-XM_0018468492	rna-XM_0018468492	rna-XM_0018468492	ENSXNUT00000012583
OG0004855	rna-XM_0382624531	rna-XM_0382624531	rna-XM_0382624531	rna-XM_0382624531	ENSXNUT00000008482
OG0004856	rna-XM_0382622431	rna-XM_0382622431	rna-XM_0382622431	rna-XM_0382622431	ENSXNUT00000015272
OG0004857	rna-XM_0382646041	rna-XM_0382646041	rna-XM_0382646041	rna-XM_0382646041	ENSXNUT00000007775
OG0004858	rna-XM_0382486941	rna-XM_0382486941	rna-XM_0382486941	rna-XM_0382486941	ENSXNUT00000017425
OG0004859	rna-XM_0382491401	rna-XM_0382491401	rna-XM_0382491401	rna-XM_0382491401	ENSXNUT00000016827
OG0004860	rna-XM_0382498711	rna-XM_0382498711	rna-XM_0382498711	rna-XM_0382498711	ENSXNUT00000016660
OG0004861	rna-XM_0382498811	rna-XM_0382498811	rna-XM_0382498811	rna-XM_0382498811	ENSXNUT00000012713
OG0004862	rna-XM_0382482971	rna-XM_0382482981	rna-XM_0382482971	rna-XM_0382482971	ENSXNUT00000015042
OG0004863	rna-XM_0382494051	rna-XM_0382494061	rna-XM_0382494051	rna-XM_0382494051	ENSXNUT00000017547
OG0004864	rna-XM_0018468962	rna-XM_0018468962	rna-XM_0018468962	rna-XM_0018468962	ENSXNUT00000017700
OG0004865	rna-XM_0382588721	rna-XM_0382588721	rna-XM_0382588721	rna-XM_0382588721	ENSXNUT00000012231
OG0004866	rna-XM_0382546661	rna-XM_0382546661	rna-XM_0382546661	rna-XM_0382546661	ENSXNUT00000014776
OG0004867	rna-XM_0382517541	rna-XM_0382517541	rna-XM_0382517541	rna-XM_0382517541	ENSXNUT00000003772
OG0004868	rna-XM_0382571111	rna-XM_0382571111	rna-XM_0382571111	rna-XM_0382571111	ENSXNUT00000004705
OG0004869	rna-XM_0018469102	rna-XM_0018469102	rna-XM_0018469102	rna-XM_0018469102	ENSXNUT00000003847
OG0004870	rna-XM_0018469122	rna-XM_0018469122	rna-XM_0018469122	rna-XM_0018469122	ENSXNUT00000003097
OG0004871	rna-XM_0018469132	rna-XM_0018469132	rna-XM_0018469132	rna-XM_0018469132	ENSXNUT00000003064
OG0004872	rna-XM_0382582651	rna-XM_0382582651	rna-XM_0382582651	rna-XM_0382582651	ENSXNUT00000002943
OG0004873	rna-XM_0018469152	rna-XM_0018469152	rna-XM_0018469152	rna-XM_0018469152	ENSXNUT00000005692
OG0004874	rna-XM_0382564261	rna-XM_0382564261	rna-XM_0382564261	rna-XM_0382564261	ENSXNUT00000010581
OG0004875	rna-XM_0018469182	rna-XM_0018469182	rna-XM_0018469182	rna-XM_0018469182	ENSXNUT00000001071
OG0004876	rna-XM_0382569181	rna-XM_0382569181	rna-XM_0382569181	rna-XM_0382569181	ENSXNUT00000001187
OG0004877	rna-XM_0018469262	rna-XM_0018469262	rna-XM_0018469262	rna-XM_0018469262	ENSXNUT00000002979
OG0004878	rna-XM_0382564251	rna-XM_0382564251	rna-XM_0382564251	rna-XM_0382564251	ENSXNUT00000004665
OG0004879	rna-XM_0382524961	rna-XM_0382524961	rna-XM_0382524961	rna-XM_0382524961	ENSXNUT00000000236
OG0004881	rna-XM_0382564501	rna-XM_0382564501	rna-XM_0382564501	rna-XM_0382564501	ENSXNUT00000000638
OG0004882	rna-XM_0018469352	rna-XM_0018469352	rna-XM_0018469352	rna-XM_0018469352	ENSXNUT00000002526
OG0004883	rna-XM_0382537341	rna-XM_0382537341	rna-XM_0382537341	rna-XM_0382537341	ENSXNUT00000004741
OG0004884	rna-XM_0382528191	rna-XM_0382528191	rna-XM_0382528191	rna-XM_0382528191	ENSXNUT00000001155
OG0004885	rna-XM_0382528161	rna-XM_0382528161	rna-XM_0382528161	rna-XM_0382528161	ENSXNUT00000007932
OG0004886	rna-XM_0018469462	rna-XM_0018469462	rna-XM_0018469462	rna-XM_0018469462	ENSXNUT00000006944
OG0004887	rna-XM_0382655241	rna-XM_0382655241	rna-XM_0382655241	rna-XM_0382655241	ENSXNUT00000013416
OG0004888	rna-XM_0382598841	rna-XM_0382598851	rna-XM_0382598841	rna-XM_0382598851	ENSXNUT00000010806
OG0004889	rna-XM_0018469532	rna-XM_0018469532	rna-XM_0018469532	rna-XM_0018469532	ENSXNUT00000011255
OG0004890	rna-XM_0382623371	rna-XM_0382623371	rna-XM_0382623371	rna-XM_0382623371	ENSXNUT00000010575
OG0004891	rna-XM_0382630291	rna-XM_0382630291	rna-XM_0382630291	rna-XM_0382630291	ENSXNUT00000011596
OG0004892	rna-XM_0018469582	rna-XM_0018469582	rna-XM_0018469582	rna-XM_0018469582	ENSXNUT00000007919
OG0004893	rna-XM_0382580041	rna-XM_0382580041	rna-XM_0382580041	rna-XM_0382580041	ENSXNUT00000005483
OG0004894	rna-XM_0382523571	rna-XM_0382523571	rna-XM_0382523571	rna-XM_0382523571	ENSXNUT00000007587
OG0004895	rna-XM_0382540401	rna-XM_0382540401	rna-XM_0382540401	rna-XM_0382540401	ENSXNUT00000004104
OG0004896	rna-XM_0018469892	rna-XM_0018469892	rna-XM_0018469892	rna-XM_0018469892	ENSXNUT00000002451
OG0004897	rna-XM_0018469882	rna-XM_0018469882	rna-XM_0018469882	rna-XM_0018469882	ENSXNUT00000001765
OG0004898	rna-XM_0382528331	rna-XM_0382528331	rna-XM_0382528331	rna-XM_0382528331	ENSXNUT00000001741
OG0004899	rna-XM_0018469942	rna-XM_0018469942	rna-XM_0018469942	rna-XM_0018469942	ENSXNUT00000002690
OG0004900	rna-XM_0382565751	rna-XM_0382565751	rna-XM_0382565751	rna-XM_0382565751	ENSXNUT00000003995
OG0004901	rna-XM_0382572711	rna-XM_0382572711	rna-XM_0382572711	rna-XM_0382572711	ENSXNUT00000002778
OG0004902	rna-XM_0018469972	rna-XM_0018469972	rna-XM_0018469972	rna-XM_0018469972	ENSXNUT00000005251
OG0004903	rna-XM_0382584401	rna-XM_0382584401	rna-XM_0382584411	rna-XM_0382584401	ENSXNUT00000005779
OG0004904	rna-XM_0382584461	rna-XM_0382584461	rna-XM_0382584461	rna-XM_0382584461	ENSXNUT00000011057
OG0004905	rna-XM_0382569351	rna-XM_0382569351	rna-XM_0382569351	rna-XM_0382569351	ENSXNUT00000000300
OG0004906	rna-XM_0382544031	rna-XM_0382544031	rna-XM_0382544031	rna-XM_0382544031	ENSXNUT00000001472
OG0004907	rna-XM_0018470112	rna-XM_0018470112	rna-XM_0018470112	rna-XM_0018470112	ENSXNUT00000000788
OG0004908	rna-XM_0382517221	rna-XM_0382517221	rna-XM_0382517221	rna-XM_0382517221	ENSXNUT00000010066
OG0004909	rna-XM_0382516171	rna-XM_0382516171	rna-XM_0382516171	rna-XM_0382516171	ENSXNUT00000004139
OG0004910	rna-XM_0018470162	rna-XM_0018470162	rna-XM_0018470162	rna-XM_0018470162	ENSXNUT00000005984
OG0004911	rna-XM_0382501551	rna-XM_0382501551	rna-XM_0382501551	rna-XM_0382501551	ENSXNUT00000001671
OG0004912	rna-XM_0382634141	rna-XM_0382634141	rna-XM_0382634141	rna-XM_0382634141	ENSXNUT00000011376
OG0004913	rna-XM_0382619461	rna-XM_0382619461	rna-XM_0382619501	rna-XM_0382619461	ENSXNUT00000008713
OG0004914	rna-XM_0382642581	rna-XM_0382642581	rna-XM_0382642581	rna-XM_0382642581	ENSXNUT00000007089
OG0004915	rna-XM_0382596121	rna-XM_0382596121	rna-XM_0382596121	rna-XM_0382596121	ENSXNUT00000007122
OG0004916	rna-XM_0382589591	rna-XM_0382589591	rna-XM_0382589591	rna-XM_0382589591	ENSXNUT00000008593
OG0004917	rna-XM_0382643771	rna-XM_0382643771	rna-XM_0382643771	rna-XM_0382643771	ENSXNUT00000007037
OG0004918	rna-XM_0018470422	rna-XM_0018470422	rna-XM_0018470422	rna-XM_0018470422	ENSXNUT00000011597
OG0004919	rna-XM_0382605701	rna-XM_0382605701	rna-XM_0382605701	rna-XM_0382605701	ENSXNUT00000017457
OG0004920	rna-XM_0018470452	rna-XM_0018470452	rna-XM_0018470452	rna-XM_0018470452	ENSXNUT00000011468
OG0004921	rna-XM_0382605731	rna-XM_0382605731	rna-XM_0382605731	rna-XM_0382605731	ENSXNUT00000009457
OG0004922	rna-XM_0382620511	rna-XM_0382620511	rna-XM_0382620511	rna-XM_0382620511	ENSXNUT00000008318
OG0004923	rna-XM_0018470482	rna-XM_0018470482	rna-XM_0018470482	rna-XM_0018470482	ENSXNUT00000007736
OG0004924	rna-XM_0382637991	rna-XM_0382637991	rna-XM_0382637991	rna-XM_0382637991	ENSXNUT00000011145
OG0004925	rna-XM_0382611511	rna-XM_0382611511	rna-XM_0382611511	rna-XM_0382611511	ENSXNUT00000011397
OG0004926	rna-XM_0382614951	rna-XM_0382614951	rna-XM_0382615011	rna-XM_0382614951	ENSXNUT00000015486
OG0004927	rna-XM_0382600621	rna-XM_0382600621	rna-XM_0382600621	rna-XM_0382600621	ENSXNUT00000007034
OG0004928	rna-XM_0382623141	rna-XM_0382623151	rna-XM_0382623141	rna-XM_0382623141	ENSXNUT00000016277
OG0004929	rna-XM_0382638261	rna-XM_0382638261	rna-XM_0382638261	rna-XM_0382638261	ENSXNUT00000010233
OG0004930	rna-XM_0382540501	rna-XM_0382540501	rna-XM_0382540501	rna-XM_0382540501	ENSXNUT00000004137
OG0004931	rna-XM_0382537271	rna-XM_0382537271	rna-XM_0018470742	rna-XM_0382537271	ENSXNUT00000001123
OG0004932	rna-XM_0018470752	rna-XM_0018470752	rna-XM_0018470752	rna-XM_0018470752	ENSXNUT00000001189
OG0004933	rna-XM_0018470772	rna-XM_0018470772	rna-XM_0018470772	rna-XM_0018470772	ENSXNUT00000005921
OG0004934	rna-XM_0382564461	rna-XM_0382564481	rna-XM_0382564461	rna-XM_0382564461	ENSXNUT00000009510
OG0004935	rna-XM_0018470792	rna-XM_0018470792	rna-XM_0018470792	rna-XM_0018470792	ENSXNUT00000005659
OG0004936	rna-XM_0382564451	rna-XM_0382564451	rna-XM_0382564451	rna-XM_0382564451	ENSXNUT00000000385
OG0004937	rna-XM_0018470842	rna-XM_0018470842	rna-XM_0018470842	rna-XM_0018470842	ENSXNUT00000000384
OG0004938	rna-XM_0382541991	rna-XM_0382541991	rna-XM_0382541991	rna-XM_0382541991	ENSXNUT00000005665
OG0004939	rna-XM_0018470862	rna-XM_0018470862	rna-XM_0018470862	rna-XM_0018470862	ENSXNUT00000002179
OG0004940	rna-XM_0382534761	rna-XM_0382534761	rna-XM_0382534761	rna-XM_0382534761	ENSXNUT00000003609
OG0004941	rna-XM_0018470912	rna-XM_0018470912	rna-XM_0018470912	rna-XM_0018470912	ENSXNUT00000004777
OG0004942	rna-XM_0018470922	rna-XM_0018470922	rna-XM_0018470922	rna-XM_0018470922	ENSXNUT00000002756
OG0004943	rna-XM_0382540111	rna-XM_0382540111	rna-XM_0382540111	rna-XM_0382540111	ENSXNUT00000005380
OG0004944	rna-XM_0382568371	rna-XM_0382568371	rna-XM_0382568371	rna-XM_0382568371	ENSXNUT00000000527
OG0004945	rna-XM_0018470982	rna-XM_0018470982	rna-XM_0018470982	rna-XM_0018470982	ENSXNUT00000001529
OG0004946	rna-XM_0018471002	rna-XM_0018471002	rna-XM_0018471002	rna-XM_0018471002	ENSXNUT00000001299
OG0004947	rna-XM_0382553251	rna-XM_0382553251	rna-XM_0382553251	rna-XM_0382553251	ENSXNUT00000004662
OG0004948	rna-XM_0018471042	rna-XM_0018471042	rna-XM_0018471042	rna-XM_0018471042	ENSXNUT00000003787
OG0004949	rna-XM_0018471072	rna-XM_0018471072	rna-XM_0018471072	rna-XM_0018471072	ENSXNUT00000003442
OG0004950	rna-XM_0018471092	rna-XM_0018471092	rna-XM_0018471092	rna-XM_0018471092	ENSXNUT00000002238
OG0004951	rna-XM_0018471102	rna-XM_0018471102	rna-XM_0018471102	rna-XM_0018471102	ENSXNUT00000005696
OG0004952	rna-XM_0382527291	rna-XM_0382527291	rna-XM_0382527291	rna-XM_0382527291	ENSXNUT00000005498
OG0004953	rna-XM_0382582561	rna-XM_0382582561	rna-XM_0382582561	rna-XM_0382582561	ENSXNUT00000003356
OG0004954	rna-XM_0382582321	rna-XM_0382582321	rna-XM_0382582321	rna-XM_0382582321	ENSXNUT00000001007
OG0004955	rna-XM_0382582431	rna-XM_0382582431	rna-XM_0382582431	rna-XM_0382582431	ENSXNUT00000000967
OG0004956	rna-XM_0382582551	rna-XM_0382582551	rna-XM_0382582551	rna-XM_0382582551	ENSXNUT00000006927
OG0004957	rna-XM_0382557921	rna-XM_0382557921	rna-XM_0382557921	rna-XM_0382557921	ENSXNUT00000011014
OG0004958	rna-XM_0018471272	rna-XM_0018471272	rna-XM_0018471272	rna-XM_0018471272	ENSXNUT00000005213
OG0004959	rna-XM_0382655611	rna-XM_0382655621	rna-XM_0382655611	rna-XM_0382655611	ENSXNUT00000012608
OG0004960	rna-XM_0382620701	rna-XM_0382620701	rna-XM_0382620701	rna-XM_0382620701	ENSXNUT00000007538
OG0004961	rna-XM_0018471582	rna-XM_0018471582	rna-XM_0018471582	rna-XM_0018471582	ENSXNUT00000006556
OG0004962	rna-XM_0018471602	rna-XM_0018471602	rna-XM_0018471602	rna-XM_0018471602	ENSXNUT00000007864
OG0004963	rna-XM_0382588471	rna-XM_0382588471	rna-XM_0382588471	rna-XM_0382588471	ENSXNUT00000008520
OG0004964	rna-XM_0018471722	rna-XM_0018471722	rna-XM_0018471722	rna-XM_0018471722	ENSXNUT00000016350
OG0004965	rna-XM_0382632021	rna-XM_0382632021	rna-XM_0382632021	rna-XM_0382632021	ENSXNUT00000006285
OG0004966	rna-XM_0018471782	rna-XM_0018471782	rna-XM_0018471782	rna-XM_0018471782	ENSXNUT00000009795
OG0004967	rna-XM_0018471792	rna-XM_0018471792	rna-XM_0018471792	rna-XM_0018471792	ENSXNUT00000014721
OG0004968	rna-XM_0018471832	rna-XM_0018471832	rna-XM_0018471832	rna-XM_0018471832	ENSXNUT00000011838
OG0004969	rna-XM_0382636741	rna-XM_0382636741	rna-XM_0382636741	rna-XM_0382636741	ENSXNUT00000008214
OG0004970	rna-XM_0382596061	rna-XM_0382596061	rna-XM_0382596061	rna-XM_0382596061	ENSXNUT00000007340
OG0004971	rna-XM_0382596291	rna-XM_0382596321	rna-XM_0382596321	rna-XM_0382596291	ENSXNUT00000013305
OG0004972	rna-XM_0018471942	rna-XM_0018471942	rna-XM_0018471942	rna-XM_0018471942	ENSXNUT00000012762
OG0004973	rna-XM_0018471952	rna-XM_0018471952	rna-XM_0018471952	rna-XM_0018471952	ENSXNUT00000016604
OG0004974	rna-XM_0018471982	rna-XM_0018471982	rna-XM_0018471982	rna-XM_0018471982	ENSXNUT00000012702
OG0004975	rna-XM_0018471992	rna-XM_0018471992	rna-XM_0018471992	rna-XM_0018471992	ENSXNUT00000016408
OG0004976	rna-XM_0382491361	rna-XM_0382491361	rna-XM_0382491361	rna-XM_0382491361	ENSXNUT00000018809
OG0004977	rna-XM_0382530041	rna-XM_0382530041	rna-XM_0382530041	rna-XM_0382530041	ENSXNUT00000016138
OG0004978	rna-XM_0018472022	rna-XM_0018472022	rna-XM_0018472022	rna-XM_0018472022	ENSXNUT00000018550
OG0004979	rna-XM_0382634241	rna-XM_0382634241	rna-XM_0382635931	rna-XM_0382634241	ENSXNUT00000017579
OG0004980	rna-XM_0018472082	rna-XM_0018472082	rna-XM_0018472082	rna-XM_0018472082	ENSXNUT00000018839
OG0004981	rna-XM_0018472102	rna-XM_0018472102	rna-XM_0018472102	rna-XM_0018472102	ENSXNUT00000014883
OG0004982	rna-XM_0382488261	rna-XM_0382488261	rna-XM_0382488261	rna-XM_0382488261	ENSXNUT00000018738
OG0004983	rna-XM_0018472122	rna-XM_0018472122	rna-XM_0018472122	rna-XM_0018472122	ENSXNUT00000015623
OG0004984	rna-XM_0018472142	rna-XM_0018472142	rna-XM_0018472142	rna-XM_0018472142	ENSXNUT00000016852
OG0004985	rna-XM_0018472152	rna-XM_0018472152	rna-XM_0018472152	rna-XM_0018472152	ENSXNUT00000013491
OG0004986	rna-XM_0382497281	rna-XM_0382497281	rna-XM_0382497281	rna-XM_0382497281	ENSXNUT00000012725
OG0004987	rna-XM_0018472222	rna-XM_0018472222	rna-XM_0018472222	rna-XM_0018472222	ENSXNUT00000017175
OG0004988	rna-XM_0018472232	rna-XM_0018472232	rna-XM_0018472232	rna-XM_0018472232	ENSXNUT00000014779
OG0004989	rna-XM_0018472242	rna-XM_0018472242	rna-XM_0018472242	rna-XM_0018472242	ENSXNUT00000014072
OG0004990	rna-XM_0018472252	rna-XM_0018472252	rna-XM_0018472252	rna-XM_0018472252	ENSXNUT00000016421
OG0004991	rna-XM_0382499461	rna-XM_0382499461	rna-XM_0382499461	rna-XM_0382499461	ENSXNUT00000018314
OG0004992	rna-XM_0382489911	rna-XM_0382489911	rna-XM_0382489911	rna-XM_0382489911	ENSXNUT00000013884
OG0004993	rna-XM_0382565721	rna-XM_0382565721	rna-XM_0382565721	rna-XM_0382565721	ENSXNUT00000002337
OG0004994	rna-XM_0382561861	rna-XM_0382561861	rna-XM_0382561861	rna-XM_0382561861	ENSXNUT00000009846
OG0004995	rna-XM_0382579581	rna-XM_0382579581	rna-XM_0382579581	rna-XM_0382579581	ENSXNUT00000003439
OG0004996	rna-XM_0018472532	rna-XM_0018472532	rna-XM_0018472532	rna-XM_0018472532	ENSXNUT00000003655
OG0004997	rna-XM_0382543201	rna-XM_0382543201	rna-XM_0382543201	rna-XM_0382543201	ENSXNUT00000004014
OG0004998	rna-XM_0382543211	rna-XM_0382543211	rna-XM_0382543211	rna-XM_0382543211	ENSXNUT00000003212
OG0004999	rna-XM_0018472582	rna-XM_0018472582	rna-XM_0018472582	rna-XM_0018472582	ENSXNUT00000002809
OG0005000	rna-XM_0018472592	rna-XM_0018472592	rna-XM_0018472592	rna-XM_0018472592	ENSXNUT00000003382
OG0005001	rna-XM_0018472612	rna-XM_0018472612	rna-XM_0018472612	rna-XM_0018472612	ENSXNUT00000012698
OG0005002	rna-XM_0382486011	rna-XM_0382486011	rna-XM_0382486011	rna-XM_0382486011	ENSXNUT00000014703
OG0005003	rna-XM_0018472662	rna-XM_0018472662	rna-XM_0018472662	rna-XM_0018472662	ENSXNUT00000012193
OG0005004	rna-XM_0382589771	rna-XM_0382589771	rna-XM_0382589771	rna-XM_0382589771	ENSXNUT00000012365
OG0005005	rna-XM_0382486031	rna-XM_0382486031	rna-XM_0382486031	rna-XM_0382486031	ENSXNUT00000017037
OG0005006	rna-XM_0018472672	rna-XM_0018472672	rna-XM_0018472672	rna-XM_0018472672	ENSXNUT00000013756
OG0005007	rna-XM_0018472682	rna-XM_0018472682	rna-XM_0018472682	rna-XM_0018472682	ENSXNUT00000017615
OG0005008	rna-XM_0382608591	rna-XM_0382608591	rna-XM_0382608591	rna-XM_0382608591	ENSXNUT00000012612
OG0005009	rna-XM_0382559051	rna-XM_0382559051	rna-XM_0382559051	rna-XM_0382559051	ENSXNUT00000014687
OG0005010	rna-XM_0018472872	rna-XM_0018472872	rna-XM_0018472872	rna-XM_0018472872	ENSXNUT00000018536
OG0005011	rna-XM_0382562751	rna-XM_0382562751	rna-XM_0382562751	rna-XM_0382562751	ENSXNUT00000000847
OG0005012	rna-XM_0382567001	rna-XM_0382567001	rna-XM_0382567001	rna-XM_0382567001	ENSXNUT00000001747
OG0005013	rna-XM_0382570861	rna-XM_0382570861	rna-XM_0382570861	rna-XM_0382570861	ENSXNUT00000003814
OG0005014	rna-XM_0382576511	rna-XM_0382576511	rna-XM_0382576511	rna-XM_0382576511	ENSXNUT00000008066
OG0005015	rna-XM_0018473002	rna-XM_0018473002	rna-XM_0018473002	rna-XM_0018473002	ENSXNUT00000004092
OG0005016	rna-XM_0018473012	rna-XM_0018473012	rna-XM_0018473012	rna-XM_0018473012	ENSXNUT00000004541
OG0005017	rna-XM_0382542671	rna-XM_0382542671	rna-XM_0382542671	rna-XM_0382542671	ENSXNUT00000003864
OG0005018	rna-XM_0018473132	rna-XM_0018473132	rna-XM_0018473132	rna-XM_0018473132	ENSXNUT00000002362
OG0005019	rna-XM_0382534321	rna-XM_0382534321	rna-XM_0382534321	rna-XM_0382534321	ENSXNUT00000004641
OG0005020	rna-XM_0382549791	rna-XM_0382549791	rna-XM_0382549791	rna-XM_0382549791	ENSXNUT00000000008
OG0005021	rna-XM_0382553591	rna-XM_0382553591	rna-XM_0382553591	rna-XM_0382553591	ENSXNUT00000000822
OG0005022	rna-XM_0382532201	rna-XM_0382532201	rna-XM_0382532201	rna-XM_0382532201	ENSXNUT00000003707
OG0005023	rna-XM_0382583761	rna-XM_0382583761	rna-XM_0382583761	rna-XM_0382583761	ENSXNUT00000010311
OG0005024	rna-XM_0382550871	rna-XM_0382550871	rna-XM_0382550871	rna-XM_0382550871	ENSXNUT00000001340
OG0005025	rna-XM_0018473302	rna-XM_0018473302	rna-XM_0018473302	rna-XM_0018473302	ENSXNUT00000017927
OG0005026	rna-XM_0382480791	rna-XM_0382480791	rna-XM_0382480791	rna-XM_0382480791	ENSXNUT00000016915
OG0005027	rna-XM_0018473282	rna-XM_0018473282	rna-XM_0018473282	rna-XM_0018473282	ENSXNUT00000014350
OG0005028	rna-XM_0018473262	rna-XM_0018473262	rna-XM_0018473262	rna-XM_0018473262	ENSXNUT00000015558
OG0005029	rna-XM_0018473292	rna-XM_0018473292	rna-XM_0018473292	rna-XM_0018473292	ENSXNUT00000013581
OG0005030	rna-XM_0382571471	rna-XM_0382571471	rna-XM_0382571471	rna-XM_0382571471	ENSXNUT00000016042
OG0005031	rna-XM_0382591881	rna-XM_0382591881	rna-XM_0382591881	rna-XM_0382591881	ENSXNUT00000015390
OG0005032	rna-XM_0382662581	rna-XM_0382662581	rna-XM_0382662581	rna-XM_0382662581	ENSXNUT00000017486
OG0005033	rna-XM_0018473422	rna-XM_0018473422	rna-XM_0018473422	rna-XM_0018473422	ENSXNUT00000015629
OG0005034	rna-XM_0382483621	rna-XM_0382483621	rna-XM_0382483621	rna-XM_0382483621	ENSXNUT00000016048
OG0005035	rna-XM_0018473442	rna-XM_0018473442	rna-XM_0018473442	rna-XM_0018473442	ENSXNUT00000014264
OG0005036	rna-XM_0018473452	rna-XM_0018473452	rna-XM_0018473452	rna-XM_0018473452	ENSXNUT00000018112
OG0005037	rna-XM_0018473662	rna-XM_0018473662	rna-XM_0018473662	rna-XM_0018473662	ENSXNUT00000012693
OG0005038	rna-XM_0018473672	rna-XM_0018473672	rna-XM_0018473672	rna-XM_0018473672	ENSXNUT00000018456
OG0005039	rna-XM_0018473702	rna-XM_0018473702	rna-XM_0018473702	rna-XM_0018473702	ENSXNUT00000014526
OG0005040	rna-XM_0018473852	rna-XM_0018473852	rna-XM_0018473852	rna-XM_0018473852	ENSXNUT00000003965
OG0005041	rna-XM_0382541421	rna-XM_0382541421	rna-XM_0382541421	rna-XM_0382541421	ENSXNUT00000005878
OG0005042	rna-XM_0018473892	rna-XM_0018473892	rna-XM_0018473892	rna-XM_0018473892	ENSXNUT00000003650
OG0005043	rna-XM_0018473752	rna-XM_0018473752	rna-XM_0018473752	rna-XM_0018473752	ENSXNUT00000000666
OG0005044	rna-XM_0382615701	rna-XM_0382615701	rna-XM_0382615701	rna-XM_0382615701	ENSXNUT00000011729
OG0005045	rna-XM_0018473972	rna-XM_0018473972	rna-XM_0018473972	rna-XM_0018473972	ENSXNUT00000011332
OG0005046	rna-XM_0018474022	rna-XM_0018474022	rna-XM_0018474022	rna-XM_0018474022	ENSXNUT00000010154
OG0005047	rna-XM_0382615801	rna-XM_0382615801	rna-XM_0382615801	rna-XM_0382615801	ENSXNUT00000011706
OG0005048	rna-XM_0382615821	rna-XM_0382615821	rna-XM_0382615821	rna-XM_0382615821	ENSXNUT00000011160
OG0005049	rna-XM_0018474052	rna-XM_0018474052	rna-XM_0018474052	rna-XM_0018474052	ENSXNUT00000013680
OG0005050	rna-XM_0382641171	rna-XM_0382641171	rna-XM_0382641171	rna-XM_0382641171	ENSXNUT00000006601
OG0005051	rna-XM_0018474082	rna-XM_0018474082	rna-XM_0018474082	rna-XM_0018474082	ENSXNUT00000008859
OG0005052	rna-XM_0382638461	rna-XM_0382638461	rna-XM_0382638461	rna-XM_0382638461	ENSXNUT00000006690
OG0005053	rna-XM_0382638451	rna-XM_0382638451	rna-XM_0382638451	rna-XM_0382638451	ENSXNUT00000007188
OG0005054	rna-XM_0382645471	rna-XM_0382645471	rna-XM_0382645471	rna-XM_0382645491	ENSXNUT00000012911
OG0005055	rna-XM_0018474152	rna-XM_0018474152	rna-XM_0018474152	rna-XM_0018474152	ENSXNUT00000008029
OG0005056	rna-XM_0018474172	rna-XM_0018474172	rna-XM_0018474172	rna-XM_0018474172	ENSXNUT00000010423
OG0005057	rna-XM_0382606291	rna-XM_0382606291	rna-XM_0382606291	rna-XM_0382606291	ENSXNUT00000006877
OG0005058	rna-XM_0018474252	rna-XM_0018474252	rna-XM_0018474252	rna-XM_0018474252	ENSXNUT00000012919
OG0005059	rna-XM_0382606241	rna-XM_0382606241	rna-XM_0382606241	rna-XM_0382606241	ENSXNUT00000009857
OG0005060	rna-XM_0382635151	rna-XM_0382635151	rna-XM_0382635151	rna-XM_0382635151	ENSXNUT00000010353
OG0005061	rna-XM_0018474292	rna-XM_0018474292	rna-XM_0018474292	rna-XM_0018474292	ENSXNUT00000010728
OG0005062	rna-XM_0382661591	rna-XM_0382661591	rna-XM_0382661591	rna-XM_0382661591	ENSXNUT00000015436
OG0005063	rna-XM_0382660811	rna-XM_0382660811	rna-XM_0382660811	rna-XM_0382660811	ENSXNUT00000008204
OG0005064	rna-XM_0382660801	rna-XM_0382660801	rna-XM_0382660801	rna-XM_0382660801	ENSXNUT00000006478
OG0005065	rna-XM_0018474342	rna-XM_0018474342	rna-XM_0018474342	rna-XM_0018474342	ENSXNUT00000005887
OG0005066	rna-XM_0382604071	rna-XM_0382604071	rna-XM_0382604071	rna-XM_0382604071	ENSXNUT00000007683
OG0005067	rna-XM_0382645171	rna-XM_0382645171	rna-XM_0382645171	rna-XM_0382645171	ENSXNUT00000012927
OG0005068	rna-XM_0018474542	rna-XM_0018474542	rna-XM_0018474542	rna-XM_0018474542	ENSXNUT00000010985
OG0005069	rna-XM_0382631431	rna-XM_0382631431	rna-XM_0382631431	rna-XM_0382631431	ENSXNUT00000012466
OG0005070	rna-XM_0018474562	rna-XM_0018474562	rna-XM_0018474562	rna-XM_0018474562	ENSXNUT00000006110
OG0005071	rna-XM_0382664431	rna-XM_0382664431	rna-XM_0382664471	rna-XM_0382664471	ENSXNUT00000010896
OG0005072	rna-XM_0018474692	rna-XM_0018474692	rna-XM_0018474692	rna-XM_0018474692	ENSXNUT00000004374
OG0005073	rna-XM_0018474702	rna-XM_0018474702	rna-XM_0018474702	rna-XM_0018474702	ENSXNUT00000003899
OG0005074	rna-XM_0382575231	rna-XM_0382575231	rna-XM_0382575231	rna-XM_0382575231	ENSXNUT00000010783
OG0005075	rna-XM_0018474722	rna-XM_0018474722	rna-XM_0018474722	rna-XM_0018474722	ENSXNUT00000002493
OG0005076	rna-XM_0382573961	rna-XM_0382573961	rna-XM_0382573961	rna-XM_0382573961	ENSXNUT00000002248
OG0005077	rna-XM_0018474852	rna-XM_0018474852	rna-XM_0018474852	rna-XM_0018474852	ENSXNUT00000004512
OG0005078	rna-XM_0382546811	rna-XM_0382546811	rna-XM_0382546811	rna-XM_0382546811	ENSXNUT00000003036
OG0005079	rna-XM_0382553991	rna-XM_0382553991	rna-XM_0382553991	rna-XM_0382553991	ENSXNUT00000002837
OG0005080	rna-XM_0382530791	rna-XM_0382530791	rna-XM_0382530791	rna-XM_0382530791	ENSXNUT00000003052
OG0005081	rna-XM_0018474992	rna-XM_0018474992	rna-XM_0018474992	rna-XM_0018474992	ENSXNUT00000003796
OG0005083	rna-XM_0382580141	rna-XM_0382580141	rna-XM_0382580141	rna-XM_0382580141	ENSXNUT00000001548
OG0005084	rna-XM_0382578911	rna-XM_0382578911	rna-XM_0382578911	rna-XM_0382578911	ENSXNUT00000005189
OG0005085	rna-XM_0382523191	rna-XM_0382523191	rna-XM_0382523191	rna-XM_0382523191	ENSXNUT00000005760
OG0005086	rna-XM_0382516191	rna-XM_0382516191	rna-XM_0382516191	rna-XM_0382516191	ENSXNUT00000010757
OG0005087	rna-XM_0382516181	rna-XM_0382516181	rna-XM_0382516181	rna-XM_0382516181	ENSXNUT00000001138
OG0005088	rna-XM_0382580391	rna-XM_0382580391	rna-XM_0382580391	rna-XM_0382580391	ENSXNUT00000010119
OG0005089	rna-XM_0382536281	rna-XM_0382536281	rna-XM_0382536281	rna-XM_0382536281	ENSXNUT00000003919
OG0005090	rna-XM_0018475232	rna-XM_0018475232	rna-XM_0018475232	rna-XM_0018475232	ENSXNUT00000000954
OG0005091	rna-XM_0018475242	rna-XM_0018475242	rna-XM_0018475242	rna-XM_0018475242	ENSXNUT00000009640
OG0005092	rna-XM_0382541721	rna-XM_0382541721	rna-XM_0382541721	rna-XM_0382541721	ENSXNUT00000006163
OG0005093	rna-XM_0382548971	rna-XM_0382548971	rna-XM_0382548971	rna-XM_0382548971	ENSXNUT00000003677
OG0005094	rna-XM_0382577851	rna-XM_0382577851	rna-XM_0382577851	rna-XM_0382577851	ENSXNUT00000001160
OG0005095	rna-XM_0382585261	rna-XM_0382585261	rna-XM_0382585261	rna-XM_0382585261	ENSXNUT00000000766
OG0005096	rna-XM_0382585241	rna-XM_0382585241	rna-XM_0382585241	rna-XM_0382585241	ENSXNUT00000003793
OG0005097	rna-XM_0018475382	rna-XM_0018475382	rna-XM_0018475382	rna-XM_0018475382	ENSXNUT00000006074
OG0005098	rna-XM_0382585231	rna-XM_0382585231	rna-XM_0382585231	rna-XM_0382585231	ENSXNUT00000003329
OG0005099	rna-XM_0382585301	rna-XM_0382585301	rna-XM_0382585301	rna-XM_0382585301	ENSXNUT00000004129
OG0005100	rna-XM_0018475452	rna-XM_0018475452	rna-XM_0018475452	rna-XM_0018475452	ENSXNUT00000008690
OG0005101	rna-XM_0018475462	rna-XM_0018475462	rna-XM_0018475462	rna-XM_0018475462	ENSXNUT00000003128
OG0005102	rna-XM_0018475482	rna-XM_0018475482	rna-XM_0018475482	rna-XM_0018475482	ENSXNUT00000000930
OG0005103	rna-XM_0382585281	rna-XM_0382585281	rna-XM_0382585281	rna-XM_0382585281	ENSXNUT00000005036
OG0005104	rna-XM_0382585341	rna-XM_0382585341	rna-XM_0382585341	rna-XM_0382585341	ENSXNUT00000000662
OG0005105	rna-XM_0382504681	rna-XM_0382504681	rna-XM_0382504681	rna-XM_0382504681	ENSXNUT00000006039
OG0005106	rna-XM_0018475532	rna-XM_0018475532	rna-XM_0018475532	rna-XM_0018475532	ENSXNUT00000006038
OG0005107	rna-XM_0018475542	rna-XM_0018475542	rna-XM_0018475542	rna-XM_0018475542	ENSXNUT00000000744
OG0005108	rna-XM_0382579251	rna-XM_0382579251	rna-XM_0382579261	rna-XM_0382579251	ENSXNUT00000003242
OG0005109	rna-XM_0018475582	rna-XM_0018475582	rna-XM_0018475582	rna-XM_0018475582	ENSXNUT00000001892
OG0005110	rna-XM_0382527041	rna-XM_0382527041	rna-XM_0382527041	rna-XM_0382527041	ENSXNUT00000002070
OG0005111	rna-XM_0018475722	rna-XM_0018475722	rna-XM_0018475722	rna-XM_0018475722	ENSXNUT00000004226
OG0005112	rna-XM_0382546931	rna-XM_0382546931	rna-XM_0382546931	rna-XM_0382546931	ENSXNUT00000000978
OG0005113	rna-XM_0382546911	rna-XM_0382546911	rna-XM_0382546911	rna-XM_0382546911	ENSXNUT00000001755
OG0005114	rna-XM_0018475832	rna-XM_0018475832	rna-XM_0018475832	rna-XM_0018475832	ENSXNUT00000011507
OG0005115	rna-XM_0382636841	rna-XM_0382636841	rna-XM_0382636841	rna-XM_0382636841	ENSXNUT00000014756
OG0005116	rna-XM_0382628541	rna-XM_0382628541	rna-XM_0382628541	rna-XM_0382628541	ENSXNUT00000011481
OG0005117	rna-XM_0018475882	rna-XM_0018475882	rna-XM_0018475882	rna-XM_0018475882	ENSXNUT00000006169
OG0005118	rna-XM_0018475892	rna-XM_0018475892	rna-XM_0018475892	rna-XM_0018475892	ENSXNUT00000009080
OG0005119	rna-XM_0382587941	rna-XM_0382587941	rna-XM_0382587941	rna-XM_0382587941	ENSXNUT00000008242
OG0005120	rna-XM_0382587961	rna-XM_0382587961	rna-XM_0382587961	rna-XM_0382587961	ENSXNUT00000006803
OG0005121	rna-XM_0382587981	rna-XM_0382587981	rna-XM_0382587981	rna-XM_0382587981	ENSXNUT00000010096
OG0005122	rna-XM_0382597511	rna-XM_0382597511	rna-XM_0382597511	rna-XM_0382597511	ENSXNUT00000011876
OG0005123	rna-XM_0018475992	rna-XM_0018475992	rna-XM_0018475992	rna-XM_0018475992	ENSXNUT00000006445
OG0005124	rna-XM_0382622011	rna-XM_0382622011	rna-XM_0382622011	rna-XM_0382622011	ENSXNUT00000012222
OG0005125	rna-XM_0018476062	rna-XM_0018476062	rna-XM_0018476062	rna-XM_0018476062	ENSXNUT00000011965
OG0005126	rna-XM_0382655441	rna-XM_0382655441	rna-XM_0382655441	rna-XM_0382655441	ENSXNUT00000011738
OG0005127	rna-XM_0018476092	rna-XM_0018476092	rna-XM_0018476092	rna-XM_0018476092	ENSXNUT00000011833
OG0005128	rna-XM_0382662101	rna-XM_0382662101	rna-XM_0382662101	rna-XM_0382662101	ENSXNUT00000013681
OG0005129	rna-XM_0018476232	rna-XM_0018476232	rna-XM_0018476232	rna-XM_0018476232	ENSXNUT00000004671
OG0005130	rna-XM_0382584051	rna-XM_0382584051	rna-XM_0382584051	rna-XM_0382584051	ENSXNUT00000000928
OG0005131	rna-XM_0018476302	rna-XM_0018476302	rna-XM_0018476302	rna-XM_0018476302	ENSXNUT00000000434
OG0005132	rna-XM_0018476342	rna-XM_0018476342	rna-XM_0018476342	rna-XM_0018476342	ENSXNUT00000000855
OG0005133	rna-XM_0018476372	rna-XM_0018476372	rna-XM_0018476372	rna-XM_0018476372	ENSXNUT00000002491
OG0005134	rna-XM_0018476382	rna-XM_0018476382	rna-XM_0018476382	rna-XM_0018476382	ENSXNUT00000004913
OG0005135	rna-XM_0382549211	rna-XM_0382549211	rna-XM_0382549211	rna-XM_0382549211	ENSXNUT00000005699
OG0005136	rna-XM_0018476482	rna-XM_0018476482	rna-XM_0018476482	rna-XM_0018476482	ENSXNUT00000007025
OG0005137	rna-XM_0382583311	rna-XM_0382583311	rna-XM_0382583311	rna-XM_0382583311	ENSXNUT00000001017
OG0005138	rna-XM_0382561671	rna-XM_0382561671	rna-XM_0382561671	rna-XM_0382561671	ENSXNUT00000007867
OG0005139	rna-XM_0382536711	rna-XM_0382536711	rna-XM_0382536711	rna-XM_0382536711	ENSXNUT00000005640
OG0005140	rna-XM_0018476582	rna-XM_0018476582	rna-XM_0018476582	rna-XM_0018476582	ENSXNUT00000003374
OG0005141	rna-XM_0018476592	rna-XM_0018476592	rna-XM_0018476592	rna-XM_0018476592	ENSXNUT00000003883
OG0005142	rna-XM_0018476602	rna-XM_0018476602	rna-XM_0018476602	rna-XM_0018476602	ENSXNUT00000002595
OG0005143	rna-XM_0382555251	rna-XM_0382555251	rna-XM_0382555251	rna-XM_0382555251	ENSXNUT00000001403
OG0005144	rna-XM_0018476702	rna-XM_0018476702	rna-XM_0018476702	rna-XM_0018476702	ENSXNUT00000002133
OG0005145	rna-XM_0382521551	rna-XM_0382521551	rna-XM_0382521551	rna-XM_0382521551	ENSXNUT00000002301
OG0005146	rna-XM_0382502571	rna-XM_0382502571	rna-XM_0382502571	rna-XM_0382502571	ENSXNUT00000003492
OG0005147	rna-XM_0382578441	rna-XM_0382578441	rna-XM_0382578441	rna-XM_0382578441	ENSXNUT00000004426
OG0005148	rna-XM_0018476952	rna-XM_0018476952	rna-XM_0018476952	rna-XM_0018476952	ENSXNUT00000005355
OG0005149	rna-XM_0382530631	rna-XM_0382530631	rna-XM_0382530631	rna-XM_0382530631	ENSXNUT00000004573
OG0005150	rna-XM_0382539941	rna-XM_0382539941	rna-XM_0382539941	rna-XM_0382539941	ENSXNUT00000000140
OG0005151	rna-XM_0018477012	rna-XM_0018477012	rna-XM_0018477012	rna-XM_0018477012	ENSXNUT00000000122
OG0005152	rna-XM_0018477022	rna-XM_0018477022	rna-XM_0018477022	rna-XM_0018477022	ENSXNUT00000002458
OG0005153	rna-XM_0018477032	rna-XM_0018477032	rna-XM_0018477032	rna-XM_0018477032	ENSXNUT00000002321
OG0005154	rna-XM_0018477062	rna-XM_0018477062	rna-XM_0018477062	rna-XM_0018477062	ENSXNUT00000002630
OG0005155	rna-XM_0382584191	rna-XM_0382584191	rna-XM_0382584191	rna-XM_0382584191	ENSXNUT00000001798
OG0005156	rna-XM_0018477132	rna-XM_0018477132	rna-XM_0018477132	rna-XM_0018477132	ENSXNUT00000005625
OG0005157	rna-XM_0018477142	rna-XM_0018477142	rna-XM_0018477142	rna-XM_0018477142	ENSXNUT00000004644
OG0005158	rna-XM_0018477162	rna-XM_0018477162	rna-XM_0018477162	rna-XM_0018477162	ENSXNUT00000002159
OG0005159	rna-XM_0018477302	rna-XM_0018477302	rna-XM_0018477302	rna-XM_0018477302	ENSXNUT00000018813
OG0005160	rna-XM_0382481021	rna-XM_0382481021	rna-XM_0382481021	rna-XM_0382481021	ENSXNUT00000017876
OG0005161	rna-XM_0382486761	rna-XM_0382486761	rna-XM_0382486761	rna-XM_0382486761	ENSXNUT00000018355
OG0005162	rna-XM_0018477342	rna-XM_0018477342	rna-XM_0018477342	rna-XM_0018477342	ENSXNUT00000018480
OG0005163	rna-XM_0382608731	rna-XM_0382608731	rna-XM_0382608731	rna-XM_0382608731	ENSXNUT00000013573
OG0005164	rna-XM_0018477402	rna-XM_0018477402	rna-XM_0382545811	rna-XM_0018477402	ENSXNUT00000013964
OG0005165	rna-XM_0382545571	rna-XM_0382545571	rna-XM_0382545571	rna-XM_0382545571	ENSXNUT00000018478
OG0005166	rna-XM_0018477422	rna-XM_0018477422	rna-XM_0018477422	rna-XM_0018477422	ENSXNUT00000017366
OG0005167	rna-XM_0382669641	rna-XM_0382669641	rna-XM_0382669641	rna-XM_0382669641	ENSXNUT00000014380
OG0005168	rna-XM_0018477462	rna-XM_0018477462	rna-XM_0018477462	rna-XM_0018477462	ENSXNUT00000016056
OG0005169	rna-XM_0018477472	rna-XM_0018477472	rna-XM_0018477472	rna-XM_0018477472	ENSXNUT00000017348
OG0005170	rna-XM_0382668291	rna-XM_0382668291	rna-XM_0382668291	rna-XM_0382668291	ENSXNUT00000015681
OG0005171	rna-XM_0382491141	rna-XM_0382491141	rna-XM_0382491141	rna-XM_0382491141	ENSXNUT00000018210
OG0005172	rna-XM_0018477522	rna-XM_0018477522	rna-XM_0018477522	rna-XM_0018477522	ENSXNUT00000016330
OG0005173	rna-XM_0382486211	rna-XM_0382486211	rna-XM_0382486211	rna-XM_0382486211	ENSXNUT00000014718
OG0005174	rna-XM_0382484051	rna-XM_0382484051	rna-XM_0382484051	rna-XM_0382484051	ENSXNUT00000017772
OG0005175	rna-XM_0382485481	rna-XM_0382485481	rna-XM_0382485481	rna-XM_0382485481	ENSXNUT00000016879
OG0005176	rna-XM_0382584891	rna-XM_0382584891	rna-XM_0382584891	rna-XM_0382584891	ENSXNUT00000018902
OG0005177	rna-XM_0382601161	rna-XM_0382601161	rna-XM_0382601161	rna-XM_0382601161	ENSXNUT00000015569
OG0005178	rna-XM_0018477832	rna-XM_0018477832	rna-XM_0018477832	rna-XM_0018477832	ENSXNUT00000004404
OG0005179	rna-XM_0018477842	rna-XM_0018477842	rna-XM_0018477842	rna-XM_0018477842	ENSXNUT00000004261
OG0005180	rna-XM_0382537931	rna-XM_0382537931	rna-XM_0382537931	rna-XM_0382537931	ENSXNUT00000006388
OG0005181	rna-XM_0018477872	rna-XM_0018477872	rna-XM_0018477872	rna-XM_0018477872	ENSXNUT00000005707
OG0005182	rna-XM_0382561011	rna-XM_0382561011	rna-XM_0382561011	rna-XM_0382561011	ENSXNUT00000000078
OG0005183	rna-XM_0382536961	rna-XM_0382536961	rna-XM_0382536961	rna-XM_0382536961	ENSXNUT00000001715
OG0005184	rna-XM_0018477922	rna-XM_0018477922	rna-XM_0018477922	rna-XM_0018477922	ENSXNUT00000004407
OG0005185	rna-XM_0018477932	rna-XM_0018477932	rna-XM_0018477932	rna-XM_0018477932	ENSXNUT00000005316
OG0005186	rna-XM_0382535651	rna-XM_0382535651	rna-XM_0382535651	rna-XM_0382535651	ENSXNUT00000001034
OG0005187	rna-XM_0382518461	rna-XM_0382518461	rna-XM_0382518461	rna-XM_0382518461	ENSXNUT00000002584
OG0005188	rna-XM_0018477992	rna-XM_0018477992	rna-XM_0018477992	rna-XM_0018477992	ENSXNUT00000018106
OG0005189	rna-XM_0018478032	rna-XM_0018478032	rna-XM_0018478032	rna-XM_0018478032	ENSXNUT00000002532
OG0005190	rna-XM_0382571441	rna-XM_0382571441	rna-XM_0382571441	rna-XM_0382571511	ENSXNUT00000004301
OG0005191	rna-XM_0018478062	rna-XM_0018478062	rna-XM_0018478062	rna-XM_0018478062	ENSXNUT00000000870
OG0005192	rna-XM_0382547181	rna-XM_0382547181	rna-XM_0382547181	rna-XM_0382547181	ENSXNUT00000003852
OG0005193	rna-XM_0382496611	rna-XM_0382496611	rna-XM_0382496611	rna-XM_0382496611	ENSXNUT00000013143
OG0005194	rna-XM_0382670761	rna-XM_0382670761	rna-XM_0382670761	rna-XM_0382670761	ENSXNUT00000013909
OG0005195	rna-XM_0382482991	rna-XM_0382482991	rna-XM_0382482991	rna-XM_0382482991	ENSXNUT00000018733
OG0005196	rna-XM_0018478292	rna-XM_0018478292	rna-XM_0018478292	rna-XM_0018478292	ENSXNUT00000018444
OG0005197	rna-XM_0018478312	rna-XM_0018478312	rna-XM_0018478312	rna-XM_0018478312	ENSXNUT00000017653
OG0005198	rna-XM_0018478322	rna-XM_0018478322	rna-XM_0018478322	rna-XM_0018478322	ENSXNUT00000012914
OG0005199	rna-XM_0018478302	rna-XM_0018478302	rna-XM_0018478302	rna-XM_0018478302	ENSXNUT00000015254
OG0005200	rna-XM_0382499141	rna-XM_0382499141	rna-XM_0382499141	rna-XM_0382499141	ENSXNUT00000017174
OG0005201	rna-XM_0382492491	rna-XM_0382492491	rna-XM_0382492491	rna-XM_0382492491	ENSXNUT00000017443
OG0005202	rna-XM_0382611261	rna-XM_0382611261	rna-XM_0382611261	rna-XM_0382611261	ENSXNUT00000012618
OG0005203	rna-XM_0382611351	rna-XM_0382611351	rna-XM_0382611351	rna-XM_0382611351	ENSXNUT00000018222
OG0005204	rna-XM_0382617141	rna-XM_0382617141	rna-XM_0382617141	rna-XM_0382617141	ENSXNUT00000016893
OG0005205	rna-XM_0382589981	rna-XM_0382589981	rna-XM_0382589981	rna-XM_0382589981	ENSXNUT00000018228
OG0005206	rna-XM_0018478472	rna-XM_0018478472	rna-XM_0018478472	rna-XM_0018478472	ENSXNUT00000013872
OG0005207	rna-XM_0382491971	rna-XM_0382491981	rna-XM_0382491971	rna-XM_0382491981	ENSXNUT00000012662
OG0005208	rna-XM_0382498611	rna-XM_0382498611	rna-XM_0382498611	rna-XM_0382498611	ENSXNUT00000018721
OG0005209	rna-XM_0018478582	rna-XM_0018478582	rna-XM_0018478582	rna-XM_0018478582	ENSXNUT00000003665
OG0005210	rna-XM_0382576631	rna-XM_0382576631	rna-XM_0382576631	rna-XM_0382576631	ENSXNUT00000000535
OG0005211	rna-XM_0382576591	rna-XM_0382576591	rna-XM_0382576591	rna-XM_0382576591	ENSXNUT00000000716
OG0005212	rna-XM_0382557891	rna-XM_0382557891	rna-XM_0382557891	rna-XM_0382557891	ENSXNUT00000003723
OG0005213	rna-XM_0382538541	rna-XM_0382538541	rna-XM_0382538541	rna-XM_0382538541	ENSXNUT00000005183
OG0005214	rna-XM_0382530101	rna-XM_0382530101	rna-XM_0382530101	rna-XM_0382530101	ENSXNUT00000000172
OG0005215	rna-XM_0382501051	rna-XM_0382501051	rna-XM_0382501051	rna-XM_0382501051	ENSXNUT00000009761
OG0005216	rna-XM_0382555831	rna-XM_0382555831	rna-XM_0382555831	rna-XM_0382555831	ENSXNUT00000002728
OG0005217	rna-XM_0382542141	rna-XM_0382542141	rna-XM_0382542141	rna-XM_0382542141	ENSXNUT00000004201
OG0005218	rna-XM_0018478932	rna-XM_0018478932	rna-XM_0018478932	rna-XM_0018478932	ENSXNUT00000007555
OG0005219	rna-XM_0382572081	rna-XM_0382572081	rna-XM_0382572081	rna-XM_0382572081	ENSXNUT00000003025
OG0005220	rna-XM_0018478952	rna-XM_0018478952	rna-XM_0018478952	rna-XM_0018478952	ENSXNUT00000000106
OG0005221	rna-XM_0382562511	rna-XM_0382562511	rna-XM_0382562511	rna-XM_0382562511	ENSXNUT00000009993
OG0005222	rna-XM_0018478982	rna-XM_0018478982	rna-XM_0018478982	rna-XM_0018478982	ENSXNUT00000002055
OG0005223	rna-XM_0382555451	rna-XM_0382555451	rna-XM_0382555451	rna-XM_0382555451	ENSXNUT00000001043
OG0005224	rna-XM_0018479032	rna-XM_0018479032	rna-XM_0018479032	rna-XM_0018479032	ENSXNUT00000004740
OG0005225	rna-XM_0382560261	rna-XM_0382560261	rna-XM_0382560261	rna-XM_0382560261	ENSXNUT00000002983
OG0005226	rna-XM_0018478772	rna-XM_0018478772	rna-XM_0018478772	rna-XM_0018478772	ENSXNUT00000002580
OG0005227	rna-XM_0382650561	rna-XM_0382650561	rna-XM_0382650561	rna-XM_0382650561	ENSXNUT00000013000
OG0005228	rna-XM_0018479242	rna-XM_0018479242	rna-XM_0018479242	rna-XM_0018479242	ENSXNUT00000012867
OG0005229	rna-XM_0382621991	rna-XM_0382621991	rna-XM_0382621991	rna-XM_0382621991	ENSXNUT00000013419
OG0005230	rna-XM_0382652581	rna-XM_0382652581	rna-XM_0382652581	rna-XM_0382652581	ENSXNUT00000009201
OG0005231	rna-XM_0018479272	rna-XM_0018479272	rna-XM_0018479272	rna-XM_0018479272	ENSXNUT00000010539
OG0005232	rna-XM_0382607111	rna-XM_0382607111	rna-XM_0382607111	rna-XM_0382607111	ENSXNUT00000007300
OG0005233	rna-XM_0382625451	rna-XM_0382625451	rna-XM_0382625451	rna-XM_0382625451	ENSXNUT00000015038
OG0005234	rna-XM_0382629561	rna-XM_0382629561	rna-XM_0382629561	rna-XM_0382629561	ENSXNUT00000006852
OG0005235	rna-XM_0382656331	rna-XM_0382656331	rna-XM_0382656331	rna-XM_0382656331	ENSXNUT00000007739
OG0005236	rna-XM_0382595651	rna-XM_0382595651	rna-XM_0382595651	rna-XM_0382595651	ENSXNUT00000008642
OG0005237	rna-XM_0382595641	rna-XM_0018479412	rna-XM_0018479412	rna-XM_0018479412	ENSXNUT00000007214
OG0005238	rna-XM_0018479422	rna-XM_0018479422	rna-XM_0018479422	rna-XM_0018479422	ENSXNUT00000011441
OG0005239	rna-XM_0018479432	rna-XM_0018479432	rna-XM_0018479432	rna-XM_0018479432	ENSXNUT00000015744
OG0005240	rna-XM_0382606581	rna-XM_0382606581	rna-XM_0382606581	rna-XM_0382606581	ENSXNUT00000010986
OG0005241	rna-XM_0382641791	rna-XM_0382641791	rna-XM_0382641791	rna-XM_0382641791	ENSXNUT00000007018
OG0005242	rna-XM_0382559591	rna-XM_0382559591	rna-XM_0382559591	rna-XM_0382559591	ENSXNUT00000017778
OG0005243	rna-XM_0018479652	rna-XM_0018479652	rna-XM_0018479652	rna-XM_0018479652	ENSXNUT00000015061
OG0005244	rna-XM_0382522651	rna-XM_0382522651	rna-XM_0382522651	rna-XM_0382522651	ENSXNUT00000013623
OG0005245	rna-XM_0018479672	rna-XM_0018479672	rna-XM_0018479672	rna-XM_0018479672	ENSXNUT00000013618
OG0005247	rna-XM_0382622701	rna-XM_0382622701	rna-XM_0382622701	rna-XM_0382622701	ENSXNUT00000011762
OG0005248	rna-XM_0018480022	rna-XM_0018480022	rna-XM_0018480022	rna-XM_0018480022	ENSXNUT00000009028
OG0005249	rna-XM_0382622861	rna-XM_0382622861	rna-XM_0382622861	rna-XM_0382622861	ENSXNUT00000009260
OG0005250	rna-XM_0382622691	rna-XM_0382622691	rna-XM_0382622691	rna-XM_0382622691	ENSXNUT00000007684
OG0005251	rna-XM_0382623021	rna-XM_0382623031	rna-XM_0382623021	rna-XM_0382623031	ENSXNUT00000012514
OG0005252	rna-XM_0382622871	rna-XM_0382622871	rna-XM_0382622871	rna-XM_0382622871	ENSXNUT00000008552
OG0005253	rna-XM_0382623051	rna-XM_0382623051	rna-XM_0382623051	rna-XM_0382623051	ENSXNUT00000006830
OG0005254	rna-XM_0382622851	rna-XM_0382622851	rna-XM_0382622851	rna-XM_0382622851	ENSXNUT00000008344
OG0005255	rna-XM_0382622971	rna-XM_0382622971	rna-XM_0382622971	rna-XM_0382622971	ENSXNUT00000009265
OG0005256	rna-XM_0382622831	rna-XM_0382622831	rna-XM_0382622831	rna-XM_0382622831	ENSXNUT00000007441
OG0005257	rna-XM_0382623111	rna-XM_0382623111	rna-XM_0382623111	rna-XM_0382623111	ENSXNUT00000014116
OG0005258	rna-XM_0382622881	rna-XM_0382622881	rna-XM_0382622881	rna-XM_0382622881	ENSXNUT00000014345
OG0005259	rna-XM_0382523561	rna-XM_0382523561	rna-XM_0382523561	rna-XM_0382523561	ENSXNUT00000003936
OG0005260	rna-XM_0018480362	rna-XM_0018480362	rna-XM_0018480362	rna-XM_0018480362	ENSXNUT00000000398
OG0005261	rna-XM_0382558021	rna-XM_0382558021	rna-XM_0382558021	rna-XM_0382558021	ENSXNUT00000004009
OG0005262	rna-XM_0018480402	rna-XM_0018480402	rna-XM_0018480402	rna-XM_0018480402	ENSXNUT00000004212
OG0005263	rna-XM_0382520701	rna-XM_0382520701	rna-XM_0382520701	rna-XM_0382520701	ENSXNUT00000001770
OG0005264	rna-XM_0018480462	rna-XM_0018480462	rna-XM_0018480462	rna-XM_0018480462	ENSXNUT00000001222
OG0005265	rna-XM_0382507751	rna-XM_0382507751	rna-XM_0382507751	rna-XM_0382507751	ENSXNUT00000006880
OG0005266	rna-XM_0382565861	rna-XM_0382565861	rna-XM_0382565861	rna-XM_0382565861	ENSXNUT00000004067
OG0005267	rna-XM_0382553481	rna-XM_0382553481	rna-XM_0382553481	rna-XM_0382553481	ENSXNUT00000001467
OG0005268	rna-XM_0382584741	rna-XM_0382584741	rna-XM_0382584741	rna-XM_0382584741	ENSXNUT00000002354
OG0005269	rna-XM_0018480332	rna-XM_0018480332	rna-XM_0018480332	rna-XM_0018480332	ENSXNUT00000000180
OG0005270	rna-XM_0382671231	rna-XM_0382671231	rna-XM_0382671231	rna-XM_0382671231	ENSXNUT00000012627
OG0005271	rna-XM_0018480722	rna-XM_0018480722	rna-XM_0018480722	rna-XM_0018480722	ENSXNUT00000014337
OG0005272	rna-XM_0382605461	rna-XM_0382605461	rna-XM_0382605461	rna-XM_0382605461	ENSXNUT00000016790
OG0005273	rna-XM_0382486621	rna-XM_0382486621	rna-XM_0382486621	rna-XM_0382486621	ENSXNUT00000017665
OG0005275	rna-XM_0382665961	rna-XM_0382665971	rna-XM_0382665961	rna-XM_0382665961	ENSXNUT00000015352
OG0005276	rna-XM_0382617291	rna-XM_0382617291	rna-XM_0382617291	rna-XM_0382617291	ENSXNUT00000018634
OG0005277	rna-XM_0382653491	rna-XM_0382653491	rna-XM_0382653491	rna-XM_0382653491	ENSXNUT00000013828
OG0005278	rna-XM_0382543531	rna-XM_0382543531	rna-XM_0382543531	rna-XM_0382543531	ENSXNUT00000015586
OG0005279	rna-XM_0382543581	rna-XM_0382543581	rna-XM_0382543581	rna-XM_0382543581	ENSXNUT00000017001
OG0005280	rna-XM_0382567051	rna-XM_0382567051	rna-XM_0382567051	rna-XM_0382567051	ENSXNUT00000009670
OG0005281	rna-XM_0018481012	rna-XM_0018481012	rna-XM_0018481012	rna-XM_0018481012	ENSXNUT00000005561
OG0005282	rna-XM_0018481042	rna-XM_0018481042	rna-XM_0018481042	rna-XM_0018481042	ENSXNUT00000001826
OG0005283	rna-XM_0018481072	rna-XM_0018481072	rna-XM_0018481072	rna-XM_0018481072	ENSXNUT00000004706
OG0005284	rna-XM_0018481082	rna-XM_0018481082	rna-XM_0018481082	rna-XM_0018481082	ENSXNUT00000003863
OG0005285	rna-XM_0382513971	rna-XM_0382513971	rna-XM_0382513971	rna-XM_0382513971	ENSXNUT00000006940
OG0005286	rna-XM_0018481112	rna-XM_0018481112	rna-XM_0018481112	rna-XM_0018481112	ENSXNUT00000000116
OG0005287	rna-XM_0018481132	rna-XM_0018481132	rna-XM_0018481132	rna-XM_0018481132	ENSXNUT00000000261
OG0005288	rna-XM_0382530981	rna-XM_0382530981	rna-XM_0382530981	rna-XM_0382530981	ENSXNUT00000007750
OG0005289	rna-XM_0018481152	rna-XM_0018481152	rna-XM_0018481152	rna-XM_0018481152	ENSXNUT00000004809
OG0005290	rna-XM_0382531021	rna-XM_0382531021	rna-XM_0382531021	rna-XM_0382531021	ENSXNUT00000000741
OG0005291	rna-XM_0018481192	rna-XM_0018481192	rna-XM_0018481192	rna-XM_0018481192	ENSXNUT00000011213
OG0005292	rna-XM_0382560891	rna-XM_0382560891	rna-XM_0382560891	rna-XM_0382560891	ENSXNUT00000002023
OG0005293	rna-XM_0382564031	rna-XM_0382564031	rna-XM_0382564031	rna-XM_0382564031	ENSXNUT00000007693
OG0005294	rna-XM_0018481442	rna-XM_0018481442	rna-XM_0018481442	rna-XM_0018481442	ENSXNUT00000010025
OG0005295	rna-XM_0382603141	rna-XM_0382603141	rna-XM_0382603141	rna-XM_0382603141	ENSXNUT00000011068
OG0005296	rna-XM_0382603181	rna-XM_0382603181	rna-XM_0382603181	rna-XM_0382603181	ENSXNUT00000015947
OG0005297	rna-XM_0018481472	rna-XM_0018481472	rna-XM_0018481472	rna-XM_0018481472	ENSXNUT00000014018
OG0005298	rna-XM_0382631791	rna-XM_0382631791	rna-XM_0382631791	rna-XM_0382631791	ENSXNUT00000015198
OG0005299	rna-XM_0382595381	rna-XM_0382595381	rna-XM_0382595391	rna-XM_0382595381	ENSXNUT00000008851
OG0005300	rna-XM_0018481572	rna-XM_0018481572	rna-XM_0018481572	rna-XM_0018481572	ENSXNUT00000006990
OG0005301	rna-XM_0382589711	rna-XM_0382589711	rna-XM_0382589711	rna-XM_0382589711	ENSXNUT00000010583
OG0005302	rna-XM_0018481632	rna-XM_0018481632	rna-XM_0018481632	rna-XM_0018481632	ENSXNUT00000006923
OG0005303	rna-XM_0382630641	rna-XM_0382630641	rna-XM_0382630641	rna-XM_0382630641	ENSXNUT00000011685
OG0005304	rna-XM_0382650501	rna-XM_0382650501	rna-XM_0382650501	rna-XM_0382650501	ENSXNUT00000013253
OG0005305	rna-XM_0382663221	rna-XM_0382663221	rna-XM_0382663221	rna-XM_0382663221	ENSXNUT00000011658
OG0005306	rna-XM_0382665931	rna-XM_0382665931	rna-XM_0382665931	rna-XM_0382665931	ENSXNUT00000013641
OG0005307	rna-XM_0382490991	rna-XM_0382490991	rna-XM_0382490991	rna-XM_0382490991	ENSXNUT00000014273
OG0005308	rna-XM_0018481902	rna-XM_0018481902	rna-XM_0018481902	rna-XM_0018481902	ENSXNUT00000017429
OG0005309	rna-XM_0382489091	rna-XM_0382489091	rna-XM_0382489091	rna-XM_0382489091	ENSXNUT00000017450
OG0005310	rna-XM_0018481972	rna-XM_0018481972	rna-XM_0018481972	rna-XM_0018481972	ENSXNUT00000017996
OG0005311	rna-XM_0018481982	rna-XM_0018481982	rna-XM_0018481982	rna-XM_0018481982	ENSXNUT00000017036
OG0005312	rna-XM_0382493971	rna-XM_0382493971	rna-XM_0382493971	rna-XM_0382493971	ENSXNUT00000016017
OG0005313	rna-XM_0382507671	rna-XM_0382507671	rna-XM_0382507671	rna-XM_0382507671	ENSXNUT00000013542
OG0005314	rna-XM_0382666831	rna-XM_0382666831	rna-XM_0382666831	rna-XM_0382666831	ENSXNUT00000016911
OG0005315	rna-XM_0018482092	rna-XM_0018482092	rna-XM_0018482092	rna-XM_0018482092	ENSXNUT00000012689
OG0005316	rna-XM_0382567431	rna-XM_0382567431	rna-XM_0382567431	rna-XM_0382567431	ENSXNUT00000013551
OG0005317	rna-XM_0382572841	rna-XM_0382572841	rna-XM_0382572841	rna-XM_0382572841	ENSXNUT00000018711
OG0005318	rna-XM_0382486381	rna-XM_0382486381	rna-XM_0382486381	rna-XM_0382486381	ENSXNUT00000018747
OG0005319	rna-XM_0018482192	rna-XM_0018482192	rna-XM_0018482192	rna-XM_0018482192	ENSXNUT00000012643
OG0005320	rna-XM_0382572621	rna-XM_0382572621	rna-XM_0382572621	rna-XM_0382572621	ENSXNUT00000018493
OG0005321	rna-XM_0382498911	rna-XM_0382498911	rna-XM_0382498911	rna-XM_0382498911	ENSXNUT00000015165
OG0005322	rna-XM_0382526231	rna-XM_0382526231	rna-XM_0382526781	rna-XM_0382526231	ENSXNUT00000018165
OG0005323	rna-XM_0382495281	rna-XM_0382495281	rna-XM_0382495281	rna-XM_0382495281	ENSXNUT00000015918
OG0005324	rna-XM_0382566771	rna-XM_0382566771	rna-XM_0382566771	rna-XM_0382566771	ENSXNUT00000017818
OG0005325	rna-XM_0382483211	rna-XM_0382483211	rna-XM_0382483211	rna-XM_0382483211	ENSXNUT00000015826
OG0005326	rna-XM_0382570021	rna-XM_0382570021	rna-XM_0382570021	rna-XM_0382570021	ENSXNUT00000004251
OG0005327	rna-XM_0018482472	rna-XM_0018482472	rna-XM_0018482472	rna-XM_0018482472	ENSXNUT00000000896
OG0005328	rna-XM_0382524651	rna-XM_0382524651	rna-XM_0382524651	rna-XM_0382524651	ENSXNUT00000001492
OG0005329	rna-XM_0382530001	rna-XM_0382530001	rna-XM_0382530001	rna-XM_0382530001	ENSXNUT00000002715
OG0005330	rna-XM_0018482702	rna-XM_0018482702	rna-XM_0018482702	rna-XM_0018482702	ENSXNUT00000005518
OG0005331	rna-XM_0018482712	rna-XM_0018482712	rna-XM_0018482712	rna-XM_0018482712	ENSXNUT00000000642
OG0005332	rna-XM_0018482772	rna-XM_0018482772	rna-XM_0018482772	rna-XM_0018482772	ENSXNUT00000000306
OG0005333	rna-XM_0018482782	rna-XM_0018482782	rna-XM_0018482782	rna-XM_0018482782	ENSXNUT00000006523
OG0005334	rna-XM_0382528501	rna-XM_0382528501	rna-XM_0382528501	rna-XM_0382528501	ENSXNUT00000009842
OG0005335	rna-XM_0018482852	rna-XM_0018482852	rna-XM_0018482852	rna-XM_0018482852	ENSXNUT00000002575
OG0005336	rna-XM_0382550611	rna-XM_0382550611	rna-XM_0382550611	rna-XM_0382550611	ENSXNUT00000011345
OG0005337	rna-XM_0382536591	rna-XM_0382536591	rna-XM_0382536591	rna-XM_0382536591	ENSXNUT00000010611
OG0005338	rna-XM_0382570171	rna-XM_0382570171	rna-XM_0382570171	rna-XM_0382570171	ENSXNUT00000003370
OG0005339	rna-XM_0018482912	rna-XM_0018482912	rna-XM_0018482912	rna-XM_0018482912	ENSXNUT00000002402
OG0005340	rna-XM_0018482932	rna-XM_0018482932	rna-XM_0018482932	rna-XM_0018482932	ENSXNUT00000008834
OG0005341	rna-XM_0382535931	rna-XM_0382535931	rna-XM_0382535931	rna-XM_0382535931	ENSXNUT00000005086
OG0005342	rna-XM_0018483012	rna-XM_0018483012	rna-XM_0018483012	rna-XM_0018483012	ENSXNUT00000005796
OG0005343	rna-XM_0018483022	rna-XM_0018483022	rna-XM_0018483022	rna-XM_0018483022	ENSXNUT00000005592
OG0005344	rna-XM_0382527441	rna-XM_0382527441	rna-XM_0382527441	rna-XM_0382527441	ENSXNUT00000003985
OG0005345	rna-XM_0382527421	rna-XM_0382527421	rna-XM_0382527421	rna-XM_0382527421	ENSXNUT00000000050
OG0005346	rna-XM_0382546391	rna-XM_0382546391	rna-XM_0382546391	rna-XM_0382546391	ENSXNUT00000001167
OG0005347	rna-XM_0018483072	rna-XM_0018483072	rna-XM_0018483072	rna-XM_0018483072	ENSXNUT00000006186
OG0005348	rna-XM_0018483092	rna-XM_0018483092	rna-XM_0018483092	rna-XM_0018483092	ENSXNUT00000005670
OG0005349	rna-XM_0382660911	rna-XM_0382660911	rna-XM_0382660911	rna-XM_0382660911	ENSXNUT00000014818
OG0005350	rna-XM_0382650051	rna-XM_0382650051	rna-XM_0382650051	rna-XM_0382650051	ENSXNUT00000008300
OG0005351	rna-XM_0382522951	rna-XM_0382522951	rna-XM_0382522951	rna-XM_0382522951	ENSXNUT00000001323
OG0005352	rna-XM_0382555061	rna-XM_0382555061	rna-XM_0382555061	rna-XM_0382555061	ENSXNUT00000005382
OG0005353	rna-XM_0018483312	rna-XM_0018483312	rna-XM_0018483312	rna-XM_0018483312	ENSXNUT00000011359
OG0005354	rna-XM_0382615261	rna-XM_0382615261	rna-XM_0382615261	rna-XM_0382615261	ENSXNUT00000012242
OG0005355	rna-XM_0382630161	rna-XM_0382630161	rna-XM_0382630161	rna-XM_0382630161	ENSXNUT00000007766
OG0005356	rna-XM_0018483342	rna-XM_0018483342	rna-XM_0018483342	rna-XM_0018483342	ENSXNUT00000011067
OG0005357	rna-XM_0382593091	rna-XM_0382593091	rna-XM_0382593091	rna-XM_0382593091	ENSXNUT00000006161
OG0005358	rna-XM_0382514481	rna-XM_0382514481	rna-XM_0382514481	rna-XM_0382514481	ENSXNUT00000004625
OG0005359	rna-XM_0382514441	rna-XM_0382514441	rna-XM_0382514441	rna-XM_0382514441	ENSXNUT00000004133
OG0005360	rna-XM_0018483392	rna-XM_0018483392	rna-XM_0018483392	rna-XM_0018483392	ENSXNUT00000005615
OG0005361	rna-XM_0382542781	rna-XM_0382542781	rna-XM_0382542781	rna-XM_0382542781	ENSXNUT00000007440
OG0005362	rna-XM_0018483482	rna-XM_0018483482	rna-XM_0018483482	rna-XM_0018483482	ENSXNUT00000004699
OG0005363	rna-XM_0382484131	rna-XM_0382484131	rna-XM_0382484131	rna-XM_0382484131	ENSXNUT00000017032
OG0005364	rna-XM_0382490861	rna-XM_0382490861	rna-XM_0382490861	rna-XM_0382490861	ENSXNUT00000017492
OG0005365	rna-XM_0382487321	rna-XM_0382487321	rna-XM_0382487321	rna-XM_0382487321	ENSXNUT00000018694
OG0005366	rna-XM_0382481071	rna-XM_0382481071	rna-XM_0382481071	rna-XM_0382481071	ENSXNUT00000014416
OG0005367	rna-XM_0018483692	rna-XM_0018483692	rna-XM_0018483692	rna-XM_0018483692	ENSXNUT00000011273
OG0005368	rna-XM_0382648271	rna-XM_0382648271	rna-XM_0382648271	rna-XM_0382648271	ENSXNUT00000016400
OG0005369	rna-XM_0382599531	rna-XM_0382599531	rna-XM_0382599531	rna-XM_0382599531	ENSXNUT00000012940
OG0005370	rna-XM_0382631981	rna-XM_0382631981	rna-XM_0382631981	rna-XM_0382631981	ENSXNUT00000008856
OG0005371	rna-XM_0018483832	rna-XM_0018483832	rna-XM_0018483832	rna-XM_0018483832	ENSXNUT00000005999
OG0005372	rna-XM_0382606211	rna-XM_0382606211	rna-XM_0382606211	rna-XM_0382606211	ENSXNUT00000010559
OG0005373	rna-XM_0018483862	rna-XM_0018483862	rna-XM_0018483862	rna-XM_0018483862	ENSXNUT00000007774
OG0005374	rna-XM_0382614171	rna-XM_0382614171	rna-XM_0382614171	rna-XM_0382614171	ENSXNUT00000010828
OG0005375	rna-XM_0018483892	rna-XM_0018483892	rna-XM_0018483892	rna-XM_0018483892	ENSXNUT00000010544
OG0005376	rna-XM_0018483952	rna-XM_0018483952	rna-XM_0018483952	rna-XM_0018483952	ENSXNUT00000012794
OG0005377	rna-XM_0018483962	rna-XM_0018483962	rna-XM_0018483962	rna-XM_0018483962	ENSXNUT00000009415
OG0005378	rna-XM_0018483972	rna-XM_0018483972	rna-XM_0018483972	rna-XM_0018483972	ENSXNUT00000015676
OG0005379	rna-XM_0382513611	rna-XM_0382513611	rna-XM_0382513671	rna-XM_0382513611	ENSXNUT00000004185
OG0005380	rna-XM_0382568631	rna-XM_0382568631	rna-XM_0382568631	rna-XM_0382568651	ENSXNUT00000001519
OG0005381	rna-XM_0382535071	rna-XM_0382535071	rna-XM_0382535071	rna-XM_0382535071	ENSXNUT00000002122
OG0005382	rna-XM_0018484662	rna-XM_0018484662	rna-XM_0018484662	rna-XM_0018484662	ENSXNUT00000009129
OG0005383	rna-XM_0382590861	rna-XM_0382590861	rna-XM_0382590861	rna-XM_0382590861	ENSXNUT00000007161
OG0005384	rna-XM_0382590821	rna-XM_0382590821	rna-XM_0382590821	rna-XM_0382590821	ENSXNUT00000008538
OG0005385	rna-XM_0018484682	rna-XM_0018484682	rna-XM_0018484682	rna-XM_0018484682	ENSXNUT00000013598
OG0005386	rna-XM_0018484692	rna-XM_0018484692	rna-XM_0018484692	rna-XM_0018484692	ENSXNUT00000014698
OG0005387	rna-XM_0382645611	rna-XM_0382645611	rna-XM_0382645611	rna-XM_0382645611	ENSXNUT00000010176
OG0005388	rna-XM_0382644071	rna-XM_0382644071	rna-XM_0382644071	rna-XM_0382644071	ENSXNUT00000006614
OG0005389	rna-XM_0018484852	rna-XM_0018484852	rna-XM_0018484852	rna-XM_0018484852	ENSXNUT00000006575
OG0005390	rna-XM_0018484862	rna-XM_0018484862	rna-XM_0018484862	rna-XM_0018484862	ENSXNUT00000014285
OG0005391	rna-XM_0382585901	rna-XM_0382585901	rna-XM_0382585901	rna-XM_0382585901	ENSXNUT00000013180
OG0005392	rna-XM_0382655381	rna-XM_0382655381	rna-XM_0382655381	rna-XM_0382655381	ENSXNUT00000009403
OG0005393	rna-XM_0382574161	rna-XM_0382574161	rna-XM_0382574161	rna-XM_0382574161	ENSXNUT00000007804
OG0005394	rna-XM_0018485202	rna-XM_0018485202	rna-XM_0018485202	rna-XM_0018485202	ENSXNUT00000007833
OG0005395	rna-XM_0382661481	rna-XM_0382661481	rna-XM_0382661481	rna-XM_0382661481	ENSXNUT00000006945
OG0005396	rna-XM_0382661431	rna-XM_0382661431	rna-XM_0382661431	rna-XM_0382661431	ENSXNUT00000008879
OG0005397	rna-XM_0382573931	rna-XM_0382573931	rna-XM_0382573931	rna-XM_0382573931	ENSXNUT00000003562
OG0005398	rna-XM_0382573941	rna-XM_0382573941	rna-XM_0382573941	rna-XM_0382573941	ENSXNUT00000000427
OG0005399	rna-XM_0382566361	rna-XM_0382566361	rna-XM_0382566361	rna-XM_0382566361	ENSXNUT00000003774
OG0005400	rna-XM_0382576701	rna-XM_0382576701	rna-XM_0382576701	rna-XM_0382576701	ENSXNUT00000001965
OG0005401	rna-XM_0382542581	rna-XM_0382542581	rna-XM_0382542581	rna-XM_0382542581	ENSXNUT00000001799
OG0005402	rna-XM_0382570581	rna-XM_0382570581	rna-XM_0382570581	rna-XM_0382570581	ENSXNUT00000001459
OG0005403	rna-XM_0382513941	rna-XM_0382513941	rna-XM_0382513941	rna-XM_0382513941	ENSXNUT00000005697
OG0005404	rna-XM_0018485452	rna-XM_0018485452	rna-XM_0018485452	rna-XM_0018485452	ENSXNUT00000003993
OG0005405	rna-XM_0018485472	rna-XM_0018485472	rna-XM_0018485472	rna-XM_0018485472	ENSXNUT00000009227
OG0005406	rna-XM_0382513921	rna-XM_0382513921	rna-XM_0382513921	rna-XM_0382513921	ENSXNUT00000008627
OG0005407	rna-XM_0018485502	rna-XM_0018485502	rna-XM_0018485502	rna-XM_0018485502	ENSXNUT00000003786
OG0005408	rna-XM_0382538421	rna-XM_0382538421	rna-XM_0382538421	rna-XM_0382538421	ENSXNUT00000000840
OG0005409	rna-XM_0382510341	rna-XM_0382510341	rna-XM_0382510341	rna-XM_0382510341	ENSXNUT00000002791
OG0005410	rna-XM_0018485542	rna-XM_0018485542	rna-XM_0018485542	rna-XM_0018485542	ENSXNUT00000001256
OG0005411	rna-XM_0382582171	rna-XM_0382582171	rna-XM_0382582171	rna-XM_0382582171	ENSXNUT00000003006
OG0005412	rna-XM_0382511791	rna-XM_0382511791	rna-XM_0382511861	rna-XM_0382511791	ENSXNUT00000009442
OG0005413	rna-XM_0382571331	rna-XM_0382571331	rna-XM_0382571331	rna-XM_0382571331	ENSXNUT00000004723
OG0005414	rna-XM_0382557261	rna-XM_0382557261	rna-XM_0382557261	rna-XM_0382557261	ENSXNUT00000006000
OG0005415	rna-XM_0382557271	rna-XM_0382557271	rna-XM_0382557271	rna-XM_0382557271	ENSXNUT00000004205
OG0005416	rna-XM_0382542301	rna-XM_0382542301	rna-XM_0382542301	rna-XM_0382542301	ENSXNUT00000002152
OG0005417	rna-XM_0382532711	rna-XM_0382532711	rna-XM_0382532711	rna-XM_0382532711	ENSXNUT00000003479
OG0005418	rna-XM_0382530951	rna-XM_0382530951	rna-XM_0382530951	rna-XM_0382530951	ENSXNUT00000009502
OG0005419	rna-XM_0382533101	rna-XM_0382533101	rna-XM_0382533101	rna-XM_0382533121	ENSXNUT00000001842
OG0005420	rna-XM_0382523121	rna-XM_0382523121	rna-XM_0382523121	rna-XM_0382523121	ENSXNUT00000001628
OG0005421	rna-XM_0018485812	rna-XM_0018485812	rna-XM_0018485812	rna-XM_0018485812	ENSXNUT00000008106
OG0005422	rna-XM_0382648821	rna-XM_0382648821	rna-XM_0382648821	rna-XM_0382648821	ENSXNUT00000008355
OG0005423	rna-XM_0018485792	rna-XM_0018485792	rna-XM_0018485792	rna-XM_0018485792	ENSXNUT00000006654
OG0005424	rna-XM_0382648721	rna-XM_0382648721	rna-XM_0382648721	rna-XM_0382648721	ENSXNUT00000010200
OG0005425	rna-XM_0382648741	rna-XM_0382648741	rna-XM_0382648741	rna-XM_0382648741	ENSXNUT00000015324
OG0005426	rna-XM_0018485862	rna-XM_0018485862	rna-XM_0018485862	rna-XM_0018485862	ENSXNUT00000013905
OG0005427	rna-XM_0382648751	rna-XM_0382648751	rna-XM_0382648751	rna-XM_0382648751	ENSXNUT00000013228
OG0005428	rna-XM_0018485892	rna-XM_0018485892	rna-XM_0018485892	rna-XM_0018485892	ENSXNUT00000008252
OG0005429	rna-XM_0382648891	rna-XM_0382648891	rna-XM_0382648891	rna-XM_0382648891	ENSXNUT00000006084
OG0005430	rna-XM_0018485932	rna-XM_0018485932	rna-XM_0018485932	rna-XM_0018485932	ENSXNUT00000010551
OG0005431	rna-XM_0382648711	rna-XM_0382648711	rna-XM_0382648711	rna-XM_0382648711	ENSXNUT00000006099
OG0005432	rna-XM_0382648901	rna-XM_0382648901	rna-XM_0382648901	rna-XM_0382648901	ENSXNUT00000016247
OG0005433	rna-XM_0018486032	rna-XM_0018486032	rna-XM_0018486032	rna-XM_0018486032	ENSXNUT00000010340
OG0005434	rna-XM_0018486062	rna-XM_0018486062	rna-XM_0018486062	rna-XM_0018486062	ENSXNUT00000016551
OG0005435	rna-XM_0018486162	rna-XM_0018486162	rna-XM_0018486162	rna-XM_0018486162	ENSXNUT00000014463
OG0005436	rna-XM_0382636051	rna-XM_0382636051	rna-XM_0382636051	rna-XM_0382636051	ENSXNUT00000012364
OG0005437	rna-XM_0382625491	rna-XM_0382625491	rna-XM_0382625491	rna-XM_0382625491	ENSXNUT00000006272
OG0005438	rna-XM_0018486212	rna-XM_0018486212	rna-XM_0018486212	rna-XM_0018486212	ENSXNUT00000013120
OG0005439	rna-XM_0382627211	rna-XM_0382627211	rna-XM_0382627211	rna-XM_0382627211	ENSXNUT00000009739
OG0005440	rna-XM_0018486272	rna-XM_0018486272	rna-XM_0018486272	rna-XM_0018486272	ENSXNUT00000009445
OG0005441	rna-XM_0382588011	rna-XM_0382588011	rna-XM_0382588011	rna-XM_0382588011	ENSXNUT00000010056
OG0005442	rna-XM_0018486302	rna-XM_0018486302	rna-XM_0018486302	rna-XM_0018486302	ENSXNUT00000013950
OG0005443	rna-XM_0382636951	rna-XM_0382636951	rna-XM_0382636951	rna-XM_0382636951	ENSXNUT00000010580
OG0005444	rna-XM_0018486352	rna-XM_0018486352	rna-XM_0018486352	rna-XM_0018486352	ENSXNUT00000006770
OG0005445	rna-XM_0382648361	rna-XM_0382648361	rna-XM_0382648361	rna-XM_0382648361	ENSXNUT00000011737
OG0005446	rna-XM_0018486372	rna-XM_0018486372	rna-XM_0018486372	rna-XM_0018486372	ENSXNUT00000009747
OG0005447	rna-XM_0382663771	rna-XM_0382663771	rna-XM_0382663771	rna-XM_0382663771	ENSXNUT00000012204
OG0005448	rna-XM_0382663791	rna-XM_0382663791	rna-XM_0382663791	rna-XM_0382663791	ENSXNUT00000014882
OG0005449	rna-XM_0018486422	rna-XM_0018486422	rna-XM_0018486422	rna-XM_0018486422	ENSXNUT00000014608
OG0005450	rna-XM_0018486432	rna-XM_0018486432	rna-XM_0018486432	rna-XM_0018486432	ENSXNUT00000013595
OG0005451	rna-XM_0018486452	rna-XM_0018486452	rna-XM_0018486452	rna-XM_0018486452	ENSXNUT00000008168
OG0005452	rna-XM_0018486612	rna-XM_0018486612	rna-XM_0018486612	rna-XM_0018486612	ENSXNUT00000012116
OG0005453	rna-XM_0382491461	rna-XM_0382491461	rna-XM_0382491471	rna-XM_0382491461	ENSXNUT00000013913
OG0005454	rna-XM_0382490871	rna-XM_0382490871	rna-XM_0382490871	rna-XM_0382490871	ENSXNUT00000017182
OG0005455	rna-XM_0018486702	rna-XM_0018486702	rna-XM_0018486702	rna-XM_0018486702	ENSXNUT00000016374
OG0005456	rna-XM_0018486712	rna-XM_0018486712	rna-XM_0018486712	rna-XM_0018486712	ENSXNUT00000018563
OG0005457	rna-XM_0382492191	rna-XM_0382492191	rna-XM_0382492191	rna-XM_0382492191	ENSXNUT00000013144
OG0005458	rna-XM_0018486732	rna-XM_0018486732	rna-XM_0018486732	rna-XM_0018486732	ENSXNUT00000014852
OG0005459	rna-XM_0018486742	rna-XM_0018486742	rna-XM_0018486742	rna-XM_0018486742	ENSXNUT00000014805
OG0005460	rna-XM_0382489551	rna-XM_0382489551	rna-XM_0382489551	rna-XM_0382489551	ENSXNUT00000018633
OG0005461	rna-XM_0382496641	rna-XM_0382496641	rna-XM_0382496641	rna-XM_0382496641	ENSXNUT00000012993
OG0005462	rna-XM_0382485421	rna-XM_0382485421	rna-XM_0382485421	rna-XM_0382485421	ENSXNUT00000015049
OG0005463	rna-XM_0018486832	rna-XM_0018486832	rna-XM_0018486832	rna-XM_0018486832	ENSXNUT00000015212
OG0005464	rna-XM_0382666101	rna-XM_0382666101	rna-XM_0382666101	rna-XM_0382666101	ENSXNUT00000013249
OG0005465	rna-XM_0382568691	rna-XM_0382568691	rna-XM_0382568691	rna-XM_0382568691	ENSXNUT00000017532
OG0005466	rna-XM_0382668971	rna-XM_0382668971	rna-XM_0382668971	rna-XM_0382668971	ENSXNUT00000017389
OG0005467	rna-XM_0018486982	rna-XM_0018486982	rna-XM_0018486982	rna-XM_0018486982	ENSXNUT00000016259
OG0005468	rna-XM_0018487052	rna-XM_0018487052	rna-XM_0018487052	rna-XM_0018487052	ENSXNUT00000016329
OG0005469	rna-XM_0382499751	rna-XM_0382499751	rna-XM_0382499821	rna-XM_0382499751	ENSXNUT00000018417
OG0005470	rna-XM_0018487102	rna-XM_0018487102	rna-XM_0018487102	rna-XM_0018487102	ENSXNUT00000001883
OG0005471	rna-XM_0382580401	rna-XM_0382580401	rna-XM_0382580401	rna-XM_0382580401	ENSXNUT00000003737
OG0005472	rna-XM_0018487182	rna-XM_0018487182	rna-XM_0018487182	rna-XM_0018487182	ENSXNUT00000004354
OG0005473	rna-XM_0382522061	rna-XM_0382522061	rna-XM_0382522061	rna-XM_0382522061	ENSXNUT00000004762
OG0005474	rna-XM_0382522071	rna-XM_0382522071	rna-XM_0382522071	rna-XM_0382522071	ENSXNUT00000003361
OG0005475	rna-XM_0382631401	rna-XM_0382631401	rna-XM_0382631401	rna-XM_0382631401	ENSXNUT00000011400
OG0005476	rna-XM_0382624781	rna-XM_0382624781	rna-XM_0382624781	rna-XM_0382624781	ENSXNUT00000007242
OG0005477	rna-XM_0018487302	rna-XM_0018487302	rna-XM_0018487302	rna-XM_0018487302	ENSXNUT00000009624
OG0005478	rna-XM_0018487312	rna-XM_0018487312	rna-XM_0018487312	rna-XM_0018487312	ENSXNUT00000008351
OG0005479	rna-XM_0382588371	rna-XM_0382588371	rna-XM_0382588371	rna-XM_0382588371	ENSXNUT00000005863
OG0005480	rna-XM_0382588391	rna-XM_0382588391	rna-XM_0382588391	rna-XM_0382588391	ENSXNUT00000009565
OG0005481	rna-XM_0018487392	rna-XM_0018487392	rna-XM_0018487392	rna-XM_0018487392	ENSXNUT00000010540
OG0005482	rna-XM_0018487452	rna-XM_0018487452	rna-XM_0018487452	rna-XM_0018487452	ENSXNUT00000010356
OG0005483	rna-XM_0382662461	rna-XM_0382662471	rna-XM_0382662471	rna-XM_0382662461	ENSXNUT00000006087
OG0005484	rna-XM_0382662491	rna-XM_0382662491	rna-XM_0382662491	rna-XM_0382662491	ENSXNUT00000006924
OG0005485	rna-XM_0018487612	rna-XM_0018487612	rna-XM_0018487612	rna-XM_0018487612	ENSXNUT00000018017
OG0005486	rna-XM_0018487622	rna-XM_0018487622	rna-XM_0018487622	rna-XM_0018487622	ENSXNUT00000016631
OG0005487	rna-XM_0382670681	rna-XM_0382670681	rna-XM_0382670681	rna-XM_0382670681	ENSXNUT00000016863
OG0005488	rna-XM_0018487652	rna-XM_0018487652	rna-XM_0018487652	rna-XM_0018487652	ENSXNUT00000012273
OG0005489	rna-XM_0382622181	rna-XM_0382622181	rna-XM_0382622181	rna-XM_0382622181	ENSXNUT00000016069
OG0005490	rna-XM_0018487722	rna-XM_0018487722	rna-XM_0018487722	rna-XM_0018487722	ENSXNUT00000017342
OG0005491	rna-XM_0018487732	rna-XM_0018487732	rna-XM_0018487732	rna-XM_0018487732	ENSXNUT00000016583
OG0005492	rna-XM_0018487742	rna-XM_0018487742	rna-XM_0018487742	rna-XM_0018487742	ENSXNUT00000014955
OG0005493	rna-XM_0382486311	rna-XM_0382486311	rna-XM_0382486311	rna-XM_0382486311	ENSXNUT00000017015
OG0005494	rna-XM_0382670061	rna-XM_0382670061	rna-XM_0382670061	rna-XM_0382670061	ENSXNUT00000017952
OG0005495	rna-XM_0382670561	rna-XM_0382670561	rna-XM_0382670561	rna-XM_0382670561	ENSXNUT00000015632
OG0005496	rna-XM_0382668321	rna-XM_0382668321	rna-XM_0382668321	rna-XM_0382668321	ENSXNUT00000014123
OG0005497	rna-XM_0382491641	rna-XM_0382491641	rna-XM_0382491641	rna-XM_0382491641	ENSXNUT00000014743
OG0005498	rna-XM_0382487181	rna-XM_0382487181	rna-XM_0382487181	rna-XM_0382487181	ENSXNUT00000014298
OG0005499	rna-XM_0382495531	rna-XM_0382495531	rna-XM_0382495531	rna-XM_0382495531	ENSXNUT00000017997
OG0005500	rna-XM_0382490671	rna-XM_0382490671	rna-XM_0382490671	rna-XM_0382490671	ENSXNUT00000017157
OG0005501	rna-XM_0018488022	rna-XM_0018488022	rna-XM_0018488022	rna-XM_0018488022	ENSXNUT00000006717
OG0005502	rna-XM_0382661211	rna-XM_0382661211	rna-XM_0382661221	rna-XM_0382661211	ENSXNUT00000009004
OG0005503	rna-XM_0382614411	rna-XM_0382614411	rna-XM_0382614411	rna-XM_0382614411	ENSXNUT00000006404
OG0005504	rna-XM_0018488082	rna-XM_0018488082	rna-XM_0018488082	rna-XM_0018488082	ENSXNUT00000014364
OG0005505	rna-XM_0018488102	rna-XM_0018488102	rna-XM_0018488102	rna-XM_0018488102	ENSXNUT00000014623
OG0005506	rna-XM_0018488112	rna-XM_0018488112	rna-XM_0018488112	rna-XM_0018488112	ENSXNUT00000014802
OG0005507	rna-XM_0382625911	rna-XM_0382625911	rna-XM_0382625911	rna-XM_0382625911	ENSXNUT00000008682
OG0005508	rna-XM_0382590161	rna-XM_0382590161	rna-XM_0382590161	rna-XM_0382590161	ENSXNUT00000007313
OG0005509	rna-XM_0018488162	rna-XM_0018488162	rna-XM_0018488162	rna-XM_0018488162	ENSXNUT00000010253
OG0005510	rna-XM_0018488222	rna-XM_0018488222	rna-XM_0018488222	rna-XM_0018488222	ENSXNUT00000016779
OG0005511	rna-XM_0382654871	rna-XM_0382654871	rna-XM_0382654871	rna-XM_0382654871	ENSXNUT00000008119
OG0005512	rna-XM_0018488452	rna-XM_0018488452	rna-XM_0018488452	rna-XM_0018488452	ENSXNUT00000009373
OG0005513	rna-XM_0018488462	rna-XM_0018488462	rna-XM_0018488462	rna-XM_0018488462	ENSXNUT00000007268
OG0005514	rna-XM_0018488482	rna-XM_0018488482	rna-XM_0018488482	rna-XM_0018488482	ENSXNUT00000008877
OG0005515	rna-XM_0382625461	rna-XM_0382625461	rna-XM_0382625461	rna-XM_0382625461	ENSXNUT00000010371
OG0005516	rna-XM_0382591971	rna-XM_0382591971	rna-XM_0382591971	rna-XM_0382591971	ENSXNUT00000010662
OG0005517	rna-XM_0018488552	rna-XM_0018488552	rna-XM_0018488552	rna-XM_0018488552	ENSXNUT00000012191
OG0005519	rna-XM_0382587601	rna-XM_0382587601	rna-XM_0382587601	rna-XM_0382587601	ENSXNUT00000010484
OG0005520	rna-XM_0382635601	rna-XM_0382635601	rna-XM_0382635601	rna-XM_0382635601	ENSXNUT00000014798
OG0005521	rna-XM_0018488732	rna-XM_0018488732	rna-XM_0018488732	rna-XM_0018488732	ENSXNUT00000014628
OG0005522	rna-XM_0018488782	rna-XM_0018488782	rna-XM_0018488782	rna-XM_0018488782	ENSXNUT00000013578
OG0005523	rna-XM_0018488792	rna-XM_0018488792	rna-XM_0018488792	rna-XM_0018488792	ENSXNUT00000017746
OG0005524	rna-XM_0382481321	rna-XM_0382481321	rna-XM_0382481321	rna-XM_0382481321	ENSXNUT00000018542
OG0005525	rna-XM_0018488932	rna-XM_0018488932	rna-XM_0018488932	rna-XM_0018488932	ENSXNUT00000009940
OG0005526	rna-XM_0382633001	rna-XM_0382633001	rna-XM_0382633001	rna-XM_0382633001	ENSXNUT00000011930
OG0005527	rna-XM_0382633011	rna-XM_0382633011	rna-XM_0382633011	rna-XM_0382633011	ENSXNUT00000011406
OG0005528	rna-XM_0018488962	rna-XM_0018488962	rna-XM_0018488962	rna-XM_0018488962	ENSXNUT00000014260
OG0005529	rna-XM_0018489022	rna-XM_0018489022	rna-XM_0018489022	rna-XM_0018489022	ENSXNUT00000006054
OG0005530	rna-XM_0018489052	rna-XM_0018489052	rna-XM_0018489052	rna-XM_0018489052	ENSXNUT00000006647
OG0005531	rna-XM_0382648621	rna-XM_0382648621	rna-XM_0382648621	rna-XM_0382648621	ENSXNUT00000008502
OG0005532	rna-XM_0018489092	rna-XM_0018489092	rna-XM_0018489092	rna-XM_0018489092	ENSXNUT00000009025
OG0005533	rna-XM_0018489102	rna-XM_0018489102	rna-XM_0018489102	rna-XM_0018489102	ENSXNUT00000010091
OG0005534	rna-XM_0382630081	rna-XM_0382630081	rna-XM_0382630081	rna-XM_0382630081	ENSXNUT00000009911
OG0005535	rna-XM_0018488942	rna-XM_0018488942	rna-XM_0018488942	rna-XM_0018488942	ENSXNUT00000011533
OG0005536	rna-XM_0018489192	rna-XM_0018489192	rna-XM_0018489192	rna-XM_0018489192	ENSXNUT00000018279
OG0005537	rna-XM_0018489142	rna-XM_0018489142	rna-XM_0018489142	rna-XM_0018489142	ENSXNUT00000012737
OG0005538	rna-XM_0018489212	rna-XM_0018489212	rna-XM_0018489212	rna-XM_0018489212	ENSXNUT00000016746
OG0005539	rna-XM_0382489141	rna-XM_0382489141	rna-XM_0382489141	rna-XM_0382489141	ENSXNUT00000016747
OG0005540	rna-XM_0382489251	rna-XM_0382489251	rna-XM_0382489251	rna-XM_0382489251	ENSXNUT00000018137
OG0005541	rna-XM_0382633491	rna-XM_0382633491	rna-XM_0382633491	rna-XM_0382633491	ENSXNUT00000018564
OG0005542	rna-XM_0018489392	rna-XM_0018489392	rna-XM_0018489392	rna-XM_0018489392	ENSXNUT00000015626
OG0005543	rna-XM_0382620381	rna-XM_0382620381	rna-XM_0382620381	rna-XM_0382620381	ENSXNUT00000014234
OG0005544	rna-XM_0382659161	rna-XM_0382659161	rna-XM_0382659161	rna-XM_0382659161	ENSXNUT00000009515
OG0005545	rna-XM_0382659201	rna-XM_0382659201	rna-XM_0382659201	rna-XM_0382659201	ENSXNUT00000010194
OG0005546	rna-XM_0382623621	rna-XM_0382623621	rna-XM_0382623621	rna-XM_0382623621	ENSXNUT00000007490
OG0005547	rna-XM_0382623631	rna-XM_0382623631	rna-XM_0382623631	rna-XM_0382623631	ENSXNUT00000011398
OG0005548	rna-XM_0382607371	rna-XM_0382607371	rna-XM_0382607371	rna-XM_0382607371	ENSXNUT00000015574
OG0005549	rna-XM_0382636171	rna-XM_0382636171	rna-XM_0382636171	rna-XM_0382636171	ENSXNUT00000011375
OG0005550	rna-XM_0382644921	rna-XM_0382644921	rna-XM_0382644921	rna-XM_0382644921	ENSXNUT00000011705
OG0005551	rna-XM_0382599941	rna-XM_0382599941	rna-XM_0382599941	rna-XM_0382599941	ENSXNUT00000008649
OG0005552	rna-XM_0382650131	rna-XM_0382650131	rna-XM_0382650131	rna-XM_0382650131	ENSXNUT00000010644
OG0005553	rna-XM_0382594911	rna-XM_0382594911	rna-XM_0382594911	rna-XM_0382594911	ENSXNUT00000010344
OG0005554	rna-XM_0018489702	rna-XM_0018489702	rna-XM_0018489702	rna-XM_0018489702	ENSXNUT00000007254
OG0005555	rna-XM_0382612821	rna-XM_0382612821	rna-XM_0382612821	rna-XM_0382612821	ENSXNUT00000015613
OG0005556	rna-XM_0018489812	rna-XM_0018489812	rna-XM_0018489812	rna-XM_0018489812	ENSXNUT00000008146
OG0005557	rna-XM_0382604651	rna-XM_0382604651	rna-XM_0382604651	rna-XM_0382604651	ENSXNUT00000006400
OG0005558	rna-XM_0382601951	rna-XM_0382601951	rna-XM_0382601951	rna-XM_0382601951	ENSXNUT00000009325
OG0005559	rna-XM_0382638171	rna-XM_0382638171	rna-XM_0382638171	rna-XM_0382638171	ENSXNUT00000006881
OG0005560	rna-XM_0382634651	rna-XM_0382634651	rna-XM_0382634651	rna-XM_0382634651	ENSXNUT00000007481
OG0005561	rna-XM_0382619811	rna-XM_0382619811	rna-XM_0382619811	rna-XM_0382619811	ENSXNUT00000011349
OG0005562	rna-XM_0382644981	rna-XM_0382644981	rna-XM_0382644981	rna-XM_0382644981	ENSXNUT00000009578
OG0005563	rna-XM_0382664191	rna-XM_0382664191	rna-XM_0382664191	rna-XM_0382664191	ENSXNUT00000011514
OG0005564	rna-XM_0018490242	rna-XM_0018490242	rna-XM_0018490242	rna-XM_0018490242	ENSXNUT00000011905
OG0005565	rna-XM_0382637021	rna-XM_0382637021	rna-XM_0382637021	rna-XM_0382637021	ENSXNUT00000012410
OG0005566	rna-XM_0382629521	rna-XM_0382629521	rna-XM_0382629521	rna-XM_0382629521	ENSXNUT00000012287
OG0005567	rna-XM_0382632451	rna-XM_0382632451	rna-XM_0382632451	rna-XM_0382632451	ENSXNUT00000011550
OG0005568	rna-XM_0018490382	rna-XM_0018490382	rna-XM_0018490382	rna-XM_0018490382	ENSXNUT00000011391
OG0005569	rna-XM_0018490412	rna-XM_0018490412	rna-XM_0018490412	rna-XM_0018490412	ENSXNUT00000008015
OG0005570	rna-XM_0018490512	rna-XM_0018490512	rna-XM_0018490512	rna-XM_0018490512	ENSXNUT00000006817
OG0005571	rna-XM_0382586661	rna-XM_0382586661	rna-XM_0382586661	rna-XM_0382586661	ENSXNUT00000011673
OG0005572	rna-XM_0382614761	rna-XM_0382614761	rna-XM_0382614761	rna-XM_0382614761	ENSXNUT00000013057
OG0005573	rna-XM_0382588101	rna-XM_0382588101	rna-XM_0382588101	rna-XM_0382588101	ENSXNUT00000007613
OG0005574	rna-XM_0018490572	rna-XM_0018490572	rna-XM_0018490572	rna-XM_0018490572	ENSXNUT00000016761
OG0005575	rna-XM_0382588121	rna-XM_0382588141	rna-XM_0382588121	rna-XM_0382588121	ENSXNUT00000010888
OG0005576	rna-XM_0018490622	rna-XM_0018490622	rna-XM_0018490622	rna-XM_0018490622	ENSXNUT00000011656
OG0005577	rna-XM_0382621171	rna-XM_0382621171	rna-XM_0382621171	rna-XM_0382621171	ENSXNUT00000009827
OG0005578	rna-XM_0382589371	rna-XM_0382589371	rna-XM_0382589371	rna-XM_0382589371	ENSXNUT00000009866
OG0005579	rna-XM_0018490692	rna-XM_0018490692	rna-XM_0018490692	rna-XM_0018490692	ENSXNUT00000010023
OG0005580	rna-XM_0018490702	rna-XM_0018490702	rna-XM_0018490702	rna-XM_0018490702	ENSXNUT00000010293
OG0005581	rna-XM_0382589361	rna-XM_0382589361	rna-XM_0382589361	rna-XM_0382589361	ENSXNUT00000009631
OG0005582	rna-XM_0382628611	rna-XM_0382628611	rna-XM_0382628611	rna-XM_0382628611	ENSXNUT00000009459
OG0005583	rna-XM_0382625271	rna-XM_0382625271	rna-XM_0382625271	rna-XM_0382625271	ENSXNUT00000006509
OG0005584	rna-XM_0382656811	rna-XM_0382656811	rna-XM_0382656811	rna-XM_0382656811	ENSXNUT00000007068
OG0005585	rna-XM_0382653591	rna-XM_0382653591	rna-XM_0382653591	rna-XM_0382653591	ENSXNUT00000011527
OG0005586	rna-XM_0018490892	rna-XM_0018490892	rna-XM_0018490892	rna-XM_0018490892	ENSXNUT00000015820
OG0005587	rna-XM_0382627551	rna-XM_0382627551	rna-XM_0382627551	rna-XM_0382627551	ENSXNUT00000015059
OG0005588	rna-XM_0382658531	rna-XM_0382658531	rna-XM_0382658531	rna-XM_0382658531	ENSXNUT00000006616
OG0005589	rna-XM_0382656921	rna-XM_0382656921	rna-XM_0382656921	rna-XM_0382656921	ENSXNUT00000009954
OG0005590	rna-XM_0382639451	rna-XM_0382639451	rna-XM_0382639451	rna-XM_0382639451	ENSXNUT00000011458
OG0005591	rna-XM_0018490972	rna-XM_0018490972	rna-XM_0018490972	rna-XM_0018490972	ENSXNUT00000010591
OG0005592	rna-XM_0018490982	rna-XM_0018490982	rna-XM_0018490982	rna-XM_0018490982	ENSXNUT00000015930
OG0005593	rna-XM_0018491002	rna-XM_0018491002	rna-XM_0018491002	rna-XM_0018491002	ENSXNUT00000010668
OG0005594	rna-XM_0382645271	rna-XM_0382645271	rna-XM_0382645271	rna-XM_0382645271	ENSXNUT00000015040
OG0005595	rna-XM_0382629581	rna-XM_0382629581	rna-XM_0382629581	rna-XM_0382629581	ENSXNUT00000010331
OG0005596	rna-XM_0382648341	rna-XM_0382648341	rna-XM_0382648341	rna-XM_0382648341	ENSXNUT00000011192
OG0005597	rna-XM_0382646331	rna-XM_0382646331	rna-XM_0382646331	rna-XM_0382646331	ENSXNUT00000008206
OG0005598	rna-XM_0382574421	rna-XM_0382574421	rna-XM_0382574421	rna-XM_0382574421	ENSXNUT00000004297
OG0005599	rna-XM_0018491182	rna-XM_0018491182	rna-XM_0018491182	rna-XM_0018491182	ENSXNUT00000009318
OG0005600	rna-XM_0382575951	rna-XM_0382575951	rna-XM_0382575951	rna-XM_0382575951	ENSXNUT00000004886
OG0005601	rna-XM_0382580511	rna-XM_0382580511	rna-XM_0382580511	rna-XM_0382580511	ENSXNUT00000004412
OG0005602	rna-XM_0382560711	rna-XM_0382560711	rna-XM_0382560711	rna-XM_0382560711	ENSXNUT00000015099
OG0005603	rna-XM_0018491242	rna-XM_0018491242	rna-XM_0018491242	rna-XM_0018491242	ENSXNUT00000017393
OG0005604	rna-XM_0382639301	rna-XM_0382639301	rna-XM_0382639301	rna-XM_0382639301	ENSXNUT00000018096
OG0005605	rna-XM_0382560761	rna-XM_0382560761	rna-XM_0382560761	rna-XM_0382560761	ENSXNUT00000017682
OG0005606	rna-XM_0018491302	rna-XM_0018491302	rna-XM_0018491302	rna-XM_0018491302	ENSXNUT00000014916
OG0005607	rna-XM_0018491312	rna-XM_0018491312	rna-XM_0018491312	rna-XM_0018491312	ENSXNUT00000016126
OG0005608	rna-XM_0382502591	rna-XM_0382502591	rna-XM_0382502591	rna-XM_0382502591	ENSXNUT00000017893
OG0005610	rna-XM_0382558631	rna-XM_0382558631	rna-XM_0382558631	rna-XM_0382558631	ENSXNUT00000002830
OG0005611	rna-XM_0382564421	rna-XM_0382564421	rna-XM_0382564421	rna-XM_0382564421	ENSXNUT00000008034
OG0005612	rna-XM_0382507471	rna-XM_0382507501	rna-XM_0382507471	rna-XM_0382507471	ENSXNUT00000004040
OG0005613	rna-XM_0018491822	rna-XM_0018491822	rna-XM_0018491822	rna-XM_0018491822	ENSXNUT00000017710
OG0005614	rna-XM_0382480641	rna-XM_0382480641	rna-XM_0382480641	rna-XM_0382480641	ENSXNUT00000013779
OG0005615	rna-XM_0018491962	rna-XM_0018491962	rna-XM_0018491962	rna-XM_0018491962	ENSXNUT00000008046
OG0005616	rna-XM_0382625421	rna-XM_0382625421	rna-XM_0382625421	rna-XM_0382625421	ENSXNUT00000010788
OG0005617	rna-XM_0018491982	rna-XM_0018491982	rna-XM_0018491982	rna-XM_0018491982	ENSXNUT00000006657
OG0005618	rna-XM_0018491922	rna-XM_0018491922	rna-XM_0018491922	rna-XM_0018491922	ENSXNUT00000012749
OG0005619	rna-XM_0018491932	rna-XM_0018491932	rna-XM_0018491932	rna-XM_0018491932	ENSXNUT00000007808
OG0005620	rna-XM_0018492052	rna-XM_0018492052	rna-XM_0018492052	rna-XM_0018492052	ENSXNUT00000013339
OG0005621	rna-XM_0382623411	rna-XM_0382623411	rna-XM_0382623411	rna-XM_0382623411	ENSXNUT00000014796
OG0005622	rna-XM_0018492102	rna-XM_0018492102	rna-XM_0018492102	rna-XM_0018492102	ENSXNUT00000009780
OG0005623	rna-XM_0018492152	rna-XM_0018492152	rna-XM_0018492152	rna-XM_0018492152	ENSXNUT00000016535
OG0005624	rna-XM_0382621031	rna-XM_0382621031	rna-XM_0382621031	rna-XM_0382621031	ENSXNUT00000011351
OG0005625	rna-XM_0018492182	rna-XM_0018492182	rna-XM_0018492182	rna-XM_0018492182	ENSXNUT00000015235
OG0005626	rna-XM_0018492192	rna-XM_0018492192	rna-XM_0018492192	rna-XM_0018492192	ENSXNUT00000006577
OG0005627	rna-XM_0018492212	rna-XM_0018492212	rna-XM_0018492212	rna-XM_0018492212	ENSXNUT00000007759
OG0005628	rna-XM_0018492222	rna-XM_0018492222	rna-XM_0018492222	rna-XM_0018492222	ENSXNUT00000014479
OG0005629	rna-XM_0018492262	rna-XM_0018492262	rna-XM_0018492262	rna-XM_0018492262	ENSXNUT00000007881
OG0005630	rna-XM_0382632881	rna-XM_0382632881	rna-XM_0382632881	rna-XM_0382632881	ENSXNUT00000010432
OG0005631	rna-XM_0018492372	rna-XM_0018492372	rna-XM_0018492372	rna-XM_0018492372	ENSXNUT00000010692
OG0005632	rna-XM_0018492382	rna-XM_0018492382	rna-XM_0018492382	rna-XM_0018492382	ENSXNUT00000010257
OG0005633	rna-XM_0382624331	rna-XM_0382624331	rna-XM_0382624331	rna-XM_0382624331	ENSXNUT00000009710
OG0005634	rna-XM_0382587331	rna-XM_0382587331	rna-XM_0382587331	rna-XM_0382587331	ENSXNUT00000006185
OG0005635	rna-XM_0382587281	rna-XM_0382587281	rna-XM_0382587281	rna-XM_0382587281	ENSXNUT00000010001
OG0005636	rna-XM_0382587361	rna-XM_0382587361	rna-XM_0382587361	rna-XM_0382587361	ENSXNUT00000007517
OG0005637	rna-XM_0018492482	rna-XM_0018492482	rna-XM_0018492482	rna-XM_0018492482	ENSXNUT00000015899
OG0005639	rna-XM_0382661641	rna-XM_0382661641	rna-XM_0382661641	rna-XM_0382661641	ENSXNUT00000010571
OG0005640	rna-XM_0382661621	rna-XM_0382661621	rna-XM_0382661621	rna-XM_0382661621	ENSXNUT00000008956
OG0005641	rna-XM_0382661631	rna-XM_0382661631	rna-XM_0382661631	rna-XM_0382661631	ENSXNUT00000008368
OG0005642	rna-XM_0382659351	rna-XM_0382659351	rna-XM_0382659351	rna-XM_0382659351	ENSXNUT00000006879
OG0005643	rna-XM_0382630241	rna-XM_0382630241	rna-XM_0382630241	rna-XM_0382630241	ENSXNUT00000010664
OG0005644	rna-XM_0382658091	rna-XM_0382658091	rna-XM_0382658091	rna-XM_0382658091	ENSXNUT00000009500
OG0005645	rna-XM_0382658141	rna-XM_0382658141	rna-XM_0382658141	rna-XM_0382658141	ENSXNUT00000006362
OG0005646	rna-XM_0382658101	rna-XM_0382658101	rna-XM_0382658101	rna-XM_0382658101	ENSXNUT00000010046
OG0005647	rna-XM_0018492762	rna-XM_0018492762	rna-XM_0018492762	rna-XM_0018492762	ENSXNUT00000006355
OG0005648	rna-XM_0382638811	rna-XM_0382638811	rna-XM_0382638811	rna-XM_0382638811	ENSXNUT00000008631
OG0005649	rna-XM_0382605971	rna-XM_0382605971	rna-XM_0382605971	rna-XM_0382605971	ENSXNUT00000015872
OG0005650	rna-XM_0382592201	rna-XM_0382592201	rna-XM_0382592201	rna-XM_0382592201	ENSXNUT00000009037
OG0005651	rna-XM_0018492812	rna-XM_0018492812	rna-XM_0018492812	rna-XM_0018492812	ENSXNUT00000006330
OG0005652	rna-XM_0382617351	rna-XM_0382617351	rna-XM_0382617351	rna-XM_0382617351	ENSXNUT00000006005
OG0005653	rna-XM_0382643981	rna-XM_0382643981	rna-XM_0382643981	rna-XM_0382643981	ENSXNUT00000011638
OG0005654	rna-XM_0382655871	rna-XM_0382655871	rna-XM_0382655871	rna-XM_0382655871	ENSXNUT00000006679
OG0005655	rna-XM_0382541831	rna-XM_0382541831	rna-XM_0382541911	rna-XM_0382541831	ENSXNUT00000008450
OG0005656	rna-XM_0382555381	rna-XM_0382555381	rna-XM_0382555381	rna-XM_0382555411	ENSXNUT00000005719
OG0005657	rna-XM_0382577301	rna-XM_0382577301	rna-XM_0382577301	rna-XM_0382577301	ENSXNUT00000000611
OG0005658	rna-XM_0382574441	rna-XM_0382574441	rna-XM_0382574441	rna-XM_0382574441	ENSXNUT00000005359
OG0005659	rna-XM_0018493072	rna-XM_0018493072	rna-XM_0018493072	rna-XM_0018493072	ENSXNUT00000002216
OG0005660	rna-XM_0382566481	rna-XM_0382566481	rna-XM_0382566481	rna-XM_0382566481	ENSXNUT00000003436
OG0005661	rna-XM_0382552631	rna-XM_0382552631	rna-XM_0382552631	rna-XM_0382552631	ENSXNUT00000006771
OG0005662	rna-XM_0382649981	rna-XM_0382649981	rna-XM_0382649981	rna-XM_0382649981	ENSXNUT00000015307
OG0005663	rna-XM_0018493212	rna-XM_0018493212	rna-XM_0018493212	rna-XM_0018493212	ENSXNUT00000007788
OG0005664	rna-XM_0382611571	rna-XM_0382611571	rna-XM_0382611571	rna-XM_0382611571	ENSXNUT00000009839
OG0005665	rna-XM_0382592221	rna-XM_0382592221	rna-XM_0382592221	rna-XM_0382592221	ENSXNUT00000014085
OG0005666	rna-XM_0018493302	rna-XM_0018493302	rna-XM_0018493302	rna-XM_0018493302	ENSXNUT00000005842
OG0005667	rna-XM_0382487261	rna-XM_0382487261	rna-XM_0382487261	rna-XM_0382487261	ENSXNUT00000013182
OG0005668	rna-XM_0382487211	rna-XM_0382487231	rna-XM_0382487211	rna-XM_0382487211	ENSXNUT00000015837
OG0005669	rna-XM_0018493412	rna-XM_0018493412	rna-XM_0018493412	rna-XM_0018493412	ENSXNUT00000016202
OG0005670	rna-XM_0018493422	rna-XM_0018493422	rna-XM_0018493422	rna-XM_0018493422	ENSXNUT00000017855
OG0005671	rna-XM_0018493432	rna-XM_0018493432	rna-XM_0018493432	rna-XM_0018493432	ENSXNUT00000018907
OG0005672	rna-XM_0018493502	rna-XM_0018493502	rna-XM_0018493502	rna-XM_0018493502	ENSXNUT00000012233
OG0005673	rna-XM_0382483391	rna-XM_0382483391	rna-XM_0382483391	rna-XM_0382483391	ENSXNUT00000013692
OG0005674	rna-XM_0018493532	rna-XM_0018493532	rna-XM_0018493532	rna-XM_0018493532	ENSXNUT00000011952
OG0005675	rna-XM_0018493552	rna-XM_0018493552	rna-XM_0018493552	rna-XM_0018493552	ENSXNUT00000016961
OG0005676	rna-XM_0018493562	rna-XM_0018493562	rna-XM_0018493562	rna-XM_0018493562	ENSXNUT00000013827
OG0005677	rna-XM_0018493602	rna-XM_0018493602	rna-XM_0018493602	rna-XM_0018493602	ENSXNUT00000016812
OG0005678	rna-XM_0018493702	rna-XM_0018493702	rna-XM_0018493702	rna-XM_0018493702	ENSXNUT00000017628
OG0005679	rna-XM_0382483371	rna-XM_0382483371	rna-XM_0382483371	rna-XM_0382483371	ENSXNUT00000018878
OG0005680	rna-XM_0382483221	rna-XM_0382483221	rna-XM_0382483221	rna-XM_0382483221	ENSXNUT00000017474
OG0005681	rna-XM_0018493752	rna-XM_0018493752	rna-XM_0018493752	rna-XM_0018493752	ENSXNUT00000016278
OG0005682	rna-XM_0382574011	rna-XM_0382574011	rna-XM_0382574011	rna-XM_0382574011	ENSXNUT00000013380
OG0005683	rna-XM_0018493782	rna-XM_0018493782	rna-XM_0018493782	rna-XM_0018493782	ENSXNUT00000017446
OG0005684	rna-XM_0018493792	rna-XM_0018493792	rna-XM_0018493792	rna-XM_0018493792	ENSXNUT00000013993
OG0005685	rna-XM_0018493802	rna-XM_0018493802	rna-XM_0018493802	rna-XM_0018493802	ENSXNUT00000013916
OG0005686	rna-XM_0382554521	rna-XM_0382554521	rna-XM_0382554521	rna-XM_0382554521	ENSXNUT00000018867
OG0005687	rna-XM_0018493822	rna-XM_0018493822	rna-XM_0018493822	rna-XM_0018493822	ENSXNUT00000014989
OG0005688	rna-XM_0018493852	rna-XM_0018493852	rna-XM_0018493852	rna-XM_0018493852	ENSXNUT00000006871
OG0005689	rna-XM_0018493872	rna-XM_0018493872	rna-XM_0018493872	rna-XM_0018493872	ENSXNUT00000005333
OG0005690	rna-XM_0382538231	rna-XM_0382538231	rna-XM_0382538231	rna-XM_0382538231	ENSXNUT00000002558
OG0005691	rna-XM_0018493892	rna-XM_0018493892	rna-XM_0018493892	rna-XM_0018493892	ENSXNUT00000001265
OG0005692	rna-XM_0382522021	rna-XM_0382522021	rna-XM_0382522021	rna-XM_0382522021	ENSXNUT00000002232
OG0005693	rna-XM_0382574151	rna-XM_0382574151	rna-XM_0382574151	rna-XM_0382574151	ENSXNUT00000005594
OG0005694	rna-XM_0382527371	rna-XM_0382527371	rna-XM_0382527371	rna-XM_0382527381	ENSXNUT00000004044
OG0005695	rna-XM_0018493972	rna-XM_0018493972	rna-XM_0018493972	rna-XM_0018493972	ENSXNUT00000010673
OG0005696	rna-XM_0018493982	rna-XM_0018493982	rna-XM_0018493982	rna-XM_0018493982	ENSXNUT00000002097
OG0005697	rna-XM_0018493992	rna-XM_0018493992	rna-XM_0018493992	rna-XM_0018493992	ENSXNUT00000000207
OG0005698	rna-XM_0018494002	rna-XM_0018494002	rna-XM_0018494002	rna-XM_0018494002	ENSXNUT00000004186
OG0005699	rna-XM_0018494012	rna-XM_0018494012	rna-XM_0018494012	rna-XM_0018494012	ENSXNUT00000010579
OG0005700	rna-XM_0382564361	rna-XM_0382564361	rna-XM_0382564361	rna-XM_0382564361	ENSXNUT00000003045
OG0005701	rna-XM_0382557581	rna-XM_0382557581	rna-XM_0382557581	rna-XM_0382557581	ENSXNUT00000004796
OG0005702	rna-XM_0382571831	rna-XM_0382571831	rna-XM_0382571831	rna-XM_0382571831	ENSXNUT00000000718
OG0005703	rna-XM_0382534601	rna-XM_0382534601	rna-XM_0382534601	rna-XM_0382534601	ENSXNUT00000003729
OG0005704	rna-XM_0382516761	rna-XM_0382516791	rna-XM_0382516791	rna-XM_0382516761	ENSXNUT00000002096
OG0005705	rna-XM_0018494352	rna-XM_0018494352	rna-XM_0018494352	rna-XM_0018494352	ENSXNUT00000002804
OG0005706	rna-XM_0018494462	rna-XM_0018494462	rna-XM_0018494462	rna-XM_0018494462	ENSXNUT00000015136
OG0005707	rna-XM_0018494472	rna-XM_0018494472	rna-XM_0018494472	rna-XM_0018494472	ENSXNUT00000016031
OG0005708	rna-XM_0382654241	rna-XM_0382654241	rna-XM_0382654241	rna-XM_0382654241	ENSXNUT00000006761
OG0005709	rna-XM_0382650121	rna-XM_0382650121	rna-XM_0382650121	rna-XM_0382650121	ENSXNUT00000008240
OG0005710	rna-XM_0382524281	rna-XM_0382524281	rna-XM_0382524281	rna-XM_0382524281	ENSXNUT00000004701
OG0005711	rna-XM_0018494582	rna-XM_0018494582	rna-XM_0018494582	rna-XM_0018494582	ENSXNUT00000004135
OG0005712	rna-XM_0382524291	rna-XM_0382524291	rna-XM_0382524291	rna-XM_0382524291	ENSXNUT00000003454
OG0005713	rna-XM_0382529921	rna-XM_0382529921	rna-XM_0382529921	rna-XM_0382529921	ENSXNUT00000000150
OG0005714	rna-XM_0018494692	rna-XM_0018494692	rna-XM_0018494692	rna-XM_0018494692	ENSXNUT00000001928
OG0005715	rna-XM_0382523721	rna-XM_0382523721	rna-XM_0382523721	rna-XM_0382523721	ENSXNUT00000003461
OG0005716	rna-XM_0382576491	rna-XM_0382576491	rna-XM_0382576491	rna-XM_0382576491	ENSXNUT00000010693
OG0005717	rna-XM_0382564341	rna-XM_0382564341	rna-XM_0382564341	rna-XM_0382564341	ENSXNUT00000003268
OG0005718	rna-XM_0018494742	rna-XM_0018494742	rna-XM_0018494742	rna-XM_0018494742	ENSXNUT00000010212
OG0005719	rna-XM_0018494752	rna-XM_0018494752	rna-XM_0018494752	rna-XM_0018494752	ENSXNUT00000007206
OG0005720	rna-XM_0018494772	rna-XM_0018494772	rna-XM_0018494772	rna-XM_0018494772	ENSXNUT00000003585
OG0005721	rna-XM_0382522881	rna-XM_0382522881	rna-XM_0382522881	rna-XM_0382522881	ENSXNUT00000008887
OG0005722	rna-XM_0382575911	rna-XM_0382575911	rna-XM_0382575911	rna-XM_0382575911	ENSXNUT00000002745
OG0005723	rna-XM_0382517011	rna-XM_0382517011	rna-XM_0382517011	rna-XM_0382517011	ENSXNUT00000001031
OG0005724	rna-XM_0382558231	rna-XM_0382558231	rna-XM_0382558231	rna-XM_0382558231	ENSXNUT00000005111
OG0005725	rna-XM_0018494972	rna-XM_0018494972	rna-XM_0018494972	rna-XM_0018494972	ENSXNUT00000000198
OG0005726	rna-XM_0382530201	rna-XM_0382530221	rna-XM_0382530201	rna-XM_0382530201	ENSXNUT00000001499
OG0005727	rna-XM_0382564741	rna-XM_0382564741	rna-XM_0382564741	rna-XM_0382564741	ENSXNUT00000001235
OG0005728	rna-XM_0018495182	rna-XM_0018495182	rna-XM_0018495182	rna-XM_0018495182	ENSXNUT00000007717
OG0005729	rna-XM_0018495192	rna-XM_0018495192	rna-XM_0018495192	rna-XM_0018495192	ENSXNUT00000010374
OG0005730	rna-XM_0382617701	rna-XM_0382617701	rna-XM_0382617701	rna-XM_0382617701	ENSXNUT00000010824
OG0005731	rna-XM_0382587901	rna-XM_0382587901	rna-XM_0382587901	rna-XM_0382587901	ENSXNUT00000010989
OG0005732	rna-XM_0018495342	rna-XM_0018495342	rna-XM_0018495342	rna-XM_0018495342	ENSXNUT00000005772
OG0005733	rna-XM_0018495352	rna-XM_0018495352	rna-XM_0018495352	rna-XM_0018495352	ENSXNUT00000007394
OG0005734	rna-XM_0382531061	rna-XM_0382531061	rna-XM_0382531061	rna-XM_0382531061	ENSXNUT00000000093
OG0005735	rna-XM_0018495402	rna-XM_0018495402	rna-XM_0018495402	rna-XM_0018495402	ENSXNUT00000000243
OG0005736	rna-XM_0018495552	rna-XM_0018495552	rna-XM_0018495552	rna-XM_0018495552	ENSXNUT00000010797
OG0005737	rna-XM_0382660511	rna-XM_0382660511	rna-XM_0382660511	rna-XM_0382660511	ENSXNUT00000014727
OG0005738	rna-XM_0382660481	rna-XM_0382660481	rna-XM_0382660481	rna-XM_0382660481	ENSXNUT00000009099
OG0005739	rna-XM_0382660571	rna-XM_0382660571	rna-XM_0382660571	rna-XM_0382660571	ENSXNUT00000007097
OG0005740	rna-XM_0018495652	rna-XM_0018495652	rna-XM_0018495652	rna-XM_0018495652	ENSXNUT00000010862
OG0005741	rna-XM_0382660561	rna-XM_0382660561	rna-XM_0382660561	rna-XM_0382660561	ENSXNUT00000009393
OG0005742	rna-XM_0382619451	rna-XM_0382619451	rna-XM_0382619451	rna-XM_0382619451	ENSXNUT00000009422
OG0005743	rna-XM_0018495682	rna-XM_0018495682	rna-XM_0018495682	rna-XM_0018495682	ENSXNUT00000010493
OG0005744	rna-XM_0382562211	rna-XM_0382562211	rna-XM_0382562211	rna-XM_0382562231	ENSXNUT00000000719
OG0005745	rna-XM_0382524221	rna-XM_0382524221	rna-XM_0382524221	rna-XM_0382524221	ENSXNUT00000004880
OG0005746	rna-XM_0382562191	rna-XM_0382562191	rna-XM_0382562191	rna-XM_0382562191	ENSXNUT00000004627
OG0005747	rna-XM_0382562201	rna-XM_0382562201	rna-XM_0382562201	rna-XM_0382562201	ENSXNUT00000005429
OG0005748	rna-XM_0018495862	rna-XM_0018495862	rna-XM_0018495862	rna-XM_0018495862	ENSXNUT00000002675
OG0005749	rna-XM_0018495842	rna-XM_0018495842	rna-XM_0018495842	rna-XM_0018495842	ENSXNUT00000003645
OG0005750	rna-XM_0382525391	rna-XM_0382525391	rna-XM_0382525391	rna-XM_0382525391	ENSXNUT00000001097
OG0005751	rna-XM_0018495882	rna-XM_0018495882	rna-XM_0018495882	rna-XM_0018495882	ENSXNUT00000003564
OG0005752	rna-XM_0018495892	rna-XM_0018495892	rna-XM_0018495892	rna-XM_0018495892	ENSXNUT00000006494
OG0005753	rna-XM_0382574901	rna-XM_0382574901	rna-XM_0382574901	rna-XM_0382574901	ENSXNUT00000005546
OG0005754	rna-XM_0018495992	rna-XM_0018495992	rna-XM_0018495992	rna-XM_0018495992	ENSXNUT00000013816
OG0005755	rna-XM_0382592721	rna-XM_0382592721	rna-XM_0382592721	rna-XM_0382592721	ENSXNUT00000010016
OG0005756	rna-XM_0018495982	rna-XM_0018495982	rna-XM_0018495982	rna-XM_0018495982	ENSXNUT00000010749
OG0005757	rna-XM_0018496052	rna-XM_0018496052	rna-XM_0018496052	rna-XM_0018496052	ENSXNUT00000009142
OG0005758	rna-XM_0018496062	rna-XM_0018496062	rna-XM_0018496062	rna-XM_0018496062	ENSXNUT00000006496
OG0005759	rna-XM_0382618241	rna-XM_0382618241	rna-XM_0382618241	rna-XM_0382618241	ENSXNUT00000011899
OG0005760	rna-XM_0382664771	rna-XM_0382664771	rna-XM_0382664771	rna-XM_0382664771	ENSXNUT00000014957
OG0005761	rna-XM_0018496202	rna-XM_0018496202	rna-XM_0018496202	rna-XM_0018496202	ENSXNUT00000006586
OG0005762	rna-XM_0382621931	rna-XM_0382621961	rna-XM_0382621931	rna-XM_0382621931	ENSXNUT00000009950
OG0005763	rna-XM_0018496372	rna-XM_0018496372	rna-XM_0018496372	rna-XM_0018496372	ENSXNUT00000015438
OG0005764	rna-XM_0018496402	rna-XM_0018496402	rna-XM_0018496402	rna-XM_0018496402	ENSXNUT00000018719
OG0005765	rna-XM_0018496452	rna-XM_0018496452	rna-XM_0018496452	rna-XM_0018496452	ENSXNUT00000015306
OG0005766	rna-XM_0018496482	rna-XM_0018496482	rna-XM_0018496482	rna-XM_0018496482	ENSXNUT00000017722
OG0005767	rna-XM_0382486461	rna-XM_0382486461	rna-XM_0382486461	rna-XM_0382486461	ENSXNUT00000018640
OG0005768	rna-XM_0018496592	rna-XM_0018496592	rna-XM_0018496592	rna-XM_0018496592	ENSXNUT00000001444
OG0005769	rna-XM_0382559881	rna-XM_0382559881	rna-XM_0382559881	rna-XM_0382559881	ENSXNUT00000003683
OG0005770	rna-XM_0018496722	rna-XM_0018496722	rna-XM_0018496722	rna-XM_0018496722	ENSXNUT00000009508
OG0005771	rna-XM_0018496732	rna-XM_0018496732	rna-XM_0018496732	rna-XM_0018496732	ENSXNUT00000011072
OG0005772	rna-XM_0382619221	rna-XM_0382619271	rna-XM_0382619271	rna-XM_0382619271	ENSXNUT00000009186
OG0005773	rna-XM_0382626031	rna-XM_0382626031	rna-XM_0382626031	rna-XM_0382626031	ENSXNUT00000016184
OG0005774	rna-XM_0382626341	rna-XM_0382626341	rna-XM_0382626341	rna-XM_0382626341	ENSXNUT00000008133
OG0005775	rna-XM_0018496882	rna-XM_0018496882	rna-XM_0018496882	rna-XM_0018496882	ENSXNUT00000014924
OG0005776	rna-XM_0382631081	rna-XM_0382631081	rna-XM_0382631081	rna-XM_0382631081	ENSXNUT00000009766
OG0005777	rna-XM_0382648551	rna-XM_0382648551	rna-XM_0382648551	rna-XM_0382648551	ENSXNUT00000010507
OG0005778	rna-XM_0382588921	rna-XM_0382588921	rna-XM_0382588921	rna-XM_0382588921	ENSXNUT00000011429
OG0005779	rna-XM_0382627471	rna-XM_0382627471	rna-XM_0382627471	rna-XM_0382627471	ENSXNUT00000005986
OG0005780	rna-XM_0018497012	rna-XM_0018497012	rna-XM_0018497012	rna-XM_0018497012	ENSXNUT00000006470
OG0005781	rna-XM_0382551811	rna-XM_0382551811	rna-XM_0382551811	rna-XM_0382551811	ENSXNUT00000002917
OG0005782	rna-XM_0018497112	rna-XM_0018497112	rna-XM_0018497112	rna-XM_0018497112	ENSXNUT00000004370
OG0005783	rna-XM_0018497202	rna-XM_0018497202	rna-XM_0018497202	rna-XM_0018497202	ENSXNUT00000007413
OG0005784	rna-XM_0018497212	rna-XM_0018497212	rna-XM_0018497212	rna-XM_0018497212	ENSXNUT00000001945
OG0005785	rna-XM_0382512951	rna-XM_0382512951	rna-XM_0382512951	rna-XM_0382512951	ENSXNUT00000003372
OG0005786	rna-XM_0382512961	rna-XM_0382512961	rna-XM_0382512961	rna-XM_0382512961	ENSXNUT00000005235
OG0005787	rna-XM_0382568261	rna-XM_0382568261	rna-XM_0382568261	rna-XM_0382568261	ENSXNUT00000005893
OG0005788	rna-XM_0382498151	rna-XM_0382498151	rna-XM_0382498151	rna-XM_0382498151	ENSXNUT00000014250
OG0005789	rna-XM_0382499951	rna-XM_0382499951	rna-XM_0382499951	rna-XM_0382499951	ENSXNUT00000018522
OG0005790	rna-XM_0382490051	rna-XM_0382490051	rna-XM_0382490051	rna-XM_0382490051	ENSXNUT00000014412
OG0005791	rna-XM_0018497622	rna-XM_0018497622	rna-XM_0018497622	rna-XM_0018497622	ENSXNUT00000016559
OG0005792	rna-XM_0382490021	rna-XM_0382490021	rna-XM_0382490021	rna-XM_0382490021	ENSXNUT00000014368
OG0005793	rna-XM_0382489991	rna-XM_0382489991	rna-XM_0382489991	rna-XM_0382489991	ENSXNUT00000017620
OG0005794	rna-XM_0018497662	rna-XM_0018497662	rna-XM_0018497662	rna-XM_0018497662	ENSXNUT00000017795
OG0005795	rna-XM_0382650061	rna-XM_0382650061	rna-XM_0382650061	rna-XM_0382650061	ENSXNUT00000013967
OG0005796	rna-XM_0018497682	rna-XM_0018497682	rna-XM_0018497682	rna-XM_0018497682	ENSXNUT00000017733
OG0005797	rna-XM_0018497342	rna-XM_0018497342	rna-XM_0018497342	rna-XM_0018497342	ENSXNUT00000002629
OG0005798	rna-XM_0382659751	rna-XM_0382659751	rna-XM_0382659751	rna-XM_0382659751	ENSXNUT00000017683
OG0005799	rna-XM_0382480751	rna-XM_0382480771	rna-XM_0382480771	rna-XM_0382480751	ENSXNUT00000017904
OG0005800	rna-XM_0018497792	rna-XM_0018497792	rna-XM_0018497792	rna-XM_0018497792	ENSXNUT00000014032
OG0005801	rna-XM_0018497802	rna-XM_0018497802	rna-XM_0018497802	rna-XM_0018497802	ENSXNUT00000015483
OG0005802	rna-XM_0018497812	rna-XM_0018497812	rna-XM_0018497812	rna-XM_0018497812	ENSXNUT00000013718
OG0005803	rna-XM_0382551591	rna-XM_0382551591	rna-XM_0382551591	rna-XM_0382551591	ENSXNUT00000018344
OG0005804	rna-XM_0018497962	rna-XM_0018497962	rna-XM_0018497962	rna-XM_0018497962	ENSXNUT00000018229
OG0005805	rna-XM_0382550401	rna-XM_0382550401	rna-XM_0382550401	rna-XM_0382550401	ENSXNUT00000015973
OG0005806	rna-XM_0382550931	rna-XM_0382550931	rna-XM_0382550931	rna-XM_0382550931	ENSXNUT00000016210
OG0005807	rna-XM_0382669841	rna-XM_0382669841	rna-XM_0382669841	rna-XM_0382669841	ENSXNUT00000015896
OG0005808	rna-XM_0018498062	rna-XM_0018498062	rna-XM_0018498062	rna-XM_0018498062	ENSXNUT00000010653
OG0005809	rna-XM_0382590741	rna-XM_0382590741	rna-XM_0382590741	rna-XM_0382590741	ENSXNUT00000013334
OG0005810	rna-XM_0382593251	rna-XM_0382593251	rna-XM_0382593251	rna-XM_0382593251	ENSXNUT00000011272
OG0005811	rna-XM_0382590701	rna-XM_0382590701	rna-XM_0382590701	rna-XM_0382590701	ENSXNUT00000007696
OG0005812	rna-XM_0018498092	rna-XM_0018498092	rna-XM_0018498092	rna-XM_0018498092	ENSXNUT00000007529
OG0005813	rna-XM_0018498102	rna-XM_0018498102	rna-XM_0018498102	rna-XM_0018498102	ENSXNUT00000006837
OG0005814	rna-XM_0018498122	rna-XM_0018498122	rna-XM_0018498122	rna-XM_0018498122	ENSXNUT00000011506
OG0005815	rna-XM_0018498142	rna-XM_0018498142	rna-XM_0018498142	rna-XM_0018498142	ENSXNUT00000011259
OG0005816	rna-XM_0382602441	rna-XM_0382602441	rna-XM_0382602441	rna-XM_0382602441	ENSXNUT00000016248
OG0005817	rna-XM_0382636371	rna-XM_0382636371	rna-XM_0382636371	rna-XM_0382636371	ENSXNUT00000011229
OG0005818	rna-XM_0018498172	rna-XM_0018498172	rna-XM_0018498172	rna-XM_0018498172	ENSXNUT00000013325
OG0005819	rna-XM_0018498202	rna-XM_0018498202	rna-XM_0018498202	rna-XM_0018498202	ENSXNUT00000011848
OG0005820	rna-XM_0018498242	rna-XM_0018498242	rna-XM_0018498242	rna-XM_0018498242	ENSXNUT00000007961
OG0005821	rna-XM_0018498272	rna-XM_0018498272	rna-XM_0018498272	rna-XM_0018498272	ENSXNUT00000016218
OG0005822	rna-XM_0382637561	rna-XM_0382637561	rna-XM_0382637561	rna-XM_0382637581	ENSXNUT00000006851
OG0005823	rna-XM_0382592691	rna-XM_0382592691	rna-XM_0382592691	rna-XM_0382592691	ENSXNUT00000008323
OG0005824	rna-XM_0382592701	rna-XM_0382592701	rna-XM_0382592701	rna-XM_0382592701	ENSXNUT00000011210
OG0005825	rna-XM_0018498342	rna-XM_0018498342	rna-XM_0018498342	rna-XM_0018498342	ENSXNUT00000016376
OG0005826	rna-XM_0018498352	rna-XM_0018498352	rna-XM_0018498352	rna-XM_0018498352	ENSXNUT00000013883
OG0005827	rna-XM_0018498362	rna-XM_0018498362	rna-XM_0018498362	rna-XM_0018498362	ENSXNUT00000015211
OG0005828	rna-XM_0382592661	rna-XM_0382592661	rna-XM_0382592661	rna-XM_0382592661	ENSXNUT00000011824
OG0005829	rna-XM_0018498412	rna-XM_0018498412	rna-XM_0018498412	rna-XM_0018498412	ENSXNUT00000008726
OG0005830	rna-XM_0382624831	rna-XM_0382624831	rna-XM_0382624831	rna-XM_0382624831	ENSXNUT00000009949
OG0005831	rna-XM_0018498482	rna-XM_0018498482	rna-XM_0018498482	rna-XM_0018498482	ENSXNUT00000006046
OG0005832	rna-XM_0382639571	rna-XM_0382639631	rna-XM_0382639571	rna-XM_0382639571	ENSXNUT00000007619
OG0005833	rna-XM_0382563041	rna-XM_0382563041	rna-XM_0382563041	rna-XM_0382563041	ENSXNUT00000003068
OG0005834	rna-XM_0382583711	rna-XM_0382583711	rna-XM_0382583711	rna-XM_0382583711	ENSXNUT00000005106
OG0005835	rna-XM_0382577701	rna-XM_0382577701	rna-XM_0382577701	rna-XM_0382577701	ENSXNUT00000003592
OG0005836	rna-XM_0382537231	rna-XM_0382537231	rna-XM_0382537231	rna-XM_0382537231	ENSXNUT00000004856
OG0005837	rna-XM_0018498622	rna-XM_0018498622	rna-XM_0018498622	rna-XM_0018498622	ENSXNUT00000005041
OG0005838	rna-XM_0382571791	rna-XM_0382571791	rna-XM_0382571791	rna-XM_0382571791	ENSXNUT00000002559
OG0005839	rna-XM_0382579081	rna-XM_0382579081	rna-XM_0382579081	rna-XM_0382579081	ENSXNUT00000003610
OG0005840	rna-XM_0382539501	rna-XM_0382539501	rna-XM_0382539501	rna-XM_0382539501	ENSXNUT00000008071
OG0005841	rna-XM_0382542631	rna-XM_0382542631	rna-XM_0382542631	rna-XM_0382542631	ENSXNUT00000005350
OG0005842	rna-XM_0382567761	rna-XM_0382567761	rna-XM_0382567761	rna-XM_0382567761	ENSXNUT00000001600
OG0005843	rna-XM_0382566521	rna-XM_0382566521	rna-XM_0382566521	rna-XM_0382566521	ENSXNUT00000004798
OG0005844	rna-XM_0382532291	rna-XM_0382532291	rna-XM_0382532291	rna-XM_0382532291	ENSXNUT00000002269
OG0005845	rna-XM_0018498772	rna-XM_0018498772	rna-XM_0018498772	rna-XM_0018498772	ENSXNUT00000006850
OG0005846	rna-XM_0382576381	rna-XM_0382576381	rna-XM_0382576381	rna-XM_0382576381	ENSXNUT00000001057
OG0005847	rna-XM_0382521741	rna-XM_0382521741	rna-XM_0382521741	rna-XM_0382521741	ENSXNUT00000004932
OG0005848	rna-XM_0382521761	rna-XM_0382521761	rna-XM_0382521761	rna-XM_0382521761	ENSXNUT00000003579
OG0005849	rna-XM_0018498822	rna-XM_0018498822	rna-XM_0018498822	rna-XM_0018498822	ENSXNUT00000010044
OG0005850	rna-XM_0018498832	rna-XM_0018498832	rna-XM_0018498832	rna-XM_0018498832	ENSXNUT00000000260
OG0005851	rna-XM_0382560641	rna-XM_0382560641	rna-XM_0382560651	rna-XM_0382560641	ENSXNUT00000005462
OG0005852	rna-XM_0382556321	rna-XM_0382556321	rna-XM_0382556321	rna-XM_0382556321	ENSXNUT00000005642
OG0005853	rna-XM_0382573601	rna-XM_0382573601	rna-XM_0382573601	rna-XM_0382573601	ENSXNUT00000003083
OG0005854	rna-XM_0018498892	rna-XM_0018498892	rna-XM_0018498892	rna-XM_0018498892	ENSXNUT00000001191
OG0005855	rna-XM_0018498932	rna-XM_0018498932	rna-XM_0018498932	rna-XM_0018498932	ENSXNUT00000001692
OG0005856	rna-XM_0018498942	rna-XM_0018498942	rna-XM_0018498942	rna-XM_0018498942	ENSXNUT00000000338
OG0005857	rna-XM_0382553411	rna-XM_0382553411	rna-XM_0382553411	rna-XM_0382553411	ENSXNUT00000004386
OG0005858	rna-XM_0382547481	rna-XM_0382547481	rna-XM_0382547481	rna-XM_0382547481	ENSXNUT00000005700
OG0005859	rna-XM_0382636831	rna-XM_0382636831	rna-XM_0382636831	rna-XM_0382636831	ENSXNUT00000013778
OG0005860	rna-XM_0382658921	rna-XM_0382658921	rna-XM_0382658921	rna-XM_0382658921	ENSXNUT00000017272
OG0005861	rna-XM_0018499112	rna-XM_0018499112	rna-XM_0018499112	rna-XM_0018499112	ENSXNUT00000013520
OG0005862	rna-XM_0382652931	rna-XM_0382652931	rna-XM_0382652931	rna-XM_0382652931	ENSXNUT00000008675
OG0005863	rna-XM_0382658471	rna-XM_0382658471	rna-XM_0382658471	rna-XM_0382658471	ENSXNUT00000006152
OG0005864	rna-XM_0382627361	rna-XM_0382627361	rna-XM_0382627361	rna-XM_0382627361	ENSXNUT00000007382
OG0005865	rna-XM_0382618751	rna-XM_0382618751	rna-XM_0382618751	rna-XM_0382618751	ENSXNUT00000015137
OG0005866	rna-XM_0018499282	rna-XM_0018499282	rna-XM_0018499282	rna-XM_0018499282	ENSXNUT00000007296
OG0005867	rna-XM_0382601741	rna-XM_0382601761	rna-XM_0382601741	rna-XM_0382601761	ENSXNUT00000006195
OG0005868	rna-XM_0382598521	rna-XM_0382598521	rna-XM_0382598521	rna-XM_0382598521	ENSXNUT00000015983
OG0005869	rna-XM_0018499372	rna-XM_0018499372	rna-XM_0018499372	rna-XM_0018499372	ENSXNUT00000006354
OG0005870	rna-XM_0382612621	rna-XM_0382612621	rna-XM_0382612621	rna-XM_0382612621	ENSXNUT00000015759
OG0005871	rna-XM_0382630691	rna-XM_0382630691	rna-XM_0382630691	rna-XM_0382630691	ENSXNUT00000010913
OG0005872	rna-XM_0018499422	rna-XM_0018499422	rna-XM_0018499422	rna-XM_0018499422	ENSXNUT00000009168
OG0005873	rna-XM_0382623121	rna-XM_0382623121	rna-XM_0382623121	rna-XM_0382623121	ENSXNUT00000009320
OG0005874	rna-XM_0018499502	rna-XM_0018499502	rna-XM_0018499502	rna-XM_0018499502	ENSXNUT00000013276
OG0005875	rna-XM_0018499572	rna-XM_0018499572	rna-XM_0018499572	rna-XM_0018499572	ENSXNUT00000012171
OG0005876	rna-XM_0382615501	rna-XM_0382615501	rna-XM_0382615501	rna-XM_0382615501	ENSXNUT00000006935
OG0005877	rna-XM_0382615511	rna-XM_0382615511	rna-XM_0382615511	rna-XM_0382615511	ENSXNUT00000010136
OG0005878	rna-XM_0382613611	rna-XM_0382613611	rna-XM_0382613611	rna-XM_0382613611	ENSXNUT00000011220
OG0005879	rna-XM_0382593221	rna-XM_0382593221	rna-XM_0382593221	rna-XM_0382593221	ENSXNUT00000011169
OG0005880	rna-XM_0018499692	rna-XM_0018499692	rna-XM_0018499692	rna-XM_0018499692	ENSXNUT00000007244
OG0005881	rna-XM_0382667351	rna-XM_0382667361	rna-XM_0382667351	rna-XM_0382667361	ENSXNUT00000018445
OG0005882	rna-XM_0382483001	rna-XM_0382483001	rna-XM_0382483001	rna-XM_0382483001	ENSXNUT00000016305
OG0005883	rna-XM_0018499962	rna-XM_0018499962	rna-XM_0018499962	rna-XM_0018499962	ENSXNUT00000018763
OG0005884	rna-XM_0018500082	rna-XM_0018500082	rna-XM_0018500082	rna-XM_0018500082	ENSXNUT00000017347
OG0005885	rna-XM_0382515331	rna-XM_0382515331	rna-XM_0382515331	rna-XM_0382515331	ENSXNUT00000016371
OG0005886	rna-XM_0382609421	rna-XM_0382609421	rna-XM_0382609421	rna-XM_0382609421	ENSXNUT00000009538
OG0005887	rna-XM_0382639811	rna-XM_0382639811	rna-XM_0382639811	rna-XM_0382639811	ENSXNUT00000006534
OG0005888	rna-XM_0018500462	rna-XM_0018500462	rna-XM_0018500462	rna-XM_0018500462	ENSXNUT00000011466
OG0005889	rna-XM_0382631871	rna-XM_0382631871	rna-XM_0382631871	rna-XM_0382631871	ENSXNUT00000010172
OG0005890	rna-XM_0382617611	rna-XM_0382617611	rna-XM_0382617611	rna-XM_0382617611	ENSXNUT00000007032
OG0005891	rna-XM_0382619061	rna-XM_0382619061	rna-XM_0382619071	rna-XM_0382619071	ENSXNUT00000006917
OG0005892	rna-XM_0382597661	rna-XM_0382597661	rna-XM_0382597661	rna-XM_0382597661	ENSXNUT00000006051
OG0005893	rna-XM_0382561961	rna-XM_0382561961	rna-XM_0382561961	rna-XM_0382561961	ENSXNUT00000004991
OG0005894	rna-XM_0382562001	rna-XM_0382562001	rna-XM_0382562001	rna-XM_0382562001	ENSXNUT00000004577
OG0005895	rna-XM_0382561951	rna-XM_0382561951	rna-XM_0382561951	rna-XM_0382561951	ENSXNUT00000000480
OG0005896	rna-XM_0382569511	rna-XM_0382569511	rna-XM_0382569511	rna-XM_0382569511	ENSXNUT00000003116
OG0005897	rna-XM_0382552741	rna-XM_0382552741	rna-XM_0382552741	rna-XM_0382552741	ENSXNUT00000001437
OG0005898	rna-XM_0382579601	rna-XM_0382579601	rna-XM_0382579601	rna-XM_0382579601	ENSXNUT00000004622
OG0005899	rna-XM_0382527571	rna-XM_0382527571	rna-XM_0382527571	rna-XM_0382527571	ENSXNUT00000011034
OG0005900	rna-XM_0382572721	rna-XM_0382572721	rna-XM_0382572721	rna-XM_0382572721	ENSXNUT00000001803
OG0005901	rna-XM_0382666761	rna-XM_0382666761	rna-XM_0382666791	rna-XM_0382666761	ENSXNUT00000017442
OG0005902	rna-XM_0018500862	rna-XM_0018500862	rna-XM_0018500862	rna-XM_0018500862	ENSXNUT00000014289
OG0005903	rna-XM_0018500872	rna-XM_0018500872	rna-XM_0018500872	rna-XM_0018500872	ENSXNUT00000013776
OG0005904	rna-XM_0382666721	rna-XM_0382666721	rna-XM_0382666721	rna-XM_0382666721	ENSXNUT00000014670
OG0005905	rna-XM_0382666731	rna-XM_0382666731	rna-XM_0382666731	rna-XM_0382666731	ENSXNUT00000013732
OG0005906	rna-XM_0382591511	rna-XM_0382591511	rna-XM_0382591511	rna-XM_0382591511	ENSXNUT00000006754
OG0005907	rna-XM_0382591531	rna-XM_0382591531	rna-XM_0382591531	rna-XM_0382591531	ENSXNUT00000012443
OG0005908	rna-XM_0018501172	rna-XM_0018501172	rna-XM_0018501172	rna-XM_0018501172	ENSXNUT00000013536
OG0005909	rna-XM_0382604181	rna-XM_0382604181	rna-XM_0382604181	rna-XM_0382604181	ENSXNUT00000012319
OG0005910	rna-XM_0018501202	rna-XM_0018501202	rna-XM_0018501202	rna-XM_0018501202	ENSXNUT00000012605
OG0005911	rna-XM_0382662561	rna-XM_0382662561	rna-XM_0382662561	rna-XM_0382662561	ENSXNUT00000006381
OG0005912	rna-XM_0018501232	rna-XM_0018501232	rna-XM_0018501232	rna-XM_0018501232	ENSXNUT00000011379
OG0005913	rna-XM_0018501242	rna-XM_0018501242	rna-XM_0018501242	rna-XM_0018501242	ENSXNUT00000006605
OG0005914	rna-XM_0018501252	rna-XM_0018501252	rna-XM_0018501252	rna-XM_0018501252	ENSXNUT00000009098
OG0005915	rna-XM_0018501272	rna-XM_0018501272	rna-XM_0018501272	rna-XM_0018501272	ENSXNUT00000009893
OG0005916	rna-XM_0382630711	rna-XM_0382630711	rna-XM_0382630711	rna-XM_0382630711	ENSXNUT00000007267
OG0005917	rna-XM_0382493091	rna-XM_0382493091	rna-XM_0382493091	rna-XM_0382493091	ENSXNUT00000016358
OG0005918	rna-XM_0018501522	rna-XM_0018501522	rna-XM_0018501522	rna-XM_0018501522	ENSXNUT00000012942
OG0005919	rna-XM_0382493101	rna-XM_0382493101	rna-XM_0382493101	rna-XM_0382493101	ENSXNUT00000018435
OG0005920	rna-XM_0382571241	rna-XM_0382571241	rna-XM_0382571241	rna-XM_0382571241	ENSXNUT00000014625
OG0005921	rna-XM_0018501592	rna-XM_0018501592	rna-XM_0018501592	rna-XM_0018501592	ENSXNUT00000012186
OG0005922	rna-XM_0018501612	rna-XM_0018501612	rna-XM_0018501612	rna-XM_0018501612	ENSXNUT00000012727
OG0005923	rna-XM_0382605311	rna-XM_0382605311	rna-XM_0382605311	rna-XM_0382605311	ENSXNUT00000017084
OG0005924	rna-XM_0382485641	rna-XM_0382485641	rna-XM_0382485641	rna-XM_0382485641	ENSXNUT00000015411
OG0005925	rna-XM_0018501652	rna-XM_0018501652	rna-XM_0018501652	rna-XM_0018501652	ENSXNUT00000018121
OG0005926	rna-XM_0018501692	rna-XM_0018501692	rna-XM_0018501692	rna-XM_0018501692	ENSXNUT00000016546
OG0005927	rna-XM_0382670261	rna-XM_0382670261	rna-XM_0382670261	rna-XM_0382670261	ENSXNUT00000013922
OG0005930	rna-XM_0382666221	rna-XM_0382666221	rna-XM_0382666221	rna-XM_0382666221	ENSXNUT00000013255
OG0005931	rna-XM_0382522151	rna-XM_0382522151	rna-XM_0382522151	rna-XM_0382522151	ENSXNUT00000004099
OG0005932	rna-XM_0382576771	rna-XM_0382576771	rna-XM_0382576771	rna-XM_0382576771	ENSXNUT00000003346
OG0005933	rna-XM_0018502342	rna-XM_0018502342	rna-XM_0018502342	rna-XM_0018502342	ENSXNUT00000002869
OG0005934	rna-XM_0382522611	rna-XM_0382522611	rna-XM_0382522611	rna-XM_0382522611	ENSXNUT00000001079
OG0005935	rna-XM_0018502452	rna-XM_0018502452	rna-XM_0018502452	rna-XM_0018502452	ENSXNUT00000004425
OG0005936	rna-XM_0018502502	rna-XM_0018502502	rna-XM_0018502502	rna-XM_0018502502	ENSXNUT00000016054
OG0005937	rna-XM_0018502512	rna-XM_0018502512	rna-XM_0018502512	rna-XM_0018502512	ENSXNUT00000008386
OG0005938	rna-XM_0382640231	rna-XM_0382640231	rna-XM_0382640231	rna-XM_0382640231	ENSXNUT00000006801
OG0005939	rna-XM_0018502542	rna-XM_0018502542	rna-XM_0018502542	rna-XM_0018502542	ENSXNUT00000007130
OG0005940	rna-XM_0382605111	rna-XM_0382605111	rna-XM_0382605111	rna-XM_0382605111	ENSXNUT00000012500
OG0005941	rna-XM_0382633971	rna-XM_0382633971	rna-XM_0382633971	rna-XM_0382633971	ENSXNUT00000009497
OG0005942	rna-XM_0382624211	rna-XM_0382624211	rna-XM_0382624211	rna-XM_0382624211	ENSXNUT00000016206
OG0005943	rna-XM_0018502712	rna-XM_0018502712	rna-XM_0018502712	rna-XM_0018502712	ENSXNUT00000012550
OG0005944	rna-XM_0382627911	rna-XM_0382627911	rna-XM_0382627911	rna-XM_0382627911	ENSXNUT00000012816
OG0005945	rna-XM_0382616411	rna-XM_0382616411	rna-XM_0382616411	rna-XM_0382616411	ENSXNUT00000013060
OG0005946	rna-XM_0018502782	rna-XM_0018502782	rna-XM_0018502782	rna-XM_0018502782	ENSXNUT00000008359
OG0005947	rna-XM_0382664581	rna-XM_0382664581	rna-XM_0382664581	rna-XM_0382664581	ENSXNUT00000010216
OG0005948	rna-XM_0382664591	rna-XM_0382664591	rna-XM_0382664591	rna-XM_0382664591	ENSXNUT00000011516
OG0005949	rna-XM_0018502892	rna-XM_0018502892	rna-XM_0018502892	rna-XM_0018502892	ENSXNUT00000011469
OG0005950	rna-XM_0018502932	rna-XM_0018502932	rna-XM_0018502932	rna-XM_0018502932	ENSXNUT00000011080
OG0005951	rna-XM_0382648211	rna-XM_0382648211	rna-XM_0382648211	rna-XM_0382648211	ENSXNUT00000014777
OG0005952	rna-XM_0382660031	rna-XM_0382660031	rna-XM_0382660031	rna-XM_0382660031	ENSXNUT00000011113
OG0005953	rna-XM_0382628491	rna-XM_0382628491	rna-XM_0382628491	rna-XM_0382628491	ENSXNUT00000010040
OG0005954	rna-XM_0018503062	rna-XM_0018503062	rna-XM_0018503062	rna-XM_0018503062	ENSXNUT00000006495
OG0005955	rna-XM_0018503082	rna-XM_0018503082	rna-XM_0018503082	rna-XM_0018503082	ENSXNUT00000014080
OG0005956	rna-XM_0382629851	rna-XM_0382629851	rna-XM_0382629851	rna-XM_0382629851	ENSXNUT00000008847
OG0005957	rna-XM_0018503122	rna-XM_0018503122	rna-XM_0018503122	rna-XM_0018503122	ENSXNUT00000012592
OG0005958	rna-XM_0018503152	rna-XM_0018503152	rna-XM_0018503152	rna-XM_0018503152	ENSXNUT00000014566
OG0005959	rna-XM_0382663401	rna-XM_0382663401	rna-XM_0382663401	rna-XM_0382663401	ENSXNUT00000016696
OG0005960	rna-XM_0382615561	rna-XM_0382615561	rna-XM_0382615561	rna-XM_0382615571	ENSXNUT00000011560
OG0005961	rna-XM_0382509221	rna-XM_0382509221	rna-XM_0382509221	rna-XM_0382509221	ENSXNUT00000000866
OG0005962	rna-XM_0382527401	rna-XM_0382527401	rna-XM_0382527401	rna-XM_0382527401	ENSXNUT00000007438
OG0005963	rna-XM_0382556651	rna-XM_0382556651	rna-XM_0382556651	rna-XM_0382556651	ENSXNUT00000001345
OG0005964	rna-XM_0382556621	rna-XM_0382556621	rna-XM_0382556621	rna-XM_0382556621	ENSXNUT00000004679
OG0005965	rna-XM_0382636921	rna-XM_0382636921	rna-XM_0382636921	rna-XM_0382636921	ENSXNUT00000007238
OG0005966	rna-XM_0382661561	rna-XM_0382661561	rna-XM_0382661561	rna-XM_0382661561	ENSXNUT00000007054
OG0005967	rna-XM_0018503412	rna-XM_0018503412	rna-XM_0018503412	rna-XM_0018503412	ENSXNUT00000009668
OG0005968	rna-XM_0018503422	rna-XM_0018503422	rna-XM_0018503422	rna-XM_0018503422	ENSXNUT00000007125
OG0005969	rna-XM_0382627201	rna-XM_0382627201	rna-XM_0382627201	rna-XM_0382627201	ENSXNUT00000010600
OG0005970	rna-XM_0382602091	rna-XM_0382602091	rna-XM_0382602091	rna-XM_0382602091	ENSXNUT00000013815
OG0005971	rna-XM_0018503482	rna-XM_0018503482	rna-XM_0018503482	rna-XM_0018503482	ENSXNUT00000010262
OG0005972	rna-XM_0018503492	rna-XM_0018503492	rna-XM_0018503492	rna-XM_0018503492	ENSXNUT00000016898
OG0005973	rna-XM_0382632901	rna-XM_0382632901	rna-XM_0382632901	rna-XM_0382632901	ENSXNUT00000016367
OG0005974	rna-XM_0382641491	rna-XM_0382641491	rna-XM_0382641491	rna-XM_0382641491	ENSXNUT00000012470
OG0005976	rna-XM_0382593821	rna-XM_0382593821	rna-XM_0382593821	rna-XM_0382593821	ENSXNUT00000009555
OG0005977	rna-XM_0382599971	rna-XM_0382599971	rna-XM_0382599971	rna-XM_0382599971	ENSXNUT00000007837
OG0005978	rna-XM_0018503772	rna-XM_0018503772	rna-XM_0018503772	rna-XM_0018503772	ENSXNUT00000010012
OG0005979	rna-XM_0382524911	rna-XM_0382524911	rna-XM_0382524911	rna-XM_0382524911	ENSXNUT00000002209
OG0005980	rna-XM_0382524811	rna-XM_0382524871	rna-XM_0382524811	rna-XM_0382524811	ENSXNUT00000008640
OG0005981	rna-XM_0018503842	rna-XM_0018503842	rna-XM_0018503842	rna-XM_0018503842	ENSXNUT00000001360
OG0005982	rna-XM_0018503852	rna-XM_0018503852	rna-XM_0018503852	rna-XM_0018503852	ENSXNUT00000004953
OG0005983	rna-XM_0018503862	rna-XM_0018503862	rna-XM_0018503862	rna-XM_0018503862	ENSXNUT00000004363
OG0005984	rna-XM_0018503872	rna-XM_0018503872	rna-XM_0018503872	rna-XM_0018503872	ENSXNUT00000002759
OG0005985	rna-XM_0382505291	rna-XM_0382505291	rna-XM_0382505291	rna-XM_0382505291	ENSXNUT00000000499
OG0005986	rna-XM_0018503922	rna-XM_0018503922	rna-XM_0018503922	rna-XM_0018503922	ENSXNUT00000007770
OG0005987	rna-XM_0018503932	rna-XM_0018503932	rna-XM_0018503932	rna-XM_0018503932	ENSXNUT00000003837
OG0005988	rna-XM_0382505281	rna-XM_0382505281	rna-XM_0382505281	rna-XM_0382505281	ENSXNUT00000010189
OG0005989	rna-XM_0382505251	rna-XM_0382505251	rna-XM_0382505251	rna-XM_0382505251	ENSXNUT00000002077
OG0005990	rna-XM_0382546831	rna-XM_0382546831	rna-XM_0382546831	rna-XM_0382546831	ENSXNUT00000003223
OG0005991	rna-XM_0018503992	rna-XM_0018503992	rna-XM_0018503992	rna-XM_0018503992	ENSXNUT00000000291
OG0005992	rna-XM_0382511481	rna-XM_0382511481	rna-XM_0382511481	rna-XM_0382511481	ENSXNUT00000001914
OG0005993	rna-XM_0382511451	rna-XM_0382511451	rna-XM_0382511451	rna-XM_0382511451	ENSXNUT00000005224
OG0005994	rna-XM_0018504032	rna-XM_0018504032	rna-XM_0018504032	rna-XM_0018504032	ENSXNUT00000005244
OG0005995	rna-XM_0382641611	rna-XM_0382641611	rna-XM_0382641611	rna-XM_0382641611	ENSXNUT00000010055
OG0005996	rna-XM_0018504392	rna-XM_0018504392	rna-XM_0018504392	rna-XM_0018504392	ENSXNUT00000011674
OG0005997	rna-XM_0018504402	rna-XM_0018504402	rna-XM_0018504402	rna-XM_0018504402	ENSXNUT00000010532
OG0005998	rna-XM_0018504462	rna-XM_0018504462	rna-XM_0018504462	rna-XM_0018504462	ENSXNUT00000015015
OG0005999	rna-XM_0018504492	rna-XM_0018504492	rna-XM_0018504492	rna-XM_0018504492	ENSXNUT00000010907
OG0006000	rna-XM_0382603981	rna-XM_0382603981	rna-XM_0382604001	rna-XM_0382603981	ENSXNUT00000008491
OG0006001	rna-XM_0018504762	rna-XM_0018504762	rna-XM_0018504762	rna-XM_0018504762	ENSXNUT00000007751
OG0006002	rna-XM_0382635551	rna-XM_0382635551	rna-XM_0382635551	rna-XM_0382635551	ENSXNUT00000011829
OG0006003	rna-XM_0382586871	rna-XM_0382586871	rna-XM_0382586871	rna-XM_0382586871	ENSXNUT00000014965
OG0006004	rna-XM_0382586831	rna-XM_0382586831	rna-XM_0382586831	rna-XM_0382586831	ENSXNUT00000013987
OG0006005	rna-XM_0382619771	rna-XM_0382619771	rna-XM_0382619771	rna-XM_0382619771	ENSXNUT00000016483
OG0006006	rna-XM_0018504862	rna-XM_0018504862	rna-XM_0018504862	rna-XM_0018504862	ENSXNUT00000010876
OG0006007	rna-XM_0018504872	rna-XM_0018504872	rna-XM_0018504872	rna-XM_0018504872	ENSXNUT00000011715
OG0006008	rna-XM_0018504882	rna-XM_0018504882	rna-XM_0018504882	rna-XM_0018504882	ENSXNUT00000008990
OG0006009	rna-XM_0018504892	rna-XM_0018504892	rna-XM_0018504892	rna-XM_0018504892	ENSXNUT00000011218
OG0006010	rna-XM_0382586461	rna-XM_0382586461	rna-XM_0382586461	rna-XM_0382586461	ENSXNUT00000011356
OG0006011	rna-XM_0018504912	rna-XM_0018504912	rna-XM_0018504912	rna-XM_0018504912	ENSXNUT00000008378
OG0006012	rna-XM_0018504932	rna-XM_0018504932	rna-XM_0018504932	rna-XM_0018504932	ENSXNUT00000008038
OG0006013	rna-XM_0382622611	rna-XM_0382622611	rna-XM_0382622611	rna-XM_0382622611	ENSXNUT00000008772
OG0006014	rna-XM_0382604481	rna-XM_0382604481	rna-XM_0382604481	rna-XM_0382604481	ENSXNUT00000013046
OG0006015	rna-XM_0382615331	rna-XM_0382615331	rna-XM_0382615391	rna-XM_0382615331	ENSXNUT00000013561
OG0006016	rna-XM_0382485581	rna-XM_0382485581	rna-XM_0382485581	rna-XM_0382485581	ENSXNUT00000018699
OG0006017	rna-XM_0382541571	rna-XM_0382541571	rna-XM_0382541571	rna-XM_0382541571	ENSXNUT00000018678
OG0006018	rna-XM_0018505122	rna-XM_0018505122	rna-XM_0018505122	rna-XM_0018505122	ENSXNUT00000016221
OG0006019	rna-XM_0382486221	rna-XM_0382486221	rna-XM_0382486221	rna-XM_0382486221	ENSXNUT00000013002
OG0006020	rna-XM_0382630421	rna-XM_0382630421	rna-XM_0382630421	rna-XM_0382630421	ENSXNUT00000013577
OG0006021	rna-XM_0382490631	rna-XM_0382490631	rna-XM_0382490631	rna-XM_0382490631	ENSXNUT00000014371
OG0006022	rna-XM_0382485691	rna-XM_0382485701	rna-XM_0382485761	rna-XM_0382485701	ENSXNUT00000017310
OG0006023	rna-XM_0018505242	rna-XM_0018505242	rna-XM_0018505242	rna-XM_0018505242	ENSXNUT00000013876
OG0006024	rna-XM_0382594921	rna-XM_0382594921	rna-XM_0382594921	rna-XM_0382594921	ENSXNUT00000012630
OG0006025	rna-XM_0018505322	rna-XM_0018505322	rna-XM_0018505322	rna-XM_0018505322	ENSXNUT00000003909
OG0006026	rna-XM_0018505332	rna-XM_0018505332	rna-XM_0018505332	rna-XM_0018505332	ENSXNUT00000000230
OG0006027	rna-XM_0382551381	rna-XM_0382551381	rna-XM_0382551381	rna-XM_0382551381	ENSXNUT00000003111
OG0006028	rna-XM_0382534161	rna-XM_0382534161	rna-XM_0382534161	rna-XM_0382534161	ENSXNUT00000005744
OG0006029	rna-XM_0018505402	rna-XM_0018505402	rna-XM_0018505402	rna-XM_0018505402	ENSXNUT00000004642
OG0006030	rna-XM_0382576961	rna-XM_0382576961	rna-XM_0382576961	rna-XM_0382576961	ENSXNUT00000009463
OG0006031	rna-XM_0382576871	rna-XM_0382576871	rna-XM_0382576871	rna-XM_0382576871	ENSXNUT00000008093
OG0006032	rna-XM_0382576881	rna-XM_0382576881	rna-XM_0382576881	rna-XM_0382576881	ENSXNUT00000006224
OG0006033	rna-XM_0382577001	rna-XM_0382577001	rna-XM_0382577001	rna-XM_0382577001	ENSXNUT00000005161
OG0006034	rna-XM_0382548991	rna-XM_0382548991	rna-XM_0382548991	rna-XM_0382548991	ENSXNUT00000004368
OG0006035	rna-XM_0382622411	rna-XM_0382622411	rna-XM_0382622411	rna-XM_0382622411	ENSXNUT00000005831
OG0006036	rna-XM_0018505582	rna-XM_0018505582	rna-XM_0018505582	rna-XM_0018505582	ENSXNUT00000007508
OG0006037	rna-XM_0382627131	rna-XM_0382627131	rna-XM_0382627131	rna-XM_0382627131	ENSXNUT00000016524
OG0006038	rna-XM_0018505602	rna-XM_0018505602	rna-XM_0018505602	rna-XM_0018505602	ENSXNUT00000012511
OG0006039	rna-XM_0018505612	rna-XM_0018505612	rna-XM_0018505612	rna-XM_0018505612	ENSXNUT00000017258
OG0006040	rna-XM_0382637381	rna-XM_0382637381	rna-XM_0382637381	rna-XM_0382637381	ENSXNUT00000014013
OG0006041	rna-XM_0382654851	rna-XM_0382654851	rna-XM_0382654851	rna-XM_0382654851	ENSXNUT00000013622
OG0006042	rna-XM_0382659321	rna-XM_0382659331	rna-XM_0382659321	rna-XM_0382659321	ENSXNUT00000015561
OG0006043	rna-XM_0382644671	rna-XM_0382644671	rna-XM_0382644671	rna-XM_0382644671	ENSXNUT00000011577
OG0006044	rna-XM_0382511211	rna-XM_0382511211	rna-XM_0382511211	rna-XM_0382511211	ENSXNUT00000012582
OG0006045	rna-XM_0382511141	rna-XM_0382511141	rna-XM_0382511141	rna-XM_0382511141	ENSXNUT00000013227
OG0006046	rna-XM_0382547101	rna-XM_0382547101	rna-XM_0382547101	rna-XM_0382547101	ENSXNUT00000009549
OG0006047	rna-XM_0018506022	rna-XM_0018506022	rna-XM_0018506022	rna-XM_0018506022	ENSXNUT00000003550
OG0006048	rna-XM_0382532931	rna-XM_0382532931	rna-XM_0382532931	rna-XM_0382532931	ENSXNUT00000005171
OG0006051	rna-XM_0382648091	rna-XM_0382648091	rna-XM_0382648091	rna-XM_0382648091	ENSXNUT00000008503
OG0006052	rna-XM_0018506402	rna-XM_0018506402	rna-XM_0018506402	rna-XM_0018506402	ENSXNUT00000000354
OG0006053	rna-XM_0018506412	rna-XM_0018506412	rna-XM_0018506412	rna-XM_0018506412	ENSXNUT00000000057
OG0006054	rna-XM_0018506422	rna-XM_0018506422	rna-XM_0018506422	rna-XM_0018506422	ENSXNUT00000000058
OG0006055	rna-XM_0018506442	rna-XM_0018506442	rna-XM_0018506442	rna-XM_0018506442	ENSXNUT00000001547
OG0006056	rna-XM_0382524991	rna-XM_0382524991	rna-XM_0382524991	rna-XM_0382524991	ENSXNUT00000001368
OG0006057	rna-XM_0382525001	rna-XM_0382525001	rna-XM_0382525001	rna-XM_0382525001	ENSXNUT00000005451
OG0006058	rna-XM_0382563651	rna-XM_0382563651	rna-XM_0382563651	rna-XM_0382563651	ENSXNUT00000002069
OG0006059	rna-XM_0018506562	rna-XM_0018506562	rna-XM_0018506562	rna-XM_0018506562	ENSXNUT00000012875
OG0006060	rna-XM_0018506632	rna-XM_0018506632	rna-XM_0018506632	rna-XM_0018506632	ENSXNUT00000008636
OG0006061	rna-XM_0018506662	rna-XM_0018506662	rna-XM_0018506662	rna-XM_0018506662	ENSXNUT00000010403
OG0006062	rna-XM_0382620761	rna-XM_0382620761	rna-XM_0382620761	rna-XM_0382620761	ENSXNUT00000013297
OG0006063	rna-XM_0382528971	rna-XM_0382528971	rna-XM_0382528971	rna-XM_0382528971	ENSXNUT00000002540
OG0006064	rna-XM_0018506802	rna-XM_0018506802	rna-XM_0018506802	rna-XM_0018506802	ENSXNUT00000000007
OG0006065	rna-XM_0018506812	rna-XM_0018506812	rna-XM_0018506812	rna-XM_0018506812	ENSXNUT00000002450
OG0006066	rna-XM_0382518071	rna-XM_0382518071	rna-XM_0382518071	rna-XM_0382518071	ENSXNUT00000011183
OG0006067	rna-XM_0382522961	rna-XM_0382522961	rna-XM_0382522961	rna-XM_0382522961	ENSXNUT00000007697
OG0006068	rna-XM_0018506882	rna-XM_0018506882	rna-XM_0018506882	rna-XM_0018506882	ENSXNUT00000005517
OG0006069	rna-XM_0382563011	rna-XM_0382563011	rna-XM_0382563011	rna-XM_0382563011	ENSXNUT00000002605
OG0006070	rna-XM_0382547741	rna-XM_0382547741	rna-XM_0382547741	rna-XM_0382547741	ENSXNUT00000005123
OG0006071	rna-XM_0018506932	rna-XM_0018506932	rna-XM_0018506932	rna-XM_0018506932	ENSXNUT00000005736
OG0006072	rna-XM_0382538461	rna-XM_0382538461	rna-XM_0382538461	rna-XM_0382538461	ENSXNUT00000001046
OG0006073	rna-XM_0018506972	rna-XM_0018506972	rna-XM_0018506972	rna-XM_0018506972	ENSXNUT00000003246
OG0006074	rna-XM_0018506982	rna-XM_0018506982	rna-XM_0018506982	rna-XM_0018506982	ENSXNUT00000004344
OG0006075	rna-XM_0382552181	rna-XM_0382552181	rna-XM_0382552181	rna-XM_0382552181	ENSXNUT00000005044
OG0006076	rna-XM_0382531281	rna-XM_0382531281	rna-XM_0382531281	rna-XM_0382531281	ENSXNUT00000007326
OG0006077	rna-XM_0382555761	rna-XM_0382555761	rna-XM_0382555761	rna-XM_0382555761	ENSXNUT00000000214
OG0006078	rna-XM_0018507082	rna-XM_0018507082	rna-XM_0018507082	rna-XM_0018507082	ENSXNUT00000009484
OG0006079	rna-XM_0382511261	rna-XM_0382511261	rna-XM_0382511261	rna-XM_0382511261	ENSXNUT00000003943
OG0006080	rna-XM_0018507142	rna-XM_0018507142	rna-XM_0018507142	rna-XM_0018507142	ENSXNUT00000000154
OG0006081	rna-XM_0382551781	rna-XM_0382551781	rna-XM_0382551781	rna-XM_0382551781	ENSXNUT00000003768
OG0006082	rna-XM_0382537901	rna-XM_0382537901	rna-XM_0382537901	rna-XM_0382537901	ENSXNUT00000010342
OG0006083	rna-XM_0018507282	rna-XM_0018507282	rna-XM_0018507282	rna-XM_0018507282	ENSXNUT00000001035
OG0006084	rna-XM_0018507342	rna-XM_0018507342	rna-XM_0018507342	rna-XM_0018507342	ENSXNUT00000002708
OG0006085	rna-XM_0382568801	rna-XM_0382568801	rna-XM_0382568801	rna-XM_0382568801	ENSXNUT00000004468
OG0006086	rna-XM_0018507362	rna-XM_0018507362	rna-XM_0018507362	rna-XM_0018507362	ENSXNUT00000006723
OG0006087	rna-XM_0382551951	rna-XM_0382551951	rna-XM_0382551951	rna-XM_0382551951	ENSXNUT00000009885
OG0006088	rna-XM_0382507871	rna-XM_0382507871	rna-XM_0382507871	rna-XM_0382507871	ENSXNUT00000000137
OG0006090	rna-XM_0018507462	rna-XM_0018507462	rna-XM_0018507462	rna-XM_0018507462	ENSXNUT00000005211
OG0006091	rna-XM_0018507472	rna-XM_0018507472	rna-XM_0018507472	rna-XM_0018507472	ENSXNUT00000004447
OG0006092	rna-XM_0382545451	rna-XM_0382545451	rna-XM_0382545451	rna-XM_0382545451	ENSXNUT00000001063
OG0006093	rna-XM_0018507492	rna-XM_0018507492	rna-XM_0018507492	rna-XM_0018507492	ENSXNUT00000002760
OG0006094	rna-XM_0382568311	rna-XM_0382568311	rna-XM_0382568311	rna-XM_0382568311	ENSXNUT00000001783
OG0006095	rna-XM_0382569631	rna-XM_0382569631	rna-XM_0382569631	rna-XM_0382569631	ENSXNUT00000005529
OG0006096	rna-XM_0018507572	rna-XM_0018507572	rna-XM_0382531171	rna-XM_0018507572	ENSXNUT00000000554
OG0006097	rna-XM_0018507582	rna-XM_0018507582	rna-XM_0018507582	rna-XM_0018507582	ENSXNUT00000000790
OG0006098	rna-XM_0382591421	rna-XM_0382591421	rna-XM_0382591421	rna-XM_0382591431	ENSXNUT00000010837
OG0006099	rna-XM_0382634091	rna-XM_0382634091	rna-XM_0382634091	rna-XM_0382634091	ENSXNUT00000007251
OG0006100	rna-XM_0382513881	rna-XM_0382513881	rna-XM_0382513881	rna-XM_0382513881	ENSXNUT00000000309
OG0006101	rna-XM_0382575821	rna-XM_0382575821	rna-XM_0382575821	rna-XM_0382575821	ENSXNUT00000003188
OG0006102	rna-XM_0382595991	rna-XM_0382596011	rna-XM_0382595991	rna-XM_0382595991	ENSXNUT00000006687
OG0006103	rna-XM_0382635711	rna-XM_0382635711	rna-XM_0018507922	rna-XM_0018507922	ENSXNUT00000008600
OG0006104	rna-XM_0382514261	rna-XM_0382514261	rna-XM_0382514261	rna-XM_0382514261	ENSXNUT00000001848
OG0006105	rna-XM_0382529961	rna-XM_0382529961	rna-XM_0382529961	rna-XM_0382529961	ENSXNUT00000011304
OG0006106	rna-XM_0382536801	rna-XM_0382536801	rna-XM_0382536801	rna-XM_0382536801	ENSXNUT00000000225
OG0006107	rna-XM_0018508022	rna-XM_0018508022	rna-XM_0018508022	rna-XM_0018508022	ENSXNUT00000001005
OG0006108	rna-XM_0018508042	rna-XM_0018508042	rna-XM_0018508042	rna-XM_0018508042	ENSXNUT00000005233
OG0006109	rna-XM_0018508062	rna-XM_0018508062	rna-XM_0018508062	rna-XM_0018508062	ENSXNUT00000005342
OG0006110	rna-XM_0018508072	rna-XM_0018508072	rna-XM_0018508072	rna-XM_0018508072	ENSXNUT00000000650
OG0006111	rna-XM_0018508082	rna-XM_0018508082	rna-XM_0018508082	rna-XM_0018508082	ENSXNUT00000006205
OG0006112	rna-XM_0382515491	rna-XM_0382515491	rna-XM_0382515491	rna-XM_0382515491	ENSXNUT00000004520
OG0006113	rna-XM_0018508112	rna-XM_0018508112	rna-XM_0018508112	rna-XM_0018508112	ENSXNUT00000002566
OG0006114	rna-XM_0382558861	rna-XM_0382558861	rna-XM_0382558861	rna-XM_0382558861	ENSXNUT00000005790
OG0006115	rna-XM_0018508132	rna-XM_0018508132	rna-XM_0018508132	rna-XM_0018508132	ENSXNUT00000002591
OG0006116	rna-XM_0382578621	rna-XM_0382578621	rna-XM_0382578621	rna-XM_0382578621	ENSXNUT00000002348
OG0006117	rna-XM_0018508232	rna-XM_0018508232	rna-XM_0018508232	rna-XM_0018508232	ENSXNUT00000004195
OG0006118	rna-XM_0018508322	rna-XM_0018508322	rna-XM_0018508322	rna-XM_0018508322	ENSXNUT00000000759
OG0006119	rna-XM_0382542131	rna-XM_0382542131	rna-XM_0382542131	rna-XM_0382542131	ENSXNUT00000006390
OG0006120	rna-XM_0018508412	rna-XM_0018508412	rna-XM_0018508412	rna-XM_0018508412	ENSXNUT00000000217
OG0006121	rna-XM_0382586511	rna-XM_0382586601	rna-XM_0382586601	rna-XM_0382586601	ENSXNUT00000013162
OG0006122	rna-XM_0382667801	rna-XM_0382667801	rna-XM_0382667801	rna-XM_0382667801	ENSXNUT00000013202
OG0006123	rna-XM_0382481771	rna-XM_0382481771	rna-XM_0382481771	rna-XM_0382481771	ENSXNUT00000014220
OG0006124	rna-XM_0018508492	rna-XM_0018508492	rna-XM_0018508492	rna-XM_0018508492	ENSXNUT00000015835
OG0006125	rna-XM_0382496001	rna-XM_0382496001	rna-XM_0382496001	rna-XM_0382496001	ENSXNUT00000015905
OG0006126	rna-XM_0382612091	rna-XM_0382612091	rna-XM_0382612091	rna-XM_0382612091	ENSXNUT00000018941
OG0006127	rna-XM_0382666851	rna-XM_0382666851	rna-XM_0382666851	rna-XM_0382666851	ENSXNUT00000013322
OG0006128	rna-XM_0382669811	rna-XM_0382669811	rna-XM_0382669811	rna-XM_0382669811	ENSXNUT00000018220
OG0006129	rna-XM_0018508932	rna-XM_0018508932	rna-XM_0018508932	rna-XM_0018508932	ENSXNUT00000012496
OG0006130	rna-XM_0382669791	rna-XM_0382669791	rna-XM_0382669791	rna-XM_0382669791	ENSXNUT00000017159
OG0006131	rna-XM_0382669801	rna-XM_0382669801	rna-XM_0382669801	rna-XM_0382669801	ENSXNUT00000014800
OG0006132	rna-XM_0018508982	rna-XM_0018508982	rna-XM_0018508982	rna-XM_0018508982	ENSXNUT00000018127
OG0006133	rna-XM_0018509072	rna-XM_0018509072	rna-XM_0018509072	rna-XM_0018509072	ENSXNUT00000017073
OG0006134	rna-XM_0382585891	rna-XM_0382585891	rna-XM_0382585891	rna-XM_0382585891	ENSXNUT00000011614
OG0006135	rna-XM_0382669081	rna-XM_0382669081	rna-XM_0382669081	rna-XM_0382669081	ENSXNUT00000016588
OG0006136	rna-XM_0382492571	rna-XM_0382492571	rna-XM_0382492571	rna-XM_0382492571	ENSXNUT00000018108
OG0006137	rna-XM_0382483011	rna-XM_0382483011	rna-XM_0382483011	rna-XM_0382483011	ENSXNUT00000014115
OG0006138	rna-XM_0018509202	rna-XM_0018509202	rna-XM_0018509202	rna-XM_0018509202	ENSXNUT00000018792
OG0006139	rna-XM_0382497121	rna-XM_0382497121	rna-XM_0382497121	rna-XM_0382497121	ENSXNUT00000012544
OG0006140	rna-XM_0382609511	rna-XM_0382609511	rna-XM_0382609511	rna-XM_0382609511	ENSXNUT00000013899
OG0006141	rna-XM_0018509322	rna-XM_0018509322	rna-XM_0018509322	rna-XM_0018509322	ENSXNUT00000015735
OG0006142	rna-XM_0382608431	rna-XM_0382608431	rna-XM_0382608431	rna-XM_0382608431	ENSXNUT00000016764
OG0006143	rna-XM_0018509342	rna-XM_0018509342	rna-XM_0018509342	rna-XM_0018509342	ENSXNUT00000016157
OG0006144	rna-XM_0382573691	rna-XM_0382573691	rna-XM_0382573691	rna-XM_0382573691	ENSXNUT00000016382
OG0006145	rna-XM_0382487941	rna-XM_0382487941	rna-XM_0382487941	rna-XM_0382487941	ENSXNUT00000012217
OG0006146	rna-XM_0382576201	rna-XM_0382576201	rna-XM_0382576201	rna-XM_0382576201	ENSXNUT00000002620
OG0006147	rna-XM_0018509442	rna-XM_0018509442	rna-XM_0018509442	rna-XM_0018509442	ENSXNUT00000000364
OG0006148	rna-XM_0382522681	rna-XM_0382522681	rna-XM_0382522681	rna-XM_0382522681	ENSXNUT00000001825
OG0006149	rna-XM_0382522671	rna-XM_0382522671	rna-XM_0382522671	rna-XM_0382522671	ENSXNUT00000005486
OG0006150	rna-XM_0018509632	rna-XM_0018509632	rna-XM_0018509632	rna-XM_0018509632	ENSXNUT00000010245
OG0006151	rna-XM_0382605071	rna-XM_0382605071	rna-XM_0382605071	rna-XM_0382605071	ENSXNUT00000007178
OG0006152	rna-XM_0018509672	rna-XM_0018509672	rna-XM_0018509672	rna-XM_0018509672	ENSXNUT00000015902
OG0006153	rna-XM_0018509692	rna-XM_0018509692	rna-XM_0018509692	rna-XM_0018509692	ENSXNUT00000007802
OG0006154	rna-XM_0382590661	rna-XM_0382590661	rna-XM_0382590671	rna-XM_0382590661	ENSXNUT00000010301
OG0006155	rna-XM_0018510022	rna-XM_0018510022	rna-XM_0018510022	rna-XM_0018510022	ENSXNUT00000018023
OG0006156	rna-XM_0018510032	rna-XM_0018510032	rna-XM_0018510032	rna-XM_0018510032	ENSXNUT00000014262
OG0006157	rna-XM_0382500651	rna-XM_0382500651	rna-XM_0382500651	rna-XM_0382500651	ENSXNUT00000012340
OG0006158	rna-XM_0382525941	rna-XM_0382525941	rna-XM_0382525941	rna-XM_0382525941	ENSXNUT00000015903
OG0006159	rna-XM_0018510472	rna-XM_0018510472	rna-XM_0018510472	rna-XM_0018510472	ENSXNUT00000012959
OG0006160	rna-XM_0018510482	rna-XM_0018510482	rna-XM_0018510482	rna-XM_0018510482	ENSXNUT00000014316
OG0006161	rna-XM_0018510492	rna-XM_0018510492	rna-XM_0018510492	rna-XM_0018510492	ENSXNUT00000017553
OG0006162	rna-XM_0382590811	rna-XM_0382590811	rna-XM_0382590811	rna-XM_0382590811	ENSXNUT00000016772
OG0006163	rna-XM_0018510552	rna-XM_0018510552	rna-XM_0018510552	rna-XM_0018510552	ENSXNUT00000010406
OG0006164	rna-XM_0382598421	rna-XM_0382598421	rna-XM_0382598431	rna-XM_0382598421	ENSXNUT00000011901
OG0006165	rna-XM_0018510732	rna-XM_0018510732	rna-XM_0018510732	rna-XM_0018510732	ENSXNUT00000009814
OG0006166	rna-XM_0018510762	rna-XM_0018510762	rna-XM_0018510762	rna-XM_0018510762	ENSXNUT00000008232
OG0006167	rna-XM_0382606931	rna-XM_0382606931	rna-XM_0382606931	rna-XM_0382606931	ENSXNUT00000006730
OG0006168	rna-XM_0382623661	rna-XM_0382623661	rna-XM_0382623661	rna-XM_0382623661	ENSXNUT00000007550
OG0006169	rna-XM_0382588491	rna-XM_0382588491	rna-XM_0382588491	rna-XM_0382588491	ENSXNUT00000008335
OG0006170	rna-XM_0018510922	rna-XM_0018510922	rna-XM_0018510922	rna-XM_0018510922	ENSXNUT00000007320
OG0006171	rna-XM_0018510952	rna-XM_0018510952	rna-XM_0018510952	rna-XM_0018510952	ENSXNUT00000011971
OG0006172	rna-XM_0382622511	rna-XM_0382622511	rna-XM_0382622511	rna-XM_0382622511	ENSXNUT00000009945
OG0006173	rna-XM_0018510992	rna-XM_0018510992	rna-XM_0018510992	rna-XM_0018510992	ENSXNUT00000009956
OG0006174	rna-XM_0018511002	rna-XM_0018511002	rna-XM_0018511002	rna-XM_0018511002	ENSXNUT00000012779
OG0006175	rna-XM_0382607431	rna-XM_0382607431	rna-XM_0382607431	rna-XM_0382607431	ENSXNUT00000009518
OG0006176	rna-XM_0018511052	rna-XM_0018511052	rna-XM_0018511052	rna-XM_0018511052	ENSXNUT00000009468
OG0006177	rna-XM_0018511062	rna-XM_0018511062	rna-XM_0018511062	rna-XM_0018511062	ENSXNUT00000013186
OG0006178	rna-XM_0018511042	rna-XM_0018511042	rna-XM_0018511042	rna-XM_0018511042	ENSXNUT00000016043
OG0006179	rna-XM_0382588801	rna-XM_0382588801	rna-XM_0382588801	rna-XM_0382588801	ENSXNUT00000013851
OG0006180	rna-XM_0382624411	rna-XM_0382624411	rna-XM_0382624411	rna-XM_0382624411	ENSXNUT00000015266
OG0006181	rna-XM_0018511152	rna-XM_0018511152	rna-XM_0018511152	rna-XM_0018511152	ENSXNUT00000007686
OG0006182	rna-XM_0382638961	rna-XM_0382638961	rna-XM_0382638961	rna-XM_0382638961	ENSXNUT00000008020
OG0006183	rna-XM_0382594851	rna-XM_0382594851	rna-XM_0382594851	rna-XM_0382594851	ENSXNUT00000010435
OG0006184	rna-XM_0018511292	rna-XM_0018511292	rna-XM_0018511292	rna-XM_0018511292	ENSXNUT00000012661
OG0006185	rna-XM_0382546181	rna-XM_0382546181	rna-XM_0382546181	rna-XM_0382546181	ENSXNUT00000011996
OG0006186	rna-XM_0018511302	rna-XM_0018511302	rna-XM_0018511302	rna-XM_0018511302	ENSXNUT00000014409
OG0006187	rna-XM_0382597731	rna-XM_0382597731	rna-XM_0382597731	rna-XM_0382597731	ENSXNUT00000011222
OG0006188	rna-XM_0382640311	rna-XM_0382640311	rna-XM_0382640311	rna-XM_0382640311	ENSXNUT00000008940
OG0006189	rna-XM_0382626721	rna-XM_0382626721	rna-XM_0382626721	rna-XM_0382626721	ENSXNUT00000006416
OG0006190	rna-XM_0382645401	rna-XM_0382645401	rna-XM_0382645401	rna-XM_0382645401	ENSXNUT00000008811
OG0006191	rna-XM_0018511562	rna-XM_0018511562	rna-XM_0018511562	rna-XM_0018511562	ENSXNUT00000013675
OG0006192	rna-XM_0018511612	rna-XM_0018511612	rna-XM_0018511612	rna-XM_0018511612	ENSXNUT00000009898
OG0006193	rna-XM_0018511652	rna-XM_0018511652	rna-XM_0018511652	rna-XM_0018511652	ENSXNUT00000010363
OG0006194	rna-XM_0382659591	rna-XM_0382659591	rna-XM_0382659591	rna-XM_0382659591	ENSXNUT00000009741
OG0006195	rna-XM_0382657561	rna-XM_0382657561	rna-XM_0382657561	rna-XM_0382657561	ENSXNUT00000007939
OG0006196	rna-XM_0382516501	rna-XM_0382516501	rna-XM_0382516501	rna-XM_0382516501	ENSXNUT00000000208
OG0006197	rna-XM_0382516471	rna-XM_0382516471	rna-XM_0382516471	rna-XM_0382516471	ENSXNUT00000000875
OG0006198	rna-XM_0018511812	rna-XM_0018511812	rna-XM_0018511812	rna-XM_0018511812	ENSXNUT00000003464
OG0006199	rna-XM_0382516401	rna-XM_0382516401	rna-XM_0382516401	rna-XM_0382516401	ENSXNUT00000000692
OG0006200	rna-XM_0382516381	rna-XM_0382516381	rna-XM_0382516381	rna-XM_0382516381	ENSXNUT00000002496
OG0006201	rna-XM_0018512002	rna-XM_0018512002	rna-XM_0018512002	rna-XM_0018512002	ENSXNUT00000001670
OG0006202	rna-XM_0018512032	rna-XM_0018512032	rna-XM_0018512032	rna-XM_0018512032	ENSXNUT00000009190
OG0006203	rna-XM_0018512062	rna-XM_0018512062	rna-XM_0018512062	rna-XM_0018512062	ENSXNUT00000002264
OG0006204	rna-XM_0382566461	rna-XM_0382566461	rna-XM_0382566461	rna-XM_0382566461	ENSXNUT00000001021
OG0006205	rna-XM_0382549601	rna-XM_0382549601	rna-XM_0382549601	rna-XM_0382549601	ENSXNUT00000003862
OG0006206	rna-XM_0018512202	rna-XM_0018512202	rna-XM_0018512202	rna-XM_0018512202	ENSXNUT00000004222
OG0006207	rna-XM_0382549051	rna-XM_0382549051	rna-XM_0382549051	rna-XM_0382549051	ENSXNUT00000002108
OG0006208	rna-XM_0382557291	rna-XM_0382557291	rna-XM_0382557291	rna-XM_0382557291	ENSXNUT00000001895
OG0006209	rna-XM_0018512242	rna-XM_0018512242	rna-XM_0018512242	rna-XM_0018512242	ENSXNUT00000005396
OG0006210	rna-XM_0018512262	rna-XM_0018512262	rna-XM_0018512262	rna-XM_0018512262	ENSXNUT00000001371
OG0006211	rna-XM_0382559531	rna-XM_0382559531	rna-XM_0382559531	rna-XM_0382559531	ENSXNUT00000003889
OG0006212	rna-XM_0382550031	rna-XM_0382550031	rna-XM_0382550031	rna-XM_0382550031	ENSXNUT00000000895
OG0006213	rna-XM_0382550021	rna-XM_0382550021	rna-XM_0382550021	rna-XM_0382550021	ENSXNUT00000001793
OG0006214	rna-XM_0018512662	rna-XM_0018512662	rna-XM_0018512662	rna-XM_0018512662	ENSXNUT00000000199
OG0006215	rna-XM_0382569461	rna-XM_0382569461	rna-XM_0382569461	rna-XM_0382569461	ENSXNUT00000005950
OG0006216	rna-XM_0382533441	rna-XM_0382533441	rna-XM_0382533441	rna-XM_0382533441	ENSXNUT00000010407
OG0006217	rna-XM_0018512842	rna-XM_0018512842	rna-XM_0018512842	rna-XM_0018512842	ENSXNUT00000001103
OG0006219	rna-XM_0382551741	rna-XM_0382551741	rna-XM_0382551741	rna-XM_0382551741	ENSXNUT00000002845
OG0006220	rna-XM_0382551711	rna-XM_0382551731	rna-XM_0382551731	rna-XM_0382551711	ENSXNUT00000001990
OG0006221	rna-XM_0382586231	rna-XM_0382586231	rna-XM_0382586231	rna-XM_0382586231	ENSXNUT00000015618
OG0006222	rna-XM_0018512972	rna-XM_0018512972	rna-XM_0018512972	rna-XM_0018512972	ENSXNUT00000009600
OG0006223	rna-XM_0018513032	rna-XM_0018513032	rna-XM_0018513032	rna-XM_0018513032	ENSXNUT00000012104
OG0006224	rna-XM_0382617051	rna-XM_0382617051	rna-XM_0382617121	rna-XM_0382617131	ENSXNUT00000008935
OG0006225	rna-XM_0018513102	rna-XM_0018513102	rna-XM_0018513102	rna-XM_0018513102	ENSXNUT00000011497
OG0006226	rna-XM_0382652061	rna-XM_0382652061	rna-XM_0382652061	rna-XM_0382652061	ENSXNUT00000009868
OG0006227	rna-XM_0382645191	rna-XM_0382645191	rna-XM_0382645191	rna-XM_0382645191	ENSXNUT00000007408
OG0006228	rna-XM_0382653281	rna-XM_0382653281	rna-XM_0382653281	rna-XM_0382653281	ENSXNUT00000007204
OG0006229	rna-XM_0382521621	rna-XM_0382521631	rna-XM_0382521621	rna-XM_0382521631	ENSXNUT00000001400
OG0006230	rna-XM_0018513242	rna-XM_0018513242	rna-XM_0018513242	rna-XM_0018513242	ENSXNUT00000001484
OG0006231	rna-XM_0382521271	rna-XM_0382521271	rna-XM_0382521271	rna-XM_0382521271	ENSXNUT00000004294
OG0006232	rna-XM_0018513272	rna-XM_0018513272	rna-XM_0018513272	rna-XM_0018513272	ENSXNUT00000000201
OG0006233	rna-XM_0382500901	rna-XM_0382500901	rna-XM_0382500901	rna-XM_0382500901	ENSXNUT00000005574
OG0006234	rna-XM_0382568301	rna-XM_0382568301	rna-XM_0382568301	rna-XM_0382568301	ENSXNUT00000001209
OG0006235	rna-XM_0382551901	rna-XM_0382551901	rna-XM_0382551901	rna-XM_0382551901	ENSXNUT00000003700
OG0006236	rna-XM_0018513352	rna-XM_0018513352	rna-XM_0018513352	rna-XM_0018513352	ENSXNUT00000004926
OG0006237	rna-XM_0382569171	rna-XM_0382569171	rna-XM_0382569171	rna-XM_0382569171	ENSXNUT00000005689
OG0006238	rna-XM_0018513382	rna-XM_0018513382	rna-XM_0018513382	rna-XM_0018513382	ENSXNUT00000003394
OG0006239	rna-XM_0382577751	rna-XM_0382577751	rna-XM_0382577751	rna-XM_0382577751	ENSXNUT00000008576
OG0006240	rna-XM_0018513422	rna-XM_0018513422	rna-XM_0018513422	rna-XM_0018513422	ENSXNUT00000003868
OG0006241	rna-XM_0018513452	rna-XM_0018513452	rna-XM_0018513452	rna-XM_0018513452	ENSXNUT00000000341
OG0006242	rna-XM_0018513462	rna-XM_0018513462	rna-XM_0018513462	rna-XM_0018513462	ENSXNUT00000007377
OG0006243	rna-XM_0018513472	rna-XM_0018513472	rna-XM_0018513472	rna-XM_0018513472	ENSXNUT00000008084
OG0006244	rna-XM_0382658861	rna-XM_0382658861	rna-XM_0382658861	rna-XM_0382658861	ENSXNUT00000007135
OG0006245	rna-XM_0382658851	rna-XM_0382658851	rna-XM_0382658851	rna-XM_0382658851	ENSXNUT00000006291
OG0006246	rna-XM_0018513532	rna-XM_0018513532	rna-XM_0018513532	rna-XM_0018513532	ENSXNUT00000006957
OG0006247	rna-XM_0018513542	rna-XM_0018513542	rna-XM_0018513542	rna-XM_0018513542	ENSXNUT00000010793
OG0006248	rna-XM_0018513552	rna-XM_0018513552	rna-XM_0018513552	rna-XM_0018513552	ENSXNUT00000009499
OG0006249	rna-XM_0018513562	rna-XM_0018513562	rna-XM_0018513562	rna-XM_0018513562	ENSXNUT00000015397
OG0006250	rna-XM_0382596741	rna-XM_0382596741	rna-XM_0382596741	rna-XM_0382596741	ENSXNUT00000016025
OG0006251	rna-XM_0382588191	rna-XM_0382588191	rna-XM_0382588191	rna-XM_0382588191	ENSXNUT00000016629
OG0006252	rna-XM_0382654601	rna-XM_0382654601	rna-XM_0382654601	rna-XM_0382654601	ENSXNUT00000010312
OG0006253	rna-XM_0382588661	rna-XM_0382588661	rna-XM_0382588661	rna-XM_0382588661	ENSXNUT00000007112
OG0006254	rna-XM_0382626711	rna-XM_0382626711	rna-XM_0382626711	rna-XM_0382626711	ENSXNUT00000010839
OG0006255	rna-XM_0018513892	rna-XM_0018513892	rna-XM_0018513892	rna-XM_0018513892	ENSXNUT00000015037
OG0006256	rna-XM_0382647541	rna-XM_0382647541	rna-XM_0382647541	rna-XM_0382647541	ENSXNUT00000015321
OG0006257	rna-XM_0018513852	rna-XM_0018513852	rna-XM_0018513852	rna-XM_0018513852	ENSXNUT00000007305
OG0006258	rna-XM_0382629421	rna-XM_0382629421	rna-XM_0382629421	rna-XM_0382629421	ENSXNUT00000011049
OG0006259	rna-XM_0018513912	rna-XM_0018513912	rna-XM_0018513912	rna-XM_0018513912	ENSXNUT00000010109
OG0006260	rna-XM_0382632651	rna-XM_0382632651	rna-XM_0382632651	rna-XM_0382632651	ENSXNUT00000010631
OG0006261	rna-XM_0382630601	rna-XM_0382630601	rna-XM_0382630601	rna-XM_0382630601	ENSXNUT00000010840
OG0006262	rna-XM_0382617161	rna-XM_0382617161	rna-XM_0382617161	rna-XM_0382617161	ENSXNUT00000015783
OG0006263	rna-XM_0018514022	rna-XM_0018514022	rna-XM_0018514022	rna-XM_0018514022	ENSXNUT00000005961
OG0006264	rna-XM_0382598861	rna-XM_0382598861	rna-XM_0382598861	rna-XM_0382598861	ENSXNUT00000011012
OG0006265	rna-XM_0382598881	rna-XM_0382598881	rna-XM_0382598881	rna-XM_0382598881	ENSXNUT00000007474
OG0006266	rna-XM_0382637931	rna-XM_0382637931	rna-XM_0382637931	rna-XM_0382637931	ENSXNUT00000008269
OG0006267	rna-XM_0018514132	rna-XM_0018514132	rna-XM_0018514132	rna-XM_0018514132	ENSXNUT00000010612
OG0006268	rna-XM_0018514142	rna-XM_0018514142	rna-XM_0018514142	rna-XM_0018514142	ENSXNUT00000010700
OG0006269	rna-XM_0382655561	rna-XM_0382655561	rna-XM_0382655561	rna-XM_0382655561	ENSXNUT00000010814
OG0006270	rna-XM_0382620431	rna-XM_0382620431	rna-XM_0382620431	rna-XM_0382620431	ENSXNUT00000011500
OG0006271	rna-XM_0018514292	rna-XM_0018514292	rna-XM_0018514292	rna-XM_0018514292	ENSXNUT00000006826
OG0006272	rna-XM_0382549201	rna-XM_0382549201	rna-XM_0382549201	rna-XM_0382549201	ENSXNUT00000004340
OG0006273	rna-XM_0018514322	rna-XM_0018514322	rna-XM_0018514322	rna-XM_0018514322	ENSXNUT00000002732
OG0006274	rna-XM_0382576731	rna-XM_0382576731	rna-XM_0382576731	rna-XM_0382576731	ENSXNUT00000001170
OG0006275	rna-XM_0018514362	rna-XM_0018514362	rna-XM_0018514362	rna-XM_0018514362	ENSXNUT00000001912
OG0006276	rna-XM_0018514392	rna-XM_0018514392	rna-XM_0018514392	rna-XM_0018514392	ENSXNUT00000000988
OG0006277	rna-XM_0382574851	rna-XM_0382574851	rna-XM_0382574851	rna-XM_0382574851	ENSXNUT00000004978
OG0006278	rna-XM_0382574921	rna-XM_0382574921	rna-XM_0382574921	rna-XM_0382574921	ENSXNUT00000001255
OG0006279	rna-XM_0018514492	rna-XM_0018514492	rna-XM_0018514492	rna-XM_0018514492	ENSXNUT00000001425
OG0006280	rna-XM_0018514502	rna-XM_0018514502	rna-XM_0018514502	rna-XM_0018514502	ENSXNUT00000005340
OG0006281	rna-XM_0382574841	rna-XM_0382574841	rna-XM_0382574841	rna-XM_0382574841	ENSXNUT00000003498
OG0006282	rna-XM_0018514532	rna-XM_0018514532	rna-XM_0018514532	rna-XM_0018514532	ENSXNUT00000003918
OG0006283	rna-XM_0382498991	rna-XM_0382498991	rna-XM_0382498991	rna-XM_0382498991	ENSXNUT00000018554
OG0006284	rna-XM_0018514602	rna-XM_0018514602	rna-XM_0018514602	rna-XM_0018514602	ENSXNUT00000018638
OG0006285	rna-XM_0018514612	rna-XM_0018514612	rna-XM_0018514612	rna-XM_0018514612	ENSXNUT00000017396
OG0006286	rna-XM_0382667221	rna-XM_0382667221	rna-XM_0382667221	rna-XM_0382667221	ENSXNUT00000016495
OG0006287	rna-XM_0382562281	rna-XM_0382562281	rna-XM_0382562281	rna-XM_0382562281	ENSXNUT00000015788
OG0006288	rna-XM_0382562151	rna-XM_0382562151	rna-XM_0382562151	rna-XM_0382562151	ENSXNUT00000014589
OG0006289	rna-XM_0382525401	rna-XM_0382525401	rna-XM_0382525401	rna-XM_0382525401	ENSXNUT00000016509
OG0006290	rna-XM_0382525201	rna-XM_0382525201	rna-XM_0382525201	rna-XM_0382525201	ENSXNUT00000014086
OG0006291	rna-XM_0018514712	rna-XM_0018514712	rna-XM_0018514712	rna-XM_0018514712	ENSXNUT00000013114
OG0006292	rna-XM_0018514722	rna-XM_0018514722	rna-XM_0018514722	rna-XM_0018514722	ENSXNUT00000018825
OG0006293	rna-XM_0382670791	rna-XM_0382670791	rna-XM_0382670791	rna-XM_0382670791	ENSXNUT00000013207
OG0006294	rna-XM_0018514762	rna-XM_0018514762	rna-XM_0018514762	rna-XM_0018514762	ENSXNUT00000012349
OG0006295	rna-XM_0382670811	rna-XM_0382670811	rna-XM_0382670811	rna-XM_0382670811	ENSXNUT00000016624
OG0006296	rna-XM_0382486291	rna-XM_0382486291	rna-XM_0382486291	rna-XM_0382486291	ENSXNUT00000018529
OG0006297	rna-XM_0018514852	rna-XM_0018514852	rna-XM_0018514852	rna-XM_0018514852	ENSXNUT00000012884
OG0006298	rna-XM_0382572071	rna-XM_0382572071	rna-XM_0382572071	rna-XM_0382572071	ENSXNUT00000016989
OG0006299	rna-XM_0382666741	rna-XM_0382666741	rna-XM_0382666741	rna-XM_0382666741	ENSXNUT00000015055
OG0006300	rna-XM_0018514902	rna-XM_0018514902	rna-XM_0018514902	rna-XM_0018514902	ENSXNUT00000017999
OG0006301	rna-XM_0382483151	rna-XM_0382483151	rna-XM_0382483151	rna-XM_0382483151	ENSXNUT00000015944
OG0006302	rna-XM_0018514942	rna-XM_0018514942	rna-XM_0018514942	rna-XM_0018514942	ENSXNUT00000016995
OG0006303	rna-XM_0018514932	rna-XM_0018514932	rna-XM_0018514932	rna-XM_0018514932	ENSXNUT00000018410
OG0006304	rna-XM_0018514952	rna-XM_0018514952	rna-XM_0018514952	rna-XM_0018514952	ENSXNUT00000017515
OG0006305	rna-XM_0382497891	rna-XM_0382497891	rna-XM_0382497891	rna-XM_0382497891	ENSXNUT00000018910
OG0006306	rna-XM_0018514992	rna-XM_0018514992	rna-XM_0018514992	rna-XM_0018514992	ENSXNUT00000018632
OG0006307	rna-XM_0018515002	rna-XM_0018515002	rna-XM_0018515002	rna-XM_0018515002	ENSXNUT00000016986
OG0006308	rna-XM_0018515082	rna-XM_0018515082	rna-XM_0018515082	rna-XM_0018515082	ENSXNUT00000014143
OG0006309	rna-XM_0018514922	rna-XM_0018514922	rna-XM_0018514922	rna-XM_0018514922	ENSXNUT00000013377
OG0006310	rna-XM_0382581951	rna-XM_0382581951	rna-XM_0382581951	rna-XM_0382581951	ENSXNUT00000005512
OG0006311	rna-XM_0382581971	rna-XM_0382581971	rna-XM_0382581971	rna-XM_0382581981	ENSXNUT00000018019
OG0006312	rna-XM_0018515202	rna-XM_0018515202	rna-XM_0018515202	rna-XM_0018515202	ENSXNUT00000018007
OG0006313	rna-XM_0382582021	rna-XM_0382582021	rna-XM_0382582021	rna-XM_0382582021	ENSXNUT00000000589
OG0006314	rna-XM_0382567091	rna-XM_0382567091	rna-XM_0382567091	rna-XM_0382567091	ENSXNUT00000005915
OG0006315	rna-XM_0382492311	rna-XM_0382492311	rna-XM_0382492311	rna-XM_0382492311	ENSXNUT00000017090
OG0006316	rna-XM_0382495511	rna-XM_0382495511	rna-XM_0382495511	rna-XM_0382495511	ENSXNUT00000018836
OG0006317	rna-XM_0382668751	rna-XM_0382668751	rna-XM_0382668751	rna-XM_0382668751	ENSXNUT00000013903
OG0006318	rna-XM_0382485171	rna-XM_0382485171	rna-XM_0382485171	rna-XM_0382485171	ENSXNUT00000014844
OG0006319	rna-XM_0018516682	rna-XM_0018516682	rna-XM_0018516682	rna-XM_0018516682	ENSXNUT00000016257
OG0006320	rna-XM_0382580001	rna-XM_0382580001	rna-XM_0382580001	rna-XM_0382580001	ENSXNUT00000003404
OG0006321	rna-XM_0382573521	rna-XM_0382573521	rna-XM_0382573551	rna-XM_0382573521	ENSXNUT00000003124
OG0006322	rna-XM_0018706442	rna-XM_0018706442	rna-XM_0018706442	rna-XM_0018706442	ENSXNUT00000010971
OG0006323	rna-XM_0018519562	rna-XM_0018519562	rna-XM_0018519562	rna-XM_0018519562	ENSXNUT00000016013
OG0006324	rna-XM_0382644021	rna-XM_0382644021	rna-XM_0382644021	rna-XM_0382644021	ENSXNUT00000016011
OG0006325	rna-XM_0382608391	rna-XM_0382608391	rna-XM_0382608391	rna-XM_0382608391	ENSXNUT00000007714
OG0006326	rna-XM_0382625341	rna-XM_0382625341	rna-XM_0382625341	rna-XM_0382625341	ENSXNUT00000011430
OG0006327	rna-XM_0382492201	rna-XM_0382492201	rna-XM_0382492201	rna-XM_0382492201	ENSXNUT00000016925
OG0006328	rna-XM_0382559481	rna-XM_0382559481	rna-XM_0382559481	rna-XM_0382559481	ENSXNUT00000012276
OG0006329	rna-XM_0382667511	rna-XM_0382667511	rna-XM_0382667511	rna-XM_0382667511	ENSXNUT00000018541
OG0006330	rna-XM_0382491081	rna-XM_0382491081	rna-XM_0382491081	rna-XM_0382491081	ENSXNUT00000017418
OG0006331	rna-XM_0018522412	rna-XM_0018522412	rna-XM_0018522412	rna-XM_0018522412	ENSXNUT00000017018
OG0006332	rna-XM_0018525802	rna-XM_0018525802	rna-XM_0018525802	rna-XM_0018525802	ENSXNUT00000016757
OG0006333	rna-XM_0018526002	rna-XM_0018526002	rna-XM_0018526002	rna-XM_0018526002	ENSXNUT00000016926
OG0006334	rna-XM_0382480571	rna-XM_0382480571	rna-XM_0382480571	rna-XM_0382480571	ENSXNUT00000018705
OG0006335	rna-XM_0382525951	rna-XM_0382525951	rna-XM_0382525951	rna-XM_0382525951	ENSXNUT00000002474
OG0006336	rna-XM_0018706522	rna-XM_0018706522	rna-XM_0018706522	rna-XM_0018706522	ENSXNUT00000005011
OG0006337	rna-XM_0382526111	rna-XM_0382526111	rna-XM_0382526111	rna-XM_0382526111	ENSXNUT00000003375
OG0006338	rna-XM_0018706542	rna-XM_0018706542	rna-XM_0018706542	rna-XM_0018706542	ENSXNUT00000001701
OG0006339	rna-XM_0018706582	rna-XM_0018706582	rna-XM_0018706582	rna-XM_0018706582	ENSXNUT00000002808
OG0006340	rna-XM_0018706602	rna-XM_0018706602	rna-XM_0018706602	rna-XM_0018706602	ENSXNUT00000001331
OG0006341	rna-XM_0382527631	rna-XM_0382527671	rna-XM_0382527661	rna-XM_0382527791	ENSXNUT00000002922
OG0006342	rna-XM_0382632781	rna-XM_0382632781	rna-XM_0382632781	rna-XM_0382632781	ENSXNUT00000007979
OG0006343	rna-XM_0382654541	rna-XM_0382654541	rna-XM_0382654541	rna-XM_0382654541	ENSXNUT00000006968
OG0006344	rna-XM_0018531522	rna-XM_0018531522	rna-XM_0018531522	rna-XM_0018531522	ENSXNUT00000011877
OG0006345	rna-XM_0018531242	rna-XM_0018531242	rna-XM_0018531242	rna-XM_0018531242	ENSXNUT00000011018
OG0006346	rna-XM_0382640701	rna-XM_0382640701	rna-XM_0382640701	rna-XM_0382640701	ENSXNUT00000007487
OG0006347	rna-XM_0382640671	rna-XM_0382640671	rna-XM_0382640671	rna-XM_0382640671	ENSXNUT00000013576
OG0006348	rna-XM_0382640691	rna-XM_0382640691	rna-XM_0382640691	rna-XM_0382640691	ENSXNUT00000014388
OG0006349	rna-XM_0382620681	rna-XM_0382620681	rna-XM_0382620681	rna-XM_0382620681	ENSXNUT00000014795
OG0006350	rna-XM_0018531912	rna-XM_0018531912	rna-XM_0018531912	rna-XM_0018531912	ENSXNUT00000006278
OG0006351	rna-XM_0018531962	rna-XM_0018531962	rna-XM_0018531962	rna-XM_0018531962	ENSXNUT00000007885
OG0006352	rna-XM_0382635611	rna-XM_0382635611	rna-XM_0382635611	rna-XM_0382635611	ENSXNUT00000013042
OG0006353	rna-XM_0382663501	rna-XM_0382663501	rna-XM_0382663501	rna-XM_0382663501	ENSXNUT00000012598
OG0006354	rna-XM_0382606061	rna-XM_0382606061	rna-XM_0382606061	rna-XM_0382606061	ENSXNUT00000007879
OG0006355	rna-XM_0018533192	rna-XM_0018533192	rna-XM_0018533192	rna-XM_0018533192	ENSXNUT00000013709
OG0006356	rna-XM_0018706672	rna-XM_0018706672	rna-XM_0018706672	rna-XM_0018706672	ENSXNUT00000012614
OG0006357	rna-XM_0382627071	rna-XM_0382627071	rna-XM_0382627071	rna-XM_0382627071	ENSXNUT00000013112
OG0006358	rna-XM_0018533872	rna-XM_0018533872	rna-XM_0018533872	rna-XM_0018533872	ENSXNUT00000014661
OG0006359	rna-XM_0382585521	rna-XM_0382585521	rna-XM_0382585521	rna-XM_0382585521	ENSXNUT00000012754
OG0006360	rna-XM_0382555491	rna-XM_0382555491	rna-XM_0382555491	rna-XM_0382555491	ENSXNUT00000012125
OG0006361	rna-XM_0018706762	rna-XM_0018706762	rna-XM_0018706762	rna-XM_0018706762	ENSXNUT00000013917
OG0006362	rna-XM_0382540841	rna-XM_0382540841	rna-XM_0382540841	rna-XM_0382540841	ENSXNUT00000013313
OG0006363	rna-XM_0382488091	rna-XM_0382488091	rna-XM_0382488091	rna-XM_0382488091	ENSXNUT00000018612
OG0006364	rna-XM_0382486801	rna-XM_0382486831	rna-XM_0382486831	rna-XM_0382486831	ENSXNUT00000018717
OG0006365	rna-XM_0382483181	rna-XM_0382483181	rna-XM_0382483181	rna-XM_0382483181	ENSXNUT00000013849
OG0006366	rna-XM_0382591561	rna-XM_0382591561	rna-XM_0382591561	rna-XM_0382591561	ENSXNUT00000012344
OG0006367	rna-XM_0018534302	rna-XM_0018534302	rna-XM_0018534302	rna-XM_0018534302	ENSXNUT00000012660
OG0006368	rna-XM_0382609051	rna-XM_0382609051	rna-XM_0382609051	rna-XM_0382609051	ENSXNUT00000018558
OG0006369	rna-XM_0382594051	rna-XM_0382594051	rna-XM_0382594051	rna-XM_0382594051	ENSXNUT00000016475
OG0006370	rna-XM_0018706932	rna-XM_0018706932	rna-XM_0018706932	rna-XM_0018706932	ENSXNUT00000017027
OG0006371	rna-XM_0382540691	rna-XM_0382540691	rna-XM_0382540691	rna-XM_0382540691	ENSXNUT00000012954
OG0006372	rna-XM_0382566931	rna-XM_0382566931	rna-XM_0382566931	rna-XM_0382566931	ENSXNUT00000013031
OG0006373	rna-XM_0018707042	rna-XM_0018707042	rna-XM_0018707042	rna-XM_0018707042	ENSXNUT00000015862
OG0006374	rna-XM_0382487791	rna-XM_0382487791	rna-XM_0382487791	rna-XM_0382487791	ENSXNUT00000018923
OG0006375	rna-XM_0018707072	rna-XM_0018707072	rna-XM_0018707072	rna-XM_0018707072	ENSXNUT00000014702
OG0006376	rna-XM_0382491771	rna-XM_0382491771	rna-XM_0382491771	rna-XM_0382491771	ENSXNUT00000015378
OG0006377	rna-XM_0018707142	rna-XM_0018707142	rna-XM_0018707142	rna-XM_0018707142	ENSXNUT00000016117
OG0006378	rna-XM_0382493191	rna-XM_0382493191	rna-XM_0382493191	rna-XM_0382493191	ENSXNUT00000016391
OG0006379	rna-XM_0018707202	rna-XM_0018707202	rna-XM_0018707202	rna-XM_0018707202	ENSXNUT00000013820
OG0006380	rna-XM_0018707242	rna-XM_0018707242	rna-XM_0018707242	rna-XM_0018707242	ENSXNUT00000017020
OG0006381	rna-XM_0382488191	rna-XM_0382488191	rna-XM_0382488191	rna-XM_0382488191	ENSXNUT00000016362
OG0006382	rna-XM_0382491131	rna-XM_0382491131	rna-XM_0382491131	rna-XM_0382491131	ENSXNUT00000015844
OG0006383	rna-XM_0382629781	rna-XM_0382629781	rna-XM_0382629781	rna-XM_0382629781	ENSXNUT00000008590
OG0006384	rna-XM_0382618921	rna-XM_0382618921	rna-XM_0382618921	rna-XM_0382618921	ENSXNUT00000008750
OG0006385	rna-XM_0382634311	rna-XM_0382634311	rna-XM_0382634311	rna-XM_0382634311	ENSXNUT00000006565
OG0006386	rna-XM_0382605011	rna-XM_0382605011	rna-XM_0382605011	rna-XM_0382605011	ENSXNUT00000009408
OG0006387	rna-XM_0382605021	rna-XM_0382605021	rna-XM_0382605021	rna-XM_0382605021	ENSXNUT00000012938
OG0006388	rna-XM_0018707472	rna-XM_0018707472	rna-XM_0018707472	rna-XM_0018707472	ENSXNUT00000008048
OG0006389	rna-XM_0018707482	rna-XM_0018707482	rna-XM_0018707482	rna-XM_0018707482	ENSXNUT00000012268
OG0006390	rna-XM_0382639901	rna-XM_0382639901	rna-XM_0382639901	rna-XM_0382639901	ENSXNUT00000006757
OG0006391	rna-XM_0018707532	rna-XM_0018707532	rna-XM_0018707532	rna-XM_0018707532	ENSXNUT00000007848
OG0006392	rna-XM_0018707592	rna-XM_0018707592	rna-XM_0018707592	rna-XM_0018707592	ENSXNUT00000010450
OG0006393	rna-XM_0382653781	rna-XM_0382653781	rna-XM_0382653781	rna-XM_0382653781	ENSXNUT00000015148
OG0006394	rna-XM_0382656911	rna-XM_0382656911	rna-XM_0382656911	rna-XM_0382656911	ENSXNUT00000006415
OG0006395	rna-XM_0382606791	rna-XM_0382606791	rna-XM_0382606791	rna-XM_0382606791	ENSXNUT00000011970
OG0006396	rna-XM_0018707622	rna-XM_0018707622	rna-XM_0018707622	rna-XM_0018707622	ENSXNUT00000008040
OG0006398	rna-XM_0382631271	rna-XM_0382631271	rna-XM_0382631271	rna-XM_0382631271	ENSXNUT00000015627
OG0006399	rna-XM_0382631261	rna-XM_0382631261	rna-XM_0382631261	rna-XM_0382631261	ENSXNUT00000011177
OG0006400	rna-XM_0018707852	rna-XM_0018707852	rna-XM_0018707852	rna-XM_0018707852	ENSXNUT00000008501
OG0006401	rna-XM_0382606491	rna-XM_0382606491	rna-XM_0382606491	rna-XM_0382606491	ENSXNUT00000007942
OG0006402	rna-XM_0018707872	rna-XM_0018707872	rna-XM_0018707872	rna-XM_0018707872	ENSXNUT00000005980
OG0006403	rna-XM_0018707882	rna-XM_0018707882	rna-XM_0018707882	rna-XM_0018707882	ENSXNUT00000009745
OG0006404	rna-XM_0018707892	rna-XM_0018707892	rna-XM_0018707892	rna-XM_0018707892	ENSXNUT00000008163
OG0006405	rna-XM_0382652391	rna-XM_0382652391	rna-XM_0382652391	rna-XM_0382652391	ENSXNUT00000008613
OG0006406	rna-XM_0018707922	rna-XM_0018707922	rna-XM_0018707922	rna-XM_0018707922	ENSXNUT00000006441
OG0006407	rna-XM_0018707962	rna-XM_0018707962	rna-XM_0018707962	rna-XM_0018707962	ENSXNUT00000014717
OG0006408	rna-XM_0382622471	rna-XM_0382622471	rna-XM_0382622471	rna-XM_0382622471	ENSXNUT00000010350
OG0006409	rna-XM_0018707982	rna-XM_0018707982	rna-XM_0018707982	rna-XM_0018707982	ENSXNUT00000006174
OG0006410	rna-XM_0018708002	rna-XM_0018708002	rna-XM_0018708002	rna-XM_0018708002	ENSXNUT00000009414
OG0006411	rna-XM_0018708012	rna-XM_0018708012	rna-XM_0018708012	rna-XM_0018708012	ENSXNUT00000008258
OG0006412	rna-XM_0018708022	rna-XM_0018708022	rna-XM_0018708022	rna-XM_0018708022	ENSXNUT00000016342
OG0006413	rna-XM_0018535452	rna-XM_0018535452	rna-XM_0018535452	rna-XM_0018535452	ENSXNUT00000006371
OG0006414	rna-XM_0018535482	rna-XM_0018535482	rna-XM_0018535482	rna-XM_0018535482	ENSXNUT00000009517
OG0006415	rna-XM_0018708062	rna-XM_0018708062	rna-XM_0018708062	rna-XM_0018708062	ENSXNUT00000013571
OG0006416	rna-XM_0382587501	rna-XM_0382587501	rna-XM_0382587501	rna-XM_0382587501	ENSXNUT00000009385
OG0006417	rna-XM_0382611191	rna-XM_0382611191	rna-XM_0382611191	rna-XM_0382611191	ENSXNUT00000011799
OG0006418	rna-XM_0382540601	rna-XM_0382540601	rna-XM_0382540601	rna-XM_0382540601	ENSXNUT00000001962
OG0006419	rna-XM_0018535952	rna-XM_0018535952	rna-XM_0018535952	rna-XM_0018535952	ENSXNUT00000004208
OG0006420	rna-XM_0018708162	rna-XM_0018708162	rna-XM_0018708162	rna-XM_0018708162	ENSXNUT00000004324
OG0006421	rna-XM_0018708172	rna-XM_0018708172	rna-XM_0018708172	rna-XM_0018708172	ENSXNUT00000004481
OG0006422	rna-XM_0018536272	rna-XM_0018536272	rna-XM_0018536272	rna-XM_0018536272	ENSXNUT00000011858
OG0006423	rna-XM_0382644861	rna-XM_0382644861	rna-XM_0382644861	rna-XM_0382644861	ENSXNUT00000007397
OG0006424	rna-XM_0018536372	rna-XM_0018536372	rna-XM_0018536372	rna-XM_0018536372	ENSXNUT00000011540
OG0006425	rna-XM_0018708192	rna-XM_0018708192	rna-XM_0018708192	rna-XM_0018708192	ENSXNUT00000011562
OG0006426	rna-XM_0018539252	rna-XM_0018539252	rna-XM_0018539252	rna-XM_0018539252	ENSXNUT00000001858
OG0006427	rna-XM_0018539342	rna-XM_0018539342	rna-XM_0018539342	rna-XM_0018539342	ENSXNUT00000005168
OG0006428	rna-XM_0382520371	rna-XM_0382520371	rna-XM_0382520371	rna-XM_0382520371	ENSXNUT00000001916
OG0006429	rna-XM_0382520381	rna-XM_0382520381	rna-XM_0382520381	rna-XM_0382520381	ENSXNUT00000007889
OG0006430	rna-XM_0382547061	rna-XM_0382547061	rna-XM_0382547061	rna-XM_0382547061	ENSXNUT00000001441
OG0006431	rna-XM_0018708342	rna-XM_0018708342	rna-XM_0018708342	rna-XM_0018708342	ENSXNUT00000002173
OG0006432	rna-XM_0382525641	rna-XM_0382525641	rna-XM_0382525641	rna-XM_0382525641	ENSXNUT00000003428
OG0006433	rna-XM_0018708422	rna-XM_0018708422	rna-XM_0018708422	rna-XM_0018708422	ENSXNUT00000006296
OG0006434	rna-XM_0018708432	rna-XM_0018708432	rna-XM_0018708432	rna-XM_0018708432	ENSXNUT00000001960
OG0006435	rna-XM_0382568381	rna-XM_0382568381	rna-XM_0382568381	rna-XM_0382568381	ENSXNUT00000002033
OG0006436	rna-XM_0382542331	rna-XM_0382542331	rna-XM_0382542331	rna-XM_0382542331	ENSXNUT00000003141
OG0006437	rna-XM_0018708472	rna-XM_0018708472	rna-XM_0018708472	rna-XM_0018708472	ENSXNUT00000004121
OG0006438	rna-XM_0382521391	rna-XM_0382521391	rna-XM_0382521391	rna-XM_0382521391	ENSXNUT00000005005
OG0006439	rna-XM_0018708522	rna-XM_0018708522	rna-XM_0018708522	rna-XM_0018708522	ENSXNUT00000002886
OG0006440	rna-XM_0018708532	rna-XM_0018708532	rna-XM_0018708532	rna-XM_0018708532	ENSXNUT00000002302
OG0006441	rna-XM_0018708542	rna-XM_0018708542	rna-XM_0018708542	rna-XM_0018708542	ENSXNUT00000002570
OG0006442	rna-XM_0382528341	rna-XM_0382528341	rna-XM_0382528341	rna-XM_0382528341	ENSXNUT00000003335
OG0006443	rna-XM_0018540232	rna-XM_0018540232	rna-XM_0018540232	rna-XM_0018540232	ENSXNUT00000011553
OG0006444	rna-XM_0382599381	rna-XM_0382599381	rna-XM_0382599381	rna-XM_0382599381	ENSXNUT00000014542
OG0006445	rna-XM_0382663001	rna-XM_0382663001	rna-XM_0382663001	rna-XM_0382663001	ENSXNUT00000010310
OG0006446	rna-XM_0382542991	rna-XM_0382542991	rna-XM_0382542991	rna-XM_0382542991	ENSXNUT00000000813
OG0006447	rna-XM_0382559211	rna-XM_0382559211	rna-XM_0382559211	rna-XM_0382559211	ENSXNUT00000015782
OG0006448	rna-XM_0382571351	rna-XM_0382571351	rna-XM_0382571351	rna-XM_0382571351	ENSXNUT00000000489
OG0006449	rna-XM_0018543982	rna-XM_0018543982	rna-XM_0018543982	rna-XM_0018543982	ENSXNUT00000004421
OG0006450	rna-XM_0382548721	rna-XM_0382548721	rna-XM_0382548721	rna-XM_0382548721	ENSXNUT00000003123
OG0006451	rna-XM_0382528361	rna-XM_0382528361	rna-XM_0382528361	rna-XM_0382528361	ENSXNUT00000007869
OG0006452	rna-XM_0382525061	rna-XM_0382525061	rna-XM_0382525061	rna-XM_0382525061	ENSXNUT00000001857
OG0006453	rna-XM_0018546062	rna-XM_0018546062	rna-XM_0018546062	rna-XM_0018546062	ENSXNUT00000000514
OG0006454	rna-XM_0382513531	rna-XM_0382513531	rna-XM_0382513531	rna-XM_0382513531	ENSXNUT00000009644
OG0006455	rna-XM_0382547731	rna-XM_0382547731	rna-XM_0382547731	rna-XM_0382547731	ENSXNUT00000005733
OG0006456	rna-XM_0382528411	rna-XM_0382528411	rna-XM_0382528411	rna-XM_0382528411	ENSXNUT00000004656
OG0006457	rna-XM_0382577581	rna-XM_0382577581	rna-XM_0382577581	rna-XM_0382577581	ENSXNUT00000001540
OG0006458	rna-XM_0382577601	rna-XM_0382577601	rna-XM_0382577601	rna-XM_0382577601	ENSXNUT00000001487
OG0006459	rna-XM_0382558201	rna-XM_0382558201	rna-XM_0382558201	rna-XM_0382558201	ENSXNUT00000000670
OG0006460	rna-XM_0382539291	rna-XM_0382539291	rna-XM_0382539291	rna-XM_0382539291	ENSXNUT00000006785
OG0006461	rna-XM_0018551142	rna-XM_0018551142	rna-XM_0018551142	rna-XM_0018551142	ENSXNUT00000002831
OG0006462	rna-XM_0382546041	rna-XM_0382546041	rna-XM_0382546041	rna-XM_0382546041	ENSXNUT00000005490
OG0006463	rna-XM_0382545971	rna-XM_0382545971	rna-XM_0382545971	rna-XM_0382545971	ENSXNUT00000003679
OG0006464	rna-XM_0382545961	rna-XM_0382545961	rna-XM_0382545961	rna-XM_0382545961	ENSXNUT00000003022
OG0006465	rna-XM_0382524471	rna-XM_0382524471	rna-XM_0382524471	rna-XM_0382524471	ENSXNUT00000001029
OG0006466	rna-XM_0018550532	rna-XM_0018550532	rna-XM_0018550532	rna-XM_0018550532	ENSXNUT00000003519
OG0006467	rna-XM_0018554752	rna-XM_0018554752	rna-XM_0018554752	rna-XM_0018554752	ENSXNUT00000002506
OG0006468	rna-XM_0382560311	rna-XM_0382560311	rna-XM_0382560311	rna-XM_0382560311	ENSXNUT00000008060
OG0006469	rna-XM_0018557922	rna-XM_0018557922	rna-XM_0018557922	rna-XM_0018557922	ENSXNUT00000001474
OG0006470	rna-XM_0018557712	rna-XM_0018557712	rna-XM_0018557712	rna-XM_0018557712	ENSXNUT00000001804
OG0006471	rna-XM_0018558082	rna-XM_0018558082	rna-XM_0018558082	rna-XM_0018558082	ENSXNUT00000000443
OG0006472	rna-XM_0382537151	rna-XM_0382537151	rna-XM_0382537151	rna-XM_0382537151	ENSXNUT00000004339
OG0006473	rna-XM_0018558182	rna-XM_0018558182	rna-XM_0018558182	rna-XM_0018558182	ENSXNUT00000001220
OG0006474	rna-XM_0018558372	rna-XM_0018558372	rna-XM_0018558372	rna-XM_0018558372	ENSXNUT00000001390
OG0006475	rna-XM_0018558402	rna-XM_0018558402	rna-XM_0018558402	rna-XM_0018558402	ENSXNUT00000008437
OG0006476	rna-XM_0018558442	rna-XM_0018558442	rna-XM_0018558442	rna-XM_0018558442	ENSXNUT00000004528
OG0006477	rna-XM_0018558492	rna-XM_0018558492	rna-XM_0018558492	rna-XM_0018558492	ENSXNUT00000005573
OG0006478	rna-XM_0018558532	rna-XM_0018558532	rna-XM_0018558532	rna-XM_0018558532	ENSXNUT00000000184
OG0006479	rna-XM_0018558582	rna-XM_0018558582	rna-XM_0018558582	rna-XM_0018558582	ENSXNUT00000005505
OG0006480	rna-XM_0018558632	rna-XM_0018558632	rna-XM_0018558632	rna-XM_0018558632	ENSXNUT00000002887
OG0006481	rna-XM_0018559032	rna-XM_0018559032	rna-XM_0018559032	rna-XM_0018559032	ENSXNUT00000010127
OG0006482	rna-XM_0382650091	rna-XM_0382650091	rna-XM_0382650091	rna-XM_0382650091	ENSXNUT00000014165
OG0006483	rna-XM_0382616801	rna-XM_0382616801	rna-XM_0382616801	rna-XM_0382616801	ENSXNUT00000009666
OG0006484	rna-XM_0018708582	rna-XM_0018708582	rna-XM_0018708582	rna-XM_0018708582	ENSXNUT00000006773
OG0006485	rna-XM_0018568482	rna-XM_0018568482	rna-XM_0018568482	rna-XM_0018568482	ENSXNUT00000001592
OG0006486	rna-XM_0382559041	rna-XM_0382559041	rna-XM_0382559041	rna-XM_0382559041	ENSXNUT00000002648
OG0006487	rna-XM_0382563211	rna-XM_0382563211	rna-XM_0382563211	rna-XM_0382563211	ENSXNUT00000005478
OG0006488	rna-XM_0382495311	rna-XM_0382495311	rna-XM_0382495311	rna-XM_0382495311	ENSXNUT00000012356
OG0006489	rna-XM_0018574812	rna-XM_0018574812	rna-XM_0018574812	rna-XM_0018574812	ENSXNUT00000005647
OG0006490	rna-XM_0018574942	rna-XM_0018574942	rna-XM_0018574942	rna-XM_0018574942	ENSXNUT00000000138
OG0006491	rna-XM_0018575022	rna-XM_0018575022	rna-XM_0018575022	rna-XM_0018575022	ENSXNUT00000000690
OG0006492	rna-XM_0382547871	rna-XM_0382547871	rna-XM_0382547871	rna-XM_0382547871	ENSXNUT00000004971
OG0006493	rna-XM_0382523731	rna-XM_0382523731	rna-XM_0382523731	rna-XM_0382523731	ENSXNUT00000001232
OG0006494	rna-XM_0382553461	rna-XM_0382553461	rna-XM_0382553461	rna-XM_0382553461	ENSXNUT00000007106
OG0006495	rna-XM_0018574752	rna-XM_0018574752	rna-XM_0018574752	rna-XM_0018574752	ENSXNUT00000001554
OG0006496	rna-XM_0382543511	rna-XM_0382543511	rna-XM_0382543511	rna-XM_0382543511	ENSXNUT00000009183
OG0006497	rna-XM_0018576672	rna-XM_0018576672	rna-XM_0018576672	rna-XM_0018576672	ENSXNUT00000002088
OG0006498	rna-XM_0018576802	rna-XM_0018576802	rna-XM_0018576802	rna-XM_0018576802	ENSXNUT00000011186
OG0006499	rna-XM_0018576842	rna-XM_0018576842	rna-XM_0018576842	rna-XM_0018576842	ENSXNUT00000002970
OG0006500	rna-XM_0382533071	rna-XM_0382533071	rna-XM_0382533071	rna-XM_0382533071	ENSXNUT00000006420
OG0006501	rna-XM_0382599211	rna-XM_0382599211	rna-XM_0382599211	rna-XM_0382599211	ENSXNUT00000010305
OG0006502	rna-XM_0382649621	rna-XM_0382649621	rna-XM_0382649621	rna-XM_0382649621	ENSXNUT00000008045
OG0006503	rna-XM_0018708742	rna-XM_0018708742	rna-XM_0018708742	rna-XM_0018708742	ENSXNUT00000007781
OG0006505	rna-XM_0382654741	rna-XM_0382654741	rna-XM_0382654741	rna-XM_0382654741	ENSXNUT00000009576
OG0006506	rna-XM_0382506511	rna-XM_0382506511	rna-XM_0382506511	rna-XM_0382506511	ENSXNUT00000001033
OG0006507	rna-XM_0382519061	rna-XM_0382519061	rna-XM_0382519061	rna-XM_0382519061	ENSXNUT00000000429
OG0006508	rna-XM_0018581362	rna-XM_0018581362	rna-XM_0018581362	rna-XM_0018581362	ENSXNUT00000000625
OG0006509	rna-XM_0382561281	rna-XM_0382561281	rna-XM_0382561281	rna-XM_0382561281	ENSXNUT00000002787
OG0006510	rna-XM_0382519201	rna-XM_0382519201	rna-XM_0382519201	rna-XM_0382519201	ENSXNUT00000002724
OG0006511	rna-XM_0382567371	rna-XM_0382567371	rna-XM_0382567371	rna-XM_0382567371	ENSXNUT00000000108
OG0006512	rna-XM_0018582862	rna-XM_0018582862	rna-XM_0018582862	rna-XM_0018582862	ENSXNUT00000004945
OG0006513	rna-XM_0382548761	rna-XM_0382548761	rna-XM_0382548761	rna-XM_0382548761	ENSXNUT00000003779
OG0006514	rna-XM_0018708822	rna-XM_0018708822	rna-XM_0018708822	rna-XM_0018708822	ENSXNUT00000004150
OG0006515	rna-XM_0382508891	rna-XM_0382508891	rna-XM_0382508891	rna-XM_0382508891	ENSXNUT00000001040
OG0006516	rna-XM_0382525261	rna-XM_0382525261	rna-XM_0382525261	rna-XM_0382525261	ENSXNUT00000005182
OG0006517	rna-XM_0018708872	rna-XM_0018708872	rna-XM_0018708872	rna-XM_0018708872	ENSXNUT00000004571
OG0006518	rna-XM_0382525241	rna-XM_0382525241	rna-XM_0382525241	rna-XM_0382525241	ENSXNUT00000001140
OG0006519	rna-XM_0018708922	rna-XM_0018708922	rna-XM_0018708922	rna-XM_0018708922	ENSXNUT00000000119
OG0006520	rna-XM_0018708932	rna-XM_0018708932	rna-XM_0018708932	rna-XM_0018708932	ENSXNUT00000009521
OG0006521	rna-XM_0382525301	rna-XM_0382525301	rna-XM_0382525301	rna-XM_0382525301	ENSXNUT00000002974
OG0006522	rna-XM_0382606591	rna-XM_0382606591	rna-XM_0382606591	rna-XM_0382606591	ENSXNUT00000008141
OG0006523	rna-XM_0018584382	rna-XM_0018584382	rna-XM_0018584382	rna-XM_0018584382	ENSXNUT00000010246
OG0006524	rna-XM_0382644011	rna-XM_0382644011	rna-XM_0382644011	rna-XM_0382644011	ENSXNUT00000011422
OG0006525	rna-XM_0018709042	rna-XM_0018709042	rna-XM_0018709042	rna-XM_0018709042	ENSXNUT00000006366
OG0006526	rna-XM_0018585702	rna-XM_0018585702	rna-XM_0018585702	rna-XM_0018585702	ENSXNUT00000013833
OG0006527	rna-XM_0018585642	rna-XM_0018585642	rna-XM_0018585642	rna-XM_0018585642	ENSXNUT00000017085
OG0006528	rna-XM_0382592771	rna-XM_0382592771	rna-XM_0382592771	rna-XM_0382592771	ENSXNUT00000006277
OG0006529	rna-XM_0018585882	rna-XM_0018585882	rna-XM_0018585882	rna-XM_0018585882	ENSXNUT00000006378
OG0006530	rna-XM_0382605891	rna-XM_0382605891	rna-XM_0382605891	rna-XM_0382605891	ENSXNUT00000007011
OG0006531	rna-XM_0018585992	rna-XM_0018585992	rna-XM_0018585992	rna-XM_0018585992	ENSXNUT00000007263
OG0006532	rna-XM_0382601261	rna-XM_0382601261	rna-XM_0382601261	rna-XM_0382601261	ENSXNUT00000016320
OG0006533	rna-XM_0382582301	rna-XM_0382582301	rna-XM_0382582301	rna-XM_0382582301	ENSXNUT00000014306
OG0006534	rna-XM_0382671171	rna-XM_0382671171	rna-XM_0382671171	rna-XM_0382671171	ENSXNUT00000018316
OG0006535	rna-XM_0382485871	rna-XM_0382485871	rna-XM_0382485871	rna-XM_0382485871	ENSXNUT00000018706
OG0006536	rna-XM_0382489331	rna-XM_0382489331	rna-XM_0382489331	rna-XM_0382489331	ENSXNUT00000018912
OG0006537	rna-XM_0018589872	rna-XM_0018589872	rna-XM_0018589872	rna-XM_0018589872	ENSXNUT00000013831
OG0006538	rna-XM_0018590002	rna-XM_0018590002	rna-XM_0018590002	rna-XM_0018590002	ENSXNUT00000012016
OG0006539	rna-XM_0018590132	rna-XM_0018590132	rna-XM_0018590132	rna-XM_0018590132	ENSXNUT00000011343
OG0006540	rna-XM_0018590272	rna-XM_0018590272	rna-XM_0018590272	rna-XM_0018590272	ENSXNUT00000006543
OG0006541	rna-XM_0018590322	rna-XM_0018590322	rna-XM_0018590322	rna-XM_0018590322	ENSXNUT00000008028
OG0006542	rna-XM_0018709432	rna-XM_0018709432	rna-XM_0018709432	rna-XM_0018709432	ENSXNUT00000015010
OG0006543	rna-XM_0018709452	rna-XM_0018709452	rna-XM_0018709452	rna-XM_0018709452	ENSXNUT00000006053
OG0006544	rna-XM_0382654301	rna-XM_0382654301	rna-XM_0382654301	rna-XM_0382654301	ENSXNUT00000006123
OG0006545	rna-XM_0018709482	rna-XM_0018709482	rna-XM_0018709482	rna-XM_0018709482	ENSXNUT00000010022
OG0006546	rna-XM_0382620791	rna-XM_0382620791	rna-XM_0382620791	rna-XM_0382620791	ENSXNUT00000010424
OG0006547	rna-XM_0382645111	rna-XM_0382645111	rna-XM_0382645111	rna-XM_0382645111	ENSXNUT00000007105
OG0006548	rna-XM_0382600481	rna-XM_0382600481	rna-XM_0382600491	rna-XM_0382600481	ENSXNUT00000016465
OG0006549	rna-XM_0382598361	rna-XM_0382598361	rna-XM_0382598361	rna-XM_0382598361	ENSXNUT00000008570
OG0006550	rna-XM_0382651701	rna-XM_0382651701	rna-XM_0382651701	rna-XM_0382651701	ENSXNUT00000013953
OG0006551	rna-XM_0382598371	rna-XM_0382598371	rna-XM_0382598371	rna-XM_0382598371	ENSXNUT00000013083
OG0006552	rna-XM_0382513401	rna-XM_0382513401	rna-XM_0382513401	rna-XM_0382513401	ENSXNUT00000005786
OG0006553	rna-XM_0382504611	rna-XM_0382504611	rna-XM_0382552061	rna-XM_0382504611	ENSXNUT00000002012
OG0006554	rna-XM_0018594372	rna-XM_0018594372	rna-XM_0018594372	rna-XM_0018594372	ENSXNUT00000003601
OG0006555	rna-XM_0382527541	rna-XM_0382527541	rna-XM_0382527541	rna-XM_0382527541	ENSXNUT00000001495
OG0006556	rna-XM_0382578701	rna-XM_0382578701	rna-XM_0382578701	rna-XM_0382578701	ENSXNUT00000003326
OG0006557	rna-XM_0018595462	rna-XM_0018595462	rna-XM_0018595462	rna-XM_0018595462	ENSXNUT00000011482
OG0006558	rna-XM_0382567231	rna-XM_0382567231	rna-XM_0382567231	rna-XM_0382567231	ENSXNUT00000008345
OG0006559	rna-XM_0382570201	rna-XM_0382570201	rna-XM_0382570201	rna-XM_0382570201	ENSXNUT00000004369
OG0006560	rna-XM_0018595822	rna-XM_0018595822	rna-XM_0018595822	rna-XM_0018595822	ENSXNUT00000004970
OG0006561	rna-XM_0018596122	rna-XM_0018596122	rna-XM_0018596122	rna-XM_0018596122	ENSXNUT00000005591
OG0006562	rna-XM_0018596492	rna-XM_0018596492	rna-XM_0018596492	rna-XM_0018596492	ENSXNUT00000004817
OG0006563	rna-XM_0382556381	rna-XM_0382556411	rna-XM_0382556381	rna-XM_0382556381	ENSXNUT00000001695
OG0006564	rna-XM_0382632521	rna-XM_0382632521	rna-XM_0382632521	rna-XM_0382632521	ENSXNUT00000011787
OG0006565	rna-XM_0382663931	rna-XM_0382663931	rna-XM_0382663931	rna-XM_0382663931	ENSXNUT00000008745
OG0006566	rna-XM_0382627631	rna-XM_0382627631	rna-XM_0382627631	rna-XM_0382627631	ENSXNUT00000010646
OG0006567	rna-XM_0018598992	rna-XM_0018598992	rna-XM_0018598992	rna-XM_0018598992	ENSXNUT00000010601
OG0006568	rna-XM_0018599042	rna-XM_0018599042	rna-XM_0018599042	rna-XM_0018599042	ENSXNUT00000010719
OG0006569	rna-XM_0382620011	rna-XM_0382620011	rna-XM_0382620011	rna-XM_0382620011	ENSXNUT00000007099
OG0006570	rna-XM_0382656041	rna-XM_0382656041	rna-XM_0382656041	rna-XM_0382656041	ENSXNUT00000016960
OG0006571	rna-XM_0382656061	rna-XM_0382656061	rna-XM_0382656061	rna-XM_0382656061	ENSXNUT00000014097
OG0006572	rna-XM_0018602062	rna-XM_0018602062	rna-XM_0018602062	rna-XM_0018602062	ENSXNUT00000011127
OG0006573	rna-XM_0382631251	rna-XM_0382631251	rna-XM_0382631251	rna-XM_0382631251	ENSXNUT00000008741
OG0006574	rna-XM_0382629231	rna-XM_0382629231	rna-XM_0382629231	rna-XM_0382629231	ENSXNUT00000011175
OG0006575	rna-XM_0382559931	rna-XM_0382559931	rna-XM_0382559931	rna-XM_0382559931	ENSXNUT00000018871
OG0006576	rna-XM_0382491511	rna-XM_0382491511	rna-XM_0382491511	rna-XM_0382491511	ENSXNUT00000017041
OG0006577	rna-XM_0382665001	rna-XM_0382665001	rna-XM_0382665001	rna-XM_0382665001	ENSXNUT00000015477
OG0006578	rna-XM_0382554201	rna-XM_0382554201	rna-XM_0382554201	rna-XM_0382554201	ENSXNUT00000000738
OG0006579	rna-XM_0018609782	rna-XM_0018609782	rna-XM_0018609782	rna-XM_0018609782	ENSXNUT00000013025
OG0006580	rna-XM_0382597361	rna-XM_0382597361	rna-XM_0382597361	rna-XM_0382597361	ENSXNUT00000011344
OG0006581	rna-XM_0382504741	rna-XM_0382504741	rna-XM_0382504741	rna-XM_0382504741	ENSXNUT00000001647
OG0006582	rna-XM_0382581771	rna-XM_0382581771	rna-XM_0382581771	rna-XM_0382581771	ENSXNUT00000001096
OG0006583	rna-XM_0382504731	rna-XM_0382504731	rna-XM_0382504731	rna-XM_0382504731	ENSXNUT00000001072
OG0006584	rna-XM_0382561841	rna-XM_0382561841	rna-XM_0382561841	rna-XM_0382561841	ENSXNUT00000000200
OG0006585	rna-XM_0382537411	rna-XM_0382537411	rna-XM_0382537411	rna-XM_0382537411	ENSXNUT00000001131
OG0006586	rna-XM_0018612782	rna-XM_0018612782	rna-XM_0018612782	rna-XM_0018612782	ENSXNUT00000000063
OG0006587	rna-XM_0382645011	rna-XM_0382645011	rna-XM_0382645011	rna-XM_0382645091	ENSXNUT00000016512
OG0006588	rna-XM_0018612902	rna-XM_0018612902	rna-XM_0018612902	rna-XM_0018612902	ENSXNUT00000013543
OG0006589	rna-XM_0382649301	rna-XM_0382649301	rna-XM_0382649301	rna-XM_0382649301	ENSXNUT00000008116
OG0006590	rna-XM_0382613331	rna-XM_0382613331	rna-XM_0382613331	rna-XM_0382613331	ENSXNUT00000011000
OG0006591	rna-XM_0382638881	rna-XM_0382638881	rna-XM_0382638881	rna-XM_0382638881	ENSXNUT00000008307
OG0006592	rna-XM_0382646831	rna-XM_0382646831	rna-XM_0382646831	rna-XM_0382646831	ENSXNUT00000007582
OG0006593	rna-XM_0382630801	rna-XM_0382630801	rna-XM_0382630801	rna-XM_0382630801	ENSXNUT00000007073
OG0006594	rna-XM_0382535541	rna-XM_0382535541	rna-XM_0382535541	rna-XM_0382535541	ENSXNUT00000002802
OG0006595	rna-XM_0382524161	rna-XM_0382524161	rna-XM_0382524161	rna-XM_0382524161	ENSXNUT00000001991
OG0006596	rna-XM_0018613112	rna-XM_0018613112	rna-XM_0018613112	rna-XM_0018613112	ENSXNUT00000001217
OG0006597	rna-XM_0382516751	rna-XM_0382516751	rna-XM_0382516751	rna-XM_0382516751	ENSXNUT00000001556
OG0006598	rna-XM_0382511311	rna-XM_0382511311	rna-XM_0382511311	rna-XM_0382511311	ENSXNUT00000005217
OG0006599	rna-XM_0018613142	rna-XM_0018613142	rna-XM_0018613142	rna-XM_0018613142	ENSXNUT00000001243
OG0006600	rna-XM_0018613192	rna-XM_0018613192	rna-XM_0018613192	rna-XM_0018613192	ENSXNUT00000000310
OG0006601	rna-XM_0382606561	rna-XM_0382606561	rna-XM_0382606561	rna-XM_0382606561	ENSXNUT00000010903
OG0006602	rna-XM_0382644431	rna-XM_0382644431	rna-XM_0382644431	rna-XM_0382644431	ENSXNUT00000010276
OG0006603	rna-XM_0382626741	rna-XM_0382626741	rna-XM_0382626741	rna-XM_0382626741	ENSXNUT00000008533
OG0006604	rna-XM_0018613522	rna-XM_0018613522	rna-XM_0018613522	rna-XM_0018613522	ENSXNUT00000013351
OG0006605	rna-XM_0018613532	rna-XM_0018613532	rna-XM_0018613532	rna-XM_0018613532	ENSXNUT00000009824
OG0006606	rna-XM_0018613512	rna-XM_0018613512	rna-XM_0018613512	rna-XM_0018613512	ENSXNUT00000008572
OG0006607	rna-XM_0382628051	rna-XM_0382628051	rna-XM_0382628051	rna-XM_0382628051	ENSXNUT00000006025
OG0006608	rna-XM_0018613502	rna-XM_0018613502	rna-XM_0018613502	rna-XM_0018613502	ENSXNUT00000008443
OG0006609	rna-XM_0382620051	rna-XM_0382620051	rna-XM_0382620051	rna-XM_0382620051	ENSXNUT00000014669
OG0006610	rna-XM_0382655421	rna-XM_0382655421	rna-XM_0382655421	rna-XM_0382655421	ENSXNUT00000016909
OG0006611	rna-XM_0018613572	rna-XM_0018613572	rna-XM_0018613572	rna-XM_0018613572	ENSXNUT00000011505
OG0006612	rna-XM_0018613582	rna-XM_0018613582	rna-XM_0018613582	rna-XM_0018613582	ENSXNUT00000010302
OG0006613	rna-XM_0382650141	rna-XM_0382650141	rna-XM_0382650141	rna-XM_0382650141	ENSXNUT00000010936
OG0006614	rna-XM_0018613602	rna-XM_0018613602	rna-XM_0018613602	rna-XM_0018613602	ENSXNUT00000010191
OG0006615	rna-XM_0018613612	rna-XM_0018613612	rna-XM_0018613612	rna-XM_0018613612	ENSXNUT00000007896
OG0006616	rna-XM_0018613622	rna-XM_0018613622	rna-XM_0018613622	rna-XM_0018613622	ENSXNUT00000010365
OG0006617	rna-XM_0382627431	rna-XM_0382627431	rna-XM_0382627431	rna-XM_0382627431	ENSXNUT00000014313
OG0006618	rna-XM_0382611151	rna-XM_0382611151	rna-XM_0382611151	rna-XM_0382611151	ENSXNUT00000010083
OG0006619	rna-XM_0382636541	rna-XM_0382636541	rna-XM_0382636541	rna-XM_0382636541	ENSXNUT00000010904
OG0006620	rna-XM_0382646341	rna-XM_0382646341	rna-XM_0382646341	rna-XM_0382646341	ENSXNUT00000007318
OG0006621	rna-XM_0382663641	rna-XM_0382663641	rna-XM_0382663641	rna-XM_0382663641	ENSXNUT00000010316
OG0006622	rna-XM_0018613482	rna-XM_0018613482	rna-XM_0018613482	rna-XM_0018613482	ENSXNUT00000009124
OG0006623	rna-XM_0382583701	rna-XM_0382583701	rna-XM_0382583701	rna-XM_0382583701	ENSXNUT00000005062
OG0006624	rna-XM_0382535351	rna-XM_0382535351	rna-XM_0382535351	rna-XM_0382535351	ENSXNUT00000002992
OG0006625	rna-XM_0018614362	rna-XM_0018614362	rna-XM_0018614362	rna-XM_0018614362	ENSXNUT00000017435
OG0006626	rna-XM_0382605391	rna-XM_0382605391	rna-XM_0382605391	rna-XM_0382605391	ENSXNUT00000015592
OG0006627	rna-XM_0018614352	rna-XM_0018614352	rna-XM_0018614352	rna-XM_0018614352	ENSXNUT00000011352
OG0006628	rna-XM_0382604761	rna-XM_0382604761	rna-XM_0382604761	rna-XM_0382604761	ENSXNUT00000006668
OG0006629	rna-XM_0382523741	rna-XM_0382523781	rna-XM_0382523741	rna-XM_0382523741	ENSXNUT00000008219
OG0006630	rna-XM_0382554781	rna-XM_0382554781	rna-XM_0382554781	rna-XM_0382554781	ENSXNUT00000004449
OG0006631	rna-XM_0018614552	rna-XM_0018614552	rna-XM_0018614552	rna-XM_0018614552	ENSXNUT00000002753
OG0006632	rna-XM_0018614582	rna-XM_0018614582	rna-XM_0018614582	rna-XM_0018614582	ENSXNUT00000001106
OG0006633	rna-XM_0018614592	rna-XM_0018614592	rna-XM_0018614592	rna-XM_0018614592	ENSXNUT00000006364
OG0006634	rna-XM_0018614612	rna-XM_0018614612	rna-XM_0018614612	rna-XM_0018614612	ENSXNUT00000003641
OG0006635	rna-XM_0018614622	rna-XM_0018614622	rna-XM_0018614622	rna-XM_0018614622	ENSXNUT00000000126
OG0006636	rna-XM_0018614682	rna-XM_0018614682	rna-XM_0018614682	rna-XM_0018614682	ENSXNUT00000007239
OG0006637	rna-XM_0018614692	rna-XM_0018614692	rna-XM_0018614692	rna-XM_0018614692	ENSXNUT00000008457
OG0006638	rna-XM_0018614652	rna-XM_0018614652	rna-XM_0018614652	rna-XM_0018614652	ENSXNUT00000015615
OG0006639	rna-XM_0018614762	rna-XM_0018614762	rna-XM_0018614762	rna-XM_0018614762	ENSXNUT00000009834
OG0006640	rna-XM_0018614772	rna-XM_0018614772	rna-XM_0018614772	rna-XM_0018614772	ENSXNUT00000008081
OG0006641	rna-XM_0382621801	rna-XM_0382621801	rna-XM_0382621801	rna-XM_0382621801	ENSXNUT00000010919
OG0006642	rna-XM_0018614802	rna-XM_0018614802	rna-XM_0018614802	rna-XM_0018614802	ENSXNUT00000015647
OG0006643	rna-XM_0382627721	rna-XM_0382627721	rna-XM_0382627721	rna-XM_0382627721	ENSXNUT00000010303
OG0006644	rna-XM_0382657831	rna-XM_0382657831	rna-XM_0382657831	rna-XM_0382657831	ENSXNUT00000012733
OG0006645	rna-XM_0382547151	rna-XM_0382547151	rna-XM_0382547151	rna-XM_0382547151	ENSXNUT00000004021
OG0006646	rna-XM_0382568851	rna-XM_0382568851	rna-XM_0382568851	rna-XM_0382568851	ENSXNUT00000003056
OG0006647	rna-XM_0382545441	rna-XM_0382545441	rna-XM_0382545441	rna-XM_0382545441	ENSXNUT00000003688
OG0006649	rna-XM_0382622201	rna-XM_0382622201	rna-XM_0382622201	rna-XM_0382622201	ENSXNUT00000016397
OG0006650	rna-XM_0018615212	rna-XM_0018615212	rna-XM_0018615212	rna-XM_0018615212	ENSXNUT00000007813
OG0006651	rna-XM_0382629261	rna-XM_0382629261	rna-XM_0382629261	rna-XM_0382629261	ENSXNUT00000011443
OG0006652	rna-XM_0018615262	rna-XM_0018615262	rna-XM_0018615262	rna-XM_0018615262	ENSXNUT00000011197
OG0006653	rna-XM_0382653861	rna-XM_0382653861	rna-XM_0382653861	rna-XM_0382653861	ENSXNUT00000010352
OG0006654	rna-XM_0382625921	rna-XM_0382625921	rna-XM_0382625921	rna-XM_0382625921	ENSXNUT00000012126
OG0006655	rna-XM_0382659631	rna-XM_0382659631	rna-XM_0382659631	rna-XM_0382659631	ENSXNUT00000006498
OG0006657	rna-XM_0018615332	rna-XM_0018615332	rna-XM_0018615332	rna-XM_0018615332	ENSXNUT00000011974
OG0006658	rna-XM_0382654551	rna-XM_0382654551	rna-XM_0382654551	rna-XM_0382654551	ENSXNUT00000006197
OG0006659	rna-XM_0018615562	rna-XM_0018615562	rna-XM_0018615562	rna-XM_0018615562	ENSXNUT00000006231
OG0006660	rna-XM_0382596641	rna-XM_0382596641	rna-XM_0382596641	rna-XM_0382596641	ENSXNUT00000009884
OG0006661	rna-XM_0382649021	rna-XM_0382649021	rna-XM_0382649021	rna-XM_0382649021	ENSXNUT00000006397
OG0006662	rna-XM_0018615692	rna-XM_0018615692	rna-XM_0018615692	rna-XM_0018615692	ENSXNUT00000004883
OG0006663	rna-XM_0018615742	rna-XM_0018615742	rna-XM_0018615742	rna-XM_0018615742	ENSXNUT00000001397
OG0006664	rna-XM_0382583071	rna-XM_0382583071	rna-XM_0382583071	rna-XM_0382583071	ENSXNUT00000005811
OG0006665	rna-XM_0382535281	rna-XM_0382535281	rna-XM_0382535281	rna-XM_0382535281	ENSXNUT00000003530
OG0006666	rna-XM_0382577571	rna-XM_0382577571	rna-XM_0382577571	rna-XM_0382577571	ENSXNUT00000004233
OG0006667	rna-XM_0382552701	rna-XM_0382552701	rna-XM_0382552701	rna-XM_0382552701	ENSXNUT00000002469
OG0006668	rna-XM_0382542211	rna-XM_0382542211	rna-XM_0382542211	rna-XM_0382542211	ENSXNUT00000003385
OG0006669	rna-XM_0382661311	rna-XM_0382661321	rna-XM_0382661311	rna-XM_0382661311	ENSXNUT00000009773
OG0006670	rna-XM_0382657921	rna-XM_0382657921	rna-XM_0382657921	rna-XM_0382657921	ENSXNUT00000013285
OG0006671	rna-XM_0382616121	rna-XM_0382616121	rna-XM_0382616121	rna-XM_0382616121	ENSXNUT00000012770
OG0006672	rna-XM_0382652551	rna-XM_0382652551	rna-XM_0382652551	rna-XM_0382652551	ENSXNUT00000011261
OG0006673	rna-XM_0018616002	rna-XM_0018616002	rna-XM_0018616002	rna-XM_0018616002	ENSXNUT00000008371
OG0006674	rna-XM_0382622191	rna-XM_0382622191	rna-XM_0382622191	rna-XM_0382622191	ENSXNUT00000014695
OG0006675	rna-XM_0018616072	rna-XM_0018616072	rna-XM_0018616072	rna-XM_0018616072	ENSXNUT00000012748
OG0006676	rna-XM_0382601281	rna-XM_0382601281	rna-XM_0382601281	rna-XM_0382601281	ENSXNUT00000008069
OG0006677	rna-XM_0382601311	rna-XM_0382601311	rna-XM_0382601311	rna-XM_0382601311	ENSXNUT00000006239
OG0006678	rna-XM_0382587671	rna-XM_0382587671	rna-XM_0382587671	rna-XM_0382587671	ENSXNUT00000006893
OG0006679	rna-XM_0382587701	rna-XM_0382587701	rna-XM_0382587701	rna-XM_0382587701	ENSXNUT00000013246
OG0006680	rna-XM_0018615962	rna-XM_0018615962	rna-XM_0018615962	rna-XM_0018615962	ENSXNUT00000009988
OG0006681	rna-XM_0382563921	rna-XM_0382563921	rna-XM_0382563921	rna-XM_0382563921	ENSXNUT00000003984
OG0006682	rna-XM_0382562631	rna-XM_0382562631	rna-XM_0382562631	rna-XM_0382562631	ENSXNUT00000004879
OG0006683	rna-XM_0382518091	rna-XM_0382518091	rna-XM_0382518091	rna-XM_0382518091	ENSXNUT00000005384
OG0006684	rna-XM_0382578761	rna-XM_0382578761	rna-XM_0382578761	rna-XM_0382578761	ENSXNUT00000008301
OG0006685	rna-XM_0382573501	rna-XM_0382573501	rna-XM_0382573501	rna-XM_0382573501	ENSXNUT00000006222
OG0006686	rna-XM_0018616672	rna-XM_0018616672	rna-XM_0018616672	rna-XM_0018616672	ENSXNUT00000014305
OG0006687	rna-XM_0018616722	rna-XM_0018616722	rna-XM_0018616722	rna-XM_0018616722	ENSXNUT00000018002
OG0006688	rna-XM_0382668371	rna-XM_0382668371	rna-XM_0382668371	rna-XM_0382668371	ENSXNUT00000015127
OG0006689	rna-XM_0382585441	rna-XM_0382585441	rna-XM_0382585441	rna-XM_0382585441	ENSXNUT00000015996
OG0006690	rna-XM_0382650641	rna-XM_0382650641	rna-XM_0382650641	rna-XM_0382650641	ENSXNUT00000008165
OG0006691	rna-XM_0382585841	rna-XM_0382585841	rna-XM_0382585841	rna-XM_0382585841	ENSXNUT00000015943
OG0006692	rna-XM_0382660881	rna-XM_0382660881	rna-XM_0382660881	rna-XM_0382660881	ENSXNUT00000011895
OG0006693	rna-XM_0382600081	rna-XM_0382600081	rna-XM_0382600081	rna-XM_0382600081	ENSXNUT00000014537
OG0006694	rna-XM_0382542791	rna-XM_0382542791	rna-XM_0382542791	rna-XM_0382542791	ENSXNUT00000000883
OG0006695	rna-XM_0018616892	rna-XM_0018616892	rna-XM_0018616892	rna-XM_0018616892	ENSXNUT00000003541
OG0006696	rna-XM_0018616902	rna-XM_0018616902	rna-XM_0018616902	rna-XM_0018616902	ENSXNUT00000008967
OG0006697	rna-XM_0018616912	rna-XM_0018616912	rna-XM_0018616912	rna-XM_0018616912	ENSXNUT00000005247
OG0006698	rna-XM_0018616922	rna-XM_0018616922	rna-XM_0018616922	rna-XM_0018616922	ENSXNUT00000000987
OG0006699	rna-XM_0382561301	rna-XM_0382561301	rna-XM_0382561301	rna-XM_0382561301	ENSXNUT00000004696
OG0006700	rna-XM_0382659171	rna-XM_0382659171	rna-XM_0382659171	rna-XM_0382659171	ENSXNUT00000015400
OG0006701	rna-XM_0382572581	rna-XM_0382572581	rna-XM_0382572581	rna-XM_0382572581	ENSXNUT00000012066
OG0006702	rna-XM_0382484161	rna-XM_0382484161	rna-XM_0382484161	rna-XM_0382484161	ENSXNUT00000016773
OG0006703	rna-XM_0382605001	rna-XM_0382605001	rna-XM_0382605001	rna-XM_0382605001	ENSXNUT00000006391
OG0006704	rna-XM_0382542351	rna-XM_0382542351	rna-XM_0382542351	rna-XM_0382542351	ENSXNUT00000001951
OG0006705	rna-XM_0382569661	rna-XM_0382569661	rna-XM_0382569661	rna-XM_0382569661	ENSXNUT00000003615
OG0006706	rna-XM_0382518551	rna-XM_0382518551	rna-XM_0382518551	rna-XM_0382518551	ENSXNUT00000001000
OG0006707	rna-XM_0018617452	rna-XM_0018617452	rna-XM_0018617452	rna-XM_0018617452	ENSXNUT00000003463
OG0006708	rna-XM_0382584071	rna-XM_0382584071	rna-XM_0382584071	rna-XM_0382584071	ENSXNUT00000005575
OG0006709	rna-XM_0382571361	rna-XM_0382571361	rna-XM_0382571361	rna-XM_0382571361	ENSXNUT00000004847
OG0006710	rna-XM_0018617542	rna-XM_0018617542	rna-XM_0018617542	rna-XM_0018617542	ENSXNUT00000000231
OG0006711	rna-XM_0382549641	rna-XM_0382549641	rna-XM_0382549641	rna-XM_0382549641	ENSXNUT00000003486
OG0006712	rna-XM_0018617592	rna-XM_0018617592	rna-XM_0018617592	rna-XM_0018617592	ENSXNUT00000005158
OG0006713	rna-XM_0018617602	rna-XM_0018617602	rna-XM_0018617602	rna-XM_0018617602	ENSXNUT00000004590
OG0006714	rna-XM_0018617612	rna-XM_0018617612	rna-XM_0018617612	rna-XM_0018617612	ENSXNUT00000004884
OG0006715	rna-XM_0382571821	rna-XM_0382571821	rna-XM_0382571821	rna-XM_0382571821	ENSXNUT00000002341
OG0006716	rna-XM_0382562381	rna-XM_0382562381	rna-XM_0382562381	rna-XM_0382562381	ENSXNUT00000009250
OG0006717	rna-XM_0018617642	rna-XM_0018617642	rna-XM_0018617642	rna-XM_0018617642	ENSXNUT00000004924
OG0006718	rna-XM_0382553291	rna-XM_0382553291	rna-XM_0382553291	rna-XM_0382553291	ENSXNUT00000005649
OG0006719	rna-XM_0382564101	rna-XM_0382564101	rna-XM_0382564101	rna-XM_0382564101	ENSXNUT00000005471
OG0006720	rna-XM_0018617722	rna-XM_0018617722	rna-XM_0018617722	rna-XM_0018617722	ENSXNUT00000010103
OG0006721	rna-XM_0382501071	rna-XM_0382501071	rna-XM_0382501071	rna-XM_0382501071	ENSXNUT00000005151
OG0006722	rna-XM_0382630861	rna-XM_0382630861	rna-XM_0382630861	rna-XM_0382630861	ENSXNUT00000016166
OG0006723	rna-XM_0018617952	rna-XM_0018617952	rna-XM_0018617952	rna-XM_0018617952	ENSXNUT00000008007
OG0006724	rna-XM_0382630851	rna-XM_0382630851	rna-XM_0382630851	rna-XM_0382630851	ENSXNUT00000012264
OG0006725	rna-XM_0018618022	rna-XM_0018618022	rna-XM_0382625821	rna-XM_0018618022	ENSXNUT00000008763
OG0006726	rna-XM_0382633931	rna-XM_0382633931	rna-XM_0382633931	rna-XM_0382633931	ENSXNUT00000011945
OG0006727	rna-XM_0018618042	rna-XM_0018618042	rna-XM_0018618042	rna-XM_0018618042	ENSXNUT00000014296
OG0006728	rna-XM_0018618132	rna-XM_0018618132	rna-XM_0018618132	rna-XM_0018618132	ENSXNUT00000018452
OG0006729	rna-XM_0018618152	rna-XM_0018618152	rna-XM_0018618152	rna-XM_0018618152	ENSXNUT00000016380
OG0006730	rna-XM_0382533361	rna-XM_0382533361	rna-XM_0382533361	rna-XM_0382533361	ENSXNUT00000018408
OG0006731	rna-XM_0382480851	rna-XM_0382480851	rna-XM_0382480851	rna-XM_0382480851	ENSXNUT00000012180
OG0006732	rna-XM_0382592571	rna-XM_0382592571	rna-XM_0382592571	rna-XM_0382592571	ENSXNUT00000016720
OG0006733	rna-XM_0018618222	rna-XM_0018618222	rna-XM_0018618222	rna-XM_0018618222	ENSXNUT00000012892
OG0006734	rna-XM_0382496091	rna-XM_0382496091	rna-XM_0382496091	rna-XM_0382496091	ENSXNUT00000013750
OG0006735	rna-XM_0382547441	rna-XM_0382547441	rna-XM_0382547441	rna-XM_0382547441	ENSXNUT00000016714
OG0006736	rna-XM_0018618262	rna-XM_0018618262	rna-XM_0018618262	rna-XM_0018618262	ENSXNUT00000017652
OG0006737	rna-XM_0018618282	rna-XM_0018618282	rna-XM_0018618282	rna-XM_0018618282	ENSXNUT00000013593
OG0006738	rna-XM_0382483851	rna-XM_0382483851	rna-XM_0382483851	rna-XM_0382483851	ENSXNUT00000017056
OG0006739	rna-XM_0018618332	rna-XM_0018618332	rna-XM_0018618332	rna-XM_0018618332	ENSXNUT00000012423
OG0006740	rna-XM_0382668551	rna-XM_0382668551	rna-XM_0382668551	rna-XM_0382668551	ENSXNUT00000016520
OG0006741	rna-XM_0018618402	rna-XM_0018618402	rna-XM_0018618402	rna-XM_0018618402	ENSXNUT00000012088
OG0006742	rna-XM_0018618412	rna-XM_0018618412	rna-XM_0018618412	rna-XM_0018618412	ENSXNUT00000013958
OG0006743	rna-XM_0018618422	rna-XM_0018618422	rna-XM_0018618422	rna-XM_0018618422	ENSXNUT00000015849
OG0006744	rna-XM_0018618092	rna-XM_0018618092	rna-XM_0018618092	rna-XM_0018618092	ENSXNUT00000006925
OG0006745	rna-XM_0382504111	rna-XM_0382504111	rna-XM_0382504111	rna-XM_0382504111	ENSXNUT00000004052
OG0006746	rna-XM_0382666201	rna-XM_0382666201	rna-XM_0382666201	rna-XM_0382666201	ENSXNUT00000017913
OG0006747	rna-XM_0382585651	rna-XM_0382585651	rna-XM_0382585651	rna-XM_0382585651	ENSXNUT00000017328
OG0006748	rna-XM_0382481181	rna-XM_0382481181	rna-XM_0382481181	rna-XM_0382481181	ENSXNUT00000013115
OG0006749	rna-XM_0382485291	rna-XM_0382485291	rna-XM_0382485291	rna-XM_0382485291	ENSXNUT00000015605
OG0006750	rna-XM_0382585801	rna-XM_0382585801	rna-XM_0382585801	rna-XM_0382585801	ENSXNUT00000009141
OG0006751	rna-XM_0382618911	rna-XM_0382618911	rna-XM_0382618911	rna-XM_0382618911	ENSXNUT00000016593
OG0006752	rna-XM_0382626191	rna-XM_0382626191	rna-XM_0382626191	rna-XM_0382626191	ENSXNUT00000015007
OG0006753	rna-XM_0382657951	rna-XM_0382657951	rna-XM_0382657951	rna-XM_0382657951	ENSXNUT00000011418
OG0006754	rna-XM_0018619112	rna-XM_0018619112	rna-XM_0018619112	rna-XM_0018619112	ENSXNUT00000013574
OG0006755	rna-XM_0382667901	rna-XM_0382667901	rna-XM_0382667901	rna-XM_0382667901	ENSXNUT00000012431
OG0006756	rna-XM_0382562491	rna-XM_0382562491	rna-XM_0382562491	rna-XM_0382562491	ENSXNUT00000000296
OG0006757	rna-XM_0382562571	rna-XM_0382562571	rna-XM_0382562571	rna-XM_0382562571	ENSXNUT00000002525
OG0006758	rna-XM_0018619332	rna-XM_0018619332	rna-XM_0018619332	rna-XM_0018619332	ENSXNUT00000003225
OG0006759	rna-XM_0382546481	rna-XM_0382546481	rna-XM_0382546481	rna-XM_0382546481	ENSXNUT00000002464
OG0006760	rna-XM_0018619412	rna-XM_0018619412	rna-XM_0018619412	rna-XM_0018619412	ENSXNUT00000003432
OG0006761	rna-XM_0382547401	rna-XM_0382547401	rna-XM_0382547401	rna-XM_0382547401	ENSXNUT00000004293
OG0006762	rna-XM_0018619442	rna-XM_0018619442	rna-XM_0018619442	rna-XM_0018619442	ENSXNUT00000004081
OG0006763	rna-XM_0018619482	rna-XM_0018619482	rna-XM_0018619482	rna-XM_0018619482	ENSXNUT00000010282
OG0006764	rna-XM_0382507841	rna-XM_0382507841	rna-XM_0382507841	rna-XM_0382507841	ENSXNUT00000002121
OG0006765	rna-XM_0018619712	rna-XM_0018619712	rna-XM_0018619712	rna-XM_0018619712	ENSXNUT00000018873
OG0006766	rna-XM_0382632001	rna-XM_0382632001	rna-XM_0382632001	rna-XM_0382632001	ENSXNUT00000013236
OG0006767	rna-XM_0018619802	rna-XM_0018619802	rna-XM_0018619802	rna-XM_0018619802	ENSXNUT00000014650
OG0006768	rna-XM_0018619812	rna-XM_0018619812	rna-XM_0018619812	rna-XM_0018619812	ENSXNUT00000009986
OG0006769	rna-XM_0382621911	rna-XM_0382621911	rna-XM_0382621911	rna-XM_0382621911	ENSXNUT00000011476
OG0006770	rna-XM_0382625601	rna-XM_0382625601	rna-XM_0382625601	rna-XM_0382625601	ENSXNUT00000007792
OG0006771	rna-XM_0382630211	rna-XM_0382630211	rna-XM_0382630211	rna-XM_0382630211	ENSXNUT00000005896
OG0006772	rna-XM_0382543391	rna-XM_0382543391	rna-XM_0382543391	rna-XM_0382543391	ENSXNUT00000005397
OG0006773	rna-XM_0018620032	rna-XM_0018620032	rna-XM_0018620032	rna-XM_0018620032	ENSXNUT00000003236
OG0006774	rna-XM_0382524641	rna-XM_0382524641	rna-XM_0382524641	rna-XM_0382524641	ENSXNUT00000005033
OG0006775	rna-XM_0018620052	rna-XM_0018620052	rna-XM_0018620052	rna-XM_0018620052	ENSXNUT00000004384
OG0006776	rna-XM_0382514861	rna-XM_0382514861	rna-XM_0382514861	rna-XM_0382514861	ENSXNUT00000006981
OG0006777	rna-XM_0018620122	rna-XM_0018620122	rna-XM_0018620122	rna-XM_0018620122	ENSXNUT00000009946
OG0006778	rna-XM_0018620092	rna-XM_0018620092	rna-XM_0018620092	rna-XM_0018620092	ENSXNUT00000001943
OG0006779	rna-XM_0018620182	rna-XM_0018620182	rna-XM_0018620182	rna-XM_0018620182	ENSXNUT00000001084
OG0006780	rna-XM_0018620192	rna-XM_0018620192	rna-XM_0018620192	rna-XM_0018620192	ENSXNUT00000002897
OG0006781	rna-XM_0018620202	rna-XM_0018620202	rna-XM_0018620202	rna-XM_0018620202	ENSXNUT00000001781
OG0006782	rna-XM_0382644441	rna-XM_0382644441	rna-XM_0382644441	rna-XM_0382644441	ENSXNUT00000013271
OG0006783	rna-XM_0018620332	rna-XM_0018620332	rna-XM_0018620332	rna-XM_0018620332	ENSXNUT00000012109
OG0006784	rna-XM_0018620352	rna-XM_0018620352	rna-XM_0018620352	rna-XM_0018620352	ENSXNUT00000010393
OG0006785	rna-XM_0382601071	rna-XM_0382601071	rna-XM_0382601071	rna-XM_0382601071	ENSXNUT00000015085
OG0006786	rna-XM_0382618021	rna-XM_0382618021	rna-XM_0382618091	rna-XM_0382618021	ENSXNUT00000008297
OG0006787	rna-XM_0018620292	rna-XM_0018620292	rna-XM_0018620292	rna-XM_0018620292	ENSXNUT00000015325
OG0006788	rna-XM_0018620342	rna-XM_0018620342	rna-XM_0018620342	rna-XM_0018620342	ENSXNUT00000009128
OG0006789	rna-XM_0018620472	rna-XM_0018620472	rna-XM_0018620472	rna-XM_0018620472	ENSXNUT00000006338
OG0006790	rna-XM_0018620492	rna-XM_0018620492	rna-XM_0018620492	rna-XM_0018620492	ENSXNUT00000004866
OG0006791	rna-XM_0018620502	rna-XM_0018620502	rna-XM_0018620502	rna-XM_0018620502	ENSXNUT00000000478
OG0006792	rna-XM_0018620522	rna-XM_0018620522	rna-XM_0018620522	rna-XM_0018620522	ENSXNUT00000004632
OG0006793	rna-XM_0382539441	rna-XM_0382539441	rna-XM_0382539441	rna-XM_0382539441	ENSXNUT00000004063
OG0006794	rna-XM_0018620542	rna-XM_0018620542	rna-XM_0018620542	rna-XM_0018620542	ENSXNUT00000005653
OG0006795	rna-XM_0382671051	rna-XM_0382671051	rna-XM_0382671051	rna-XM_0382671051	ENSXNUT00000017467
OG0006796	rna-XM_0382483171	rna-XM_0382483171	rna-XM_0382483171	rna-XM_0382483171	ENSXNUT00000016536
OG0006797	rna-XM_0382485231	rna-XM_0382485231	rna-XM_0382485231	rna-XM_0382485231	ENSXNUT00000017503
OG0006798	rna-XM_0382540681	rna-XM_0382540681	rna-XM_0382540681	rna-XM_0382540681	ENSXNUT00000000519
OG0006799	rna-XM_0382541191	rna-XM_0382541191	rna-XM_0382541191	rna-XM_0382541191	ENSXNUT00000001350
OG0006800	rna-XM_0382562741	rna-XM_0382562741	rna-XM_0382562741	rna-XM_0382562741	ENSXNUT00000008354
OG0006801	rna-XM_0382657291	rna-XM_0382657291	rna-XM_0382657291	rna-XM_0382657291	ENSXNUT00000010545
OG0006802	rna-XM_0018620902	rna-XM_0018620902	rna-XM_0018620902	rna-XM_0018620902	ENSXNUT00000010878
OG0006803	rna-XM_0382598651	rna-XM_0382598651	rna-XM_0382598651	rna-XM_0382598651	ENSXNUT00000006482
OG0006804	rna-XM_0382654391	rna-XM_0382654391	rna-XM_0382654391	rna-XM_0382654391	ENSXNUT00000006401
OG0006805	rna-XM_0018620942	rna-XM_0018620942	rna-XM_0018620942	rna-XM_0018620942	ENSXNUT00000010890
OG0006806	rna-XM_0382663071	rna-XM_0382663071	rna-XM_0382663071	rna-XM_0382663071	ENSXNUT00000015839
OG0006807	rna-XM_0382663051	rna-XM_0382663051	rna-XM_0382663051	rna-XM_0382663051	ENSXNUT00000011163
OG0006808	rna-XM_0018621002	rna-XM_0018621002	rna-XM_0018621002	rna-XM_0018621002	ENSXNUT00000009977
OG0006809	rna-XM_0382620531	rna-XM_0382620531	rna-XM_0382620531	rna-XM_0382620531	ENSXNUT00000015511
OG0006810	rna-XM_0018621062	rna-XM_0018621062	rna-XM_0018621062	rna-XM_0018621062	ENSXNUT00000012128
OG0006811	rna-XM_0382593261	rna-XM_0382593291	rna-XM_0382593261	rna-XM_0382593261	ENSXNUT00000008385
OG0006812	rna-XM_0018621092	rna-XM_0018621092	rna-XM_0018621092	rna-XM_0018621092	ENSXNUT00000014144
OG0006813	rna-XM_0382597331	rna-XM_0382597331	rna-XM_0382597331	rna-XM_0382597331	ENSXNUT00000017343
OG0006814	rna-XM_0382643221	rna-XM_0382643221	rna-XM_0382643221	rna-XM_0382643221	ENSXNUT00000015657
OG0006815	rna-XM_0382534001	rna-XM_0382534001	rna-XM_0382534001	rna-XM_0382534001	ENSXNUT00000005679
OG0006816	rna-XM_0018621432	rna-XM_0018621432	rna-XM_0018621432	rna-XM_0018621432	ENSXNUT00000010375
OG0006817	rna-XM_0382628661	rna-XM_0382628661	rna-XM_0382628661	rna-XM_0382628661	ENSXNUT00000010148
OG0006818	rna-XM_0382636491	rna-XM_0382636491	rna-XM_0382636491	rna-XM_0382636491	ENSXNUT00000011463
OG0006819	rna-XM_0018621542	rna-XM_0018621542	rna-XM_0018621542	rna-XM_0018621542	ENSXNUT00000010115
OG0006820	rna-XM_0382662361	rna-XM_0382662361	rna-XM_0382662361	rna-XM_0382662361	ENSXNUT00000007219
OG0006821	rna-XM_0382636431	rna-XM_0382636431	rna-XM_0382636431	rna-XM_0382636431	ENSXNUT00000008118
OG0006822	rna-XM_0018621602	rna-XM_0018621602	rna-XM_0018621602	rna-XM_0018621602	ENSXNUT00000009530
OG0006823	rna-XM_0382589421	rna-XM_0382589421	rna-XM_0382589421	rna-XM_0382589421	ENSXNUT00000006061
OG0006824	rna-XM_0382589431	rna-XM_0382589431	rna-XM_0382589431	rna-XM_0382589431	ENSXNUT00000008848
OG0006825	rna-XM_0382600001	rna-XM_0382600001	rna-XM_0382600001	rna-XM_0382600001	ENSXNUT00000015784
OG0006826	rna-XM_0018621702	rna-XM_0018621702	rna-XM_0018621702	rna-XM_0018621702	ENSXNUT00000009009
OG0006827	rna-XM_0018621712	rna-XM_0018621712	rna-XM_0018621712	rna-XM_0018621712	ENSXNUT00000014624
OG0006828	rna-XM_0382611001	rna-XM_0382611001	rna-XM_0382611001	rna-XM_0382611001	ENSXNUT00000015684
OG0006829	rna-XM_0382611011	rna-XM_0382611011	rna-XM_0382611011	rna-XM_0382611011	ENSXNUT00000006486
OG0006830	rna-XM_0382610991	rna-XM_0382610991	rna-XM_0382610991	rna-XM_0382610991	ENSXNUT00000010635
OG0006831	rna-XM_0382628301	rna-XM_0382628301	rna-XM_0382628301	rna-XM_0382628301	ENSXNUT00000015638
OG0006832	rna-XM_0382646351	rna-XM_0382646351	rna-XM_0382646351	rna-XM_0382646351	ENSXNUT00000010800
OG0006833	rna-XM_0018621812	rna-XM_0018621812	rna-XM_0018621812	rna-XM_0018621812	ENSXNUT00000009560
OG0006834	rna-XM_0018621832	rna-XM_0018621832	rna-XM_0018621832	rna-XM_0018621832	ENSXNUT00000008647
OG0006835	rna-XM_0382603841	rna-XM_0382603841	rna-XM_0382603841	rna-XM_0382603841	ENSXNUT00000006213
OG0006836	rna-XM_0382667691	rna-XM_0382667691	rna-XM_0382667691	rna-XM_0382667691	ENSXNUT00000012253
OG0006837	rna-XM_0018621932	rna-XM_0018621932	rna-XM_0018621932	rna-XM_0018621932	ENSXNUT00000016471
OG0006838	rna-XM_0018621952	rna-XM_0018621952	rna-XM_0018621952	rna-XM_0018621952	ENSXNUT00000018390
OG0006839	rna-XM_0382487781	rna-XM_0382487781	rna-XM_0382487781	rna-XM_0382487781	ENSXNUT00000014457
OG0006840	rna-XM_0018621972	rna-XM_0018621972	rna-XM_0018621972	rna-XM_0018621972	ENSXNUT00000012482
OG0006841	rna-XM_0018622002	rna-XM_0018622002	rna-XM_0018622002	rna-XM_0018622002	ENSXNUT00000018773
OG0006842	rna-XM_0018622052	rna-XM_0018622052	rna-XM_0018622052	rna-XM_0018622052	ENSXNUT00000017538
OG0006843	rna-XM_0382489711	rna-XM_0382489701	rna-XM_0382489711	rna-XM_0382489711	ENSXNUT00000013638
OG0006844	rna-XM_0382552421	rna-XM_0382552421	rna-XM_0382552421	rna-XM_0382552421	ENSXNUT00000002639
OG0006845	rna-XM_0382540031	rna-XM_0382540031	rna-XM_0382540031	rna-XM_0382540031	ENSXNUT00000005703
OG0006846	rna-XM_0382533761	rna-XM_0382533761	rna-XM_0382533761	rna-XM_0382533761	ENSXNUT00000000124
OG0006847	rna-XM_0382612801	rna-XM_0382612801	rna-XM_0382612801	rna-XM_0382612801	ENSXNUT00000014432
OG0006848	rna-XM_0018622422	rna-XM_0018622422	rna-XM_0018622422	rna-XM_0018622422	ENSXNUT00000011064
OG0006849	rna-XM_0018622482	rna-XM_0018622482	rna-XM_0018622482	rna-XM_0018622482	ENSXNUT00000011269
OG0006850	rna-XM_0382619751	rna-XM_0382619751	rna-XM_0382619751	rna-XM_0382619751	ENSXNUT00000011153
OG0006851	rna-XM_0018622552	rna-XM_0018622552	rna-XM_0018622552	rna-XM_0018622552	ENSXNUT00000014475
OG0006852	rna-XM_0382497021	rna-XM_0382497021	rna-XM_0382497021	rna-XM_0382497021	ENSXNUT00000014999
OG0006853	rna-XM_0018622562	rna-XM_0018622562	rna-XM_0018622562	rna-XM_0018622562	ENSXNUT00000016939
OG0006854	rna-XM_0018622572	rna-XM_0018622572	rna-XM_0018622572	rna-XM_0018622572	ENSXNUT00000017110
OG0006855	rna-XM_0018622592	rna-XM_0018622592	rna-XM_0018622592	rna-XM_0018622592	ENSXNUT00000013241
OG0006856	rna-XM_0018622612	rna-XM_0018622612	rna-XM_0018622612	rna-XM_0018622612	ENSXNUT00000017102
OG0006857	rna-XM_0382490571	rna-XM_0382490571	rna-XM_0382490571	rna-XM_0382490571	ENSXNUT00000018847
OG0006858	rna-XM_0382482301	rna-XM_0382482301	rna-XM_0382482301	rna-XM_0382482301	ENSXNUT00000017055
OG0006859	rna-XM_0382586721	rna-XM_0382586721	rna-XM_0382586721	rna-XM_0382586721	ENSXNUT00000014938
OG0006860	rna-XM_0018622662	rna-XM_0018622662	rna-XM_0018622662	rna-XM_0018622662	ENSXNUT00000015553
OG0006861	rna-XM_0382486961	rna-XM_0382486961	rna-XM_0382486961	rna-XM_0382486961	ENSXNUT00000015228
OG0006862	rna-XM_0018622722	rna-XM_0018622722	rna-XM_0018622722	rna-XM_0018622722	ENSXNUT00000010155
OG0006863	rna-XM_0018622732	rna-XM_0018622732	rna-XM_0018622732	rna-XM_0018622732	ENSXNUT00000017589
OG0006864	rna-XM_0382625471	rna-XM_0382625471	rna-XM_0382625471	rna-XM_0382625471	ENSXNUT00000007067
OG0006865	rna-XM_0382597951	rna-XM_0382597951	rna-XM_0382597951	rna-XM_0382597951	ENSXNUT00000006274
OG0006866	rna-XM_0382629641	rna-XM_0382629641	rna-XM_0382629641	rna-XM_0382629641	ENSXNUT00000009615
OG0006867	rna-XM_0018622942	rna-XM_0018622942	rna-XM_0018622942	rna-XM_0018622942	ENSXNUT00000009075
OG0006868	rna-XM_0018622962	rna-XM_0018622962	rna-XM_0018622962	rna-XM_0018622962	ENSXNUT00000006465
OG0006869	rna-XM_0018622952	rna-XM_0018622952	rna-XM_0018622952	rna-XM_0018622952	ENSXNUT00000009767
OG0006870	rna-XM_0382659521	rna-XM_0382659521	rna-XM_0382659521	rna-XM_0382659521	ENSXNUT00000006694
OG0006871	rna-XM_0382604161	rna-XM_0382604161	rna-XM_0382604161	rna-XM_0382604161	ENSXNUT00000008158
OG0006872	rna-XM_0382643641	rna-XM_0382643641	rna-XM_0382643641	rna-XM_0382643641	ENSXNUT00000008278
OG0006873	rna-XM_0382562431	rna-XM_0382562431	rna-XM_0382562431	rna-XM_0382562431	ENSXNUT00000004371
OG0006874	rna-XM_0018623412	rna-XM_0018623412	rna-XM_0018623412	rna-XM_0018623412	ENSXNUT00000014897
OG0006875	rna-XM_0382593321	rna-XM_0382593321	rna-XM_0382593321	rna-XM_0382593321	ENSXNUT00000014142
OG0006876	rna-XM_0382666531	rna-XM_0382666531	rna-XM_0382666531	rna-XM_0382666531	ENSXNUT00000013998
OG0006877	rna-XM_0018623502	rna-XM_0018623502	rna-XM_0018623502	rna-XM_0018623502	ENSXNUT00000017567
OG0006878	rna-XM_0382637911	rna-XM_0382637911	rna-XM_0382637911	rna-XM_0382637911	ENSXNUT00000013516
OG0006879	rna-XM_0382656391	rna-XM_0382656391	rna-XM_0382656391	rna-XM_0382656391	ENSXNUT00000007515
OG0006880	rna-XM_0018623542	rna-XM_0018623542	rna-XM_0018623542	rna-XM_0018623542	ENSXNUT00000009341
OG0006881	rna-XM_0382587181	rna-XM_0382587181	rna-XM_0382587181	rna-XM_0382587181	ENSXNUT00000014089
OG0006882	rna-XM_0382481101	rna-XM_0382481101	rna-XM_0382481101	rna-XM_0382481101	ENSXNUT00000017165
OG0006883	rna-XM_0382500641	rna-XM_0382500641	rna-XM_0382500641	rna-XM_0382500641	ENSXNUT00000016338
OG0006884	rna-XM_0382489691	rna-XM_0382489691	rna-XM_0382489691	rna-XM_0382489691	ENSXNUT00000014303
OG0006885	rna-XM_0018623622	rna-XM_0018623622	rna-XM_0018623622	rna-XM_0018623622	ENSXNUT00000018579
OG0006886	rna-XM_0018623632	rna-XM_0018623632	rna-XM_0018623632	rna-XM_0018623632	ENSXNUT00000017009
OG0006888	rna-XM_0018623742	rna-XM_0018623742	rna-XM_0018623742	rna-XM_0018623742	ENSXNUT00000014515
OG0006889	rna-XM_0018623822	rna-XM_0018623822	rna-XM_0018623822	rna-XM_0018623822	ENSXNUT00000017228
OG0006890	rna-XM_0018623842	rna-XM_0018623842	rna-XM_0018623842	rna-XM_0018623842	ENSXNUT00000013712
OG0006891	rna-XM_0382669031	rna-XM_0382669031	rna-XM_0382669031	rna-XM_0382669031	ENSXNUT00000018595
OG0006892	rna-XM_0382482661	rna-XM_0382482661	rna-XM_0382482661	rna-XM_0382482661	ENSXNUT00000016224
OG0006893	rna-XM_0018623942	rna-XM_0018623942	rna-XM_0018623942	rna-XM_0018623942	ENSXNUT00000013929
OG0006894	rna-XM_0382608301	rna-XM_0382608301	rna-XM_0382608301	rna-XM_0382608301	ENSXNUT00000015612
OG0006895	rna-XM_0382523681	rna-XM_0382523681	rna-XM_0382523681	rna-XM_0382523681	ENSXNUT00000000028
OG0006896	rna-XM_0018623982	rna-XM_0018623982	rna-XM_0018623982	rna-XM_0018623982	ENSXNUT00000004109
OG0006897	rna-XM_0382571321	rna-XM_0382571321	rna-XM_0382571321	rna-XM_0382571321	ENSXNUT00000004750
OG0006898	rna-XM_0382543351	rna-XM_0382543351	rna-XM_0382543351	rna-XM_0382543351	ENSXNUT00000001280
OG0006899	rna-XM_0382526351	rna-XM_0382526351	rna-XM_0382526351	rna-XM_0382526351	ENSXNUT00000000235
OG0006900	rna-XM_0018624452	rna-XM_0018624452	rna-XM_0018624452	rna-XM_0018624452	ENSXNUT00000004546
OG0006901	rna-XM_0018624462	rna-XM_0018624462	rna-XM_0018624462	rna-XM_0018624462	ENSXNUT00000009751
OG0006902	rna-XM_0018624472	rna-XM_0018624472	rna-XM_0018624472	rna-XM_0018624472	ENSXNUT00000004291
OG0006903	rna-XM_0018624532	rna-XM_0018624532	rna-XM_0018624532	rna-XM_0018624532	ENSXNUT00000000970
OG0006905	rna-XM_0382503031	rna-XM_0382503031	rna-XM_0382503031	rna-XM_0382503031	ENSXNUT00000015275
OG0006906	rna-XM_0382546331	rna-XM_0382546331	rna-XM_0382546331	rna-XM_0382546331	ENSXNUT00000002016
OG0006907	rna-XM_0382594061	rna-XM_0382594061	rna-XM_0382594061	rna-XM_0382594061	ENSXNUT00000009969
OG0006908	rna-XM_0382662601	rna-XM_0382662601	rna-XM_0382662601	rna-XM_0382662601	ENSXNUT00000010951
OG0006909	rna-XM_0018624842	rna-XM_0018624842	rna-XM_0018624842	rna-XM_0018624842	ENSXNUT00000010714
OG0006910	rna-XM_0018624872	rna-XM_0018624872	rna-XM_0018624872	rna-XM_0018624872	ENSXNUT00000007000
OG0006911	rna-XM_0382640841	rna-XM_0382640841	rna-XM_0382640841	rna-XM_0382640841	ENSXNUT00000014774
OG0006912	rna-XM_0018624922	rna-XM_0018624922	rna-XM_0018624922	rna-XM_0018624922	ENSXNUT00000010490
OG0006913	rna-XM_0382640151	rna-XM_0382640151	rna-XM_0382640151	rna-XM_0382640151	ENSXNUT00000010855
OG0006914	rna-XM_0018624952	rna-XM_0018624952	rna-XM_0018624952	rna-XM_0018624952	ENSXNUT00000007588
OG0006915	rna-XM_0382496051	rna-XM_0382496051	rna-XM_0382496051	rna-XM_0382496051	ENSXNUT00000013678
OG0006916	rna-XM_0018625012	rna-XM_0018625012	rna-XM_0018625012	rna-XM_0018625012	ENSXNUT00000013528
OG0006917	rna-XM_0018624812	rna-XM_0018624812	rna-XM_0018624812	rna-XM_0018624812	ENSXNUT00000010052
OG0006918	rna-XM_0018625032	rna-XM_0018625032	rna-XM_0018625032	rna-XM_0018625032	ENSXNUT00000013434
OG0006919	rna-XM_0382627421	rna-XM_0382627421	rna-XM_0382627421	rna-XM_0382627421	ENSXNUT00000008801
OG0006920	rna-XM_0382592281	rna-XM_0382592281	rna-XM_0382592281	rna-XM_0382592281	ENSXNUT00000006114
OG0006921	rna-XM_0018625092	rna-XM_0018625092	rna-XM_0018625092	rna-XM_0018625092	ENSXNUT00000007573
OG0006922	rna-XM_0018625102	rna-XM_0018625102	rna-XM_0018625102	rna-XM_0018625102	ENSXNUT00000015675
OG0006923	rna-XM_0382628651	rna-XM_0382628651	rna-XM_0382628651	rna-XM_0382628651	ENSXNUT00000015401
OG0006924	rna-XM_0018625162	rna-XM_0018625162	rna-XM_0018625162	rna-XM_0018625162	ENSXNUT00000014974
OG0006925	rna-XM_0018625172	rna-XM_0018625172	rna-XM_0018625172	rna-XM_0018625172	ENSXNUT00000008124
OG0006926	rna-XM_0382563791	rna-XM_0382563791	rna-XM_0382563791	rna-XM_0382563791	ENSXNUT00000004905
OG0006927	rna-XM_0382505021	rna-XM_0382505021	rna-XM_0382505021	rna-XM_0382505021	ENSXNUT00000007315
OG0006928	rna-XM_0382641501	rna-XM_0382641501	rna-XM_0382641521	rna-XM_0382641501	ENSXNUT00000010427
OG0006929	rna-XM_0018625332	rna-XM_0018625332	rna-XM_0018625332	rna-XM_0018625332	ENSXNUT00000006635
OG0006930	rna-XM_0382639241	rna-XM_0382639241	rna-XM_0382639241	rna-XM_0382639241	ENSXNUT00000010389
OG0006931	rna-XM_0018625342	rna-XM_0018625342	rna-XM_0018625342	rna-XM_0018625342	ENSXNUT00000011459
OG0006932	rna-XM_0018625352	rna-XM_0018625352	rna-XM_0018625352	rna-XM_0018625352	ENSXNUT00000010916
OG0006933	rna-XM_0018625362	rna-XM_0018625362	rna-XM_0018625362	rna-XM_0018625362	ENSXNUT00000011089
OG0006934	rna-XM_0382594931	rna-XM_0382594931	rna-XM_0382594931	rna-XM_0382594931	ENSXNUT00000009997
OG0006935	rna-XM_0382599321	rna-XM_0382599321	rna-XM_0382599321	rna-XM_0382599321	ENSXNUT00000010654
OG0006936	rna-XM_0382597941	rna-XM_0382597941	rna-XM_0382597941	rna-XM_0382597941	ENSXNUT00000006570
OG0006937	rna-XM_0382614841	rna-XM_0382614841	rna-XM_0382614841	rna-XM_0382614841	ENSXNUT00000010538
OG0006938	rna-XM_0018625532	rna-XM_0018625532	rna-XM_0018625532	rna-XM_0018625532	ENSXNUT00000012621
OG0006939	rna-XM_0018625492	rna-XM_0018625492	rna-XM_0018625492	rna-XM_0018625492	ENSXNUT00000018908
OG0006940	rna-XM_0382543471	rna-XM_0382543471	rna-XM_0382543471	rna-XM_0382543471	ENSXNUT00000017333
OG0006941	rna-XM_0018625542	rna-XM_0018625542	rna-XM_0018625542	rna-XM_0018625542	ENSXNUT00000013792
OG0006942	rna-XM_0018625572	rna-XM_0018625572	rna-XM_0018625572	rna-XM_0018625572	ENSXNUT00000018689
OG0006943	rna-XM_0018625582	rna-XM_0018625582	rna-XM_0018625582	rna-XM_0018625582	ENSXNUT00000015702
OG0006944	rna-XM_0382500451	rna-XM_0382500451	rna-XM_0382500451	rna-XM_0382500451	ENSXNUT00000013976
OG0006945	rna-XM_0018625732	rna-XM_0018625732	rna-XM_0018625732	rna-XM_0018625732	ENSXNUT00000012138
OG0006946	rna-XM_0382613361	rna-XM_0382613361	rna-XM_0382613361	rna-XM_0382613361	ENSXNUT00000016814
OG0006947	rna-XM_0018625792	rna-XM_0018625792	rna-XM_0018625792	rna-XM_0018625792	ENSXNUT00000016192
OG0006948	rna-XM_0382565051	rna-XM_0382565051	rna-XM_0382565051	rna-XM_0382565051	ENSXNUT00000017155
OG0006949	rna-XM_0382659741	rna-XM_0382659741	rna-XM_0382659741	rna-XM_0382659741	ENSXNUT00000015963
OG0006950	rna-XM_0382488881	rna-XM_0382488881	rna-XM_0382488921	rna-XM_0382488881	ENSXNUT00000013220
OG0006951	rna-XM_0018625952	rna-XM_0018625952	rna-XM_0018625952	rna-XM_0018625952	ENSXNUT00000017798
OG0006952	rna-XM_0382490761	rna-XM_0382490761	rna-XM_0382490761	rna-XM_0382490761	ENSXNUT00000017082
OG0006953	rna-XM_0018625972	rna-XM_0018625972	rna-XM_0018625972	rna-XM_0018625972	ENSXNUT00000012765
OG0006954	rna-XM_0382669431	rna-XM_0382669431	rna-XM_0382669431	rna-XM_0382669431	ENSXNUT00000012311
OG0006955	rna-XM_0382485381	rna-XM_0382485381	rna-XM_0382485381	rna-XM_0382485381	ENSXNUT00000018933
OG0006956	rna-XM_0382538341	rna-XM_0382538341	rna-XM_0382538341	rna-XM_0382540391	ENSXNUT00000014528
OG0006957	rna-XM_0018626082	rna-XM_0018626082	rna-XM_0018626082	rna-XM_0018626082	ENSXNUT00000016643
OG0006958	rna-XM_0018626092	rna-XM_0018626092	rna-XM_0018626092	rna-XM_0018626092	ENSXNUT00000018561
OG0006959	rna-XM_0382495631	rna-XM_0382495631	rna-XM_0382495631	rna-XM_0382495631	ENSXNUT00000015832
OG0006960	rna-XM_0018626982	rna-XM_0018626982	rna-XM_0018626982	rna-XM_0018626982	ENSXNUT00000012411
OG0006961	rna-XM_0018626992	rna-XM_0018626992	rna-XM_0018626992	rna-XM_0018626992	ENSXNUT00000012294
OG0006962	rna-XM_0382668331	rna-XM_0382668331	rna-XM_0382668331	rna-XM_0382668331	ENSXNUT00000018245
OG0006963	rna-XM_0382482911	rna-XM_0382482911	rna-XM_0382482911	rna-XM_0382482911	ENSXNUT00000017771
OG0006964	rna-XM_0018627032	rna-XM_0018627032	rna-XM_0018627032	rna-XM_0018627032	ENSXNUT00000013161
OG0006965	rna-XM_0382500011	rna-XM_0382500011	rna-XM_0382500011	rna-XM_0382500011	ENSXNUT00000015699
OG0006966	rna-XM_0018627072	rna-XM_0018627072	rna-XM_0018627072	rna-XM_0018627072	ENSXNUT00000015139
OG0006967	rna-XM_0382577111	rna-XM_0382577121	rna-XM_0382577111	rna-XM_0382577111	ENSXNUT00000000069
OG0006968	rna-XM_0018650642	rna-XM_0018650642	rna-XM_0018650642	rna-XM_0018650642	ENSXNUT00000011812
OG0006969	rna-XM_0382487271	rna-XM_0382487271	rna-XM_0382487271	rna-XM_0382487271	ENSXNUT00000017485
OG0006970	rna-XM_0382668361	rna-XM_0382668361	rna-XM_0382668361	rna-XM_0382668361	ENSXNUT00000015098
OG0006971	rna-XM_0018627312	rna-XM_0018627312	rna-XM_0018627312	rna-XM_0018627312	ENSXNUT00000018524
OG0006972	rna-XM_0018627352	rna-XM_0018627352	rna-XM_0018627352	rna-XM_0018627352	ENSXNUT00000012821
OG0006973	rna-XM_0018627372	rna-XM_0018627372	rna-XM_0018627372	rna-XM_0018627372	ENSXNUT00000018562
OG0006974	rna-XM_0018627382	rna-XM_0018627382	rna-XM_0018627382	rna-XM_0018627382	ENSXNUT00000017089
OG0006975	rna-XM_0018627622	rna-XM_0018627622	rna-XM_0018627622	rna-XM_0018627622	ENSXNUT00000002416
OG0006976	rna-XM_0382575331	rna-XM_0382575331	rna-XM_0382575331	rna-XM_0382575331	ENSXNUT00000002000
OG0006977	rna-XM_0382639381	rna-XM_0382639381	rna-XM_0382639381	rna-XM_0382639381	ENSXNUT00000009483
OG0006978	rna-XM_0382662341	rna-XM_0382662341	rna-XM_0382662341	rna-XM_0382662341	ENSXNUT00000006697
OG0006979	rna-XM_0382664401	rna-XM_0382664401	rna-XM_0382664401	rna-XM_0382664401	ENSXNUT00000007400
OG0006980	rna-XM_0382542361	rna-XM_0382542391	rna-XM_0382542421	rna-XM_0382542421	ENSXNUT00000000318
OG0006981	rna-XM_0018628262	rna-XM_0018628262	rna-XM_0018628262	rna-XM_0018628262	ENSXNUT00000007389
OG0006982	rna-XM_0382589091	rna-XM_0382589091	rna-XM_0382589091	rna-XM_0382589091	ENSXNUT00000007557
OG0006983	rna-XM_0382654311	rna-XM_0382654311	rna-XM_0382654311	rna-XM_0382654311	ENSXNUT00000014550
OG0006984	rna-XM_0018628522	rna-XM_0018628522	rna-XM_0018628522	rna-XM_0018628522	ENSXNUT00000008047
OG0006985	rna-XM_0382634351	rna-XM_0382634371	rna-XM_0382634351	rna-XM_0382634351	ENSXNUT00000012003
OG0006986	rna-XM_0382628261	rna-XM_0382628261	rna-XM_0382628261	rna-XM_0382628261	ENSXNUT00000008948
OG0006987	rna-XM_0382628911	rna-XM_0382628911	rna-XM_0382628911	rna-XM_0382628911	ENSXNUT00000010616
OG0006988	rna-XM_0382651491	rna-XM_0382651491	rna-XM_0382651491	rna-XM_0382651491	ENSXNUT00000009816
OG0006989	rna-XM_0018628582	rna-XM_0018628582	rna-XM_0018628582	rna-XM_0018628582	ENSXNUT00000014441
OG0006990	rna-XM_0018628722	rna-XM_0018628722	rna-XM_0018628722	rna-XM_0018628722	ENSXNUT00000008693
OG0006991	rna-XM_0382630881	rna-XM_0382630881	rna-XM_0382630881	rna-XM_0382630881	ENSXNUT00000008724
OG0006992	rna-XM_0382630591	rna-XM_0382630591	rna-XM_0382630591	rna-XM_0382630591	ENSXNUT00000006969
OG0006993	rna-XM_0382637321	rna-XM_0382637321	rna-XM_0382637321	rna-XM_0382637321	ENSXNUT00000012278
OG0006994	rna-XM_0382591471	rna-XM_0382591471	rna-XM_0382591471	rna-XM_0382591471	ENSXNUT00000017119
OG0006995	rna-XM_0382576321	rna-XM_0382576321	rna-XM_0382576321	rna-XM_0382576321	ENSXNUT00000003134
OG0006996	rna-XM_0382582111	rna-XM_0382582111	rna-XM_0382582111	rna-XM_0382582111	ENSXNUT00000002616
OG0006997	rna-XM_0382579611	rna-XM_0382579611	rna-XM_0382579611	rna-XM_0382579611	ENSXNUT00000003194
OG0006998	rna-XM_0018628932	rna-XM_0018628932	rna-XM_0018628932	rna-XM_0018628932	ENSXNUT00000000696
OG0006999	rna-XM_0382498681	rna-XM_0382498681	rna-XM_0382498681	rna-XM_0382498681	ENSXNUT00000018664
OG0007000	rna-XM_0382498621	rna-XM_0382498621	rna-XM_0382498621	rna-XM_0382498621	ENSXNUT00000012756
OG0007001	rna-XM_0382489311	rna-XM_0382489311	rna-XM_0382489311	rna-XM_0382489311	ENSXNUT00000016493
OG0007002	rna-XM_0382670281	rna-XM_0382670281	rna-XM_0382670281	rna-XM_0382670281	ENSXNUT00000016835
OG0007003	rna-XM_0382601661	rna-XM_0382601661	rna-XM_0382601661	rna-XM_0382601661	ENSXNUT00000015593
OG0007004	rna-XM_0382559701	rna-XM_0382559701	rna-XM_0382559701	rna-XM_0382559701	ENSXNUT00000007851
OG0007005	rna-XM_0382557621	rna-XM_0382557621	rna-XM_0382557621	rna-XM_0382557621	ENSXNUT00000015936
OG0007006	rna-XM_0382486131	rna-XM_0382486131	rna-XM_0382486131	rna-XM_0382486131	ENSXNUT00000016341
OG0007007	rna-XM_0382587831	rna-XM_0382587831	rna-XM_0382587831	rna-XM_0382587831	ENSXNUT00000013555
OG0007008	rna-XM_0382486101	rna-XM_0382486101	rna-XM_0382486101	rna-XM_0382486101	ENSXNUT00000018413
OG0007009	rna-XM_0018629262	rna-XM_0018629262	rna-XM_0018629262	rna-XM_0018629262	ENSXNUT00000015985
OG0007010	rna-XM_0382495541	rna-XM_0382495541	rna-XM_0382495541	rna-XM_0382495541	ENSXNUT00000011986
OG0007011	rna-XM_0382481211	rna-XM_0382481211	rna-XM_0382481211	rna-XM_0382481211	ENSXNUT00000012144
OG0007012	rna-XM_0382544021	rna-XM_0382544021	rna-XM_0382544021	rna-XM_0382544021	ENSXNUT00000005179
OG0007013	rna-XM_0018629352	rna-XM_0018629352	rna-XM_0018629352	rna-XM_0018629352	ENSXNUT00000000574
OG0007014	rna-XM_0382508731	rna-XM_0382508731	rna-XM_0382508731	rna-XM_0382508731	ENSXNUT00000001986
OG0007015	rna-XM_0382544161	rna-XM_0382544161	rna-XM_0382544161	rna-XM_0382544161	ENSXNUT00000003391
OG0007016	rna-XM_0382578771	rna-XM_0382578771	rna-XM_0382578771	rna-XM_0382578771	ENSXNUT00000003186
OG0007017	rna-XM_0018629522	rna-XM_0018629522	rna-XM_0018629522	rna-XM_0018629522	ENSXNUT00000011270
OG0007018	rna-XM_0382524411	rna-XM_0382524411	rna-XM_0382524411	rna-XM_0382524411	ENSXNUT00000003783
OG0007019	rna-XM_0018629562	rna-XM_0018629562	rna-XM_0018629562	rna-XM_0018629562	ENSXNUT00000008151
OG0007020	rna-XM_0382625381	rna-XM_0382625381	rna-XM_0382625381	rna-XM_0382625381	ENSXNUT00000007118
OG0007021	rna-XM_0382667521	rna-XM_0382667521	rna-XM_0382667521	rna-XM_0382667521	ENSXNUT00000016856
OG0007022	rna-XM_0382589331	rna-XM_0382589331	rna-XM_0382589331	rna-XM_0382589331	ENSXNUT00000010274
OG0007023	rna-XM_0382634011	rna-XM_0382634011	rna-XM_0382634011	rna-XM_0382634011	ENSXNUT00000009420
OG0007024	rna-XM_0382655281	rna-XM_0382655281	rna-XM_0382655281	rna-XM_0382655281	ENSXNUT00000010387
OG0007025	rna-XM_0382573161	rna-XM_0382573161	rna-XM_0382573161	rna-XM_0382573161	ENSXNUT00000004599
OG0007026	rna-XM_0018629762	rna-XM_0018629762	rna-XM_0018629762	rna-XM_0018629762	ENSXNUT00000005332
OG0007027	rna-XM_0018629872	rna-XM_0018629872	rna-XM_0018629872	rna-XM_0018629872	ENSXNUT00000014582
OG0007028	rna-XM_0018629902	rna-XM_0018629902	rna-XM_0018629902	rna-XM_0018629902	ENSXNUT00000012632
OG0007029	rna-XM_0018629912	rna-XM_0018629912	rna-XM_0018629912	rna-XM_0018629912	ENSXNUT00000017131
OG0007030	rna-XM_0018629922	rna-XM_0018629922	rna-XM_0018629922	rna-XM_0018629922	ENSXNUT00000017596
OG0007031	rna-XM_0018629942	rna-XM_0018629942	rna-XM_0018629942	rna-XM_0018629942	ENSXNUT00000018483
OG0007032	rna-XM_0018629952	rna-XM_0018629952	rna-XM_0018629952	rna-XM_0018629952	ENSXNUT00000013969
OG0007033	rna-XM_0018629892	rna-XM_0018629892	rna-XM_0018629892	rna-XM_0018629892	ENSXNUT00000018930
OG0007034	rna-XM_0382597151	rna-XM_0382597151	rna-XM_0382597151	rna-XM_0382597151	ENSXNUT00000017473
OG0007035	rna-XM_0018629992	rna-XM_0018629992	rna-XM_0018629992	rna-XM_0018629992	ENSXNUT00000018475
OG0007036	rna-XM_0018630002	rna-XM_0018630002	rna-XM_0018630002	rna-XM_0018630002	ENSXNUT00000014968
OG0007037	rna-XM_0382480941	rna-XM_0382480941	rna-XM_0382480941	rna-XM_0382480941	ENSXNUT00000017163
OG0007038	rna-XM_0018630062	rna-XM_0018630062	rna-XM_0018630062	rna-XM_0018630062	ENSXNUT00000016301
OG0007039	rna-XM_0382495471	rna-XM_0382495471	rna-XM_0382495471	rna-XM_0382495471	ENSXNUT00000016587
OG0007040	rna-XM_0018630122	rna-XM_0018630122	rna-XM_0018630122	rna-XM_0018630122	ENSXNUT00000014854
OG0007041	rna-XM_0382520521	rna-XM_0382520521	rna-XM_0382520521	rna-XM_0382520521	ENSXNUT00000012932
OG0007042	rna-XM_0018630362	rna-XM_0018630362	rna-XM_0018630362	rna-XM_0018630362	ENSXNUT00000002071
OG0007043	rna-XM_0018630372	rna-XM_0018630372	rna-XM_0018630372	rna-XM_0018630372	ENSXNUT00000000701
OG0007044	rna-XM_0382576841	rna-XM_0382576841	rna-XM_0382576841	rna-XM_0382576841	ENSXNUT00000004820
OG0007045	rna-XM_0382584651	rna-XM_0382584651	rna-XM_0382584651	rna-XM_0382584651	ENSXNUT00000003924
OG0007046	rna-XM_0382544211	rna-XM_0382544211	rna-XM_0382544211	rna-XM_0382544211	ENSXNUT00000002039
OG0007047	rna-XM_0382568241	rna-XM_0382568241	rna-XM_0382568241	rna-XM_0382568241	ENSXNUT00000001571
OG0007048	rna-XM_0018630432	rna-XM_0018630432	rna-XM_0018630432	rna-XM_0018630432	ENSXNUT00000001860
OG0007049	rna-XM_0382513001	rna-XM_0382513001	rna-XM_0382513001	rna-XM_0382513001	ENSXNUT00000003198
OG0007050	rna-XM_0382577561	rna-XM_0382577561	rna-XM_0382577561	rna-XM_0382577561	ENSXNUT00000004253
OG0007051	rna-XM_0018630542	rna-XM_0018630542	rna-XM_0018630542	rna-XM_0018630542	ENSXNUT00000013091
OG0007052	rna-XM_0382615251	rna-XM_0382615251	rna-XM_0382615251	rna-XM_0382615251	ENSXNUT00000007925
OG0007053	rna-XM_0382657961	rna-XM_0382657961	rna-XM_0382657961	rna-XM_0382657961	ENSXNUT00000010708
OG0007054	rna-XM_0382653631	rna-XM_0382653631	rna-XM_0382653631	rna-XM_0382653631	ENSXNUT00000011295
OG0007055	rna-XM_0382618431	rna-XM_0382618431	rna-XM_0382618431	rna-XM_0382618431	ENSXNUT00000014238
OG0007056	rna-XM_0382617601	rna-XM_0382617601	rna-XM_0382617601	rna-XM_0382617601	ENSXNUT00000006541
OG0007057	rna-XM_0382549131	rna-XM_0382549131	rna-XM_0382549131	rna-XM_0382549131	ENSXNUT00000016151
OG0007058	rna-XM_0382594171	rna-XM_0382594171	rna-XM_0382594171	rna-XM_0382594171	ENSXNUT00000016903
OG0007059	rna-XM_0382517371	rna-XM_0382517371	rna-XM_0382517371	rna-XM_0382517371	ENSXNUT00000010929
OG0007060	rna-XM_0382571211	rna-XM_0382571211	rna-XM_0382571211	rna-XM_0382571211	ENSXNUT00000003940
OG0007061	rna-XM_0382570181	rna-XM_0382570181	rna-XM_0382570181	rna-XM_0382570181	ENSXNUT00000002891
OG0007062	rna-XM_0382572731	rna-XM_0382572731	rna-XM_0382572731	rna-XM_0382572731	ENSXNUT00000000960
OG0007063	rna-XM_0382583191	rna-XM_0382583191	rna-XM_0382583191	rna-XM_0382583191	ENSXNUT00000006468
OG0007064	rna-XM_0382581901	rna-XM_0382581901	rna-XM_0382581901	rna-XM_0382581901	ENSXNUT00000008462
OG0007065	rna-XM_0018630972	rna-XM_0018630972	rna-XM_0018630972	rna-XM_0018630972	ENSXNUT00000001834
OG0007066	rna-XM_0018631002	rna-XM_0018631002	rna-XM_0018631002	rna-XM_0018631002	ENSXNUT00000001673
OG0007067	rna-XM_0018631012	rna-XM_0018631012	rna-XM_0018631012	rna-XM_0018631012	ENSXNUT00000001461
OG0007068	rna-XM_0382571121	rna-XM_0382571121	rna-XM_0382571121	rna-XM_0382571121	ENSXNUT00000006295
OG0007069	rna-XM_0382578511	rna-XM_0382578511	rna-XM_0382578511	rna-XM_0382578511	ENSXNUT00000009655
OG0007070	rna-XM_0018631132	rna-XM_0018631132	rna-XM_0018631132	rna-XM_0018631132	ENSXNUT00000002333
OG0007071	rna-XM_0018631292	rna-XM_0018631292	rna-XM_0018631292	rna-XM_0018631292	ENSXNUT00000004543
OG0007072	rna-XM_0382557321	rna-XM_0382557321	rna-XM_0382557321	rna-XM_0382557321	ENSXNUT00000003349
OG0007073	rna-XM_0382544221	rna-XM_0382544221	rna-XM_0382544221	rna-XM_0382544221	ENSXNUT00000004023
OG0007074	rna-XM_0382542031	rna-XM_0382542031	rna-XM_0382542031	rna-XM_0382542031	ENSXNUT00000002794
OG0007075	rna-XM_0018631662	rna-XM_0018631662	rna-XM_0018631662	rna-XM_0018631662	ENSXNUT00000011390
OG0007076	rna-XM_0018631622	rna-XM_0018631622	rna-XM_0018631622	rna-XM_0018631622	ENSXNUT00000011864
OG0007077	rna-XM_0382620471	rna-XM_0382620471	rna-XM_0382620471	rna-XM_0382620471	ENSXNUT00000008509
OG0007078	rna-XM_0382620501	rna-XM_0382620501	rna-XM_0382620501	rna-XM_0382620501	ENSXNUT00000009994
OG0007079	rna-XM_0382638791	rna-XM_0382638791	rna-XM_0382638791	rna-XM_0382638791	ENSXNUT00000007024
OG0007080	rna-XM_0382655101	rna-XM_0382655101	rna-XM_0382655101	rna-XM_0382655101	ENSXNUT00000010404
OG0007081	rna-XM_0018631722	rna-XM_0018631722	rna-XM_0018631722	rna-XM_0018631722	ENSXNUT00000014196
OG0007082	rna-XM_0018631832	rna-XM_0018631832	rna-XM_0018631832	rna-XM_0018631832	ENSXNUT00000010459
OG0007083	rna-XM_0018631602	rna-XM_0018631602	rna-XM_0018631602	rna-XM_0018631602	ENSXNUT00000009209
OG0007084	rna-XM_0018631922	rna-XM_0018631922	rna-XM_0018631922	rna-XM_0018631922	ENSXNUT00000013223
OG0007085	rna-XM_0382497291	rna-XM_0382497291	rna-XM_0382497291	rna-XM_0382497291	ENSXNUT00000017153
OG0007086	rna-XM_0018631932	rna-XM_0018631932	rna-XM_0018631932	rna-XM_0018631932	ENSXNUT00000015544
OG0007087	rna-XM_0382558371	rna-XM_0382558371	rna-XM_0382558371	rna-XM_0382558371	ENSXNUT00000010879
OG0007088	rna-XM_0382578931	rna-XM_0382578931	rna-XM_0382578931	rna-XM_0382578931	ENSXNUT00000001932
OG0007089	rna-XM_0382565301	rna-XM_0382565301	rna-XM_0382565301	rna-XM_0382565301	ENSXNUT00000000048
OG0007090	rna-XM_0382501291	rna-XM_0382501291	rna-XM_0382501291	rna-XM_0382501291	ENSXNUT00000000997
OG0007091	rna-XM_0382514811	rna-XM_0382514811	rna-XM_0382514811	rna-XM_0382514811	ENSXNUT00000003708
OG0007092	rna-XM_0382542921	rna-XM_0382542921	rna-XM_0382542921	rna-XM_0382542931	ENSXNUT00000001794
OG0007093	rna-XM_0018632332	rna-XM_0018632332	rna-XM_0018632332	rna-XM_0018632332	ENSXNUT00000011115
OG0007094	rna-XM_0382605551	rna-XM_0382605551	rna-XM_0382605551	rna-XM_0382605551	ENSXNUT00000009561
OG0007095	rna-XM_0382504331	rna-XM_0382504331	rna-XM_0382504331	rna-XM_0382504331	ENSXNUT00000003670
OG0007096	rna-XM_0018632622	rna-XM_0018632622	rna-XM_0018632622	rna-XM_0018632622	ENSXNUT00000004027
OG0007097	rna-XM_0018632592	rna-XM_0018632592	rna-XM_0018632592	rna-XM_0018632592	ENSXNUT00000009125
OG0007098	rna-XM_0018632642	rna-XM_0018632642	rna-XM_0018632642	rna-XM_0018632642	ENSXNUT00000002089
OG0007099	rna-XM_0382553751	rna-XM_0382553751	rna-XM_0382553751	rna-XM_0382553751	ENSXNUT00000002961
OG0007100	rna-XM_0018632692	rna-XM_0018632692	rna-XM_0018632692	rna-XM_0018632692	ENSXNUT00000004549
OG0007101	rna-XM_0018632712	rna-XM_0018632712	rna-XM_0018632712	rna-XM_0018632712	ENSXNUT00000005422
OG0007102	rna-XM_0018632762	rna-XM_0018632762	rna-XM_0018632762	rna-XM_0018632762	ENSXNUT00000010304
OG0007103	rna-XM_0382636881	rna-XM_0382636881	rna-XM_0382636881	rna-XM_0382636881	ENSXNUT00000007891
OG0007104	rna-XM_0382648541	rna-XM_0382648541	rna-XM_0382648541	rna-XM_0382648541	ENSXNUT00000011404
OG0007105	rna-XM_0018632822	rna-XM_0018632822	rna-XM_0018632822	rna-XM_0018632822	ENSXNUT00000014193
OG0007106	rna-XM_0018632832	rna-XM_0018632832	rna-XM_0018632832	rna-XM_0018632832	ENSXNUT00000008159
OG0007107	rna-XM_0018632842	rna-XM_0018632842	rna-XM_0018632842	rna-XM_0018632842	ENSXNUT00000006315
OG0007108	rna-XM_0018632862	rna-XM_0018632862	rna-XM_0018632862	rna-XM_0018632862	ENSXNUT00000010781
OG0007109	rna-XM_0382637131	rna-XM_0382637131	rna-XM_0382637131	rna-XM_0382637131	ENSXNUT00000012851
OG0007110	rna-XM_0382640031	rna-XM_0382640031	rna-XM_0382640031	rna-XM_0382640031	ENSXNUT00000006089
OG0007111	rna-XM_0382604621	rna-XM_0382604621	rna-XM_0382604621	rna-XM_0382604621	ENSXNUT00000008863
OG0007112	rna-XM_0018632902	rna-XM_0018632902	rna-XM_0018632902	rna-XM_0018632902	ENSXNUT00000007578
OG0007113	rna-XM_0018632942	rna-XM_0018632942	rna-XM_0018632942	rna-XM_0018632942	ENSXNUT00000013825
OG0007114	rna-XM_0018632952	rna-XM_0018632952	rna-XM_0018632952	rna-XM_0018632952	ENSXNUT00000007810
OG0007115	rna-XM_0018632962	rna-XM_0018632962	rna-XM_0018632962	rna-XM_0018632962	ENSXNUT00000006602
OG0007116	rna-XM_0382592431	rna-XM_0382592431	rna-XM_0382592431	rna-XM_0382592431	ENSXNUT00000009356
OG0007117	rna-XM_0382625171	rna-XM_0382625171	rna-XM_0382625171	rna-XM_0382625171	ENSXNUT00000015688
OG0007118	rna-XM_0018633022	rna-XM_0018633022	rna-XM_0018633022	rna-XM_0018633022	ENSXNUT00000007291
OG0007119	rna-XM_0382631011	rna-XM_0382631011	rna-XM_0382631011	rna-XM_0382631011	ENSXNUT00000011692
OG0007120	rna-XM_0382659931	rna-XM_0382659931	rna-XM_0382659931	rna-XM_0382659931	ENSXNUT00000010676
OG0007121	rna-XM_0382631441	rna-XM_0382631441	rna-XM_0382631441	rna-XM_0382631441	ENSXNUT00000007316
OG0007122	rna-XM_0382638401	rna-XM_0382638401	rna-XM_0382638401	rna-XM_0382638401	ENSXNUT00000009049
OG0007123	rna-XM_0382597921	rna-XM_0382597921	rna-XM_0382597921	rna-XM_0382597921	ENSXNUT00000010287
OG0007124	rna-XM_0382570651	rna-XM_0382570651	rna-XM_0382570651	rna-XM_0382570651	ENSXNUT00000001234
OG0007125	rna-XM_0382489861	rna-XM_0382489861	rna-XM_0382489861	rna-XM_0382489861	ENSXNUT00000015273
OG0007126	rna-XM_0018633442	rna-XM_0018633442	rna-XM_0018633442	rna-XM_0018633442	ENSXNUT00000016929
OG0007127	rna-XM_0382493821	rna-XM_0382493821	rna-XM_0382493821	rna-XM_0382493821	ENSXNUT00000018401
OG0007128	rna-XM_0018633532	rna-XM_0018633532	rna-XM_0018633532	rna-XM_0018633532	ENSXNUT00000015949
OG0007129	rna-XM_0018633542	rna-XM_0018633542	rna-XM_0018633542	rna-XM_0018633542	ENSXNUT00000017465
OG0007130	rna-XM_0382483401	rna-XM_0382483401	rna-XM_0382483401	rna-XM_0382483401	ENSXNUT00000013111
OG0007131	rna-XM_0382488781	rna-XM_0382488781	rna-XM_0382488781	rna-XM_0382488781	ENSXNUT00000012566
OG0007132	rna-XM_0382526671	rna-XM_0382526671	rna-XM_0382526671	rna-XM_0382526671	ENSXNUT00000015238
OG0007133	rna-XM_0382657771	rna-XM_0382657771	rna-XM_0382657771	rna-XM_0382657771	ENSXNUT00000016712
OG0007134	rna-XM_0382555651	rna-XM_0382555651	rna-XM_0382555651	rna-XM_0382555651	ENSXNUT00000000396
OG0007135	rna-XM_0018633732	rna-XM_0018633732	rna-XM_0018633732	rna-XM_0018633732	ENSXNUT00000003151
OG0007136	rna-XM_0382515751	rna-XM_0382515751	rna-XM_0382515751	rna-XM_0382515751	ENSXNUT00000004819
OG0007137	rna-XM_0382583741	rna-XM_0382583741	rna-XM_0382583741	rna-XM_0382583741	ENSXNUT00000004743
OG0007138	rna-XM_0382515771	rna-XM_0382515771	rna-XM_0382515771	rna-XM_0382515771	ENSXNUT00000002644
OG0007139	rna-XM_0382541271	rna-XM_0382541271	rna-XM_0382541281	rna-XM_0382541271	ENSXNUT00000011625
OG0007140	rna-XM_0018633882	rna-XM_0018633882	rna-XM_0018633882	rna-XM_0018633882	ENSXNUT00000007700
OG0007141	rna-XM_0018633912	rna-XM_0018633912	rna-XM_0018633912	rna-XM_0018633912	ENSXNUT00000004323
OG0007142	rna-XM_0382557011	rna-XM_0382557011	rna-XM_0382557011	rna-XM_0382557011	ENSXNUT00000000584
OG0007143	rna-XM_0382574021	rna-XM_0382574021	rna-XM_0382574021	rna-XM_0382574021	ENSXNUT00000002403
OG0007144	rna-XM_0382663181	rna-XM_0382663181	rna-XM_0382663181	rna-XM_0382663181	ENSXNUT00000014109
OG0007145	rna-XM_0382632131	rna-XM_0382632131	rna-XM_0382632131	rna-XM_0382632131	ENSXNUT00000009504
OG0007146	rna-XM_0382650271	rna-XM_0382650271	rna-XM_0382650271	rna-XM_0382650271	ENSXNUT00000013789
OG0007147	rna-XM_0018634132	rna-XM_0018634132	rna-XM_0018634132	rna-XM_0018634132	ENSXNUT00000009730
OG0007148	rna-XM_0382592831	rna-XM_0382592831	rna-XM_0382592831	rna-XM_0382592831	ENSXNUT00000012181
OG0007149	rna-XM_0018634262	rna-XM_0018634262	rna-XM_0018634262	rna-XM_0018634262	ENSXNUT00000011215
OG0007150	rna-XM_0382649731	rna-XM_0382649731	rna-XM_0382649731	rna-XM_0382649731	ENSXNUT00000010249
OG0007152	rna-XM_0018634342	rna-XM_0018634342	rna-XM_0018634342	rna-XM_0018634342	ENSXNUT00000009085
OG0007153	rna-XM_0018634382	rna-XM_0018634382	rna-XM_0018634382	rna-XM_0018634382	ENSXNUT00000014056
OG0007154	rna-XM_0018634412	rna-XM_0018634412	rna-XM_0018634412	rna-XM_0018634412	ENSXNUT00000010275
OG0007155	rna-XM_0382653341	rna-XM_0382653341	rna-XM_0382653341	rna-XM_0382653341	ENSXNUT00000016796
OG0007156	rna-XM_0018634442	rna-XM_0018634442	rna-XM_0018634442	rna-XM_0018634442	ENSXNUT00000007381
OG0007157	rna-XM_0018634482	rna-XM_0018634482	rna-XM_0018634482	rna-XM_0018634482	ENSXNUT00000007780
OG0007158	rna-XM_0382588811	rna-XM_0382588811	rna-XM_0382588811	rna-XM_0382588811	ENSXNUT00000016510
OG0007159	rna-XM_0382602101	rna-XM_0382602101	rna-XM_0382602101	rna-XM_0382602101	ENSXNUT00000008617
OG0007160	rna-XM_0018634712	rna-XM_0018634712	rna-XM_0018634712	rna-XM_0018634712	ENSXNUT00000007295
OG0007161	rna-XM_0382659651	rna-XM_0382659651	rna-XM_0382659651	rna-XM_0382659651	ENSXNUT00000014365
OG0007162	rna-XM_0018634742	rna-XM_0018634742	rna-XM_0018634742	rna-XM_0018634742	ENSXNUT00000014033
OG0007163	rna-XM_0018634752	rna-XM_0018634752	rna-XM_0018634752	rna-XM_0018634752	ENSXNUT00000010893
OG0007164	rna-XM_0018634762	rna-XM_0018634762	rna-XM_0018634762	rna-XM_0018634762	ENSXNUT00000013924
OG0007165	rna-XM_0018634602	rna-XM_0018634602	rna-XM_0018634602	rna-XM_0018634602	ENSXNUT00000007221
OG0007166	rna-XM_0382607861	rna-XM_0382607861	rna-XM_0382607861	rna-XM_0382607861	ENSXNUT00000014211
OG0007167	rna-XM_0382489101	rna-XM_0382489101	rna-XM_0382489101	rna-XM_0382489101	ENSXNUT00000017253
OG0007168	rna-XM_0018634832	rna-XM_0018634832	rna-XM_0018634832	rna-XM_0018634832	ENSXNUT00000016189
OG0007169	rna-XM_0382538561	rna-XM_0382538561	rna-XM_0382538561	rna-XM_0382538561	ENSXNUT00000016645
OG0007170	rna-XM_0382502331	rna-XM_0382502331	rna-XM_0382502331	rna-XM_0382502331	ENSXNUT00000015396
OG0007171	rna-XM_0018634852	rna-XM_0018634852	rna-XM_0018634852	rna-XM_0018634852	ENSXNUT00000015181
OG0007172	rna-XM_0382481531	rna-XM_0382481531	rna-XM_0382481531	rna-XM_0382481531	ENSXNUT00000015172
OG0007173	rna-XM_0018634882	rna-XM_0018634882	rna-XM_0018634882	rna-XM_0018634882	ENSXNUT00000014934
OG0007174	rna-XM_0018634892	rna-XM_0018634892	rna-XM_0018634892	rna-XM_0018634892	ENSXNUT00000016774
OG0007175	rna-XM_0382501541	rna-XM_0382501541	rna-XM_0382501541	rna-XM_0382501541	ENSXNUT00000018357
OG0007176	rna-XM_0382540261	rna-XM_0382540261	rna-XM_0382540271	rna-XM_0382540261	ENSXNUT00000002130
OG0007177	rna-XM_0018634942	rna-XM_0018634942	rna-XM_0018634942	rna-XM_0018634942	ENSXNUT00000002989
OG0007178	rna-XM_0018634992	rna-XM_0018634992	rna-XM_0018634992	rna-XM_0018634992	ENSXNUT00000005216
OG0007179	rna-XM_0382578901	rna-XM_0382578901	rna-XM_0382578901	rna-XM_0382578901	ENSXNUT00000001855
OG0007180	rna-XM_0382530321	rna-XM_0382530321	rna-XM_0382530321	rna-XM_0382530321	ENSXNUT00000002598
OG0007181	rna-XM_0382481501	rna-XM_0382481501	rna-XM_0382481501	rna-XM_0382481501	ENSXNUT00000018855
OG0007182	rna-XM_0382509551	rna-XM_0382509551	rna-XM_0382509551	rna-XM_0382509711	ENSXNUT00000015304
OG0007183	rna-XM_0382651901	rna-XM_0382651901	rna-XM_0382651901	rna-XM_0382651901	ENSXNUT00000009479
OG0007184	rna-XM_0018635252	rna-XM_0018635252	rna-XM_0018635252	rna-XM_0018635252	ENSXNUT00000013667
OG0007185	rna-XM_0018635332	rna-XM_0018635332	rna-XM_0018635332	rna-XM_0018635332	ENSXNUT00000006599
OG0007186	rna-XM_0018635342	rna-XM_0018635342	rna-XM_0018635342	rna-XM_0018635342	ENSXNUT00000007782
OG0007187	rna-XM_0382617881	rna-XM_0382617881	rna-XM_0382617881	rna-XM_0382617881	ENSXNUT00000007002
OG0007188	rna-XM_0018635362	rna-XM_0018635362	rna-XM_0018635362	rna-XM_0018635362	ENSXNUT00000015857
OG0007189	rna-XM_0018635372	rna-XM_0018635372	rna-XM_0018635372	rna-XM_0018635372	ENSXNUT00000008626
OG0007190	rna-XM_0382623431	rna-XM_0382623431	rna-XM_0382623431	rna-XM_0382623431	ENSXNUT00000008781
OG0007191	rna-XM_0018635402	rna-XM_0018635402	rna-XM_0018635402	rna-XM_0018635402	ENSXNUT00000010170
OG0007192	rna-XM_0018635412	rna-XM_0018635412	rna-XM_0018635412	rna-XM_0018635412	ENSXNUT00000015334
OG0007193	rna-XM_0382651861	rna-XM_0382651861	rna-XM_0382651861	rna-XM_0382651861	ENSXNUT00000008814
OG0007194	rna-XM_0018635452	rna-XM_0018635452	rna-XM_0018635452	rna-XM_0018635452	ENSXNUT00000005312
OG0007195	rna-XM_0018635462	rna-XM_0018635462	rna-XM_0018635462	rna-XM_0018635462	ENSXNUT00000000975
OG0007196	rna-XM_0018635472	rna-XM_0018635472	rna-XM_0018635472	rna-XM_0018635472	ENSXNUT00000005825
OG0007197	rna-XM_0382626371	rna-XM_0382626371	rna-XM_0382626371	rna-XM_0382626371	ENSXNUT00000015008
OG0007198	rna-XM_0018635552	rna-XM_0018635552	rna-XM_0018635552	rna-XM_0018635552	ENSXNUT00000014259
OG0007199	rna-XM_0382658551	rna-XM_0382658551	rna-XM_0382658551	rna-XM_0382658551	ENSXNUT00000016093
OG0007200	rna-XM_0018635692	rna-XM_0018635692	rna-XM_0018635692	rna-XM_0018635692	ENSXNUT00000012525
OG0007201	rna-XM_0382654641	rna-XM_0382654641	rna-XM_0382654641	rna-XM_0382654641	ENSXNUT00000013687
OG0007202	rna-XM_0382602771	rna-XM_0382602771	rna-XM_0382602771	rna-XM_0382602771	ENSXNUT00000014418
OG0007203	rna-XM_0382622421	rna-XM_0382622421	rna-XM_0382622421	rna-XM_0382622421	ENSXNUT00000006938
OG0007204	rna-XM_0382588711	rna-XM_0382588711	rna-XM_0382588711	rna-XM_0382588711	ENSXNUT00000010297
OG0007205	rna-XM_0382654631	rna-XM_0382654631	rna-XM_0382654631	rna-XM_0382654631	ENSXNUT00000012791
OG0007206	rna-XM_0382484001	rna-XM_0382484001	rna-XM_0382484001	rna-XM_0382484001	ENSXNUT00000018843
OG0007207	rna-XM_0382629291	rna-XM_0382629291	rna-XM_0382629291	rna-XM_0382629291	ENSXNUT00000007082
OG0007208	rna-XM_0382615981	rna-XM_0382615981	rna-XM_0382615981	rna-XM_0382615981	ENSXNUT00000008871
OG0007209	rna-XM_0382667011	rna-XM_0382667011	rna-XM_0382667011	rna-XM_0382667011	ENSXNUT00000017166
OG0007210	rna-XM_0382494911	rna-XM_0382494911	rna-XM_0382494911	rna-XM_0382494911	ENSXNUT00000016749
OG0007211	rna-XM_0382670081	rna-XM_0382670081	rna-XM_0382670081	rna-XM_0382670081	ENSXNUT00000016082
OG0007212	rna-XM_0018635982	rna-XM_0018635982	rna-XM_0018635982	rna-XM_0018635982	ENSXNUT00000016261
OG0007213	rna-XM_0018635992	rna-XM_0018635992	rna-XM_0018635992	rna-XM_0018635992	ENSXNUT00000016299
OG0007214	rna-XM_0382567301	rna-XM_0382567301	rna-XM_0382567301	rna-XM_0382567301	ENSXNUT00000017632
OG0007215	rna-XM_0382620311	rna-XM_0382620311	rna-XM_0382620311	rna-XM_0382620311	ENSXNUT00000015984
OG0007216	rna-XM_0382576091	rna-XM_0382576091	rna-XM_0382576091	rna-XM_0382576091	ENSXNUT00000003193
OG0007218	rna-XM_0382526611	rna-XM_0382526611	rna-XM_0382526611	rna-XM_0382526611	ENSXNUT00000017422
OG0007219	rna-XM_0382491501	rna-XM_0382491501	rna-XM_0382491501	rna-XM_0382491501	ENSXNUT00000013160
OG0007220	rna-XM_0018636312	rna-XM_0018636312	rna-XM_0018636312	rna-XM_0018636312	ENSXNUT00000018365
OG0007221	rna-XM_0382588411	rna-XM_0382588411	rna-XM_0382588411	rna-XM_0382588411	ENSXNUT00000012893
OG0007222	rna-XM_0382485401	rna-XM_0382485401	rna-XM_0382485401	rna-XM_0382485401	ENSXNUT00000018491
OG0007223	rna-XM_0382494331	rna-XM_0382494331	rna-XM_0382494331	rna-XM_0382494331	ENSXNUT00000013657
OG0007224	rna-XM_0382548981	rna-XM_0382548981	rna-XM_0382548981	rna-XM_0382548981	ENSXNUT00000002502
OG0007225	rna-XM_0382558061	rna-XM_0382558061	rna-XM_0382558061	rna-XM_0382558061	ENSXNUT00000010145
OG0007226	rna-XM_0382547051	rna-XM_0382547051	rna-XM_0382547051	rna-XM_0382547051	ENSXNUT00000002065
OG0007227	rna-XM_0018636532	rna-XM_0018636532	rna-XM_0018636532	rna-XM_0018636532	ENSXNUT00000004431
OG0007228	rna-XM_0018636722	rna-XM_0018636722	rna-XM_0018636722	rna-XM_0018636722	ENSXNUT00000013921
OG0007229	rna-XM_0382481911	rna-XM_0382481911	rna-XM_0382481911	rna-XM_0382481911	ENSXNUT00000018163
OG0007230	rna-XM_0382565681	rna-XM_0382565681	rna-XM_0382565681	rna-XM_0382565681	ENSXNUT00000001702
OG0007231	rna-XM_0382512541	rna-XM_0382512541	rna-XM_0382512541	rna-XM_0382512541	ENSXNUT00000001051
OG0007232	rna-XM_0382621421	rna-XM_0382621421	rna-XM_0382621421	rna-XM_0382621421	ENSXNUT00000008068
OG0007233	rna-XM_0382650871	rna-XM_0382650871	rna-XM_0382650871	rna-XM_0382650871	ENSXNUT00000008764
OG0007234	rna-XM_0018637012	rna-XM_0018637012	rna-XM_0018637012	rna-XM_0018637012	ENSXNUT00000017291
OG0007235	rna-XM_0382602311	rna-XM_0382602311	rna-XM_0382602311	rna-XM_0382602311	ENSXNUT00000014408
OG0007236	rna-XM_0382641041	rna-XM_0382641041	rna-XM_0382641041	rna-XM_0382641041	ENSXNUT00000014100
OG0007237	rna-XM_0382602291	rna-XM_0382602291	rna-XM_0382602291	rna-XM_0382602291	ENSXNUT00000009284
OG0007238	rna-XM_0382628561	rna-XM_0382628561	rna-XM_0382628561	rna-XM_0382628561	ENSXNUT00000008181
OG0007239	rna-XM_0018637112	rna-XM_0018637112	rna-XM_0018637112	rna-XM_0018637112	ENSXNUT00000008049
OG0007240	rna-XM_0382628571	rna-XM_0382628571	rna-XM_0382628571	rna-XM_0382628571	ENSXNUT00000010385
OG0007241	rna-XM_0018637212	rna-XM_0018637212	rna-XM_0018637212	rna-XM_0018637212	ENSXNUT00000013801
OG0007242	rna-XM_0382656481	rna-XM_0382656481	rna-XM_0382656481	rna-XM_0382656481	ENSXNUT00000017673
OG0007243	rna-XM_0382490461	rna-XM_0382490461	rna-XM_0382490461	rna-XM_0382490461	ENSXNUT00000017556
OG0007244	rna-XM_0018637312	rna-XM_0018637312	rna-XM_0018637312	rna-XM_0018637312	ENSXNUT00000016821
OG0007245	rna-XM_0018637322	rna-XM_0018637322	rna-XM_0018637322	rna-XM_0018637322	ENSXNUT00000014138
OG0007246	rna-XM_0018637332	rna-XM_0018637332	rna-XM_0018637332	rna-XM_0018637332	ENSXNUT00000018337
OG0007247	rna-XM_0382492941	rna-XM_0382492941	rna-XM_0382492941	rna-XM_0382492941	ENSXNUT00000017629
OG0007248	rna-XM_0018637362	rna-XM_0018637362	rna-XM_0018637362	rna-XM_0018637362	ENSXNUT00000016977
OG0007249	rna-XM_0382487341	rna-XM_0382487341	rna-XM_0382487341	rna-XM_0382487341	ENSXNUT00000012111
OG0007250	rna-XM_0382536001	rna-XM_0382536001	rna-XM_0382536001	rna-XM_0382536001	ENSXNUT00000013119
OG0007251	rna-XM_0382667461	rna-XM_0382667461	rna-XM_0382667461	rna-XM_0382667461	ENSXNUT00000014330
OG0007252	rna-XM_0018637622	rna-XM_0018637622	rna-XM_0018637622	rna-XM_0018637622	ENSXNUT00000005456
OG0007253	rna-XM_0382564651	rna-XM_0382564661	rna-XM_0382564661	rna-XM_0382564661	ENSXNUT00000005129
OG0007254	rna-XM_0382519911	rna-XM_0382519911	rna-XM_0382519911	rna-XM_0382519911	ENSXNUT00000001061
OG0007255	rna-XM_0382519891	rna-XM_0382519891	rna-XM_0382519891	rna-XM_0382519891	ENSXNUT00000004000
OG0007256	rna-XM_0018637592	rna-XM_0018637592	rna-XM_0018637592	rna-XM_0018637592	ENSXNUT00000000780
OG0007257	rna-XM_0382621501	rna-XM_0382621501	rna-XM_0382621501	rna-XM_0382621501	ENSXNUT00000014465
OG0007258	rna-XM_0382621541	rna-XM_0382621541	rna-XM_0382621541	rna-XM_0382621541	ENSXNUT00000013868
OG0007259	rna-XM_0018637972	rna-XM_0018637972	rna-XM_0018637972	rna-XM_0018637972	ENSXNUT00000008743
OG0007260	rna-XM_0018638012	rna-XM_0018638012	rna-XM_0018638012	rna-XM_0018638012	ENSXNUT00000009350
OG0007261	rna-XM_0382621431	rna-XM_0382621431	rna-XM_0382621431	rna-XM_0382621431	ENSXNUT00000011214
OG0007262	rna-XM_0382549181	rna-XM_0382549181	rna-XM_0382549181	rna-XM_0382549181	ENSXNUT00000002642
OG0007263	rna-XM_0018638582	rna-XM_0018638582	rna-XM_0018638582	rna-XM_0018638582	ENSXNUT00000005458
OG0007264	rna-XM_0382531431	rna-XM_0382531431	rna-XM_0382531431	rna-XM_0382531431	ENSXNUT00000003288
OG0007265	rna-XM_0382523111	rna-XM_0382523111	rna-XM_0382523111	rna-XM_0382523111	ENSXNUT00000001335
OG0007266	rna-XM_0382523391	rna-XM_0382523391	rna-XM_0382523391	rna-XM_0382523391	ENSXNUT00000000851
OG0007267	rna-XM_0018638762	rna-XM_0018638762	rna-XM_0018638762	rna-XM_0018638762	ENSXNUT00000005782
OG0007268	rna-XM_0382494701	rna-XM_0382494701	rna-XM_0382494701	rna-XM_0382494701	ENSXNUT00000013284
OG0007269	rna-XM_0018638842	rna-XM_0018638842	rna-XM_0018638842	rna-XM_0018638842	ENSXNUT00000015672
OG0007270	rna-XM_0382490221	rna-XM_0382490221	rna-XM_0382490221	rna-XM_0382490221	ENSXNUT00000015208
OG0007271	rna-XM_0018639142	rna-XM_0018639142	rna-XM_0018639142	rna-XM_0018639142	ENSXNUT00000001884
OG0007272	rna-XM_0382557591	rna-XM_0382557591	rna-XM_0382557591	rna-XM_0382557591	ENSXNUT00000005313
OG0007273	rna-XM_0018639202	rna-XM_0018639202	rna-XM_0018639202	rna-XM_0018639202	ENSXNUT00000003347
OG0007274	rna-XM_0018639212	rna-XM_0018639212	rna-XM_0018639212	rna-XM_0018639212	ENSXNUT00000003749
OG0007275	rna-XM_0018639242	rna-XM_0018639242	rna-XM_0018639242	rna-XM_0018639242	ENSXNUT00000002410
OG0007276	rna-XM_0382540121	rna-XM_0382540121	rna-XM_0382540121	rna-XM_0382540121	ENSXNUT00000011051
OG0007277	rna-XM_0018639262	rna-XM_0018639262	rna-XM_0018639262	rna-XM_0018639262	ENSXNUT00000001493
OG0007278	rna-XM_0382624591	rna-XM_0382624591	rna-XM_0382624591	rna-XM_0382624591	ENSXNUT00000006787
OG0007279	rna-XM_0382600191	rna-XM_0382600191	rna-XM_0382600191	rna-XM_0382600191	ENSXNUT00000009237
OG0007280	rna-XM_0018639472	rna-XM_0018639472	rna-XM_0018639472	rna-XM_0018639472	ENSXNUT00000006256
OG0007281	rna-XM_0382625841	rna-XM_0382625841	rna-XM_0382625841	rna-XM_0382625841	ENSXNUT00000008805
OG0007282	rna-XM_0018639492	rna-XM_0018639492	rna-XM_0018639492	rna-XM_0018639492	ENSXNUT00000006304
OG0007283	rna-XM_0018639502	rna-XM_0018639502	rna-XM_0018639502	rna-XM_0018639502	ENSXNUT00000010504
OG0007284	rna-XM_0382624311	rna-XM_0382624311	rna-XM_0382624311	rna-XM_0382624311	ENSXNUT00000008534
OG0007285	rna-XM_0018639392	rna-XM_0018639392	rna-XM_0018639392	rna-XM_0018639392	ENSXNUT00000015236
OG0007286	rna-XM_0382591031	rna-XM_0382591031	rna-XM_0382591031	rna-XM_0382591031	ENSXNUT00000007978
OG0007287	rna-XM_0382659311	rna-XM_0382659311	rna-XM_0382659311	rna-XM_0382659311	ENSXNUT00000010810
OG0007288	rna-XM_0018639692	rna-XM_0018639692	rna-XM_0018639692	rna-XM_0018639692	ENSXNUT00000007314
OG0007289	rna-XM_0018639642	rna-XM_0018639642	rna-XM_0018639642	rna-XM_0018639642	ENSXNUT00000011601
OG0007290	rna-XM_0018639702	rna-XM_0018639702	rna-XM_0018639702	rna-XM_0018639702	ENSXNUT00000013601
OG0007291	rna-XM_0018639732	rna-XM_0018639732	rna-XM_0018639732	rna-XM_0018639732	ENSXNUT00000014689
OG0007292	rna-XM_0382589701	rna-XM_0382589701	rna-XM_0382589701	rna-XM_0382589701	ENSXNUT00000014321
OG0007293	rna-XM_0382625221	rna-XM_0382625221	rna-XM_0382625221	rna-XM_0382625221	ENSXNUT00000012450
OG0007294	rna-XM_0382620581	rna-XM_0382620581	rna-XM_0382620581	rna-XM_0382620581	ENSXNUT00000015686
OG0007295	rna-XM_0382620591	rna-XM_0382620591	rna-XM_0382620591	rna-XM_0382620591	ENSXNUT00000007860
OG0007296	rna-XM_0382656561	rna-XM_0382656561	rna-XM_0382656561	rna-XM_0382656561	ENSXNUT00000009953
OG0007297	rna-XM_0382616691	rna-XM_0382616691	rna-XM_0382616691	rna-XM_0382616691	ENSXNUT00000016887
OG0007298	rna-XM_0382644721	rna-XM_0382644721	rna-XM_0382644721	rna-XM_0382644721	ENSXNUT00000011585
OG0007299	rna-XM_0382659401	rna-XM_0382659401	rna-XM_0382659401	rna-XM_0382659401	ENSXNUT00000015519
OG0007300	rna-XM_0382634751	rna-XM_0382634751	rna-XM_0382634751	rna-XM_0382634751	ENSXNUT00000015410
OG0007301	rna-XM_0382654251	rna-XM_0382654251	rna-XM_0382654251	rna-XM_0382654251	ENSXNUT00000009915
OG0007302	rna-XM_0382654261	rna-XM_0382654261	rna-XM_0382654261	rna-XM_0382654261	ENSXNUT00000013076
OG0007303	rna-XM_0382656591	rna-XM_0382656591	rna-XM_0382656591	rna-XM_0382656591	ENSXNUT00000008262
OG0007304	rna-XM_0382481121	rna-XM_0382481121	rna-XM_0382481121	rna-XM_0382481121	ENSXNUT00000014535
OG0007305	rna-XM_0382488071	rna-XM_0382488071	rna-XM_0382488071	rna-XM_0382488071	ENSXNUT00000017415
OG0007306	rna-XM_0018640072	rna-XM_0018640072	rna-XM_0018640072	rna-XM_0018640072	ENSXNUT00000016795
OG0007307	rna-XM_0018640082	rna-XM_0018640082	rna-XM_0018640082	rna-XM_0018640082	ENSXNUT00000013062
OG0007308	rna-XM_0382488031	rna-XM_0382488031	rna-XM_0382488031	rna-XM_0382488031	ENSXNUT00000013435
OG0007309	rna-XM_0382569711	rna-XM_0382569711	rna-XM_0382569711	rna-XM_0382569711	ENSXNUT00000000143
OG0007310	rna-XM_0018640332	rna-XM_0018640332	rna-XM_0018640332	rna-XM_0018640332	ENSXNUT00000008235
OG0007311	rna-XM_0382581551	rna-XM_0382581551	rna-XM_0382581551	rna-XM_0382581551	ENSXNUT00000001513
OG0007312	rna-XM_0382576281	rna-XM_0382576281	rna-XM_0382576281	rna-XM_0382576281	ENSXNUT00000004669
OG0007313	rna-XM_0382554431	rna-XM_0382554431	rna-XM_0382554431	rna-XM_0382554431	ENSXNUT00000004075
OG0007314	rna-XM_0382499211	rna-XM_0382499211	rna-XM_0382499211	rna-XM_0382499211	ENSXNUT00000013063
OG0007315	rna-XM_0382496021	rna-XM_0382496021	rna-XM_0382496021	rna-XM_0382496021	ENSXNUT00000018685
OG0007316	rna-XM_0382668181	rna-XM_0382668181	rna-XM_0382668181	rna-XM_0382668181	ENSXNUT00000006107
OG0007318	rna-XM_0382548201	rna-XM_0382548201	rna-XM_0382548201	rna-XM_0382548201	ENSXNUT00000000742
OG0007319	rna-XM_0018640712	rna-XM_0018640712	rna-XM_0018640712	rna-XM_0018640712	ENSXNUT00000005801
OG0007320	rna-XM_0018640802	rna-XM_0018640802	rna-XM_0018640802	rna-XM_0018640802	ENSXNUT00000006912
OG0007321	rna-XM_0382619651	rna-XM_0382619651	rna-XM_0382619651	rna-XM_0382619651	ENSXNUT00000011777
OG0007322	rna-XM_0018640852	rna-XM_0018640852	rna-XM_0018640852	rna-XM_0018640852	ENSXNUT00000011663
OG0007323	rna-XM_0382595421	rna-XM_0382595421	rna-XM_0382595421	rna-XM_0382595421	ENSXNUT00000011015
OG0007324	rna-XM_0018640882	rna-XM_0018640882	rna-XM_0018640882	rna-XM_0018640882	ENSXNUT00000005991
OG0007325	rna-XM_0382642661	rna-XM_0382642661	rna-XM_0382642661	rna-XM_0382642661	ENSXNUT00000013768
OG0007326	rna-XM_0018640902	rna-XM_0018640902	rna-XM_0018640902	rna-XM_0018640902	ENSXNUT00000011652
OG0007327	rna-XM_0382614381	rna-XM_0382614381	rna-XM_0382614381	rna-XM_0382614381	ENSXNUT00000006413
OG0007328	rna-XM_0382494201	rna-XM_0382494201	rna-XM_0382494201	rna-XM_0382494201	ENSXNUT00000012723
OG0007329	rna-XM_0018641012	rna-XM_0018641012	rna-XM_0018641012	rna-XM_0018641012	ENSXNUT00000012907
OG0007330	rna-XM_0382494241	rna-XM_0382494241	rna-XM_0382494241	rna-XM_0382494241	ENSXNUT00000015434
OG0007331	rna-XM_0018641042	rna-XM_0018641042	rna-XM_0018641042	rna-XM_0018641042	ENSXNUT00000018794
OG0007332	rna-XM_0018641072	rna-XM_0018641072	rna-XM_0018641072	rna-XM_0018641072	ENSXNUT00000016965
OG0007333	rna-XM_0018641082	rna-XM_0018641082	rna-XM_0018641082	rna-XM_0018641082	ENSXNUT00000017193
OG0007334	rna-XM_0018641092	rna-XM_0018641092	rna-XM_0018641092	rna-XM_0018641092	ENSXNUT00000013737
OG0007335	rna-XM_0018641112	rna-XM_0018641112	rna-XM_0018641112	rna-XM_0018641112	ENSXNUT00000013978
OG0007336	rna-XM_0018641122	rna-XM_0018641122	rna-XM_0018641122	rna-XM_0018641122	ENSXNUT00000018712
OG0007337	rna-XM_0018641132	rna-XM_0018641132	rna-XM_0018641132	rna-XM_0018641132	ENSXNUT00000013070
OG0007338	rna-XM_0018641172	rna-XM_0018641172	rna-XM_0018641172	rna-XM_0018641172	ENSXNUT00000017471
OG0007339	rna-XM_0382482541	rna-XM_0382482541	rna-XM_0382482541	rna-XM_0382482541	ENSXNUT00000017689
OG0007340	rna-XM_0382487501	rna-XM_0382487501	rna-XM_0382487501	rna-XM_0382487501	ENSXNUT00000015445
OG0007341	rna-XM_0018641232	rna-XM_0018641232	rna-XM_0018641232	rna-XM_0018641232	ENSXNUT00000015444
OG0007342	rna-XM_0018641272	rna-XM_0018641272	rna-XM_0018641272	rna-XM_0018641272	ENSXNUT00000017601
OG0007343	rna-XM_0382669941	rna-XM_0382669941	rna-XM_0382669941	rna-XM_0382669941	ENSXNUT00000015505
OG0007344	rna-XM_0018641452	rna-XM_0018641452	rna-XM_0018641452	rna-XM_0018641452	ENSXNUT00000009641
OG0007345	rna-XM_0382585691	rna-XM_0382585691	rna-XM_0382585701	rna-XM_0382585691	ENSXNUT00000006300
OG0007346	rna-XM_0018641482	rna-XM_0018641482	rna-XM_0018641482	rna-XM_0018641482	ENSXNUT00000008198
OG0007347	rna-XM_0382640351	rna-XM_0382640351	rna-XM_0382640351	rna-XM_0382640351	ENSXNUT00000009625
OG0007348	rna-XM_0018641592	rna-XM_0018641592	rna-XM_0018641592	rna-XM_0018641592	ENSXNUT00000005221
OG0007349	rna-XM_0382559991	rna-XM_0382559991	rna-XM_0382559991	rna-XM_0382559991	ENSXNUT00000001396
OG0007350	rna-XM_0382560321	rna-XM_0382560321	rna-XM_0382560321	rna-XM_0382560321	ENSXNUT00000005331
OG0007351	rna-XM_0382560811	rna-XM_0382560811	rna-XM_0382560811	rna-XM_0382560811	ENSXNUT00000004585
OG0007352	rna-XM_0382552201	rna-XM_0382552201	rna-XM_0382552201	rna-XM_0382552201	ENSXNUT00000003166
OG0007353	rna-XM_0018641742	rna-XM_0018641742	rna-XM_0018641742	rna-XM_0018641742	ENSXNUT00000002076
OG0007354	rna-XM_0018641902	rna-XM_0018641902	rna-XM_0018641902	rna-XM_0018641902	ENSXNUT00000003920
OG0007355	rna-XM_0382623201	rna-XM_0382623201	rna-XM_0382623201	rna-XM_0382623201	ENSXNUT00000010120
OG0007356	rna-XM_0382591711	rna-XM_0382591711	rna-XM_0382591711	rna-XM_0382591711	ENSXNUT00000011083
OG0007357	rna-XM_0382618771	rna-XM_0382618771	rna-XM_0382618771	rna-XM_0382618771	ENSXNUT00000014908
OG0007358	rna-XM_0018642062	rna-XM_0018642062	rna-XM_0018642062	rna-XM_0018642062	ENSXNUT00000007172
OG0007359	rna-XM_0382606771	rna-XM_0382606771	rna-XM_0382606771	rna-XM_0382606771	ENSXNUT00000015639
OG0007360	rna-XM_0382538491	rna-XM_0382538491	rna-XM_0382538491	rna-XM_0382538491	ENSXNUT00000001059
OG0007361	rna-XM_0382561571	rna-XM_0382561571	rna-XM_0382561571	rna-XM_0382561571	ENSXNUT00000002368
OG0007362	rna-XM_0382553951	rna-XM_0382553951	rna-XM_0382553951	rna-XM_0382553951	ENSXNUT00000002476
OG0007363	rna-XM_0382554281	rna-XM_0382554281	rna-XM_0382554281	rna-XM_0382554281	ENSXNUT00000001272
OG0007364	rna-XM_0018642232	rna-XM_0018642232	rna-XM_0018642232	rna-XM_0018642232	ENSXNUT00000001833
OG0007365	rna-XM_0382571061	rna-XM_0382571061	rna-XM_0382571061	rna-XM_0382571061	ENSXNUT00000002342
OG0007366	rna-XM_0382507701	rna-XM_0382507701	rna-XM_0382507701	rna-XM_0382507701	ENSXNUT00000007072
OG0007367	rna-XM_0018642462	rna-XM_0018642462	rna-XM_0018642462	rna-XM_0018642462	ENSXNUT00000003207
OG0007368	rna-XM_0382557521	rna-XM_0382557521	rna-XM_0382557521	rna-XM_0382557521	ENSXNUT00000007218
OG0007369	rna-XM_0018642502	rna-XM_0018642502	rna-XM_0018642502	rna-XM_0018642502	ENSXNUT00000011327
OG0007370	rna-XM_0018642702	rna-XM_0018642702	rna-XM_0018642702	rna-XM_0018642702	ENSXNUT00000000132
OG0007371	rna-XM_0018642742	rna-XM_0018642742	rna-XM_0018642742	rna-XM_0018642742	ENSXNUT00000004558
OG0007372	rna-XM_0018642772	rna-XM_0018642772	rna-XM_0018642772	rna-XM_0018642772	ENSXNUT00000000162
OG0007373	rna-XM_0018642792	rna-XM_0018642792	rna-XM_0018642792	rna-XM_0018642792	ENSXNUT00000005681
OG0007374	rna-XM_0018642852	rna-XM_0018642852	rna-XM_0018642852	rna-XM_0018642852	ENSXNUT00000000546
OG0007375	rna-XM_0018642872	rna-XM_0018642872	rna-XM_0018642872	rna-XM_0018642872	ENSXNUT00000000242
OG0007376	rna-XM_0382565271	rna-XM_0382565271	rna-XM_0382565271	rna-XM_0382565271	ENSXNUT00000008686
OG0007377	rna-XM_0018642952	rna-XM_0018642952	rna-XM_0018642952	rna-XM_0018642952	ENSXNUT00000009490
OG0007378	rna-XM_0382623401	rna-XM_0382623401	rna-XM_0382623401	rna-XM_0382623401	ENSXNUT00000009980
OG0007379	rna-XM_0018642962	rna-XM_0018642962	rna-XM_0018642962	rna-XM_0018642962	ENSXNUT00000012455
OG0007380	rna-XM_0018643062	rna-XM_0018643062	rna-XM_0018643062	rna-XM_0018643062	ENSXNUT00000006760
OG0007381	rna-XM_0382630701	rna-XM_0382630701	rna-XM_0382630701	rna-XM_0382630701	ENSXNUT00000011363
OG0007382	rna-XM_0382632631	rna-XM_0382632631	rna-XM_0382632631	rna-XM_0382632631	ENSXNUT00000015202
OG0007383	rna-XM_0018643492	rna-XM_0018643492	rna-XM_0018643492	rna-XM_0018643492	ENSXNUT00000008574
OG0007384	rna-XM_0382648031	rna-XM_0382648031	rna-XM_0382648031	rna-XM_0382648031	ENSXNUT00000011700
OG0007385	rna-XM_0382603361	rna-XM_0382603361	rna-XM_0382603361	rna-XM_0382603361	ENSXNUT00000012430
OG0007386	rna-XM_0018643702	rna-XM_0018643702	rna-XM_0018643702	rna-XM_0018643702	ENSXNUT00000006680
OG0007387	rna-XM_0382640751	rna-XM_0382640751	rna-XM_0382640751	rna-XM_0382640751	ENSXNUT00000006592
OG0007388	rna-XM_0382640731	rna-XM_0382640731	rna-XM_0382640731	rna-XM_0382640731	ENSXNUT00000013619
OG0007389	rna-XM_0382646931	rna-XM_0382646931	rna-XM_0382646931	rna-XM_0382646931	ENSXNUT00000007865
OG0007390	rna-XM_0382628191	rna-XM_0382628191	rna-XM_0382628191	rna-XM_0382628191	ENSXNUT00000009187
OG0007391	rna-XM_0018643852	rna-XM_0018643852	rna-XM_0018643852	rna-XM_0018643852	ENSXNUT00000010264
OG0007392	rna-XM_0382563861	rna-XM_0382563861	rna-XM_0382563861	rna-XM_0382563861	ENSXNUT00000004275
OG0007393	rna-XM_0382563981	rna-XM_0382563981	rna-XM_0382563981	rna-XM_0382563981	ENSXNUT00000003079
OG0007394	rna-XM_0018644042	rna-XM_0018644042	rna-XM_0018644042	rna-XM_0018644042	ENSXNUT00000006715
OG0007395	rna-XM_0382595601	rna-XM_0382595601	rna-XM_0382595601	rna-XM_0382595601	ENSXNUT00000015033
OG0007396	rna-XM_0018644082	rna-XM_0018644082	rna-XM_0018644082	rna-XM_0018644082	ENSXNUT00000011889
OG0007397	rna-XM_0382603921	rna-XM_0382603921	rna-XM_0382603921	rna-XM_0382603921	ENSXNUT00000016654
OG0007398	rna-XM_0382666421	rna-XM_0382666421	rna-XM_0382666421	rna-XM_0382666421	ENSXNUT00000017762
OG0007399	rna-XM_0382496761	rna-XM_0382496761	rna-XM_0382496761	rna-XM_0382496761	ENSXNUT00000012804
OG0007400	rna-XM_0018644392	rna-XM_0018644392	rna-XM_0018644392	rna-XM_0018644392	ENSXNUT00000013397
OG0007401	rna-XM_0382654891	rna-XM_0382654891	rna-XM_0382654891	rna-XM_0382654891	ENSXNUT00000011530
OG0007402	rna-XM_0382616511	rna-XM_0382616511	rna-XM_0382616511	rna-XM_0382616511	ENSXNUT00000012156
OG0007403	rna-XM_0018644542	rna-XM_0018644542	rna-XM_0018644542	rna-XM_0018644542	ENSXNUT00000011608
OG0007404	rna-XM_0018644572	rna-XM_0018644572	rna-XM_0018644572	rna-XM_0018644572	ENSXNUT00000012081
OG0007405	rna-XM_0382606401	rna-XM_0382606401	rna-XM_0382606401	rna-XM_0382606401	ENSXNUT00000008131
OG0007406	rna-XM_0382635771	rna-XM_0382635771	rna-XM_0382635771	rna-XM_0382635771	ENSXNUT00000007944
OG0007407	rna-XM_0018644662	rna-XM_0018644662	rna-XM_0018644662	rna-XM_0018644662	ENSXNUT00000007357
OG0007408	rna-XM_0382644591	rna-XM_0382644591	rna-XM_0382644591	rna-XM_0382644591	ENSXNUT00000013245
OG0007409	rna-XM_0018644812	rna-XM_0018644812	rna-XM_0018644812	rna-XM_0018644812	ENSXNUT00000017150
OG0007410	rna-XM_0018644822	rna-XM_0018644822	rna-XM_0018644822	rna-XM_0018644822	ENSXNUT00000016272
OG0007411	rna-XM_0382559681	rna-XM_0382559681	rna-XM_0382559681	rna-XM_0382559681	ENSXNUT00000014453
OG0007412	rna-XM_0018644842	rna-XM_0018644842	rna-XM_0018644842	rna-XM_0018644842	ENSXNUT00000014252
OG0007413	rna-XM_0382488121	rna-XM_0382488121	rna-XM_0382488121	rna-XM_0382488121	ENSXNUT00000015679
OG0007414	rna-XM_0018644882	rna-XM_0018644882	rna-XM_0018644882	rna-XM_0018644882	ENSXNUT00000018272
OG0007415	rna-XM_0382481041	rna-XM_0382481041	rna-XM_0382481041	rna-XM_0382481041	ENSXNUT00000013436
OG0007416	rna-XM_0382562271	rna-XM_0382562271	rna-XM_0382562271	rna-XM_0382562271	ENSXNUT00000001477
OG0007417	rna-XM_0018645042	rna-XM_0018645042	rna-XM_0018645042	rna-XM_0018645042	ENSXNUT00000000774
OG0007418	rna-XM_0018645052	rna-XM_0018645052	rna-XM_0018645052	rna-XM_0018645052	ENSXNUT00000004039
OG0007419	rna-XM_0382526591	rna-XM_0382526591	rna-XM_0382526591	rna-XM_0382526591	ENSXNUT00000004852
OG0007420	rna-XM_0382562291	rna-XM_0382562291	rna-XM_0382562291	rna-XM_0382562291	ENSXNUT00000001246
OG0007421	rna-XM_0018645092	rna-XM_0018645092	rna-XM_0018645092	rna-XM_0018645092	ENSXNUT00000002345
OG0007422	rna-XM_0382537361	rna-XM_0382537361	rna-XM_0382537361	rna-XM_0382537361	ENSXNUT00000003330
OG0007423	rna-XM_0382637821	rna-XM_0382637821	rna-XM_0382637821	rna-XM_0382637821	ENSXNUT00000015597
OG0007424	rna-XM_0018645112	rna-XM_0018645112	rna-XM_0018645112	rna-XM_0018645112	ENSXNUT00000006970
OG0007425	rna-XM_0382647251	rna-XM_0382647251	rna-XM_0382647251	rna-XM_0382647251	ENSXNUT00000009662
OG0007426	rna-XM_0382647271	rna-XM_0382647271	rna-XM_0382647271	rna-XM_0382647271	ENSXNUT00000010129
OG0007427	rna-XM_0018645212	rna-XM_0018645212	rna-XM_0018645212	rna-XM_0018645212	ENSXNUT00000010730
OG0007428	rna-XM_0018645242	rna-XM_0018645242	rna-XM_0018645242	rna-XM_0018645242	ENSXNUT00000014836
OG0007429	rna-XM_0382629591	rna-XM_0382629591	rna-XM_0382629591	rna-XM_0382629591	ENSXNUT00000013480
OG0007430	rna-XM_0018645272	rna-XM_0018645272	rna-XM_0018645272	rna-XM_0018645272	ENSXNUT00000011108
OG0007431	rna-XM_0382651841	rna-XM_0382651841	rna-XM_0382651841	rna-XM_0382651841	ENSXNUT00000007577
OG0007432	rna-XM_0382659791	rna-XM_0382659791	rna-XM_0382659791	rna-XM_0382659791	ENSXNUT00000016293
OG0007433	rna-XM_0382591621	rna-XM_0382591621	rna-XM_0382591621	rna-XM_0382591621	ENSXNUT00000015192
OG0007434	rna-XM_0382586741	rna-XM_0382586741	rna-XM_0382586741	rna-XM_0382586741	ENSXNUT00000012387
OG0007435	rna-XM_0382633731	rna-XM_0382633731	rna-XM_0382633731	rna-XM_0382633731	ENSXNUT00000012131
OG0007436	rna-XM_0382569491	rna-XM_0382569491	rna-XM_0382569491	rna-XM_0382569491	ENSXNUT00000005022
OG0007437	rna-XM_0018645562	rna-XM_0018645562	rna-XM_0018645562	rna-XM_0018645562	ENSXNUT00000004738
OG0007438	rna-XM_0018645642	rna-XM_0018645642	rna-XM_0018645642	rna-XM_0018645642	ENSXNUT00000012059
OG0007439	rna-XM_0382653711	rna-XM_0382653711	rna-XM_0382653711	rna-XM_0382653711	ENSXNUT00000011992
OG0007440	rna-XM_0382622581	rna-XM_0382622581	rna-XM_0382622591	rna-XM_0382622581	ENSXNUT00000010590
OG0007441	rna-XM_0018645712	rna-XM_0018645712	rna-XM_0018645712	rna-XM_0018645712	ENSXNUT00000007225
OG0007442	rna-XM_0018645632	rna-XM_0018645632	rna-XM_0018645632	rna-XM_0018645632	ENSXNUT00000009040
OG0007443	rna-XM_0382512321	rna-XM_0382512321	rna-XM_0382512361	rna-XM_0382512381	ENSXNUT00000002217
OG0007444	rna-XM_0018645752	rna-XM_0018645752	rna-XM_0018645752	rna-XM_0018645752	ENSXNUT00000004417
OG0007445	rna-XM_0382557311	rna-XM_0382557311	rna-XM_0382557311	rna-XM_0382557311	ENSXNUT00000018806
OG0007446	rna-XM_0382502261	rna-XM_0382502261	rna-XM_0382502261	rna-XM_0382502261	ENSXNUT00000018048
OG0007447	rna-XM_0018645822	rna-XM_0018645822	rna-XM_0018645822	rna-XM_0018645822	ENSXNUT00000005405
OG0007448	rna-XM_0018645872	rna-XM_0018645872	rna-XM_0018645872	rna-XM_0018645872	ENSXNUT00000000979
OG0007449	rna-XM_0018645902	rna-XM_0018645902	rna-XM_0018645902	rna-XM_0018645902	ENSXNUT00000011592
OG0007450	rna-XM_0018645912	rna-XM_0018645912	rna-XM_0018645912	rna-XM_0018645912	ENSXNUT00000016097
OG0007451	rna-XM_0382606131	rna-XM_0382606131	rna-XM_0382606131	rna-XM_0382606131	ENSXNUT00000010485
OG0007452	rna-XM_0382616571	rna-XM_0382616571	rna-XM_0382616571	rna-XM_0382616571	ENSXNUT00000011003
OG0007453	rna-XM_0018645932	rna-XM_0018645932	rna-XM_0018645932	rna-XM_0018645932	ENSXNUT00000012542
OG0007454	rna-XM_0018645952	rna-XM_0018645952	rna-XM_0018645952	rna-XM_0018645952	ENSXNUT00000010578
OG0007455	rna-XM_0018645962	rna-XM_0018645962	rna-XM_0018645962	rna-XM_0018645962	ENSXNUT00000008526
OG0007456	rna-XM_0382597781	rna-XM_0382597781	rna-XM_0382597781	rna-XM_0382597781	ENSXNUT00000010726
OG0007457	rna-XM_0382558391	rna-XM_0382558391	rna-XM_0382558391	rna-XM_0382558391	ENSXNUT00000004781
OG0007458	rna-XM_0382621231	rna-XM_0382621231	rna-XM_0382621231	rna-XM_0382621231	ENSXNUT00000013594
OG0007459	rna-XM_0382500521	rna-XM_0382500521	rna-XM_0382500521	rna-XM_0382500521	ENSXNUT00000017681
OG0007460	rna-XM_0018646272	rna-XM_0018646272	rna-XM_0018646272	rna-XM_0018646272	ENSXNUT00000012165
OG0007461	rna-XM_0382577231	rna-XM_0382577231	rna-XM_0382577231	rna-XM_0382577231	ENSXNUT00000003249
OG0007462	rna-XM_0382501931	rna-XM_0382501931	rna-XM_0382501931	rna-XM_0382501931	ENSXNUT00000000566
OG0007463	rna-XM_0382567901	rna-XM_0382567901	rna-XM_0382567901	rna-XM_0382567901	ENSXNUT00000017028
OG0007464	rna-XM_0018646582	rna-XM_0018646582	rna-XM_0018646582	rna-XM_0018646582	ENSXNUT00000012462
OG0007465	rna-XM_0382561641	rna-XM_0382561641	rna-XM_0382561641	rna-XM_0382561641	ENSXNUT00000003191
OG0007466	rna-XM_0382553371	rna-XM_0382553371	rna-XM_0382553371	rna-XM_0382553371	ENSXNUT00000000096
OG0007467	rna-XM_0382546341	rna-XM_0382546341	rna-XM_0382546341	rna-XM_0382546341	ENSXNUT00000008170
OG0007468	rna-XM_0018646742	rna-XM_0018646742	rna-XM_0018646742	rna-XM_0018646742	ENSXNUT00000002230
OG0007469	rna-XM_0382507091	rna-XM_0382507091	rna-XM_0382507091	rna-XM_0382507091	ENSXNUT00000000298
OG0007470	rna-XM_0018646762	rna-XM_0018646762	rna-XM_0018646762	rna-XM_0018646762	ENSXNUT00000001172
OG0007471	rna-XM_0382544871	rna-XM_0382544871	rna-XM_0382544871	rna-XM_0382544871	ENSXNUT00000014338
OG0007472	rna-XM_0382591171	rna-XM_0382591171	rna-XM_0382591171	rna-XM_0382591171	ENSXNUT00000018349
OG0007473	rna-XM_0018646862	rna-XM_0018646862	rna-XM_0018646862	rna-XM_0018646862	ENSXNUT00000017173
OG0007474	rna-XM_0018646892	rna-XM_0018646892	rna-XM_0018646892	rna-XM_0018646892	ENSXNUT00000017365
OG0007475	rna-XM_0382664891	rna-XM_0382664891	rna-XM_0382664891	rna-XM_0382664891	ENSXNUT00000015893
OG0007476	rna-XM_0382615241	rna-XM_0382615241	rna-XM_0382615241	rna-XM_0382615241	ENSXNUT00000017786
OG0007477	rna-XM_0382564471	rna-XM_0382564471	rna-XM_0382564471	rna-XM_0382564471	ENSXNUT00000016998
OG0007478	rna-XM_0382664871	rna-XM_0382664871	rna-XM_0382664871	rna-XM_0382664871	ENSXNUT00000016648
OG0007479	rna-XM_0382493251	rna-XM_0382493251	rna-XM_0382493251	rna-XM_0382493251	ENSXNUT00000018676
OG0007480	rna-XM_0018647002	rna-XM_0018647002	rna-XM_0018647002	rna-XM_0018647002	ENSXNUT00000012684
OG0007481	rna-XM_0382539841	rna-XM_0382539841	rna-XM_0382539841	rna-XM_0382539841	ENSXNUT00000015435
OG0007482	rna-XM_0382667721	rna-XM_0382667721	rna-XM_0382667721	rna-XM_0382667721	ENSXNUT00000016946
OG0007483	rna-XM_0382649341	rna-XM_0382649341	rna-XM_0382649341	rna-XM_0382649341	ENSXNUT00000007483
OG0007484	rna-XM_0018647232	rna-XM_0018647232	rna-XM_0018647232	rna-XM_0018647232	ENSXNUT00000012633
OG0007485	rna-XM_0018647242	rna-XM_0018647242	rna-XM_0018647242	rna-XM_0018647242	ENSXNUT00000014815
OG0007486	rna-XM_0382653021	rna-XM_0382653021	rna-XM_0382653021	rna-XM_0382653021	ENSXNUT00000011615
OG0007487	rna-XM_0382569651	rna-XM_0382569651	rna-XM_0382569651	rna-XM_0382569651	ENSXNUT00000009388
OG0007488	rna-XM_0382610521	rna-XM_0382610521	rna-XM_0382610521	rna-XM_0382610521	ENSXNUT00000018079
OG0007489	rna-XM_0382617751	rna-XM_0382617751	rna-XM_0382617751	rna-XM_0382617791	ENSXNUT00000009162
OG0007490	rna-XM_0382629271	rna-XM_0382629271	rna-XM_0382629271	rna-XM_0382629271	ENSXNUT00000010434
OG0007491	rna-XM_0382649121	rna-XM_0382649121	rna-XM_0382649121	rna-XM_0382649121	ENSXNUT00000014199
OG0007492	rna-XM_0018647932	rna-XM_0018647932	rna-XM_0018647932	rna-XM_0018647932	ENSXNUT00000011542
OG0007493	rna-XM_0382486991	rna-XM_0382486991	rna-XM_0382486991	rna-XM_0382486991	ENSXNUT00000013312
OG0007494	rna-XM_0382610591	rna-XM_0382610591	rna-XM_0382610591	rna-XM_0382610591	ENSXNUT00000015831
OG0007495	rna-XM_0382481441	rna-XM_0382481441	rna-XM_0382481441	rna-XM_0382481441	ENSXNUT00000016575
OG0007496	rna-XM_0382481431	rna-XM_0382481431	rna-XM_0382481431	rna-XM_0382481431	ENSXNUT00000014912
OG0007497	rna-XM_0018648142	rna-XM_0018648142	rna-XM_0018648142	rna-XM_0018648142	ENSXNUT00000016820
OG0007498	rna-XM_0018648202	rna-XM_0018648202	rna-XM_0018648202	rna-XM_0018648202	ENSXNUT00000007194
OG0007499	rna-XM_0382647231	rna-XM_0382647231	rna-XM_0382647231	rna-XM_0382647231	ENSXNUT00000015439
OG0007500	rna-XM_0382650691	rna-XM_0382650691	rna-XM_0382650691	rna-XM_0382650691	ENSXNUT00000008190
OG0007501	rna-XM_0382604961	rna-XM_0382604941	rna-XM_0382604941	rna-XM_0382604961	ENSXNUT00000007930
OG0007502	rna-XM_0382592191	rna-XM_0382592191	rna-XM_0382592191	rna-XM_0382592191	ENSXNUT00000006043
OG0007503	rna-XM_0018648302	rna-XM_0018648302	rna-XM_0018648302	rna-XM_0018648302	ENSXNUT00000013525
OG0007504	rna-XM_0382662771	rna-XM_0382662771	rna-XM_0382662771	rna-XM_0382662771	ENSXNUT00000012712
OG0007505	rna-XM_0382613581	rna-XM_0382613581	rna-XM_0382613581	rna-XM_0382613581	ENSXNUT00000006229
OG0007506	rna-XM_0018648322	rna-XM_0018648322	rna-XM_0018648322	rna-XM_0018648322	ENSXNUT00000018304
OG0007507	rna-XM_0018648482	rna-XM_0018648482	rna-XM_0018648482	rna-XM_0018648482	ENSXNUT00000016149
OG0007508	rna-XM_0018648452	rna-XM_0018648452	rna-XM_0018648452	rna-XM_0018648452	ENSXNUT00000014258
OG0007509	rna-XM_0018648442	rna-XM_0018648442	rna-XM_0018648442	rna-XM_0018648442	ENSXNUT00000011082
OG0007510	rna-XM_0382520771	rna-XM_0382520791	rna-XM_0382520791	rna-XM_0382520771	ENSXNUT00000008543
OG0007511	rna-XM_0382490451	rna-XM_0382490451	rna-XM_0382490451	rna-XM_0382490451	ENSXNUT00000013347
OG0007512	rna-XM_0382493981	rna-XM_0382493981	rna-XM_0382493981	rna-XM_0382493981	ENSXNUT00000016015
OG0007513	rna-XM_0382639061	rna-XM_0382639061	rna-XM_0382639061	rna-XM_0382639061	ENSXNUT00000011198
OG0007514	rna-XM_0382633561	rna-XM_0382633561	rna-XM_0382633561	rna-XM_0382633561	ENSXNUT00000006319
OG0007515	rna-XM_0382592861	rna-XM_0382592901	rna-XM_0382592861	rna-XM_0382592861	ENSXNUT00000010329
OG0007516	rna-XM_0382652681	rna-XM_0382652681	rna-XM_0382652681	rna-XM_0382652681	ENSXNUT00000006431
OG0007517	rna-XM_0382496861	rna-XM_0382496861	rna-XM_0382496871	rna-XM_0382496861	ENSXNUT00000012820
OG0007518	rna-XM_0382668081	rna-XM_0382668081	rna-XM_0382668081	rna-XM_0382668081	ENSXNUT00000016768
OG0007519	rna-XM_0382532491	rna-XM_0382532491	rna-XM_0382532491	rna-XM_0382532491	ENSXNUT00000001800
OG0007520	rna-XM_0382555431	rna-XM_0382555431	rna-XM_0382555431	rna-XM_0382555431	ENSXNUT00000004732
OG0007521	rna-XM_0382588531	rna-XM_0382588531	rna-XM_0382588531	rna-XM_0382588531	ENSXNUT00000008621
OG0007522	rna-XM_0382590071	rna-XM_0382590071	rna-XM_0382590071	rna-XM_0382590071	ENSXNUT00000009650
OG0007523	rna-XM_0382590061	rna-XM_0382590061	rna-XM_0382590061	rna-XM_0382590061	ENSXNUT00000013382
OG0007524	rna-XM_0382590041	rna-XM_0382590041	rna-XM_0382590041	rna-XM_0382590041	ENSXNUT00000011203
OG0007525	rna-XM_0382649891	rna-XM_0382649891	rna-XM_0382649891	rna-XM_0382649891	ENSXNUT00000011720
OG0007526	rna-XM_0018649272	rna-XM_0018649272	rna-XM_0018649272	rna-XM_0018649272	ENSXNUT00000015877
OG0007527	rna-XM_0018649262	rna-XM_0018649262	rna-XM_0018649262	rna-XM_0018649262	ENSXNUT00000011513
OG0007528	rna-XM_0018649392	rna-XM_0018649392	rna-XM_0018649392	rna-XM_0018649392	ENSXNUT00000005686
OG0007529	rna-XM_0382642521	rna-XM_0382642521	rna-XM_0382642521	rna-XM_0382642521	ENSXNUT00000007695
OG0007530	rna-XM_0018649492	rna-XM_0018649492	rna-XM_0018649492	rna-XM_0018649492	ENSXNUT00000010116
OG0007531	rna-XM_0018649512	rna-XM_0018649512	rna-XM_0018649512	rna-XM_0018649512	ENSXNUT00000009054
OG0007532	rna-XM_0382621461	rna-XM_0382621461	rna-XM_0382621461	rna-XM_0382621461	ENSXNUT00000011138
OG0007533	rna-XM_0382631971	rna-XM_0382631971	rna-XM_0382631971	rna-XM_0382631971	ENSXNUT00000006241
OG0007534	rna-XM_0018649752	rna-XM_0018649752	rna-XM_0018649752	rna-XM_0018649752	ENSXNUT00000011688
OG0007535	rna-XM_0382606781	rna-XM_0382606781	rna-XM_0382606781	rna-XM_0382606781	ENSXNUT00000011531
OG0007536	rna-XM_0018649832	rna-XM_0018649832	rna-XM_0018649832	rna-XM_0018649832	ENSXNUT00000009553
OG0007537	rna-XM_0018649852	rna-XM_0018649852	rna-XM_0018649852	rna-XM_0018649852	ENSXNUT00000014497
OG0007538	rna-XM_0382601561	rna-XM_0382601561	rna-XM_0382601561	rna-XM_0382601561	ENSXNUT00000016137
OG0007539	rna-XM_0382631141	rna-XM_0382631141	rna-XM_0382631161	rna-XM_0382631141	ENSXNUT00000007202
OG0007540	rna-XM_0382630481	rna-XM_0382630481	rna-XM_0382630481	rna-XM_0382630481	ENSXNUT00000007601
OG0007541	rna-XM_0382650281	rna-XM_0382650281	rna-XM_0382650281	rna-XM_0382650281	ENSXNUT00000006050
OG0007542	rna-XM_0382515151	rna-XM_0382515151	rna-XM_0382515151	rna-XM_0382515151	ENSXNUT00000000816
OG0007543	rna-XM_0382515201	rna-XM_0382515201	rna-XM_0382515201	rna-XM_0382515201	ENSXNUT00000000362
OG0007544	rna-XM_0382515171	rna-XM_0382515171	rna-XM_0382515171	rna-XM_0382515171	ENSXNUT00000001384
OG0007545	rna-XM_0018650332	rna-XM_0018650332	rna-XM_0018650332	rna-XM_0018650332	ENSXNUT00000003026
OG0007546	rna-XM_0382525331	rna-XM_0382525331	rna-XM_0382525331	rna-XM_0382525331	ENSXNUT00000002945
OG0007547	rna-XM_0382586101	rna-XM_0382586101	rna-XM_0382586101	rna-XM_0382586101	ENSXNUT00000012675
OG0007548	rna-XM_0382602361	rna-XM_0382602361	rna-XM_0382602361	rna-XM_0382602361	ENSXNUT00000007563
OG0007549	rna-XM_0018650692	rna-XM_0018650692	rna-XM_0018650692	rna-XM_0018650692	ENSXNUT00000009873
OG0007550	rna-XM_0018650702	rna-XM_0018650702	rna-XM_0018650702	rna-XM_0018650702	ENSXNUT00000009060
OG0007551	rna-XM_0018650712	rna-XM_0018650712	rna-XM_0018650712	rna-XM_0018650712	ENSXNUT00000010069
OG0007552	rna-XM_0018650722	rna-XM_0018650722	rna-XM_0018650722	rna-XM_0018650722	ENSXNUT00000011784
OG0007553	rna-XM_0018650732	rna-XM_0018650732	rna-XM_0018650732	rna-XM_0018650732	ENSXNUT00000010319
OG0007554	rna-XM_0382637511	rna-XM_0382637511	rna-XM_0382637511	rna-XM_0382637511	ENSXNUT00000011042
OG0007555	rna-XM_0382637501	rna-XM_0382637501	rna-XM_0382637501	rna-XM_0382637501	ENSXNUT00000014344
OG0007556	rna-XM_0382648401	rna-XM_0382648411	rna-XM_0382648411	rna-XM_0382648411	ENSXNUT00000015836
OG0007557	rna-XM_0382487151	rna-XM_0382487151	rna-XM_0382487151	rna-XM_0382487151	ENSXNUT00000016811
OG0007558	rna-XM_0018650862	rna-XM_0018650862	rna-XM_0018650862	rna-XM_0018650862	ENSXNUT00000012987
OG0007559	rna-XM_0382485431	rna-XM_0382485431	rna-XM_0382485431	rna-XM_0382485431	ENSXNUT00000016123
OG0007560	rna-XM_0018650912	rna-XM_0018650912	rna-XM_0018650912	rna-XM_0018650912	ENSXNUT00000018243
OG0007561	rna-XM_0018651002	rna-XM_0018651002	rna-XM_0018651002	rna-XM_0018651002	ENSXNUT00000016241
OG0007562	rna-XM_0382496211	rna-XM_0382496211	rna-XM_0382496211	rna-XM_0382496211	ENSXNUT00000018659
OG0007563	rna-XM_0018651072	rna-XM_0018651072	rna-XM_0018651072	rna-XM_0018651072	ENSXNUT00000018033
OG0007564	rna-XM_0018651092	rna-XM_0018651092	rna-XM_0018651092	rna-XM_0018651092	ENSXNUT00000017088
OG0007565	rna-XM_0382511651	rna-XM_0382511651	rna-XM_0382511651	rna-XM_0382511651	ENSXNUT00000003850
OG0007566	rna-XM_0018651252	rna-XM_0018651252	rna-XM_0018651252	rna-XM_0018651252	ENSXNUT00000000933
OG0007567	rna-XM_0382566151	rna-XM_0382566151	rna-XM_0382566151	rna-XM_0382566151	ENSXNUT00000001435
OG0007568	rna-XM_0382566111	rna-XM_0382566111	rna-XM_0382566111	rna-XM_0382566111	ENSXNUT00000010686
OG0007569	rna-XM_0018651382	rna-XM_0018651382	rna-XM_0018651382	rna-XM_0018651382	ENSXNUT00000010760
OG0007570	rna-XM_0382657431	rna-XM_0382657431	rna-XM_0382657431	rna-XM_0382657431	ENSXNUT00000011999
OG0007571	rna-XM_0382659361	rna-XM_0382659361	rna-XM_0382659361	rna-XM_0382659361	ENSXNUT00000016563
OG0007572	rna-XM_0382573021	rna-XM_0382573021	rna-XM_0382573021	rna-XM_0382573021	ENSXNUT00000004485
OG0007573	rna-XM_0382573011	rna-XM_0382573011	rna-XM_0382573011	rna-XM_0382573011	ENSXNUT00000004942
OG0007574	rna-XM_0382532051	rna-XM_0382532051	rna-XM_0382532051	rna-XM_0382532051	ENSXNUT00000001732
OG0007575	rna-XM_0382552831	rna-XM_0382552831	rna-XM_0382552831	rna-XM_0382552831	ENSXNUT00000003320
OG0007576	rna-XM_0382547321	rna-XM_0382547321	rna-XM_0382547321	rna-XM_0382547321	ENSXNUT00000003295
OG0007577	rna-XM_0382564431	rna-XM_0382564431	rna-XM_0382564431	rna-XM_0382564431	ENSXNUT00000000399
OG0007578	rna-XM_0382549661	rna-XM_0382549661	rna-XM_0382549671	rna-XM_0382549661	ENSXNUT00000005197
OG0007579	rna-XM_0382525041	rna-XM_0382525041	rna-XM_0382525041	rna-XM_0382525041	ENSXNUT00000005003
OG0007580	rna-XM_0018651712	rna-XM_0018651712	rna-XM_0018651712	rna-XM_0018651712	ENSXNUT00000003950
OG0007581	rna-XM_0382519511	rna-XM_0382519511	rna-XM_0382519511	rna-XM_0382519511	ENSXNUT00000004649
OG0007582	rna-XM_0018651822	rna-XM_0018651822	rna-XM_0018651822	rna-XM_0018651822	ENSXNUT00000004171
OG0007583	rna-XM_0018651812	rna-XM_0018651812	rna-XM_0018651812	rna-XM_0018651812	ENSXNUT00000003771
OG0007584	rna-XM_0018651842	rna-XM_0018651842	rna-XM_0018651842	rna-XM_0018651842	ENSXNUT00000001543
OG0007585	rna-XM_0018651852	rna-XM_0018651852	rna-XM_0018651852	rna-XM_0018651852	ENSXNUT00000003515
OG0007586	rna-XM_0382543551	rna-XM_0382543551	rna-XM_0382543551	rna-XM_0382543551	ENSXNUT00000005460
OG0007587	rna-XM_0382552571	rna-XM_0382552571	rna-XM_0382552571	rna-XM_0382552571	ENSXNUT00000001221
OG0007588	rna-XM_0382550221	rna-XM_0382550221	rna-XM_0382550221	rna-XM_0382550221	ENSXNUT00000003260
OG0007589	rna-XM_0018652032	rna-XM_0018652032	rna-XM_0018652032	rna-XM_0018652032	ENSXNUT00000002132
OG0007590	rna-XM_0382630391	rna-XM_0382630391	rna-XM_0382630391	rna-XM_0382630391	ENSXNUT00000010513
OG0007591	rna-XM_0018652292	rna-XM_0018652292	rna-XM_0018652292	rna-XM_0018652292	ENSXNUT00000014389
OG0007592	rna-XM_0018652352	rna-XM_0018652352	rna-XM_0018652352	rna-XM_0018652352	ENSXNUT00000001679
OG0007593	rna-XM_0382550081	rna-XM_0382550081	rna-XM_0382550081	rna-XM_0382550081	ENSXNUT00000003408
OG0007594	rna-XM_0382534991	rna-XM_0382534991	rna-XM_0382534991	rna-XM_0382534991	ENSXNUT00000004824
OG0007595	rna-XM_0382548121	rna-XM_0382548121	rna-XM_0382548121	rna-XM_0382548121	ENSXNUT00000003659
OG0007596	rna-XM_0382559451	rna-XM_0382559451	rna-XM_0382559451	rna-XM_0382559451	ENSXNUT00000003496
OG0007597	rna-XM_0382559431	rna-XM_0382559431	rna-XM_0382559431	rna-XM_0382559431	ENSXNUT00000001850
OG0007598	rna-XM_0382517501	rna-XM_0382517501	rna-XM_0382517501	rna-XM_0382517501	ENSXNUT00000003059
OG0007599	rna-XM_0382559461	rna-XM_0382559461	rna-XM_0382559461	rna-XM_0382559461	ENSXNUT00000001347
OG0007600	rna-XM_0382517421	rna-XM_0382517421	rna-XM_0382517421	rna-XM_0382517421	ENSXNUT00000003605
OG0007601	rna-XM_0382517491	rna-XM_0382517491	rna-XM_0382517491	rna-XM_0382517491	ENSXNUT00000007457
OG0007602	rna-XM_0382536931	rna-XM_0382536931	rna-XM_0382536931	rna-XM_0382536931	ENSXNUT00000004688
OG0007603	rna-XM_0382520191	rna-XM_0382520191	rna-XM_0382520191	rna-XM_0382520191	ENSXNUT00000016315
OG0007604	rna-XM_0018652822	rna-XM_0018652822	rna-XM_0018652822	rna-XM_0018652822	ENSXNUT00000017638
OG0007605	rna-XM_0382496421	rna-XM_0382496421	rna-XM_0382496421	rna-XM_0382496421	ENSXNUT00000016034
OG0007606	rna-XM_0382482241	rna-XM_0382482241	rna-XM_0382482241	rna-XM_0382482241	ENSXNUT00000014728
OG0007607	rna-XM_0018652872	rna-XM_0018652872	rna-XM_0018652872	rna-XM_0018652872	ENSXNUT00000017829
OG0007608	rna-XM_0382551941	rna-XM_0382551941	rna-XM_0382551941	rna-XM_0382551941	ENSXNUT00000004694
OG0007609	rna-XM_0018652922	rna-XM_0018652922	rna-XM_0018652922	rna-XM_0018652922	ENSXNUT00000001135
OG0007610	rna-XM_0382521941	rna-XM_0382521941	rna-XM_0382521941	rna-XM_0382521941	ENSXNUT00000000358
OG0007611	rna-XM_0382618251	rna-XM_0382618251	rna-XM_0382618251	rna-XM_0382618251	ENSXNUT00000013425
OG0007612	rna-XM_0382617771	rna-XM_0382617771	rna-XM_0382617771	rna-XM_0382617771	ENSXNUT00000015516
OG0007613	rna-XM_0018653042	rna-XM_0018653042	rna-XM_0018653042	rna-XM_0018653042	ENSXNUT00000017481
OG0007614	rna-XM_0382553781	rna-XM_0382553781	rna-XM_0382553781	rna-XM_0382553781	ENSXNUT00000006755
OG0007615	rna-XM_0382553801	rna-XM_0382553801	rna-XM_0382553801	rna-XM_0382553801	ENSXNUT00000003675
OG0007616	rna-XM_0382548071	rna-XM_0382548071	rna-XM_0382548071	rna-XM_0382548071	ENSXNUT00000002183
OG0007617	rna-XM_0382515261	rna-XM_0382515261	rna-XM_0382515261	rna-XM_0382515261	ENSXNUT00000003543
OG0007618	rna-XM_0382552131	rna-XM_0382552131	rna-XM_0382552131	rna-XM_0382552131	ENSXNUT00000017621
OG0007619	rna-XM_0018653412	rna-XM_0018653412	rna-XM_0018653412	rna-XM_0018653412	ENSXNUT00000016540
OG0007620	rna-XM_0018653402	rna-XM_0018653402	rna-XM_0018653402	rna-XM_0018653402	ENSXNUT00000015742
OG0007622	rna-XM_0382520721	rna-XM_0382520721	rna-XM_0382520721	rna-XM_0382520721	ENSXNUT00000015711
OG0007623	rna-XM_0382611811	rna-XM_0382611811	rna-XM_0382611811	rna-XM_0382611811	ENSXNUT00000012509
OG0007624	rna-XM_0018653472	rna-XM_0018653472	rna-XM_0018653472	rna-XM_0018653472	ENSXNUT00000001746
OG0007625	rna-XM_0018653522	rna-XM_0018653522	rna-XM_0018653522	rna-XM_0018653522	ENSXNUT00000015157
OG0007626	rna-XM_0382551561	rna-XM_0382551561	rna-XM_0382551561	rna-XM_0382551561	ENSXNUT00000014446
OG0007627	rna-XM_0382564631	rna-XM_0382564631	rna-XM_0382564631	rna-XM_0382564631	ENSXNUT00000018284
OG0007628	rna-XM_0382579821	rna-XM_0382579821	rna-XM_0382579821	rna-XM_0382579821	ENSXNUT00000002123
OG0007629	rna-XM_0382634961	rna-XM_0382634961	rna-XM_0382634961	rna-XM_0382634961	ENSXNUT00000009446
OG0007630	rna-XM_0018653572	rna-XM_0018653572	rna-XM_0018653572	rna-XM_0018653572	ENSXNUT00000002177
OG0007631	rna-XM_0382601591	rna-XM_0382601591	rna-XM_0382601591	rna-XM_0382601591	ENSXNUT00000009312
OG0007632	rna-XM_0382609571	rna-XM_0382609571	rna-XM_0382609571	rna-XM_0382609571	ENSXNUT00000009848
OG0007633	rna-XM_0382510311	rna-XM_0382510311	rna-XM_0382510311	rna-XM_0382510311	ENSXNUT00000002415
OG0007634	rna-XM_0018653812	rna-XM_0018653812	rna-XM_0018653812	rna-XM_0018653812	ENSXNUT00000003753
OG0007635	rna-XM_0018653872	rna-XM_0018653872	rna-XM_0018653872	rna-XM_0018653872	ENSXNUT00000008494
OG0007636	rna-XM_0382624121	rna-XM_0382624121	rna-XM_0382624121	rna-XM_0382624121	ENSXNUT00000009622
OG0007637	rna-XM_0018653902	rna-XM_0018653902	rna-XM_0018653902	rna-XM_0018653902	ENSXNUT00000016704
OG0007638	rna-XM_0382625511	rna-XM_0382625511	rna-XM_0382625511	rna-XM_0382625511	ENSXNUT00000011331
OG0007639	rna-XM_0018653932	rna-XM_0018653932	rna-XM_0018653932	rna-XM_0018653932	ENSXNUT00000006502
OG0007640	rna-XM_0018653942	rna-XM_0018653942	rna-XM_0018653942	rna-XM_0018653942	ENSXNUT00000012226
OG0007641	rna-XM_0382649831	rna-XM_0382649831	rna-XM_0382649831	rna-XM_0382649831	ENSXNUT00000009719
OG0007642	rna-XM_0018653962	rna-XM_0018653962	rna-XM_0018653962	rna-XM_0018653962	ENSXNUT00000008105
OG0007643	rna-XM_0382626011	rna-XM_0382626011	rna-XM_0382626011	rna-XM_0382626011	ENSXNUT00000010712
OG0007644	rna-XM_0382536101	rna-XM_0382536101	rna-XM_0382536191	rna-XM_0382536101	ENSXNUT00000012429
OG0007645	rna-XM_0382569261	rna-XM_0382569261	rna-XM_0382569261	rna-XM_0382569261	ENSXNUT00000005223
OG0007646	rna-XM_0382577181	rna-XM_0382577181	rna-XM_0382577181	rna-XM_0382577181	ENSXNUT00000010347
OG0007647	rna-XM_0018654362	rna-XM_0018654362	rna-XM_0018654362	rna-XM_0018654362	ENSXNUT00000002996
OG0007648	rna-XM_0018654372	rna-XM_0018654372	rna-XM_0018654372	rna-XM_0018654372	ENSXNUT00000002059
OG0007649	rna-XM_0382537001	rna-XM_0382537001	rna-XM_0382537001	rna-XM_0382537001	ENSXNUT00000003495
OG0007650	rna-XM_0382561271	rna-XM_0382561271	rna-XM_0382561271	rna-XM_0382561271	ENSXNUT00000002166
OG0007651	rna-XM_0018654402	rna-XM_0018654402	rna-XM_0018654402	rna-XM_0018654402	ENSXNUT00000009283
OG0007652	rna-XM_0018654412	rna-XM_0018654412	rna-XM_0018654412	rna-XM_0018654412	ENSXNUT00000006895
OG0007653	rna-XM_0382514631	rna-XM_0382514631	rna-XM_0382514631	rna-XM_0382514631	ENSXNUT00000004357
OG0007654	rna-XM_0382540011	rna-XM_0382540011	rna-XM_0382540011	rna-XM_0382540011	ENSXNUT00000001714
OG0007655	rna-XM_0382634101	rna-XM_0382634101	rna-XM_0382634101	rna-XM_0382634101	ENSXNUT00000014891
OG0007656	rna-XM_0382634111	rna-XM_0382634111	rna-XM_0382634111	rna-XM_0382634111	ENSXNUT00000008807
OG0007657	rna-XM_0018654532	rna-XM_0018654532	rna-XM_0018654532	rna-XM_0018654532	ENSXNUT00000009101
OG0007658	rna-XM_0382596801	rna-XM_0382596801	rna-XM_0382596801	rna-XM_0382596801	ENSXNUT00000014530
OG0007659	rna-XM_0018654572	rna-XM_0018654572	rna-XM_0018654572	rna-XM_0018654572	ENSXNUT00000011915
OG0007660	rna-XM_0018654672	rna-XM_0018654672	rna-XM_0018654672	rna-XM_0018654672	ENSXNUT00000001871
OG0007661	rna-XM_0018654772	rna-XM_0018654772	rna-XM_0018654772	rna-XM_0018654772	ENSXNUT00000016298
OG0007662	rna-XM_0382628501	rna-XM_0382628501	rna-XM_0382628501	rna-XM_0382628511	ENSXNUT00000009894
OG0007663	rna-XM_0018654952	rna-XM_0018654952	rna-XM_0018654952	rna-XM_0018654952	ENSXNUT00000005716
OG0007664	rna-XM_0382531371	rna-XM_0382531371	rna-XM_0382531371	rna-XM_0382531371	ENSXNUT00000004505
OG0007665	rna-XM_0382531161	rna-XM_0382531161	rna-XM_0382531161	rna-XM_0382531161	ENSXNUT00000005423
OG0007666	rna-XM_0382561241	rna-XM_0382561241	rna-XM_0382561241	rna-XM_0382561241	ENSXNUT00000001720
OG0007667	rna-XM_0018654962	rna-XM_0018654962	rna-XM_0018654962	rna-XM_0018654962	ENSXNUT00000004437
OG0007668	rna-XM_0382636701	rna-XM_0382636701	rna-XM_0382636701	rna-XM_0382636701	ENSXNUT00000007148
OG0007669	rna-XM_0382619881	rna-XM_0382619881	rna-XM_0382619881	rna-XM_0382619881	ENSXNUT00000010037
OG0007671	rna-XM_0382560841	rna-XM_0382560841	rna-XM_0382560841	rna-XM_0382560841	ENSXNUT00000011266
OG0007672	rna-XM_0382560821	rna-XM_0382560821	rna-XM_0382560821	rna-XM_0382560821	ENSXNUT00000001988
OG0007673	rna-XM_0382515511	rna-XM_0382515511	rna-XM_0382515511	rna-XM_0382515511	ENSXNUT00000002712
OG0007674	rna-XM_0382552581	rna-XM_0382552581	rna-XM_0382552581	rna-XM_0382552581	ENSXNUT00000011094
OG0007675	rna-XM_0018655332	rna-XM_0018655332	rna-XM_0018655332	rna-XM_0018655332	ENSXNUT00000001767
OG0007676	rna-XM_0018655362	rna-XM_0018655362	rna-XM_0018655362	rna-XM_0018655362	ENSXNUT00000011722
OG0007677	rna-XM_0018655462	rna-XM_0018655462	rna-XM_0018655462	rna-XM_0018655462	ENSXNUT00000011170
OG0007678	rna-XM_0018655482	rna-XM_0018655482	rna-XM_0018655482	rna-XM_0018655482	ENSXNUT00000007344
OG0007679	rna-XM_0382597521	rna-XM_0382597521	rna-XM_0382597521	rna-XM_0382597521	ENSXNUT00000007126
OG0007680	rna-XM_0018655452	rna-XM_0018655452	rna-XM_0018655452	rna-XM_0018655452	ENSXNUT00000010266
OG0007681	rna-XM_0382597551	rna-XM_0382597551	rna-XM_0382597551	rna-XM_0382597551	ENSXNUT00000015923
OG0007682	rna-XM_0018655542	rna-XM_0018655542	rna-XM_0018655542	rna-XM_0018655542	ENSXNUT00000012619
OG0007683	rna-XM_0382594101	rna-XM_0382594101	rna-XM_0382594101	rna-XM_0382594101	ENSXNUT00000012277
OG0007684	rna-XM_0382643661	rna-XM_0382643661	rna-XM_0382643661	rna-XM_0382643661	ENSXNUT00000015801
OG0007685	rna-XM_0382650161	rna-XM_0382650161	rna-XM_0382650161	rna-XM_0382650161	ENSXNUT00000007677
OG0007686	rna-XM_0018655792	rna-XM_0018655792	rna-XM_0018655792	rna-XM_0018655792	ENSXNUT00000015821
OG0007687	rna-XM_0382604241	rna-XM_0382604241	rna-XM_0382604241	rna-XM_0382604241	ENSXNUT00000011733
OG0007688	rna-XM_0018655902	rna-XM_0018655902	rna-XM_0018655902	rna-XM_0018655902	ENSXNUT00000007536
OG0007689	rna-XM_0382648281	rna-XM_0382648281	rna-XM_0382648281	rna-XM_0382648281	ENSXNUT00000010217
OG0007690	rna-XM_0018655992	rna-XM_0018655992	rna-XM_0018655992	rna-XM_0018655992	ENSXNUT00000015070
OG0007691	rna-XM_0382653391	rna-XM_0382653391	rna-XM_0382653391	rna-XM_0382653391	ENSXNUT00000015922
OG0007692	rna-XM_0382627541	rna-XM_0382627541	rna-XM_0382627541	rna-XM_0382627541	ENSXNUT00000013356
OG0007693	rna-XM_0382630111	rna-XM_0382630111	rna-XM_0382630111	rna-XM_0382630111	ENSXNUT00000007796
OG0007694	rna-XM_0018656102	rna-XM_0018656102	rna-XM_0018656102	rna-XM_0018656102	ENSXNUT00000017113
OG0007695	rna-XM_0382534061	rna-XM_0382534061	rna-XM_0382534061	rna-XM_0382534061	ENSXNUT00000012173
OG0007696	rna-XM_0018656122	rna-XM_0018656122	rna-XM_0018656122	rna-XM_0018656122	ENSXNUT00000016944
OG0007697	rna-XM_0018656182	rna-XM_0018656182	rna-XM_0018656182	rna-XM_0018656182	ENSXNUT00000005298
OG0007698	rna-XM_0018656162	rna-XM_0018656162	rna-XM_0018656162	rna-XM_0018656162	ENSXNUT00000005169
OG0007699	rna-XM_0018656262	rna-XM_0018656262	rna-XM_0018656262	rna-XM_0018656262	ENSXNUT00000003230
OG0007700	rna-XM_0018656282	rna-XM_0018656282	rna-XM_0018656282	rna-XM_0018656282	ENSXNUT00000005827
OG0007701	rna-XM_0018656322	rna-XM_0018656322	rna-XM_0018656322	rna-XM_0018656322	ENSXNUT00000005861
OG0007702	rna-XM_0382626891	rna-XM_0382626891	rna-XM_0382626891	rna-XM_0382626891	ENSXNUT00000013907
OG0007703	rna-XM_0382661511	rna-XM_0382661511	rna-XM_0382661511	rna-XM_0382661511	ENSXNUT00000016910
OG0007704	rna-XM_0018656402	rna-XM_0018656402	rna-XM_0018656402	rna-XM_0018656402	ENSXNUT00000006442
OG0007705	rna-XM_0018656562	rna-XM_0018656562	rna-XM_0018656562	rna-XM_0018656562	ENSXNUT00000009285
OG0007706	rna-XM_0018656582	rna-XM_0018656582	rna-XM_0018656582	rna-XM_0018656582	ENSXNUT00000006503
OG0007707	rna-XM_0382496961	rna-XM_0382496961	rna-XM_0382496961	rna-XM_0382496961	ENSXNUT00000018697
OG0007708	rna-XM_0382667161	rna-XM_0382667161	rna-XM_0382667161	rna-XM_0382667161	ENSXNUT00000017214
OG0007709	rna-XM_0018656742	rna-XM_0018656742	rna-XM_0018656742	rna-XM_0018656742	ENSXNUT00000016071
OG0007710	rna-XM_0018656782	rna-XM_0018656782	rna-XM_0018656782	rna-XM_0018656782	ENSXNUT00000007224
OG0007711	rna-XM_0018656772	rna-XM_0018656772	rna-XM_0018656772	rna-XM_0018656772	ENSXNUT00000013158
OG0007712	rna-XM_0382605371	rna-XM_0382605371	rna-XM_0382605371	rna-XM_0382605371	ENSXNUT00000009653
OG0007713	rna-XM_0382638281	rna-XM_0382638281	rna-XM_0382638281	rna-XM_0382638281	ENSXNUT00000008843
OG0007714	rna-XM_0382593361	rna-XM_0382593361	rna-XM_0382593371	rna-XM_0382593361	ENSXNUT00000007673
OG0007715	rna-XM_0382628981	rna-XM_0382628981	rna-XM_0382628981	rna-XM_0382628981	ENSXNUT00000009180
OG0007716	rna-XM_0018656912	rna-XM_0018656912	rna-XM_0018656912	rna-XM_0018656912	ENSXNUT00000011296
OG0007717	rna-XM_0382592301	rna-XM_0382592301	rna-XM_0382592301	rna-XM_0382592301	ENSXNUT00000006669
OG0007718	rna-XM_0018656922	rna-XM_0018656922	rna-XM_0018656922	rna-XM_0018656922	ENSXNUT00000003197
OG0007719	rna-XM_0018657002	rna-XM_0018657002	rna-XM_0018657002	rna-XM_0018657002	ENSXNUT00000001802
OG0007720	rna-XM_0382544101	rna-XM_0382544101	rna-XM_0382544101	rna-XM_0382544101	ENSXNUT00000006348
OG0007721	rna-XM_0382601101	rna-XM_0382601101	rna-XM_0382601181	rna-XM_0382601111	ENSXNUT00000010150
OG0007722	rna-XM_0018657102	rna-XM_0018657102	rna-XM_0018657102	rna-XM_0018657102	ENSXNUT00000016628
OG0007723	rna-XM_0018657122	rna-XM_0018657122	rna-XM_0018657122	rna-XM_0018657122	ENSXNUT00000014186
OG0007724	rna-XM_0018657172	rna-XM_0018657172	rna-XM_0018657172	rna-XM_0018657172	ENSXNUT00000015691
OG0007725	rna-XM_0382597971	rna-XM_0382597971	rna-XM_0382597971	rna-XM_0382597971	ENSXNUT00000008998
OG0007726	rna-XM_0018657242	rna-XM_0018657242	rna-XM_0018657242	rna-XM_0018657242	ENSXNUT00000011314
OG0007727	rna-XM_0382623941	rna-XM_0382623941	rna-XM_0382623941	rna-XM_0382623941	ENSXNUT00000012157
OG0007728	rna-XM_0018657472	rna-XM_0018657472	rna-XM_0018657472	rna-XM_0018657472	ENSXNUT00000010384
OG0007729	rna-XM_0382647751	rna-XM_0382647751	rna-XM_0382647751	rna-XM_0382647751	ENSXNUT00000006696
OG0007730	rna-XM_0382615811	rna-XM_0382615811	rna-XM_0382615811	rna-XM_0382615811	ENSXNUT00000017120
OG0007731	rna-XM_0382491201	rna-XM_0382491201	rna-XM_0382491201	rna-XM_0382491201	ENSXNUT00000015809
OG0007732	rna-XM_0382555931	rna-XM_0382555931	rna-XM_0382555931	rna-XM_0382555931	ENSXNUT00000016143
OG0007733	rna-XM_0018657652	rna-XM_0018657652	rna-XM_0018657652	rna-XM_0018657652	ENSXNUT00000011994
OG0007734	rna-XM_0382584041	rna-XM_0382584041	rna-XM_0382584041	rna-XM_0382584041	ENSXNUT00000013438
OG0007735	rna-XM_0018657682	rna-XM_0018657682	rna-XM_0018657682	rna-XM_0018657682	ENSXNUT00000018674
OG0007736	rna-XM_0382656861	rna-XM_0382656861	rna-XM_0382656861	rna-XM_0382656861	ENSXNUT00000011320
OG0007737	rna-XM_0382516891	rna-XM_0382516891	rna-XM_0382516891	rna-XM_0382516891	ENSXNUT00000003472
OG0007738	rna-XM_0018657892	rna-XM_0018657892	rna-XM_0018657892	rna-XM_0018657892	ENSXNUT00000002509
OG0007739	rna-XM_0382540381	rna-XM_0382540381	rna-XM_0382540381	rna-XM_0382540381	ENSXNUT00000001969
OG0007740	rna-XM_0018657952	rna-XM_0018657952	rna-XM_0018657952	rna-XM_0018657952	ENSXNUT00000007716
OG0007741	rna-XM_0382655481	rna-XM_0382655481	rna-XM_0382655481	rna-XM_0382655481	ENSXNUT00000006120
OG0007742	rna-XM_0018658072	rna-XM_0018658072	rna-XM_0018658072	rna-XM_0018658072	ENSXNUT00000011146
OG0007743	rna-XM_0382646711	rna-XM_0382646711	rna-XM_0382646711	rna-XM_0382646711	ENSXNUT00000006363
OG0007744	rna-XM_0382597991	rna-XM_0382597991	rna-XM_0382597991	rna-XM_0382597991	ENSXNUT00000006829
OG0007745	rna-XM_0018658292	rna-XM_0018658292	rna-XM_0018658292	rna-XM_0018658292	ENSXNUT00000015868
OG0007746	rna-XM_0018658242	rna-XM_0018658242	rna-XM_0018658242	rna-XM_0018658242	ENSXNUT00000012497
OG0007747	rna-XM_0018658302	rna-XM_0018658302	rna-XM_0018658302	rna-XM_0018658302	ENSXNUT00000015599
OG0007748	rna-XM_0382552531	rna-XM_0382552531	rna-XM_0382552531	rna-XM_0382552531	ENSXNUT00000017599
OG0007749	rna-XM_0018658332	rna-XM_0018658332	rna-XM_0018658332	rna-XM_0018658332	ENSXNUT00000017408
OG0007750	rna-XM_0018658232	rna-XM_0018658232	rna-XM_0018658232	rna-XM_0018658232	ENSXNUT00000017975
OG0007751	rna-XM_0018658362	rna-XM_0018658362	rna-XM_0018658362	rna-XM_0018658362	ENSXNUT00000017650
OG0007752	rna-XM_0018658532	rna-XM_0018658532	rna-XM_0018658532	rna-XM_0018658532	ENSXNUT00000003991
OG0007753	rna-XM_0382550891	rna-XM_0382550891	rna-XM_0382550891	rna-XM_0382550891	ENSXNUT00000000190
OG0007754	rna-XM_0382503911	rna-XM_0382503911	rna-XM_0382503911	rna-XM_0382503911	ENSXNUT00000004675
OG0007755	rna-XM_0018658772	rna-XM_0018658772	rna-XM_0018658772	rna-XM_0018658772	ENSXNUT00000012348
OG0007756	rna-XM_0018658762	rna-XM_0018658762	rna-XM_0018658762	rna-XM_0018658762	ENSXNUT00000018119
OG0007757	rna-XM_0382632591	rna-XM_0382632591	rna-XM_0382632591	rna-XM_0382632591	ENSXNUT00000015655
OG0007758	rna-XM_0382557641	rna-XM_0382557641	rna-XM_0382557641	rna-XM_0382557641	ENSXNUT00000005928
OG0007759	rna-XM_0382552031	rna-XM_0382552031	rna-XM_0382552031	rna-XM_0382552031	ENSXNUT00000003938
OG0007760	rna-XM_0382565471	rna-XM_0382565471	rna-XM_0382565471	rna-XM_0382565471	ENSXNUT00000002954
OG0007761	rna-XM_0382566341	rna-XM_0382566341	rna-XM_0382566341	rna-XM_0382566341	ENSXNUT00000003925
OG0007762	rna-XM_0018659142	rna-XM_0018659142	rna-XM_0018659142	rna-XM_0018659142	ENSXNUT00000003913
OG0007763	rna-XM_0382512991	rna-XM_0382512991	rna-XM_0382512991	rna-XM_0382512991	ENSXNUT00000004889
OG0007764	rna-XM_0382585861	rna-XM_0382585861	rna-XM_0382585861	rna-XM_0382585861	ENSXNUT00000012796
OG0007766	rna-XM_0018659432	rna-XM_0018659432	rna-XM_0018659432	rna-XM_0018659432	ENSXNUT00000017181
OG0007767	rna-XM_0382498821	rna-XM_0382498821	rna-XM_0382498821	rna-XM_0382498821	ENSXNUT00000013260
OG0007768	rna-XM_0382498831	rna-XM_0382498831	rna-XM_0382498831	rna-XM_0382498831	ENSXNUT00000016949
OG0007769	rna-XM_0382496801	rna-XM_0382496801	rna-XM_0382496801	rna-XM_0382496801	ENSXNUT00000011955
OG0007770	rna-XM_0018659492	rna-XM_0018659492	rna-XM_0018659492	rna-XM_0018659492	ENSXNUT00000016690
OG0007771	rna-XM_0382508141	rna-XM_0382508141	rna-XM_0382508141	rna-XM_0382508141	ENSXNUT00000014758
OG0007772	rna-XM_0018659552	rna-XM_0018659552	rna-XM_0018659552	rna-XM_0018659552	ENSXNUT00000018819
OG0007773	rna-XM_0382522561	rna-XM_0382522561	rna-XM_0382522561	rna-XM_0382522561	ENSXNUT00000005249
OG0007774	rna-XM_0382575071	rna-XM_0382575071	rna-XM_0382575071	rna-XM_0382575071	ENSXNUT00000005306
OG0007775	rna-XM_0382566781	rna-XM_0382566781	rna-XM_0382566781	rna-XM_0382566781	ENSXNUT00000004157
OG0007776	rna-XM_0382504691	rna-XM_0382504691	rna-XM_0382504691	rna-XM_0382504691	ENSXNUT00000016383
OG0007777	rna-XM_0018659752	rna-XM_0018659752	rna-XM_0018659752	rna-XM_0018659752	ENSXNUT00000018869
OG0007778	rna-XM_0018659792	rna-XM_0018659792	rna-XM_0018659792	rna-XM_0018659792	ENSXNUT00000015827
OG0007779	rna-XM_0382482461	rna-XM_0382482461	rna-XM_0382482461	rna-XM_0382482461	ENSXNUT00000012924
OG0007780	rna-XM_0018659822	rna-XM_0018659822	rna-XM_0018659822	rna-XM_0018659822	ENSXNUT00000012958
OG0007781	rna-XM_0018659832	rna-XM_0018659832	rna-XM_0018659832	rna-XM_0018659832	ENSXNUT00000012435
OG0007782	rna-XM_0018659842	rna-XM_0018659842	rna-XM_0018659842	rna-XM_0018659842	ENSXNUT00000015661
OG0007783	rna-XM_0018659912	rna-XM_0018659912	rna-XM_0018659912	rna-XM_0018659912	ENSXNUT00000006612
OG0007784	rna-XM_0018659922	rna-XM_0018659922	rna-XM_0018659922	rna-XM_0018659922	ENSXNUT00000002443
OG0007785	rna-XM_0382566671	rna-XM_0382566671	rna-XM_0382566671	rna-XM_0382566671	ENSXNUT00000000371
OG0007786	rna-XM_0382644551	rna-XM_0382644551	rna-XM_0382644571	rna-XM_0382644571	ENSXNUT00000014485
OG0007787	rna-XM_0018660032	rna-XM_0018660032	rna-XM_0018660032	rna-XM_0018660032	ENSXNUT00000007231
OG0007788	rna-XM_0382592461	rna-XM_0382592461	rna-XM_0382592461	rna-XM_0382592461	ENSXNUT00000014599
OG0007789	rna-XM_0382669671	rna-XM_0382669671	rna-XM_0382669671	rna-XM_0382669671	ENSXNUT00000013386
OG0007790	rna-XM_0018660142	rna-XM_0018660142	rna-XM_0018660142	rna-XM_0018660142	ENSXNUT00000012537
OG0007791	rna-XM_0382669411	rna-XM_0382669411	rna-XM_0382669411	rna-XM_0382669411	ENSXNUT00000013898
OG0007792	rna-XM_0382574791	rna-XM_0382574791	rna-XM_0382574791	rna-XM_0382574791	ENSXNUT00000018297
OG0007793	rna-XM_0018660262	rna-XM_0018660262	rna-XM_0382575371	rna-XM_0018660262	ENSXNUT00000015394
OG0007794	rna-XM_0382658071	rna-XM_0382658071	rna-XM_0382658071	rna-XM_0382658071	ENSXNUT00000009310
OG0007795	rna-XM_0382625851	rna-XM_0382625851	rna-XM_0382625851	rna-XM_0382625851	ENSXNUT00000010416
OG0007796	rna-XM_0018660342	rna-XM_0018660342	rna-XM_0018660342	rna-XM_0018660342	ENSXNUT00000008517
OG0007797	rna-XM_0382592611	rna-XM_0382592611	rna-XM_0382592611	rna-XM_0382592611	ENSXNUT00000009703
OG0007798	rna-XM_0382483061	rna-XM_0382483061	rna-XM_0382483061	rna-XM_0382483061	ENSXNUT00000018596
OG0007799	rna-XM_0382607291	rna-XM_0382607291	rna-XM_0382607291	rna-XM_0382607291	ENSXNUT00000010506
OG0007800	rna-XM_0382607311	rna-XM_0382607311	rna-XM_0382607311	rna-XM_0382607311	ENSXNUT00000010268
OG0007801	rna-XM_0382607331	rna-XM_0382607331	rna-XM_0382607331	rna-XM_0382607331	ENSXNUT00000007746
OG0007802	rna-XM_0018660472	rna-XM_0018660472	rna-XM_0018660472	rna-XM_0018660472	ENSXNUT00000011872
OG0007803	rna-XM_0382613271	rna-XM_0382613271	rna-XM_0382613271	rna-XM_0382613271	ENSXNUT00000011744
OG0007804	rna-XM_0382632051	rna-XM_0382632051	rna-XM_0382632051	rna-XM_0382632051	ENSXNUT00000008976
OG0007805	rna-XM_0382620351	rna-XM_0382620351	rna-XM_0382620351	rna-XM_0382620351	ENSXNUT00000011311
OG0007806	rna-XM_0382660681	rna-XM_0382660681	rna-XM_0382660681	rna-XM_0382660681	ENSXNUT00000008003
OG0007807	rna-XM_0018660932	rna-XM_0018660932	rna-XM_0018660932	rna-XM_0018660932	ENSXNUT00000011708
OG0007808	rna-XM_0018660942	rna-XM_0018660942	rna-XM_0018660942	rna-XM_0018660942	ENSXNUT00000016755
OG0007809	rna-XM_0018660892	rna-XM_0018660892	rna-XM_0018660892	rna-XM_0018660892	ENSXNUT00000013340
OG0007810	rna-XM_0018660982	rna-XM_0018660982	rna-XM_0018660982	rna-XM_0018660982	ENSXNUT00000010835
OG0007811	rna-XM_0018660882	rna-XM_0018660882	rna-XM_0018660882	rna-XM_0018660882	ENSXNUT00000009646
OG0007812	rna-XM_0382572931	rna-XM_0382572931	rna-XM_0382572931	rna-XM_0382572931	ENSXNUT00000001754
OG0007813	rna-XM_0382567411	rna-XM_0382567411	rna-XM_0382567411	rna-XM_0382567411	ENSXNUT00000003866
OG0007814	rna-XM_0382565161	rna-XM_0382565161	rna-XM_0382565161	rna-XM_0382565161	ENSXNUT00000006261
OG0007816	rna-XM_0382632951	rna-XM_0382632951	rna-XM_0382632951	rna-XM_0382632951	ENSXNUT00000007542
OG0007817	rna-XM_0382621151	rna-XM_0382621151	rna-XM_0382621151	rna-XM_0382621151	ENSXNUT00000007499
OG0007818	rna-XM_0382602061	rna-XM_0382602061	rna-XM_0382602061	rna-XM_0382602061	ENSXNUT00000012759
OG0007819	rna-XM_0382602051	rna-XM_0382602051	rna-XM_0382602051	rna-XM_0382602051	ENSXNUT00000013317
OG0007820	rna-XM_0018661402	rna-XM_0018661402	rna-XM_0018661402	rna-XM_0018661402	ENSXNUT00000004377
OG0007821	rna-XM_0382533211	rna-XM_0382533211	rna-XM_0382533211	rna-XM_0382533211	ENSXNUT00000004456
OG0007822	rna-XM_0018661522	rna-XM_0018661522	rna-XM_0018661522	rna-XM_0018661522	ENSXNUT00000008718
OG0007823	rna-XM_0382547271	rna-XM_0382547271	rna-XM_0382547271	rna-XM_0382547271	ENSXNUT00000018585
OG0007824	rna-XM_0018661962	rna-XM_0018661962	rna-XM_0018661962	rna-XM_0018661962	ENSXNUT00000014544
OG0007825	rna-XM_0382575621	rna-XM_0382575621	rna-XM_0382575621	rna-XM_0382575621	ENSXNUT00000000861
OG0007826	rna-XM_0382643821	rna-XM_0382643821	rna-XM_0382643821	rna-XM_0382643821	ENSXNUT00000016859
OG0007827	rna-XM_0018662292	rna-XM_0018662292	rna-XM_0018662292	rna-XM_0018662292	ENSXNUT00000002350
OG0007828	rna-XM_0018662302	rna-XM_0018662302	rna-XM_0018662302	rna-XM_0018662302	ENSXNUT00000002587
OG0007829	rna-XM_0018662332	rna-XM_0018662332	rna-XM_0018662332	rna-XM_0018662332	ENSXNUT00000003205
OG0007830	rna-XM_0382602541	rna-XM_0382602541	rna-XM_0382602541	rna-XM_0382602541	ENSXNUT00000011704
OG0007831	rna-XM_0382533561	rna-XM_0382533561	rna-XM_0382533561	rna-XM_0382533561	ENSXNUT00000001432
OG0007832	rna-XM_0018662412	rna-XM_0018662412	rna-XM_0018662412	rna-XM_0018662412	ENSXNUT00000014604
OG0007833	rna-XM_0382618941	rna-XM_0382618941	rna-XM_0382618971	rna-XM_0382618941	ENSXNUT00000010552
OG0007834	rna-XM_0018662442	rna-XM_0018662442	rna-XM_0018662442	rna-XM_0018662442	ENSXNUT00000016462
OG0007835	rna-XM_0382630731	rna-XM_0382630731	rna-XM_0382630731	rna-XM_0382630731	ENSXNUT00000016420
OG0007837	rna-XM_0382575671	rna-XM_0382575671	rna-XM_0382575671	rna-XM_0382575671	ENSXNUT00000018207
OG0007838	rna-XM_0382660131	rna-XM_0382660131	rna-XM_0382660131	rna-XM_0382660131	ENSXNUT00000008259
OG0007839	rna-XM_0018662802	rna-XM_0018662802	rna-XM_0018662802	rna-XM_0018662802	ENSXNUT00000007535
OG0007840	rna-XM_0382599541	rna-XM_0382599541	rna-XM_0382599541	rna-XM_0382599541	ENSXNUT00000007905
OG0007841	rna-XM_0382581581	rna-XM_0382581581	rna-XM_0382581581	rna-XM_0382581581	ENSXNUT00000000237
OG0007842	rna-XM_0018662972	rna-XM_0018662972	rna-XM_0018662972	rna-XM_0018662972	ENSXNUT00000006625
OG0007843	rna-XM_0018663002	rna-XM_0018663002	rna-XM_0018663002	rna-XM_0018663002	ENSXNUT00000004415
OG0007844	rna-XM_0018663012	rna-XM_0018663012	rna-XM_0018663012	rna-XM_0018663012	ENSXNUT00000004218
OG0007845	rna-XM_0382599781	rna-XM_0382599781	rna-XM_0382599781	rna-XM_0382599781	ENSXNUT00000015734
OG0007846	rna-XM_0382549911	rna-XM_0382549911	rna-XM_0382549911	rna-XM_0382549911	ENSXNUT00000003312
OG0007847	rna-XM_0018663062	rna-XM_0018663062	rna-XM_0018663062	rna-XM_0018663062	ENSXNUT00000008812
OG0007848	rna-XM_0018663182	rna-XM_0018663182	rna-XM_0018663182	rna-XM_0018663182	ENSXNUT00000016337
OG0007849	rna-XM_0382642631	rna-XM_0382642631	rna-XM_0382642631	rna-XM_0382642631	ENSXNUT00000017164
OG0007850	rna-XM_0382647091	rna-XM_0382647091	rna-XM_0382647091	rna-XM_0382647091	ENSXNUT00000008251
OG0007851	rna-XM_0382644661	rna-XM_0382644661	rna-XM_0382644661	rna-XM_0382644661	ENSXNUT00000012192
OG0007852	rna-XM_0018663252	rna-XM_0018663252	rna-XM_0018663252	rna-XM_0018663252	ENSXNUT00000010333
OG0007853	rna-XM_0382577431	rna-XM_0382577431	rna-XM_0382577431	rna-XM_0382577431	ENSXNUT00000005713
OG0007854	rna-XM_0382569861	rna-XM_0382569861	rna-XM_0382569861	rna-XM_0382569861	ENSXNUT00000005600
OG0007855	rna-XM_0382661921	rna-XM_0382661921	rna-XM_0382661921	rna-XM_0382661921	ENSXNUT00000013402
OG0007856	rna-XM_0018663472	rna-XM_0018663472	rna-XM_0018663472	rna-XM_0018663472	ENSXNUT00000007489
OG0007857	rna-XM_0018663492	rna-XM_0018663492	rna-XM_0018663492	rna-XM_0018663492	ENSXNUT00000009294
OG0007859	rna-XM_0018663822	rna-XM_0018663822	rna-XM_0018663822	rna-XM_0018663822	ENSXNUT00000009116
OG0007860	rna-XM_0382622331	rna-XM_0382622331	rna-XM_0382622331	rna-XM_0382622331	ENSXNUT00000018942
OG0007861	rna-XM_0018663882	rna-XM_0018663882	rna-XM_0018663882	rna-XM_0018663882	ENSXNUT00000002971
OG0007862	rna-XM_0018663892	rna-XM_0018663892	rna-XM_0018663892	rna-XM_0018663892	ENSXNUT00000002589
OG0007863	rna-XM_0382518871	rna-XM_0382518871	rna-XM_0382518871	rna-XM_0382518871	ENSXNUT00000009942
OG0007864	rna-XM_0382526601	rna-XM_0382526601	rna-XM_0382526601	rna-XM_0382526601	ENSXNUT00000001885
OG0007865	rna-XM_0382573831	rna-XM_0382573831	rna-XM_0382573831	rna-XM_0382573831	ENSXNUT00000003170
OG0007866	rna-XM_0382548281	rna-XM_0382548281	rna-XM_0382548281	rna-XM_0382548281	ENSXNUT00000001584
OG0007867	rna-XM_0018664042	rna-XM_0018664042	rna-XM_0018664042	rna-XM_0018664042	ENSXNUT00000002149
OG0007868	rna-XM_0018664022	rna-XM_0018664022	rna-XM_0018664022	rna-XM_0018664022	ENSXNUT00000004643
OG0007869	rna-XM_0018664052	rna-XM_0018664052	rna-XM_0018664052	rna-XM_0018664052	ENSXNUT00000002480
OG0007870	rna-XM_0382537881	rna-XM_0382537881	rna-XM_0382537881	rna-XM_0382537881	ENSXNUT00000007071
OG0007871	rna-XM_0018663962	rna-XM_0018663962	rna-XM_0018663962	rna-XM_0018663962	ENSXNUT00000004455
OG0007872	rna-XM_0018664232	rna-XM_0018664232	rna-XM_0018664232	rna-XM_0018664232	ENSXNUT00000009992
OG0007873	rna-XM_0018664342	rna-XM_0018664342	rna-XM_0018664342	rna-XM_0018664342	ENSXNUT00000018071
OG0007874	rna-XM_0382492641	rna-XM_0382492641	rna-XM_0382492641	rna-XM_0382492641	ENSXNUT00000017107
OG0007875	rna-XM_0018664262	rna-XM_0018664262	rna-XM_0018664262	rna-XM_0018664262	ENSXNUT00000012920
OG0007876	rna-XM_0382578961	rna-XM_0382578961	rna-XM_0382578961	rna-XM_0382578961	ENSXNUT00000003435
OG0007877	rna-XM_0018664592	rna-XM_0018664592	rna-XM_0018664592	rna-XM_0018664592	ENSXNUT00000012568
OG0007878	rna-XM_0382640021	rna-XM_0382640021	rna-XM_0382640021	rna-XM_0382640021	ENSXNUT00000006083
OG0007879	rna-XM_0018664622	rna-XM_0018664622	rna-XM_0018664622	rna-XM_0018664622	ENSXNUT00000010267
OG0007880	rna-XM_0018664632	rna-XM_0018664632	rna-XM_0018664632	rna-XM_0018664632	ENSXNUT00000008793
OG0007881	rna-XM_0382661491	rna-XM_0382661491	rna-XM_0382661491	rna-XM_0382661491	ENSXNUT00000011348
OG0007882	rna-XM_0382617691	rna-XM_0382617691	rna-XM_0382617691	rna-XM_0382617691	ENSXNUT00000008370
OG0007883	rna-XM_0382665221	rna-XM_0382665221	rna-XM_0382665221	rna-XM_0382665221	ENSXNUT00000015191
OG0007884	rna-XM_0018664862	rna-XM_0018664862	rna-XM_0018664862	rna-XM_0018664862	ENSXNUT00000013508
OG0007885	rna-XM_0018664932	rna-XM_0018664932	rna-XM_0018664932	rna-XM_0018664932	ENSXNUT00000001062
OG0007886	rna-XM_0382550521	rna-XM_0382550521	rna-XM_0382550521	rna-XM_0382550521	ENSXNUT00000001101
OG0007887	rna-XM_0382577141	rna-XM_0382577141	rna-XM_0382577141	rna-XM_0382577141	ENSXNUT00000003273
OG0007888	rna-XM_0018664962	rna-XM_0018664962	rna-XM_0018664962	rna-XM_0018664962	ENSXNUT00000009792
OG0007889	rna-XM_0382520891	rna-XM_0382520891	rna-XM_0382520891	rna-XM_0382520891	ENSXNUT00000001579
OG0007890	rna-XM_0382537171	rna-XM_0382537171	rna-XM_0382537171	rna-XM_0382537171	ENSXNUT00000003630
OG0007891	rna-XM_0382616791	rna-XM_0382616791	rna-XM_0382616791	rna-XM_0382616791	ENSXNUT00000006862
OG0007892	rna-XM_0018665242	rna-XM_0018665242	rna-XM_0018665242	rna-XM_0018665242	ENSXNUT00000003416
OG0007893	rna-XM_0018665252	rna-XM_0018665252	rna-XM_0018665252	rna-XM_0018665252	ENSXNUT00000011362
OG0007894	rna-XM_0018665262	rna-XM_0018665262	rna-XM_0018665262	rna-XM_0018665262	ENSXNUT00000002849
OG0007895	rna-XM_0018665272	rna-XM_0018665272	rna-XM_0018665272	rna-XM_0018665272	ENSXNUT00000010991
OG0007896	rna-XM_0382563281	rna-XM_0382563281	rna-XM_0382563281	rna-XM_0382563281	ENSXNUT00000001081
OG0007897	rna-XM_0018665302	rna-XM_0018665302	rna-XM_0018665302	rna-XM_0018665302	ENSXNUT00000003332
OG0007898	rna-XM_0382563401	rna-XM_0382563401	rna-XM_0382563401	rna-XM_0382563401	ENSXNUT00000000761
OG0007899	rna-XM_0382633851	rna-XM_0382633851	rna-XM_0382633851	rna-XM_0382633851	ENSXNUT00000010753
OG0007900	rna-XM_0382633861	rna-XM_0382633861	rna-XM_0382633861	rna-XM_0382633861	ENSXNUT00000007129
OG0007901	rna-XM_0382621611	rna-XM_0382621611	rna-XM_0382621611	rna-XM_0382621611	ENSXNUT00000010452
OG0007902	rna-XM_0018665642	rna-XM_0018665642	rna-XM_0018665642	rna-XM_0018665642	ENSXNUT00000003754
OG0007903	rna-XM_0018665622	rna-XM_0018665622	rna-XM_0018665622	rna-XM_0018665622	ENSXNUT00000004318
OG0007904	rna-XM_0382485561	rna-XM_0382485561	rna-XM_0382485561	rna-XM_0382485561	ENSXNUT00000017663
OG0007905	rna-XM_0018665762	rna-XM_0018665762	rna-XM_0018665762	rna-XM_0018665762	ENSXNUT00000013936
OG0007906	rna-XM_0018665792	rna-XM_0018665792	rna-XM_0018665792	rna-XM_0018665792	ENSXNUT00000013015
OG0007907	rna-XM_0018665902	rna-XM_0018665902	rna-XM_0018665902	rna-XM_0018665902	ENSXNUT00000014179
OG0007908	rna-XM_0382579711	rna-XM_0382579711	rna-XM_0382579711	rna-XM_0382579711	ENSXNUT00000016171
OG0007909	rna-XM_0382541771	rna-XM_0382541771	rna-XM_0382541771	rna-XM_0382541771	ENSXNUT00000002327
OG0007910	rna-XM_0382628771	rna-XM_0382628771	rna-XM_0382628771	rna-XM_0382628771	ENSXNUT00000006372
OG0007911	rna-XM_0018666292	rna-XM_0018666292	rna-XM_0018666292	rna-XM_0018666292	ENSXNUT00000010912
OG0007912	rna-XM_0018666262	rna-XM_0018666262	rna-XM_0018666262	rna-XM_0018666262	ENSXNUT00000013178
OG0007913	rna-XM_0018666372	rna-XM_0018666372	rna-XM_0018666372	rna-XM_0018666372	ENSXNUT00000016190
OG0007914	rna-XM_0382602451	rna-XM_0382602451	rna-XM_0382602451	rna-XM_0382602451	ENSXNUT00000010997
OG0007915	rna-XM_0018666452	rna-XM_0018666452	rna-XM_0018666452	rna-XM_0018666452	ENSXNUT00000006634
OG0007916	rna-XM_0382580671	rna-XM_0382580671	rna-XM_0382580671	rna-XM_0382580671	ENSXNUT00000001161
OG0007917	rna-XM_0382580681	rna-XM_0382580681	rna-XM_0382580681	rna-XM_0382580681	ENSXNUT00000002749
OG0007918	rna-XM_0018666782	rna-XM_0018666782	rna-XM_0018666782	rna-XM_0018666782	ENSXNUT00000001163
OG0007919	rna-XM_0382541961	rna-XM_0382541961	rna-XM_0382541961	rna-XM_0382541961	ENSXNUT00000011152
OG0007920	rna-XM_0018666852	rna-XM_0018666852	rna-XM_0018666852	rna-XM_0018666852	ENSXNUT00000002489
OG0007921	rna-XM_0018666892	rna-XM_0018666892	rna-XM_0018666892	rna-XM_0018666892	ENSXNUT00000000086
OG0007922	rna-XM_0018666922	rna-XM_0018666922	rna-XM_0018666922	rna-XM_0018666922	ENSXNUT00000001927
OG0007923	rna-XM_0382554471	rna-XM_0382554471	rna-XM_0382554471	rna-XM_0382554471	ENSXNUT00000000459
OG0007924	rna-XM_0382514051	rna-XM_0382514051	rna-XM_0382514051	rna-XM_0382514051	ENSXNUT00000005305
OG0007925	rna-XM_0382554441	rna-XM_0382554441	rna-XM_0382554441	rna-XM_0382554441	ENSXNUT00000005195
OG0007926	rna-XM_0018666992	rna-XM_0018666992	rna-XM_0018666992	rna-XM_0018666992	ENSXNUT00000018807
OG0007927	rna-XM_0382606201	rna-XM_0382606201	rna-XM_0382606201	rna-XM_0382606201	ENSXNUT00000016595
OG0007928	rna-XM_0382493721	rna-XM_0382493721	rna-XM_0382493721	rna-XM_0382493721	ENSXNUT00000014499
OG0007929	rna-XM_0018667492	rna-XM_0018667492	rna-XM_0018667492	rna-XM_0018667492	ENSXNUT00000012210
OG0007930	rna-XM_0382607851	rna-XM_0382607851	rna-XM_0382607851	rna-XM_0382607851	ENSXNUT00000011456
OG0007931	rna-XM_0382655891	rna-XM_0382655891	rna-XM_0382655891	rna-XM_0382655891	ENSXNUT00000013664
OG0007932	rna-XM_0382633811	rna-XM_0382633811	rna-XM_0382633811	rna-XM_0382633811	ENSXNUT00000010232
OG0007933	rna-XM_0382650011	rna-XM_0382650011	rna-XM_0382650011	rna-XM_0382650011	ENSXNUT00000007929
OG0007934	rna-XM_0382648071	rna-XM_0382648071	rna-XM_0382648071	rna-XM_0382648071	ENSXNUT00000008122
OG0007935	rna-XM_0382597111	rna-XM_0382597111	rna-XM_0382597111	rna-XM_0382597111	ENSXNUT00000011066
OG0007936	rna-XM_0018667732	rna-XM_0018667732	rna-XM_0018667732	rna-XM_0018667732	ENSXNUT00000008838
OG0007937	rna-XM_0018667772	rna-XM_0018667772	rna-XM_0018667772	rna-XM_0018667772	ENSXNUT00000013440
OG0007938	rna-XM_0018667782	rna-XM_0018667782	rna-XM_0018667782	rna-XM_0018667782	ENSXNUT00000014726
OG0007939	rna-XM_0382586911	rna-XM_0382586911	rna-XM_0382586911	rna-XM_0382586911	ENSXNUT00000016840
OG0007940	rna-XM_0018667842	rna-XM_0018667842	rna-XM_0018667842	rna-XM_0018667842	ENSXNUT00000003667
OG0007941	rna-XM_0382541941	rna-XM_0382541941	rna-XM_0382541941	rna-XM_0382541941	ENSXNUT00000002334
OG0007942	rna-XM_0382540441	rna-XM_0382540441	rna-XM_0382540441	rna-XM_0382540441	ENSXNUT00000009802
OG0007943	rna-XM_0382540411	rna-XM_0382540411	rna-XM_0382540411	rna-XM_0382540411	ENSXNUT00000005530
OG0007944	rna-XM_0382568621	rna-XM_0382568621	rna-XM_0382568621	rna-XM_0382568621	ENSXNUT00000004805
OG0007945	rna-XM_0018668052	rna-XM_0018668052	rna-XM_0018668052	rna-XM_0018668052	ENSXNUT00000018129
OG0007946	rna-XM_0018668062	rna-XM_0018668062	rna-XM_0018668062	rna-XM_0018668062	ENSXNUT00000017289
OG0007947	rna-XM_0382485971	rna-XM_0382485971	rna-XM_0382485971	rna-XM_0382485971	ENSXNUT00000018768
OG0007948	rna-XM_0018668102	rna-XM_0018668102	rna-XM_0018668102	rna-XM_0018668102	ENSXNUT00000016810
OG0007949	rna-XM_0382590351	rna-XM_0018668112	rna-XM_0382590351	rna-XM_0382590351	ENSXNUT00000012979
OG0007950	rna-XM_0382487141	rna-XM_0382487141	rna-XM_0382487141	rna-XM_0382487141	ENSXNUT00000018462
OG0007951	rna-XM_0018668202	rna-XM_0018668202	rna-XM_0018668202	rna-XM_0018668202	ENSXNUT00000004180
OG0007952	rna-XM_0018668222	rna-XM_0018668222	rna-XM_0018668222	rna-XM_0018668222	ENSXNUT00000001503
OG0007953	rna-XM_0382653451	rna-XM_0382653451	rna-XM_0382653451	rna-XM_0382653451	ENSXNUT00000010790
OG0007954	rna-XM_0382627771	rna-XM_0382627771	rna-XM_0382627771	rna-XM_0382627771	ENSXNUT00000008091
OG0007955	rna-XM_0382612811	rna-XM_0382612811	rna-XM_0382612811	rna-XM_0382612811	ENSXNUT00000006974
OG0007956	rna-XM_0382656641	rna-XM_0382656641	rna-XM_0382656641	rna-XM_0382656641	ENSXNUT00000011102
OG0007957	rna-XM_0018668422	rna-XM_0018668422	rna-XM_0018668422	rna-XM_0018668422	ENSXNUT00000010804
OG0007958	rna-XM_0018668432	rna-XM_0018668432	rna-XM_0018668432	rna-XM_0018668432	ENSXNUT00000006660
OG0007959	rna-XM_0382653411	rna-XM_0382653411	rna-XM_0382653411	rna-XM_0382653411	ENSXNUT00000017549
OG0007960	rna-XM_0382616051	rna-XM_0382616051	rna-XM_0382616051	rna-XM_0382616051	ENSXNUT00000016997
OG0007961	rna-XM_0382656931	rna-XM_0382656931	rna-XM_0382656931	rna-XM_0382656931	ENSXNUT00000006948
OG0007962	rna-XM_0018668702	rna-XM_0018668702	rna-XM_0018668702	rna-XM_0018668702	ENSXNUT00000011966
OG0007963	rna-XM_0382651411	rna-XM_0382651411	rna-XM_0382651411	rna-XM_0382651411	ENSXNUT00000015912
OG0007964	rna-XM_0382662931	rna-XM_0382662931	rna-XM_0382662931	rna-XM_0382662931	ENSXNUT00000008107
OG0007965	rna-XM_0018668752	rna-XM_0018668752	rna-XM_0018668752	rna-XM_0018668752	ENSXNUT00000014444
OG0007966	rna-XM_0382624731	rna-XM_0382624731	rna-XM_0382624731	rna-XM_0382624731	ENSXNUT00000009505
OG0007967	rna-XM_0382654161	rna-XM_0382654161	rna-XM_0382654161	rna-XM_0382654161	ENSXNUT00000011590
OG0007968	rna-XM_0382626981	rna-XM_0382626981	rna-XM_0382626981	rna-XM_0382626981	ENSXNUT00000013483
OG0007969	rna-XM_0018668892	rna-XM_0018668892	rna-XM_0018668892	rna-XM_0018668892	ENSXNUT00000008246
OG0007970	rna-XM_0382633531	rna-XM_0382633531	rna-XM_0382633531	rna-XM_0382633531	ENSXNUT00000011254
OG0007971	rna-XM_0382596921	rna-XM_0382596921	rna-XM_0382596921	rna-XM_0382596921	ENSXNUT00000010978
OG0007972	rna-XM_0018668962	rna-XM_0018668962	rna-XM_0018668962	rna-XM_0018668962	ENSXNUT00000010763
OG0007973	rna-XM_0382597041	rna-XM_0382597041	rna-XM_0382597041	rna-XM_0382597041	ENSXNUT00000010106
OG0007974	rna-XM_0382597141	rna-XM_0382597141	rna-XM_0382597141	rna-XM_0382597141	ENSXNUT00000007995
OG0007975	rna-XM_0382600071	rna-XM_0382600071	rna-XM_0382600071	rna-XM_0382600071	ENSXNUT00000006103
OG0007976	rna-XM_0382627051	rna-XM_0382627051	rna-XM_0382627051	rna-XM_0382627051	ENSXNUT00000014735
OG0007977	rna-XM_0382497851	rna-XM_0382497851	rna-XM_0382497851	rna-XM_0382497851	ENSXNUT00000017292
OG0007978	rna-XM_0382625671	rna-XM_0382625671	rna-XM_0382625671	rna-XM_0382625671	ENSXNUT00000009380
OG0007979	rna-XM_0382639391	rna-XM_0382639391	rna-XM_0382639391	rna-XM_0382639391	ENSXNUT00000011428
OG0007980	rna-XM_0018669452	rna-XM_0018669452	rna-XM_0018669452	rna-XM_0018669452	ENSXNUT00000010501
OG0007981	rna-XM_0382655581	rna-XM_0382655581	rna-XM_0382655581	rna-XM_0382655581	ENSXNUT00000009756
OG0007982	rna-XM_0018669472	rna-XM_0018669472	rna-XM_0018669472	rna-XM_0018669472	ENSXNUT00000006674
OG0007983	rna-XM_0382618491	rna-XM_0382618491	rna-XM_0382618491	rna-XM_0382618491	ENSXNUT00000009957
OG0007984	rna-XM_0382642751	rna-XM_0382642751	rna-XM_0382642751	rna-XM_0382642751	ENSXNUT00000008334
OG0007985	rna-XM_0382500051	rna-XM_0382500051	rna-XM_0382500051	rna-XM_0382500081	ENSXNUT00000017426
OG0007986	rna-XM_0382667731	rna-XM_0382667731	rna-XM_0382667731	rna-XM_0382667731	ENSXNUT00000017499
OG0007987	rna-XM_0382588731	rna-XM_0382588731	rna-XM_0382588731	rna-XM_0382588731	ENSXNUT00000006395
OG0007988	rna-XM_0382619661	rna-XM_0382619661	rna-XM_0382619661	rna-XM_0382619661	ENSXNUT00000008319
OG0007989	rna-XM_0018669862	rna-XM_0018669862	rna-XM_0018669862	rna-XM_0018669862	ENSXNUT00000009438
OG0007990	rna-XM_0018669872	rna-XM_0018669872	rna-XM_0018669872	rna-XM_0018669872	ENSXNUT00000009554
OG0007991	rna-XM_0382543131	rna-XM_0382543131	rna-XM_0382543131	rna-XM_0382543131	ENSXNUT00000004552
OG0007992	rna-XM_0382573091	rna-XM_0382573091	rna-XM_0382573091	rna-XM_0382573091	ENSXNUT00000003773
OG0007993	rna-XM_0018670012	rna-XM_0018670012	rna-XM_0018670012	rna-XM_0018670012	ENSXNUT00000000181
OG0007994	rna-XM_0018669982	rna-XM_0018669982	rna-XM_0018669982	rna-XM_0018669982	ENSXNUT00000003351
OG0007995	rna-XM_0382515791	rna-XM_0382515791	rna-XM_0382515791	rna-XM_0382515791	ENSXNUT00000001381
OG0007996	rna-XM_0382503801	rna-XM_0382503801	rna-XM_0382503801	rna-XM_0382503801	ENSXNUT00000002281
OG0007997	rna-XM_0018670202	rna-XM_0018670202	rna-XM_0018670202	rna-XM_0018670202	ENSXNUT00000002668
OG0007998	rna-XM_0018670172	rna-XM_0018670172	rna-XM_0018670172	rna-XM_0018670172	ENSXNUT00000004965
OG0008000	rna-XM_0382489391	rna-XM_0382489391	rna-XM_0382489391	rna-XM_0382489391	ENSXNUT00000016554
OG0008001	rna-XM_0018670502	rna-XM_0018670502	rna-XM_0018670502	rna-XM_0018670502	ENSXNUT00000015230
OG0008002	rna-XM_0018670522	rna-XM_0018670522	rna-XM_0018670522	rna-XM_0018670522	ENSXNUT00000011024
OG0008003	rna-XM_0382624721	rna-XM_0382624721	rna-XM_0382624721	rna-XM_0382624721	ENSXNUT00000007156
OG0008004	rna-XM_0382649651	rna-XM_0382649651	rna-XM_0382649651	rna-XM_0382649651	ENSXNUT00000011532
OG0008005	rna-XM_0382649671	rna-XM_0382649671	rna-XM_0382649671	rna-XM_0382649671	ENSXNUT00000008225
OG0008006	rna-XM_0382639081	rna-XM_0382639081	rna-XM_0382639081	rna-XM_0382639081	ENSXNUT00000008095
OG0008007	rna-XM_0382543641	rna-XM_0382543641	rna-XM_0382543641	rna-XM_0382543641	ENSXNUT00000004733
OG0008008	rna-XM_0382549401	rna-XM_0382549411	rna-XM_0382549401	rna-XM_0382549401	ENSXNUT00000002906
OG0008009	rna-XM_0382508581	rna-XM_0382508581	rna-XM_0382508581	rna-XM_0382508581	ENSXNUT00000001915
OG0008010	rna-XM_0382560521	rna-XM_0382560521	rna-XM_0382560521	rna-XM_0382560521	ENSXNUT00000004947
OG0008012	rna-XM_0382642561	rna-XM_0382642561	rna-XM_0382642561	rna-XM_0382642561	ENSXNUT00000008026
OG0008014	rna-XM_0382500781	rna-XM_0382500781	rna-XM_0382500781	rna-XM_0382500781	ENSXNUT00000016963
OG0008015	rna-XM_0382652721	rna-XM_0382652721	rna-XM_0382652751	rna-XM_0382652721	ENSXNUT00000014458
OG0008016	rna-XM_0382572431	rna-XM_0382572431	rna-XM_0382572431	rna-XM_0382572431	ENSXNUT00000000165
OG0008017	rna-XM_0382663331	rna-XM_0382663331	rna-XM_0382663331	rna-XM_0382663331	ENSXNUT00000006138
OG0008018	rna-XM_0382629861	rna-XM_0382629861	rna-XM_0382629861	rna-XM_0382629861	ENSXNUT00000007916
OG0008019	rna-XM_0382653541	rna-XM_0382653541	rna-XM_0382653541	rna-XM_0382653541	ENSXNUT00000010959
OG0008020	rna-XM_0382499011	rna-XM_0382499021	rna-XM_0382499011	rna-XM_0382499011	ENSXNUT00000014973
OG0008021	rna-XM_0382484541	rna-XM_0382484541	rna-XM_0382484541	rna-XM_0382484541	ENSXNUT00000015567
OG0008022	rna-XM_0382484241	rna-XM_0382484241	rna-XM_0382484241	rna-XM_0382484241	ENSXNUT00000018176
OG0008023	rna-XM_0382484761	rna-XM_0382484761	rna-XM_0382484761	rna-XM_0382484761	ENSXNUT00000018501
OG0008024	rna-XM_0018671552	rna-XM_0018671552	rna-XM_0018671552	rna-XM_0018671552	ENSXNUT00000012018
OG0008025	rna-XM_0382659691	rna-XM_0382659691	rna-XM_0382659691	rna-XM_0382659691	ENSXNUT00000006339
OG0008026	rna-XM_0018671662	rna-XM_0018671662	rna-XM_0018671662	rna-XM_0018671662	ENSXNUT00000014077
OG0008027	rna-XM_0382648221	rna-XM_0382648221	rna-XM_0382648221	rna-XM_0382648221	ENSXNUT00000013089
OG0008028	rna-XM_0018671692	rna-XM_0018671692	rna-XM_0018671692	rna-XM_0018671692	ENSXNUT00000011035
OG0008029	rna-XM_0382580621	rna-XM_0382580621	rna-XM_0382580621	rna-XM_0382580621	ENSXNUT00000005724
OG0008030	rna-XM_0382545591	rna-XM_0382545591	rna-XM_0382545591	rna-XM_0382545591	ENSXNUT00000001152
OG0008031	rna-XM_0382647861	rna-XM_0382647861	rna-XM_0382647861	rna-XM_0382647861	ENSXNUT00000008076
OG0008032	rna-XM_0018671972	rna-XM_0018671972	rna-XM_0018671972	rna-XM_0018671972	ENSXNUT00000011568
OG0008033	rna-XM_0018671982	rna-XM_0018671982	rna-XM_0018671982	rna-XM_0018671982	ENSXNUT00000015405
OG0008034	rna-XM_0382607531	rna-XM_0382607531	rna-XM_0382607531	rna-XM_0382607531	ENSXNUT00000011124
OG0008035	rna-XM_0018672202	rna-XM_0018672202	rna-XM_0018672202	rna-XM_0018672202	ENSXNUT00000010324
OG0008036	rna-XM_0382494561	rna-XM_0382494561	rna-XM_0382494561	rna-XM_0382494561	ENSXNUT00000012913
OG0008038	rna-XM_0018672852	rna-XM_0018672852	rna-XM_0018672852	rna-XM_0018672852	ENSXNUT00000008041
OG0008039	rna-XM_0382619101	rna-XM_0382619101	rna-XM_0382619101	rna-XM_0382619101	ENSXNUT00000011159
OG0008040	rna-XM_0382516871	rna-XM_0382516871	rna-XM_0382516871	rna-XM_0382516871	ENSXNUT00000017524
OG0008041	rna-XM_0018672922	rna-XM_0018672922	rna-XM_0018672922	rna-XM_0018672922	ENSXNUT00000013672
OG0008042	rna-XM_0382514101	rna-XM_0382514101	rna-XM_0382514101	rna-XM_0382514101	ENSXNUT00000016152
OG0008043	rna-XM_0018672982	rna-XM_0018672982	rna-XM_0018672982	rna-XM_0018672982	ENSXNUT00000004697
OG0008044	rna-XM_0018672962	rna-XM_0018672962	rna-XM_0018672962	rna-XM_0018672962	ENSXNUT00000000910
OG0008045	rna-XM_0018673002	rna-XM_0018673002	rna-XM_0018673002	rna-XM_0018673002	ENSXNUT00000010779
OG0008046	rna-XM_0018673072	rna-XM_0018673072	rna-XM_0018673072	rna-XM_0018673072	ENSXNUT00000003422
OG0008047	rna-XM_0018673162	rna-XM_0018673162	rna-XM_0018673162	rna-XM_0018673162	ENSXNUT00000015948
OG0008048	rna-XM_0382640771	rna-XM_0382640771	rna-XM_0382640771	rna-XM_0382640771	ENSXNUT00000010931
OG0008049	rna-XM_0018673142	rna-XM_0018673142	rna-XM_0018673142	rna-XM_0018673142	ENSXNUT00000017859
OG0008050	rna-XM_0382668941	rna-XM_0382668941	rna-XM_0382668941	rna-XM_0382668941	ENSXNUT00000018101
OG0008052	rna-XM_0382644361	rna-XM_0382644361	rna-XM_0382644361	rna-XM_0382644361	ENSXNUT00000008836
OG0008053	rna-XM_0382614641	rna-XM_0382614641	rna-XM_0382614641	rna-XM_0382614641	ENSXNUT00000012565
OG0008054	rna-XM_0382612891	rna-XM_0382612891	rna-XM_0382612891	rna-XM_0382612891	ENSXNUT00000006537
OG0008055	rna-XM_0018673382	rna-XM_0018673382	rna-XM_0018673382	rna-XM_0018673382	ENSXNUT00000008356
OG0008056	rna-XM_0382556541	rna-XM_0382556541	rna-XM_0382556541	rna-XM_0382556541	ENSXNUT00000001117
OG0008057	rna-XM_0018673462	rna-XM_0018673462	rna-XM_0018673462	rna-XM_0018673462	ENSXNUT00000003872
OG0008058	rna-XM_0018673472	rna-XM_0018673472	rna-XM_0018673472	rna-XM_0018673472	ENSXNUT00000007540
OG0008059	rna-XM_0382514411	rna-XM_0382514411	rna-XM_0382514411	rna-XM_0382514411	ENSXNUT00000002536
OG0008060	rna-XM_0018673512	rna-XM_0018673512	rna-XM_0018673512	rna-XM_0018673512	ENSXNUT00000004769
OG0008061	rna-XM_0382558241	rna-XM_0382558241	rna-XM_0382558241	rna-XM_0382558241	ENSXNUT00000009544
OG0008062	rna-XM_0018673542	rna-XM_0018673542	rna-XM_0018673542	rna-XM_0018673542	ENSXNUT00000004243
OG0008063	rna-XM_0382519111	rna-XM_0382519111	rna-XM_0382519111	rna-XM_0382519111	ENSXNUT00000005465
OG0008064	rna-XM_0382513251	rna-XM_0382513251	rna-XM_0382513251	rna-XM_0382513251	ENSXNUT00000002014
OG0008065	rna-XM_0382559671	rna-XM_0382559671	rna-XM_0382559671	rna-XM_0382559671	ENSXNUT00000002797
OG0008066	rna-XM_0018673602	rna-XM_0018673602	rna-XM_0018673602	rna-XM_0018673602	ENSXNUT00000002285
OG0008067	rna-XM_0018673702	rna-XM_0018673702	rna-XM_0018673702	rna-XM_0018673702	ENSXNUT00000013745
OG0008068	rna-XM_0382606071	rna-XM_0382606071	rna-XM_0382606071	rna-XM_0382606071	ENSXNUT00000005972
OG0008069	rna-XM_0018673742	rna-XM_0018673742	rna-XM_0018673742	rna-XM_0018673742	ENSXNUT00000009461
OG0008070	rna-XM_0382628251	rna-XM_0382628251	rna-XM_0382628251	rna-XM_0382628251	ENSXNUT00000015420
OG0008071	rna-XM_0382626211	rna-XM_0382626211	rna-XM_0382626211	rna-XM_0382626211	ENSXNUT00000012065
OG0008072	rna-XM_0018673812	rna-XM_0018673812	rna-XM_0018673812	rna-XM_0018673812	ENSXNUT00000009566
OG0008073	rna-XM_0018673872	rna-XM_0018673872	rna-XM_0018673872	rna-XM_0018673872	ENSXNUT00000009353
OG0008074	rna-XM_0018673862	rna-XM_0018673862	rna-XM_0018673862	rna-XM_0018673862	ENSXNUT00000015545
OG0008076	rna-XM_0382481681	rna-XM_0382481681	rna-XM_0382481681	rna-XM_0382481681	ENSXNUT00000016706
OG0008077	rna-XM_0018674092	rna-XM_0018674092	rna-XM_0018674092	rna-XM_0018674092	ENSXNUT00000014540
OG0008078	rna-XM_0382481061	rna-XM_0382481061	rna-XM_0382481061	rna-XM_0382481061	ENSXNUT00000016496
OG0008079	rna-XM_0018674172	rna-XM_0018674172	rna-XM_0018674172	rna-XM_0018674172	ENSXNUT00000016460
OG0008080	rna-XM_0018674232	rna-XM_0018674232	rna-XM_0018674232	rna-XM_0018674232	ENSXNUT00000010891
OG0008081	rna-XM_0382635651	rna-XM_0382635651	rna-XM_0382635651	rna-XM_0382635651	ENSXNUT00000010179
OG0008082	rna-XM_0382660281	rna-XM_0382660281	rna-XM_0382660281	rna-XM_0382660281	ENSXNUT00000006435
OG0008083	rna-XM_0018674272	rna-XM_0018674272	rna-XM_0018674272	rna-XM_0018674272	ENSXNUT00000006279
OG0008084	rna-XM_0382653621	rna-XM_0382653621	rna-XM_0382653621	rna-XM_0382653621	ENSXNUT00000006246
OG0008085	rna-XM_0382525621	rna-XM_0382525621	rna-XM_0382525621	rna-XM_0382525621	ENSXNUT00000002117
OG0008086	rna-XM_0018674372	rna-XM_0018674372	rna-XM_0018674372	rna-XM_0018674372	ENSXNUT00000000592
OG0008087	rna-XM_0382501421	rna-XM_0382501421	rna-XM_0382501421	rna-XM_0382501421	ENSXNUT00000005828
OG0008088	rna-XM_0382566761	rna-XM_0382566761	rna-XM_0382566761	rna-XM_0382566761	ENSXNUT00000004896
OG0008089	rna-XM_0382536041	rna-XM_0382536041	rna-XM_0382536041	rna-XM_0382536041	ENSXNUT00000003012
OG0008090	rna-XM_0018674522	rna-XM_0018674522	rna-XM_0018674522	rna-XM_0018674522	ENSXNUT00000003448
OG0008091	rna-XM_0018674532	rna-XM_0018674532	rna-XM_0018674532	rna-XM_0018674532	ENSXNUT00000004574
OG0008092	rna-XM_0382560691	rna-XM_0382560691	rna-XM_0382560691	rna-XM_0382560691	ENSXNUT00000004566
OG0008093	rna-XM_0382565461	rna-XM_0382565461	rna-XM_0382565461	rna-XM_0382565461	ENSXNUT00000003600
OG0008094	rna-XM_0382652591	rna-XM_0382652591	rna-XM_0382652591	rna-XM_0382652591	ENSXNUT00000007628
OG0008095	rna-XM_0382665581	rna-XM_0382665581	rna-XM_0382665581	rna-XM_0382665581	ENSXNUT00000013862
OG0008096	rna-XM_0018675002	rna-XM_0018675002	rna-XM_0018675002	rna-XM_0018675002	ENSXNUT00000018703
OG0008097	rna-XM_0382635871	rna-XM_0382635871	rna-XM_0382635871	rna-XM_0382635871	ENSXNUT00000011844
OG0008098	rna-XM_0382612771	rna-XM_0382612771	rna-XM_0382612771	rna-XM_0382612771	ENSXNUT00000012149
OG0008099	rna-XM_0382607321	rna-XM_0382607321	rna-XM_0382607321	rna-XM_0382607321	ENSXNUT00000017046
OG0008100	rna-XM_0018675322	rna-XM_0018675322	rna-XM_0018675322	rna-XM_0018675322	ENSXNUT00000005601
OG0008101	rna-XM_0018675312	rna-XM_0018675312	rna-XM_0018675312	rna-XM_0018675312	ENSXNUT00000005710
OG0008102	rna-XM_0382607611	rna-XM_0382607611	rna-XM_0382607611	rna-XM_0382607611	ENSXNUT00000007359
OG0008103	rna-XM_0382643361	rna-XM_0382643361	rna-XM_0382643361	rna-XM_0382643361	ENSXNUT00000015177
OG0008104	rna-XM_0018675602	rna-XM_0018675602	rna-XM_0018675602	rna-XM_0018675602	ENSXNUT00000015398
OG0008105	rna-XM_0018675642	rna-XM_0018675642	rna-XM_0018675642	rna-XM_0018675642	ENSXNUT00000008872
OG0008106	rna-XM_0382601051	rna-XM_0382601051	rna-XM_0382601051	rna-XM_0382601051	ENSXNUT00000010948
OG0008107	rna-XM_0018675662	rna-XM_0018675662	rna-XM_0018675662	rna-XM_0018675662	ENSXNUT00000016792
OG0008108	rna-XM_0018675672	rna-XM_0018675672	rna-XM_0018675672	rna-XM_0018675672	ENSXNUT00000014135
OG0008109	rna-XM_0018675682	rna-XM_0018675682	rna-XM_0018675682	rna-XM_0018675682	ENSXNUT00000017915
OG0008110	rna-XM_0018675692	rna-XM_0018675692	rna-XM_0018675692	rna-XM_0018675692	ENSXNUT00000016523
OG0008111	rna-XM_0018675702	rna-XM_0018675702	rna-XM_0018675702	rna-XM_0018675702	ENSXNUT00000015739
OG0008112	rna-XM_0382567031	rna-XM_0382567031	rna-XM_0382567031	rna-XM_0382567031	ENSXNUT00000015222
OG0008113	rna-XM_0018675742	rna-XM_0018675742	rna-XM_0018675742	rna-XM_0018675742	ENSXNUT00000018736
OG0008114	rna-XM_0018675762	rna-XM_0018675762	rna-XM_0018675762	rna-XM_0018675762	ENSXNUT00000012076
OG0008115	rna-XM_0382484201	rna-XM_0382484201	rna-XM_0382484201	rna-XM_0382484201	ENSXNUT00000018653
OG0008116	rna-XM_0018675792	rna-XM_0018675792	rna-XM_0018675792	rna-XM_0018675792	ENSXNUT00000016781
OG0008117	rna-XM_0382598111	rna-XM_0382598111	rna-XM_0382598111	rna-XM_0382598111	ENSXNUT00000017622
OG0008118	rna-XM_0382593401	rna-XM_0382593401	rna-XM_0382593401	rna-XM_0382593401	ENSXNUT00000011591
OG0008119	rna-XM_0018676102	rna-XM_0018676102	rna-XM_0018676102	rna-XM_0018676102	ENSXNUT00000004521
OG0008120	rna-XM_0382519171	rna-XM_0382519171	rna-XM_0382519171	rna-XM_0382519171	ENSXNUT00000007261
OG0008121	rna-XM_0382570321	rna-XM_0382570321	rna-XM_0382570321	rna-XM_0382570321	ENSXNUT00000017922
OG0008122	rna-XM_0382581881	rna-XM_0382581881	rna-XM_0382581881	rna-XM_0382581881	ENSXNUT00000001058
OG0008123	rna-XM_0382524521	rna-XM_0382524521	rna-XM_0382524521	rna-XM_0382524521	ENSXNUT00000000641
OG0008124	rna-XM_0382548361	rna-XM_0382548361	rna-XM_0382548361	rna-XM_0382548361	ENSXNUT00000005275
OG0008125	rna-XM_0018676432	rna-XM_0018676432	rna-XM_0018676432	rna-XM_0018676432	ENSXNUT00000004003
OG0008126	rna-XM_0018676442	rna-XM_0018676442	rna-XM_0018676442	rna-XM_0018676442	ENSXNUT00000000160
OG0008127	rna-XM_0382574101	rna-XM_0382574101	rna-XM_0382574101	rna-XM_0382574101	ENSXNUT00000005729
OG0008128	rna-XM_0382516831	rna-XM_0382516831	rna-XM_0382516831	rna-XM_0382516831	ENSXNUT00000003368
OG0008129	rna-XM_0382516841	rna-XM_0382516841	rna-XM_0382516841	rna-XM_0382516841	ENSXNUT00000000517
OG0008130	rna-XM_0382566721	rna-XM_0382566721	rna-XM_0382566721	rna-XM_0382566721	ENSXNUT00000001509
OG0008131	rna-XM_0018676582	rna-XM_0018676582	rna-XM_0018676582	rna-XM_0018676582	ENSXNUT00000000919
OG0008132	rna-XM_0382546381	rna-XM_0382546381	rna-XM_0382546381	rna-XM_0382546381	ENSXNUT00000003561
OG0008133	rna-XM_0018676792	rna-XM_0018676792	rna-XM_0018676792	rna-XM_0018676792	ENSXNUT00000000776
OG0008134	rna-XM_0018676772	rna-XM_0018676772	rna-XM_0018676772	rna-XM_0018676772	ENSXNUT00000001153
OG0008135	rna-XM_0382580941	rna-XM_0382580941	rna-XM_0382580941	rna-XM_0382580941	ENSXNUT00000009220
OG0008136	rna-XM_0018676812	rna-XM_0018676812	rna-XM_0018676812	rna-XM_0018676812	ENSXNUT00000004259
OG0008137	rna-XM_0382533751	rna-XM_0382533751	rna-XM_0382533751	rna-XM_0382533751	ENSXNUT00000003654
OG0008138	rna-XM_0382551271	rna-XM_0382551271	rna-XM_0382551271	rna-XM_0382551271	ENSXNUT00000005519
OG0008139	rna-XM_0018676912	rna-XM_0018676912	rna-XM_0018676912	rna-XM_0018676912	ENSXNUT00000006678
OG0008140	rna-XM_0382523451	rna-XM_0382523451	rna-XM_0382523451	rna-XM_0382523451	ENSXNUT00000005049
OG0008141	rna-XM_0018677082	rna-XM_0018677082	rna-XM_0018677082	rna-XM_0018677082	ENSXNUT00000012981
OG0008143	rna-XM_0382494421	rna-XM_0382494421	rna-XM_0382494421	rna-XM_0382494421	ENSXNUT00000012714
OG0008146	rna-XM_0382498191	rna-XM_0382498191	rna-XM_0382498191	rna-XM_0382498191	ENSXNUT00000012918
OG0008147	rna-XM_0382489451	rna-XM_0382489451	rna-XM_0382489451	rna-XM_0382489451	ENSXNUT00000013037
OG0008148	rna-XM_0382535791	rna-XM_0382535791	rna-XM_0382535791	rna-XM_0382535791	ENSXNUT00000003661
OG0008149	rna-XM_0382498981	rna-XM_0382498981	rna-XM_0382498981	rna-XM_0382498981	ENSXNUT00000017097
OG0008150	rna-XM_0018677552	rna-XM_0018677552	rna-XM_0018677552	rna-XM_0018677552	ENSXNUT00000013887
OG0008151	rna-XM_0382499961	rna-XM_0382499961	rna-XM_0382499961	rna-XM_0382499961	ENSXNUT00000014591
OG0008152	rna-XM_0382618261	rna-XM_0382618261	rna-XM_0382618261	rna-XM_0382618261	ENSXNUT00000010093
OG0008153	rna-XM_0382533001	rna-XM_0382533001	rna-XM_0382533001	rna-XM_0382533021	ENSXNUT00000000329
OG0008154	rna-XM_0382482161	rna-XM_0382482161	rna-XM_0382482161	rna-XM_0382482161	ENSXNUT00000014765
OG0008155	rna-XM_0382593431	rna-XM_0382593431	rna-XM_0382593431	rna-XM_0382593431	ENSXNUT00000016396
OG0008156	rna-XM_0382488981	rna-XM_0382488981	rna-XM_0382488981	rna-XM_0382488981	ENSXNUT00000018862
OG0008157	rna-XM_0382562791	rna-XM_0382562791	rna-XM_0382562791	rna-XM_0382562791	ENSXNUT00000015078
OG0008158	rna-XM_0382586691	rna-XM_0382586691	rna-XM_0382586691	rna-XM_0382586691	ENSXNUT00000007728
OG0008159	rna-XM_0382647241	rna-XM_0382647241	rna-XM_0382647241	rna-XM_0382647241	ENSXNUT00000011798
OG0008160	rna-XM_0382623331	rna-XM_0382623331	rna-XM_0382623331	rna-XM_0382623331	ENSXNUT00000006976
OG0008161	rna-XM_0382557631	rna-XM_0382557631	rna-XM_0382557631	rna-XM_0382557631	ENSXNUT00000001468
OG0008162	rna-XM_0382620061	rna-XM_0382620061	rna-XM_0382620061	rna-XM_0382620061	ENSXNUT00000008822
OG0008163	rna-XM_0018678172	rna-XM_0018678172	rna-XM_0018678172	rna-XM_0018678172	ENSXNUT00000008705
OG0008164	rna-XM_0382630071	rna-XM_0382630071	rna-XM_0382630071	rna-XM_0382630071	ENSXNUT00000008340
OG0008165	rna-XM_0018678182	rna-XM_0018678182	rna-XM_0018678182	rna-XM_0018678182	ENSXNUT00000009188
OG0008166	rna-XM_0382649751	rna-XM_0382649751	rna-XM_0382649751	rna-XM_0382649751	ENSXNUT00000006833
OG0008167	rna-XM_0382577951	rna-XM_0382577951	rna-XM_0382577951	rna-XM_0382577951	ENSXNUT00000004988
OG0008168	rna-XM_0018678252	rna-XM_0018678252	rna-XM_0018678252	rna-XM_0018678252	ENSXNUT00000003109
OG0008169	rna-XM_0382554331	rna-XM_0382554331	rna-XM_0382554331	rna-XM_0382554331	ENSXNUT00000002199
OG0008170	rna-XM_0382548231	rna-XM_0382548231	rna-XM_0382548231	rna-XM_0382548231	ENSXNUT00000010017
OG0008171	rna-XM_0382645341	rna-XM_0382645341	rna-XM_0382645341	rna-XM_0382645341	ENSXNUT00000007253
OG0008172	rna-XM_0382545681	rna-XM_0382545681	rna-XM_0382545681	rna-XM_0382545681	ENSXNUT00000004983
OG0008173	rna-XM_0018678482	rna-XM_0018678482	rna-XM_0018678482	rna-XM_0018678482	ENSXNUT00000012622
OG0008174	rna-XM_0382608161	rna-XM_0382608161	rna-XM_0382608161	rna-XM_0382608161	ENSXNUT00000012262
OG0008175	rna-XM_0382584731	rna-XM_0382584731	rna-XM_0382584731	rna-XM_0382584731	ENSXNUT00000018465
OG0008176	rna-XM_0382580551	rna-XM_0382580551	rna-XM_0382580551	rna-XM_0382580551	ENSXNUT00000005318
OG0008177	rna-XM_0382571811	rna-XM_0382571811	rna-XM_0382571811	rna-XM_0382571811	ENSXNUT00000002829
OG0008178	rna-XM_0382526301	rna-XM_0382526301	rna-XM_0382526301	rna-XM_0382526301	ENSXNUT00000005442
OG0008179	rna-XM_0018678662	rna-XM_0018678662	rna-XM_0018678662	rna-XM_0018678662	ENSXNUT00000008719
OG0008180	rna-XM_0382651311	rna-XM_0382651321	rna-XM_0382651321	rna-XM_0382651321	ENSXNUT00000010960
OG0008181	rna-XM_0382569421	rna-XM_0382569421	rna-XM_0382569421	rna-XM_0382569421	ENSXNUT00000005633
OG0008182	rna-XM_0382572241	rna-XM_0382572241	rna-XM_0382572241	rna-XM_0382572241	ENSXNUT00000004773
OG0008183	rna-XM_0018678812	rna-XM_0018678812	rna-XM_0018678812	rna-XM_0018678812	ENSXNUT00000002060
OG0008184	rna-XM_0382519211	rna-XM_0382519211	rna-XM_0382519211	rna-XM_0382519211	ENSXNUT00000002401
OG0008185	rna-XM_0018678862	rna-XM_0018678862	rna-XM_0018678862	rna-XM_0018678862	ENSXNUT00000014782
OG0008186	rna-XM_0382620731	rna-XM_0382620731	rna-XM_0382620731	rna-XM_0382620731	ENSXNUT00000015175
OG0008187	rna-XM_0382597581	rna-XM_0382597581	rna-XM_0382597581	rna-XM_0382597581	ENSXNUT00000014719
OG0008188	rna-XM_0018679002	rna-XM_0018679002	rna-XM_0018679002	rna-XM_0018679002	ENSXNUT00000014683
OG0008189	rna-XM_0018679152	rna-XM_0018679152	rna-XM_0018679152	rna-XM_0018679152	ENSXNUT00000002710
OG0008190	rna-XM_0018679102	rna-XM_0018679102	rna-XM_0018679102	rna-XM_0018679102	ENSXNUT00000005501
OG0008191	rna-XM_0382521031	rna-XM_0382521031	rna-XM_0382521031	rna-XM_0382521031	ENSXNUT00000002814
OG0008192	rna-XM_0018679312	rna-XM_0018679312	rna-XM_0018679312	rna-XM_0018679312	ENSXNUT00000016339
OG0008193	rna-XM_0382492271	rna-XM_0382492281	rna-XM_0382492271	rna-XM_0382492271	ENSXNUT00000015206
OG0008194	rna-XM_0018679342	rna-XM_0018679342	rna-XM_0018679342	rna-XM_0018679342	ENSXNUT00000006368
OG0008195	rna-XM_0382637711	rna-XM_0382637711	rna-XM_0382637711	rna-XM_0382637711	ENSXNUT00000009275
OG0008196	rna-XM_0018679382	rna-XM_0018679382	rna-XM_0018679382	rna-XM_0018679382	ENSXNUT00000009381
OG0008197	rna-XM_0382637721	rna-XM_0382637721	rna-XM_0382637721	rna-XM_0382637721	ENSXNUT00000010752
OG0008198	rna-XM_0382637731	rna-XM_0382637731	rna-XM_0382637731	rna-XM_0382637731	ENSXNUT00000007237
OG0008199	rna-XM_0018679452	rna-XM_0018679452	rna-XM_0018679452	rna-XM_0018679452	ENSXNUT00000003297
OG0008200	rna-XM_0018679442	rna-XM_0018679442	rna-XM_0018679442	rna-XM_0018679442	ENSXNUT00000008861
OG0008201	rna-XM_0382592731	rna-XM_0382592731	rna-XM_0382592731	rna-XM_0382592731	ENSXNUT00000011870
OG0008202	rna-XM_0018679702	rna-XM_0018679702	rna-XM_0018679702	rna-XM_0018679702	ENSXNUT00000007755
OG0008203	rna-XM_0018679712	rna-XM_0018679712	rna-XM_0018679712	rna-XM_0018679712	ENSXNUT00000006887
OG0008204	rna-XM_0018679722	rna-XM_0018679722	rna-XM_0018679722	rna-XM_0018679722	ENSXNUT00000009087
OG0008205	rna-XM_0018679752	rna-XM_0018679752	rna-XM_0018679752	rna-XM_0018679752	ENSXNUT00000010081
OG0008206	rna-XM_0382647611	rna-XM_0382647611	rna-XM_0382647611	rna-XM_0382647621	ENSXNUT00000006788
OG0008207	rna-XM_0382569231	rna-XM_0382569231	rna-XM_0382569231	rna-XM_0382569231	ENSXNUT00000002300
OG0008208	rna-XM_0382642711	rna-XM_0382642711	rna-XM_0382642711	rna-XM_0382642711	ENSXNUT00000011944
OG0008209	rna-XM_0382566371	rna-XM_0382566371	rna-XM_0382566371	rna-XM_0382566371	ENSXNUT00000018660
OG0008210	rna-XM_0382641831	rna-XM_0382641831	rna-XM_0382641831	rna-XM_0382641831	ENSXNUT00000015356
OG0008211	rna-XM_0382528601	rna-XM_0382528601	rna-XM_0382528601	rna-XM_0382528601	ENSXNUT00000017162
OG0008212	rna-XM_0382570101	rna-XM_0382570101	rna-XM_0382570101	rna-XM_0382570101	ENSXNUT00000017192
OG0008213	rna-XM_0382569501	rna-XM_0382569501	rna-XM_0382569501	rna-XM_0382569501	ENSXNUT00000005528
OG0008214	rna-XM_0382582691	rna-XM_0382582691	rna-XM_0382582691	rna-XM_0382582691	ENSXNUT00000002284
OG0008215	rna-XM_0018680262	rna-XM_0018680262	rna-XM_0018680262	rna-XM_0018680262	ENSXNUT00000013369
OG0008216	rna-XM_0382667711	rna-XM_0382667711	rna-XM_0382667711	rna-XM_0382667711	ENSXNUT00000018833
OG0008217	rna-XM_0018680292	rna-XM_0018680292	rna-XM_0018680292	rna-XM_0018680292	ENSXNUT00000014352
OG0008218	rna-XM_0382668131	rna-XM_0382668131	rna-XM_0382668131	rna-XM_0382668131	ENSXNUT00000012646
OG0008219	rna-XM_0018680502	rna-XM_0018680502	rna-XM_0018680502	rna-XM_0018680502	ENSXNUT00000010475
OG0008220	rna-XM_0382599091	rna-XM_0382599091	rna-XM_0382599091	rna-XM_0382599091	ENSXNUT00000013935
OG0008221	rna-XM_0382599101	rna-XM_0382599101	rna-XM_0382599101	rna-XM_0382599101	ENSXNUT00000015630
OG0008222	rna-XM_0382546231	rna-XM_0382546231	rna-XM_0382546231	rna-XM_0382546251	ENSXNUT00000004402
OG0008223	rna-XM_0382670331	rna-XM_0382670331	rna-XM_0382670331	rna-XM_0382670331	ENSXNUT00000015255
OG0008224	rna-XM_0382653441	rna-XM_0382653441	rna-XM_0382653441	rna-XM_0382653441	ENSXNUT00000012729
OG0008225	rna-XM_0382591131	rna-XM_0382591131	rna-XM_0382591131	rna-XM_0382591131	ENSXNUT00000009881
OG0008226	rna-XM_0018681132	rna-XM_0018681132	rna-XM_0018681132	rna-XM_0018681132	ENSXNUT00000004961
OG0008227	rna-XM_0382538261	rna-XM_0382538261	rna-XM_0382538261	rna-XM_0382538261	ENSXNUT00000002139
OG0008228	rna-XM_0018681172	rna-XM_0018681172	rna-XM_0382555811	rna-XM_0382555811	ENSXNUT00000005638
OG0008229	rna-XM_0382575571	rna-XM_0382575571	rna-XM_0382575571	rna-XM_0382575571	ENSXNUT00000003848
OG0008230	rna-XM_0382655231	rna-XM_0382655231	rna-XM_0382655231	rna-XM_0382655231	ENSXNUT00000012743
OG0008231	rna-XM_0018681332	rna-XM_0018681332	rna-XM_0018681332	rna-XM_0018681332	ENSXNUT00000018030
OG0008232	rna-XM_0382533351	rna-XM_0382533351	rna-XM_0382533351	rna-XM_0382533351	ENSXNUT00000007658
OG0008233	rna-XM_0018681492	rna-XM_0018681492	rna-XM_0018681492	rna-XM_0018681492	ENSXNUT00000011534
OG0008234	rna-XM_0018681472	rna-XM_0018681472	rna-XM_0018681472	rna-XM_0018681472	ENSXNUT00000009734
OG0008235	rna-XM_0382594741	rna-XM_0382594741	rna-XM_0382594741	rna-XM_0382594741	ENSXNUT00000009711
OG0008236	rna-XM_0382649321	rna-XM_0382649321	rna-XM_0382649321	rna-XM_0382649321	ENSXNUT00000008227
OG0008237	rna-XM_0382622361	rna-XM_0382622361	rna-XM_0382622361	rna-XM_0382622361	ENSXNUT00000007795
OG0008238	rna-XM_0382491811	rna-XM_0382491811	rna-XM_0382491811	rna-XM_0382491811	ENSXNUT00000012232
OG0008239	rna-XM_0382561201	rna-XM_0382561201	rna-XM_0382561201	rna-XM_0382561201	ENSXNUT00000005867
OG0008240	rna-XM_0382565901	rna-XM_0382565901	rna-XM_0382565901	rna-XM_0382565901	ENSXNUT00000000034
OG0008241	rna-XM_0018681822	rna-XM_0018681822	rna-XM_0018681822	rna-XM_0018681822	ENSXNUT00000004500
OG0008242	rna-XM_0018681832	rna-XM_0018681832	rna-XM_0018681832	rna-XM_0018681832	ENSXNUT00000007655
OG0008243	rna-XM_0018681842	rna-XM_0018681842	rna-XM_0018681842	rna-XM_0018681842	ENSXNUT00000007449
OG0008244	rna-XM_0382572511	rna-XM_0382572531	rna-XM_0382572511	rna-XM_0382572511	ENSXNUT00000002858
OG0008245	rna-XM_0018681872	rna-XM_0018681872	rna-XM_0018681872	rna-XM_0018681872	ENSXNUT00000006743
OG0008246	rna-XM_0382482361	rna-XM_0382482361	rna-XM_0382482361	rna-XM_0382482361	ENSXNUT00000014173
OG0008247	rna-XM_0018420892	rna-XM_0018420892	rna-XM_0018420892	rna-XM_0018420892	ENSXNUT00000002955
OG0008248	rna-XM_0382665591	rna-XM_0382665591	rna-XM_0382665591	rna-XM_0382665591	ENSXNUT00000018334
OG0008249	rna-XM_0382552491	rna-XM_0382552491	rna-XM_0382552491	rna-XM_0382552491	ENSXNUT00000003149
OG0008250	rna-XM_0382572381	rna-XM_0382572381	rna-XM_0382572381	rna-XM_0382572381	ENSXNUT00000007826
OG0008251	rna-XM_0382554421	rna-XM_0382554421	rna-XM_0382554421	rna-XM_0382554421	ENSXNUT00000001836
OG0008252	rna-XM_0382576361	rna-XM_0382576361	rna-XM_0382576361	rna-XM_0382576361	ENSXNUT00000000616
OG0008253	rna-XM_0018682282	rna-XM_0018682282	rna-XM_0018682282	rna-XM_0018682282	ENSXNUT00000000433
OG0008254	rna-XM_0018682302	rna-XM_0018682302	rna-XM_0018682302	rna-XM_0018682302	ENSXNUT00000005199
OG0008255	rna-XM_0382514671	rna-XM_0382514671	rna-XM_0382514671	rna-XM_0382514671	ENSXNUT00000003076
OG0008256	rna-XM_0382552991	rna-XM_0382552991	rna-XM_0382552991	rna-XM_0382552991	ENSXNUT00000006258
OG0008257	rna-XM_0382561521	rna-XM_0382561521	rna-XM_0382561521	rna-XM_0382561521	ENSXNUT00000002156
OG0008258	rna-XM_0018682492	rna-XM_0018682492	rna-XM_0018682492	rna-XM_0018682492	ENSXNUT00000004507
OG0008259	rna-XM_0382544111	rna-XM_0382544111	rna-XM_0382544111	rna-XM_0382544111	ENSXNUT00000004794
OG0008260	rna-XM_0382638071	rna-XM_0382638071	rna-XM_0382638071	rna-XM_0382638071	ENSXNUT00000009941
OG0008261	rna-XM_0382492591	rna-XM_0382492591	rna-XM_0382492591	rna-XM_0382492591	ENSXNUT00000013142
OG0008262	rna-XM_0018682652	rna-XM_0018682652	rna-XM_0018682652	rna-XM_0018682652	ENSXNUT00000007021
OG0008263	rna-XM_0382588671	rna-XM_0382588671	rna-XM_0382588671	rna-XM_0382588681	ENSXNUT00000010957
OG0008264	rna-XM_0382503701	rna-XM_0382503701	rna-XM_0382503701	rna-XM_0382503701	ENSXNUT00000002329
OG0008265	rna-XM_0018683082	rna-XM_0018683082	rna-XM_0018683082	rna-XM_0018683082	ENSXNUT00000008149
OG0008266	rna-XM_0382562841	rna-XM_0382562841	rna-XM_0382562851	rna-XM_0382562851	ENSXNUT00000004501
OG0008267	rna-XM_0382496281	rna-XM_0382496281	rna-XM_0382496291	rna-XM_0382496281	ENSXNUT00000018903
OG0008268	rna-XM_0382602271	rna-XM_0382602271	rna-XM_0382602271	rna-XM_0382602271	ENSXNUT00000009817
OG0008269	rna-XM_0018683272	rna-XM_0018683272	rna-XM_0018683272	rna-XM_0018683272	ENSXNUT00000007495
OG0008270	rna-XM_0382645861	rna-XM_0382645861	rna-XM_0382645931	rna-XM_0382645861	ENSXNUT00000008625
OG0008271	rna-XM_0018683392	rna-XM_0018683392	rna-XM_0018683392	rna-XM_0018683392	ENSXNUT00000012136
OG0008272	rna-XM_0382601011	rna-XM_0382601011	rna-XM_0382601011	rna-XM_0382601011	ENSXNUT00000008803
OG0008273	rna-XM_0018683672	rna-XM_0018683672	rna-XM_0018683672	rna-XM_0018683672	ENSXNUT00000016290
OG0008274	rna-XM_0382561351	rna-XM_0382561351	rna-XM_0382561351	rna-XM_0382561351	ENSXNUT00000004160
OG0008275	rna-XM_0018683802	rna-XM_0018683802	rna-XM_0018683802	rna-XM_0018683802	ENSXNUT00000002280
OG0008276	rna-XM_0382566511	rna-XM_0382566511	rna-XM_0382566511	rna-XM_0382566511	ENSXNUT00000000012
OG0008277	rna-XM_0018683922	rna-XM_0018683922	rna-XM_0018683922	rna-XM_0018683922	ENSXNUT00000002757
OG0008278	rna-XM_0382583871	rna-XM_0382583871	rna-XM_0382583871	rna-XM_0382583871	ENSXNUT00000002448
OG0008279	rna-XM_0382666271	rna-XM_0382666271	rna-XM_0382666271	rna-XM_0382666271	ENSXNUT00000013171
OG0008280	rna-XM_0018683962	rna-XM_0018683962	rna-XM_0018683962	rna-XM_0018683962	ENSXNUT00000014966
OG0008281	rna-XM_0018684042	rna-XM_0018684042	rna-XM_0018684042	rna-XM_0018684042	ENSXNUT00000016417
OG0008282	rna-XM_0018684032	rna-XM_0018684032	rna-XM_0018684032	rna-XM_0018684032	ENSXNUT00000008942
OG0008283	rna-XM_0382486841	rna-XM_0382486841	rna-XM_0382486841	rna-XM_0382486841	ENSXNUT00000017188
OG0008284	rna-XM_0018684072	rna-XM_0018684072	rna-XM_0018684072	rna-XM_0018684072	ENSXNUT00000017531
OG0008285	rna-XM_0018684182	rna-XM_0018684182	rna-XM_0018684182	rna-XM_0018684182	ENSXNUT00000001210
OG0008286	rna-XM_0018684202	rna-XM_0018684202	rna-XM_0018684202	rna-XM_0018684202	ENSXNUT00000004637
OG0008287	rna-XM_0018684192	rna-XM_0018684192	rna-XM_0018684192	rna-XM_0018684192	ENSXNUT00000000846
OG0008288	rna-XM_0382527981	rna-XM_0382527981	rna-XM_0382527981	rna-XM_0382527981	ENSXNUT00000007516
OG0008289	rna-XM_0382549881	rna-XM_0382549881	rna-XM_0382549881	rna-XM_0382549881	ENSXNUT00000001214
OG0008290	rna-XM_0382565031	rna-XM_0382565031	rna-XM_0382565031	rna-XM_0382565031	ENSXNUT00000001722
OG0008291	rna-XM_0382545801	rna-XM_0382545801	rna-XM_0382545801	rna-XM_0382545801	ENSXNUT00000001104
OG0008292	rna-XM_0382549581	rna-XM_0382549581	rna-XM_0382549581	rna-XM_0382549581	ENSXNUT00000005849
OG0008293	rna-XM_0018684552	rna-XM_0018684552	rna-XM_0018684552	rna-XM_0018684552	ENSXNUT00000011078
OG0008294	rna-XM_0382647721	rna-XM_0382647721	rna-XM_0382647721	rna-XM_0382647721	ENSXNUT00000008830
OG0008295	rna-XM_0018684722	rna-XM_0018684722	rna-XM_0018684722	rna-XM_0018684722	ENSXNUT00000007819
OG0008296	rna-XM_0018684732	rna-XM_0018684732	rna-XM_0018684732	rna-XM_0018684732	ENSXNUT00000013697
OG0008297	rna-XM_0382616081	rna-XM_0382616081	rna-XM_0382616081	rna-XM_0382616081	ENSXNUT00000009936
OG0008298	rna-XM_0382625261	rna-XM_0382625261	rna-XM_0382625261	rna-XM_0382625261	ENSXNUT00000008666
OG0008299	rna-XM_0018684922	rna-XM_0018684922	rna-XM_0018684922	rna-XM_0018684922	ENSXNUT00000012174
OG0008300	rna-XM_0382606501	rna-XM_0382606501	rna-XM_0382606501	rna-XM_0382606501	ENSXNUT00000009717
OG0008301	rna-XM_0018685042	rna-XM_0018685042	rna-XM_0018685042	rna-XM_0018685042	ENSXNUT00000008292
OG0008302	rna-XM_0382602251	rna-XM_0382602251	rna-XM_0382602251	rna-XM_0382602251	ENSXNUT00000013474
OG0008303	rna-XM_0382647791	rna-XM_0382647791	rna-XM_0382647791	rna-XM_0382647791	ENSXNUT00000010624
OG0008304	rna-XM_0018685142	rna-XM_0018685142	rna-XM_0018685142	rna-XM_0018685142	ENSXNUT00000001237
OG0008305	rna-XM_0382548661	rna-XM_0382548661	rna-XM_0382548661	rna-XM_0382548661	ENSXNUT00000001420
OG0008306	rna-XM_0382525011	rna-XM_0382525011	rna-XM_0382525011	rna-XM_0382525011	ENSXNUT00000002224
OG0008307	rna-XM_0018685112	rna-XM_0018685112	rna-XM_0018685112	rna-XM_0018685112	ENSXNUT00000003923
OG0008308	rna-XM_0382482151	rna-XM_0382482151	rna-XM_0382482151	rna-XM_0382482151	ENSXNUT00000014565
OG0008309	rna-XM_0018685312	rna-XM_0018685312	rna-XM_0018685312	rna-XM_0018685312	ENSXNUT00000012781
OG0008310	rna-XM_0382486901	rna-XM_0382486901	rna-XM_0382486901	rna-XM_0382486901	ENSXNUT00000017363
OG0008311	rna-XM_0382492241	rna-XM_0382492241	rna-XM_0382492241	rna-XM_0382492241	ENSXNUT00000013103
OG0008312	rna-XM_0382652051	rna-XM_0382652051	rna-XM_0382652051	rna-XM_0382652051	ENSXNUT00000012353
OG0008313	rna-XM_0018685452	rna-XM_0018685452	rna-XM_0018685452	rna-XM_0018685452	ENSXNUT00000006724
OG0008314	rna-XM_0382583581	rna-XM_0382583581	rna-XM_0382583581	rna-XM_0382583581	ENSXNUT00000003023
OG0008315	rna-XM_0382533781	rna-XM_0382533781	rna-XM_0382533781	rna-XM_0382533781	ENSXNUT00000005436
OG0008316	rna-XM_0382501231	rna-XM_0382501231	rna-XM_0382501231	rna-XM_0382501231	ENSXNUT00000003537
OG0008317	rna-XM_0018685522	rna-XM_0018685522	rna-XM_0018685522	rna-XM_0018685522	ENSXNUT00000003183
OG0008318	rna-XM_0382501221	rna-XM_0382501221	rna-XM_0382501221	rna-XM_0382501221	ENSXNUT00000002651
OG0008319	rna-XM_0382547831	rna-XM_0382547831	rna-XM_0382547831	rna-XM_0382547831	ENSXNUT00000000074
OG0008320	rna-XM_0382601611	rna-XM_0382601611	rna-XM_0382601611	rna-XM_0382601611	ENSXNUT00000010515
OG0008321	rna-XM_0018685732	rna-XM_0018685732	rna-XM_0018685732	rna-XM_0018685732	ENSXNUT00000018204
OG0008322	rna-XM_0382483631	rna-XM_0382483631	rna-XM_0382483631	rna-XM_0382483631	ENSXNUT00000012005
OG0008323	rna-XM_0018685872	rna-XM_0018685872	rna-XM_0018685872	rna-XM_0018685872	ENSXNUT00000013762
OG0008324	rna-XM_0018685812	rna-XM_0018685812	rna-XM_0018685812	rna-XM_0018685812	ENSXNUT00000003296
OG0008325	rna-XM_0382572961	rna-XM_0382572961	rna-XM_0382572961	rna-XM_0382572941	ENSXNUT00000004533
OG0008326	rna-XM_0382670961	rna-XM_0382670961	rna-XM_0382670961	rna-XM_0382670961	ENSXNUT00000012599
OG0008327	rna-XM_0382666341	rna-XM_0382666341	rna-XM_0382666341	rna-XM_0382666341	ENSXNUT00000016917
OG0008328	rna-XM_0018686042	rna-XM_0018686042	rna-XM_0018686042	rna-XM_0018686042	ENSXNUT00000015700
OG0008329	rna-XM_0382545101	rna-XM_0382545101	rna-XM_0382545101	rna-XM_0382545101	ENSXNUT00000012504
OG0008330	rna-XM_0018686072	rna-XM_0018686072	rna-XM_0018686072	rna-XM_0018686072	ENSXNUT00000017949
OG0008331	rna-XM_0018686182	rna-XM_0018686182	rna-XM_0018686182	rna-XM_0018686182	ENSXNUT00000006311
OG0008332	rna-XM_0018686162	rna-XM_0018686162	rna-XM_0018686162	rna-XM_0018686162	ENSXNUT00000011335
OG0008333	rna-XM_0018686222	rna-XM_0018686222	rna-XM_0018686222	rna-XM_0018686222	ENSXNUT00000003303
OG0008334	rna-XM_0382603471	rna-XM_0382603471	rna-XM_0382603471	rna-XM_0382603481	ENSXNUT00000012491
OG0008335	rna-XM_0382657041	rna-XM_0382657041	rna-XM_0382657041	rna-XM_0382657041	ENSXNUT00000012889
OG0008336	rna-XM_0018686462	rna-XM_0018686462	rna-XM_0018686462	rna-XM_0018686462	ENSXNUT00000011822
OG0008337	rna-XM_0382589951	rna-XM_0382589951	rna-XM_0382589951	rna-XM_0382589951	ENSXNUT00000011423
OG0008338	rna-XM_0382657971	rna-XM_0382657971	rna-XM_0382657971	rna-XM_0382657971	ENSXNUT00000007364
OG0008339	rna-XM_0018686532	rna-XM_0018686532	rna-XM_0018686532	rna-XM_0018686532	ENSXNUT00000014917
OG0008340	rna-XM_0382663291	rna-XM_0382663311	rna-XM_0382663311	rna-XM_0382663291	ENSXNUT00000011312
OG0008341	rna-XM_0018686572	rna-XM_0018686572	rna-XM_0018686572	rna-XM_0018686572	ENSXNUT00000004930
OG0008342	rna-XM_0018686542	rna-XM_0018686542	rna-XM_0018686542	rna-XM_0018686542	ENSXNUT00000000159
OG0008343	rna-XM_0382637461	rna-XM_0382637461	rna-XM_0382637461	rna-XM_0382637461	ENSXNUT00000012000
OG0008344	rna-XM_0382637521	rna-XM_0382637521	rna-XM_0382637521	rna-XM_0382637521	ENSXNUT00000006646
OG0008345	rna-XM_0382602871	rna-XM_0382602871	rna-XM_0382602871	rna-XM_0382602871	ENSXNUT00000008778
OG0008346	rna-XM_0382653291	rna-XM_0382653291	rna-XM_0382653291	rna-XM_0382653291	ENSXNUT00000013699
OG0008347	rna-XM_0382531971	rna-XM_0382531971	rna-XM_0382531971	rna-XM_0382531971	ENSXNUT00000001646
OG0008348	rna-XM_0382514181	rna-XM_0382514181	rna-XM_0382514181	rna-XM_0382514181	ENSXNUT00000004745
OG0008349	rna-XM_0018686952	rna-XM_0018686952	rna-XM_0018686952	rna-XM_0018686952	ENSXNUT00000000330
OG0008350	rna-XM_0382561341	rna-XM_0382561341	rna-XM_0382561341	rna-XM_0382561341	ENSXNUT00000001868
OG0008351	rna-XM_0018687062	rna-XM_0018687062	rna-XM_0018687062	rna-XM_0018687062	ENSXNUT00000005903
OG0008352	rna-XM_0382501351	rna-XM_0382501351	rna-XM_0382501351	rna-XM_0382501351	ENSXNUT00000002049
OG0008353	rna-XM_0382629131	rna-XM_0382629131	rna-XM_0382629131	rna-XM_0382629131	ENSXNUT00000011563
OG0008354	rna-XM_0018687262	rna-XM_0018687262	rna-XM_0018687262	rna-XM_0018687262	ENSXNUT00000014812
OG0008355	rna-XM_0382593761	rna-XM_0382593761	rna-XM_0382593761	rna-XM_0382593761	ENSXNUT00000016314
OG0008356	rna-XM_0382527861	rna-XM_0382527861	rna-XM_0382527861	rna-XM_0382527861	ENSXNUT00000009336
OG0008357	rna-XM_0018687452	rna-XM_0018687452	rna-XM_0018687452	rna-XM_0018687452	ENSXNUT00000002621
OG0008358	rna-XM_0018687482	rna-XM_0018687482	rna-XM_0018687482	rna-XM_0018687482	ENSXNUT00000013298
OG0008359	rna-XM_0382515011	rna-XM_0382515011	rna-XM_0382515011	rna-XM_0382515011	ENSXNUT00000004553
OG0008360	rna-XM_0382669131	rna-XM_0382669131	rna-XM_0382669131	rna-XM_0382669131	ENSXNUT00000018804
OG0008361	rna-XM_0382607601	rna-XM_0382607601	rna-XM_0382607601	rna-XM_0382607601	ENSXNUT00000014102
OG0008362	rna-XM_0018687832	rna-XM_0018687832	rna-XM_0018687832	rna-XM_0018687832	ENSXNUT00000015375
OG0008363	rna-XM_0382589661	rna-XM_0382589661	rna-XM_0382589661	rna-XM_0382589661	ENSXNUT00000010671
OG0008364	rna-XM_0382628171	rna-XM_0382628171	rna-XM_0382628171	rna-XM_0382628171	ENSXNUT00000010655
OG0008365	rna-XM_0382640181	rna-XM_0382640181	rna-XM_0382640181	rna-XM_0382640181	ENSXNUT00000013878
OG0008366	rna-XM_0382592141	rna-XM_0382592141	rna-XM_0382592141	rna-XM_0382592141	ENSXNUT00000008560
OG0008367	rna-XM_0018687882	rna-XM_0018687882	rna-XM_0018687882	rna-XM_0018687882	ENSXNUT00000015130
OG0008368	rna-XM_0382637391	rna-XM_0382637391	rna-XM_0382637391	rna-XM_0382637391	ENSXNUT00000008585
OG0008369	rna-XM_0018687942	rna-XM_0018687942	rna-XM_0018687942	rna-XM_0018687942	ENSXNUT00000011904
OG0008370	rna-XM_0018687952	rna-XM_0018687952	rna-XM_0018687952	rna-XM_0018687952	ENSXNUT00000010013
OG0008371	rna-XM_0382593441	rna-XM_0382593441	rna-XM_0382593441	rna-XM_0382593441	ENSXNUT00000012673
OG0008372	rna-XM_0382508321	rna-XM_0382508321	rna-XM_0382508321	rna-XM_0382508321	ENSXNUT00000013221
OG0008373	rna-XM_0018688042	rna-XM_0018688042	rna-XM_0018688042	rna-XM_0018688042	ENSXNUT00000016570
OG0008374	rna-XM_0018688052	rna-XM_0018688052	rna-XM_0018688052	rna-XM_0018688052	ENSXNUT00000014218
OG0008375	rna-XM_0382648241	rna-XM_0382648241	rna-XM_0382648241	rna-XM_0382648241	ENSXNUT00000013133
OG0008376	rna-XM_0382553541	rna-XM_0382553541	rna-XM_0382553541	rna-XM_0382553541	ENSXNUT00000007378
OG0008377	rna-XM_0382553551	rna-XM_0382553551	rna-XM_0382553551	rna-XM_0382553551	ENSXNUT00000004202
OG0008378	rna-XM_0018688352	rna-XM_0018688352	rna-XM_0018688352	rna-XM_0018688352	ENSXNUT00000013704
OG0008379	rna-XM_0382522411	rna-XM_0382522411	rna-XM_0382522411	rna-XM_0382522411	ENSXNUT00000002481
OG0008380	rna-XM_0382553281	rna-XM_0382553281	rna-XM_0382553281	rna-XM_0382553281	ENSXNUT00000006675
OG0008381	rna-XM_0382521871	rna-XM_0382521871	rna-XM_0382521871	rna-XM_0382521871	ENSXNUT00000017023
OG0008383	rna-XM_0382591011	rna-XM_0382591011	rna-XM_0382591011	rna-XM_0382591011	ENSXNUT00000013946
OG0008384	rna-XM_0382623671	rna-XM_0382623671	rna-XM_0382623671	rna-XM_0382623671	ENSXNUT00000016068
OG0008385	rna-XM_0382660251	rna-XM_0382660271	rna-XM_0382660251	rna-XM_0382660251	ENSXNUT00000010886
OG0008386	rna-XM_0018688632	rna-XM_0018688632	rna-XM_0018688632	rna-XM_0018688632	ENSXNUT00000006187
OG0008387	rna-XM_0018688802	rna-XM_0018688802	rna-XM_0018688802	rna-XM_0018688802	ENSXNUT00000012558
OG0008388	rna-XM_0382579331	rna-XM_0382579331	rna-XM_0382579331	rna-XM_0382579331	ENSXNUT00000014950
OG0008389	rna-XM_0018688842	rna-XM_0018688842	rna-XM_0018688842	rna-XM_0018688842	ENSXNUT00000014038
OG0008390	rna-XM_0382485001	rna-XM_0018688902	rna-XM_0018688902	rna-XM_0018688902	ENSXNUT00000018885
OG0008391	rna-XM_0018688922	rna-XM_0018688922	rna-XM_0018688922	rna-XM_0018688922	ENSXNUT00000017047
OG0008392	rna-XM_0018689002	rna-XM_0018689002	rna-XM_0018689002	rna-XM_0018689002	ENSXNUT00000006962
OG0008393	rna-XM_0382658821	rna-XM_0382658821	rna-XM_0382658821	rna-XM_0382658821	ENSXNUT00000007052
OG0008394	rna-XM_0382553061	rna-XM_0382553061	rna-XM_0382553061	rna-XM_0382553061	ENSXNUT00000015054
OG0008395	rna-XM_0382550011	rna-XM_0382550011	rna-XM_0382550011	rna-XM_0382550011	ENSXNUT00000002603
OG0008396	rna-XM_0382529941	rna-XM_0382529941	rna-XM_0382529941	rna-XM_0382529941	ENSXNUT00000000406
OG0008397	rna-XM_0382656321	rna-XM_0382656321	rna-XM_0382656321	rna-XM_0382656321	ENSXNUT00000016919
OG0008398	rna-XM_0382491921	rna-XM_0382491921	rna-XM_0382491921	rna-XM_0382491921	ENSXNUT00000015158
OG0008399	rna-XM_0382576131	rna-XM_0382576131	rna-XM_0382576131	rna-XM_0382576131	ENSXNUT00000017205
OG0008400	rna-XM_0382647461	rna-XM_0382647461	rna-XM_0382647461	rna-XM_0382647461	ENSXNUT00000010620
OG0008401	rna-XM_0382559361	rna-XM_0382559361	rna-XM_0382559361	rna-XM_0382559361	ENSXNUT00000018492
OG0008402	rna-XM_0382532281	rna-XM_0382532281	rna-XM_0382532281	rna-XM_0382532281	ENSXNUT00000001238
OG0008403	rna-XM_0382486111	rna-XM_0382486191	rna-XM_0382486111	rna-XM_0382486191	ENSXNUT00000011881
OG0008404	rna-XM_0382483661	rna-XM_0382483661	rna-XM_0382483661	rna-XM_0382483661	ENSXNUT00000013023
OG0008405	rna-XM_0018690062	rna-XM_0018690062	rna-XM_0018690062	rna-XM_0018690062	ENSXNUT00000014107
OG0008406	rna-XM_0382482141	rna-XM_0382482141	rna-XM_0382482141	rna-XM_0382482141	ENSXNUT00000017644
OG0008407	rna-XM_0018690292	rna-XM_0018690292	rna-XM_0018690292	rna-XM_0018690292	ENSXNUT00000014383
OG0008408	rna-XM_0382644871	rna-XM_0382644871	rna-XM_0382644871	rna-XM_0382644871	ENSXNUT00000007657
OG0008409	rna-XM_0018690262	rna-XM_0018690262	rna-XM_0018690262	rna-XM_0018690262	ENSXNUT00000013314
OG0008410	rna-XM_0382634171	rna-XM_0382634221	rna-XM_0382634171	rna-XM_0382634171	ENSXNUT00000013065
OG0008411	rna-XM_0018690412	rna-XM_0018690412	rna-XM_0018690412	rna-XM_0018690412	ENSXNUT00000000259
OG0008412	rna-XM_0018690462	rna-XM_0018690462	rna-XM_0018690462	rna-XM_0018690462	ENSXNUT00000004268
OG0008414	rna-XM_0382571981	rna-XM_0382571981	rna-XM_0382571981	rna-XM_0382571981	ENSXNUT00000002154
OG0008415	rna-XM_0382530271	rna-XM_0382530271	rna-XM_0382530271	rna-XM_0382530271	ENSXNUT00000000657
OG0008416	rna-XM_0018690592	rna-XM_0018690592	rna-XM_0018690592	rna-XM_0018690592	ENSXNUT00000001552
OG0008417	rna-XM_0382519041	rna-XM_0382519041	rna-XM_0382519041	rna-XM_0382519041	ENSXNUT00000008953
OG0008418	rna-XM_0018690732	rna-XM_0018690732	rna-XM_0018690732	rna-XM_0018690732	ENSXNUT00000006437
OG0008419	rna-XM_0382649041	rna-XM_0382649041	rna-XM_0382649041	rna-XM_0382649041	ENSXNUT00000008407
OG0008420	rna-XM_0382668731	rna-XM_0382668731	rna-XM_0382668731	rna-XM_0382668731	ENSXNUT00000015575
OG0008421	rna-XM_0018690782	rna-XM_0018690782	rna-XM_0018690782	rna-XM_0018690782	ENSXNUT00000012213
OG0008422	rna-XM_0382489421	rna-XM_0382489421	rna-XM_0382489421	rna-XM_0382489431	ENSXNUT00000017160
OG0008423	rna-XM_0382501951	rna-XM_0382501951	rna-XM_0382501951	rna-XM_0382501951	ENSXNUT00000000474
OG0008424	rna-XM_0382663091	rna-XM_0382663091	rna-XM_0382663091	rna-XM_0382663091	ENSXNUT00000007181
OG0008425	rna-XM_0382539811	rna-XM_0382539811	rna-XM_0382539811	rna-XM_0382539811	ENSXNUT00000004898
OG0008426	rna-XM_0018691132	rna-XM_0018691132	rna-XM_0018691132	rna-XM_0018691132	ENSXNUT00000005781
OG0008427	rna-XM_0382531601	rna-XM_0382531601	rna-XM_0382531601	rna-XM_0382531601	ENSXNUT00000005137
OG0008428	rna-XM_0018691112	rna-XM_0018691112	rna-XM_0382555131	rna-XM_0018691112	ENSXNUT00000001179
OG0008429	rna-XM_0382641341	rna-XM_0382641341	rna-XM_0382641341	rna-XM_0382641341	ENSXNUT00000008749
OG0008430	rna-XM_0382597841	rna-XM_0382597851	rna-XM_0382597841	rna-XM_0382597841	ENSXNUT00000010603
OG0008431	rna-XM_0018691542	rna-XM_0018691542	rna-XM_0018691542	rna-XM_0018691542	ENSXNUT00000015554
OG0008432	rna-XM_0382590951	rna-XM_0382590951	rna-XM_0382590951	rna-XM_0382590951	ENSXNUT00000006736
OG0008433	rna-XM_0018691682	rna-XM_0018691682	rna-XM_0018691682	rna-XM_0018691682	ENSXNUT00000011091
OG0008434	rna-XM_0382655151	rna-XM_0382655151	rna-XM_0382655151	rna-XM_0382655151	ENSXNUT00000014407
OG0008435	rna-XM_0382528701	rna-XM_0382528701	rna-XM_0382528701	rna-XM_0382528701	ENSXNUT00000018824
OG0008436	rna-XM_0382498131	rna-XM_0382498131	rna-XM_0382498131	rna-XM_0382498131	ENSXNUT00000018032
OG0008437	rna-XM_0018691792	rna-XM_0018691792	rna-XM_0018691792	rna-XM_0018691792	ENSXNUT00000008036
OG0008438	rna-XM_0018691802	rna-XM_0018691802	rna-XM_0018691802	rna-XM_0018691802	ENSXNUT00000002165
OG0008439	rna-XM_0382652921	rna-XM_0382652921	rna-XM_0382652921	rna-XM_0382652921	ENSXNUT00000014746
OG0008440	rna-XM_0018691962	rna-XM_0018691962	rna-XM_0018691962	rna-XM_0018691962	ENSXNUT00000014929
OG0008441	rna-XM_0382566101	rna-XM_0382566101	rna-XM_0382566101	rna-XM_0382566101	ENSXNUT00000018282
OG0008442	rna-XM_0382604781	rna-XM_0382604801	rna-XM_0382604841	rna-XM_0382604791	ENSXNUT00000014111
OG0008443	rna-XM_0018692062	rna-XM_0018692062	rna-XM_0018692062	rna-XM_0018692062	ENSXNUT00000016364
OG0008444	rna-XM_0382488211	rna-XM_0382488211	rna-XM_0382488231	rna-XM_0382488211	ENSXNUT00000016907
OG0008445	rna-XM_0382481361	rna-XM_0382481361	rna-XM_0382481361	rna-XM_0382481361	ENSXNUT00000018091
OG0008446	rna-XM_0018692192	rna-XM_0018692192	rna-XM_0018692192	rna-XM_0018692192	ENSXNUT00000005632
OG0008447	rna-XM_0382551191	rna-XM_0382551191	rna-XM_0382551191	rna-XM_0382551191	ENSXNUT00000004768
OG0008448	rna-XM_0382491041	rna-XM_0382491041	rna-XM_0382491041	rna-XM_0382491041	ENSXNUT00000014230
OG0008449	rna-XM_0018692502	rna-XM_0018692502	rna-XM_0018692502	rna-XM_0018692502	ENSXNUT00000014067
OG0008450	rna-XM_0382668951	rna-XM_0382668951	rna-XM_0382668951	rna-XM_0382668951	ENSXNUT00000015659
OG0008451	rna-XM_0382609851	rna-XM_0382609851	rna-XM_0382609851	rna-XM_0382609851	ENSXNUT00000012303
OG0008452	rna-XM_0018692512	rna-XM_0018692512	rna-XM_0018692512	rna-XM_0018692512	ENSXNUT00000010166
OG0008453	rna-XM_0382631051	rna-XM_0382631051	rna-XM_0382631051	rna-XM_0382631051	ENSXNUT00000016030
OG0008454	rna-XM_0382481751	rna-XM_0382481751	rna-XM_0382481751	rna-XM_0382481751	ENSXNUT00000017920
OG0008455	rna-XM_0382577251	rna-XM_0382577251	rna-XM_0382577251	rna-XM_0382577251	ENSXNUT00000018051
OG0008456	rna-XM_0382577131	rna-XM_0382577131	rna-XM_0382577131	rna-XM_0382577131	ENSXNUT00000015566
OG0008457	rna-XM_0018692732	rna-XM_0018692732	rna-XM_0018692732	rna-XM_0018692732	ENSXNUT00000001465
OG0008459	rna-XM_0382610741	rna-XM_0382610741	rna-XM_0382610741	rna-XM_0382610741	ENSXNUT00000010059
OG0008460	rna-XM_0382618811	rna-XM_0382618811	rna-XM_0382618811	rna-XM_0382618811	ENSXNUT00000018861
OG0008461	rna-XM_0018693042	rna-XM_0018693042	rna-XM_0018693042	rna-XM_0018693042	ENSXNUT00000017969
OG0008462	rna-XM_0018693082	rna-XM_0018693082	rna-XM_0018693082	rna-XM_0018693082	ENSXNUT00000011980
OG0008463	rna-XM_0382655341	rna-XM_0382655341	rna-XM_0382655341	rna-XM_0382655341	ENSXNUT00000010133
OG0008464	rna-XM_0382655351	rna-XM_0382655351	rna-XM_0382655351	rna-XM_0382655351	ENSXNUT00000005835
OG0008465	rna-XM_0382550481	rna-XM_0382550481	rna-XM_0382550481	rna-XM_0382550481	ENSXNUT00000004842
OG0008466	rna-XM_0382652801	rna-XM_0382652801	rna-XM_0382652801	rna-XM_0382652801	ENSXNUT00000010599
OG0008467	rna-XM_0018693632	rna-XM_0018693632	rna-XM_0018693632	rna-XM_0018693632	ENSXNUT00000017195
OG0008468	rna-XM_0382496431	rna-XM_0382496431	rna-XM_0382496431	rna-XM_0382496431	ENSXNUT00000018257
OG0008469	rna-XM_0382525591	rna-XM_0382525591	rna-XM_0382525591	rna-XM_0382525591	ENSXNUT00000002606
OG0008470	rna-XM_0382553221	rna-XM_0382553221	rna-XM_0382553221	rna-XM_0382553221	ENSXNUT00000004722
OG0008471	rna-XM_0382524431	rna-XM_0382524431	rna-XM_0382524431	rna-XM_0382524431	ENSXNUT00000016018
OG0008472	rna-XM_0382598511	rna-XM_0382598511	rna-XM_0382598511	rna-XM_0382598511	ENSXNUT00000015662
OG0008473	rna-XM_0382660351	rna-XM_0382660351	rna-XM_0382660351	rna-XM_0382660351	ENSXNUT00000009444
OG0008474	rna-XM_0018694152	rna-XM_0018694152	rna-XM_0018694152	rna-XM_0018694152	ENSXNUT00000007084
OG0008475	rna-XM_0382623771	rna-XM_0382623771	rna-XM_0382623771	rna-XM_0382623771	ENSXNUT00000010958
OG0008476	rna-XM_0382482901	rna-XM_0382482901	rna-XM_0382482901	rna-XM_0382482901	ENSXNUT00000016625
OG0008477	rna-XM_0018694502	rna-XM_0018694502	rna-XM_0018694502	rna-XM_0018694502	ENSXNUT00000003078
OG0008478	rna-XM_0018694512	rna-XM_0018694512	rna-XM_0018694512	rna-XM_0018694512	ENSXNUT00000000211
OG0008479	rna-XM_0018694522	rna-XM_0018694522	rna-XM_0018694522	rna-XM_0018694522	ENSXNUT00000006472
OG0008480	rna-XM_0382584691	rna-XM_0382584691	rna-XM_0382584691	rna-XM_0382584691	ENSXNUT00000002178
OG0008481	rna-XM_0018694492	rna-XM_0018694492	rna-XM_0018694492	rna-XM_0018694492	ENSXNUT00000002800
OG0008482	rna-XM_0382486931	rna-XM_0382486931	rna-XM_0382486931	rna-XM_0382486931	ENSXNUT00000017647
OG0008483	rna-XM_0382573061	rna-XM_0382573061	rna-XM_0382573061	rna-XM_0382573061	ENSXNUT00000005368
OG0008484	rna-XM_0018694592	rna-XM_0018694592	rna-XM_0018694592	rna-XM_0018694592	ENSXNUT00000000743
OG0008485	rna-XM_0382517151	rna-XM_0382517151	rna-XM_0382517151	rna-XM_0382517151	ENSXNUT00000003240
OG0008486	rna-XM_0382616101	rna-XM_0382616101	rna-XM_0382616101	rna-XM_0382616101	ENSXNUT00000010710
OG0008487	rna-XM_0382533801	rna-XM_0382533801	rna-XM_0382533811	rna-XM_0382533801	ENSXNUT00000003839
OG0008488	rna-XM_0018694862	rna-XM_0018694862	rna-XM_0018694862	rna-XM_0018694862	ENSXNUT00000014871
OG0008489	rna-XM_0382519121	rna-XM_0382519121	rna-XM_0382519121	rna-XM_0382519121	ENSXNUT00000004164
OG0008490	rna-XM_0018694982	rna-XM_0018694982	rna-XM_0018694982	rna-XM_0018694982	ENSXNUT00000007069
OG0008491	rna-XM_0382663961	rna-XM_0382663961	rna-XM_0382664011	rna-XM_0382663961	ENSXNUT00000007840
OG0008492	rna-XM_0382623561	rna-XM_0382623561	rna-XM_0382623561	rna-XM_0382623561	ENSXNUT00000011409
OG0008493	rna-XM_0382603411	rna-XM_0382603411	rna-XM_0382603411	rna-XM_0382603411	ENSXNUT00000011143
OG0008494	rna-XM_0382662731	rna-XM_0382662731	rna-XM_0382662731	rna-XM_0382662731	ENSXNUT00000006184
OG0008495	rna-XM_0382662711	rna-XM_0382662711	rna-XM_0382662711	rna-XM_0382662711	ENSXNUT00000007991
OG0008496	rna-XM_0018695232	rna-XM_0018695232	rna-XM_0018695232	rna-XM_0018695232	ENSXNUT00000009933
OG0008497	rna-XM_0382652871	rna-XM_0382652871	rna-XM_0382652871	rna-XM_0382652871	ENSXNUT00000013510
OG0008498	rna-XM_0382546711	rna-XM_0382546711	rna-XM_0382546711	rna-XM_0382546711	ENSXNUT00000002960
OG0008499	rna-XM_0382668421	rna-XM_0382668421	rna-XM_0382668421	rna-XM_0382668421	ENSXNUT00000012040
OG0008500	rna-XM_0382666241	rna-XM_0382666241	rna-XM_0382666241	rna-XM_0382666241	ENSXNUT00000012188
OG0008501	rna-XM_0018695342	rna-XM_0018695342	rna-XM_0018695342	rna-XM_0018695342	ENSXNUT00000015879
OG0008502	rna-XM_0382542061	rna-XM_0382542061	rna-XM_0382542061	rna-XM_0382542061	ENSXNUT00000004328
OG0008503	rna-XM_0018695492	rna-XM_0018695492	rna-XM_0018695492	rna-XM_0018695492	ENSXNUT00000004277
OG0008504	rna-XM_0382481221	rna-XM_0382481221	rna-XM_0382481221	rna-XM_0382481221	ENSXNUT00000014606
OG0008505	rna-XM_0382633951	rna-XM_0382633951	rna-XM_0382633951	rna-XM_0382633951	ENSXNUT00000006455
OG0008506	rna-XM_0382535701	rna-XM_0382535701	rna-XM_0382535701	rna-XM_0382535701	ENSXNUT00000000623
OG0008507	rna-XM_0018695652	rna-XM_0018695652	rna-XM_0018695652	rna-XM_0018695652	ENSXNUT00000004382
OG0008508	rna-XM_0382662751	rna-XM_0382662751	rna-XM_0382662751	rna-XM_0382662751	ENSXNUT00000010942
OG0008509	rna-XM_0018695842	rna-XM_0018695842	rna-XM_0018695842	rna-XM_0018695842	ENSXNUT00000012904
OG0008510	rna-XM_0382602321	rna-XM_0382602321	rna-XM_0382602321	rna-XM_0382602321	ENSXNUT00000015822
OG0008511	rna-XM_0382598141	rna-XM_0382598141	rna-XM_0382598141	rna-XM_0382598141	ENSXNUT00000011818
OG0008512	rna-XM_0382542241	rna-XM_0382542241	rna-XM_0382542241	rna-XM_0382542241	ENSXNUT00000001227
OG0008513	rna-XM_0382573901	rna-XM_0382573901	rna-XM_0382573901	rna-XM_0382573901	ENSXNUT00000004881
OG0008514	rna-XM_0018696252	rna-XM_0018696252	rna-XM_0018696252	rna-XM_0018696252	ENSXNUT00000001120
OG0008515	rna-XM_0018696262	rna-XM_0018696262	rna-XM_0018696262	rna-XM_0018696262	ENSXNUT00000003987
OG0008516	rna-XM_0382537441	rna-XM_0382537441	rna-XM_0382537441	rna-XM_0382537441	ENSXNUT00000002392
OG0008517	rna-XM_0382565001	rna-XM_0382565001	rna-XM_0382565001	rna-XM_0382565001	ENSXNUT00000001119
OG0008518	rna-XM_0018696332	rna-XM_0018696332	rna-XM_0018696332	rna-XM_0018696332	ENSXNUT00000014294
OG0008519	rna-XM_0382583571	rna-XM_0382583571	rna-XM_0382583571	rna-XM_0382583571	ENSXNUT00000001415
OG0008520	rna-XM_0382553701	rna-XM_0382553701	rna-XM_0382553701	rna-XM_0382553701	ENSXNUT00000005029
OG0008521	rna-XM_0018696532	rna-XM_0018696532	rna-XM_0018696532	rna-XM_0018696532	ENSXNUT00000012818
OG0008522	rna-XM_0018696502	rna-XM_0018696502	rna-XM_0018696502	rna-XM_0018696502	ENSXNUT00000005687
OG0008523	rna-XM_0018696492	rna-XM_0018696492	rna-XM_0018696492	rna-XM_0018696492	ENSXNUT00000000594
OG0008524	rna-XM_0018696482	rna-XM_0018696482	rna-XM_0018696482	rna-XM_0018696482	ENSXNUT00000003766
OG0008525	rna-XM_0018696772	rna-XM_0018696772	rna-XM_0018696772	rna-XM_0018696772	ENSXNUT00000016968
OG0008526	rna-XM_0382629331	rna-XM_0382629331	rna-XM_0382629331	rna-XM_0382629331	ENSXNUT00000007898
OG0008527	rna-XM_0382481471	rna-XM_0382481471	rna-XM_0382481471	rna-XM_0382481471	ENSXNUT00000016361
OG0008528	rna-XM_0382632941	rna-XM_0382632941	rna-XM_0382632941	rna-XM_0382632941	ENSXNUT00000009051
OG0008529	rna-XM_0018697002	rna-XM_0018697002	rna-XM_0018697002	rna-XM_0018697002	ENSXNUT00000014040
OG0008530	rna-XM_0382486391	rna-XM_0382486391	rna-XM_0382486391	rna-XM_0382486391	ENSXNUT00000016529
OG0008531	rna-XM_0018697022	rna-XM_0018697022	rna-XM_0018697022	rna-XM_0018697022	ENSXNUT00000014874
OG0008532	rna-XM_0018697072	rna-XM_0018697072	rna-XM_0018697072	rna-XM_0018697072	ENSXNUT00000003364
OG0008533	rna-XM_0382555821	rna-XM_0382555821	rna-XM_0382555821	rna-XM_0382555821	ENSXNUT00000001590
OG0008534	rna-XM_0382514761	rna-XM_0382514761	rna-XM_0382514761	rna-XM_0382514761	ENSXNUT00000004005
OG0008535	rna-XM_0382597231	rna-XM_0382597231	rna-XM_0382597231	rna-XM_0382597231	ENSXNUT00000009421
OG0008536	rna-XM_0382617931	rna-XM_0382617931	rna-XM_0382617931	rna-XM_0382617931	ENSXNUT00000008716
OG0008537	rna-XM_0018675392	rna-XM_0018675392	rna-XM_0018675392	rna-XM_0018675392	ENSXNUT00000008695
OG0008538	rna-XM_0382668991	rna-XM_0382668991	rna-XM_0382668991	rna-XM_0382668991	ENSXNUT00000018852
OG0008539	rna-XM_0382590681	rna-XM_0382590681	rna-XM_0382590681	rna-XM_0382590681	ENSXNUT00000014622
OG0008540	rna-XM_0382589681	rna-XM_0382589681	rna-XM_0382589681	rna-XM_0382589681	ENSXNUT00000008700
OG0008541	rna-XM_0382491881	rna-XM_0382491881	rna-XM_0382491881	rna-XM_0382491881	ENSXNUT00000013973
OG0008542	rna-XM_0382498701	rna-XM_0382498701	rna-XM_0382498701	rna-XM_0382498701	ENSXNUT00000014235
OG0008543	rna-XM_0382488761	rna-XM_0382488761	rna-XM_0382488761	rna-XM_0382488761	ENSXNUT00000014110
OG0008544	rna-XM_0018697652	rna-XM_0018697652	rna-XM_0018697652	rna-XM_0018697652	ENSXNUT00000016730
OG0008545	rna-XM_0018697692	rna-XM_0018697692	rna-XM_0018697692	rna-XM_0018697692	ENSXNUT00000013919
OG0008546	rna-XM_0382490921	rna-XM_0382490921	rna-XM_0382490921	rna-XM_0382490921	ENSXNUT00000012868
OG0008547	rna-XM_0382620971	rna-XM_0382620971	rna-XM_0382620971	rna-XM_0382620971	ENSXNUT00000015778
OG0008548	rna-XM_0382645841	rna-XM_0382645841	rna-XM_0382645841	rna-XM_0382645841	ENSXNUT00000015217
OG0008549	rna-XM_0018697942	rna-XM_0018697942	rna-XM_0018697942	rna-XM_0018697942	ENSXNUT00000002637
OG0008550	rna-XM_0018698042	rna-XM_0018698042	rna-XM_0382542151	rna-XM_0018698042	ENSXNUT00000004967
OG0008551	rna-XM_0018698082	rna-XM_0018698082	rna-XM_0018698082	rna-XM_0018698082	ENSXNUT00000004103
OG0008552	rna-XM_0018698182	rna-XM_0018698182	rna-XM_0018698182	rna-XM_0018698182	ENSXNUT00000004989
OG0008553	rna-XM_0382516961	rna-XM_0382516961	rna-XM_0382516961	rna-XM_0382517241	ENSXNUT00000017336
OG0008554	rna-XM_0382485461	rna-XM_0382485461	rna-XM_0382485461	rna-XM_0382485461	ENSXNUT00000017223
OG0008555	rna-XM_0382669691	rna-XM_0382669691	rna-XM_0382669691	rna-XM_0382669691	ENSXNUT00000016883
OG0008556	rna-XM_0382665101	rna-XM_0382665101	rna-XM_0382665101	rna-XM_0382665101	ENSXNUT00000014297
OG0008557	rna-XM_0382532751	rna-XM_0382532751	rna-XM_0382532751	rna-XM_0382532751	ENSXNUT00000002270
OG0008558	rna-XM_0382559331	rna-XM_0382559331	rna-XM_0382559331	rna-XM_0382559331	ENSXNUT00000001972
OG0008559	rna-XM_0382557401	rna-XM_0382557401	rna-XM_0382557401	rna-XM_0382557401	ENSXNUT00000004355
OG0008560	rna-XM_0382559021	rna-XM_0382559021	rna-XM_0382559021	rna-XM_0382559021	ENSXNUT00000011599
OG0008561	rna-XM_0382550951	rna-XM_0382550951	rna-XM_0382550951	rna-XM_0382550951	ENSXNUT00000006332
OG0008562	rna-XM_0382597301	rna-XM_0382597301	rna-XM_0382597301	rna-XM_0382597301	ENSXNUT00000014307
OG0008563	rna-XM_0382555271	rna-XM_0382555271	rna-XM_0382555271	rna-XM_0382555271	ENSXNUT00000004911
OG0008564	rna-XM_0382669451	rna-XM_0382669451	rna-XM_0382669451	rna-XM_0382669451	ENSXNUT00000016395
OG0008565	rna-XM_0382668771	rna-XM_0382668771	rna-XM_0382668771	rna-XM_0382668771	ENSXNUT00000015732
OG0008567	rna-XM_0018698902	rna-XM_0018698902	rna-XM_0018698902	rna-XM_0018698902	ENSXNUT00000010684
OG0008568	rna-XM_0018698922	rna-XM_0018698922	rna-XM_0018698922	rna-XM_0018698922	ENSXNUT00000012299
OG0008569	rna-XM_0382578661	rna-XM_0382578661	rna-XM_0382578661	rna-XM_0382578661	ENSXNUT00000004327
OG0008570	rna-XM_0382551571	rna-XM_0382551571	rna-XM_0382551571	rna-XM_0382551571	ENSXNUT00000003746
OG0008571	rna-XM_0382545541	rna-XM_0382545541	rna-XM_0382545541	rna-XM_0382545541	ENSXNUT00000005834
OG0008572	rna-XM_0018629602	rna-XM_0018629602	rna-XM_0018629602	rna-XM_0018629602	ENSXNUT00000006590
OG0008573	rna-XM_0382617201	rna-XM_0382617201	rna-XM_0382617201	rna-XM_0382617201	ENSXNUT00000008455
OG0008574	rna-XM_0382545691	rna-XM_0382545691	rna-XM_0382545691	rna-XM_0382545691	ENSXNUT00000004102
OG0008575	rna-XM_0018699422	rna-XM_0018699422	rna-XM_0018699422	rna-XM_0018699422	ENSXNUT00000002719
OG0008576	rna-XM_0018699462	rna-XM_0018699462	rna-XM_0018699462	rna-XM_0018699462	ENSXNUT00000004803
OG0008577	rna-XM_0382621601	rna-XM_0382621601	rna-XM_0382621601	rna-XM_0382621601	ENSXNUT00000009315
OG0008578	rna-XM_0382657981	rna-XM_0382657981	rna-XM_0382657981	rna-XM_0382657981	ENSXNUT00000008658
OG0008579	rna-XM_0382662161	rna-XM_0382662161	rna-XM_0382662161	rna-XM_0382662161	ENSXNUT00000007870
OG0008580	rna-XM_0018699792	rna-XM_0018699792	rna-XM_0018699792	rna-XM_0018699792	ENSXNUT00000009660
OG0008581	rna-XM_0382602631	rna-XM_0382602631	rna-XM_0382602631	rna-XM_0382602631	ENSXNUT00000006234
OG0008582	rna-XM_0382640061	rna-XM_0382640061	rna-XM_0382640061	rna-XM_0382640061	ENSXNUT00000014415
OG0008583	rna-XM_0382635141	rna-XM_0382635141	rna-XM_0382635141	rna-XM_0382635141	ENSXNUT00000016626
OG0008584	rna-XM_0018700042	rna-XM_0018700042	rna-XM_0018700042	rna-XM_0018700042	ENSXNUT00000006763
OG0008585	rna-XM_0382531591	rna-XM_0382531591	rna-XM_0382531591	rna-XM_0382531591	ENSXNUT00000004976
OG0008586	rna-XM_0382548271	rna-XM_0382548271	rna-XM_0382548271	rna-XM_0382548271	ENSXNUT00000000367
OG0008587	rna-XM_0382664121	rna-XM_0382664121	rna-XM_0382664121	rna-XM_0382664121	ENSXNUT00000016479
OG0008588	rna-XM_0018700252	rna-XM_0018700252	rna-XM_0018700252	rna-XM_0018700252	ENSXNUT00000000787
OG0008589	rna-XM_0018700242	rna-XM_0018700242	rna-XM_0018700242	rna-XM_0018700242	ENSXNUT00000000794
OG0008590	rna-XM_0382602331	rna-XM_0382602331	rna-XM_0382602331	rna-XM_0382602331	ENSXNUT00000011172
OG0008591	rna-XM_0382642061	rna-XM_0382642061	rna-XM_0382642061	rna-XM_0382642061	ENSXNUT00000016040
OG0008592	rna-XM_0382638291	rna-XM_0382638291	rna-XM_0382638291	rna-XM_0382638291	ENSXNUT00000011180
OG0008593	rna-XM_0382657221	rna-XM_0382657221	rna-XM_0382657221	rna-XM_0382657221	ENSXNUT00000011212
OG0008594	rna-XM_0382600121	rna-XM_0382600151	rna-XM_0382600121	rna-XM_0382600121	ENSXNUT00000014587
OG0008595	rna-XM_0382645701	rna-XM_0382645701	rna-XM_0382645701	rna-XM_0382645701	ENSXNUT00000007818
OG0008596	rna-XM_0018700562	rna-XM_0018700562	rna-XM_0018700562	rna-XM_0018700562	ENSXNUT00000013237
OG0008597	rna-XM_0382546371	rna-XM_0382546371	rna-XM_0382546371	rna-XM_0382546371	ENSXNUT00000005329
OG0008598	rna-XM_0018700702	rna-XM_0018700702	rna-XM_0018700702	rna-XM_0018700702	ENSXNUT00000003131
OG0008599	rna-XM_0018700792	rna-XM_0018700792	rna-XM_0018700792	rna-XM_0018700792	ENSXNUT00000013904
OG0008600	rna-XM_0018700782	rna-XM_0018700782	rna-XM_0018700782	rna-XM_0018700782	ENSXNUT00000009585
OG0008601	rna-XM_0382488571	rna-XM_0382488571	rna-XM_0382488571	rna-XM_0382488571	ENSXNUT00000018709
OG0008602	rna-XM_0018700932	rna-XM_0018700932	rna-XM_0018700932	rna-XM_0018700932	ENSXNUT00000009428
OG0008603	rna-XM_0382529871	rna-XM_0382529871	rna-XM_0382529871	rna-XM_0382529871	ENSXNUT00000004326
OG0008604	rna-XM_0382526171	rna-XM_0382526171	rna-XM_0382526171	rna-XM_0382526171	ENSXNUT00000005304
OG0008605	rna-XM_0382488171	rna-XM_0382488171	rna-XM_0382488171	rna-XM_0382488171	ENSXNUT00000015280
OG0008606	rna-XM_0382636671	rna-XM_0382636671	rna-XM_0382636681	rna-XM_0382636671	ENSXNUT00000017017
OG0008607	rna-XM_0382665271	rna-XM_0382665271	rna-XM_0382665271	rna-XM_0382665271	ENSXNUT00000016615
OG0008608	rna-XM_0382521771	rna-XM_0382521771	rna-XM_0382521781	rna-XM_0382521771	ENSXNUT00000001845
OG0008609	rna-XM_0382521241	rna-XM_0382521241	rna-XM_0382521241	rna-XM_0382521241	ENSXNUT00000003821
OG0008610	rna-XM_0382530281	rna-XM_0382530281	rna-XM_0382530281	rna-XM_0382530281	ENSXNUT00000001330
OG0008611	rna-XM_0382537991	rna-XM_0382537991	rna-XM_0382537991	rna-XM_0382537991	ENSXNUT00000001361
OG0008612	rna-XM_0382503491	rna-XM_0382503491	rna-XM_0382503491	rna-XM_0382503491	ENSXNUT00000002739
OG0008613	rna-XM_0382646701	rna-XM_0382646701	rna-XM_0382646701	rna-XM_0382646701	ENSXNUT00000009776
OG0008614	rna-XM_0382580031	rna-XM_0382580031	rna-XM_0382580031	rna-XM_0382580031	ENSXNUT00000001700
OG0008615	rna-XM_0382560151	rna-XM_0382560151	rna-XM_0382560151	rna-XM_0382560151	ENSXNUT00000012004
OG0008616	rna-XM_0382657601	rna-XM_0382657601	rna-XM_0382657601	rna-XM_0382657601	ENSXNUT00000009498
OG0008617	rna-XM_0382501771	rna-XM_0382501771	rna-XM_0382501771	rna-XM_0382501771	ENSXNUT00000000550
OG0008618	rna-XM_0382582881	rna-XM_0382582881	rna-XM_0382582881	rna-XM_0382582881	ENSXNUT00000018949
OG0008619	rna-XM_0382668571	rna-XM_0382668571	rna-XM_0382668571	rna-XM_0382668571	ENSXNUT00000018379
OG0008620	rna-XM_0382550161	rna-XM_0382550161	rna-XM_0382550161	rna-XM_0382550161	ENSXNUT00000003341
OG0008621	rna-XM_0018701942	rna-XM_0018701942	rna-XM_0018701942	rna-XM_0018701942	ENSXNUT00000011962
OG0008622	rna-XM_0382646891	rna-XM_0382646891	rna-XM_0382646891	rna-XM_0382646891	ENSXNUT00000008939
OG0008623	rna-XM_0382608551	rna-XM_0382608551	rna-XM_0382608551	rna-XM_0382608551	ENSXNUT00000015878
OG0008624	rna-XM_0382566281	rna-XM_0382566281	rna-XM_0382566281	rna-XM_0382566281	ENSXNUT00000017525
OG0008625	rna-XM_0382574291	rna-XM_0382574291	rna-XM_0382574291	rna-XM_0382574291	ENSXNUT00000000031
OG0008626	rna-XM_0382628111	rna-XM_0382628111	rna-XM_0382628111	rna-XM_0382628111	ENSXNUT00000011555
OG0008627	rna-XM_0382623581	rna-XM_0382623581	rna-XM_0382623581	rna-XM_0382623581	ENSXNUT00000014899
OG0008628	rna-XM_0382536671	rna-XM_0382536671	rna-XM_0382536671	rna-XM_0382536671	ENSXNUT00000002299
OG0008629	rna-XM_0382664701	rna-XM_0382664701	rna-XM_0382664701	rna-XM_0382664701	ENSXNUT00000018055
OG0008630	rna-XM_0382512751	rna-XM_0382512751	rna-XM_0382512751	rna-XM_0382512751	ENSXNUT00000005748
OG0008631	rna-XM_0382526201	rna-XM_0382526201	rna-XM_0382526201	rna-XM_0382526201	ENSXNUT00000000222
OG0008632	rna-XM_0018702882	rna-XM_0018702882	rna-XM_0018702882	rna-XM_0018702882	ENSXNUT00000008241
OG0008633	rna-XM_0382569851	rna-XM_0382569851	rna-XM_0382569851	rna-XM_0382569851	ENSXNUT00000016281
OG0008634	rna-XM_0382493131	rna-XM_0382493131	rna-XM_0382493131	rna-XM_0382493131	ENSXNUT00000013513
OG0008635	rna-XM_0018703152	rna-XM_0018703152	rna-XM_0018703152	rna-XM_0018703152	ENSXNUT00000003108
OG0008636	rna-XM_0382553301	rna-XM_0382553301	rna-XM_0382553301	rna-XM_0382553301	ENSXNUT00000003678
OG0008637	rna-XM_0382528301	rna-XM_0382528301	rna-XM_0382528301	rna-XM_0382528301	ENSXNUT00000003780
OG0008638	rna-XM_0382563581	rna-XM_0382563581	rna-XM_0382563581	rna-XM_0382563581	ENSXNUT00000005363
OG0008639	rna-XM_0382626181	rna-XM_0382626181	rna-XM_0382626181	rna-XM_0382626181	ENSXNUT00000013145
OG0008640	rna-XM_0382646811	rna-XM_0382646811	rna-XM_0382646811	rna-XM_0382646811	ENSXNUT00000012998
OG0008641	rna-XM_0382526081	rna-XM_0382526081	rna-XM_0382526081	rna-XM_0382526081	ENSXNUT00000000040
OG0008642	rna-XM_0382633571	rna-XM_0382633571	rna-XM_0382633571	rna-XM_0382633571	ENSXNUT00000011191
OG0008643	rna-XM_0382589071	rna-XM_0382589071	rna-XM_0382589071	rna-XM_0382589071	ENSXNUT00000017068
OG0008644	rna-XM_0382589041	rna-XM_0382589041	rna-XM_0382589041	rna-XM_0382589041	ENSXNUT00000011828
OG0008645	rna-XM_0382608101	rna-XM_0382608101	rna-XM_0382608101	rna-XM_0382608101	ENSXNUT00000013547
OG0008646	rna-XM_0382666411	rna-XM_0382666411	rna-XM_0382666411	rna-XM_0382666411	ENSXNUT00000014198
OG0008647	rna-XM_0018703932	rna-XM_0018703932	rna-XM_0018703932	rna-XM_0018703932	ENSXNUT00000018865
OG0008648	rna-XM_0382565951	rna-XM_0382565961	rna-XM_0382565951	rna-XM_0382565951	ENSXNUT00000001184
OG0008649	rna-XM_0382620871	rna-XM_0382620871	rna-XM_0382620871	rna-XM_0382620871	ENSXNUT00000008314
OG0008650	rna-XM_0382589401	rna-XM_0382589401	rna-XM_0382589401	rna-XM_0382589401	ENSXNUT00000011847
OG0008651	rna-XM_0018704102	rna-XM_0018704102	rna-XM_0018704102	rna-XM_0018704102	ENSXNUT00000015792
OG0008652	rna-XM_0018704152	rna-XM_0018704152	rna-XM_0018704152	rna-XM_0018704152	ENSXNUT00000005412
OG0008653	rna-XM_0382644521	rna-XM_0382644521	rna-XM_0382644521	rna-XM_0382644521	ENSXNUT00000017156
OG0008654	rna-XM_0382525021	rna-XM_0382525021	rna-XM_0382525021	rna-XM_0382525021	ENSXNUT00000004753
OG0008655	rna-XM_0382519391	rna-XM_0382519391	rna-XM_0382519391	rna-XM_0382519391	ENSXNUT00000002665
OG0008656	rna-XM_0382660361	rna-XM_0382660361	rna-XM_0382660361	rna-XM_0382660361	ENSXNUT00000009073
OG0008657	rna-XM_0382495501	rna-XM_0382495501	rna-XM_0382495501	rna-XM_0382495501	ENSXNUT00000015364
OG0008658	rna-XM_0382619321	rna-XM_0382619321	rna-XM_0382619321	rna-XM_0382619321	ENSXNUT00000007901
OG0008659	rna-XM_0382668021	rna-XM_0382668021	rna-XM_0382668021	rna-XM_0382668021	ENSXNUT00000013500
OG0008660	rna-XM_0382627601	rna-XM_0382627601	rna-XM_0382627601	rna-XM_0382627601	ENSXNUT00000007983
OG0008661	rna-XM_0382501871	rna-XM_0382501871	rna-XM_0382501871	rna-XM_0382501871	ENSXNUT00000001952
OG0008662	rna-XM_0382634031	rna-XM_0382634031	rna-XM_0382634031	rna-XM_0382634031	ENSXNUT00000006782
OG0008663	rna-XM_0382606941	rna-XM_0382606941	rna-XM_0382606941	rna-XM_0382606941	ENSXNUT00000012974
OG0008664	rna-XM_0382532541	rna-XM_0382532541	rna-XM_0382532541	rna-XM_0382532541	ENSXNUT00000001888
OG0008665	rna-XM_0382620171	rna-XM_0382620171	rna-XM_0382620171	rna-XM_0382620171	ENSXNUT00000010369
OG0008666	rna-XM_0382626501	rna-XM_0382626501	rna-XM_0382626501	rna-XM_0382626501	ENSXNUT00000006072
OG0008667	rna-XM_0382601511	rna-XM_0382601511	rna-XM_0382601511	rna-XM_0382601511	ENSXNUT00000010097
OG0008668	rna-XM_0382664851	rna-XM_0382664851	rna-XM_0382664851	rna-XM_0382664851	ENSXNUT00000012335
OG0008669	rna-XM_0382483381	rna-XM_0382483381	rna-XM_0382483381	rna-XM_0382483381	ENSXNUT00000012795
OG0008670	rna-XM_0382629841	rna-XM_0382629841	rna-XM_0382629841	rna-XM_0382629841	ENSXNUT00000011769
OG0008671	rna-XM_0018706132	rna-XM_0018706132	rna-XM_0018706132	rna-XM_0018706132	ENSXNUT00000011609
OG0008672	rna-XM_0382630841	rna-XM_0382630841	rna-XM_0382630841	rna-XM_0382630841	ENSXNUT00000006884
OG0008673	rna-XM_0382552151	rna-XM_0382552151	rna-XM_0382552151	rna-XM_0382552151	ENSXNUT00000010574
OG0008674	rna-XM_0382671021	rna-XM_0382671021	rna-XM_0382671021	rna-XM_0382671021	ENSXNUT00000018325
OG0008675	rna-XM_0382671041	rna-XM_0382671041	rna-XM_0382671041	rna-XM_0382671041	ENSXNUT00000014482
OG0008676	rna-XM_0018709602	rna-XM_0018709602	rna-XM_0018709602	rna-XM_0018709602	ENSXNUT00000016079
OG0008677	rna-XM_0018709652	rna-XM_0018709652	rna-XM_0018709652	rna-XM_0018709652	ENSXNUT00000014740
OG0008678	rna-XM_0382589441	rna-XM_0382589441	rna-XM_0382589441	rna-XM_0382589441	ENSXNUT00000012652
OG0008679	rna-XM_0382595161	rna-XM_0382595161	rna-XM_0382595161	rna-XM_0382595161	ENSXNUT00000017658
OG0008680	rna-XM_0382670551	rna-XM_0382670551	rna-XM_0382670551	rna-XM_0382670551	ENSXNUT00000015189
OG0008681	rna-XM_0382611541	rna-XM_0382611541	rna-XM_0382611541	rna-XM_0382611541	ENSXNUT00000015502
OG0008682	rna-XM_0382669441	rna-XM_0382669441	rna-XM_0382669441	rna-XM_0382669441	ENSXNUT00000018087
