Family ID	Desc	Cx_molestus	Cx_pallens	Cx_pipiens	Cx_quinquefasciatus	Cx_tarsalis
OG0000000	OG0000000	28	26	27	33	1
OG0000001	OG0000001	13	15	15	16	0
OG0000002	OG0000002	11	12	11	15	1
OG0000003	OG0000003	8	9	9	10	5
OG0000004	OG0000004	8	8	8	8	7
OG0000005	OG0000005	7	8	8	8	6
OG0000006	OG0000006	7	7	9	13	1
OG0000007	OG0000007	9	9	9	9	1
OG0000008	OG0000008	7	8	6	8	7
OG0000009	OG0000009	6	8	7	14	0
OG0000010	OG0000010	10	6	8	0	11
OG0000011	OG0000011	9	4	8	10	3
OG0000012	OG0000012	7	7	8	11	1
OG0000013	OG0000013	8	7	7	9	1
OG0000014	OG0000014	5	3	3	10	8
OG0000015	OG0000015	7	5	4	11	1
OG0000016	OG0000016	5	4	5	7	7
OG0000017	OG0000017	7	5	7	7	1
OG0000018	OG0000018	6	5	7	7	2
OG0000019	OG0000019	9	7	7	4	0
OG0000020	OG0000020	7	7	6	7	0
OG0000021	OG0000021	7	6	5	8	1
OG0000022	OG0000022	6	5	6	8	1
OG0000023	OG0000023	5	2	6	11	2
OG0000024	OG0000024	6	4	6	9	1
OG0000025	OG0000025	7	5	6	7	1
OG0000026	OG0000026	6	5	7	8	0
OG0000027	OG0000027	6	7	5	7	1
OG0000028	OG0000028	1	1	0	0	23
OG0000029	OG0000029	4	6	7	7	1
OG0000030	OG0000030	5	5	4	5	6
OG0000031	OG0000031	5	5	5	5	5
OG0000032	OG0000032	3	7	7	7	1
OG0000033	OG0000033	5	6	5	8	1
OG0000034	OG0000034	3	3	3	8	7
OG0000035	OG0000035	5	5	5	5	4
OG0000036	OG0000036	5	5	5	5	4
OG0000037	OG0000037	6	6	6	6	0
OG0000038	OG0000038	6	5	6	6	1
OG0000039	OG0000039	6	5	6	6	1
OG0000040	OG0000040	6	6	5	6	1
OG0000041	OG0000041	6	6	5	5	1
OG0000042	OG0000042	6	4	5	4	4
OG0000043	OG0000043	3	5	5	5	5
OG0000044	OG0000044	5	5	3	5	5
OG0000045	OG0000045	5	3	5	7	2
OG0000046	OG0000046	5	6	4	6	1
OG0000047	OG0000047	5	5	4	5	3
OG0000048	OG0000048	6	4	5	6	1
OG0000049	OG0000049	5	4	5	7	1
OG0000050	OG0000050	4	5	5	7	1
OG0000051	OG0000051	0	0	7	7	7
OG0000052	OG0000052	4	4	4	5	4
OG0000053	OG0000053	5	5	4	6	1
OG0000054	OG0000054	5	5	4	5	1
OG0000055	OG0000055	4	6	4	5	1
OG0000056	OG0000056	4	5	5	5	1
OG0000057	OG0000057	5	5	4	5	1
OG0000058	OG0000058	3	3	5	8	1
OG0000059	OG0000059	5	5	4	6	0
OG0000060	OG0000060	5	5	4	5	1
OG0000061	OG0000061	5	4	4	6	1
OG0000062	OG0000062	5	3	5	5	1
OG0000063	OG0000063	5	4	5	4	1
OG0000064	OG0000064	5	3	5	5	1
OG0000065	OG0000065	4	5	4	5	1
OG0000066	OG0000066	4	2	4	3	6
OG0000067	OG0000067	3	5	5	5	1
OG0000068	OG0000068	5	4	4	5	1
OG0000069	OG0000069	4	4	5	5	1
OG0000070	OG0000070	3	4	4	4	4
OG0000071	OG0000071	5	4	4	6	0
OG0000072	OG0000072	3	3	3	5	5
OG0000073	OG0000073	4	3	4	5	2
OG0000074	OG0000074	3	5	4	5	1
OG0000075	OG0000075	4	3	3	6	2
OG0000076	OG0000076	4	4	4	5	1
OG0000077	OG0000077	5	4	3	5	1
OG0000078	OG0000078	4	4	4	3	3
OG0000079	OG0000079	4	3	5	5	1
OG0000080	OG0000080	4	5	4	5	0
OG0000081	OG0000081	4	4	5	5	0
OG0000082	OG0000082	3	2	4	8	1
OG0000083	OG0000083	3	3	2	9	1
OG0000084	OG0000084	4	1	3	6	3
OG0000085	OG0000085	4	4	4	4	1
OG0000086	OG0000086	2	5	3	6	1
OG0000087	OG0000087	4	4	4	4	1
OG0000088	OG0000088	3	4	3	4	3
OG0000089	OG0000089	3	2	4	6	2
OG0000090	OG0000090	3	3	5	5	1
OG0000091	OG0000091	4	4	4	4	1
OG0000092	OG0000092	4	4	5	4	0
OG0000093	OG0000093	4	4	4	4	1
OG0000094	OG0000094	4	4	4	4	1
OG0000095	OG0000095	3	4	4	4	2
OG0000096	OG0000096	8	4	3	0	1
OG0000097	OG0000097	4	2	4	4	2
OG0000098	OG0000098	3	3	3	3	4
OG0000099	OG0000099	3	3	3	5	2
OG0000100	OG0000100	1	1	4	6	4
OG0000101	OG0000101	3	4	4	4	1
OG0000102	OG0000102	4	3	4	4	1
OG0000103	OG0000103	3	4	4	4	1
OG0000104	OG0000104	2	4	4	5	1
OG0000105	OG0000105	3	4	4	4	1
OG0000106	OG0000106	4	4	4	3	1
OG0000107	OG0000107	4	3	4	4	1
OG0000108	OG0000108	4	4	4	4	0
OG0000109	OG0000109	3	3	3	4	3
OG0000110	OG0000110	6	5	5	0	0
OG0000111	OG0000111	4	4	4	4	0
OG0000112	OG0000112	4	4	4	4	0
OG0000113	OG0000113	4	4	4	4	0
OG0000114	OG0000114	2	4	4	5	1
OG0000115	OG0000115	2	4	3	4	3
OG0000116	OG0000116	4	4	3	4	1
OG0000117	OG0000117	3	3	4	4	1
OG0000118	OG0000118	3	3	3	5	1
OG0000119	OG0000119	3	3	3	3	3
OG0000120	OG0000120	2	5	3	2	3
OG0000121	OG0000121	4	2	4	4	1
OG0000122	OG0000122	3	3	4	4	1
OG0000123	OG0000123	2	3	3	6	1
OG0000124	OG0000124	2	3	4	5	1
OG0000125	OG0000125	2	4	2	5	2
OG0000126	OG0000126	4	4	3	4	0
OG0000127	OG0000127	4	3	4	4	0
OG0000128	OG0000128	1	5	1	8	0
OG0000129	OG0000129	3	3	3	3	3
OG0000130	OG0000130	4	2	3	4	2
OG0000131	OG0000131	2	3	2	6	2
OG0000132	OG0000132	4	3	3	4	1
OG0000133	OG0000133	4	4	2	4	1
OG0000134	OG0000134	3	4	3	4	1
OG0000135	OG0000135	4	3	3	4	1
OG0000136	OG0000136	3	3	3	3	3
OG0000137	OG0000137	3	4	2	6	0
OG0000138	OG0000138	3	4	3	4	1
OG0000139	OG0000139	3	4	3	5	0
OG0000140	OG0000140	3	3	3	3	2
OG0000141	OG0000141	3	4	3	3	1
OG0000142	OG0000142	3	2	4	4	1
OG0000143	OG0000143	3	4	3	3	1
OG0000144	OG0000144	3	2	4	4	1
OG0000145	OG0000145	2	4	2	5	1
OG0000146	OG0000146	4	2	3	4	1
OG0000147	OG0000147	2	4	3	4	1
OG0000148	OG0000148	2	3	2	3	4
OG0000149	OG0000149	3	2	2	6	1
OG0000150	OG0000150	3	3	2	2	4
OG0000151	OG0000151	3	3	3	4	1
OG0000152	OG0000152	3	3	3	4	1
OG0000153	OG0000153	3	2	4	4	1
OG0000154	OG0000154	3	3	3	3	2
OG0000155	OG0000155	3	3	3	3	2
OG0000156	OG0000156	3	3	3	4	1
OG0000157	OG0000157	3	3	3	4	1
OG0000158	OG0000158	1	4	4	4	1
OG0000159	OG0000159	3	3	2	3	2
OG0000160	OG0000160	3	3	3	3	1
OG0000161	OG0000161	3	3	3	2	2
OG0000162	OG0000162	3	3	2	3	2
OG0000163	OG0000163	2	2	2	4	3
OG0000164	OG0000164	3	2	3	4	1
OG0000165	OG0000165	3	3	3	3	1
OG0000166	OG0000166	4	2	2	4	1
OG0000167	OG0000167	3	3	3	3	1
OG0000168	OG0000168	3	3	3	3	1
OG0000169	OG0000169	3	3	3	3	1
OG0000170	OG0000170	3	3	3	3	1
OG0000171	OG0000171	3	3	3	3	1
OG0000172	OG0000172	3	3	3	3	1
OG0000173	OG0000173	3	3	3	3	1
OG0000174	OG0000174	3	3	3	3	1
OG0000175	OG0000175	3	3	3	3	1
OG0000176	OG0000176	3	3	3	3	1
OG0000177	OG0000177	3	3	3	3	1
OG0000178	OG0000178	2	3	3	4	1
OG0000179	OG0000179	3	3	3	3	1
OG0000180	OG0000180	3	3	3	3	1
OG0000181	OG0000181	3	2	3	4	1
OG0000182	OG0000182	3	3	3	3	1
OG0000183	OG0000183	2	3	3	4	1
OG0000184	OG0000184	3	3	3	3	1
OG0000185	OG0000185	2	3	2	5	1
OG0000186	OG0000186	3	3	3	3	1
OG0000187	OG0000187	3	3	3	3	1
OG0000188	OG0000188	3	3	3	3	1
OG0000189	OG0000189	3	3	3	3	1
OG0000190	OG0000190	2	3	3	4	1
OG0000191	OG0000191	4	2	3	4	0
OG0000192	OG0000192	3	3	3	3	1
OG0000193	OG0000193	3	4	2	4	0
OG0000194	OG0000194	3	3	3	3	1
OG0000195	OG0000195	3	3	3	4	0
OG0000196	OG0000196	2	2	3	3	3
OG0000197	OG0000197	2	2	3	5	1
OG0000198	OG0000198	3	3	3	3	1
OG0000199	OG0000199	4	1	4	4	0
OG0000200	OG0000200	3	3	4	3	0
OG0000201	OG0000201	3	3	3	3	1
OG0000202	OG0000202	3	3	3	3	1
OG0000203	OG0000203	3	3	3	3	1
OG0000204	OG0000204	3	3	3	3	1
OG0000205	OG0000205	1	4	3	4	1
OG0000206	OG0000206	2	2	3	5	1
OG0000207	OG0000207	3	3	3	3	1
OG0000208	OG0000208	3	3	3	3	1
OG0000209	OG0000209	3	3	3	4	0
OG0000210	OG0000210	2	2	4	4	0
OG0000211	OG0000211	1	1	1	5	4
OG0000212	OG0000212	3	3	2	3	1
OG0000213	OG0000213	2	4	0	4	2
OG0000214	OG0000214	2	3	3	3	1
OG0000215	OG0000215	2	3	2	2	3
OG0000216	OG0000216	3	2	3	3	1
OG0000217	OG0000217	2	3	3	3	1
OG0000218	OG0000218	1	1	1	4	5
OG0000219	OG0000219	3	3	3	2	1
OG0000220	OG0000220	2	3	3	3	1
OG0000221	OG0000221	2	3	3	3	1
OG0000222	OG0000222	3	2	2	3	2
OG0000223	OG0000223	3	3	2	3	1
OG0000224	OG0000224	3	2	2	3	2
OG0000225	OG0000225	2	2	2	2	4
OG0000226	OG0000226	2	3	3	3	1
OG0000227	OG0000227	2	3	3	3	1
OG0000228	OG0000228	3	3	2	3	1
OG0000229	OG0000229	2	2	2	3	3
OG0000230	OG0000230	2	3	3	3	1
OG0000231	OG0000231	3	2	2	4	1
OG0000232	OG0000232	3	3	2	4	0
OG0000233	OG0000233	3	3	3	3	0
OG0000234	OG0000234	3	3	3	2	1
OG0000235	OG0000235	2	3	3	4	0
OG0000236	OG0000236	2	4	2	4	0
OG0000237	OG0000237	4	3	1	2	2
OG0000238	OG0000238	3	3	3	3	0
OG0000239	OG0000239	2	4	1	4	1
OG0000240	OG0000240	3	3	3	3	0
OG0000241	OG0000241	3	2	2	3	2
OG0000242	OG0000242	3	2	3	3	1
OG0000243	OG0000243	2	3	2	5	0
OG0000244	OG0000244	3	3	2	3	1
OG0000245	OG0000245	2	2	3	4	1
OG0000246	OG0000246	2	3	3	3	1
OG0000247	OG0000247	2	3	3	3	1
OG0000248	OG0000248	2	3	3	3	1
OG0000249	OG0000249	2	2	3	4	1
OG0000250	OG0000250	3	2	2	4	1
OG0000251	OG0000251	3	2	3	3	1
OG0000252	OG0000252	3	3	2	3	1
OG0000253	OG0000253	2	3	3	3	1
OG0000254	OG0000254	3	3	3	3	0
OG0000255	OG0000255	3	2	3	3	1
OG0000256	OG0000256	3	3	3	3	0
OG0000257	OG0000257	2	3	3	3	1
OG0000258	OG0000258	3	2	3	3	1
OG0000259	OG0000259	2	3	3	3	1
OG0000260	OG0000260	3	2	3	3	1
OG0000261	OG0000261	3	2	3	3	1
OG0000262	OG0000262	3	2	3	3	1
OG0000263	OG0000263	2	2	2	2	3
OG0000264	OG0000264	2	2	2	2	3
OG0000265	OG0000265	3	3	2	3	0
OG0000266	OG0000266	2	2	3	3	1
OG0000267	OG0000267	3	2	2	3	1
OG0000268	OG0000268	3	2	2	2	2
OG0000269	OG0000269	3	2	1	4	1
OG0000270	OG0000270	2	3	2	3	1
OG0000271	OG0000271	2	3	2	3	1
OG0000272	OG0000272	3	2	2	2	2
OG0000273	OG0000273	3	2	2	3	1
OG0000274	OG0000274	3	3	3	1	1
OG0000275	OG0000275	3	1	3	3	1
OG0000276	OG0000276	2	3	2	3	1
OG0000277	OG0000277	1	3	3	3	1
OG0000278	OG0000278	2	3	2	3	1
OG0000279	OG0000279	2	2	3	3	1
OG0000280	OG0000280	2	2	3	3	1
OG0000281	OG0000281	2	2	3	3	1
OG0000282	OG0000282	2	2	1	6	0
OG0000283	OG0000283	3	2	3	3	0
OG0000284	OG0000284	3	2	2	3	1
OG0000285	OG0000285	3	2	2	3	1
OG0000286	OG0000286	2	2	2	3	2
OG0000287	OG0000287	2	3	3	3	0
OG0000288	OG0000288	3	1	3	3	1
OG0000289	OG0000289	2	3	3	3	0
OG0000290	OG0000290	3	2	2	4	0
OG0000291	OG0000291	3	2	3	3	0
OG0000292	OG0000292	2	2	4	2	1
OG0000293	OG0000293	2	3	2	3	1
OG0000294	OG0000294	1	2	2	2	4
OG0000295	OG0000295	1	2	1	7	0
OG0000296	OG0000296	1	1	5	4	0
OG0000297	OG0000297	1	3	3	3	1
OG0000298	OG0000298	3	3	2	3	0
OG0000299	OG0000299	2	3	2	3	1
OG0000300	OG0000300	2	1	3	4	1
OG0000301	OG0000301	2	2	3	3	1
OG0000302	OG0000302	2	2	3	3	1
OG0000303	OG0000303	2	2	3	3	1
OG0000304	OG0000304	2	2	3	3	1
OG0000305	OG0000305	2	3	3	3	0
OG0000306	OG0000306	1	2	1	5	2
OG0000307	OG0000307	3	1	3	3	1
OG0000308	OG0000308	3	1	3	3	1
OG0000309	OG0000309	2	3	2	3	1
OG0000310	OG0000310	1	2	2	5	1
OG0000311	OG0000311	1	3	3	3	1
OG0000312	OG0000312	0	1	0	0	9
OG0000313	OG0000313	2	2	2	3	1
OG0000314	OG0000314	1	1	3	3	2
OG0000315	OG0000315	2	2	2	2	2
OG0000316	OG0000316	2	1	3	2	2
OG0000317	OG0000317	2	2	3	3	0
OG0000318	OG0000318	2	2	2	3	1
OG0000319	OG0000319	2	2	2	3	1
OG0000320	OG0000320	2	2	2	3	1
OG0000321	OG0000321	2	2	2	3	1
OG0000322	OG0000322	2	2	2	2	2
OG0000323	OG0000323	2	2	2	2	2
OG0000324	OG0000324	2	2	2	2	2
OG0000325	OG0000325	2	2	2	2	2
OG0000326	OG0000326	2	2	2	4	0
OG0000327	OG0000327	2	2	2	3	1
OG0000328	OG0000328	2	1	2	3	2
OG0000329	OG0000329	2	2	2	3	1
OG0000330	OG0000330	2	2	2	3	1
OG0000331	OG0000331	2	2	1	1	4
OG0000332	OG0000332	2	2	2	2	2
OG0000333	OG0000333	2	2	2	3	1
OG0000334	OG0000334	2	2	1	4	1
OG0000335	OG0000335	2	3	1	3	1
OG0000336	OG0000336	3	1	2	2	2
OG0000337	OG0000337	2	2	2	2	2
OG0000338	OG0000338	2	2	2	2	2
OG0000339	OG0000339	2	2	2	2	2
OG0000340	OG0000340	2	2	3	2	1
OG0000341	OG0000341	2	2	2	2	2
OG0000342	OG0000342	2	2	2	2	2
OG0000343	OG0000343	2	2	2	2	2
OG0000344	OG0000344	2	2	2	2	2
OG0000345	OG0000345	2	2	2	2	2
OG0000346	OG0000346	3	1	2	3	1
OG0000347	OG0000347	2	2	2	3	1
OG0000348	OG0000348	2	3	1	3	1
OG0000349	OG0000349	2	2	2	2	2
OG0000350	OG0000350	2	2	2	2	2
OG0000351	OG0000351	2	2	2	3	1
OG0000352	OG0000352	3	2	2	3	0
OG0000353	OG0000353	2	2	2	3	1
OG0000354	OG0000354	2	2	2	2	2
OG0000355	OG0000355	3	2	1	3	1
OG0000356	OG0000356	2	2	2	2	2
OG0000357	OG0000357	2	2	2	3	1
OG0000358	OG0000358	3	1	3	2	1
OG0000359	OG0000359	1	3	1	5	0
OG0000360	OG0000360	2	2	2	2	2
OG0000361	OG0000361	3	0	3	3	1
OG0000362	OG0000362	2	1	3	3	1
OG0000363	OG0000363	2	2	2	2	2
OG0000364	OG0000364	2	2	2	3	1
OG0000365	OG0000365	2	4	0	2	2
OG0000366	OG0000366	2	1	2	4	1
OG0000367	OG0000367	3	2	4	0	1
OG0000368	OG0000368	2	3	2	2	1
OG0000369	OG0000369	2	2	2	2	2
OG0000370	OG0000370	2	2	2	2	2
OG0000371	OG0000371	2	1	3	4	0
OG0000372	OG0000372	2	1	6	1	0
OG0000373	OG0000373	2	2	2	3	1
OG0000374	OG0000374	3	2	2	2	1
OG0000375	OG0000375	2	2	2	2	2
OG0000376	OG0000376	1	3	2	0	4
OG0000377	OG0000377	2	2	3	3	0
OG0000378	OG0000378	2	2	2	3	1
OG0000379	OG0000379	1	3	3	3	0
OG0000380	OG0000380	2	2	2	2	2
OG0000381	OG0000381	2	1	2	4	1
OG0000382	OG0000382	2	2	2	2	2
OG0000383	OG0000383	2	2	2	2	2
OG0000384	OG0000384	2	2	2	3	1
OG0000385	OG0000385	1	2	3	3	1
OG0000386	OG0000386	2	2	2	3	1
OG0000387	OG0000387	2	2	2	2	2
OG0000388	OG0000388	2	2	2	3	1
OG0000389	OG0000389	2	3	2	3	0
OG0000390	OG0000390	2	2	2	2	2
OG0000391	OG0000391	2	1	3	3	1
OG0000392	OG0000392	2	2	2	2	2
OG0000393	OG0000393	2	2	2	2	2
OG0000394	OG0000394	2	2	2	2	2
OG0000395	OG0000395	2	2	2	2	2
OG0000396	OG0000396	2	3	2	3	0
OG0000397	OG0000397	2	2	2	4	0
OG0000398	OG0000398	0	2	0	8	0
OG0000399	OG0000399	0	2	3	3	2
OG0000400	OG0000400	2	2	2	3	0
OG0000401	OG0000401	2	2	2	2	1
OG0000402	OG0000402	2	2	2	2	1
OG0000403	OG0000403	2	2	2	2	1
OG0000404	OG0000404	1	2	1	3	2
OG0000405	OG0000405	2	2	1	3	1
OG0000406	OG0000406	2	2	2	2	1
OG0000407	OG0000407	2	2	2	2	1
OG0000408	OG0000408	3	0	2	2	2
OG0000409	OG0000409	1	1	1	5	1
OG0000410	OG0000410	2	2	2	2	1
OG0000411	OG0000411	2	2	2	2	1
OG0000412	OG0000412	2	2	1	3	1
OG0000413	OG0000413	2	2	2	2	1
OG0000414	OG0000414	2	2	2	2	1
OG0000415	OG0000415	2	2	2	2	1
OG0000416	OG0000416	1	2	2	2	2
OG0000417	OG0000417	2	2	1	3	1
OG0000418	OG0000418	2	2	1	3	1
OG0000419	OG0000419	2	2	2	2	1
OG0000420	OG0000420	1	2	2	2	2
OG0000421	OG0000421	2	2	2	2	1
OG0000422	OG0000422	2	2	2	2	1
OG0000423	OG0000423	2	2	2	2	1
OG0000424	OG0000424	2	3	0	3	1
OG0000425	OG0000425	0	2	4	2	1
OG0000426	OG0000426	2	2	2	2	1
OG0000427	OG0000427	2	2	2	2	1
OG0000428	OG0000428	2	1	2	2	2
OG0000429	OG0000429	2	2	2	2	1
OG0000430	OG0000430	2	2	2	2	1
OG0000431	OG0000431	2	2	2	2	1
OG0000432	OG0000432	2	2	2	2	1
OG0000433	OG0000433	2	2	2	2	1
OG0000434	OG0000434	2	2	2	2	1
OG0000435	OG0000435	2	2	2	2	1
OG0000436	OG0000436	2	2	2	2	1
OG0000437	OG0000437	2	2	2	2	1
OG0000438	OG0000438	2	2	2	2	1
OG0000439	OG0000439	2	2	2	2	1
OG0000440	OG0000440	2	3	1	2	1
OG0000441	OG0000441	2	2	2	2	1
OG0000442	OG0000442	2	2	2	2	1
OG0000443	OG0000443	2	1	2	2	2
OG0000444	OG0000444	2	2	2	2	1
OG0000445	OG0000445	2	2	2	2	1
OG0000446	OG0000446	2	2	2	2	1
OG0000447	OG0000447	2	2	2	2	1
OG0000448	OG0000448	1	2	2	3	1
OG0000449	OG0000449	2	1	1	3	2
OG0000450	OG0000450	2	2	2	2	1
OG0000451	OG0000451	2	2	2	2	1
OG0000452	OG0000452	2	2	2	2	1
OG0000453	OG0000453	2	2	2	2	1
OG0000454	OG0000454	2	2	2	2	1
OG0000455	OG0000455	2	2	2	2	1
OG0000456	OG0000456	2	2	2	2	1
OG0000457	OG0000457	2	2	2	2	1
OG0000458	OG0000458	2	2	2	2	1
OG0000459	OG0000459	2	2	2	2	1
OG0000460	OG0000460	2	2	2	2	1
OG0000461	OG0000461	2	2	2	2	1
OG0000462	OG0000462	2	2	2	2	1
OG0000463	OG0000463	2	2	2	2	1
OG0000464	OG0000464	2	2	2	2	1
OG0000465	OG0000465	2	2	2	2	1
OG0000466	OG0000466	2	2	2	2	1
OG0000467	OG0000467	2	2	2	2	1
OG0000468	OG0000468	2	2	2	2	1
OG0000469	OG0000469	2	2	2	2	1
OG0000470	OG0000470	2	2	2	2	1
OG0000471	OG0000471	2	2	2	2	1
OG0000472	OG0000472	2	2	2	2	1
OG0000473	OG0000473	2	2	2	2	1
OG0000474	OG0000474	0	3	1	0	5
OG0000475	OG0000475	2	2	2	2	1
OG0000476	OG0000476	2	2	2	2	1
OG0000477	OG0000477	2	2	2	2	1
OG0000478	OG0000478	2	2	2	2	1
OG0000479	OG0000479	2	2	2	2	1
OG0000480	OG0000480	2	2	2	2	1
OG0000481	OG0000481	2	2	2	3	0
OG0000482	OG0000482	2	3	2	2	0
OG0000483	OG0000483	2	2	2	2	1
OG0000484	OG0000484	2	2	1	2	2
OG0000485	OG0000485	2	2	2	2	1
OG0000486	OG0000486	2	2	2	2	1
OG0000487	OG0000487	2	2	2	2	1
OG0000488	OG0000488	2	1	2	2	2
OG0000489	OG0000489	2	2	2	2	1
OG0000490	OG0000490	2	2	1	4	0
OG0000491	OG0000491	2	2	2	2	1
OG0000492	OG0000492	2	2	3	1	1
OG0000493	OG0000493	2	2	2	1	2
OG0000494	OG0000494	2	2	2	2	1
OG0000495	OG0000495	2	2	2	2	1
OG0000496	OG0000496	2	2	2	2	1
OG0000497	OG0000497	2	2	2	2	1
OG0000498	OG0000498	2	2	2	2	1
OG0000499	OG0000499	2	2	2	2	1
OG0000500	OG0000500	2	2	2	2	1
OG0000501	OG0000501	2	2	2	2	1
OG0000502	OG0000502	2	2	2	2	1
OG0000503	OG0000503	2	2	2	2	1
OG0000504	OG0000504	2	2	2	2	1
OG0000505	OG0000505	2	2	2	2	1
OG0000506	OG0000506	2	2	2	2	1
OG0000507	OG0000507	1	2	2	3	1
OG0000508	OG0000508	2	0	3	3	1
OG0000509	OG0000509	2	2	2	3	0
OG0000510	OG0000510	2	2	2	2	1
OG0000511	OG0000511	2	2	2	2	1
OG0000512	OG0000512	2	2	1	3	1
OG0000513	OG0000513	2	2	2	2	1
OG0000514	OG0000514	2	2	2	2	1
OG0000515	OG0000515	2	2	2	3	0
OG0000516	OG0000516	2	2	2	2	1
OG0000517	OG0000517	2	2	2	2	1
OG0000518	OG0000518	1	2	2	3	1
OG0000519	OG0000519	2	2	2	2	1
OG0000520	OG0000520	2	2	2	2	1
OG0000521	OG0000521	2	2	2	2	1
OG0000522	OG0000522	2	2	2	2	1
OG0000523	OG0000523	2	2	2	2	1
OG0000524	OG0000524	2	2	2	2	1
OG0000525	OG0000525	2	2	2	3	0
OG0000526	OG0000526	2	1	2	2	2
OG0000527	OG0000527	2	2	2	2	1
OG0000528	OG0000528	2	1	2	2	2
OG0000529	OG0000529	2	2	2	2	1
OG0000530	OG0000530	2	2	2	2	1
OG0000531	OG0000531	2	2	2	2	1
OG0000532	OG0000532	1	3	2	0	3
OG0000533	OG0000533	2	2	2	2	1
OG0000534	OG0000534	2	2	2	2	1
OG0000535	OG0000535	2	2	2	2	1
OG0000536	OG0000536	2	2	2	2	1
OG0000537	OG0000537	2	2	2	2	1
OG0000538	OG0000538	1	0	3	4	1
OG0000539	OG0000539	2	2	2	2	1
OG0000540	OG0000540	2	2	2	2	1
OG0000541	OG0000541	2	2	2	2	1
OG0000542	OG0000542	2	2	2	2	1
OG0000543	OG0000543	2	2	2	2	1
OG0000544	OG0000544	2	2	2	2	1
OG0000545	OG0000545	2	2	2	2	1
OG0000546	OG0000546	2	2	2	2	1
OG0000547	OG0000547	2	2	2	2	1
OG0000548	OG0000548	2	2	2	2	1
OG0000549	OG0000549	2	2	2	2	1
OG0000550	OG0000550	3	1	1	3	1
OG0000551	OG0000551	2	2	2	2	1
OG0000552	OG0000552	2	2	2	2	1
OG0000553	OG0000553	2	2	2	2	1
OG0000554	OG0000554	2	2	2	2	1
OG0000555	OG0000555	2	2	2	2	1
OG0000556	OG0000556	2	2	2	2	1
OG0000557	OG0000557	2	2	2	2	1
OG0000558	OG0000558	2	2	2	2	1
OG0000559	OG0000559	2	2	2	2	1
OG0000560	OG0000560	2	2	1	3	1
OG0000561	OG0000561	2	2	2	2	1
OG0000562	OG0000562	2	2	2	2	1
OG0000563	OG0000563	2	2	2	2	1
OG0000564	OG0000564	2	2	2	2	1
OG0000565	OG0000565	2	2	2	2	1
OG0000566	OG0000566	2	2	2	2	1
OG0000567	OG0000567	2	2	2	2	1
OG0000568	OG0000568	2	2	2	2	1
OG0000569	OG0000569	2	2	2	2	1
OG0000570	OG0000570	2	2	2	2	1
OG0000571	OG0000571	2	2	2	2	1
OG0000572	OG0000572	2	2	2	2	1
OG0000573	OG0000573	2	2	2	2	1
OG0000574	OG0000574	2	2	2	2	1
OG0000575	OG0000575	2	2	2	2	1
OG0000576	OG0000576	2	2	2	2	1
OG0000577	OG0000577	2	2	2	2	1
OG0000578	OG0000578	1	2	2	2	2
OG0000579	OG0000579	2	2	2	2	1
OG0000580	OG0000580	2	2	2	2	1
OG0000581	OG0000581	2	2	2	2	1
OG0000582	OG0000582	2	2	2	2	1
OG0000583	OG0000583	2	2	2	2	1
OG0000584	OG0000584	2	2	2	2	1
OG0000585	OG0000585	2	2	2	2	1
OG0000586	OG0000586	2	2	2	2	1
OG0000587	OG0000587	2	2	2	2	1
OG0000588	OG0000588	1	1	2	4	1
OG0000589	OG0000589	2	2	2	2	1
OG0000590	OG0000590	2	2	2	2	1
OG0000591	OG0000591	2	2	2	2	1
OG0000592	OG0000592	2	2	2	2	1
OG0000593	OG0000593	1	2	2	2	2
OG0000594	OG0000594	2	2	2	2	1
OG0000595	OG0000595	2	2	2	2	1
OG0000596	OG0000596	2	2	2	2	1
OG0000597	OG0000597	2	2	2	2	1
OG0000598	OG0000598	2	2	2	2	1
OG0000599	OG0000599	2	2	2	2	1
OG0000600	OG0000600	2	2	2	2	1
OG0000601	OG0000601	2	2	2	2	1
OG0000602	OG0000602	2	2	2	2	1
OG0000603	OG0000603	2	2	2	2	1
OG0000604	OG0000604	2	2	2	2	1
OG0000605	OG0000605	2	2	2	2	1
OG0000606	OG0000606	2	2	2	2	1
OG0000607	OG0000607	2	2	2	2	1
OG0000608	OG0000608	2	2	2	2	1
OG0000609	OG0000609	2	2	2	2	1
OG0000610	OG0000610	2	2	2	2	1
OG0000611	OG0000611	1	1	1	5	1
OG0000612	OG0000612	2	2	2	2	1
OG0000613	OG0000613	2	2	2	2	1
OG0000614	OG0000614	2	2	2	2	1
OG0000615	OG0000615	2	2	2	2	1
OG0000616	OG0000616	2	1	2	3	1
OG0000617	OG0000617	2	2	2	2	1
OG0000618	OG0000618	2	2	2	2	1
OG0000619	OG0000619	1	2	2	3	1
OG0000620	OG0000620	1	2	2	3	1
OG0000621	OG0000621	2	2	2	2	1
OG0000622	OG0000622	2	2	2	2	1
OG0000623	OG0000623	2	2	2	2	1
OG0000624	OG0000624	1	1	1	3	3
OG0000625	OG0000625	2	2	2	2	1
OG0000626	OG0000626	2	2	2	2	1
OG0000627	OG0000627	2	2	2	2	1
OG0000628	OG0000628	2	2	1	3	1
OG0000629	OG0000629	2	2	2	2	1
OG0000630	OG0000630	2	1	2	2	2
OG0000631	OG0000631	2	2	2	2	1
OG0000632	OG0000632	2	2	2	3	0
OG0000633	OG0000633	2	2	2	2	1
OG0000634	OG0000634	2	2	2	2	1
OG0000635	OG0000635	2	2	2	2	1
OG0000636	OG0000636	2	2	2	2	1
OG0000637	OG0000637	2	2	2	2	1
OG0000638	OG0000638	2	2	2	2	1
OG0000639	OG0000639	1	2	2	3	1
OG0000640	OG0000640	2	2	2	2	1
OG0000641	OG0000641	2	2	2	2	1
OG0000642	OG0000642	2	2	2	2	1
OG0000643	OG0000643	2	2	2	2	1
OG0000644	OG0000644	2	2	2	2	1
OG0000645	OG0000645	2	2	2	2	1
OG0000646	OG0000646	2	2	2	2	1
OG0000647	OG0000647	2	2	2	2	1
OG0000648	OG0000648	2	2	2	2	1
OG0000649	OG0000649	2	2	2	2	1
OG0000650	OG0000650	2	2	2	2	1
OG0000651	OG0000651	2	2	2	2	1
OG0000652	OG0000652	2	2	2	2	1
OG0000653	OG0000653	2	2	2	2	1
OG0000654	OG0000654	2	2	2	2	1
OG0000655	OG0000655	0	1	0	7	0
OG0000656	OG0000656	1	1	1	1	4
OG0000657	OG0000657	1	1	2	3	1
OG0000658	OG0000658	0	3	2	2	1
OG0000659	OG0000659	1	1	2	3	1
OG0000660	OG0000660	1	2	3	2	0
OG0000661	OG0000661	2	2	1	2	1
OG0000662	OG0000662	1	2	2	2	1
OG0000663	OG0000663	0	1	2	0	5
OG0000664	OG0000664	1	1	0	2	4
OG0000665	OG0000665	1	2	2	2	1
OG0000666	OG0000666	2	2	2	2	0
OG0000667	OG0000667	1	2	2	2	1
OG0000668	OG0000668	1	2	2	2	1
OG0000669	OG0000669	2	0	2	2	2
OG0000670	OG0000670	2	2	2	2	0
OG0000671	OG0000671	3	1	0	2	2
OG0000672	OG0000672	2	2	1	2	1
OG0000673	OG0000673	2	2	2	2	0
OG0000674	OG0000674	2	2	1	2	1
OG0000675	OG0000675	1	2	2	2	1
OG0000676	OG0000676	2	2	2	2	0
OG0000677	OG0000677	1	2	2	2	1
OG0000678	OG0000678	1	2	2	2	1
OG0000679	OG0000679	2	1	2	2	1
OG0000680	OG0000680	2	2	1	2	1
OG0000681	OG0000681	1	2	2	2	1
OG0000682	OG0000682	1	2	2	2	1
OG0000683	OG0000683	2	2	2	2	0
OG0000684	OG0000684	2	1	2	2	1
OG0000685	OG0000685	2	2	1	2	1
OG0000686	OG0000686	2	1	2	2	1
OG0000687	OG0000687	0	1	3	3	1
OG0000688	OG0000688	2	2	1	2	1
OG0000689	OG0000689	1	2	2	2	1
OG0000690	OG0000690	2	1	2	2	1
OG0000691	OG0000691	2	1	2	2	1
OG0000692	OG0000692	2	1	2	2	1
OG0000693	OG0000693	2	2	2	2	0
OG0000694	OG0000694	2	2	1	2	1
OG0000695	OG0000695	1	2	1	3	1
OG0000696	OG0000696	1	2	2	2	1
OG0000697	OG0000697	2	2	1	2	1
OG0000698	OG0000698	2	2	1	2	1
OG0000699	OG0000699	2	1	2	2	1
OG0000700	OG0000700	2	1	2	2	1
OG0000701	OG0000701	1	0	1	3	3
OG0000702	OG0000702	2	2	1	2	1
OG0000703	OG0000703	2	2	1	2	1
OG0000704	OG0000704	2	1	2	2	1
OG0000705	OG0000705	2	1	2	2	1
OG0000706	OG0000706	2	1	2	2	1
OG0000707	OG0000707	2	1	2	2	1
OG0000708	OG0000708	1	2	2	2	1
OG0000709	OG0000709	2	2	1	2	1
OG0000710	OG0000710	1	1	2	3	1
OG0000711	OG0000711	1	2	1	3	1
OG0000712	OG0000712	1	0	3	3	1
OG0000713	OG0000713	2	1	2	2	1
OG0000714	OG0000714	1	1	2	3	1
OG0000715	OG0000715	1	1	2	2	2
OG0000716	OG0000716	2	2	1	2	1
OG0000717	OG0000717	1	2	2	2	1
OG0000718	OG0000718	2	2	1	2	1
OG0000719	OG0000719	1	2	2	2	1
OG0000720	OG0000720	2	1	2	2	1
OG0000721	OG0000721	1	2	2	2	1
OG0000722	OG0000722	1	2	2	2	1
OG0000723	OG0000723	1	2	2	2	1
OG0000724	OG0000724	2	1	2	2	1
OG0000725	OG0000725	2	1	2	2	1
OG0000726	OG0000726	1	1	2	3	1
OG0000727	OG0000727	2	1	2	2	1
OG0000728	OG0000728	1	2	2	2	1
OG0000729	OG0000729	2	0	2	3	1
OG0000730	OG0000730	2	2	2	1	1
OG0000731	OG0000731	2	2	1	2	1
OG0000732	OG0000732	2	2	2	2	0
OG0000733	OG0000733	2	2	2	2	0
OG0000734	OG0000734	2	2	1	3	0
OG0000735	OG0000735	2	2	2	2	0
OG0000736	OG0000736	2	2	2	2	0
OG0000737	OG0000737	1	2	2	2	1
OG0000738	OG0000738	1	1	3	3	0
OG0000739	OG0000739	2	1	2	3	0
OG0000740	OG0000740	1	1	1	1	4
OG0000741	OG0000741	2	2	2	2	0
OG0000742	OG0000742	2	2	2	2	0
OG0000743	OG0000743	1	2	2	2	1
OG0000744	OG0000744	1	1	1	1	4
OG0000745	OG0000745	2	1	2	2	1
OG0000746	OG0000746	1	2	2	2	1
OG0000747	OG0000747	2	1	1	3	1
OG0000748	OG0000748	2	2	2	2	0
OG0000749	OG0000749	2	2	2	2	0
OG0000750	OG0000750	1	2	1	2	2
OG0000751	OG0000751	2	1	2	2	1
OG0000752	OG0000752	2	2	2	2	0
OG0000753	OG0000753	2	1	2	2	1
OG0000754	OG0000754	2	2	2	2	0
OG0000755	OG0000755	2	2	2	2	0
OG0000756	OG0000756	2	1	2	2	1
OG0000757	OG0000757	2	1	2	2	1
OG0000758	OG0000758	2	2	2	2	0
OG0000759	OG0000759	2	2	2	2	0
OG0000760	OG0000760	1	2	2	2	1
OG0000761	OG0000761	1	1	2	2	2
OG0000762	OG0000762	2	2	2	2	0
OG0000763	OG0000763	2	2	1	2	1
OG0000764	OG0000764	2	2	2	2	0
OG0000765	OG0000765	1	1	2	3	1
OG0000766	OG0000766	2	2	2	2	0
OG0000767	OG0000767	1	3	1	3	0
OG0000768	OG0000768	1	1	1	3	2
OG0000769	OG0000769	2	2	2	2	0
OG0000770	OG0000770	2	2	2	2	0
OG0000771	OG0000771	1	2	2	2	1
OG0000772	OG0000772	2	2	1	2	1
OG0000773	OG0000773	2	2	2	2	0
OG0000774	OG0000774	2	1	2	2	1
OG0000775	OG0000775	2	1	2	2	1
OG0000776	OG0000776	2	2	1	2	1
OG0000777	OG0000777	1	1	2	2	2
OG0000778	OG0000778	2	2	2	2	0
OG0000779	OG0000779	1	2	2	2	1
OG0000780	OG0000780	2	1	2	2	1
OG0000781	OG0000781	1	0	2	1	4
OG0000782	OG0000782	2	2	2	2	0
OG0000783	OG0000783	2	2	1	3	0
OG0000784	OG0000784	2	1	1	4	0
OG0000785	OG0000785	2	2	2	2	0
OG0000786	OG0000786	2	2	1	2	1
OG0000787	OG0000787	2	2	2	2	0
OG0000788	OG0000788	1	2	2	2	1
OG0000789	OG0000789	2	2	1	2	1
OG0000790	OG0000790	1	1	2	2	2
OG0000791	OG0000791	2	2	1	2	1
OG0000792	OG0000792	2	2	2	2	0
OG0000793	OG0000793	2	2	1	2	1
OG0000794	OG0000794	1	2	2	2	1
OG0000795	OG0000795	2	2	2	2	0
OG0000796	OG0000796	1	2	2	2	1
OG0000797	OG0000797	2	2	1	2	1
OG0000798	OG0000798	1	2	1	3	1
OG0000799	OG0000799	2	2	1	2	1
OG0000800	OG0000800	2	2	1	2	1
OG0000801	OG0000801	2	2	2	2	0
OG0000802	OG0000802	2	2	2	2	0
OG0000803	OG0000803	1	2	2	2	1
OG0000804	OG0000804	1	2	2	2	1
OG0000805	OG0000805	2	2	1	2	1
OG0000806	OG0000806	2	1	2	2	1
OG0000807	OG0000807	1	1	1	4	1
OG0000808	OG0000808	1	1	2	3	1
OG0000809	OG0000809	2	2	2	2	0
OG0000810	OG0000810	2	2	2	2	0
OG0000811	OG0000811	2	2	1	2	1
OG0000812	OG0000812	2	2	2	2	0
OG0000813	OG0000813	2	2	2	2	0
OG0000814	OG0000814	1	2	2	2	1
OG0000815	OG0000815	2	1	2	2	1
OG0000816	OG0000816	2	2	2	2	0
OG0000817	OG0000817	2	1	2	2	1
OG0000818	OG0000818	2	2	2	2	0
OG0000819	OG0000819	2	2	2	2	0
OG0000820	OG0000820	1	2	2	2	1
OG0000821	OG0000821	2	1	2	2	1
OG0000822	OG0000822	1	2	2	2	1
OG0000823	OG0000823	1	2	2	2	1
OG0000824	OG0000824	2	2	1	2	1
OG0000825	OG0000825	1	2	2	2	1
OG0000826	OG0000826	1	2	2	2	1
OG0000827	OG0000827	2	2	2	2	0
OG0000828	OG0000828	1	2	2	2	1
OG0000829	OG0000829	1	2	2	2	1
OG0000830	OG0000830	2	1	2	2	1
OG0000831	OG0000831	2	2	2	2	0
OG0000832	OG0000832	2	1	2	2	1
OG0000833	OG0000833	1	2	2	2	1
OG0000834	OG0000834	2	2	2	2	0
OG0000835	OG0000835	2	1	2	2	1
OG0000836	OG0000836	2	2	2	2	0
OG0000837	OG0000837	2	2	1	2	1
OG0000838	OG0000838	2	2	2	2	0
OG0000839	OG0000839	2	1	2	2	1
OG0000840	OG0000840	2	2	2	2	0
OG0000841	OG0000841	2	1	2	2	1
OG0000842	OG0000842	2	1	2	2	1
OG0000843	OG0000843	2	1	2	2	1
OG0000844	OG0000844	1	2	2	2	1
OG0000845	OG0000845	2	1	2	2	1
OG0000846	OG0000846	1	2	2	2	1
OG0000847	OG0000847	2	2	2	2	0
OG0000848	OG0000848	2	1	1	3	1
OG0000849	OG0000849	2	2	2	2	0
OG0000850	OG0000850	2	2	2	2	0
OG0000851	OG0000851	1	2	2	3	0
OG0000852	OG0000852	2	1	2	2	1
OG0000853	OG0000853	1	2	2	2	1
OG0000854	OG0000854	2	2	2	2	0
OG0000855	OG0000855	1	2	2	2	1
OG0000856	OG0000856	1	2	2	2	1
OG0000857	OG0000857	2	2	2	2	0
OG0000858	OG0000858	2	1	2	2	1
OG0000859	OG0000859	2	2	2	2	0
OG0000860	OG0000860	2	2	1	2	1
OG0000861	OG0000861	2	2	1	3	0
OG0000862	OG0000862	2	2	1	2	1
OG0000863	OG0000863	1	2	2	2	1
OG0000864	OG0000864	2	2	1	2	1
OG0000865	OG0000865	1	2	2	2	1
OG0000866	OG0000866	2	2	2	2	0
OG0000867	OG0000867	2	2	2	2	0
OG0000868	OG0000868	2	1	2	2	1
OG0000869	OG0000869	2	1	2	2	1
OG0000870	OG0000870	1	2	1	3	1
OG0000871	OG0000871	2	2	1	2	1
OG0000872	OG0000872	2	1	2	2	1
OG0000873	OG0000873	1	2	2	2	1
OG0000874	OG0000874	1	2	2	2	1
OG0000875	OG0000875	2	2	1	2	1
OG0000876	OG0000876	2	2	2	2	0
OG0000877	OG0000877	1	2	2	2	1
OG0000878	OG0000878	2	2	2	2	0
OG0000879	OG0000879	1	2	2	2	1
OG0000880	OG0000880	0	2	0	6	0
OG0000881	OG0000881	0	2	2	2	2
OG0000882	OG0000882	1	2	1	2	1
OG0000883	OG0000883	1	2	2	2	0
OG0000884	OG0000884	1	1	2	2	1
OG0000885	OG0000885	1	1	2	2	1
OG0000886	OG0000886	2	2	1	2	0
OG0000887	OG0000887	0	2	2	2	1
OG0000888	OG0000888	1	2	1	2	1
OG0000889	OG0000889	1	1	1	1	3
OG0000890	OG0000890	0	2	1	3	1
OG0000891	OG0000891	1	1	1	2	2
OG0000892	OG0000892	1	1	1	3	1
OG0000893	OG0000893	2	0	2	2	1
OG0000894	OG0000894	1	1	2	2	1
OG0000895	OG0000895	1	1	1	1	3
OG0000896	OG0000896	2	1	2	1	1
OG0000897	OG0000897	2	1	2	2	0
OG0000898	OG0000898	1	1	0	0	5
OG0000899	OG0000899	1	2	1	2	1
OG0000900	OG0000900	1	1	2	2	1
OG0000901	OG0000901	1	2	1	2	1
OG0000902	OG0000902	1	1	1	2	2
OG0000903	OG0000903	2	2	2	0	1
OG0000904	OG0000904	1	1	1	2	2
OG0000905	OG0000905	1	2	0	3	1
OG0000906	OG0000906	2	0	2	0	3
OG0000907	OG0000907	1	2	1	2	1
OG0000908	OG0000908	1	2	2	1	1
OG0000909	OG0000909	1	1	1	1	3
OG0000910	OG0000910	1	2	1	2	1
OG0000911	OG0000911	2	1	1	2	1
OG0000912	OG0000912	1	2	1	2	1
OG0000913	OG0000913	2	1	1	2	1
OG0000914	OG0000914	2	1	1	2	1
OG0000915	OG0000915	0	1	1	2	3
OG0000916	OG0000916	1	2	2	1	1
OG0000917	OG0000917	1	1	2	2	1
OG0000918	OG0000918	1	2	1	2	1
OG0000919	OG0000919	2	1	2	1	1
OG0000920	OG0000920	2	2	1	0	2
OG0000921	OG0000921	1	2	2	1	1
OG0000922	OG0000922	2	1	1	2	1
OG0000923	OG0000923	2	0	2	2	1
OG0000924	OG0000924	1	1	2	2	1
OG0000925	OG0000925	2	1	1	0	3
OG0000926	OG0000926	2	1	1	2	1
OG0000927	OG0000927	2	0	2	2	1
OG0000928	OG0000928	1	2	1	2	1
OG0000929	OG0000929	2	3	1	0	1
OG0000930	OG0000930	1	1	1	3	1
OG0000931	OG0000931	2	2	1	1	1
OG0000932	OG0000932	1	2	1	2	1
OG0000933	OG0000933	2	1	1	2	1
OG0000934	OG0000934	2	1	1	2	1
OG0000935	OG0000935	1	2	1	2	1
OG0000936	OG0000936	1	1	2	2	1
OG0000937	OG0000937	2	2	1	1	1
OG0000938	OG0000938	2	1	1	2	1
OG0000939	OG0000939	1	2	1	2	1
OG0000940	OG0000940	2	0	2	2	1
OG0000941	OG0000941	1	0	2	3	1
OG0000942	OG0000942	1	1	1	3	1
OG0000943	OG0000943	1	2	1	2	1
OG0000944	OG0000944	1	1	2	2	1
OG0000945	OG0000945	2	1	1	2	1
OG0000946	OG0000946	1	2	1	2	1
OG0000947	OG0000947	1	2	1	2	1
OG0000948	OG0000948	1	1	2	2	1
OG0000949	OG0000949	1	1	2	2	1
OG0000950	OG0000950	1	1	2	2	1
OG0000951	OG0000951	1	1	2	2	1
OG0000952	OG0000952	1	2	3	0	1
OG0000953	OG0000953	1	1	1	3	1
OG0000954	OG0000954	2	0	2	2	1
OG0000955	OG0000955	2	1	1	2	1
OG0000956	OG0000956	1	1	2	2	1
OG0000957	OG0000957	1	2	1	2	1
OG0000958	OG0000958	2	1	2	1	1
OG0000959	OG0000959	1	2	1	2	1
OG0000960	OG0000960	1	2	1	2	1
OG0000961	OG0000961	1	2	1	2	1
OG0000962	OG0000962	2	1	1	2	1
OG0000963	OG0000963	1	1	1	1	3
OG0000964	OG0000964	1	2	1	2	1
OG0000965	OG0000965	2	2	1	2	0
OG0000966	OG0000966	1	2	1	2	1
OG0000967	OG0000967	2	1	2	2	0
OG0000968	OG0000968	2	2	1	2	0
OG0000969	OG0000969	2	2	1	2	0
OG0000970	OG0000970	2	2	1	2	0
OG0000971	OG0000971	2	1	2	0	2
OG0000972	OG0000972	2	1	1	2	1
OG0000973	OG0000973	2	2	2	1	0
OG0000974	OG0000974	2	2	1	0	2
OG0000975	OG0000975	1	1	1	0	4
OG0000976	OG0000976	2	1	2	2	0
OG0000977	OG0000977	1	2	1	2	1
OG0000978	OG0000978	2	0	1	2	2
OG0000979	OG0000979	1	2	1	2	1
OG0000980	OG0000980	1	2	2	2	0
OG0000981	OG0000981	2	1	2	2	0
OG0000982	OG0000982	1	2	1	3	0
OG0000983	OG0000983	2	1	1	2	1
OG0000984	OG0000984	1	1	2	2	1
OG0000985	OG0000985	2	1	1	1	2
OG0000986	OG0000986	2	1	1	2	1
OG0000987	OG0000987	2	1	1	2	1
OG0000988	OG0000988	1	1	1	3	1
OG0000989	OG0000989	3	1	3	0	0
OG0000990	OG0000990	2	1	2	2	0
OG0000991	OG0000991	1	1	2	2	1
OG0000992	OG0000992	2	1	1	2	1
OG0000993	OG0000993	2	2	3	0	0
OG0000994	OG0000994	1	2	2	2	0
OG0000995	OG0000995	1	2	2	2	0
OG0000996	OG0000996	2	1	2	2	0
OG0000997	OG0000997	1	2	1	2	1
OG0000998	OG0000998	2	1	1	1	2
OG0000999	OG0000999	2	1	2	2	0
OG0001000	OG0001000	1	1	1	2	2
OG0001001	OG0001001	2	1	1	2	1
OG0001002	OG0001002	2	1	2	2	0
OG0001003	OG0001003	2	0	2	2	1
OG0001004	OG0001004	2	1	2	2	0
OG0001005	OG0001005	1	2	2	0	2
OG0001006	OG0001006	2	2	1	2	0
OG0001007	OG0001007	1	1	1	4	0
OG0001008	OG0001008	2	1	2	0	2
OG0001009	OG0001009	1	1	1	2	2
OG0001010	OG0001010	2	1	2	2	0
OG0001011	OG0001011	1	0	2	3	1
OG0001012	OG0001012	2	2	1	2	0
OG0001013	OG0001013	2	1	2	2	0
OG0001014	OG0001014	1	1	1	2	2
OG0001015	OG0001015	1	1	1	1	3
OG0001016	OG0001016	1	1	1	3	1
OG0001017	OG0001017	1	1	1	4	0
OG0001018	OG0001018	1	3	0	0	3
OG0001019	OG0001019	1	1	2	2	1
OG0001020	OG0001020	1	2	1	2	1
OG0001021	OG0001021	1	1	1	3	1
OG0001022	OG0001022	1	2	1	2	1
OG0001023	OG0001023	1	1	2	2	1
OG0001024	OG0001024	2	2	1	2	0
OG0001025	OG0001025	1	2	2	2	0
OG0001026	OG0001026	2	2	1	2	0
OG0001027	OG0001027	2	1	2	2	0
OG0001028	OG0001028	1	2	1	2	1
OG0001029	OG0001029	1	1	1	2	2
OG0001030	OG0001030	1	1	1	2	2
OG0001031	OG0001031	1	2	1	2	1
OG0001032	OG0001032	2	1	1	2	1
OG0001033	OG0001033	1	1	2	3	0
OG0001034	OG0001034	1	2	2	2	0
OG0001035	OG0001035	1	1	1	0	4
OG0001036	OG0001036	1	2	1	2	1
OG0001037	OG0001037	1	2	1	2	1
OG0001038	OG0001038	1	1	1	2	2
OG0001039	OG0001039	1	1	1	2	2
OG0001040	OG0001040	1	2	2	2	0
OG0001041	OG0001041	2	2	1	2	0
OG0001042	OG0001042	2	1	1	2	1
OG0001043	OG0001043	1	2	1	2	1
OG0001044	OG0001044	1	1	1	2	2
OG0001045	OG0001045	1	1	2	2	1
OG0001046	OG0001046	1	1	1	2	2
OG0001047	OG0001047	1	2	1	2	1
OG0001048	OG0001048	1	1	1	4	0
OG0001049	OG0001049	2	2	2	0	1
OG0001050	OG0001050	1	2	1	2	1
OG0001051	OG0001051	1	2	1	3	0
OG0001052	OG0001052	2	1	1	2	1
OG0001053	OG0001053	2	1	1	2	1
OG0001054	OG0001054	1	1	1	2	2
OG0001055	OG0001055	2	0	2	2	1
OG0001056	OG0001056	1	1	2	3	0
OG0001057	OG0001057	1	2	1	2	1
OG0001058	OG0001058	2	1	1	2	1
OG0001059	OG0001059	1	1	2	2	1
OG0001060	OG0001060	2	1	2	2	0
OG0001061	OG0001061	2	1	2	2	0
OG0001062	OG0001062	2	0	2	2	1
OG0001063	OG0001063	1	1	2	2	1
OG0001064	OG0001064	1	1	1	2	2
OG0001065	OG0001065	1	1	2	2	1
OG0001066	OG0001066	1	2	1	2	1
OG0001067	OG0001067	1	1	2	2	1
OG0001068	OG0001068	1	1	1	3	1
OG0001069	OG0001069	1	2	2	2	0
OG0001070	OG0001070	2	2	0	2	1
OG0001071	OG0001071	1	1	1	3	1
OG0001072	OG0001072	1	2	2	2	0
OG0001073	OG0001073	2	1	1	2	1
OG0001074	OG0001074	2	1	2	2	0
OG0001075	OG0001075	1	1	2	2	1
OG0001076	OG0001076	1	2	3	0	1
OG0001077	OG0001077	1	1	2	2	1
OG0001078	OG0001078	1	2	1	2	1
OG0001079	OG0001079	1	1	2	2	1
OG0001080	OG0001080	1	1	2	2	1
OG0001081	OG0001081	1	1	2	2	1
OG0001082	OG0001082	0	3	3	0	1
OG0001083	OG0001083	0	2	1	2	2
OG0001084	OG0001084	0	2	1	3	1
OG0001085	OG0001085	0	0	0	7	0
OG0001086	OG0001086	1	1	1	1	2
OG0001087	OG0001087	1	2	0	3	0
OG0001088	OG0001088	1	1	2	1	1
OG0001089	OG0001089	1	2	1	2	0
OG0001090	OG0001090	1	1	1	0	3
OG0001091	OG0001091	1	1	1	1	2
OG0001092	OG0001092	1	1	1	2	1
OG0001093	OG0001093	2	0	2	0	2
OG0001094	OG0001094	1	1	1	1	2
OG0001095	OG0001095	2	1	1	1	1
OG0001096	OG0001096	0	1	0	4	1
OG0001097	OG0001097	0	1	0	4	1
OG0001098	OG0001098	1	2	1	2	0
OG0001099	OG0001099	1	1	1	1	2
OG0001100	OG0001100	1	1	1	1	2
OG0001101	OG0001101	1	1	1	1	2
OG0001102	OG0001102	2	1	0	2	1
OG0001103	OG0001103	1	1	1	1	2
OG0001104	OG0001104	1	2	0	2	1
OG0001105	OG0001105	1	1	1	2	1
OG0001106	OG0001106	1	1	1	2	1
OG0001107	OG0001107	1	1	1	1	2
OG0001108	OG0001108	1	1	1	1	2
OG0001109	OG0001109	1	1	2	1	1
OG0001110	OG0001110	1	2	1	2	0
OG0001111	OG0001111	1	1	1	2	1
OG0001112	OG0001112	1	1	1	2	1
OG0001113	OG0001113	1	1	1	2	1
OG0001114	OG0001114	1	1	1	1	2
OG0001115	OG0001115	1	1	1	1	2
OG0001116	OG0001116	1	1	1	2	1
OG0001117	OG0001117	1	1	1	2	1
OG0001118	OG0001118	0	2	1	2	1
OG0001119	OG0001119	1	2	1	1	1
OG0001120	OG0001120	1	1	1	2	1
OG0001121	OG0001121	1	1	1	2	1
OG0001122	OG0001122	1	1	1	2	1
OG0001123	OG0001123	1	1	1	2	1
OG0001124	OG0001124	1	2	1	1	1
OG0001125	OG0001125	1	2	1	1	1
OG0001126	OG0001126	1	2	1	1	1
OG0001127	OG0001127	1	1	1	2	1
OG0001128	OG0001128	1	1	2	1	1
OG0001129	OG0001129	1	1	1	1	2
OG0001130	OG0001130	1	1	1	2	1
OG0001131	OG0001131	1	1	2	1	1
OG0001132	OG0001132	1	1	1	2	1
OG0001133	OG0001133	2	1	1	1	1
OG0001134	OG0001134	1	1	1	2	1
OG0001135	OG0001135	0	1	1	1	3
OG0001136	OG0001136	1	1	1	1	2
OG0001137	OG0001137	1	1	1	2	1
OG0001138	OG0001138	1	1	1	2	1
OG0001139	OG0001139	1	1	1	2	1
OG0001140	OG0001140	1	1	1	1	2
OG0001141	OG0001141	1	1	2	1	1
OG0001142	OG0001142	1	1	1	2	1
OG0001143	OG0001143	1	1	1	2	1
OG0001144	OG0001144	1	1	1	2	1
OG0001145	OG0001145	1	1	2	1	1
OG0001146	OG0001146	1	1	1	2	1
OG0001147	OG0001147	1	1	1	2	1
OG0001148	OG0001148	2	1	1	1	1
OG0001149	OG0001149	2	1	0	1	2
OG0001150	OG0001150	1	1	1	1	2
OG0001151	OG0001151	1	1	1	2	1
OG0001152	OG0001152	1	1	1	2	1
OG0001153	OG0001153	1	1	2	2	0
OG0001154	OG0001154	1	1	1	2	1
OG0001155	OG0001155	2	1	1	2	0
OG0001156	OG0001156	1	1	1	2	1
OG0001157	OG0001157	3	1	0	0	2
OG0001158	OG0001158	1	2	2	1	0
OG0001159	OG0001159	1	1	1	2	1
OG0001160	OG0001160	2	1	1	2	0
OG0001161	OG0001161	2	2	2	0	0
OG0001162	OG0001162	1	1	2	2	0
OG0001163	OG0001163	1	1	2	2	0
OG0001164	OG0001164	1	2	1	2	0
OG0001165	OG0001165	1	1	1	3	0
OG0001166	OG0001166	1	1	1	2	1
OG0001167	OG0001167	1	1	1	3	0
OG0001168	OG0001168	1	1	1	3	0
OG0001169	OG0001169	1	1	1	2	1
OG0001170	OG0001170	1	1	1	3	0
OG0001171	OG0001171	1	1	2	2	0
OG0001172	OG0001172	1	2	1	2	0
OG0001173	OG0001173	1	1	2	2	0
OG0001174	OG0001174	1	1	1	2	1
OG0001175	OG0001175	1	1	1	2	1
OG0001176	OG0001176	1	1	1	2	1
OG0001177	OG0001177	2	0	2	2	0
OG0001178	OG0001178	1	1	1	2	1
OG0001179	OG0001179	1	1	2	1	1
OG0001180	OG0001180	1	1	2	2	0
OG0001181	OG0001181	1	1	1	2	1
OG0001182	OG0001182	1	2	0	3	0
OG0001183	OG0001183	1	1	2	2	0
OG0001184	OG0001184	1	1	1	1	2
OG0001185	OG0001185	1	1	1	2	1
OG0001186	OG0001186	2	1	1	2	0
OG0001187	OG0001187	2	2	2	0	0
OG0001188	OG0001188	2	1	1	1	1
OG0001189	OG0001189	2	2	1	0	1
OG0001190	OG0001190	1	1	2	2	0
OG0001191	OG0001191	2	0	2	2	0
OG0001192	OG0001192	1	1	1	1	2
OG0001193	OG0001193	1	1	2	2	0
OG0001194	OG0001194	1	1	2	0	2
OG0001195	OG0001195	2	0	2	2	0
OG0001196	OG0001196	1	1	1	3	0
OG0001197	OG0001197	1	1	1	2	1
OG0001198	OG0001198	1	1	1	2	1
OG0001199	OG0001199	1	1	1	1	2
OG0001200	OG0001200	1	1	1	2	1
OG0001201	OG0001201	1	1	2	2	0
OG0001202	OG0001202	1	1	1	2	1
OG0001203	OG0001203	1	1	1	2	1
OG0001204	OG0001204	1	1	1	1	2
OG0001205	OG0001205	1	1	1	2	1
OG0001206	OG0001206	1	1	1	2	1
OG0001207	OG0001207	1	1	1	2	1
OG0001208	OG0001208	1	1	1	2	1
OG0001209	OG0001209	1	1	1	2	1
OG0001210	OG0001210	1	1	2	2	0
OG0001211	OG0001211	1	1	1	2	1
OG0001212	OG0001212	1	1	2	2	0
OG0001213	OG0001213	1	1	1	2	1
OG0001214	OG0001214	1	1	2	2	0
OG0001215	OG0001215	1	1	1	2	1
OG0001216	OG0001216	1	1	1	2	1
OG0001217	OG0001217	1	1	1	2	1
OG0001218	OG0001218	1	1	2	2	0
OG0001219	OG0001219	1	1	1	2	1
OG0001220	OG0001220	1	1	1	2	1
OG0001221	OG0001221	1	1	1	2	1
OG0001222	OG0001222	1	1	1	0	3
OG0001223	OG0001223	1	1	1	1	2
OG0001224	OG0001224	1	1	1	3	0
OG0001225	OG0001225	1	1	1	2	1
OG0001226	OG0001226	1	1	1	2	1
OG0001227	OG0001227	1	1	1	0	3
OG0001228	OG0001228	1	1	1	2	1
OG0001229	OG0001229	2	1	2	0	1
OG0001230	OG0001230	1	1	1	2	1
OG0001231	OG0001231	1	1	2	2	0
OG0001232	OG0001232	1	1	1	2	1
OG0001233	OG0001233	1	2	0	2	1
OG0001234	OG0001234	1	1	1	2	1
OG0001235	OG0001235	1	1	1	2	1
OG0001236	OG0001236	1	1	1	2	1
OG0001237	OG0001237	1	1	1	2	1
OG0001238	OG0001238	1	1	1	2	1
OG0001239	OG0001239	2	1	1	2	0
OG0001240	OG0001240	1	1	1	2	1
OG0001241	OG0001241	1	2	0	2	1
OG0001242	OG0001242	1	1	1	2	1
OG0001243	OG0001243	1	1	1	2	1
OG0001244	OG0001244	1	1	1	1	2
OG0001245	OG0001245	1	1	1	2	1
OG0001246	OG0001246	2	1	1	2	0
OG0001247	OG0001247	2	1	1	2	0
OG0001248	OG0001248	1	1	1	2	1
OG0001249	OG0001249	1	1	1	2	1
OG0001250	OG0001250	1	1	2	1	1
OG0001251	OG0001251	1	1	1	0	3
OG0001252	OG0001252	1	1	1	2	1
OG0001253	OG0001253	1	2	2	0	1
OG0001254	OG0001254	1	1	1	0	3
OG0001255	OG0001255	1	1	1	2	1
OG0001256	OG0001256	1	0	1	2	2
OG0001257	OG0001257	1	1	1	1	2
OG0001258	OG0001258	2	1	1	2	0
OG0001259	OG0001259	1	0	1	0	4
OG0001260	OG0001260	1	1	1	1	2
OG0001261	OG0001261	1	1	1	2	1
OG0001262	OG0001262	1	1	1	2	1
OG0001263	OG0001263	1	2	1	1	1
OG0001264	OG0001264	1	1	1	2	1
OG0001265	OG0001265	1	1	1	2	1
OG0001266	OG0001266	1	2	1	1	1
OG0001267	OG0001267	1	2	1	2	0
OG0001268	OG0001268	1	1	1	2	1
OG0001269	OG0001269	2	1	1	2	0
OG0001270	OG0001270	1	1	2	1	1
OG0001271	OG0001271	1	1	1	1	2
OG0001272	OG0001272	1	1	1	2	1
OG0001273	OG0001273	1	1	1	2	1
OG0001274	OG0001274	1	1	2	1	1
OG0001275	OG0001275	1	1	1	2	1
OG0001276	OG0001276	1	1	1	2	1
OG0001277	OG0001277	1	1	1	2	1
OG0001278	OG0001278	1	1	1	2	1
OG0001279	OG0001279	1	1	1	2	1
OG0001280	OG0001280	1	1	1	2	1
OG0001281	OG0001281	1	1	2	2	0
OG0001282	OG0001282	1	1	1	2	1
OG0001283	OG0001283	2	1	1	2	0
OG0001284	OG0001284	1	1	1	2	1
OG0001285	OG0001285	2	2	1	0	1
OG0001286	OG0001286	1	0	2	2	1
OG0001287	OG0001287	1	1	1	2	1
OG0001288	OG0001288	1	1	1	1	2
OG0001289	OG0001289	1	1	1	2	1
OG0001290	OG0001290	1	1	1	2	1
OG0001291	OG0001291	1	1	1	2	1
OG0001292	OG0001292	1	1	2	2	0
OG0001293	OG0001293	1	1	1	1	2
OG0001294	OG0001294	1	1	2	1	1
OG0001295	OG0001295	1	1	1	2	1
OG0001296	OG0001296	1	1	1	0	3
OG0001297	OG0001297	1	1	1	2	1
OG0001298	OG0001298	0	2	1	2	1
OG0001299	OG0001299	0	1	2	2	1
OG0001300	OG0001300	0	2	2	2	0
OG0001301	OG0001301	0	2	2	2	0
OG0001302	OG0001302	0	3	0	3	0
OG0001303	OG0001303	0	2	2	2	0
OG0001304	OG0001304	0	2	2	2	0
OG0001305	OG0001305	0	2	1	3	0
OG0001306	OG0001306	0	1	2	2	1
OG0001307	OG0001307	0	1	2	2	1
OG0001308	OG0001308	0	1	2	2	1
OG0001309	OG0001309	1	1	1	1	1
OG0001310	OG0001310	0	0	2	2	1
OG0001311	OG0001311	1	1	1	0	2
OG0001312	OG0001312	1	0	2	2	0
OG0001313	OG0001313	1	1	1	1	1
OG0001314	OG0001314	0	1	1	2	1
OG0001315	OG0001315	1	0	0	1	3
OG0001316	OG0001316	1	2	0	2	0
OG0001317	OG0001317	1	1	1	1	1
OG0001318	OG0001318	1	2	2	0	0
OG0001319	OG0001319	1	0	2	0	2
OG0001320	OG0001320	1	0	0	1	3
OG0001321	OG0001321	1	0	1	1	2
OG0001322	OG0001322	1	1	1	1	1
OG0001323	OG0001323	1	1	1	1	1
OG0001324	OG0001324	1	1	1	1	1
OG0001325	OG0001325	1	1	1	1	1
OG0001326	OG0001326	0	0	1	0	4
OG0001327	OG0001327	1	1	1	2	0
OG0001328	OG0001328	1	1	1	1	1
OG0001329	OG0001329	1	1	1	1	1
OG0001330	OG0001330	1	1	1	1	1
OG0001331	OG0001331	1	1	1	1	1
OG0001332	OG0001332	1	1	1	1	1
OG0001333	OG0001333	1	1	1	1	1
OG0001334	OG0001334	1	1	1	1	1
OG0001335	OG0001335	1	1	1	1	1
OG0001336	OG0001336	1	1	1	1	1
OG0001337	OG0001337	1	1	1	1	1
OG0001338	OG0001338	1	1	1	1	1
OG0001339	OG0001339	1	1	1	1	1
OG0001340	OG0001340	1	1	1	1	1
OG0001341	OG0001341	1	1	1	1	1
OG0001342	OG0001342	0	0	1	3	1
OG0001343	OG0001343	2	0	1	2	0
OG0001344	OG0001344	2	0	1	1	1
OG0001345	OG0001345	1	1	1	1	1
OG0001346	OG0001346	1	1	1	1	1
OG0001347	OG0001347	1	1	1	1	1
OG0001348	OG0001348	1	1	1	1	1
OG0001349	OG0001349	1	1	1	1	1
OG0001350	OG0001350	1	1	1	1	1
OG0001351	OG0001351	1	1	1	1	1
OG0001352	OG0001352	1	1	1	1	1
OG0001353	OG0001353	1	1	1	1	1
OG0001354	OG0001354	1	1	1	1	1
OG0001355	OG0001355	1	1	1	1	1
OG0001356	OG0001356	1	1	1	1	1
OG0001357	OG0001357	0	1	1	3	0
OG0001358	OG0001358	1	1	1	1	1
OG0001359	OG0001359	1	1	1	1	1
OG0001360	OG0001360	1	1	1	1	1
OG0001361	OG0001361	1	1	1	1	1
OG0001362	OG0001362	1	1	1	1	1
OG0001363	OG0001363	1	1	1	1	1
OG0001364	OG0001364	1	1	1	1	1
OG0001365	OG0001365	1	1	1	1	1
OG0001366	OG0001366	1	1	1	1	1
OG0001367	OG0001367	1	1	1	1	1
OG0001368	OG0001368	1	1	1	1	1
OG0001369	OG0001369	1	1	1	1	1
OG0001370	OG0001370	1	1	1	1	1
OG0001371	OG0001371	1	1	1	1	1
OG0001372	OG0001372	1	1	0	2	1
OG0001373	OG0001373	1	1	1	1	1
OG0001374	OG0001374	1	1	1	1	1
OG0001375	OG0001375	1	1	1	1	1
OG0001376	OG0001376	1	1	1	1	1
OG0001377	OG0001377	1	1	1	1	1
OG0001378	OG0001378	1	1	1	1	1
OG0001379	OG0001379	1	1	1	1	1
OG0001380	OG0001380	1	1	1	1	1
OG0001381	OG0001381	1	1	1	1	1
OG0001382	OG0001382	1	1	1	1	1
OG0001383	OG0001383	1	1	1	1	1
OG0001384	OG0001384	1	1	1	1	1
OG0001385	OG0001385	1	1	1	1	1
OG0001386	OG0001386	1	1	1	1	1
OG0001387	OG0001387	1	1	1	1	1
OG0001388	OG0001388	1	1	1	1	1
OG0001389	OG0001389	1	1	1	1	1
OG0001390	OG0001390	1	1	1	1	1
OG0001391	OG0001391	1	1	1	1	1
OG0001392	OG0001392	1	1	1	1	1
OG0001393	OG0001393	1	1	1	1	1
OG0001394	OG0001394	1	1	1	1	1
OG0001395	OG0001395	1	1	1	1	1
OG0001396	OG0001396	1	1	1	1	1
OG0001397	OG0001397	1	1	1	1	1
OG0001398	OG0001398	1	1	1	1	1
OG0001399	OG0001399	1	1	1	1	1
OG0001400	OG0001400	1	1	1	1	1
OG0001401	OG0001401	1	1	1	1	1
OG0001402	OG0001402	1	1	1	1	1
OG0001403	OG0001403	1	1	1	1	1
OG0001404	OG0001404	1	1	1	1	1
OG0001405	OG0001405	1	1	1	1	1
OG0001406	OG0001406	1	1	1	1	1
OG0001407	OG0001407	1	1	1	1	1
OG0001408	OG0001408	1	1	1	1	1
OG0001409	OG0001409	1	1	1	1	1
OG0001410	OG0001410	1	1	1	1	1
OG0001411	OG0001411	1	1	1	1	1
OG0001412	OG0001412	1	1	1	1	1
OG0001413	OG0001413	1	1	1	1	1
OG0001414	OG0001414	1	1	1	1	1
OG0001415	OG0001415	1	1	1	1	1
OG0001416	OG0001416	1	1	1	1	1
OG0001417	OG0001417	1	1	1	1	1
OG0001418	OG0001418	1	1	1	1	1
OG0001419	OG0001419	1	1	1	1	1
OG0001420	OG0001420	1	1	1	1	1
OG0001421	OG0001421	1	1	1	1	1
OG0001422	OG0001422	1	1	1	1	1
OG0001423	OG0001423	1	1	1	1	1
OG0001424	OG0001424	1	1	1	1	1
OG0001425	OG0001425	1	1	1	1	1
OG0001426	OG0001426	1	1	1	1	1
OG0001427	OG0001427	1	1	1	1	1
OG0001428	OG0001428	1	1	1	1	1
OG0001429	OG0001429	1	1	1	1	1
OG0001430	OG0001430	1	1	1	1	1
OG0001431	OG0001431	1	1	1	1	1
OG0001432	OG0001432	1	1	1	1	1
OG0001433	OG0001433	1	1	1	1	1
OG0001434	OG0001434	1	1	1	1	1
OG0001435	OG0001435	1	1	1	1	1
OG0001436	OG0001436	1	1	1	1	1
OG0001437	OG0001437	1	1	1	1	1
OG0001438	OG0001438	1	1	1	1	1
OG0001439	OG0001439	1	1	1	1	1
OG0001440	OG0001440	1	1	1	1	1
OG0001441	OG0001441	1	1	1	1	1
OG0001442	OG0001442	1	1	1	1	1
OG0001443	OG0001443	1	1	1	1	1
OG0001444	OG0001444	1	1	1	1	1
OG0001445	OG0001445	1	1	1	1	1
OG0001446	OG0001446	1	1	1	1	1
OG0001447	OG0001447	1	1	1	1	1
OG0001448	OG0001448	1	1	1	1	1
OG0001449	OG0001449	1	1	1	1	1
OG0001450	OG0001450	1	1	1	1	1
OG0001451	OG0001451	1	1	1	1	1
OG0001452	OG0001452	1	1	1	1	1
OG0001453	OG0001453	1	1	1	1	1
OG0001454	OG0001454	1	0	0	2	2
OG0001455	OG0001455	1	1	1	1	1
OG0001456	OG0001456	1	1	1	1	1
OG0001457	OG0001457	1	1	1	1	1
OG0001458	OG0001458	1	1	1	1	1
OG0001459	OG0001459	1	1	1	1	1
OG0001460	OG0001460	1	1	1	1	1
OG0001461	OG0001461	1	1	1	1	1
OG0001462	OG0001462	1	1	1	1	1
OG0001463	OG0001463	1	1	1	1	1
OG0001464	OG0001464	1	1	1	1	1
OG0001465	OG0001465	1	1	1	1	1
OG0001466	OG0001466	1	1	1	1	1
OG0001467	OG0001467	1	1	1	1	1
OG0001468	OG0001468	1	1	1	1	1
OG0001469	OG0001469	1	1	1	1	1
OG0001470	OG0001470	1	1	1	1	1
OG0001471	OG0001471	1	1	1	1	1
OG0001472	OG0001472	1	1	1	1	1
OG0001473	OG0001473	1	1	1	1	1
OG0001474	OG0001474	1	1	1	1	1
OG0001475	OG0001475	1	1	1	1	1
OG0001476	OG0001476	1	1	1	1	1
OG0001477	OG0001477	1	1	1	1	1
OG0001478	OG0001478	1	1	1	1	1
OG0001479	OG0001479	1	1	1	1	1
OG0001480	OG0001480	1	1	1	1	1
OG0001481	OG0001481	1	1	1	1	1
OG0001482	OG0001482	1	1	1	1	1
OG0001483	OG0001483	1	1	1	1	1
OG0001484	OG0001484	1	1	1	1	1
OG0001485	OG0001485	1	1	1	1	1
OG0001486	OG0001486	0	0	1	2	2
OG0001487	OG0001487	1	1	1	1	1
OG0001488	OG0001488	1	1	1	1	1
OG0001489	OG0001489	1	1	1	1	1
OG0001490	OG0001490	1	1	1	1	1
OG0001491	OG0001491	1	1	1	1	1
OG0001492	OG0001492	1	1	1	1	1
OG0001493	OG0001493	1	1	1	1	1
OG0001494	OG0001494	1	1	1	1	1
OG0001495	OG0001495	1	1	1	1	1
OG0001496	OG0001496	1	1	1	1	1
OG0001497	OG0001497	1	1	1	1	1
OG0001498	OG0001498	1	1	1	1	1
OG0001499	OG0001499	1	1	1	1	1
OG0001500	OG0001500	1	1	1	1	1
OG0001501	OG0001501	1	1	1	1	1
OG0001502	OG0001502	1	1	1	1	1
OG0001503	OG0001503	1	1	1	1	1
OG0001504	OG0001504	1	1	1	2	0
OG0001505	OG0001505	1	1	1	1	1
OG0001506	OG0001506	1	1	1	1	1
OG0001507	OG0001507	1	1	1	1	1
OG0001508	OG0001508	1	1	1	1	1
OG0001509	OG0001509	1	1	1	1	1
OG0001510	OG0001510	1	1	1	1	1
OG0001511	OG0001511	1	1	1	1	1
OG0001512	OG0001512	1	1	1	1	1
OG0001513	OG0001513	1	1	1	1	1
OG0001514	OG0001514	1	1	1	1	1
OG0001515	OG0001515	1	1	1	1	1
OG0001516	OG0001516	1	1	1	1	1
OG0001517	OG0001517	1	1	1	1	1
OG0001518	OG0001518	1	1	1	1	1
OG0001519	OG0001519	1	1	1	1	1
OG0001520	OG0001520	1	1	1	1	1
OG0001521	OG0001521	1	1	1	1	1
OG0001522	OG0001522	1	1	1	1	1
OG0001523	OG0001523	1	1	1	1	1
OG0001524	OG0001524	1	1	1	1	1
OG0001525	OG0001525	1	1	1	1	1
OG0001526	OG0001526	1	1	1	1	1
OG0001527	OG0001527	1	1	1	1	1
OG0001528	OG0001528	1	1	1	1	1
OG0001529	OG0001529	1	1	1	1	1
OG0001530	OG0001530	1	1	1	1	1
OG0001531	OG0001531	1	1	1	1	1
OG0001532	OG0001532	1	1	1	1	1
OG0001533	OG0001533	1	1	1	1	1
OG0001534	OG0001534	1	1	1	1	1
OG0001535	OG0001535	1	1	1	1	1
OG0001536	OG0001536	1	1	0	2	1
OG0001537	OG0001537	1	1	1	1	1
OG0001538	OG0001538	1	1	1	1	1
OG0001539	OG0001539	1	1	1	1	1
OG0001540	OG0001540	1	1	1	1	1
OG0001541	OG0001541	1	1	1	1	1
OG0001542	OG0001542	1	1	1	1	1
OG0001543	OG0001543	1	1	1	1	1
OG0001544	OG0001544	1	1	1	1	1
OG0001545	OG0001545	1	1	1	1	1
OG0001546	OG0001546	1	1	1	1	1
OG0001547	OG0001547	1	1	1	1	1
OG0001548	OG0001548	1	1	1	1	1
OG0001549	OG0001549	1	1	1	1	1
OG0001550	OG0001550	1	1	1	1	1
OG0001551	OG0001551	1	1	1	1	1
OG0001552	OG0001552	1	1	1	1	1
OG0001553	OG0001553	1	1	1	1	1
OG0001554	OG0001554	1	1	1	1	1
OG0001555	OG0001555	1	1	1	1	1
OG0001556	OG0001556	1	1	1	1	1
OG0001557	OG0001557	1	1	1	1	1
OG0001558	OG0001558	1	1	1	1	1
OG0001559	OG0001559	1	1	1	1	1
OG0001560	OG0001560	1	1	1	1	1
OG0001561	OG0001561	1	1	1	1	1
OG0001562	OG0001562	1	1	1	1	1
OG0001563	OG0001563	1	1	1	1	1
OG0001564	OG0001564	1	1	1	1	1
OG0001565	OG0001565	1	1	1	1	1
OG0001566	OG0001566	1	1	1	1	1
OG0001567	OG0001567	1	1	1	1	1
OG0001568	OG0001568	1	1	1	1	1
OG0001569	OG0001569	1	1	1	1	1
OG0001570	OG0001570	1	1	1	1	1
OG0001571	OG0001571	1	1	1	1	1
OG0001572	OG0001572	1	1	1	1	1
OG0001573	OG0001573	1	1	1	1	1
OG0001574	OG0001574	1	1	1	1	1
OG0001575	OG0001575	1	1	1	1	1
OG0001576	OG0001576	1	1	1	1	1
OG0001577	OG0001577	1	1	1	1	1
OG0001578	OG0001578	1	1	1	1	1
OG0001579	OG0001579	1	1	1	1	1
OG0001580	OG0001580	1	1	1	1	1
OG0001581	OG0001581	1	1	1	1	1
OG0001582	OG0001582	1	1	1	1	1
OG0001583	OG0001583	1	1	1	1	1
OG0001584	OG0001584	1	1	1	1	1
OG0001585	OG0001585	1	1	1	1	1
OG0001586	OG0001586	1	1	1	1	1
OG0001587	OG0001587	1	1	1	1	1
OG0001588	OG0001588	1	1	1	1	1
OG0001589	OG0001589	1	1	1	1	1
OG0001590	OG0001590	1	1	1	1	1
OG0001591	OG0001591	1	1	1	1	1
OG0001592	OG0001592	1	1	1	1	1
OG0001593	OG0001593	1	1	1	1	1
OG0001594	OG0001594	1	1	1	1	1
OG0001595	OG0001595	1	1	1	1	1
OG0001596	OG0001596	1	1	1	1	1
OG0001597	OG0001597	1	1	1	1	1
OG0001598	OG0001598	1	1	1	1	1
OG0001599	OG0001599	1	1	1	1	1
OG0001600	OG0001600	1	1	1	1	1
OG0001601	OG0001601	1	1	1	1	1
OG0001602	OG0001602	1	0	1	2	1
OG0001603	OG0001603	1	1	1	1	1
OG0001604	OG0001604	1	1	1	1	1
OG0001605	OG0001605	1	1	1	1	1
OG0001606	OG0001606	1	1	1	1	1
OG0001607	OG0001607	1	1	1	1	1
OG0001608	OG0001608	1	1	1	1	1
OG0001609	OG0001609	1	1	1	1	1
OG0001610	OG0001610	1	1	1	1	1
OG0001611	OG0001611	1	1	1	1	1
OG0001612	OG0001612	1	1	1	1	1
OG0001613	OG0001613	1	1	1	1	1
OG0001614	OG0001614	1	1	1	1	1
OG0001615	OG0001615	1	1	1	1	1
OG0001616	OG0001616	1	1	1	1	1
OG0001617	OG0001617	1	1	1	1	1
OG0001618	OG0001618	1	1	1	1	1
OG0001619	OG0001619	1	1	1	1	1
OG0001620	OG0001620	1	1	1	1	1
OG0001621	OG0001621	1	1	1	1	1
OG0001622	OG0001622	1	1	1	1	1
OG0001623	OG0001623	1	1	1	1	1
OG0001624	OG0001624	1	1	1	1	1
OG0001625	OG0001625	1	1	1	1	1
OG0001626	OG0001626	1	1	1	1	1
OG0001627	OG0001627	1	1	1	1	1
OG0001628	OG0001628	1	2	0	1	1
OG0001629	OG0001629	1	1	1	1	1
OG0001630	OG0001630	1	1	1	1	1
OG0001631	OG0001631	1	1	1	1	1
OG0001632	OG0001632	1	1	1	1	1
OG0001633	OG0001633	1	1	1	1	1
OG0001634	OG0001634	1	1	1	1	1
OG0001635	OG0001635	1	1	1	1	1
OG0001636	OG0001636	1	1	1	1	1
OG0001637	OG0001637	1	1	1	1	1
OG0001638	OG0001638	1	1	1	1	1
OG0001639	OG0001639	1	1	1	1	1
OG0001640	OG0001640	1	1	1	1	1
OG0001641	OG0001641	1	1	1	1	1
OG0001642	OG0001642	1	1	1	1	1
OG0001643	OG0001643	1	1	1	1	1
OG0001644	OG0001644	1	1	1	1	1
OG0001645	OG0001645	1	1	1	1	1
OG0001646	OG0001646	1	1	1	1	1
OG0001647	OG0001647	1	1	1	1	1
OG0001648	OG0001648	1	1	1	1	1
OG0001649	OG0001649	1	1	0	2	1
OG0001650	OG0001650	1	1	1	1	1
OG0001651	OG0001651	1	1	1	1	1
OG0001652	OG0001652	1	1	1	1	1
OG0001653	OG0001653	1	1	1	1	1
OG0001654	OG0001654	1	1	1	1	1
OG0001655	OG0001655	1	1	1	1	1
OG0001656	OG0001656	1	1	1	1	1
OG0001657	OG0001657	1	1	1	1	1
OG0001658	OG0001658	1	1	1	1	1
OG0001659	OG0001659	1	1	1	1	1
OG0001660	OG0001660	1	1	1	1	1
OG0001661	OG0001661	1	1	1	1	1
OG0001662	OG0001662	1	1	1	1	1
OG0001663	OG0001663	1	1	1	1	1
OG0001664	OG0001664	1	1	1	1	1
OG0001665	OG0001665	1	1	1	1	1
OG0001666	OG0001666	1	1	1	1	1
OG0001667	OG0001667	1	1	1	1	1
OG0001668	OG0001668	1	1	1	1	1
OG0001669	OG0001669	1	1	1	1	1
OG0001670	OG0001670	1	1	1	1	1
OG0001671	OG0001671	1	1	0	2	1
OG0001672	OG0001672	1	1	1	1	1
OG0001673	OG0001673	1	1	1	1	1
OG0001674	OG0001674	1	1	1	1	1
OG0001675	OG0001675	1	1	1	1	1
OG0001676	OG0001676	1	1	1	1	1
OG0001677	OG0001677	1	1	1	1	1
OG0001678	OG0001678	1	1	1	1	1
OG0001679	OG0001679	1	1	1	1	1
OG0001680	OG0001680	1	1	1	1	1
OG0001681	OG0001681	1	1	1	1	1
OG0001682	OG0001682	1	1	1	1	1
OG0001683	OG0001683	1	1	1	1	1
OG0001684	OG0001684	1	1	1	1	1
OG0001685	OG0001685	1	1	1	1	1
OG0001686	OG0001686	1	1	1	1	1
OG0001687	OG0001687	1	1	1	1	1
OG0001688	OG0001688	1	1	1	1	1
OG0001689	OG0001689	1	1	1	1	1
OG0001690	OG0001690	1	1	1	1	1
OG0001691	OG0001691	1	1	1	1	1
OG0001692	OG0001692	1	1	1	1	1
OG0001693	OG0001693	1	1	1	1	1
OG0001694	OG0001694	1	1	1	1	1
OG0001695	OG0001695	1	1	1	1	1
OG0001696	OG0001696	1	1	1	1	1
OG0001697	OG0001697	1	1	1	1	1
OG0001698	OG0001698	1	1	1	1	1
OG0001699	OG0001699	1	1	1	1	1
OG0001700	OG0001700	1	1	1	1	1
OG0001701	OG0001701	1	1	1	1	1
OG0001702	OG0001702	1	1	1	1	1
OG0001703	OG0001703	1	1	1	1	1
OG0001704	OG0001704	1	1	1	1	1
OG0001705	OG0001705	1	1	1	1	1
OG0001706	OG0001706	1	1	1	1	1
OG0001707	OG0001707	1	1	1	1	1
OG0001708	OG0001708	1	1	1	1	1
OG0001709	OG0001709	1	1	1	1	1
OG0001710	OG0001710	1	1	1	1	1
OG0001711	OG0001711	1	1	1	1	1
OG0001712	OG0001712	1	1	1	1	1
OG0001713	OG0001713	1	1	1	1	1
OG0001714	OG0001714	1	1	1	1	1
OG0001715	OG0001715	1	1	1	1	1
OG0001716	OG0001716	1	1	1	1	1
OG0001717	OG0001717	1	1	1	1	1
OG0001718	OG0001718	1	1	1	1	1
OG0001719	OG0001719	1	0	1	2	1
OG0001720	OG0001720	1	1	1	1	1
OG0001721	OG0001721	1	1	1	1	1
OG0001722	OG0001722	1	1	1	1	1
OG0001723	OG0001723	1	1	1	1	1
OG0001724	OG0001724	1	1	1	1	1
OG0001725	OG0001725	1	1	1	1	1
OG0001726	OG0001726	1	1	1	1	1
OG0001727	OG0001727	1	1	1	1	1
OG0001728	OG0001728	1	1	1	1	1
OG0001729	OG0001729	1	1	1	1	1
OG0001730	OG0001730	1	1	1	1	1
OG0001731	OG0001731	1	1	1	1	1
OG0001732	OG0001732	1	1	1	1	1
OG0001733	OG0001733	1	1	1	1	1
OG0001734	OG0001734	1	1	1	1	1
OG0001735	OG0001735	1	1	1	1	1
OG0001736	OG0001736	1	1	1	1	1
OG0001737	OG0001737	1	1	1	1	1
OG0001738	OG0001738	1	1	1	1	1
OG0001739	OG0001739	1	1	1	1	1
OG0001740	OG0001740	1	1	1	1	1
OG0001741	OG0001741	1	1	1	1	1
OG0001742	OG0001742	1	1	1	1	1
OG0001743	OG0001743	1	1	1	1	1
OG0001744	OG0001744	1	1	1	1	1
OG0001745	OG0001745	1	1	1	1	1
OG0001746	OG0001746	1	1	1	1	1
OG0001747	OG0001747	1	1	1	1	1
OG0001748	OG0001748	1	1	1	1	1
OG0001749	OG0001749	1	1	1	1	1
OG0001750	OG0001750	1	1	1	1	1
OG0001751	OG0001751	1	1	1	1	1
OG0001752	OG0001752	1	1	1	1	1
OG0001753	OG0001753	1	1	1	1	1
OG0001754	OG0001754	1	1	1	1	1
OG0001755	OG0001755	1	1	1	1	1
OG0001756	OG0001756	1	1	1	1	1
OG0001757	OG0001757	1	1	1	1	1
OG0001758	OG0001758	1	1	1	1	1
OG0001759	OG0001759	1	1	1	1	1
OG0001760	OG0001760	1	1	1	1	1
OG0001761	OG0001761	1	1	1	1	1
OG0001762	OG0001762	1	1	1	1	1
OG0001763	OG0001763	1	1	1	1	1
OG0001764	OG0001764	1	1	1	1	1
OG0001765	OG0001765	1	1	1	1	1
OG0001766	OG0001766	1	1	1	1	1
OG0001767	OG0001767	1	1	1	1	1
OG0001768	OG0001768	1	1	1	1	1
OG0001769	OG0001769	1	1	1	1	1
OG0001770	OG0001770	1	1	1	1	1
OG0001771	OG0001771	1	1	1	1	1
OG0001772	OG0001772	1	1	1	1	1
OG0001773	OG0001773	1	1	1	1	1
OG0001774	OG0001774	1	1	1	1	1
OG0001775	OG0001775	1	1	1	1	1
OG0001776	OG0001776	1	1	1	1	1
OG0001777	OG0001777	1	1	1	1	1
OG0001778	OG0001778	1	1	1	1	1
OG0001779	OG0001779	1	1	1	1	1
OG0001780	OG0001780	1	1	1	1	1
OG0001781	OG0001781	1	1	1	1	1
OG0001782	OG0001782	1	1	1	1	1
OG0001783	OG0001783	1	1	1	1	1
OG0001784	OG0001784	1	1	1	1	1
OG0001785	OG0001785	1	1	1	1	1
OG0001786	OG0001786	1	1	1	1	1
OG0001787	OG0001787	1	1	1	1	1
OG0001788	OG0001788	1	1	1	1	1
OG0001789	OG0001789	1	1	1	1	1
OG0001790	OG0001790	1	1	1	1	1
OG0001791	OG0001791	1	1	1	1	1
OG0001792	OG0001792	1	1	1	1	1
OG0001793	OG0001793	1	1	1	1	1
OG0001794	OG0001794	1	1	1	1	1
OG0001795	OG0001795	1	1	1	1	1
OG0001796	OG0001796	1	1	1	1	1
OG0001797	OG0001797	1	1	1	1	1
OG0001798	OG0001798	1	1	1	1	1
OG0001799	OG0001799	1	1	1	1	1
OG0001800	OG0001800	1	1	1	1	1
OG0001801	OG0001801	1	1	1	1	1
OG0001802	OG0001802	1	1	1	1	1
OG0001803	OG0001803	1	1	1	1	1
OG0001804	OG0001804	1	1	1	1	1
OG0001805	OG0001805	1	1	1	1	1
OG0001806	OG0001806	1	1	1	1	1
OG0001807	OG0001807	1	1	1	1	1
OG0001808	OG0001808	1	1	1	1	1
OG0001809	OG0001809	1	1	1	1	1
OG0001810	OG0001810	1	1	1	1	1
OG0001811	OG0001811	1	1	1	1	1
OG0001812	OG0001812	1	1	1	1	1
OG0001813	OG0001813	1	1	1	1	1
OG0001814	OG0001814	1	1	1	1	1
OG0001815	OG0001815	1	1	1	1	1
OG0001816	OG0001816	1	1	1	1	1
OG0001817	OG0001817	1	1	1	1	1
OG0001818	OG0001818	1	1	1	1	1
OG0001819	OG0001819	1	1	1	1	1
OG0001820	OG0001820	1	1	1	1	1
OG0001821	OG0001821	1	1	1	1	1
OG0001822	OG0001822	1	1	1	1	1
OG0001823	OG0001823	1	1	1	1	1
OG0001824	OG0001824	1	1	1	1	1
OG0001825	OG0001825	1	1	1	1	1
OG0001826	OG0001826	1	1	1	1	1
OG0001827	OG0001827	1	1	1	1	1
OG0001828	OG0001828	1	1	1	1	1
OG0001829	OG0001829	1	1	1	1	1
OG0001830	OG0001830	1	1	1	1	1
OG0001831	OG0001831	1	1	1	1	1
OG0001832	OG0001832	1	1	1	1	1
OG0001833	OG0001833	1	1	1	1	1
OG0001834	OG0001834	1	1	1	1	1
OG0001835	OG0001835	1	1	1	1	1
OG0001836	OG0001836	1	1	1	1	1
OG0001837	OG0001837	1	1	1	1	1
OG0001838	OG0001838	1	1	1	1	1
OG0001839	OG0001839	1	1	1	1	1
OG0001840	OG0001840	1	1	1	1	1
OG0001841	OG0001841	1	1	1	1	1
OG0001842	OG0001842	1	1	1	1	1
OG0001843	OG0001843	1	1	1	1	1
OG0001844	OG0001844	1	1	1	1	1
OG0001845	OG0001845	1	1	1	1	1
OG0001846	OG0001846	1	1	1	1	1
OG0001847	OG0001847	1	1	1	1	1
OG0001848	OG0001848	1	1	1	1	1
OG0001849	OG0001849	1	1	1	1	1
OG0001850	OG0001850	1	1	1	1	1
OG0001851	OG0001851	1	1	1	1	1
OG0001852	OG0001852	1	1	1	1	1
OG0001853	OG0001853	1	1	1	1	1
OG0001854	OG0001854	1	1	1	1	1
OG0001855	OG0001855	1	1	1	1	1
OG0001856	OG0001856	1	1	1	1	1
OG0001857	OG0001857	1	1	1	1	1
OG0001858	OG0001858	1	1	1	1	1
OG0001859	OG0001859	1	1	1	1	1
OG0001860	OG0001860	1	1	1	1	1
OG0001861	OG0001861	1	1	1	1	1
OG0001862	OG0001862	1	1	1	1	1
OG0001863	OG0001863	1	1	1	1	1
OG0001864	OG0001864	1	1	1	1	1
OG0001865	OG0001865	1	1	1	1	1
OG0001866	OG0001866	1	1	1	1	1
OG0001867	OG0001867	1	1	1	1	1
OG0001868	OG0001868	1	1	1	1	1
OG0001869	OG0001869	1	1	1	1	1
OG0001870	OG0001870	1	1	1	1	1
OG0001871	OG0001871	1	1	1	1	1
OG0001872	OG0001872	1	1	1	1	1
OG0001873	OG0001873	1	1	1	1	1
OG0001874	OG0001874	1	1	1	1	1
OG0001875	OG0001875	1	1	1	1	1
OG0001876	OG0001876	1	1	1	1	1
OG0001877	OG0001877	1	1	1	1	1
OG0001878	OG0001878	1	1	1	1	1
OG0001879	OG0001879	1	1	1	1	1
OG0001880	OG0001880	1	1	1	1	1
OG0001881	OG0001881	1	1	1	1	1
OG0001882	OG0001882	1	1	1	1	1
OG0001883	OG0001883	1	1	1	1	1
OG0001884	OG0001884	1	1	1	1	1
OG0001885	OG0001885	1	1	1	1	1
OG0001886	OG0001886	1	1	1	1	1
OG0001887	OG0001887	1	1	1	1	1
OG0001888	OG0001888	1	1	1	1	1
OG0001889	OG0001889	1	1	1	1	1
OG0001890	OG0001890	1	1	1	1	1
OG0001891	OG0001891	1	1	1	1	1
OG0001892	OG0001892	1	1	1	1	1
OG0001893	OG0001893	1	1	1	1	1
OG0001894	OG0001894	1	1	1	1	1
OG0001895	OG0001895	1	1	1	1	1
OG0001896	OG0001896	1	1	1	1	1
OG0001897	OG0001897	1	1	1	1	1
OG0001898	OG0001898	1	1	1	1	1
OG0001899	OG0001899	1	1	1	1	1
OG0001900	OG0001900	1	1	1	1	1
OG0001901	OG0001901	1	1	1	1	1
OG0001902	OG0001902	1	1	1	1	1
OG0001903	OG0001903	1	1	1	1	1
OG0001904	OG0001904	1	1	1	1	1
OG0001905	OG0001905	1	1	1	1	1
OG0001906	OG0001906	1	1	1	1	1
OG0001907	OG0001907	1	1	1	1	1
OG0001908	OG0001908	1	1	1	1	1
OG0001909	OG0001909	1	1	1	1	1
OG0001910	OG0001910	1	1	1	1	1
OG0001911	OG0001911	1	1	1	1	1
OG0001912	OG0001912	1	1	1	1	1
OG0001913	OG0001913	1	1	1	1	1
OG0001914	OG0001914	1	1	1	1	1
OG0001915	OG0001915	1	1	1	1	1
OG0001916	OG0001916	1	1	1	1	1
OG0001917	OG0001917	1	1	1	1	1
OG0001918	OG0001918	1	1	1	1	1
OG0001919	OG0001919	1	1	1	1	1
OG0001920	OG0001920	1	1	1	1	1
OG0001921	OG0001921	1	1	1	1	1
OG0001922	OG0001922	1	1	1	1	1
OG0001923	OG0001923	1	1	1	1	1
OG0001924	OG0001924	1	1	1	1	1
OG0001925	OG0001925	1	1	1	1	1
OG0001926	OG0001926	1	1	1	1	1
OG0001927	OG0001927	1	1	1	1	1
OG0001928	OG0001928	1	1	1	1	1
OG0001929	OG0001929	1	1	1	1	1
OG0001930	OG0001930	1	1	1	1	1
OG0001931	OG0001931	1	1	1	1	1
OG0001932	OG0001932	1	1	1	1	1
OG0001933	OG0001933	1	1	1	1	1
OG0001934	OG0001934	1	1	1	1	1
OG0001935	OG0001935	1	1	1	1	1
OG0001936	OG0001936	1	1	1	1	1
OG0001937	OG0001937	1	1	1	1	1
OG0001938	OG0001938	1	1	1	1	1
OG0001939	OG0001939	1	1	1	1	1
OG0001940	OG0001940	1	1	1	1	1
OG0001941	OG0001941	1	1	1	1	1
OG0001942	OG0001942	1	1	1	1	1
OG0001943	OG0001943	1	1	1	1	1
OG0001944	OG0001944	1	1	1	1	1
OG0001945	OG0001945	1	1	1	1	1
OG0001946	OG0001946	1	1	1	1	1
OG0001947	OG0001947	1	1	1	1	1
OG0001948	OG0001948	1	1	1	1	1
OG0001949	OG0001949	1	1	1	1	1
OG0001950	OG0001950	1	1	1	1	1
OG0001951	OG0001951	1	1	1	1	1
OG0001952	OG0001952	1	1	1	1	1
OG0001953	OG0001953	1	1	1	1	1
OG0001954	OG0001954	1	1	1	1	1
OG0001955	OG0001955	1	1	1	1	1
OG0001956	OG0001956	1	1	1	1	1
OG0001957	OG0001957	1	1	1	1	1
OG0001958	OG0001958	1	1	1	1	1
OG0001959	OG0001959	1	1	1	1	1
OG0001960	OG0001960	1	1	1	1	1
OG0001961	OG0001961	1	1	1	1	1
OG0001962	OG0001962	1	1	1	1	1
OG0001963	OG0001963	1	1	1	1	1
OG0001964	OG0001964	1	1	1	1	1
OG0001965	OG0001965	1	1	1	1	1
OG0001966	OG0001966	1	1	1	1	1
OG0001967	OG0001967	1	1	1	1	1
OG0001968	OG0001968	1	1	1	1	1
OG0001969	OG0001969	1	1	1	1	1
OG0001970	OG0001970	1	1	1	1	1
OG0001971	OG0001971	1	1	1	1	1
OG0001972	OG0001972	1	1	1	1	1
OG0001973	OG0001973	1	1	1	1	1
OG0001974	OG0001974	1	1	1	1	1
OG0001975	OG0001975	1	1	1	1	1
OG0001976	OG0001976	1	1	1	1	1
OG0001977	OG0001977	1	1	1	1	1
OG0001978	OG0001978	1	1	1	1	1
OG0001979	OG0001979	1	1	1	1	1
OG0001980	OG0001980	0	1	1	2	1
OG0001981	OG0001981	1	1	1	1	1
OG0001982	OG0001982	1	1	1	1	1
OG0001983	OG0001983	1	1	1	1	1
OG0001984	OG0001984	1	2	0	1	1
OG0001985	OG0001985	1	1	1	1	1
OG0001986	OG0001986	1	1	1	1	1
OG0001987	OG0001987	1	1	1	1	1
OG0001988	OG0001988	1	1	1	1	1
OG0001989	OG0001989	1	1	1	1	1
OG0001990	OG0001990	1	1	1	1	1
OG0001991	OG0001991	1	1	1	1	1
OG0001992	OG0001992	1	1	1	1	1
OG0001993	OG0001993	1	1	1	1	1
OG0001994	OG0001994	1	1	1	1	1
OG0001995	OG0001995	1	1	1	1	1
OG0001996	OG0001996	1	1	1	1	1
OG0001997	OG0001997	1	1	1	1	1
OG0001998	OG0001998	1	1	1	1	1
OG0001999	OG0001999	1	1	1	1	1
OG0002000	OG0002000	1	1	0	2	1
OG0002001	OG0002001	1	1	1	1	1
OG0002002	OG0002002	1	1	1	1	1
OG0002003	OG0002003	1	1	1	1	1
OG0002004	OG0002004	1	1	1	1	1
OG0002005	OG0002005	1	1	1	1	1
OG0002006	OG0002006	1	1	1	1	1
OG0002007	OG0002007	1	1	1	1	1
OG0002008	OG0002008	1	1	1	1	1
OG0002009	OG0002009	1	1	1	1	1
OG0002010	OG0002010	1	1	1	1	1
OG0002011	OG0002011	1	1	1	1	1
OG0002012	OG0002012	1	1	1	1	1
OG0002013	OG0002013	1	1	1	1	1
OG0002014	OG0002014	1	1	1	1	1
OG0002015	OG0002015	1	1	0	2	1
OG0002016	OG0002016	1	1	1	1	1
OG0002017	OG0002017	0	1	1	2	1
OG0002018	OG0002018	1	1	1	1	1
OG0002019	OG0002019	1	1	1	1	1
OG0002020	OG0002020	1	1	1	1	1
OG0002021	OG0002021	1	1	1	1	1
OG0002022	OG0002022	1	1	1	1	1
OG0002023	OG0002023	1	1	1	1	1
OG0002024	OG0002024	1	1	1	1	1
OG0002025	OG0002025	1	1	1	1	1
OG0002026	OG0002026	1	1	1	1	1
OG0002027	OG0002027	1	1	1	1	1
OG0002028	OG0002028	1	1	1	1	1
OG0002029	OG0002029	1	0	1	2	1
OG0002030	OG0002030	1	1	1	1	1
OG0002031	OG0002031	1	1	1	1	1
OG0002032	OG0002032	1	1	1	1	1
OG0002033	OG0002033	1	1	1	1	1
OG0002034	OG0002034	1	1	1	1	1
OG0002035	OG0002035	1	1	1	2	0
OG0002036	OG0002036	1	1	1	1	1
OG0002037	OG0002037	1	1	1	1	1
OG0002038	OG0002038	1	1	1	1	1
OG0002039	OG0002039	1	1	1	1	1
OG0002040	OG0002040	1	1	1	1	1
OG0002041	OG0002041	1	1	1	1	1
OG0002042	OG0002042	1	1	1	1	1
OG0002043	OG0002043	1	1	1	1	1
OG0002044	OG0002044	1	1	1	1	1
OG0002045	OG0002045	2	1	0	2	0
OG0002046	OG0002046	1	1	1	1	1
OG0002047	OG0002047	1	1	1	1	1
OG0002048	OG0002048	1	1	1	1	1
OG0002049	OG0002049	1	1	1	1	1
OG0002050	OG0002050	1	1	2	1	0
OG0002051	OG0002051	1	1	1	1	1
OG0002052	OG0002052	1	2	0	2	0
OG0002053	OG0002053	1	1	1	1	1
OG0002054	OG0002054	1	1	1	1	1
OG0002055	OG0002055	1	1	1	1	1
OG0002056	OG0002056	1	1	1	1	1
OG0002057	OG0002057	1	1	1	1	1
OG0002058	OG0002058	1	1	1	1	1
OG0002059	OG0002059	1	1	1	1	1
OG0002060	OG0002060	1	1	1	1	1
OG0002061	OG0002061	1	1	1	1	1
OG0002062	OG0002062	1	1	1	1	1
OG0002063	OG0002063	1	1	1	1	1
OG0002064	OG0002064	1	1	1	1	1
OG0002065	OG0002065	1	1	1	1	1
OG0002066	OG0002066	1	1	1	1	1
OG0002067	OG0002067	1	1	1	1	1
OG0002068	OG0002068	1	1	1	1	1
OG0002069	OG0002069	1	1	1	1	1
OG0002070	OG0002070	1	1	1	1	1
OG0002071	OG0002071	1	1	1	1	1
OG0002072	OG0002072	1	1	1	1	1
OG0002073	OG0002073	1	1	1	1	1
OG0002074	OG0002074	1	1	1	1	1
OG0002075	OG0002075	1	1	1	1	1
OG0002076	OG0002076	1	1	1	2	0
OG0002077	OG0002077	1	1	1	1	1
OG0002078	OG0002078	1	1	1	1	1
OG0002079	OG0002079	1	1	1	1	1
OG0002080	OG0002080	1	1	1	1	1
OG0002081	OG0002081	1	1	1	1	1
OG0002082	OG0002082	1	1	1	1	1
OG0002083	OG0002083	2	0	1	2	0
OG0002084	OG0002084	1	1	1	1	1
OG0002085	OG0002085	1	1	1	1	1
OG0002086	OG0002086	1	1	1	1	1
OG0002087	OG0002087	1	1	1	1	1
OG0002088	OG0002088	1	1	1	1	1
OG0002089	OG0002089	1	1	1	1	1
OG0002090	OG0002090	1	1	1	1	1
OG0002091	OG0002091	1	1	1	1	1
OG0002092	OG0002092	1	1	1	1	1
OG0002093	OG0002093	1	1	1	1	1
OG0002094	OG0002094	1	1	1	1	1
OG0002095	OG0002095	1	1	1	1	1
OG0002096	OG0002096	1	1	1	1	1
OG0002097	OG0002097	1	1	1	1	1
OG0002098	OG0002098	1	1	1	1	1
OG0002099	OG0002099	1	1	1	1	1
OG0002100	OG0002100	1	1	1	1	1
OG0002101	OG0002101	1	1	1	1	1
OG0002102	OG0002102	1	1	1	1	1
OG0002103	OG0002103	1	1	1	1	1
OG0002104	OG0002104	1	1	1	1	1
OG0002105	OG0002105	1	1	1	1	1
OG0002106	OG0002106	1	1	1	1	1
OG0002107	OG0002107	1	1	1	1	1
OG0002108	OG0002108	1	1	1	1	1
OG0002109	OG0002109	1	1	1	1	1
OG0002110	OG0002110	1	1	1	1	1
OG0002111	OG0002111	1	1	1	1	1
OG0002112	OG0002112	1	1	1	1	1
OG0002113	OG0002113	1	1	1	1	1
OG0002114	OG0002114	1	1	1	1	1
OG0002115	OG0002115	1	1	1	1	1
OG0002116	OG0002116	1	1	1	1	1
OG0002117	OG0002117	1	1	1	1	1
OG0002118	OG0002118	1	1	1	1	1
OG0002119	OG0002119	2	1	2	0	0
OG0002120	OG0002120	1	1	1	1	1
OG0002121	OG0002121	1	1	1	1	1
OG0002122	OG0002122	1	1	1	1	1
OG0002123	OG0002123	1	1	1	1	1
OG0002124	OG0002124	1	1	1	1	1
OG0002125	OG0002125	1	1	1	1	1
OG0002126	OG0002126	1	1	1	1	1
OG0002127	OG0002127	1	1	2	0	1
OG0002128	OG0002128	1	1	1	1	1
OG0002129	OG0002129	1	1	1	1	1
OG0002130	OG0002130	1	1	1	1	1
OG0002131	OG0002131	2	0	0	0	3
OG0002132	OG0002132	1	1	1	1	1
OG0002133	OG0002133	1	1	1	1	1
OG0002134	OG0002134	1	2	0	2	0
OG0002135	OG0002135	1	1	1	1	1
OG0002136	OG0002136	1	1	2	1	0
OG0002137	OG0002137	2	1	1	1	0
OG0002138	OG0002138	1	1	1	2	0
OG0002139	OG0002139	1	1	1	1	1
OG0002140	OG0002140	1	1	1	1	1
OG0002141	OG0002141	2	2	1	0	0
OG0002142	OG0002142	1	1	1	1	1
OG0002143	OG0002143	1	1	1	1	1
OG0002144	OG0002144	1	1	1	1	1
OG0002145	OG0002145	1	1	1	1	1
OG0002146	OG0002146	1	1	1	1	1
OG0002147	OG0002147	1	1	1	1	1
OG0002148	OG0002148	1	1	0	3	0
OG0002149	OG0002149	1	1	1	1	1
OG0002150	OG0002150	1	1	1	1	1
OG0002151	OG0002151	1	1	1	1	1
OG0002152	OG0002152	1	1	1	1	1
OG0002153	OG0002153	1	1	1	1	1
OG0002154	OG0002154	1	1	1	1	1
OG0002155	OG0002155	1	1	1	1	1
OG0002156	OG0002156	1	1	1	1	1
OG0002157	OG0002157	1	1	1	1	1
OG0002158	OG0002158	1	1	1	1	1
OG0002159	OG0002159	1	1	1	2	0
OG0002160	OG0002160	1	1	1	1	1
OG0002161	OG0002161	1	1	1	1	1
OG0002162	OG0002162	1	1	1	1	1
OG0002163	OG0002163	1	1	1	1	1
OG0002164	OG0002164	1	1	1	1	1
OG0002165	OG0002165	1	1	1	1	1
OG0002166	OG0002166	1	1	1	1	1
OG0002167	OG0002167	1	1	1	1	1
OG0002168	OG0002168	1	1	1	1	1
OG0002169	OG0002169	1	1	1	1	1
OG0002170	OG0002170	1	1	1	1	1
OG0002171	OG0002171	1	1	1	1	1
OG0002172	OG0002172	1	1	1	1	1
OG0002173	OG0002173	1	1	1	1	1
OG0002174	OG0002174	1	1	1	1	1
OG0002175	OG0002175	1	1	1	1	1
OG0002176	OG0002176	1	1	1	1	1
OG0002177	OG0002177	1	1	1	1	1
OG0002178	OG0002178	1	1	1	1	1
OG0002179	OG0002179	1	1	1	1	1
OG0002180	OG0002180	1	1	1	1	1
OG0002181	OG0002181	1	1	1	1	1
OG0002182	OG0002182	1	1	1	1	1
OG0002183	OG0002183	1	1	1	1	1
OG0002184	OG0002184	1	1	1	1	1
OG0002185	OG0002185	1	1	1	1	1
OG0002186	OG0002186	1	1	1	1	1
OG0002187	OG0002187	1	1	1	1	1
OG0002188	OG0002188	1	1	1	1	1
OG0002189	OG0002189	1	1	1	1	1
OG0002190	OG0002190	1	1	1	2	0
OG0002191	OG0002191	1	1	1	1	1
OG0002192	OG0002192	1	1	1	1	1
OG0002193	OG0002193	1	1	1	1	1
OG0002194	OG0002194	1	1	1	1	1
OG0002195	OG0002195	1	1	1	1	1
OG0002196	OG0002196	1	1	1	1	1
OG0002197	OG0002197	1	1	1	1	1
OG0002198	OG0002198	1	1	1	0	2
OG0002199	OG0002199	1	1	1	1	1
OG0002200	OG0002200	1	1	1	1	1
OG0002201	OG0002201	1	1	1	1	1
OG0002202	OG0002202	1	1	1	1	1
OG0002203	OG0002203	1	1	1	1	1
OG0002204	OG0002204	1	1	1	1	1
OG0002205	OG0002205	1	1	1	1	1
OG0002206	OG0002206	1	1	1	1	1
OG0002207	OG0002207	1	1	1	1	1
OG0002208	OG0002208	1	1	1	1	1
OG0002209	OG0002209	1	1	1	1	1
OG0002210	OG0002210	1	1	1	1	1
OG0002211	OG0002211	1	1	1	1	1
OG0002212	OG0002212	1	1	1	1	1
OG0002213	OG0002213	1	1	1	1	1
OG0002214	OG0002214	1	1	1	1	1
OG0002215	OG0002215	1	1	1	1	1
OG0002216	OG0002216	1	1	1	1	1
OG0002217	OG0002217	1	1	1	1	1
OG0002218	OG0002218	1	1	1	1	1
OG0002219	OG0002219	1	1	1	1	1
OG0002220	OG0002220	1	1	1	1	1
OG0002221	OG0002221	1	1	1	1	1
OG0002222	OG0002222	1	1	1	1	1
OG0002223	OG0002223	1	1	1	1	1
OG0002224	OG0002224	2	3	0	0	0
OG0002225	OG0002225	1	1	1	1	1
OG0002226	OG0002226	1	1	1	1	1
OG0002227	OG0002227	1	1	1	1	1
OG0002228	OG0002228	1	1	1	1	1
OG0002229	OG0002229	1	1	1	1	1
OG0002230	OG0002230	1	1	1	1	1
OG0002231	OG0002231	1	1	1	1	1
OG0002232	OG0002232	1	1	1	1	1
OG0002233	OG0002233	1	1	1	1	1
OG0002234	OG0002234	1	1	1	1	1
OG0002235	OG0002235	1	1	1	1	1
OG0002236	OG0002236	1	1	1	2	0
OG0002237	OG0002237	1	1	1	1	1
OG0002238	OG0002238	1	1	1	1	1
OG0002239	OG0002239	1	1	1	2	0
OG0002240	OG0002240	1	1	1	1	1
OG0002241	OG0002241	1	1	1	2	0
OG0002242	OG0002242	1	1	1	1	1
OG0002243	OG0002243	1	1	1	1	1
OG0002244	OG0002244	1	1	1	1	1
OG0002245	OG0002245	1	1	1	1	1
OG0002246	OG0002246	1	1	1	1	1
OG0002247	OG0002247	1	1	1	1	1
OG0002248	OG0002248	1	1	1	1	1
OG0002249	OG0002249	1	1	1	1	1
OG0002250	OG0002250	1	1	1	1	1
OG0002251	OG0002251	1	1	1	1	1
OG0002252	OG0002252	1	1	1	1	1
OG0002253	OG0002253	1	1	1	1	1
OG0002254	OG0002254	1	1	1	1	1
OG0002255	OG0002255	1	1	1	1	1
OG0002256	OG0002256	1	1	1	1	1
OG0002257	OG0002257	1	1	1	1	1
OG0002258	OG0002258	1	1	1	2	0
OG0002259	OG0002259	1	1	1	1	1
OG0002260	OG0002260	1	1	1	1	1
OG0002261	OG0002261	1	1	1	1	1
OG0002262	OG0002262	1	1	1	1	1
OG0002263	OG0002263	1	1	1	1	1
OG0002264	OG0002264	1	1	1	1	1
OG0002265	OG0002265	1	1	1	1	1
OG0002266	OG0002266	1	1	1	1	1
OG0002267	OG0002267	1	1	1	1	1
OG0002268	OG0002268	1	1	1	1	1
OG0002269	OG0002269	1	1	1	1	1
OG0002270	OG0002270	1	1	1	1	1
OG0002271	OG0002271	1	1	1	1	1
OG0002272	OG0002272	1	1	1	1	1
OG0002273	OG0002273	2	1	1	1	0
OG0002274	OG0002274	1	1	1	1	1
OG0002275	OG0002275	1	1	1	1	1
OG0002276	OG0002276	1	1	1	1	1
OG0002277	OG0002277	1	1	1	1	1
OG0002278	OG0002278	1	1	1	1	1
OG0002279	OG0002279	1	1	1	1	1
OG0002280	OG0002280	1	1	1	1	1
OG0002281	OG0002281	1	1	1	1	1
OG0002282	OG0002282	1	1	1	1	1
OG0002283	OG0002283	1	1	1	1	1
OG0002284	OG0002284	1	1	1	1	1
OG0002285	OG0002285	1	1	1	1	1
OG0002286	OG0002286	1	1	1	1	1
OG0002287	OG0002287	1	1	1	1	1
OG0002288	OG0002288	1	1	1	1	1
OG0002289	OG0002289	1	1	1	1	1
OG0002290	OG0002290	1	1	1	1	1
OG0002291	OG0002291	1	1	1	1	1
OG0002292	OG0002292	1	1	1	1	1
OG0002293	OG0002293	1	1	1	1	1
OG0002294	OG0002294	1	1	1	1	1
OG0002295	OG0002295	1	1	1	1	1
OG0002296	OG0002296	1	1	1	1	1
OG0002297	OG0002297	1	1	1	2	0
OG0002298	OG0002298	1	1	1	1	1
OG0002299	OG0002299	1	1	1	1	1
OG0002300	OG0002300	1	1	1	1	1
OG0002301	OG0002301	1	1	1	1	1
OG0002302	OG0002302	1	1	1	1	1
OG0002303	OG0002303	1	1	1	1	1
OG0002304	OG0002304	1	1	1	1	1
OG0002305	OG0002305	1	1	1	1	1
OG0002306	OG0002306	1	1	1	1	1
OG0002307	OG0002307	1	1	1	1	1
OG0002308	OG0002308	1	1	1	1	1
OG0002309	OG0002309	1	1	1	1	1
OG0002310	OG0002310	1	1	1	2	0
OG0002311	OG0002311	1	1	1	1	1
OG0002312	OG0002312	1	1	1	1	1
OG0002313	OG0002313	1	2	1	1	0
OG0002314	OG0002314	1	1	1	1	1
OG0002315	OG0002315	1	1	1	1	1
OG0002316	OG0002316	1	1	1	1	1
OG0002317	OG0002317	1	1	1	1	1
OG0002318	OG0002318	1	1	1	1	1
OG0002319	OG0002319	1	1	1	1	1
OG0002320	OG0002320	1	1	1	1	1
OG0002321	OG0002321	1	1	1	1	1
OG0002322	OG0002322	1	1	1	1	1
OG0002323	OG0002323	1	1	1	1	1
OG0002324	OG0002324	2	1	1	1	0
OG0002325	OG0002325	1	1	1	1	1
OG0002326	OG0002326	1	1	1	2	0
OG0002327	OG0002327	1	1	1	1	1
OG0002328	OG0002328	1	1	1	1	1
OG0002329	OG0002329	1	1	1	1	1
OG0002330	OG0002330	1	1	1	1	1
OG0002331	OG0002331	1	1	1	1	1
OG0002332	OG0002332	1	1	1	1	1
OG0002333	OG0002333	1	1	1	1	1
OG0002334	OG0002334	1	1	1	1	1
OG0002335	OG0002335	1	1	1	1	1
OG0002336	OG0002336	1	1	1	1	1
OG0002337	OG0002337	1	1	1	1	1
OG0002338	OG0002338	1	1	1	1	1
OG0002339	OG0002339	1	1	1	1	1
OG0002340	OG0002340	1	2	1	1	0
OG0002341	OG0002341	1	1	1	1	1
OG0002342	OG0002342	1	1	1	1	1
OG0002343	OG0002343	1	1	1	1	1
OG0002344	OG0002344	1	1	1	1	1
OG0002345	OG0002345	1	1	1	1	1
OG0002346	OG0002346	1	1	1	1	1
OG0002347	OG0002347	1	1	1	1	1
OG0002348	OG0002348	1	1	1	1	1
OG0002349	OG0002349	1	1	1	1	1
OG0002350	OG0002350	1	1	1	1	1
OG0002351	OG0002351	1	1	1	1	1
OG0002352	OG0002352	1	1	1	1	1
OG0002353	OG0002353	1	1	1	1	1
OG0002354	OG0002354	1	1	1	1	1
OG0002355	OG0002355	1	1	1	1	1
OG0002356	OG0002356	1	1	1	1	1
OG0002357	OG0002357	1	1	1	1	1
OG0002358	OG0002358	1	1	1	1	1
OG0002359	OG0002359	1	1	1	1	1
OG0002360	OG0002360	1	1	1	1	1
OG0002361	OG0002361	1	1	1	1	1
OG0002362	OG0002362	1	1	1	1	1
OG0002363	OG0002363	1	1	1	1	1
OG0002364	OG0002364	1	1	1	1	1
OG0002365	OG0002365	1	1	1	1	1
OG0002366	OG0002366	1	1	1	1	1
OG0002367	OG0002367	1	1	1	1	1
OG0002368	OG0002368	1	1	1	1	1
OG0002369	OG0002369	1	1	1	1	1
OG0002370	OG0002370	1	1	1	1	1
OG0002371	OG0002371	1	1	1	1	1
OG0002372	OG0002372	1	1	1	1	1
OG0002373	OG0002373	1	1	1	1	1
OG0002374	OG0002374	1	1	1	1	1
OG0002375	OG0002375	1	1	1	1	1
OG0002376	OG0002376	1	1	1	1	1
OG0002377	OG0002377	1	1	1	1	1
OG0002378	OG0002378	1	1	1	1	1
OG0002379	OG0002379	1	1	1	1	1
OG0002380	OG0002380	1	1	1	1	1
OG0002381	OG0002381	1	1	1	1	1
OG0002382	OG0002382	1	1	1	1	1
OG0002383	OG0002383	1	1	1	1	1
OG0002384	OG0002384	1	1	1	1	1
OG0002385	OG0002385	1	1	1	1	1
OG0002386	OG0002386	1	1	1	1	1
OG0002387	OG0002387	1	1	1	1	1
OG0002388	OG0002388	1	1	1	1	1
OG0002389	OG0002389	1	1	1	1	1
OG0002390	OG0002390	1	1	1	1	1
OG0002391	OG0002391	1	1	1	1	1
OG0002392	OG0002392	1	1	1	1	1
OG0002393	OG0002393	1	1	1	1	1
OG0002394	OG0002394	1	1	1	1	1
OG0002395	OG0002395	1	1	1	1	1
OG0002396	OG0002396	1	1	1	1	1
OG0002397	OG0002397	1	1	1	1	1
OG0002398	OG0002398	1	1	0	1	2
OG0002399	OG0002399	1	1	1	1	1
OG0002400	OG0002400	1	1	1	1	1
OG0002401	OG0002401	1	1	1	1	1
OG0002402	OG0002402	1	1	1	1	1
OG0002403	OG0002403	1	1	1	1	1
OG0002404	OG0002404	1	1	1	2	0
OG0002405	OG0002405	1	1	1	1	1
OG0002406	OG0002406	1	1	1	1	1
OG0002407	OG0002407	1	1	1	1	1
OG0002408	OG0002408	1	1	1	1	1
OG0002409	OG0002409	1	1	1	1	1
OG0002410	OG0002410	1	1	2	0	1
OG0002411	OG0002411	1	1	1	1	1
OG0002412	OG0002412	1	1	1	1	1
OG0002413	OG0002413	1	1	1	1	1
OG0002414	OG0002414	1	1	1	1	1
OG0002415	OG0002415	1	0	0	2	2
OG0002416	OG0002416	1	1	1	1	1
OG0002417	OG0002417	1	0	2	1	1
OG0002418	OG0002418	2	1	1	0	1
OG0002419	OG0002419	1	1	1	1	1
OG0002420	OG0002420	1	1	1	1	1
OG0002421	OG0002421	1	1	1	1	1
OG0002422	OG0002422	1	1	1	1	1
OG0002423	OG0002423	1	1	1	1	1
OG0002424	OG0002424	1	1	1	1	1
OG0002425	OG0002425	1	1	1	1	1
OG0002426	OG0002426	1	1	1	1	1
OG0002427	OG0002427	1	1	1	1	1
OG0002428	OG0002428	1	1	1	1	1
OG0002429	OG0002429	1	1	1	1	1
OG0002430	OG0002430	1	1	1	1	1
OG0002431	OG0002431	1	1	1	1	1
OG0002432	OG0002432	1	1	1	1	1
OG0002433	OG0002433	1	1	1	1	1
OG0002434	OG0002434	1	1	1	1	1
OG0002435	OG0002435	2	1	1	1	0
OG0002436	OG0002436	1	2	1	0	1
OG0002437	OG0002437	1	1	1	1	1
OG0002438	OG0002438	1	1	1	1	1
OG0002439	OG0002439	1	1	1	1	1
OG0002440	OG0002440	1	1	1	1	1
OG0002441	OG0002441	1	1	1	1	1
OG0002442	OG0002442	1	1	1	1	1
OG0002443	OG0002443	1	1	1	1	1
OG0002444	OG0002444	1	1	1	1	1
OG0002445	OG0002445	1	1	1	1	1
OG0002446	OG0002446	1	1	1	1	1
OG0002447	OG0002447	1	1	1	1	1
OG0002448	OG0002448	1	1	1	1	1
OG0002449	OG0002449	1	1	1	1	1
OG0002450	OG0002450	1	1	1	1	1
OG0002451	OG0002451	1	1	1	1	1
OG0002452	OG0002452	1	1	1	1	1
OG0002453	OG0002453	1	1	1	1	1
OG0002454	OG0002454	1	1	1	1	1
OG0002455	OG0002455	1	1	1	1	1
OG0002456	OG0002456	1	1	0	3	0
OG0002457	OG0002457	1	1	1	1	1
OG0002458	OG0002458	1	1	1	1	1
OG0002459	OG0002459	1	1	1	1	1
OG0002460	OG0002460	1	1	1	1	1
OG0002461	OG0002461	1	1	1	1	1
OG0002462	OG0002462	1	1	1	1	1
OG0002463	OG0002463	1	1	1	1	1
OG0002464	OG0002464	1	1	1	1	1
OG0002465	OG0002465	1	1	1	1	1
OG0002466	OG0002466	1	1	1	1	1
OG0002467	OG0002467	1	1	1	1	1
OG0002468	OG0002468	1	0	1	2	1
OG0002469	OG0002469	1	1	1	1	1
OG0002470	OG0002470	1	1	1	1	1
OG0002471	OG0002471	1	1	1	1	1
OG0002472	OG0002472	1	1	1	1	1
OG0002473	OG0002473	1	1	1	1	1
OG0002474	OG0002474	1	1	1	1	1
OG0002475	OG0002475	1	1	1	1	1
OG0002476	OG0002476	1	1	1	1	1
OG0002477	OG0002477	1	1	1	1	1
OG0002478	OG0002478	1	1	1	1	1
OG0002479	OG0002479	1	1	1	1	1
OG0002480	OG0002480	1	1	1	1	1
OG0002481	OG0002481	1	1	1	1	1
OG0002482	OG0002482	1	1	1	1	1
OG0002483	OG0002483	1	1	1	1	1
OG0002484	OG0002484	1	1	1	1	1
OG0002485	OG0002485	1	1	1	1	1
OG0002486	OG0002486	1	1	1	1	1
OG0002487	OG0002487	1	1	1	1	1
OG0002488	OG0002488	1	1	1	1	1
OG0002489	OG0002489	1	1	1	1	1
OG0002490	OG0002490	1	1	1	1	1
OG0002491	OG0002491	1	1	1	1	1
OG0002492	OG0002492	1	1	1	1	1
OG0002493	OG0002493	1	1	1	1	1
OG0002494	OG0002494	1	1	1	1	1
OG0002495	OG0002495	1	1	1	1	1
OG0002496	OG0002496	1	1	1	1	1
OG0002497	OG0002497	1	1	1	1	1
OG0002498	OG0002498	1	1	1	1	1
OG0002499	OG0002499	1	1	1	1	1
OG0002500	OG0002500	1	1	1	1	1
OG0002501	OG0002501	1	1	1	1	1
OG0002502	OG0002502	1	1	1	1	1
OG0002503	OG0002503	1	1	1	1	1
OG0002504	OG0002504	1	1	1	1	1
OG0002505	OG0002505	1	1	1	1	1
OG0002506	OG0002506	1	1	1	1	1
OG0002507	OG0002507	1	1	1	1	1
OG0002508	OG0002508	1	1	1	1	1
OG0002509	OG0002509	1	1	1	1	1
OG0002510	OG0002510	1	1	1	1	1
OG0002511	OG0002511	1	1	1	1	1
OG0002512	OG0002512	1	1	1	1	1
OG0002513	OG0002513	1	1	1	1	1
OG0002514	OG0002514	1	1	1	1	1
OG0002515	OG0002515	1	1	1	1	1
OG0002516	OG0002516	1	1	1	1	1
OG0002517	OG0002517	1	1	1	1	1
OG0002518	OG0002518	1	1	1	1	1
OG0002519	OG0002519	1	1	1	1	1
OG0002520	OG0002520	2	1	1	0	1
OG0002521	OG0002521	1	1	1	1	1
OG0002522	OG0002522	1	1	1	1	1
OG0002523	OG0002523	1	1	1	1	1
OG0002524	OG0002524	2	1	1	1	0
OG0002525	OG0002525	1	1	1	1	1
OG0002526	OG0002526	1	1	1	1	1
OG0002527	OG0002527	1	1	1	1	1
OG0002528	OG0002528	1	1	1	1	1
OG0002529	OG0002529	1	1	1	1	1
OG0002530	OG0002530	1	1	1	1	1
OG0002531	OG0002531	1	1	1	1	1
OG0002532	OG0002532	1	1	1	1	1
OG0002533	OG0002533	1	1	1	1	1
OG0002534	OG0002534	1	1	1	1	1
OG0002535	OG0002535	1	1	1	1	1
OG0002536	OG0002536	1	1	1	1	1
OG0002537	OG0002537	1	1	1	1	1
OG0002538	OG0002538	1	1	1	1	1
OG0002539	OG0002539	1	1	1	1	1
OG0002540	OG0002540	1	1	1	1	1
OG0002541	OG0002541	1	1	1	1	1
OG0002542	OG0002542	1	0	1	2	1
OG0002543	OG0002543	1	1	1	1	1
OG0002544	OG0002544	1	1	1	1	1
OG0002545	OG0002545	1	1	1	1	1
OG0002546	OG0002546	1	1	1	1	1
OG0002547	OG0002547	1	1	1	1	1
OG0002548	OG0002548	1	1	1	1	1
OG0002549	OG0002549	1	1	1	1	1
OG0002550	OG0002550	1	1	1	1	1
OG0002551	OG0002551	1	1	1	1	1
OG0002552	OG0002552	1	1	1	1	1
OG0002553	OG0002553	1	1	1	1	1
OG0002554	OG0002554	1	1	1	1	1
OG0002555	OG0002555	1	1	1	1	1
OG0002556	OG0002556	1	1	1	1	1
OG0002557	OG0002557	1	1	1	1	1
OG0002558	OG0002558	1	1	1	1	1
OG0002559	OG0002559	1	1	1	1	1
OG0002560	OG0002560	1	1	1	1	1
OG0002561	OG0002561	1	1	1	1	1
OG0002562	OG0002562	1	1	1	1	1
OG0002563	OG0002563	1	1	1	1	1
OG0002564	OG0002564	1	1	1	1	1
OG0002565	OG0002565	1	1	1	1	1
OG0002566	OG0002566	1	1	1	1	1
OG0002567	OG0002567	1	1	1	1	1
OG0002568	OG0002568	1	1	1	1	1
OG0002569	OG0002569	1	1	1	1	1
OG0002570	OG0002570	1	1	1	1	1
OG0002571	OG0002571	1	1	1	1	1
OG0002572	OG0002572	1	1	1	1	1
OG0002573	OG0002573	1	1	1	1	1
OG0002574	OG0002574	1	1	1	1	1
OG0002575	OG0002575	1	1	1	1	1
OG0002576	OG0002576	1	1	1	1	1
OG0002577	OG0002577	1	1	1	1	1
OG0002578	OG0002578	1	1	1	1	1
OG0002579	OG0002579	1	1	1	1	1
OG0002580	OG0002580	1	1	1	1	1
OG0002581	OG0002581	1	1	1	1	1
OG0002582	OG0002582	1	1	1	1	1
OG0002583	OG0002583	1	1	1	1	1
OG0002584	OG0002584	1	1	1	1	1
OG0002585	OG0002585	1	1	1	0	2
OG0002586	OG0002586	1	1	1	1	1
OG0002587	OG0002587	1	1	1	1	1
OG0002588	OG0002588	1	1	1	1	1
OG0002589	OG0002589	1	1	1	1	1
OG0002590	OG0002590	1	1	1	1	1
OG0002591	OG0002591	1	1	1	1	1
OG0002592	OG0002592	1	1	1	1	1
OG0002593	OG0002593	1	1	1	1	1
OG0002594	OG0002594	1	1	1	1	1
OG0002595	OG0002595	1	1	1	1	1
OG0002596	OG0002596	1	1	1	1	1
OG0002597	OG0002597	1	1	1	1	1
OG0002598	OG0002598	1	1	1	1	1
OG0002599	OG0002599	1	1	1	1	1
OG0002600	OG0002600	1	1	1	1	1
OG0002601	OG0002601	1	1	1	1	1
OG0002602	OG0002602	1	1	1	1	1
OG0002603	OG0002603	1	1	1	1	1
OG0002604	OG0002604	1	2	1	0	1
OG0002605	OG0002605	1	1	1	1	1
OG0002606	OG0002606	1	1	1	1	1
OG0002607	OG0002607	1	1	1	1	1
OG0002608	OG0002608	1	1	1	1	1
OG0002609	OG0002609	1	1	1	1	1
OG0002610	OG0002610	1	1	1	1	1
OG0002611	OG0002611	2	0	1	2	0
OG0002612	OG0002612	1	1	1	1	1
OG0002613	OG0002613	1	1	1	2	0
OG0002614	OG0002614	1	1	1	1	1
OG0002615	OG0002615	1	1	1	1	1
OG0002616	OG0002616	1	1	1	1	1
OG0002617	OG0002617	1	1	2	1	0
OG0002618	OG0002618	1	1	1	1	1
OG0002619	OG0002619	1	1	1	1	1
OG0002620	OG0002620	1	1	1	1	1
OG0002621	OG0002621	1	1	1	1	1
OG0002622	OG0002622	1	1	1	1	1
OG0002623	OG0002623	1	1	1	2	0
OG0002624	OG0002624	1	1	1	1	1
OG0002625	OG0002625	1	1	1	1	1
OG0002626	OG0002626	1	1	1	1	1
OG0002627	OG0002627	1	1	1	1	1
OG0002628	OG0002628	1	1	1	1	1
OG0002629	OG0002629	1	1	1	1	1
OG0002630	OG0002630	1	1	1	1	1
OG0002631	OG0002631	1	1	1	1	1
OG0002632	OG0002632	1	1	1	1	1
OG0002633	OG0002633	1	1	1	1	1
OG0002634	OG0002634	1	1	1	1	1
OG0002635	OG0002635	1	1	1	1	1
OG0002636	OG0002636	1	1	1	1	1
OG0002637	OG0002637	1	1	1	1	1
OG0002638	OG0002638	1	1	1	1	1
OG0002639	OG0002639	1	1	1	1	1
OG0002640	OG0002640	1	1	1	1	1
OG0002641	OG0002641	1	1	1	1	1
OG0002642	OG0002642	1	1	1	1	1
OG0002643	OG0002643	1	1	1	1	1
OG0002644	OG0002644	1	1	1	1	1
OG0002645	OG0002645	1	1	1	1	1
OG0002646	OG0002646	1	1	1	1	1
OG0002647	OG0002647	1	1	1	1	1
OG0002648	OG0002648	1	1	1	1	1
OG0002649	OG0002649	1	1	1	1	1
OG0002650	OG0002650	1	1	1	1	1
OG0002651	OG0002651	1	1	1	1	1
OG0002652	OG0002652	1	1	1	1	1
OG0002653	OG0002653	1	1	1	1	1
OG0002654	OG0002654	1	1	1	1	1
OG0002655	OG0002655	1	1	1	1	1
OG0002656	OG0002656	1	1	1	1	1
OG0002657	OG0002657	1	1	1	1	1
OG0002658	OG0002658	1	1	1	1	1
OG0002659	OG0002659	1	1	1	1	1
OG0002660	OG0002660	1	1	1	1	1
OG0002661	OG0002661	1	1	1	1	1
OG0002662	OG0002662	1	1	1	1	1
OG0002663	OG0002663	2	1	1	1	0
OG0002664	OG0002664	1	1	1	1	1
OG0002665	OG0002665	1	1	1	1	1
OG0002666	OG0002666	1	1	1	1	1
OG0002667	OG0002667	1	1	1	1	1
OG0002668	OG0002668	1	1	1	1	1
OG0002669	OG0002669	1	1	1	1	1
OG0002670	OG0002670	1	1	1	1	1
OG0002671	OG0002671	1	1	1	1	1
OG0002672	OG0002672	1	1	1	1	1
OG0002673	OG0002673	1	1	1	1	1
OG0002674	OG0002674	1	1	1	1	1
OG0002675	OG0002675	1	1	1	1	1
OG0002676	OG0002676	1	1	1	1	1
OG0002677	OG0002677	1	1	1	1	1
OG0002678	OG0002678	1	1	1	1	1
OG0002679	OG0002679	1	1	1	1	1
OG0002680	OG0002680	1	1	1	1	1
OG0002681	OG0002681	1	1	1	1	1
OG0002682	OG0002682	1	1	1	1	1
OG0002683	OG0002683	1	1	1	1	1
OG0002684	OG0002684	1	1	1	1	1
OG0002685	OG0002685	1	1	1	1	1
OG0002686	OG0002686	1	1	1	1	1
OG0002687	OG0002687	1	1	1	1	1
OG0002688	OG0002688	1	1	1	1	1
OG0002689	OG0002689	1	1	1	1	1
OG0002690	OG0002690	1	1	1	1	1
OG0002691	OG0002691	1	1	1	1	1
OG0002692	OG0002692	1	1	1	1	1
OG0002693	OG0002693	1	1	1	1	1
OG0002694	OG0002694	1	1	1	1	1
OG0002695	OG0002695	1	1	1	1	1
OG0002696	OG0002696	1	1	1	1	1
OG0002697	OG0002697	1	1	1	1	1
OG0002698	OG0002698	1	1	1	1	1
OG0002699	OG0002699	1	1	1	1	1
OG0002700	OG0002700	1	1	1	1	1
OG0002701	OG0002701	1	1	1	1	1
OG0002702	OG0002702	1	1	1	1	1
OG0002703	OG0002703	1	1	1	1	1
OG0002704	OG0002704	1	1	1	1	1
OG0002705	OG0002705	1	1	1	1	1
OG0002706	OG0002706	1	1	1	1	1
OG0002707	OG0002707	1	1	1	1	1
OG0002708	OG0002708	1	1	1	1	1
OG0002709	OG0002709	1	1	1	1	1
OG0002710	OG0002710	1	1	1	1	1
OG0002711	OG0002711	1	1	1	1	1
OG0002712	OG0002712	1	1	1	1	1
OG0002713	OG0002713	1	1	1	1	1
OG0002714	OG0002714	1	1	1	1	1
OG0002715	OG0002715	1	1	1	1	1
OG0002716	OG0002716	1	1	1	1	1
OG0002717	OG0002717	1	1	1	1	1
OG0002718	OG0002718	1	1	1	1	1
OG0002719	OG0002719	1	1	1	1	1
OG0002720	OG0002720	1	1	1	1	1
OG0002721	OG0002721	1	1	1	1	1
OG0002722	OG0002722	1	1	1	1	1
OG0002723	OG0002723	1	1	1	1	1
OG0002724	OG0002724	1	1	1	1	1
OG0002725	OG0002725	1	1	1	1	1
OG0002726	OG0002726	1	1	1	1	1
OG0002727	OG0002727	1	1	1	1	1
OG0002728	OG0002728	1	1	1	1	1
OG0002729	OG0002729	1	1	1	1	1
OG0002730	OG0002730	1	1	1	1	1
OG0002731	OG0002731	1	1	1	1	1
OG0002732	OG0002732	1	1	1	1	1
OG0002733	OG0002733	1	1	1	1	1
OG0002734	OG0002734	1	1	1	1	1
OG0002735	OG0002735	1	1	1	1	1
OG0002736	OG0002736	1	1	1	1	1
OG0002737	OG0002737	1	1	1	1	1
OG0002738	OG0002738	1	1	1	1	1
OG0002739	OG0002739	1	1	1	1	1
OG0002740	OG0002740	1	1	1	1	1
OG0002741	OG0002741	1	1	1	1	1
OG0002742	OG0002742	1	1	1	1	1
OG0002743	OG0002743	1	1	1	1	1
OG0002744	OG0002744	1	1	1	1	1
OG0002745	OG0002745	1	1	1	1	1
OG0002746	OG0002746	1	1	1	1	1
OG0002747	OG0002747	1	1	1	1	1
OG0002748	OG0002748	1	1	1	1	1
OG0002749	OG0002749	1	1	1	1	1
OG0002750	OG0002750	1	1	1	1	1
OG0002751	OG0002751	1	1	1	1	1
OG0002752	OG0002752	1	1	1	1	1
OG0002753	OG0002753	1	1	1	1	1
OG0002754	OG0002754	1	1	1	1	1
OG0002755	OG0002755	1	1	1	1	1
OG0002756	OG0002756	1	1	1	1	1
OG0002757	OG0002757	1	1	1	1	1
OG0002758	OG0002758	1	1	1	1	1
OG0002759	OG0002759	1	1	1	1	1
OG0002760	OG0002760	1	1	1	1	1
OG0002761	OG0002761	1	1	1	1	1
OG0002762	OG0002762	1	1	1	1	1
OG0002763	OG0002763	1	1	1	1	1
OG0002764	OG0002764	1	1	1	1	1
OG0002765	OG0002765	1	1	1	1	1
OG0002766	OG0002766	1	1	1	1	1
OG0002767	OG0002767	1	1	1	1	1
OG0002768	OG0002768	1	1	1	1	1
OG0002769	OG0002769	1	1	1	1	1
OG0002770	OG0002770	1	1	1	1	1
OG0002771	OG0002771	1	1	1	1	1
OG0002772	OG0002772	1	1	1	1	1
OG0002773	OG0002773	1	1	1	1	1
OG0002774	OG0002774	1	1	1	1	1
OG0002775	OG0002775	1	1	1	1	1
OG0002776	OG0002776	1	1	1	1	1
OG0002777	OG0002777	1	1	1	1	1
OG0002778	OG0002778	1	1	1	1	1
OG0002779	OG0002779	1	1	1	1	1
OG0002780	OG0002780	1	1	1	1	1
OG0002781	OG0002781	1	1	1	1	1
OG0002782	OG0002782	1	1	1	1	1
OG0002783	OG0002783	1	1	1	1	1
OG0002784	OG0002784	1	1	1	1	1
OG0002785	OG0002785	1	1	1	1	1
OG0002786	OG0002786	1	1	1	1	1
OG0002787	OG0002787	1	1	1	1	1
OG0002788	OG0002788	1	1	1	1	1
OG0002789	OG0002789	1	1	1	1	1
OG0002790	OG0002790	1	1	1	1	1
OG0002791	OG0002791	1	1	1	1	1
OG0002792	OG0002792	1	1	1	1	1
OG0002793	OG0002793	1	1	1	1	1
OG0002794	OG0002794	1	1	1	1	1
OG0002795	OG0002795	1	1	1	1	1
OG0002796	OG0002796	1	1	1	1	1
OG0002797	OG0002797	1	1	1	1	1
OG0002798	OG0002798	1	1	1	2	0
OG0002799	OG0002799	1	1	1	1	1
OG0002800	OG0002800	1	1	1	1	1
OG0002801	OG0002801	1	1	1	1	1
OG0002802	OG0002802	1	1	1	1	1
OG0002803	OG0002803	1	1	1	1	1
OG0002804	OG0002804	1	1	1	1	1
OG0002805	OG0002805	1	1	1	1	1
OG0002806	OG0002806	1	1	1	1	1
OG0002807	OG0002807	1	1	1	1	1
OG0002808	OG0002808	1	1	1	1	1
OG0002809	OG0002809	1	1	1	1	1
OG0002810	OG0002810	1	1	1	1	1
OG0002811	OG0002811	1	1	1	1	1
OG0002812	OG0002812	1	1	1	1	1
OG0002813	OG0002813	1	1	1	1	1
OG0002814	OG0002814	1	1	1	1	1
OG0002815	OG0002815	1	1	1	1	1
OG0002816	OG0002816	1	1	1	1	1
OG0002817	OG0002817	1	1	1	1	1
OG0002818	OG0002818	1	1	1	1	1
OG0002819	OG0002819	1	1	1	1	1
OG0002820	OG0002820	1	1	1	1	1
OG0002821	OG0002821	1	1	1	1	1
OG0002822	OG0002822	1	1	1	1	1
OG0002823	OG0002823	1	1	1	1	1
OG0002824	OG0002824	1	1	1	1	1
OG0002825	OG0002825	1	1	1	1	1
OG0002826	OG0002826	1	1	1	1	1
OG0002827	OG0002827	1	1	1	1	1
OG0002828	OG0002828	1	1	1	1	1
OG0002829	OG0002829	1	1	1	1	1
OG0002830	OG0002830	1	1	1	1	1
OG0002831	OG0002831	1	1	1	1	1
OG0002832	OG0002832	1	1	1	1	1
OG0002833	OG0002833	1	1	1	1	1
OG0002834	OG0002834	1	1	1	1	1
OG0002835	OG0002835	1	1	1	1	1
OG0002836	OG0002836	1	1	1	1	1
OG0002837	OG0002837	1	1	1	1	1
OG0002838	OG0002838	1	1	1	1	1
OG0002839	OG0002839	1	1	1	1	1
OG0002840	OG0002840	1	1	1	1	1
OG0002841	OG0002841	1	1	1	1	1
OG0002842	OG0002842	1	1	1	1	1
OG0002843	OG0002843	1	1	1	1	1
OG0002844	OG0002844	1	1	1	1	1
OG0002845	OG0002845	1	1	1	1	1
OG0002846	OG0002846	1	1	1	1	1
OG0002847	OG0002847	1	1	1	1	1
OG0002848	OG0002848	1	1	1	1	1
OG0002849	OG0002849	1	1	1	1	1
OG0002850	OG0002850	1	1	1	1	1
OG0002851	OG0002851	1	1	1	1	1
OG0002852	OG0002852	1	1	1	1	1
OG0002853	OG0002853	1	1	1	1	1
OG0002854	OG0002854	1	1	1	1	1
OG0002855	OG0002855	1	1	1	1	1
OG0002856	OG0002856	1	1	1	1	1
OG0002857	OG0002857	1	1	1	1	1
OG0002858	OG0002858	1	1	1	1	1
OG0002859	OG0002859	1	1	1	1	1
OG0002860	OG0002860	1	1	1	1	1
OG0002861	OG0002861	1	1	1	1	1
OG0002862	OG0002862	1	1	1	1	1
OG0002863	OG0002863	1	1	1	1	1
OG0002864	OG0002864	1	1	1	1	1
OG0002865	OG0002865	1	1	1	1	1
OG0002866	OG0002866	1	1	1	1	1
OG0002867	OG0002867	1	1	1	1	1
OG0002868	OG0002868	1	1	1	1	1
OG0002869	OG0002869	1	1	1	1	1
OG0002870	OG0002870	1	1	1	1	1
OG0002871	OG0002871	1	1	1	1	1
OG0002872	OG0002872	1	1	1	1	1
OG0002873	OG0002873	1	1	1	1	1
OG0002874	OG0002874	1	1	1	1	1
OG0002875	OG0002875	1	1	1	1	1
OG0002876	OG0002876	1	1	1	1	1
OG0002877	OG0002877	1	1	1	1	1
OG0002878	OG0002878	1	1	1	1	1
OG0002879	OG0002879	1	1	1	1	1
OG0002880	OG0002880	1	1	1	1	1
OG0002881	OG0002881	1	1	1	1	1
OG0002882	OG0002882	1	1	1	2	0
OG0002883	OG0002883	1	1	1	1	1
OG0002884	OG0002884	1	1	1	1	1
OG0002885	OG0002885	1	1	1	1	1
OG0002886	OG0002886	1	1	1	1	1
OG0002887	OG0002887	1	1	1	1	1
OG0002888	OG0002888	1	1	1	1	1
OG0002889	OG0002889	1	1	1	1	1
OG0002890	OG0002890	1	1	1	1	1
OG0002891	OG0002891	1	1	1	1	1
OG0002892	OG0002892	1	1	1	1	1
OG0002893	OG0002893	1	1	1	1	1
OG0002894	OG0002894	1	1	1	1	1
OG0002895	OG0002895	1	1	1	1	1
OG0002896	OG0002896	1	1	1	1	1
OG0002897	OG0002897	1	1	1	1	1
OG0002898	OG0002898	1	1	1	1	1
OG0002899	OG0002899	1	1	1	1	1
OG0002900	OG0002900	1	1	1	1	1
OG0002901	OG0002901	1	1	1	1	1
OG0002902	OG0002902	1	1	1	1	1
OG0002903	OG0002903	1	1	1	1	1
OG0002904	OG0002904	1	1	1	1	1
OG0002905	OG0002905	1	1	1	1	1
OG0002906	OG0002906	1	1	1	1	1
OG0002907	OG0002907	1	1	1	1	1
OG0002908	OG0002908	1	1	1	1	1
OG0002909	OG0002909	1	1	1	1	1
OG0002910	OG0002910	1	1	1	1	1
OG0002911	OG0002911	1	1	1	1	1
OG0002912	OG0002912	1	1	1	1	1
OG0002913	OG0002913	1	1	1	1	1
OG0002914	OG0002914	1	1	1	1	1
OG0002915	OG0002915	1	1	1	1	1
OG0002916	OG0002916	1	1	1	1	1
OG0002917	OG0002917	1	1	1	1	1
OG0002918	OG0002918	1	1	1	1	1
OG0002919	OG0002919	1	1	1	1	1
OG0002920	OG0002920	1	1	1	1	1
OG0002921	OG0002921	1	1	1	1	1
OG0002922	OG0002922	1	1	1	2	0
OG0002923	OG0002923	1	1	1	1	1
OG0002924	OG0002924	1	1	1	1	1
OG0002925	OG0002925	1	1	1	1	1
OG0002926	OG0002926	1	1	1	1	1
OG0002927	OG0002927	1	1	1	1	1
OG0002928	OG0002928	1	1	1	1	1
OG0002929	OG0002929	1	1	1	1	1
OG0002930	OG0002930	1	1	1	1	1
OG0002931	OG0002931	1	1	1	1	1
OG0002932	OG0002932	1	1	1	1	1
OG0002933	OG0002933	1	1	1	1	1
OG0002934	OG0002934	1	1	1	1	1
OG0002935	OG0002935	1	1	1	1	1
OG0002936	OG0002936	1	1	1	1	1
OG0002937	OG0002937	1	1	1	1	1
OG0002938	OG0002938	1	1	1	1	1
OG0002939	OG0002939	1	1	1	1	1
OG0002940	OG0002940	1	1	1	1	1
OG0002941	OG0002941	1	1	1	1	1
OG0002942	OG0002942	1	1	1	1	1
OG0002943	OG0002943	1	1	1	1	1
OG0002944	OG0002944	1	1	1	1	1
OG0002945	OG0002945	1	1	1	1	1
OG0002946	OG0002946	1	1	1	1	1
OG0002947	OG0002947	1	1	1	1	1
OG0002948	OG0002948	1	1	1	1	1
OG0002949	OG0002949	1	1	1	1	1
OG0002950	OG0002950	1	1	1	1	1
OG0002951	OG0002951	1	1	1	1	1
OG0002952	OG0002952	1	1	1	1	1
OG0002953	OG0002953	1	1	1	1	1
OG0002954	OG0002954	1	1	1	1	1
OG0002955	OG0002955	1	1	1	1	1
OG0002956	OG0002956	1	1	1	1	1
OG0002957	OG0002957	1	1	1	1	1
OG0002958	OG0002958	1	1	1	1	1
OG0002959	OG0002959	1	1	1	1	1
OG0002960	OG0002960	1	1	1	1	1
OG0002961	OG0002961	1	1	1	1	1
OG0002962	OG0002962	1	1	1	1	1
OG0002963	OG0002963	1	1	1	1	1
OG0002964	OG0002964	1	1	1	1	1
OG0002965	OG0002965	1	1	1	1	1
OG0002966	OG0002966	1	1	1	1	1
OG0002967	OG0002967	1	1	1	1	1
OG0002968	OG0002968	1	1	1	1	1
OG0002969	OG0002969	1	1	1	1	1
OG0002970	OG0002970	1	1	1	1	1
OG0002971	OG0002971	1	1	1	1	1
OG0002972	OG0002972	1	1	1	1	1
OG0002973	OG0002973	1	1	1	1	1
OG0002974	OG0002974	1	1	1	1	1
OG0002975	OG0002975	1	1	1	1	1
OG0002976	OG0002976	1	1	1	1	1
OG0002977	OG0002977	1	1	1	1	1
OG0002978	OG0002978	1	1	1	1	1
OG0002979	OG0002979	1	1	1	1	1
OG0002980	OG0002980	1	1	1	1	1
OG0002981	OG0002981	1	1	1	1	1
OG0002982	OG0002982	1	1	1	1	1
OG0002983	OG0002983	1	1	1	1	1
OG0002984	OG0002984	1	1	1	1	1
OG0002985	OG0002985	1	1	1	1	1
OG0002986	OG0002986	1	1	1	1	1
OG0002987	OG0002987	1	1	1	1	1
OG0002988	OG0002988	1	1	1	1	1
OG0002989	OG0002989	1	1	1	1	1
OG0002990	OG0002990	1	1	1	1	1
OG0002991	OG0002991	1	1	1	1	1
OG0002992	OG0002992	1	1	1	1	1
OG0002993	OG0002993	1	1	1	1	1
OG0002994	OG0002994	1	1	1	1	1
OG0002995	OG0002995	1	1	1	1	1
OG0002996	OG0002996	1	1	1	1	1
OG0002997	OG0002997	1	1	1	1	1
OG0002998	OG0002998	1	1	1	1	1
OG0002999	OG0002999	1	1	1	1	1
OG0003000	OG0003000	1	1	1	1	1
OG0003001	OG0003001	1	1	1	1	1
OG0003002	OG0003002	1	1	1	1	1
OG0003003	OG0003003	1	1	1	1	1
OG0003004	OG0003004	1	1	1	1	1
OG0003005	OG0003005	1	1	1	1	1
OG0003006	OG0003006	1	1	1	1	1
OG0003007	OG0003007	1	1	1	1	1
OG0003008	OG0003008	1	1	1	1	1
OG0003009	OG0003009	1	1	1	1	1
OG0003010	OG0003010	1	1	1	1	1
OG0003011	OG0003011	1	1	1	1	1
OG0003012	OG0003012	1	1	1	1	1
OG0003013	OG0003013	1	1	1	1	1
OG0003014	OG0003014	1	1	1	1	1
OG0003015	OG0003015	1	1	1	1	1
OG0003016	OG0003016	1	1	1	1	1
OG0003017	OG0003017	1	1	1	1	1
OG0003018	OG0003018	1	1	1	1	1
OG0003019	OG0003019	1	1	1	1	1
OG0003020	OG0003020	1	1	1	1	1
OG0003021	OG0003021	1	1	1	1	1
OG0003022	OG0003022	1	1	1	1	1
OG0003023	OG0003023	1	1	1	1	1
OG0003024	OG0003024	1	1	1	1	1
OG0003025	OG0003025	1	1	1	1	1
OG0003026	OG0003026	1	1	1	1	1
OG0003027	OG0003027	1	1	1	1	1
OG0003028	OG0003028	1	1	1	1	1
OG0003029	OG0003029	1	1	1	1	1
OG0003030	OG0003030	1	1	1	1	1
OG0003031	OG0003031	1	1	1	1	1
OG0003032	OG0003032	1	1	1	1	1
OG0003033	OG0003033	1	1	1	1	1
OG0003034	OG0003034	1	1	1	1	1
OG0003035	OG0003035	1	1	1	1	1
OG0003036	OG0003036	1	1	1	1	1
OG0003037	OG0003037	1	1	1	1	1
OG0003038	OG0003038	1	1	1	1	1
OG0003039	OG0003039	1	1	1	1	1
OG0003040	OG0003040	1	1	1	1	1
OG0003041	OG0003041	1	1	1	1	1
OG0003042	OG0003042	1	1	1	1	1
OG0003043	OG0003043	1	1	1	1	1
OG0003044	OG0003044	1	1	1	1	1
OG0003045	OG0003045	1	1	1	1	1
OG0003046	OG0003046	1	1	1	1	1
OG0003047	OG0003047	1	1	1	1	1
OG0003048	OG0003048	1	1	1	1	1
OG0003049	OG0003049	1	1	1	1	1
OG0003050	OG0003050	1	1	1	1	1
OG0003051	OG0003051	1	1	1	1	1
OG0003052	OG0003052	1	1	1	1	1
OG0003053	OG0003053	1	1	1	1	1
OG0003054	OG0003054	1	1	1	1	1
OG0003055	OG0003055	1	1	1	1	1
OG0003056	OG0003056	1	1	1	1	1
OG0003057	OG0003057	1	1	1	1	1
OG0003058	OG0003058	1	1	1	1	1
OG0003059	OG0003059	1	1	1	1	1
OG0003060	OG0003060	1	1	1	1	1
OG0003061	OG0003061	1	1	1	1	1
OG0003062	OG0003062	1	1	1	1	1
OG0003063	OG0003063	1	1	1	1	1
OG0003064	OG0003064	1	1	1	1	1
OG0003065	OG0003065	1	1	1	1	1
OG0003066	OG0003066	1	1	1	1	1
OG0003067	OG0003067	1	1	1	1	1
OG0003068	OG0003068	1	1	1	1	1
OG0003069	OG0003069	1	1	1	1	1
OG0003070	OG0003070	1	1	1	1	1
OG0003071	OG0003071	1	1	1	1	1
OG0003072	OG0003072	1	1	1	1	1
OG0003073	OG0003073	1	1	1	1	1
OG0003074	OG0003074	1	1	1	1	1
OG0003075	OG0003075	1	1	1	1	1
OG0003076	OG0003076	1	1	1	1	1
OG0003077	OG0003077	1	1	1	1	1
OG0003078	OG0003078	1	1	1	1	1
OG0003079	OG0003079	1	1	1	1	1
OG0003080	OG0003080	1	1	1	1	1
OG0003081	OG0003081	1	1	1	1	1
OG0003082	OG0003082	1	1	1	1	1
OG0003083	OG0003083	1	1	1	1	1
OG0003084	OG0003084	1	1	1	1	1
OG0003085	OG0003085	1	1	1	1	1
OG0003086	OG0003086	1	1	1	1	1
OG0003087	OG0003087	1	1	1	1	1
OG0003088	OG0003088	1	1	1	1	1
OG0003089	OG0003089	1	1	1	1	1
OG0003090	OG0003090	1	1	1	1	1
OG0003091	OG0003091	1	1	1	1	1
OG0003092	OG0003092	1	1	1	1	1
OG0003093	OG0003093	1	1	1	1	1
OG0003094	OG0003094	1	1	1	1	1
OG0003095	OG0003095	1	1	1	1	1
OG0003096	OG0003096	1	1	1	1	1
OG0003097	OG0003097	1	1	1	1	1
OG0003098	OG0003098	1	1	1	1	1
OG0003099	OG0003099	1	1	1	1	1
OG0003100	OG0003100	1	1	1	1	1
OG0003101	OG0003101	1	1	1	1	1
OG0003102	OG0003102	1	1	1	1	1
OG0003103	OG0003103	1	1	1	1	1
OG0003104	OG0003104	1	1	1	1	1
OG0003105	OG0003105	1	1	1	1	1
OG0003106	OG0003106	1	1	1	1	1
OG0003107	OG0003107	1	1	1	1	1
OG0003108	OG0003108	1	1	1	1	1
OG0003109	OG0003109	1	1	1	1	1
OG0003110	OG0003110	1	1	1	1	1
OG0003111	OG0003111	1	1	1	1	1
OG0003112	OG0003112	1	1	1	1	1
OG0003113	OG0003113	1	1	1	1	1
OG0003114	OG0003114	1	1	1	1	1
OG0003115	OG0003115	1	1	1	1	1
OG0003116	OG0003116	1	1	1	1	1
OG0003117	OG0003117	1	1	1	1	1
OG0003118	OG0003118	1	1	1	1	1
OG0003119	OG0003119	1	1	1	1	1
OG0003120	OG0003120	1	1	1	1	1
OG0003121	OG0003121	1	1	1	1	1
OG0003122	OG0003122	1	1	1	1	1
OG0003123	OG0003123	1	1	1	1	1
OG0003124	OG0003124	1	1	1	1	1
OG0003125	OG0003125	1	1	1	1	1
OG0003126	OG0003126	1	1	1	1	1
OG0003127	OG0003127	1	1	1	1	1
OG0003128	OG0003128	1	1	1	1	1
OG0003129	OG0003129	1	1	1	1	1
OG0003130	OG0003130	1	1	1	1	1
OG0003131	OG0003131	1	1	1	1	1
OG0003132	OG0003132	1	1	1	1	1
OG0003133	OG0003133	1	1	1	1	1
OG0003134	OG0003134	1	1	1	1	1
OG0003135	OG0003135	1	1	1	1	1
OG0003136	OG0003136	1	1	1	1	1
OG0003137	OG0003137	1	1	1	1	1
OG0003138	OG0003138	1	1	1	1	1
OG0003139	OG0003139	1	1	1	1	1
OG0003140	OG0003140	1	1	1	1	1
OG0003141	OG0003141	1	1	1	1	1
OG0003142	OG0003142	1	1	1	1	1
OG0003143	OG0003143	1	1	1	1	1
OG0003144	OG0003144	1	1	1	1	1
OG0003145	OG0003145	1	1	1	1	1
OG0003146	OG0003146	1	1	1	1	1
OG0003147	OG0003147	1	1	1	1	1
OG0003148	OG0003148	1	1	1	1	1
OG0003149	OG0003149	1	1	1	1	1
OG0003150	OG0003150	1	1	1	1	1
OG0003151	OG0003151	1	1	1	1	1
OG0003152	OG0003152	1	1	1	1	1
OG0003153	OG0003153	1	1	1	1	1
OG0003154	OG0003154	1	1	1	1	1
OG0003155	OG0003155	1	1	1	1	1
OG0003156	OG0003156	1	1	1	1	1
OG0003157	OG0003157	1	1	1	1	1
OG0003158	OG0003158	1	1	1	1	1
OG0003159	OG0003159	1	1	1	1	1
OG0003160	OG0003160	1	1	1	1	1
OG0003161	OG0003161	1	1	1	1	1
OG0003162	OG0003162	1	1	1	1	1
OG0003163	OG0003163	1	1	1	1	1
OG0003164	OG0003164	1	1	1	1	1
OG0003165	OG0003165	1	1	1	1	1
OG0003166	OG0003166	1	1	1	1	1
OG0003167	OG0003167	1	1	1	1	1
OG0003168	OG0003168	1	1	1	1	1
OG0003169	OG0003169	1	1	1	1	1
OG0003170	OG0003170	1	1	1	1	1
OG0003171	OG0003171	1	1	1	1	1
OG0003172	OG0003172	1	1	1	1	1
OG0003173	OG0003173	1	1	1	1	1
OG0003174	OG0003174	1	1	1	1	1
OG0003175	OG0003175	1	1	1	1	1
OG0003176	OG0003176	1	1	1	1	1
OG0003177	OG0003177	1	1	1	1	1
OG0003178	OG0003178	1	1	1	1	1
OG0003179	OG0003179	1	1	1	1	1
OG0003180	OG0003180	1	1	1	1	1
OG0003181	OG0003181	1	1	1	1	1
OG0003182	OG0003182	1	1	1	1	1
OG0003183	OG0003183	1	1	1	1	1
OG0003184	OG0003184	1	1	1	1	1
OG0003185	OG0003185	1	1	1	1	1
OG0003186	OG0003186	1	1	1	1	1
OG0003187	OG0003187	1	1	1	1	1
OG0003188	OG0003188	1	1	1	1	1
OG0003189	OG0003189	1	1	1	1	1
OG0003190	OG0003190	1	1	1	1	1
OG0003191	OG0003191	1	1	1	1	1
OG0003192	OG0003192	1	1	1	1	1
OG0003193	OG0003193	1	1	1	1	1
OG0003194	OG0003194	1	1	1	1	1
OG0003195	OG0003195	1	1	1	1	1
OG0003196	OG0003196	1	1	1	1	1
OG0003197	OG0003197	1	1	1	1	1
OG0003198	OG0003198	1	1	1	1	1
OG0003199	OG0003199	1	1	1	1	1
OG0003200	OG0003200	1	1	1	1	1
OG0003201	OG0003201	1	1	1	1	1
OG0003202	OG0003202	1	1	1	1	1
OG0003203	OG0003203	1	1	1	1	1
OG0003204	OG0003204	1	1	1	1	1
OG0003205	OG0003205	1	1	1	1	1
OG0003206	OG0003206	1	1	1	1	1
OG0003207	OG0003207	1	1	1	1	1
OG0003208	OG0003208	1	1	1	1	1
OG0003209	OG0003209	1	1	1	1	1
OG0003210	OG0003210	1	1	1	1	1
OG0003211	OG0003211	1	1	1	1	1
OG0003212	OG0003212	1	1	1	1	1
OG0003213	OG0003213	1	1	1	1	1
OG0003214	OG0003214	1	1	1	1	1
OG0003215	OG0003215	1	1	1	1	1
OG0003216	OG0003216	1	1	1	1	1
OG0003217	OG0003217	1	1	1	1	1
OG0003218	OG0003218	1	1	1	1	1
OG0003219	OG0003219	1	1	1	1	1
OG0003220	OG0003220	1	1	1	1	1
OG0003221	OG0003221	1	1	1	1	1
OG0003222	OG0003222	1	1	1	1	1
OG0003223	OG0003223	1	1	1	1	1
OG0003224	OG0003224	1	1	1	1	1
OG0003225	OG0003225	1	1	1	1	1
OG0003226	OG0003226	1	1	1	1	1
OG0003227	OG0003227	1	1	1	1	1
OG0003228	OG0003228	1	1	1	1	1
OG0003229	OG0003229	1	1	1	1	1
OG0003230	OG0003230	1	1	1	1	1
OG0003231	OG0003231	1	1	1	1	1
OG0003232	OG0003232	1	1	1	1	1
OG0003233	OG0003233	1	1	1	1	1
OG0003234	OG0003234	1	1	1	1	1
OG0003235	OG0003235	1	1	1	1	1
OG0003236	OG0003236	1	1	1	1	1
OG0003237	OG0003237	1	1	1	1	1
OG0003238	OG0003238	1	1	1	1	1
OG0003239	OG0003239	1	1	1	1	1
OG0003240	OG0003240	1	1	1	1	1
OG0003241	OG0003241	1	1	1	1	1
OG0003242	OG0003242	1	1	1	1	1
OG0003243	OG0003243	1	1	1	1	1
OG0003244	OG0003244	1	1	1	1	1
OG0003245	OG0003245	1	1	1	1	1
OG0003246	OG0003246	1	1	1	1	1
OG0003247	OG0003247	1	1	1	1	1
OG0003248	OG0003248	1	1	1	1	1
OG0003249	OG0003249	1	1	1	1	1
OG0003250	OG0003250	1	1	1	1	1
OG0003251	OG0003251	1	1	1	1	1
OG0003252	OG0003252	1	1	1	1	1
OG0003253	OG0003253	1	1	1	1	1
OG0003254	OG0003254	1	1	1	1	1
OG0003255	OG0003255	1	1	1	1	1
OG0003256	OG0003256	1	1	1	1	1
OG0003257	OG0003257	1	1	1	1	1
OG0003258	OG0003258	1	1	1	1	1
OG0003259	OG0003259	1	1	1	1	1
OG0003260	OG0003260	1	1	1	1	1
OG0003261	OG0003261	1	1	1	1	1
OG0003262	OG0003262	1	1	1	1	1
OG0003263	OG0003263	1	1	1	1	1
OG0003264	OG0003264	1	1	1	1	1
OG0003265	OG0003265	1	1	1	1	1
OG0003266	OG0003266	1	1	1	1	1
OG0003267	OG0003267	1	1	1	1	1
OG0003268	OG0003268	1	1	1	1	1
OG0003269	OG0003269	1	1	1	1	1
OG0003270	OG0003270	1	1	1	1	1
OG0003271	OG0003271	1	1	1	1	1
OG0003272	OG0003272	1	1	1	1	1
OG0003273	OG0003273	1	1	1	1	1
OG0003274	OG0003274	1	1	1	1	1
OG0003275	OG0003275	1	1	1	1	1
OG0003276	OG0003276	1	1	1	1	1
OG0003277	OG0003277	1	1	1	1	1
OG0003278	OG0003278	1	1	1	1	1
OG0003279	OG0003279	1	1	1	1	1
OG0003280	OG0003280	1	1	1	1	1
OG0003281	OG0003281	1	1	1	1	1
OG0003282	OG0003282	1	1	1	1	1
OG0003283	OG0003283	1	1	1	1	1
OG0003284	OG0003284	1	1	1	1	1
OG0003285	OG0003285	1	1	1	1	1
OG0003286	OG0003286	1	1	1	1	1
OG0003287	OG0003287	1	1	1	1	1
OG0003288	OG0003288	1	1	1	1	1
OG0003289	OG0003289	1	1	1	1	1
OG0003290	OG0003290	1	1	1	1	1
OG0003291	OG0003291	1	1	1	1	1
OG0003292	OG0003292	1	1	1	1	1
OG0003293	OG0003293	1	1	1	1	1
OG0003294	OG0003294	1	1	1	1	1
OG0003295	OG0003295	1	1	1	1	1
OG0003296	OG0003296	1	1	1	1	1
OG0003297	OG0003297	1	1	1	1	1
OG0003298	OG0003298	1	1	1	1	1
OG0003299	OG0003299	1	1	1	1	1
OG0003300	OG0003300	1	1	1	1	1
OG0003301	OG0003301	1	1	1	1	1
OG0003302	OG0003302	1	1	1	1	1
OG0003303	OG0003303	1	1	1	1	1
OG0003304	OG0003304	1	1	1	1	1
OG0003305	OG0003305	1	1	1	1	1
OG0003306	OG0003306	1	1	1	1	1
OG0003307	OG0003307	1	1	1	1	1
OG0003308	OG0003308	1	1	1	1	1
OG0003309	OG0003309	1	1	1	1	1
OG0003310	OG0003310	1	1	1	1	1
OG0003311	OG0003311	1	1	1	1	1
OG0003312	OG0003312	1	1	1	1	1
OG0003313	OG0003313	1	1	1	1	1
OG0003314	OG0003314	1	1	1	1	1
OG0003315	OG0003315	1	1	1	1	1
OG0003316	OG0003316	1	1	1	1	1
OG0003317	OG0003317	1	1	1	1	1
OG0003318	OG0003318	1	1	1	1	1
OG0003319	OG0003319	1	1	1	1	1
OG0003320	OG0003320	1	1	1	1	1
OG0003321	OG0003321	1	1	1	1	1
OG0003322	OG0003322	1	1	1	1	1
OG0003323	OG0003323	1	1	1	1	1
OG0003324	OG0003324	1	1	1	1	1
OG0003325	OG0003325	1	1	1	1	1
OG0003326	OG0003326	1	1	1	1	1
OG0003327	OG0003327	1	1	1	1	1
OG0003328	OG0003328	1	1	1	1	1
OG0003329	OG0003329	1	1	1	1	1
OG0003330	OG0003330	1	1	1	1	1
OG0003331	OG0003331	1	1	1	1	1
OG0003332	OG0003332	1	1	1	1	1
OG0003333	OG0003333	1	1	1	1	1
OG0003334	OG0003334	1	1	1	1	1
OG0003335	OG0003335	1	1	1	1	1
OG0003336	OG0003336	1	1	1	1	1
OG0003337	OG0003337	1	1	1	1	1
OG0003338	OG0003338	1	1	1	1	1
OG0003339	OG0003339	1	1	1	1	1
OG0003340	OG0003340	1	1	1	1	1
OG0003341	OG0003341	1	1	1	1	1
OG0003342	OG0003342	1	1	1	1	1
OG0003343	OG0003343	1	1	1	1	1
OG0003344	OG0003344	1	1	1	1	1
OG0003345	OG0003345	1	1	1	1	1
OG0003346	OG0003346	1	1	1	1	1
OG0003347	OG0003347	1	1	1	1	1
OG0003348	OG0003348	1	1	1	1	1
OG0003349	OG0003349	1	1	1	1	1
OG0003350	OG0003350	1	1	1	1	1
OG0003351	OG0003351	1	1	1	1	1
OG0003352	OG0003352	1	1	1	1	1
OG0003353	OG0003353	1	1	1	1	1
OG0003354	OG0003354	1	1	1	1	1
OG0003355	OG0003355	1	1	1	1	1
OG0003356	OG0003356	1	1	1	1	1
OG0003357	OG0003357	1	1	1	1	1
OG0003358	OG0003358	1	1	1	1	1
OG0003359	OG0003359	1	1	1	1	1
OG0003360	OG0003360	1	1	1	1	1
OG0003361	OG0003361	1	1	1	1	1
OG0003362	OG0003362	1	1	1	1	1
OG0003363	OG0003363	1	1	1	1	1
OG0003364	OG0003364	1	1	1	1	1
OG0003365	OG0003365	1	1	1	1	1
OG0003366	OG0003366	1	1	1	1	1
OG0003367	OG0003367	1	1	1	1	1
OG0003368	OG0003368	1	1	1	1	1
OG0003369	OG0003369	1	1	1	1	1
OG0003370	OG0003370	1	1	1	1	1
OG0003371	OG0003371	1	1	1	1	1
OG0003372	OG0003372	1	1	1	1	1
OG0003373	OG0003373	1	1	1	1	1
OG0003374	OG0003374	1	1	1	1	1
OG0003375	OG0003375	1	1	1	1	1
OG0003376	OG0003376	1	1	1	1	1
OG0003377	OG0003377	1	1	1	1	1
OG0003378	OG0003378	1	1	1	1	1
OG0003379	OG0003379	1	1	1	1	1
OG0003380	OG0003380	1	1	1	1	1
OG0003381	OG0003381	1	1	1	1	1
OG0003382	OG0003382	1	1	1	1	1
OG0003383	OG0003383	1	1	1	1	1
OG0003384	OG0003384	1	1	1	1	1
OG0003385	OG0003385	1	1	1	1	1
OG0003386	OG0003386	1	1	1	1	1
OG0003387	OG0003387	1	1	1	1	1
OG0003388	OG0003388	1	1	1	1	1
OG0003389	OG0003389	1	1	1	1	1
OG0003390	OG0003390	1	1	1	1	1
OG0003391	OG0003391	1	1	1	1	1
OG0003392	OG0003392	1	1	1	1	1
OG0003393	OG0003393	1	1	1	1	1
OG0003394	OG0003394	1	1	1	1	1
OG0003395	OG0003395	1	1	1	1	1
OG0003396	OG0003396	1	1	1	1	1
OG0003397	OG0003397	1	1	1	1	1
OG0003398	OG0003398	1	1	1	1	1
OG0003399	OG0003399	1	1	1	1	1
OG0003400	OG0003400	1	1	1	1	1
OG0003401	OG0003401	1	1	1	1	1
OG0003402	OG0003402	1	1	1	1	1
OG0003403	OG0003403	1	1	1	1	1
OG0003404	OG0003404	1	1	1	1	1
OG0003405	OG0003405	1	1	1	1	1
OG0003406	OG0003406	1	1	1	1	1
OG0003407	OG0003407	1	1	1	1	1
OG0003408	OG0003408	1	1	1	1	1
OG0003409	OG0003409	1	1	1	1	1
OG0003410	OG0003410	1	1	1	1	1
OG0003411	OG0003411	1	1	1	1	1
OG0003412	OG0003412	1	1	1	1	1
OG0003413	OG0003413	1	1	1	1	1
OG0003414	OG0003414	1	1	1	1	1
OG0003415	OG0003415	1	1	1	1	1
OG0003416	OG0003416	1	1	1	1	1
OG0003417	OG0003417	1	1	1	1	1
OG0003418	OG0003418	1	1	1	1	1
OG0003419	OG0003419	1	1	1	1	1
OG0003420	OG0003420	1	1	1	1	1
OG0003421	OG0003421	1	1	1	1	1
OG0003422	OG0003422	1	1	1	1	1
OG0003423	OG0003423	1	1	1	1	1
OG0003424	OG0003424	1	1	1	1	1
OG0003425	OG0003425	1	1	1	1	1
OG0003426	OG0003426	1	1	1	1	1
OG0003427	OG0003427	1	1	1	1	1
OG0003428	OG0003428	1	1	1	1	1
OG0003429	OG0003429	1	1	1	1	1
OG0003430	OG0003430	1	1	1	1	1
OG0003431	OG0003431	1	1	1	1	1
OG0003432	OG0003432	1	1	1	1	1
OG0003433	OG0003433	1	1	1	1	1
OG0003434	OG0003434	1	1	1	1	1
OG0003435	OG0003435	1	1	1	1	1
OG0003436	OG0003436	1	1	1	1	1
OG0003437	OG0003437	1	1	1	1	1
OG0003438	OG0003438	1	1	1	1	1
OG0003439	OG0003439	1	1	1	1	1
OG0003440	OG0003440	1	1	1	1	1
OG0003441	OG0003441	1	1	1	1	1
OG0003442	OG0003442	1	1	1	1	1
OG0003443	OG0003443	1	1	1	1	1
OG0003444	OG0003444	1	1	1	1	1
OG0003445	OG0003445	1	1	1	1	1
OG0003446	OG0003446	1	1	1	1	1
OG0003447	OG0003447	1	1	1	1	1
OG0003448	OG0003448	1	1	1	1	1
OG0003449	OG0003449	1	1	1	1	1
OG0003450	OG0003450	1	1	1	1	1
OG0003451	OG0003451	1	1	1	1	1
OG0003452	OG0003452	1	1	1	1	1
OG0003453	OG0003453	1	1	1	1	1
OG0003454	OG0003454	1	1	1	1	1
OG0003455	OG0003455	1	1	1	1	1
OG0003456	OG0003456	1	1	1	1	1
OG0003457	OG0003457	1	1	1	1	1
OG0003458	OG0003458	1	1	1	1	1
OG0003459	OG0003459	1	1	1	1	1
OG0003460	OG0003460	1	1	1	1	1
OG0003461	OG0003461	1	1	1	1	1
OG0003462	OG0003462	1	1	1	1	1
OG0003463	OG0003463	1	1	1	1	1
OG0003464	OG0003464	1	1	1	1	1
OG0003465	OG0003465	1	1	1	1	1
OG0003466	OG0003466	1	1	1	1	1
OG0003467	OG0003467	1	1	1	1	1
OG0003468	OG0003468	1	1	1	1	1
OG0003469	OG0003469	1	1	1	1	1
OG0003470	OG0003470	1	1	1	1	1
OG0003471	OG0003471	1	1	1	1	1
OG0003472	OG0003472	1	1	1	1	1
OG0003473	OG0003473	1	1	1	1	1
OG0003474	OG0003474	1	1	1	1	1
OG0003475	OG0003475	1	1	1	1	1
OG0003476	OG0003476	1	1	1	1	1
OG0003477	OG0003477	1	1	1	1	1
OG0003478	OG0003478	1	1	1	1	1
OG0003479	OG0003479	1	1	1	1	1
OG0003480	OG0003480	1	1	1	1	1
OG0003481	OG0003481	1	1	1	1	1
OG0003482	OG0003482	1	1	1	1	1
OG0003483	OG0003483	1	1	1	1	1
OG0003484	OG0003484	1	1	1	1	1
OG0003485	OG0003485	1	1	1	1	1
OG0003486	OG0003486	1	1	1	1	1
OG0003487	OG0003487	1	1	1	1	1
OG0003488	OG0003488	1	1	1	1	1
OG0003489	OG0003489	1	1	1	1	1
OG0003490	OG0003490	1	1	1	1	1
OG0003491	OG0003491	1	1	1	1	1
OG0003492	OG0003492	1	1	1	1	1
OG0003493	OG0003493	1	1	1	1	1
OG0003494	OG0003494	1	1	1	1	1
OG0003495	OG0003495	1	1	1	1	1
OG0003496	OG0003496	1	1	1	1	1
OG0003497	OG0003497	1	1	1	1	1
OG0003498	OG0003498	1	1	1	1	1
OG0003499	OG0003499	1	1	1	1	1
OG0003500	OG0003500	1	1	1	1	1
OG0003501	OG0003501	1	1	1	1	1
OG0003502	OG0003502	1	1	1	1	1
OG0003503	OG0003503	1	1	1	1	1
OG0003504	OG0003504	1	1	1	1	1
OG0003505	OG0003505	1	1	1	1	1
OG0003506	OG0003506	1	1	1	1	1
OG0003507	OG0003507	1	1	1	1	1
OG0003508	OG0003508	1	1	1	1	1
OG0003509	OG0003509	1	1	1	1	1
OG0003510	OG0003510	1	1	1	1	1
OG0003511	OG0003511	1	1	1	1	1
OG0003512	OG0003512	1	1	1	1	1
OG0003513	OG0003513	1	1	1	1	1
OG0003514	OG0003514	1	1	1	1	1
OG0003515	OG0003515	1	1	1	1	1
OG0003516	OG0003516	1	1	1	1	1
OG0003517	OG0003517	1	1	1	1	1
OG0003518	OG0003518	1	1	1	1	1
OG0003519	OG0003519	1	1	1	1	1
OG0003520	OG0003520	1	1	1	1	1
OG0003521	OG0003521	1	1	1	1	1
OG0003522	OG0003522	1	1	1	1	1
OG0003523	OG0003523	1	1	1	1	1
OG0003524	OG0003524	1	1	1	1	1
OG0003525	OG0003525	1	1	1	1	1
OG0003526	OG0003526	1	1	1	1	1
OG0003527	OG0003527	1	1	1	1	1
OG0003528	OG0003528	1	1	1	1	1
OG0003529	OG0003529	1	1	1	1	1
OG0003530	OG0003530	1	1	1	1	1
OG0003531	OG0003531	1	1	1	1	1
OG0003532	OG0003532	1	1	1	1	1
OG0003533	OG0003533	1	1	1	1	1
OG0003534	OG0003534	1	1	1	1	1
OG0003535	OG0003535	1	1	1	1	1
OG0003536	OG0003536	1	1	1	1	1
OG0003537	OG0003537	1	1	1	1	1
OG0003538	OG0003538	1	1	1	1	1
OG0003539	OG0003539	1	1	1	1	1
OG0003540	OG0003540	1	1	1	1	1
OG0003541	OG0003541	1	1	1	1	1
OG0003542	OG0003542	1	1	1	1	1
OG0003543	OG0003543	1	1	1	1	1
OG0003544	OG0003544	1	1	1	1	1
OG0003545	OG0003545	1	1	1	1	1
OG0003546	OG0003546	1	1	1	1	1
OG0003547	OG0003547	1	1	1	1	1
OG0003548	OG0003548	1	1	1	1	1
OG0003549	OG0003549	1	1	1	1	1
OG0003550	OG0003550	1	1	1	1	1
OG0003551	OG0003551	1	1	1	1	1
OG0003552	OG0003552	1	1	1	1	1
OG0003553	OG0003553	1	1	1	1	1
OG0003554	OG0003554	1	1	1	1	1
OG0003555	OG0003555	1	1	1	1	1
OG0003556	OG0003556	1	1	1	1	1
OG0003557	OG0003557	1	1	1	1	1
OG0003558	OG0003558	1	1	1	1	1
OG0003559	OG0003559	1	1	1	1	1
OG0003560	OG0003560	1	1	1	1	1
OG0003561	OG0003561	1	1	1	1	1
OG0003562	OG0003562	1	1	1	1	1
OG0003563	OG0003563	1	1	1	1	1
OG0003564	OG0003564	1	1	1	1	1
OG0003565	OG0003565	1	1	1	1	1
OG0003566	OG0003566	1	1	1	1	1
OG0003567	OG0003567	1	1	1	1	1
OG0003568	OG0003568	1	1	1	1	1
OG0003569	OG0003569	1	1	1	1	1
OG0003570	OG0003570	1	1	1	1	1
OG0003571	OG0003571	1	1	1	1	1
OG0003572	OG0003572	1	1	1	1	1
OG0003573	OG0003573	1	1	1	1	1
OG0003574	OG0003574	1	1	1	1	1
OG0003575	OG0003575	1	1	1	1	1
OG0003576	OG0003576	1	1	1	1	1
OG0003577	OG0003577	1	1	1	1	1
OG0003578	OG0003578	1	1	1	1	1
OG0003579	OG0003579	1	1	1	1	1
OG0003580	OG0003580	1	1	1	1	1
OG0003581	OG0003581	1	1	1	1	1
OG0003582	OG0003582	1	1	1	1	1
OG0003583	OG0003583	1	1	1	1	1
OG0003584	OG0003584	1	1	1	1	1
OG0003585	OG0003585	1	1	1	1	1
OG0003586	OG0003586	1	1	1	1	1
OG0003587	OG0003587	1	1	1	1	1
OG0003588	OG0003588	1	1	1	1	1
OG0003589	OG0003589	1	1	1	1	1
OG0003590	OG0003590	1	1	1	1	1
OG0003591	OG0003591	1	1	1	1	1
OG0003592	OG0003592	1	1	1	1	1
OG0003593	OG0003593	1	1	1	1	1
OG0003594	OG0003594	1	1	1	1	1
OG0003595	OG0003595	1	1	1	1	1
OG0003596	OG0003596	1	1	1	1	1
OG0003597	OG0003597	1	1	1	1	1
OG0003598	OG0003598	1	1	1	1	1
OG0003599	OG0003599	1	1	1	1	1
OG0003600	OG0003600	1	1	1	1	1
OG0003601	OG0003601	1	1	1	1	1
OG0003602	OG0003602	1	1	1	1	1
OG0003603	OG0003603	1	1	1	1	1
OG0003604	OG0003604	1	1	1	1	1
OG0003605	OG0003605	1	1	1	1	1
OG0003606	OG0003606	1	1	1	1	1
OG0003607	OG0003607	1	1	1	1	1
OG0003608	OG0003608	1	1	1	1	1
OG0003609	OG0003609	1	1	1	1	1
OG0003610	OG0003610	1	1	1	1	1
OG0003611	OG0003611	1	1	1	1	1
OG0003612	OG0003612	1	1	1	1	1
OG0003613	OG0003613	1	1	1	1	1
OG0003614	OG0003614	1	1	1	1	1
OG0003615	OG0003615	1	1	1	1	1
OG0003616	OG0003616	1	1	1	1	1
OG0003617	OG0003617	1	1	1	1	1
OG0003618	OG0003618	1	1	1	1	1
OG0003619	OG0003619	1	1	1	1	1
OG0003620	OG0003620	1	1	1	1	1
OG0003621	OG0003621	1	1	1	1	1
OG0003622	OG0003622	1	1	1	1	1
OG0003623	OG0003623	1	1	1	1	1
OG0003624	OG0003624	1	1	1	1	1
OG0003625	OG0003625	1	1	1	1	1
OG0003626	OG0003626	1	1	1	1	1
OG0003627	OG0003627	1	1	1	1	1
OG0003628	OG0003628	1	1	1	1	1
OG0003629	OG0003629	1	1	1	1	1
OG0003630	OG0003630	1	1	1	1	1
OG0003631	OG0003631	1	1	1	1	1
OG0003632	OG0003632	1	1	1	1	1
OG0003633	OG0003633	1	1	1	1	1
OG0003634	OG0003634	1	1	1	1	1
OG0003635	OG0003635	1	1	1	1	1
OG0003636	OG0003636	1	1	1	1	1
OG0003637	OG0003637	1	1	1	1	1
OG0003638	OG0003638	1	1	1	1	1
OG0003639	OG0003639	1	1	1	1	1
OG0003640	OG0003640	1	1	1	1	1
OG0003641	OG0003641	1	1	1	1	1
OG0003642	OG0003642	1	1	1	1	1
OG0003643	OG0003643	1	1	1	1	1
OG0003644	OG0003644	1	1	1	1	1
OG0003645	OG0003645	1	1	1	1	1
OG0003646	OG0003646	1	1	1	1	1
OG0003647	OG0003647	1	1	1	1	1
OG0003648	OG0003648	1	1	1	1	1
OG0003649	OG0003649	1	1	1	1	1
OG0003650	OG0003650	1	1	1	1	1
OG0003651	OG0003651	1	1	1	1	1
OG0003652	OG0003652	1	1	1	1	1
OG0003653	OG0003653	1	1	1	1	1
OG0003654	OG0003654	1	1	1	1	1
OG0003655	OG0003655	1	1	1	1	1
OG0003656	OG0003656	1	1	1	1	1
OG0003657	OG0003657	1	1	1	1	1
OG0003658	OG0003658	1	1	1	1	1
OG0003659	OG0003659	1	1	1	1	1
OG0003660	OG0003660	1	1	1	1	1
OG0003661	OG0003661	1	1	1	1	1
OG0003662	OG0003662	1	1	1	1	1
OG0003663	OG0003663	1	1	1	1	1
OG0003664	OG0003664	1	1	1	1	1
OG0003665	OG0003665	1	1	1	1	1
OG0003666	OG0003666	1	1	1	1	1
OG0003667	OG0003667	1	1	1	1	1
OG0003668	OG0003668	1	1	1	1	1
OG0003669	OG0003669	1	1	1	1	1
OG0003670	OG0003670	1	1	1	1	1
OG0003671	OG0003671	1	1	1	1	1
OG0003672	OG0003672	1	1	1	1	1
OG0003673	OG0003673	1	1	1	1	1
OG0003674	OG0003674	1	1	1	1	1
OG0003675	OG0003675	1	1	1	1	1
OG0003676	OG0003676	1	1	1	1	1
OG0003677	OG0003677	1	1	1	1	1
OG0003678	OG0003678	1	1	1	1	1
OG0003679	OG0003679	1	1	1	1	1
OG0003680	OG0003680	1	1	1	1	1
OG0003681	OG0003681	1	1	1	1	1
OG0003682	OG0003682	1	1	1	1	1
OG0003683	OG0003683	1	1	1	1	1
OG0003684	OG0003684	1	1	1	1	1
OG0003685	OG0003685	1	1	1	1	1
OG0003686	OG0003686	1	1	1	1	1
OG0003687	OG0003687	1	1	1	1	1
OG0003688	OG0003688	1	1	1	1	1
OG0003689	OG0003689	1	1	1	1	1
OG0003690	OG0003690	1	1	1	1	1
OG0003691	OG0003691	1	1	1	1	1
OG0003692	OG0003692	1	1	1	1	1
OG0003693	OG0003693	1	1	1	1	1
OG0003694	OG0003694	1	1	1	1	1
OG0003695	OG0003695	1	1	1	1	1
OG0003696	OG0003696	1	1	1	1	1
OG0003697	OG0003697	1	1	1	1	1
OG0003698	OG0003698	1	1	1	1	1
OG0003699	OG0003699	1	1	1	1	1
OG0003700	OG0003700	1	1	1	1	1
OG0003701	OG0003701	1	1	1	1	1
OG0003702	OG0003702	1	1	1	1	1
OG0003703	OG0003703	1	1	1	1	1
OG0003704	OG0003704	1	1	1	1	1
OG0003705	OG0003705	1	1	1	1	1
OG0003706	OG0003706	1	1	1	1	1
OG0003707	OG0003707	1	1	1	1	1
OG0003708	OG0003708	1	1	1	1	1
OG0003709	OG0003709	1	1	1	1	1
OG0003710	OG0003710	1	1	1	1	1
OG0003711	OG0003711	1	1	1	1	1
OG0003712	OG0003712	1	1	1	1	1
OG0003713	OG0003713	1	1	1	1	1
OG0003714	OG0003714	1	1	1	1	1
OG0003715	OG0003715	1	1	1	1	1
OG0003716	OG0003716	1	1	1	1	1
OG0003717	OG0003717	1	1	1	1	1
OG0003718	OG0003718	1	1	1	1	1
OG0003719	OG0003719	1	1	1	1	1
OG0003720	OG0003720	1	1	1	1	1
OG0003721	OG0003721	1	1	1	1	1
OG0003722	OG0003722	1	1	1	1	1
OG0003723	OG0003723	1	1	1	1	1
OG0003724	OG0003724	1	1	1	1	1
OG0003725	OG0003725	1	1	1	1	1
OG0003726	OG0003726	1	1	1	1	1
OG0003727	OG0003727	1	1	1	1	1
OG0003728	OG0003728	1	1	1	1	1
OG0003729	OG0003729	1	1	1	1	1
OG0003730	OG0003730	1	1	1	1	1
OG0003731	OG0003731	1	1	1	1	1
OG0003732	OG0003732	1	1	1	1	1
OG0003733	OG0003733	1	1	1	1	1
OG0003734	OG0003734	1	1	1	1	1
OG0003735	OG0003735	1	1	1	1	1
OG0003736	OG0003736	1	1	1	1	1
OG0003737	OG0003737	1	1	1	1	1
OG0003738	OG0003738	1	1	1	1	1
OG0003739	OG0003739	1	1	1	1	1
OG0003740	OG0003740	1	1	1	1	1
OG0003741	OG0003741	1	1	1	1	1
OG0003742	OG0003742	1	1	1	1	1
OG0003743	OG0003743	1	1	1	1	1
OG0003744	OG0003744	1	1	1	1	1
OG0003745	OG0003745	1	1	1	1	1
OG0003746	OG0003746	1	1	1	1	1
OG0003747	OG0003747	1	1	1	1	1
OG0003748	OG0003748	1	1	1	1	1
OG0003749	OG0003749	1	1	1	1	1
OG0003750	OG0003750	1	1	1	1	1
OG0003751	OG0003751	1	1	1	1	1
OG0003752	OG0003752	1	1	1	1	1
OG0003753	OG0003753	1	1	1	1	1
OG0003754	OG0003754	1	1	1	1	1
OG0003755	OG0003755	1	1	1	1	1
OG0003756	OG0003756	1	1	1	1	1
OG0003757	OG0003757	1	1	1	1	1
OG0003758	OG0003758	1	1	1	1	1
OG0003759	OG0003759	1	1	1	1	1
OG0003760	OG0003760	1	1	1	1	1
OG0003761	OG0003761	1	1	1	1	1
OG0003762	OG0003762	1	1	1	1	1
OG0003763	OG0003763	1	1	1	1	1
OG0003764	OG0003764	1	1	1	1	1
OG0003765	OG0003765	1	1	1	1	1
OG0003766	OG0003766	1	1	1	1	1
OG0003767	OG0003767	1	1	1	1	1
OG0003768	OG0003768	1	1	1	1	1
OG0003769	OG0003769	1	1	1	1	1
OG0003770	OG0003770	1	1	1	1	1
OG0003771	OG0003771	1	1	1	1	1
OG0003772	OG0003772	1	1	1	1	1
OG0003773	OG0003773	1	1	1	1	1
OG0003774	OG0003774	1	1	1	1	1
OG0003775	OG0003775	1	1	1	1	1
OG0003776	OG0003776	1	1	1	1	1
OG0003777	OG0003777	1	1	1	1	1
OG0003778	OG0003778	1	1	1	1	1
OG0003779	OG0003779	1	1	1	1	1
OG0003780	OG0003780	1	1	1	1	1
OG0003781	OG0003781	1	1	1	1	1
OG0003782	OG0003782	1	1	1	1	1
OG0003783	OG0003783	1	1	1	1	1
OG0003784	OG0003784	1	1	1	1	1
OG0003785	OG0003785	1	1	1	1	1
OG0003786	OG0003786	1	1	1	1	1
OG0003787	OG0003787	1	1	1	1	1
OG0003788	OG0003788	1	1	1	1	1
OG0003789	OG0003789	1	1	1	1	1
OG0003790	OG0003790	1	1	1	1	1
OG0003791	OG0003791	1	1	1	1	1
OG0003792	OG0003792	1	1	1	1	1
OG0003793	OG0003793	1	1	1	1	1
OG0003794	OG0003794	1	1	1	1	1
OG0003795	OG0003795	1	1	1	1	1
OG0003796	OG0003796	1	1	1	1	1
OG0003797	OG0003797	1	1	1	1	1
OG0003798	OG0003798	1	1	1	1	1
OG0003799	OG0003799	1	1	1	1	1
OG0003800	OG0003800	1	1	1	1	1
OG0003801	OG0003801	1	1	1	1	1
OG0003802	OG0003802	1	1	1	1	1
OG0003803	OG0003803	1	1	1	1	1
OG0003804	OG0003804	1	1	1	1	1
OG0003805	OG0003805	1	1	1	1	1
OG0003806	OG0003806	1	1	1	1	1
OG0003807	OG0003807	1	1	1	1	1
OG0003808	OG0003808	1	1	1	1	1
OG0003809	OG0003809	1	1	1	1	1
OG0003810	OG0003810	1	1	1	1	1
OG0003811	OG0003811	1	1	1	1	1
OG0003812	OG0003812	1	1	1	1	1
OG0003813	OG0003813	1	1	1	1	1
OG0003814	OG0003814	1	1	1	1	1
OG0003815	OG0003815	1	1	1	1	1
OG0003816	OG0003816	1	1	1	1	1
OG0003817	OG0003817	1	1	1	1	1
OG0003818	OG0003818	1	1	1	1	1
OG0003819	OG0003819	1	1	1	1	1
OG0003820	OG0003820	1	1	1	1	1
OG0003821	OG0003821	1	1	1	1	1
OG0003822	OG0003822	1	1	1	1	1
OG0003823	OG0003823	1	1	1	1	1
OG0003824	OG0003824	1	1	1	1	1
OG0003825	OG0003825	1	1	1	1	1
OG0003826	OG0003826	1	1	1	1	1
OG0003827	OG0003827	1	1	1	1	1
OG0003828	OG0003828	1	1	1	1	1
OG0003829	OG0003829	1	1	1	1	1
OG0003830	OG0003830	1	1	1	1	1
OG0003831	OG0003831	1	1	1	1	1
OG0003832	OG0003832	1	1	1	1	1
OG0003833	OG0003833	1	1	1	1	1
OG0003834	OG0003834	1	1	1	1	1
OG0003835	OG0003835	1	1	1	1	1
OG0003836	OG0003836	1	1	1	1	1
OG0003837	OG0003837	1	1	1	1	1
OG0003838	OG0003838	1	1	1	1	1
OG0003839	OG0003839	1	1	1	1	1
OG0003840	OG0003840	1	1	1	1	1
OG0003841	OG0003841	1	1	1	1	1
OG0003842	OG0003842	1	1	1	1	1
OG0003843	OG0003843	1	1	1	1	1
OG0003844	OG0003844	1	1	1	1	1
OG0003845	OG0003845	1	1	1	1	1
OG0003846	OG0003846	1	1	1	1	1
OG0003847	OG0003847	1	1	1	1	1
OG0003848	OG0003848	1	1	1	1	1
OG0003849	OG0003849	1	1	1	1	1
OG0003850	OG0003850	1	1	1	1	1
OG0003851	OG0003851	1	1	1	1	1
OG0003852	OG0003852	1	1	1	1	1
OG0003853	OG0003853	1	1	1	1	1
OG0003854	OG0003854	1	1	1	1	1
OG0003855	OG0003855	1	1	1	1	1
OG0003856	OG0003856	1	1	1	1	1
OG0003857	OG0003857	1	1	1	1	1
OG0003858	OG0003858	1	1	1	1	1
OG0003859	OG0003859	1	1	1	1	1
OG0003860	OG0003860	1	1	1	1	1
OG0003861	OG0003861	1	1	1	1	1
OG0003862	OG0003862	1	1	1	1	1
OG0003863	OG0003863	1	1	1	1	1
OG0003864	OG0003864	1	1	1	1	1
OG0003865	OG0003865	1	1	1	1	1
OG0003866	OG0003866	1	1	1	1	1
OG0003867	OG0003867	1	1	1	1	1
OG0003868	OG0003868	1	1	1	1	1
OG0003869	OG0003869	1	1	1	1	1
OG0003870	OG0003870	1	1	1	1	1
OG0003871	OG0003871	1	1	1	1	1
OG0003872	OG0003872	1	1	1	1	1
OG0003873	OG0003873	1	1	1	1	1
OG0003874	OG0003874	1	1	1	1	1
OG0003875	OG0003875	1	1	1	1	1
OG0003876	OG0003876	1	1	1	1	1
OG0003877	OG0003877	1	1	1	1	1
OG0003878	OG0003878	1	1	1	1	1
OG0003879	OG0003879	1	1	1	1	1
OG0003880	OG0003880	1	1	1	1	1
OG0003881	OG0003881	1	1	1	1	1
OG0003882	OG0003882	1	1	1	1	1
OG0003883	OG0003883	1	1	1	1	1
OG0003884	OG0003884	1	1	1	1	1
OG0003885	OG0003885	1	1	1	1	1
OG0003886	OG0003886	1	1	1	1	1
OG0003887	OG0003887	1	1	1	1	1
OG0003888	OG0003888	1	1	1	1	1
OG0003889	OG0003889	1	1	1	1	1
OG0003890	OG0003890	1	1	1	1	1
OG0003891	OG0003891	1	1	1	1	1
OG0003892	OG0003892	1	1	1	1	1
OG0003893	OG0003893	1	1	1	1	1
OG0003894	OG0003894	1	1	1	1	1
OG0003895	OG0003895	1	1	1	1	1
OG0003896	OG0003896	1	1	1	1	1
OG0003897	OG0003897	1	1	1	1	1
OG0003898	OG0003898	1	1	1	1	1
OG0003899	OG0003899	1	1	1	1	1
OG0003900	OG0003900	1	1	1	1	1
OG0003901	OG0003901	1	1	1	1	1
OG0003902	OG0003902	1	1	1	1	1
OG0003903	OG0003903	1	1	1	1	1
OG0003904	OG0003904	1	1	1	1	1
OG0003905	OG0003905	1	1	1	1	1
OG0003906	OG0003906	1	1	1	1	1
OG0003907	OG0003907	1	1	1	1	1
OG0003908	OG0003908	1	1	1	1	1
OG0003909	OG0003909	1	1	1	1	1
OG0003910	OG0003910	1	1	1	1	1
OG0003911	OG0003911	1	1	1	1	1
OG0003912	OG0003912	1	1	1	1	1
OG0003913	OG0003913	1	1	1	1	1
OG0003914	OG0003914	1	1	1	1	1
OG0003915	OG0003915	1	1	1	1	1
OG0003916	OG0003916	1	1	1	1	1
OG0003917	OG0003917	1	1	1	1	1
OG0003918	OG0003918	1	1	1	1	1
OG0003919	OG0003919	1	1	1	1	1
OG0003920	OG0003920	1	1	1	1	1
OG0003921	OG0003921	1	1	1	1	1
OG0003922	OG0003922	1	1	1	1	1
OG0003923	OG0003923	1	1	1	1	1
OG0003924	OG0003924	1	1	1	1	1
OG0003925	OG0003925	1	1	1	1	1
OG0003926	OG0003926	1	1	1	1	1
OG0003927	OG0003927	1	1	1	1	1
OG0003928	OG0003928	1	1	1	1	1
OG0003929	OG0003929	1	1	1	1	1
OG0003930	OG0003930	1	1	1	1	1
OG0003931	OG0003931	1	1	1	1	1
OG0003932	OG0003932	1	1	1	1	1
OG0003933	OG0003933	1	1	1	1	1
OG0003934	OG0003934	1	1	1	1	1
OG0003935	OG0003935	1	1	1	1	1
OG0003936	OG0003936	1	1	1	1	1
OG0003937	OG0003937	1	1	1	1	1
OG0003938	OG0003938	1	1	1	1	1
OG0003939	OG0003939	1	1	1	1	1
OG0003940	OG0003940	1	1	1	1	1
OG0003941	OG0003941	1	1	1	1	1
OG0003942	OG0003942	1	1	1	1	1
OG0003943	OG0003943	1	1	1	1	1
OG0003944	OG0003944	1	1	1	1	1
OG0003945	OG0003945	1	1	1	1	1
OG0003946	OG0003946	1	1	1	1	1
OG0003947	OG0003947	1	1	1	1	1
OG0003948	OG0003948	1	1	1	1	1
OG0003949	OG0003949	1	1	1	1	1
OG0003950	OG0003950	1	1	1	1	1
OG0003951	OG0003951	1	1	1	1	1
OG0003952	OG0003952	1	1	1	1	1
OG0003953	OG0003953	1	1	1	1	1
OG0003954	OG0003954	1	1	1	1	1
OG0003955	OG0003955	1	1	1	1	1
OG0003956	OG0003956	1	1	1	1	1
OG0003957	OG0003957	1	1	1	1	1
OG0003958	OG0003958	1	1	1	1	1
OG0003959	OG0003959	1	1	1	1	1
OG0003960	OG0003960	1	1	1	1	1
OG0003961	OG0003961	1	1	1	1	1
OG0003962	OG0003962	1	1	1	1	1
OG0003963	OG0003963	1	1	1	1	1
OG0003964	OG0003964	1	1	1	1	1
OG0003965	OG0003965	1	1	1	1	1
OG0003966	OG0003966	1	1	1	1	1
OG0003967	OG0003967	1	1	1	1	1
OG0003968	OG0003968	1	1	1	1	1
OG0003969	OG0003969	1	1	1	1	1
OG0003970	OG0003970	1	1	1	1	1
OG0003971	OG0003971	1	1	1	1	1
OG0003972	OG0003972	1	1	1	1	1
OG0003973	OG0003973	1	1	1	1	1
OG0003974	OG0003974	1	1	1	1	1
OG0003975	OG0003975	1	1	1	1	1
OG0003976	OG0003976	1	1	1	1	1
OG0003977	OG0003977	1	1	1	1	1
OG0003978	OG0003978	1	1	1	1	1
OG0003979	OG0003979	1	1	1	1	1
OG0003980	OG0003980	1	1	1	1	1
OG0003981	OG0003981	1	1	1	1	1
OG0003982	OG0003982	1	1	1	1	1
OG0003983	OG0003983	1	1	1	1	1
OG0003984	OG0003984	1	1	1	1	1
OG0003985	OG0003985	1	1	1	1	1
OG0003986	OG0003986	1	1	1	1	1
OG0003987	OG0003987	1	1	1	1	1
OG0003988	OG0003988	1	1	1	1	1
OG0003989	OG0003989	1	1	1	1	1
OG0003990	OG0003990	1	1	1	1	1
OG0003991	OG0003991	1	1	1	1	1
OG0003992	OG0003992	1	1	1	1	1
OG0003993	OG0003993	1	1	1	1	1
OG0003994	OG0003994	1	1	1	1	1
OG0003995	OG0003995	1	1	1	1	1
OG0003996	OG0003996	1	1	1	1	1
OG0003997	OG0003997	1	1	1	1	1
OG0003998	OG0003998	1	1	1	1	1
OG0003999	OG0003999	1	1	1	1	1
OG0004000	OG0004000	1	1	1	1	1
OG0004001	OG0004001	1	1	1	1	1
OG0004002	OG0004002	1	1	1	1	1
OG0004003	OG0004003	1	1	1	1	1
OG0004004	OG0004004	1	1	1	1	1
OG0004005	OG0004005	1	1	1	1	1
OG0004006	OG0004006	1	1	1	1	1
OG0004007	OG0004007	1	1	1	1	1
OG0004008	OG0004008	1	1	1	1	1
OG0004009	OG0004009	1	1	1	1	1
OG0004010	OG0004010	1	1	1	1	1
OG0004011	OG0004011	1	1	1	1	1
OG0004012	OG0004012	1	1	1	1	1
OG0004013	OG0004013	1	1	1	1	1
OG0004014	OG0004014	1	1	1	1	1
OG0004015	OG0004015	1	1	1	1	1
OG0004016	OG0004016	1	1	1	1	1
OG0004017	OG0004017	1	1	1	1	1
OG0004018	OG0004018	1	1	1	1	1
OG0004019	OG0004019	1	1	1	1	1
OG0004020	OG0004020	1	1	1	1	1
OG0004021	OG0004021	1	1	1	1	1
OG0004022	OG0004022	1	1	1	1	1
OG0004023	OG0004023	1	1	1	1	1
OG0004024	OG0004024	1	1	1	1	1
OG0004025	OG0004025	1	1	1	1	1
OG0004026	OG0004026	1	1	1	1	1
OG0004027	OG0004027	1	1	1	1	1
OG0004028	OG0004028	1	1	1	1	1
OG0004029	OG0004029	1	1	1	1	1
OG0004030	OG0004030	1	1	1	1	1
OG0004031	OG0004031	1	1	1	1	1
OG0004032	OG0004032	1	1	1	1	1
OG0004033	OG0004033	1	1	1	1	1
OG0004034	OG0004034	1	1	1	1	1
OG0004035	OG0004035	1	1	1	1	1
OG0004036	OG0004036	1	1	2	0	1
OG0004037	OG0004037	1	1	1	1	1
OG0004038	OG0004038	1	1	1	1	1
OG0004039	OG0004039	1	1	1	1	1
OG0004040	OG0004040	1	1	1	1	1
OG0004041	OG0004041	1	1	1	1	1
OG0004042	OG0004042	1	1	1	1	1
OG0004043	OG0004043	1	1	1	1	1
OG0004044	OG0004044	1	1	1	1	1
OG0004045	OG0004045	1	1	1	1	1
OG0004046	OG0004046	1	1	1	1	1
OG0004047	OG0004047	1	1	1	1	1
OG0004048	OG0004048	1	1	1	1	1
OG0004049	OG0004049	1	1	1	1	1
OG0004050	OG0004050	1	1	1	1	1
OG0004051	OG0004051	1	1	1	1	1
OG0004052	OG0004052	1	1	1	1	1
OG0004053	OG0004053	1	1	1	1	1
OG0004054	OG0004054	1	1	1	1	1
OG0004055	OG0004055	1	1	1	1	1
OG0004056	OG0004056	1	1	1	1	1
OG0004057	OG0004057	1	1	1	1	1
OG0004058	OG0004058	1	1	1	2	0
OG0004059	OG0004059	1	1	1	1	1
OG0004060	OG0004060	1	1	1	1	1
OG0004061	OG0004061	1	1	1	1	1
OG0004062	OG0004062	1	1	1	1	1
OG0004063	OG0004063	1	1	1	1	1
OG0004064	OG0004064	1	1	1	1	1
OG0004065	OG0004065	1	1	1	1	1
OG0004066	OG0004066	1	1	1	1	1
OG0004067	OG0004067	1	1	1	1	1
OG0004068	OG0004068	1	1	1	1	1
OG0004069	OG0004069	1	1	1	1	1
OG0004070	OG0004070	1	1	1	1	1
OG0004071	OG0004071	1	1	1	1	1
OG0004072	OG0004072	1	1	1	1	1
OG0004073	OG0004073	1	1	1	1	1
OG0004074	OG0004074	1	1	1	1	1
OG0004075	OG0004075	1	1	1	1	1
OG0004076	OG0004076	1	1	1	1	1
OG0004077	OG0004077	1	1	1	1	1
OG0004078	OG0004078	1	1	1	1	1
OG0004079	OG0004079	1	1	1	1	1
OG0004080	OG0004080	1	1	1	1	1
OG0004081	OG0004081	1	1	1	1	1
OG0004082	OG0004082	1	1	1	1	1
OG0004083	OG0004083	1	1	1	1	1
OG0004084	OG0004084	1	1	1	1	1
OG0004085	OG0004085	1	1	1	1	1
OG0004086	OG0004086	1	1	1	1	1
OG0004087	OG0004087	1	1	1	1	1
OG0004088	OG0004088	1	1	1	1	1
OG0004089	OG0004089	1	1	1	1	1
OG0004090	OG0004090	1	1	1	1	1
OG0004091	OG0004091	1	1	1	1	1
OG0004092	OG0004092	1	1	1	1	1
OG0004093	OG0004093	1	1	1	1	1
OG0004094	OG0004094	1	1	1	1	1
OG0004095	OG0004095	1	1	1	1	1
OG0004096	OG0004096	1	1	1	1	1
OG0004097	OG0004097	1	1	1	1	1
OG0004098	OG0004098	1	1	1	1	1
OG0004099	OG0004099	1	1	1	1	1
OG0004100	OG0004100	1	1	1	1	1
OG0004101	OG0004101	1	1	1	1	1
OG0004102	OG0004102	1	1	1	1	1
OG0004103	OG0004103	1	1	1	1	1
OG0004104	OG0004104	1	1	1	1	1
OG0004105	OG0004105	1	1	1	1	1
OG0004106	OG0004106	1	1	1	1	1
OG0004107	OG0004107	1	1	1	1	1
OG0004108	OG0004108	1	1	1	1	1
OG0004109	OG0004109	1	1	1	1	1
OG0004110	OG0004110	1	1	1	1	1
OG0004111	OG0004111	1	1	1	1	1
OG0004112	OG0004112	1	1	1	1	1
OG0004113	OG0004113	1	1	1	1	1
OG0004114	OG0004114	1	1	1	1	1
OG0004115	OG0004115	1	1	1	1	1
OG0004116	OG0004116	1	1	1	1	1
OG0004117	OG0004117	1	1	1	1	1
OG0004118	OG0004118	1	1	1	1	1
OG0004119	OG0004119	1	1	1	1	1
OG0004120	OG0004120	1	1	1	1	1
OG0004121	OG0004121	1	1	1	1	1
OG0004122	OG0004122	1	1	1	1	1
OG0004123	OG0004123	1	1	1	1	1
OG0004124	OG0004124	1	1	1	1	1
OG0004125	OG0004125	1	1	1	1	1
OG0004126	OG0004126	1	1	1	1	1
OG0004127	OG0004127	1	1	1	1	1
OG0004128	OG0004128	1	1	1	1	1
OG0004129	OG0004129	1	1	1	1	1
OG0004130	OG0004130	1	1	1	1	1
OG0004131	OG0004131	1	1	1	1	1
OG0004132	OG0004132	1	1	1	1	1
OG0004133	OG0004133	1	1	1	1	1
OG0004134	OG0004134	1	1	1	1	1
OG0004135	OG0004135	1	1	1	1	1
OG0004136	OG0004136	1	1	1	1	1
OG0004137	OG0004137	1	1	1	1	1
OG0004138	OG0004138	1	1	1	1	1
OG0004139	OG0004139	1	1	1	1	1
OG0004140	OG0004140	1	1	1	1	1
OG0004141	OG0004141	1	1	1	1	1
OG0004142	OG0004142	1	1	1	1	1
OG0004143	OG0004143	1	1	1	1	1
OG0004144	OG0004144	1	1	1	1	1
OG0004145	OG0004145	1	1	1	1	1
OG0004146	OG0004146	1	1	1	1	1
OG0004147	OG0004147	1	1	1	1	1
OG0004148	OG0004148	1	1	1	1	1
OG0004149	OG0004149	1	1	1	1	1
OG0004150	OG0004150	1	1	1	1	1
OG0004151	OG0004151	1	1	1	1	1
OG0004152	OG0004152	1	1	1	1	1
OG0004153	OG0004153	1	1	1	1	1
OG0004154	OG0004154	1	1	1	1	1
OG0004155	OG0004155	1	1	1	1	1
OG0004156	OG0004156	1	1	1	1	1
OG0004157	OG0004157	1	1	1	1	1
OG0004158	OG0004158	1	1	1	1	1
OG0004159	OG0004159	1	1	1	1	1
OG0004160	OG0004160	1	1	1	1	1
OG0004161	OG0004161	1	1	1	1	1
OG0004162	OG0004162	1	1	1	1	1
OG0004163	OG0004163	1	1	1	1	1
OG0004164	OG0004164	1	1	1	1	1
OG0004165	OG0004165	1	1	1	1	1
OG0004166	OG0004166	1	1	1	1	1
OG0004167	OG0004167	1	1	1	1	1
OG0004168	OG0004168	1	1	1	1	1
OG0004169	OG0004169	1	1	1	1	1
OG0004170	OG0004170	1	1	1	1	1
OG0004171	OG0004171	1	1	1	1	1
OG0004172	OG0004172	1	1	1	1	1
OG0004173	OG0004173	1	1	1	1	1
OG0004174	OG0004174	1	1	1	1	1
OG0004175	OG0004175	1	1	1	1	1
OG0004176	OG0004176	1	1	1	1	1
OG0004177	OG0004177	1	1	1	1	1
OG0004178	OG0004178	1	1	1	1	1
OG0004179	OG0004179	1	1	1	1	1
OG0004180	OG0004180	1	1	1	1	1
OG0004181	OG0004181	1	1	1	1	1
OG0004182	OG0004182	1	1	1	1	1
OG0004183	OG0004183	1	1	1	1	1
OG0004184	OG0004184	1	1	1	1	1
OG0004185	OG0004185	1	1	1	1	1
OG0004186	OG0004186	1	1	1	1	1
OG0004187	OG0004187	1	1	1	1	1
OG0004188	OG0004188	1	1	1	1	1
OG0004189	OG0004189	1	1	1	1	1
OG0004190	OG0004190	1	1	1	1	1
OG0004191	OG0004191	1	1	1	1	1
OG0004192	OG0004192	1	1	1	1	1
OG0004193	OG0004193	1	1	1	1	1
OG0004194	OG0004194	1	1	1	1	1
OG0004195	OG0004195	1	1	1	1	1
OG0004196	OG0004196	1	1	1	1	1
OG0004197	OG0004197	1	1	1	1	1
OG0004198	OG0004198	1	1	1	1	1
OG0004199	OG0004199	1	1	1	1	1
OG0004200	OG0004200	1	1	1	1	1
OG0004201	OG0004201	1	1	1	1	1
OG0004202	OG0004202	1	1	1	1	1
OG0004203	OG0004203	1	1	1	1	1
OG0004204	OG0004204	1	1	1	1	1
OG0004205	OG0004205	1	1	1	1	1
OG0004206	OG0004206	1	1	1	1	1
OG0004207	OG0004207	1	1	1	1	1
OG0004208	OG0004208	1	1	1	1	1
OG0004209	OG0004209	1	1	1	1	1
OG0004210	OG0004210	1	1	1	1	1
OG0004211	OG0004211	1	1	1	1	1
OG0004212	OG0004212	1	1	1	1	1
OG0004213	OG0004213	1	1	1	1	1
OG0004214	OG0004214	1	1	1	1	1
OG0004215	OG0004215	1	1	1	1	1
OG0004216	OG0004216	1	1	1	1	1
OG0004217	OG0004217	1	1	1	1	1
OG0004218	OG0004218	1	1	1	1	1
OG0004219	OG0004219	1	1	1	1	1
OG0004220	OG0004220	1	1	1	1	1
OG0004221	OG0004221	1	1	1	1	1
OG0004222	OG0004222	1	1	1	1	1
OG0004223	OG0004223	1	1	1	1	1
OG0004224	OG0004224	1	1	1	1	1
OG0004225	OG0004225	1	1	1	1	1
OG0004226	OG0004226	1	1	1	1	1
OG0004227	OG0004227	1	1	1	1	1
OG0004228	OG0004228	1	1	1	1	1
OG0004229	OG0004229	1	1	1	1	1
OG0004230	OG0004230	1	1	1	1	1
OG0004231	OG0004231	1	1	1	1	1
OG0004232	OG0004232	1	1	1	1	1
OG0004233	OG0004233	1	1	1	1	1
OG0004234	OG0004234	1	1	1	1	1
OG0004235	OG0004235	1	1	1	1	1
OG0004236	OG0004236	1	1	1	1	1
OG0004237	OG0004237	1	1	1	1	1
OG0004238	OG0004238	1	1	1	1	1
OG0004239	OG0004239	1	1	1	1	1
OG0004240	OG0004240	1	1	1	1	1
OG0004241	OG0004241	1	1	1	1	1
OG0004242	OG0004242	1	1	1	1	1
OG0004243	OG0004243	1	1	1	1	1
OG0004244	OG0004244	1	1	1	1	1
OG0004245	OG0004245	1	1	1	1	1
OG0004246	OG0004246	1	1	1	1	1
OG0004247	OG0004247	1	1	1	1	1
OG0004248	OG0004248	1	1	1	1	1
OG0004249	OG0004249	1	1	1	1	1
OG0004250	OG0004250	1	1	1	1	1
OG0004251	OG0004251	1	1	1	1	1
OG0004252	OG0004252	1	1	1	1	1
OG0004253	OG0004253	1	1	1	1	1
OG0004254	OG0004254	1	1	1	1	1
OG0004255	OG0004255	1	1	1	1	1
OG0004256	OG0004256	1	1	1	1	1
OG0004257	OG0004257	1	1	1	1	1
OG0004258	OG0004258	1	1	1	1	1
OG0004259	OG0004259	1	1	1	1	1
OG0004260	OG0004260	1	1	1	1	1
OG0004261	OG0004261	1	1	1	1	1
OG0004262	OG0004262	1	1	1	1	1
OG0004263	OG0004263	1	1	1	1	1
OG0004264	OG0004264	1	1	1	1	1
OG0004265	OG0004265	1	1	1	1	1
OG0004266	OG0004266	1	1	1	1	1
OG0004267	OG0004267	1	1	1	1	1
OG0004268	OG0004268	1	1	1	1	1
OG0004269	OG0004269	1	1	1	1	1
OG0004270	OG0004270	1	1	1	1	1
OG0004271	OG0004271	1	1	1	1	1
OG0004272	OG0004272	1	1	1	1	1
OG0004273	OG0004273	1	1	1	1	1
OG0004274	OG0004274	1	1	1	1	1
OG0004275	OG0004275	1	1	1	1	1
OG0004276	OG0004276	1	1	1	1	1
OG0004277	OG0004277	1	1	1	1	1
OG0004278	OG0004278	1	1	1	1	1
OG0004279	OG0004279	1	1	1	1	1
OG0004280	OG0004280	1	1	1	1	1
OG0004281	OG0004281	1	1	1	1	1
OG0004282	OG0004282	1	1	1	1	1
OG0004283	OG0004283	1	1	1	1	1
OG0004284	OG0004284	1	1	1	1	1
OG0004285	OG0004285	1	1	1	1	1
OG0004286	OG0004286	1	1	1	1	1
OG0004287	OG0004287	1	1	1	1	1
OG0004288	OG0004288	1	1	1	1	1
OG0004289	OG0004289	1	1	1	1	1
OG0004290	OG0004290	1	1	1	1	1
OG0004291	OG0004291	1	1	1	1	1
OG0004292	OG0004292	1	1	1	1	1
OG0004293	OG0004293	1	1	1	1	1
OG0004294	OG0004294	1	1	1	1	1
OG0004295	OG0004295	1	1	1	1	1
OG0004296	OG0004296	1	1	1	1	1
OG0004297	OG0004297	1	1	1	1	1
OG0004298	OG0004298	1	1	1	1	1
OG0004299	OG0004299	1	1	1	1	1
OG0004300	OG0004300	1	1	1	1	1
OG0004301	OG0004301	1	1	1	1	1
OG0004302	OG0004302	1	1	1	1	1
OG0004303	OG0004303	1	1	1	1	1
OG0004304	OG0004304	1	1	1	1	1
OG0004305	OG0004305	1	1	1	1	1
OG0004306	OG0004306	1	1	1	1	1
OG0004307	OG0004307	1	1	1	1	1
OG0004308	OG0004308	1	1	1	1	1
OG0004309	OG0004309	1	1	1	1	1
OG0004310	OG0004310	1	1	1	1	1
OG0004311	OG0004311	1	1	1	1	1
OG0004312	OG0004312	1	1	1	1	1
OG0004313	OG0004313	1	1	1	1	1
OG0004314	OG0004314	1	1	1	1	1
OG0004315	OG0004315	1	1	1	1	1
OG0004316	OG0004316	1	1	1	1	1
OG0004317	OG0004317	1	1	1	1	1
OG0004318	OG0004318	1	1	1	1	1
OG0004319	OG0004319	1	1	1	1	1
OG0004320	OG0004320	1	1	1	1	1
OG0004321	OG0004321	1	1	1	1	1
OG0004322	OG0004322	1	1	1	1	1
OG0004323	OG0004323	1	1	1	1	1
OG0004324	OG0004324	1	1	1	1	1
OG0004325	OG0004325	1	1	1	1	1
OG0004326	OG0004326	1	1	1	1	1
OG0004327	OG0004327	1	1	1	1	1
OG0004328	OG0004328	1	1	1	1	1
OG0004329	OG0004329	1	1	1	1	1
OG0004330	OG0004330	1	1	1	1	1
OG0004331	OG0004331	1	1	1	1	1
OG0004332	OG0004332	1	1	1	1	1
OG0004333	OG0004333	1	1	1	1	1
OG0004334	OG0004334	1	1	1	1	1
OG0004335	OG0004335	1	1	1	1	1
OG0004336	OG0004336	1	1	1	1	1
OG0004337	OG0004337	1	1	1	1	1
OG0004338	OG0004338	1	1	1	1	1
OG0004339	OG0004339	1	1	1	1	1
OG0004340	OG0004340	1	1	1	1	1
OG0004341	OG0004341	1	1	1	1	1
OG0004342	OG0004342	1	1	1	1	1
OG0004343	OG0004343	1	1	1	1	1
OG0004344	OG0004344	1	1	1	1	1
OG0004345	OG0004345	1	1	1	1	1
OG0004346	OG0004346	1	1	1	1	1
OG0004347	OG0004347	1	1	1	1	1
OG0004348	OG0004348	1	1	1	1	1
OG0004349	OG0004349	1	1	1	1	1
OG0004350	OG0004350	1	1	1	1	1
OG0004351	OG0004351	1	1	1	1	1
OG0004352	OG0004352	1	1	1	1	1
OG0004353	OG0004353	1	1	1	1	1
OG0004354	OG0004354	1	1	1	1	1
OG0004355	OG0004355	1	1	1	1	1
OG0004356	OG0004356	1	1	1	1	1
OG0004357	OG0004357	1	1	1	1	1
OG0004358	OG0004358	1	1	1	1	1
OG0004359	OG0004359	1	1	1	1	1
OG0004360	OG0004360	1	1	1	1	1
OG0004361	OG0004361	1	1	1	1	1
OG0004362	OG0004362	1	1	1	1	1
OG0004363	OG0004363	1	1	1	1	1
OG0004364	OG0004364	1	1	1	1	1
OG0004365	OG0004365	1	1	1	1	1
OG0004366	OG0004366	1	1	1	1	1
OG0004367	OG0004367	1	1	1	1	1
OG0004368	OG0004368	1	1	1	1	1
OG0004369	OG0004369	1	1	1	1	1
OG0004370	OG0004370	1	1	1	1	1
OG0004371	OG0004371	1	1	1	1	1
OG0004372	OG0004372	1	1	1	1	1
OG0004373	OG0004373	1	1	1	1	1
OG0004374	OG0004374	1	1	1	1	1
OG0004375	OG0004375	1	1	1	1	1
OG0004376	OG0004376	1	1	1	1	1
OG0004377	OG0004377	1	1	1	1	1
OG0004378	OG0004378	1	1	1	1	1
OG0004379	OG0004379	1	1	1	1	1
OG0004380	OG0004380	1	1	1	1	1
OG0004381	OG0004381	1	1	1	1	1
OG0004382	OG0004382	1	1	1	1	1
OG0004383	OG0004383	1	1	1	1	1
OG0004384	OG0004384	1	1	1	1	1
OG0004385	OG0004385	1	1	1	1	1
OG0004386	OG0004386	1	1	1	1	1
OG0004387	OG0004387	1	1	1	1	1
OG0004388	OG0004388	1	1	1	1	1
OG0004389	OG0004389	1	1	1	1	1
OG0004390	OG0004390	1	1	1	1	1
OG0004391	OG0004391	1	1	1	1	1
OG0004392	OG0004392	1	1	1	1	1
OG0004393	OG0004393	1	1	1	1	1
OG0004394	OG0004394	1	1	1	1	1
OG0004395	OG0004395	1	1	1	1	1
OG0004396	OG0004396	1	1	1	1	1
OG0004397	OG0004397	1	1	1	1	1
OG0004398	OG0004398	1	1	1	1	1
OG0004399	OG0004399	1	1	1	1	1
OG0004400	OG0004400	1	1	1	1	1
OG0004401	OG0004401	1	1	1	1	1
OG0004402	OG0004402	1	1	1	1	1
OG0004403	OG0004403	1	1	1	1	1
OG0004404	OG0004404	1	1	1	1	1
OG0004405	OG0004405	1	1	1	1	1
OG0004406	OG0004406	1	1	1	1	1
OG0004407	OG0004407	1	1	1	1	1
OG0004408	OG0004408	1	1	1	1	1
OG0004409	OG0004409	1	1	1	1	1
OG0004410	OG0004410	1	1	1	1	1
OG0004411	OG0004411	1	1	1	1	1
OG0004412	OG0004412	1	1	1	1	1
OG0004413	OG0004413	1	1	1	1	1
OG0004414	OG0004414	1	1	1	1	1
OG0004415	OG0004415	1	1	1	1	1
OG0004416	OG0004416	1	1	1	1	1
OG0004417	OG0004417	1	1	1	1	1
OG0004418	OG0004418	1	1	1	1	1
OG0004419	OG0004419	1	1	1	1	1
OG0004420	OG0004420	1	1	1	1	1
OG0004421	OG0004421	1	1	1	1	1
OG0004422	OG0004422	1	1	1	1	1
OG0004423	OG0004423	1	1	1	1	1
OG0004424	OG0004424	1	1	1	1	1
OG0004425	OG0004425	1	1	1	1	1
OG0004426	OG0004426	1	1	1	1	1
OG0004427	OG0004427	1	1	1	1	1
OG0004428	OG0004428	1	1	1	1	1
OG0004429	OG0004429	1	1	1	1	1
OG0004430	OG0004430	1	1	1	1	1
OG0004431	OG0004431	1	1	1	1	1
OG0004432	OG0004432	1	1	1	1	1
OG0004433	OG0004433	1	1	1	1	1
OG0004434	OG0004434	1	1	1	1	1
OG0004435	OG0004435	1	1	1	1	1
OG0004436	OG0004436	1	1	1	1	1
OG0004437	OG0004437	1	1	1	1	1
OG0004438	OG0004438	1	1	1	1	1
OG0004439	OG0004439	1	1	1	1	1
OG0004440	OG0004440	1	1	1	1	1
OG0004441	OG0004441	1	1	1	1	1
OG0004442	OG0004442	1	1	1	1	1
OG0004443	OG0004443	1	1	1	1	1
OG0004444	OG0004444	1	1	1	1	1
OG0004445	OG0004445	1	1	1	1	1
OG0004446	OG0004446	1	1	1	1	1
OG0004447	OG0004447	1	1	1	1	1
OG0004448	OG0004448	1	1	1	1	1
OG0004449	OG0004449	1	1	1	1	1
OG0004450	OG0004450	1	1	1	1	1
OG0004451	OG0004451	1	1	1	1	1
OG0004452	OG0004452	1	1	1	1	1
OG0004453	OG0004453	1	1	1	1	1
OG0004454	OG0004454	1	1	1	1	1
OG0004455	OG0004455	1	1	1	1	1
OG0004456	OG0004456	1	1	1	1	1
OG0004457	OG0004457	1	1	1	1	1
OG0004458	OG0004458	1	1	1	1	1
OG0004459	OG0004459	1	1	1	1	1
OG0004460	OG0004460	1	1	1	1	1
OG0004461	OG0004461	1	1	1	1	1
OG0004462	OG0004462	1	1	1	1	1
OG0004463	OG0004463	1	1	1	1	1
OG0004464	OG0004464	1	1	1	1	1
OG0004465	OG0004465	1	1	1	1	1
OG0004466	OG0004466	1	1	1	1	1
OG0004467	OG0004467	1	1	1	1	1
OG0004468	OG0004468	1	1	1	1	1
OG0004469	OG0004469	1	1	1	1	1
OG0004470	OG0004470	1	1	1	1	1
OG0004471	OG0004471	1	1	1	1	1
OG0004472	OG0004472	1	1	1	1	1
OG0004473	OG0004473	1	1	1	1	1
OG0004474	OG0004474	1	1	1	1	1
OG0004475	OG0004475	1	1	1	1	1
OG0004476	OG0004476	1	1	1	1	1
OG0004477	OG0004477	1	1	1	1	1
OG0004478	OG0004478	1	1	1	1	1
OG0004479	OG0004479	1	1	1	1	1
OG0004480	OG0004480	1	1	1	1	1
OG0004481	OG0004481	1	1	1	1	1
OG0004482	OG0004482	1	1	1	1	1
OG0004483	OG0004483	1	1	1	1	1
OG0004484	OG0004484	1	1	1	1	1
OG0004485	OG0004485	1	1	1	1	1
OG0004486	OG0004486	1	1	1	1	1
OG0004487	OG0004487	1	1	1	1	1
OG0004488	OG0004488	1	1	1	1	1
OG0004489	OG0004489	1	1	1	1	1
OG0004490	OG0004490	1	1	1	1	1
OG0004491	OG0004491	1	1	1	1	1
OG0004492	OG0004492	1	1	1	1	1
OG0004493	OG0004493	1	1	1	1	1
OG0004494	OG0004494	1	1	1	1	1
OG0004495	OG0004495	1	1	1	1	1
OG0004496	OG0004496	1	1	0	2	1
OG0004497	OG0004497	1	1	1	1	1
OG0004498	OG0004498	1	1	1	1	1
OG0004499	OG0004499	1	1	1	1	1
OG0004500	OG0004500	1	1	1	1	1
OG0004501	OG0004501	1	1	1	1	1
OG0004502	OG0004502	1	1	1	1	1
OG0004503	OG0004503	1	1	1	1	1
OG0004504	OG0004504	1	1	1	1	1
OG0004505	OG0004505	1	1	1	1	1
OG0004506	OG0004506	1	1	1	1	1
OG0004507	OG0004507	1	1	1	1	1
OG0004508	OG0004508	1	1	1	1	1
OG0004509	OG0004509	1	1	1	1	1
OG0004510	OG0004510	1	1	1	1	1
OG0004511	OG0004511	1	1	1	1	1
OG0004512	OG0004512	1	1	1	1	1
OG0004513	OG0004513	1	1	1	1	1
OG0004514	OG0004514	1	1	1	1	1
OG0004515	OG0004515	1	1	1	1	1
OG0004516	OG0004516	1	1	1	1	1
OG0004517	OG0004517	1	1	1	1	1
OG0004518	OG0004518	1	1	1	1	1
OG0004519	OG0004519	1	1	1	1	1
OG0004520	OG0004520	1	1	1	1	1
OG0004521	OG0004521	1	1	1	1	1
OG0004522	OG0004522	1	1	1	1	1
OG0004523	OG0004523	1	1	1	1	1
OG0004524	OG0004524	1	1	1	1	1
OG0004525	OG0004525	1	1	1	1	1
OG0004526	OG0004526	1	1	1	1	1
OG0004527	OG0004527	1	1	1	1	1
OG0004528	OG0004528	1	1	1	1	1
OG0004529	OG0004529	1	1	1	1	1
OG0004530	OG0004530	1	1	1	1	1
OG0004531	OG0004531	1	1	1	1	1
OG0004532	OG0004532	1	1	1	1	1
OG0004533	OG0004533	1	1	1	1	1
OG0004534	OG0004534	1	1	1	1	1
OG0004535	OG0004535	1	1	1	1	1
OG0004536	OG0004536	1	1	1	1	1
OG0004537	OG0004537	1	1	1	1	1
OG0004538	OG0004538	1	1	1	1	1
OG0004539	OG0004539	1	1	1	1	1
OG0004540	OG0004540	1	1	1	1	1
OG0004541	OG0004541	1	1	1	1	1
OG0004542	OG0004542	1	1	1	1	1
OG0004543	OG0004543	1	1	1	1	1
OG0004544	OG0004544	1	1	1	1	1
OG0004545	OG0004545	1	1	1	1	1
OG0004546	OG0004546	1	1	1	1	1
OG0004547	OG0004547	1	1	1	1	1
OG0004548	OG0004548	1	1	1	1	1
OG0004549	OG0004549	1	1	1	1	1
OG0004550	OG0004550	1	1	1	1	1
OG0004551	OG0004551	1	1	1	1	1
OG0004552	OG0004552	1	1	1	1	1
OG0004553	OG0004553	1	1	1	1	1
OG0004554	OG0004554	1	1	1	1	1
OG0004555	OG0004555	1	1	1	1	1
OG0004556	OG0004556	1	1	1	1	1
OG0004557	OG0004557	1	1	1	1	1
OG0004558	OG0004558	1	1	1	1	1
OG0004559	OG0004559	1	1	1	1	1
OG0004560	OG0004560	1	1	1	1	1
OG0004561	OG0004561	1	1	1	1	1
OG0004562	OG0004562	1	1	1	1	1
OG0004563	OG0004563	1	1	1	1	1
OG0004564	OG0004564	1	1	1	1	1
OG0004565	OG0004565	1	1	1	1	1
OG0004566	OG0004566	1	1	1	1	1
OG0004567	OG0004567	1	1	1	1	1
OG0004568	OG0004568	1	1	1	1	1
OG0004569	OG0004569	1	1	1	1	1
OG0004570	OG0004570	1	1	1	1	1
OG0004571	OG0004571	1	1	1	1	1
OG0004572	OG0004572	1	1	1	1	1
OG0004573	OG0004573	1	1	1	1	1
OG0004574	OG0004574	1	1	1	1	1
OG0004575	OG0004575	1	1	1	1	1
OG0004576	OG0004576	1	1	1	1	1
OG0004577	OG0004577	1	1	1	1	1
OG0004578	OG0004578	1	1	1	1	1
OG0004579	OG0004579	1	1	1	1	1
OG0004580	OG0004580	1	1	1	1	1
OG0004581	OG0004581	1	1	1	1	1
OG0004582	OG0004582	1	1	1	1	1
OG0004583	OG0004583	1	1	1	1	1
OG0004584	OG0004584	1	1	1	1	1
OG0004585	OG0004585	1	1	1	1	1
OG0004586	OG0004586	1	1	1	1	1
OG0004587	OG0004587	1	1	1	1	1
OG0004588	OG0004588	1	1	1	1	1
OG0004589	OG0004589	1	1	1	1	1
OG0004590	OG0004590	1	1	1	1	1
OG0004591	OG0004591	1	1	1	1	1
OG0004592	OG0004592	1	1	1	1	1
OG0004593	OG0004593	1	1	1	1	1
OG0004594	OG0004594	1	1	1	1	1
OG0004595	OG0004595	1	1	1	1	1
OG0004596	OG0004596	1	1	1	1	1
OG0004597	OG0004597	1	1	1	1	1
OG0004598	OG0004598	1	1	1	1	1
OG0004599	OG0004599	1	1	1	1	1
OG0004600	OG0004600	1	1	1	1	1
OG0004601	OG0004601	1	1	1	1	1
OG0004602	OG0004602	1	1	1	1	1
OG0004603	OG0004603	1	1	1	1	1
OG0004604	OG0004604	1	1	1	1	1
OG0004605	OG0004605	1	1	1	1	1
OG0004606	OG0004606	1	1	1	1	1
OG0004607	OG0004607	1	1	1	1	1
OG0004608	OG0004608	1	1	1	1	1
OG0004609	OG0004609	1	1	1	1	1
OG0004610	OG0004610	1	1	1	1	1
OG0004611	OG0004611	1	1	1	1	1
OG0004612	OG0004612	1	1	1	1	1
OG0004613	OG0004613	1	1	1	1	1
OG0004614	OG0004614	1	1	1	1	1
OG0004615	OG0004615	1	1	1	1	1
OG0004616	OG0004616	1	1	1	1	1
OG0004617	OG0004617	1	1	1	1	1
OG0004618	OG0004618	1	1	1	1	1
OG0004619	OG0004619	1	1	1	1	1
OG0004620	OG0004620	1	1	1	1	1
OG0004621	OG0004621	1	1	1	1	1
OG0004622	OG0004622	1	1	1	1	1
OG0004623	OG0004623	1	1	1	1	1
OG0004624	OG0004624	1	1	1	1	1
OG0004625	OG0004625	1	1	1	1	1
OG0004626	OG0004626	1	1	1	1	1
OG0004627	OG0004627	1	1	1	1	1
OG0004628	OG0004628	1	1	2	0	1
OG0004629	OG0004629	1	1	1	1	1
OG0004630	OG0004630	1	1	1	1	1
OG0004631	OG0004631	1	1	1	1	1
OG0004632	OG0004632	1	1	1	1	1
OG0004633	OG0004633	1	1	1	1	1
OG0004634	OG0004634	1	1	1	1	1
OG0004635	OG0004635	1	1	1	1	1
OG0004636	OG0004636	1	1	1	1	1
OG0004637	OG0004637	1	1	1	1	1
OG0004638	OG0004638	1	1	1	1	1
OG0004639	OG0004639	1	1	1	1	1
OG0004640	OG0004640	1	1	1	1	1
OG0004641	OG0004641	1	1	1	1	1
OG0004642	OG0004642	1	1	1	1	1
OG0004643	OG0004643	1	1	1	1	1
OG0004644	OG0004644	1	1	1	1	1
OG0004645	OG0004645	1	1	1	1	1
OG0004646	OG0004646	1	1	1	1	1
OG0004647	OG0004647	1	1	1	1	1
OG0004648	OG0004648	1	1	1	1	1
OG0004649	OG0004649	1	1	1	1	1
OG0004650	OG0004650	1	1	1	1	1
OG0004651	OG0004651	1	1	1	1	1
OG0004652	OG0004652	1	1	1	1	1
OG0004653	OG0004653	1	1	1	1	1
OG0004654	OG0004654	1	1	1	1	1
OG0004655	OG0004655	1	1	1	1	1
OG0004656	OG0004656	1	1	1	1	1
OG0004657	OG0004657	1	1	1	1	1
OG0004658	OG0004658	1	1	1	1	1
OG0004659	OG0004659	1	1	1	1	1
OG0004660	OG0004660	1	1	1	1	1
OG0004661	OG0004661	1	1	1	1	1
OG0004662	OG0004662	1	1	1	1	1
OG0004663	OG0004663	1	1	1	1	1
OG0004664	OG0004664	1	1	1	1	1
OG0004665	OG0004665	1	1	1	1	1
OG0004666	OG0004666	1	1	1	1	1
OG0004667	OG0004667	1	1	1	1	1
OG0004668	OG0004668	1	1	1	1	1
OG0004669	OG0004669	1	1	1	1	1
OG0004670	OG0004670	1	1	1	1	1
OG0004671	OG0004671	1	1	1	1	1
OG0004672	OG0004672	1	1	1	1	1
OG0004673	OG0004673	1	1	1	1	1
OG0004674	OG0004674	1	1	1	1	1
OG0004675	OG0004675	1	1	1	1	1
OG0004676	OG0004676	1	1	1	1	1
OG0004677	OG0004677	1	1	1	1	1
OG0004678	OG0004678	1	1	1	1	1
OG0004679	OG0004679	1	1	1	1	1
OG0004680	OG0004680	1	1	1	1	1
OG0004681	OG0004681	1	1	1	1	1
OG0004682	OG0004682	1	1	1	1	1
OG0004683	OG0004683	1	1	1	1	1
OG0004684	OG0004684	1	1	1	1	1
OG0004685	OG0004685	1	1	1	1	1
OG0004686	OG0004686	1	1	1	1	1
OG0004687	OG0004687	1	1	1	1	1
OG0004688	OG0004688	1	1	1	1	1
OG0004689	OG0004689	1	1	1	1	1
OG0004690	OG0004690	1	1	1	1	1
OG0004691	OG0004691	1	1	1	1	1
OG0004692	OG0004692	1	1	1	1	1
OG0004693	OG0004693	1	1	1	1	1
OG0004694	OG0004694	1	1	1	1	1
OG0004695	OG0004695	1	1	1	1	1
OG0004696	OG0004696	1	1	1	1	1
OG0004697	OG0004697	1	1	1	1	1
OG0004698	OG0004698	1	1	1	1	1
OG0004699	OG0004699	1	1	1	1	1
OG0004700	OG0004700	1	1	1	1	1
OG0004701	OG0004701	1	1	1	1	1
OG0004702	OG0004702	1	1	1	1	1
OG0004703	OG0004703	1	1	1	1	1
OG0004704	OG0004704	1	1	1	1	1
OG0004705	OG0004705	1	1	1	1	1
OG0004706	OG0004706	1	1	1	1	1
OG0004707	OG0004707	1	1	1	1	1
OG0004708	OG0004708	1	1	1	1	1
OG0004709	OG0004709	1	1	1	1	1
OG0004710	OG0004710	1	1	1	1	1
OG0004711	OG0004711	1	1	1	1	1
OG0004712	OG0004712	1	1	1	1	1
OG0004713	OG0004713	1	1	1	1	1
OG0004714	OG0004714	1	1	1	1	1
OG0004715	OG0004715	1	1	1	1	1
OG0004716	OG0004716	1	1	1	1	1
OG0004717	OG0004717	1	1	1	1	1
OG0004718	OG0004718	1	1	1	1	1
OG0004719	OG0004719	1	1	1	1	1
OG0004720	OG0004720	1	1	1	1	1
OG0004721	OG0004721	1	1	1	1	1
OG0004722	OG0004722	1	1	1	1	1
OG0004723	OG0004723	1	1	1	1	1
OG0004724	OG0004724	1	1	1	1	1
OG0004725	OG0004725	1	1	1	1	1
OG0004726	OG0004726	1	1	1	1	1
OG0004727	OG0004727	1	1	1	1	1
OG0004728	OG0004728	1	1	1	1	1
OG0004729	OG0004729	1	1	1	1	1
OG0004730	OG0004730	1	1	1	1	1
OG0004731	OG0004731	1	1	1	2	0
OG0004732	OG0004732	1	1	1	1	1
OG0004733	OG0004733	1	1	1	1	1
OG0004734	OG0004734	1	1	1	1	1
OG0004735	OG0004735	1	1	1	1	1
OG0004736	OG0004736	1	1	1	1	1
OG0004737	OG0004737	1	1	1	1	1
OG0004738	OG0004738	1	1	1	1	1
OG0004739	OG0004739	1	1	1	1	1
OG0004740	OG0004740	1	1	1	1	1
OG0004741	OG0004741	1	1	1	1	1
OG0004742	OG0004742	1	1	1	1	1
OG0004743	OG0004743	1	1	1	1	1
OG0004744	OG0004744	1	1	1	1	1
OG0004745	OG0004745	1	1	1	1	1
OG0004746	OG0004746	1	1	1	1	1
OG0004747	OG0004747	1	1	1	1	1
OG0004748	OG0004748	1	1	1	1	1
OG0004749	OG0004749	1	1	1	1	1
OG0004750	OG0004750	1	1	1	1	1
OG0004751	OG0004751	1	1	1	1	1
OG0004752	OG0004752	1	1	1	1	1
OG0004753	OG0004753	1	1	1	1	1
OG0004754	OG0004754	1	1	1	1	1
OG0004755	OG0004755	1	1	1	1	1
OG0004756	OG0004756	1	1	1	1	1
OG0004757	OG0004757	1	1	1	1	1
OG0004758	OG0004758	1	1	1	1	1
OG0004759	OG0004759	1	1	1	1	1
OG0004760	OG0004760	1	1	1	1	1
OG0004761	OG0004761	1	1	1	1	1
OG0004762	OG0004762	1	1	1	1	1
OG0004763	OG0004763	1	1	1	1	1
OG0004764	OG0004764	1	1	1	1	1
OG0004765	OG0004765	1	1	1	1	1
OG0004766	OG0004766	1	1	1	1	1
OG0004767	OG0004767	1	1	1	1	1
OG0004768	OG0004768	1	1	1	1	1
OG0004769	OG0004769	1	1	1	1	1
OG0004770	OG0004770	1	1	1	1	1
OG0004771	OG0004771	1	1	1	1	1
OG0004772	OG0004772	1	1	1	1	1
OG0004773	OG0004773	1	1	1	1	1
OG0004774	OG0004774	1	1	1	1	1
OG0004775	OG0004775	1	1	1	1	1
OG0004776	OG0004776	1	1	1	1	1
OG0004777	OG0004777	1	1	1	1	1
OG0004778	OG0004778	1	1	1	1	1
OG0004779	OG0004779	1	1	1	1	1
OG0004780	OG0004780	1	1	1	1	1
OG0004781	OG0004781	1	1	1	1	1
OG0004782	OG0004782	1	1	1	1	1
OG0004783	OG0004783	1	1	1	1	1
OG0004784	OG0004784	1	1	1	1	1
OG0004785	OG0004785	1	1	1	1	1
OG0004786	OG0004786	1	1	1	1	1
OG0004787	OG0004787	1	1	1	1	1
OG0004788	OG0004788	1	1	1	1	1
OG0004789	OG0004789	1	1	1	1	1
OG0004790	OG0004790	1	1	1	1	1
OG0004791	OG0004791	1	1	1	1	1
OG0004792	OG0004792	1	1	1	1	1
OG0004793	OG0004793	1	1	1	1	1
OG0004794	OG0004794	1	1	1	1	1
OG0004795	OG0004795	1	1	1	1	1
OG0004796	OG0004796	1	1	1	1	1
OG0004797	OG0004797	1	1	1	1	1
OG0004798	OG0004798	1	1	1	1	1
OG0004799	OG0004799	1	1	1	1	1
OG0004800	OG0004800	1	1	1	1	1
OG0004801	OG0004801	1	1	1	1	1
OG0004802	OG0004802	1	1	1	1	1
OG0004803	OG0004803	1	1	1	1	1
OG0004804	OG0004804	1	1	1	1	1
OG0004805	OG0004805	1	1	1	1	1
OG0004806	OG0004806	1	1	1	1	1
OG0004807	OG0004807	1	1	1	1	1
OG0004808	OG0004808	1	1	1	1	1
OG0004809	OG0004809	1	1	1	1	1
OG0004810	OG0004810	1	1	1	1	1
OG0004811	OG0004811	1	1	1	1	1
OG0004812	OG0004812	1	1	1	1	1
OG0004813	OG0004813	1	1	1	1	1
OG0004814	OG0004814	1	1	1	1	1
OG0004815	OG0004815	1	1	1	1	1
OG0004816	OG0004816	1	1	1	1	1
OG0004817	OG0004817	1	1	1	1	1
OG0004818	OG0004818	1	1	1	1	1
OG0004819	OG0004819	1	1	1	1	1
OG0004820	OG0004820	1	1	1	1	1
OG0004821	OG0004821	1	1	1	1	1
OG0004822	OG0004822	1	1	1	1	1
OG0004823	OG0004823	1	1	1	1	1
OG0004824	OG0004824	1	1	1	1	1
OG0004825	OG0004825	1	1	1	1	1
OG0004826	OG0004826	1	1	1	1	1
OG0004827	OG0004827	1	1	1	1	1
OG0004828	OG0004828	1	1	1	1	1
OG0004829	OG0004829	1	1	1	1	1
OG0004830	OG0004830	1	1	1	1	1
OG0004831	OG0004831	1	1	1	1	1
OG0004832	OG0004832	1	1	1	1	1
OG0004833	OG0004833	1	1	1	1	1
OG0004834	OG0004834	1	1	1	1	1
OG0004835	OG0004835	1	1	1	1	1
OG0004836	OG0004836	1	1	1	1	1
OG0004837	OG0004837	1	1	1	1	1
OG0004838	OG0004838	1	1	1	1	1
OG0004839	OG0004839	1	1	1	1	1
OG0004840	OG0004840	1	1	1	1	1
OG0004841	OG0004841	1	1	1	1	1
OG0004842	OG0004842	1	1	1	1	1
OG0004843	OG0004843	1	1	1	1	1
OG0004844	OG0004844	1	1	1	1	1
OG0004845	OG0004845	1	1	1	1	1
OG0004846	OG0004846	1	1	1	1	1
OG0004847	OG0004847	1	1	1	1	1
OG0004848	OG0004848	1	1	1	1	1
OG0004849	OG0004849	1	1	1	1	1
OG0004850	OG0004850	1	1	1	1	1
OG0004851	OG0004851	1	1	1	1	1
OG0004852	OG0004852	1	1	1	1	1
OG0004853	OG0004853	1	1	1	1	1
OG0004854	OG0004854	1	1	1	1	1
OG0004855	OG0004855	1	1	1	1	1
OG0004856	OG0004856	1	1	1	1	1
OG0004857	OG0004857	1	1	1	1	1
OG0004858	OG0004858	1	1	1	1	1
OG0004859	OG0004859	1	1	1	1	1
OG0004860	OG0004860	1	1	1	1	1
OG0004861	OG0004861	1	1	1	1	1
OG0004862	OG0004862	1	1	1	1	1
OG0004863	OG0004863	1	1	1	1	1
OG0004864	OG0004864	1	1	1	1	1
OG0004865	OG0004865	1	1	1	1	1
OG0004866	OG0004866	1	1	1	1	1
OG0004867	OG0004867	1	1	1	1	1
OG0004868	OG0004868	1	1	1	1	1
OG0004869	OG0004869	1	1	1	1	1
OG0004870	OG0004870	1	1	1	1	1
OG0004871	OG0004871	1	1	1	1	1
OG0004872	OG0004872	1	1	1	1	1
OG0004873	OG0004873	1	1	1	1	1
OG0004874	OG0004874	1	1	1	1	1
OG0004875	OG0004875	1	1	1	1	1
OG0004876	OG0004876	1	1	1	1	1
OG0004877	OG0004877	1	1	1	1	1
OG0004878	OG0004878	1	1	1	1	1
OG0004879	OG0004879	1	1	1	1	1
OG0004880	OG0004880	1	1	1	1	1
OG0004881	OG0004881	1	1	1	1	1
OG0004882	OG0004882	1	1	1	1	1
OG0004883	OG0004883	1	1	1	1	1
OG0004884	OG0004884	1	1	1	1	1
OG0004885	OG0004885	1	1	1	1	1
OG0004886	OG0004886	1	1	1	1	1
OG0004887	OG0004887	1	1	1	1	1
OG0004888	OG0004888	1	1	1	1	1
OG0004889	OG0004889	1	1	1	1	1
OG0004890	OG0004890	1	1	1	1	1
OG0004891	OG0004891	1	1	1	1	1
OG0004892	OG0004892	1	1	1	1	1
OG0004893	OG0004893	1	1	1	1	1
OG0004894	OG0004894	1	1	1	1	1
OG0004895	OG0004895	1	1	1	1	1
OG0004896	OG0004896	1	1	1	1	1
OG0004897	OG0004897	1	1	1	1	1
OG0004898	OG0004898	1	1	1	1	1
OG0004899	OG0004899	1	1	1	1	1
OG0004900	OG0004900	1	1	1	1	1
OG0004901	OG0004901	1	1	1	1	1
OG0004902	OG0004902	1	1	1	1	1
OG0004903	OG0004903	1	1	1	1	1
OG0004904	OG0004904	1	1	1	1	1
OG0004905	OG0004905	1	1	1	1	1
OG0004906	OG0004906	1	1	1	1	1
OG0004907	OG0004907	1	1	1	1	1
OG0004908	OG0004908	1	1	1	1	1
OG0004909	OG0004909	1	1	1	1	1
OG0004910	OG0004910	1	1	1	1	1
OG0004911	OG0004911	1	1	1	1	1
OG0004912	OG0004912	1	1	1	1	1
OG0004913	OG0004913	1	1	1	1	1
OG0004914	OG0004914	1	1	1	1	1
OG0004915	OG0004915	1	1	1	1	1
OG0004916	OG0004916	1	1	1	1	1
OG0004917	OG0004917	1	1	1	1	1
OG0004918	OG0004918	1	1	1	1	1
OG0004919	OG0004919	1	1	1	1	1
OG0004920	OG0004920	1	1	1	1	1
OG0004921	OG0004921	1	1	1	1	1
OG0004922	OG0004922	1	1	1	1	1
OG0004923	OG0004923	1	1	1	1	1
OG0004924	OG0004924	1	1	1	1	1
OG0004925	OG0004925	1	1	1	1	1
OG0004926	OG0004926	1	1	1	1	1
OG0004927	OG0004927	1	1	1	1	1
OG0004928	OG0004928	1	1	1	1	1
OG0004929	OG0004929	1	1	1	1	1
OG0004930	OG0004930	1	1	1	1	1
OG0004931	OG0004931	1	1	1	1	1
OG0004932	OG0004932	1	1	1	1	1
OG0004933	OG0004933	1	1	1	1	1
OG0004934	OG0004934	1	1	1	1	1
OG0004935	OG0004935	1	1	1	1	1
OG0004936	OG0004936	1	1	1	1	1
OG0004937	OG0004937	1	1	1	1	1
OG0004938	OG0004938	1	1	1	1	1
OG0004939	OG0004939	1	1	1	1	1
OG0004940	OG0004940	1	1	1	1	1
OG0004941	OG0004941	1	1	1	1	1
OG0004942	OG0004942	1	1	1	1	1
OG0004943	OG0004943	1	0	1	2	1
OG0004944	OG0004944	1	1	1	1	1
OG0004945	OG0004945	1	1	1	1	1
OG0004946	OG0004946	1	1	1	1	1
OG0004947	OG0004947	1	1	1	1	1
OG0004948	OG0004948	1	1	1	1	1
OG0004949	OG0004949	1	1	1	1	1
OG0004950	OG0004950	1	1	1	1	1
OG0004951	OG0004951	1	1	1	1	1
OG0004952	OG0004952	1	1	1	1	1
OG0004953	OG0004953	1	1	1	1	1
OG0004954	OG0004954	1	1	1	1	1
OG0004955	OG0004955	1	1	1	1	1
OG0004956	OG0004956	1	1	1	1	1
OG0004957	OG0004957	1	1	1	1	1
OG0004958	OG0004958	1	1	1	1	1
OG0004959	OG0004959	1	1	1	1	1
OG0004960	OG0004960	1	1	1	1	1
OG0004961	OG0004961	1	1	1	1	1
OG0004962	OG0004962	1	1	1	1	1
OG0004963	OG0004963	1	1	1	1	1
OG0004964	OG0004964	1	1	1	1	1
OG0004965	OG0004965	1	1	1	1	1
OG0004966	OG0004966	1	1	1	1	1
OG0004967	OG0004967	1	1	1	1	1
OG0004968	OG0004968	1	1	1	1	1
OG0004969	OG0004969	1	1	1	1	1
OG0004970	OG0004970	1	1	1	1	1
OG0004971	OG0004971	1	1	1	1	1
OG0004972	OG0004972	1	1	1	1	1
OG0004973	OG0004973	1	1	1	1	1
OG0004974	OG0004974	1	1	1	1	1
OG0004975	OG0004975	1	1	1	1	1
OG0004976	OG0004976	1	1	1	1	1
OG0004977	OG0004977	1	1	1	1	1
OG0004978	OG0004978	1	1	1	1	1
OG0004979	OG0004979	1	1	1	1	1
OG0004980	OG0004980	1	1	1	1	1
OG0004981	OG0004981	1	1	1	1	1
OG0004982	OG0004982	1	1	1	1	1
OG0004983	OG0004983	1	1	1	1	1
OG0004984	OG0004984	1	1	1	1	1
OG0004985	OG0004985	1	1	1	1	1
OG0004986	OG0004986	1	1	1	1	1
OG0004987	OG0004987	1	1	1	1	1
OG0004988	OG0004988	1	1	1	1	1
OG0004989	OG0004989	1	1	1	1	1
OG0004990	OG0004990	1	1	1	1	1
OG0004991	OG0004991	1	1	1	1	1
OG0004992	OG0004992	1	1	1	1	1
OG0004993	OG0004993	1	1	1	1	1
OG0004994	OG0004994	1	1	1	1	1
OG0004995	OG0004995	1	1	1	1	1
OG0004996	OG0004996	1	1	1	1	1
OG0004997	OG0004997	1	1	1	1	1
OG0004998	OG0004998	1	1	1	1	1
OG0004999	OG0004999	1	1	1	1	1
OG0005000	OG0005000	1	1	1	1	1
OG0005001	OG0005001	1	1	1	1	1
OG0005002	OG0005002	1	1	1	1	1
OG0005003	OG0005003	1	1	1	1	1
OG0005004	OG0005004	1	1	1	1	1
OG0005005	OG0005005	1	1	1	1	1
OG0005006	OG0005006	1	1	1	1	1
OG0005007	OG0005007	1	1	1	1	1
OG0005008	OG0005008	1	1	1	1	1
OG0005009	OG0005009	1	1	1	1	1
OG0005010	OG0005010	1	1	1	1	1
OG0005011	OG0005011	1	1	1	1	1
OG0005012	OG0005012	1	1	1	1	1
OG0005013	OG0005013	1	1	1	1	1
OG0005014	OG0005014	1	1	1	1	1
OG0005015	OG0005015	1	1	1	1	1
OG0005016	OG0005016	1	1	1	1	1
OG0005017	OG0005017	1	1	1	1	1
OG0005018	OG0005018	1	1	1	1	1
OG0005019	OG0005019	1	1	1	1	1
OG0005020	OG0005020	1	1	1	1	1
OG0005021	OG0005021	1	1	1	1	1
OG0005022	OG0005022	1	1	1	1	1
OG0005023	OG0005023	1	1	1	1	1
OG0005024	OG0005024	1	1	1	1	1
OG0005025	OG0005025	1	1	1	1	1
OG0005026	OG0005026	1	1	1	1	1
OG0005027	OG0005027	1	1	1	1	1
OG0005028	OG0005028	1	1	1	1	1
OG0005029	OG0005029	1	1	1	1	1
OG0005030	OG0005030	1	1	1	1	1
OG0005031	OG0005031	1	1	1	1	1
OG0005032	OG0005032	1	1	1	1	1
OG0005033	OG0005033	1	1	1	1	1
OG0005034	OG0005034	1	1	1	1	1
OG0005035	OG0005035	1	1	1	1	1
OG0005036	OG0005036	1	1	1	1	1
OG0005037	OG0005037	1	1	1	1	1
OG0005038	OG0005038	1	1	1	1	1
OG0005039	OG0005039	1	1	1	1	1
OG0005040	OG0005040	1	1	1	1	1
OG0005041	OG0005041	1	1	1	1	1
OG0005042	OG0005042	1	1	1	1	1
OG0005043	OG0005043	1	1	1	1	1
OG0005044	OG0005044	1	1	1	1	1
OG0005045	OG0005045	1	1	1	1	1
OG0005046	OG0005046	1	1	1	1	1
OG0005047	OG0005047	1	1	1	1	1
OG0005048	OG0005048	1	1	1	1	1
OG0005049	OG0005049	1	1	1	1	1
OG0005050	OG0005050	1	1	1	1	1
OG0005051	OG0005051	1	1	1	1	1
OG0005052	OG0005052	1	1	1	1	1
OG0005053	OG0005053	1	1	1	1	1
OG0005054	OG0005054	1	1	1	1	1
OG0005055	OG0005055	1	1	1	1	1
OG0005056	OG0005056	1	1	1	1	1
OG0005057	OG0005057	1	1	1	1	1
OG0005058	OG0005058	1	1	1	1	1
OG0005059	OG0005059	1	1	1	1	1
OG0005060	OG0005060	1	1	1	1	1
OG0005061	OG0005061	1	1	1	1	1
OG0005062	OG0005062	1	1	1	1	1
OG0005063	OG0005063	1	1	1	1	1
OG0005064	OG0005064	1	1	1	1	1
OG0005065	OG0005065	1	1	1	1	1
OG0005066	OG0005066	1	1	1	1	1
OG0005067	OG0005067	1	1	1	1	1
OG0005068	OG0005068	1	1	1	1	1
OG0005069	OG0005069	1	1	1	1	1
OG0005070	OG0005070	1	1	1	1	1
OG0005071	OG0005071	1	1	1	1	1
OG0005072	OG0005072	1	1	1	1	1
OG0005073	OG0005073	1	1	1	1	1
OG0005074	OG0005074	1	1	1	1	1
OG0005075	OG0005075	1	1	1	1	1
OG0005076	OG0005076	1	1	1	1	1
OG0005077	OG0005077	1	1	1	1	1
OG0005078	OG0005078	1	1	1	1	1
OG0005079	OG0005079	1	1	1	1	1
OG0005080	OG0005080	1	1	1	1	1
OG0005081	OG0005081	1	1	1	1	1
OG0005082	OG0005082	1	1	1	1	1
OG0005083	OG0005083	1	1	1	1	1
OG0005084	OG0005084	1	1	1	1	1
OG0005085	OG0005085	1	1	1	1	1
OG0005086	OG0005086	1	1	1	1	1
OG0005087	OG0005087	1	1	1	1	1
OG0005088	OG0005088	1	1	1	1	1
OG0005089	OG0005089	1	1	1	1	1
OG0005090	OG0005090	1	1	1	1	1
OG0005091	OG0005091	1	1	1	1	1
OG0005092	OG0005092	1	1	1	1	1
OG0005093	OG0005093	1	1	1	1	1
OG0005094	OG0005094	1	1	1	1	1
OG0005095	OG0005095	1	1	1	1	1
OG0005096	OG0005096	1	1	1	1	1
OG0005097	OG0005097	1	1	1	1	1
OG0005098	OG0005098	1	1	1	1	1
OG0005099	OG0005099	1	1	1	1	1
OG0005100	OG0005100	1	1	1	1	1
OG0005101	OG0005101	1	1	1	1	1
OG0005102	OG0005102	1	1	1	1	1
OG0005103	OG0005103	1	1	1	1	1
OG0005104	OG0005104	1	1	1	1	1
OG0005105	OG0005105	1	1	1	1	1
OG0005106	OG0005106	1	1	1	1	1
OG0005107	OG0005107	1	1	1	1	1
OG0005108	OG0005108	1	1	1	1	1
OG0005109	OG0005109	1	1	1	1	1
OG0005110	OG0005110	1	1	1	1	1
OG0005111	OG0005111	1	1	1	1	1
OG0005112	OG0005112	1	1	1	1	1
OG0005113	OG0005113	1	1	1	1	1
OG0005114	OG0005114	1	1	1	1	1
OG0005115	OG0005115	1	1	1	1	1
OG0005116	OG0005116	1	1	1	1	1
OG0005117	OG0005117	1	1	1	1	1
OG0005118	OG0005118	1	1	1	1	1
OG0005119	OG0005119	1	1	1	1	1
OG0005120	OG0005120	1	1	1	1	1
OG0005121	OG0005121	1	1	1	1	1
OG0005122	OG0005122	1	1	1	1	1
OG0005123	OG0005123	1	1	1	1	1
OG0005124	OG0005124	1	1	1	1	1
OG0005125	OG0005125	1	1	1	1	1
OG0005126	OG0005126	1	1	1	1	1
OG0005127	OG0005127	1	1	1	1	1
OG0005128	OG0005128	1	1	1	1	1
OG0005129	OG0005129	1	1	1	1	1
OG0005130	OG0005130	1	1	1	1	1
OG0005131	OG0005131	1	1	1	1	1
OG0005132	OG0005132	1	1	1	1	1
OG0005133	OG0005133	1	1	1	1	1
OG0005134	OG0005134	1	1	1	1	1
OG0005135	OG0005135	1	1	1	1	1
OG0005136	OG0005136	1	1	1	1	1
OG0005137	OG0005137	1	1	1	1	1
OG0005138	OG0005138	1	1	1	1	1
OG0005139	OG0005139	1	1	1	1	1
OG0005140	OG0005140	1	1	1	1	1
OG0005141	OG0005141	1	1	1	1	1
OG0005142	OG0005142	1	1	1	1	1
OG0005143	OG0005143	1	1	1	1	1
OG0005144	OG0005144	1	1	1	1	1
OG0005145	OG0005145	1	1	1	1	1
OG0005146	OG0005146	1	1	1	1	1
OG0005147	OG0005147	1	1	1	1	1
OG0005148	OG0005148	1	1	1	1	1
OG0005149	OG0005149	1	1	1	1	1
OG0005150	OG0005150	1	1	1	1	1
OG0005151	OG0005151	1	1	1	1	1
OG0005152	OG0005152	1	1	1	1	1
OG0005153	OG0005153	1	1	1	1	1
OG0005154	OG0005154	1	1	1	1	1
OG0005155	OG0005155	1	1	1	1	1
OG0005156	OG0005156	1	1	1	1	1
OG0005157	OG0005157	1	1	1	1	1
OG0005158	OG0005158	1	1	1	1	1
OG0005159	OG0005159	1	1	1	1	1
OG0005160	OG0005160	1	1	1	1	1
OG0005161	OG0005161	1	1	1	1	1
OG0005162	OG0005162	1	1	1	1	1
OG0005163	OG0005163	1	1	1	1	1
OG0005164	OG0005164	1	1	1	1	1
OG0005165	OG0005165	1	1	1	1	1
OG0005166	OG0005166	1	1	1	1	1
OG0005167	OG0005167	1	1	1	1	1
OG0005168	OG0005168	1	1	1	1	1
OG0005169	OG0005169	1	1	1	1	1
OG0005170	OG0005170	1	1	1	0	2
OG0005171	OG0005171	1	1	1	1	1
OG0005172	OG0005172	1	1	1	1	1
OG0005173	OG0005173	1	1	1	1	1
OG0005174	OG0005174	1	1	1	1	1
OG0005175	OG0005175	1	1	1	1	1
OG0005176	OG0005176	1	1	1	1	1
OG0005177	OG0005177	1	1	1	1	1
OG0005178	OG0005178	1	1	1	1	1
OG0005179	OG0005179	1	1	1	1	1
OG0005180	OG0005180	1	1	1	1	1
OG0005181	OG0005181	1	1	1	1	1
OG0005182	OG0005182	1	1	1	1	1
OG0005183	OG0005183	1	1	1	1	1
OG0005184	OG0005184	1	1	1	1	1
OG0005185	OG0005185	1	1	1	1	1
OG0005186	OG0005186	1	1	1	2	0
OG0005187	OG0005187	1	1	1	1	1
OG0005188	OG0005188	1	1	1	1	1
OG0005189	OG0005189	1	1	1	1	1
OG0005190	OG0005190	1	1	1	1	1
OG0005191	OG0005191	1	1	1	1	1
OG0005192	OG0005192	1	1	1	1	1
OG0005193	OG0005193	1	1	1	1	1
OG0005194	OG0005194	1	1	1	1	1
OG0005195	OG0005195	1	1	1	1	1
OG0005196	OG0005196	1	1	1	1	1
OG0005197	OG0005197	1	1	1	1	1
OG0005198	OG0005198	1	1	1	1	1
OG0005199	OG0005199	1	1	1	1	1
OG0005200	OG0005200	1	1	1	1	1
OG0005201	OG0005201	1	1	1	1	1
OG0005202	OG0005202	1	1	1	1	1
OG0005203	OG0005203	1	1	1	1	1
OG0005204	OG0005204	1	1	1	1	1
OG0005205	OG0005205	1	1	1	1	1
OG0005206	OG0005206	1	1	1	1	1
OG0005207	OG0005207	1	1	1	1	1
OG0005208	OG0005208	1	1	1	1	1
OG0005209	OG0005209	1	1	1	1	1
OG0005210	OG0005210	1	1	1	1	1
OG0005211	OG0005211	1	1	1	1	1
OG0005212	OG0005212	1	1	1	1	1
OG0005213	OG0005213	1	1	1	1	1
OG0005214	OG0005214	1	1	1	1	1
OG0005215	OG0005215	1	1	1	1	1
OG0005216	OG0005216	1	1	1	1	1
OG0005217	OG0005217	1	1	1	1	1
OG0005218	OG0005218	1	1	1	1	1
OG0005219	OG0005219	1	1	1	1	1
OG0005220	OG0005220	1	1	1	1	1
OG0005221	OG0005221	1	1	1	1	1
OG0005222	OG0005222	1	1	1	1	1
OG0005223	OG0005223	1	1	1	1	1
OG0005224	OG0005224	1	1	1	1	1
OG0005225	OG0005225	1	1	1	1	1
OG0005226	OG0005226	1	1	1	1	1
OG0005227	OG0005227	1	1	1	1	1
OG0005228	OG0005228	1	1	1	1	1
OG0005229	OG0005229	1	1	1	1	1
OG0005230	OG0005230	1	1	1	1	1
OG0005231	OG0005231	1	0	1	2	1
OG0005232	OG0005232	1	1	1	1	1
OG0005233	OG0005233	1	1	1	1	1
OG0005234	OG0005234	1	1	1	1	1
OG0005235	OG0005235	1	1	1	1	1
OG0005236	OG0005236	1	1	1	1	1
OG0005237	OG0005237	1	1	1	1	1
OG0005238	OG0005238	1	1	1	1	1
OG0005239	OG0005239	1	1	1	1	1
OG0005240	OG0005240	1	1	1	1	1
OG0005241	OG0005241	1	1	1	1	1
OG0005242	OG0005242	1	1	1	1	1
OG0005243	OG0005243	1	1	1	1	1
OG0005244	OG0005244	1	1	1	1	1
OG0005245	OG0005245	1	1	1	1	1
OG0005246	OG0005246	1	1	1	1	1
OG0005247	OG0005247	1	1	1	1	1
OG0005248	OG0005248	1	1	1	1	1
OG0005249	OG0005249	1	1	1	1	1
OG0005250	OG0005250	1	1	1	1	1
OG0005251	OG0005251	1	1	1	1	1
OG0005252	OG0005252	1	1	1	1	1
OG0005253	OG0005253	1	1	1	1	1
OG0005254	OG0005254	1	1	1	1	1
OG0005255	OG0005255	1	1	1	1	1
OG0005256	OG0005256	1	1	1	1	1
OG0005257	OG0005257	1	1	1	1	1
OG0005258	OG0005258	1	1	1	1	1
OG0005259	OG0005259	1	1	1	1	1
OG0005260	OG0005260	1	1	1	1	1
OG0005261	OG0005261	1	1	1	1	1
OG0005262	OG0005262	1	1	1	1	1
OG0005263	OG0005263	1	1	1	1	1
OG0005264	OG0005264	1	1	1	1	1
OG0005265	OG0005265	1	1	1	1	1
OG0005266	OG0005266	1	1	1	2	0
OG0005267	OG0005267	1	1	1	1	1
OG0005268	OG0005268	1	1	1	1	1
OG0005269	OG0005269	1	1	1	1	1
OG0005270	OG0005270	1	1	1	1	1
OG0005271	OG0005271	1	1	1	1	1
OG0005272	OG0005272	1	1	1	1	1
OG0005273	OG0005273	1	1	1	1	1
OG0005274	OG0005274	1	1	1	1	1
OG0005275	OG0005275	1	1	1	1	1
OG0005276	OG0005276	1	1	1	1	1
OG0005277	OG0005277	1	1	1	1	1
OG0005278	OG0005278	1	1	1	2	0
OG0005279	OG0005279	1	1	1	0	2
OG0005280	OG0005280	1	1	1	1	1
OG0005281	OG0005281	1	1	1	1	1
OG0005282	OG0005282	1	1	1	1	1
OG0005283	OG0005283	1	1	1	1	1
OG0005284	OG0005284	1	1	1	1	1
OG0005285	OG0005285	1	1	1	1	1
OG0005286	OG0005286	1	1	1	1	1
OG0005287	OG0005287	1	1	1	1	1
OG0005288	OG0005288	1	1	1	1	1
OG0005289	OG0005289	1	1	1	1	1
OG0005290	OG0005290	1	1	1	1	1
OG0005291	OG0005291	1	1	1	1	1
OG0005292	OG0005292	1	1	1	1	1
OG0005293	OG0005293	1	1	1	1	1
OG0005294	OG0005294	1	1	1	1	1
OG0005295	OG0005295	1	1	1	1	1
OG0005296	OG0005296	1	1	1	1	1
OG0005297	OG0005297	1	1	1	1	1
OG0005298	OG0005298	1	1	1	1	1
OG0005299	OG0005299	1	1	1	2	0
OG0005300	OG0005300	1	1	1	1	1
OG0005301	OG0005301	1	1	1	1	1
OG0005302	OG0005302	1	1	1	1	1
OG0005303	OG0005303	1	1	1	1	1
OG0005304	OG0005304	1	1	1	1	1
OG0005305	OG0005305	1	1	1	1	1
OG0005306	OG0005306	1	1	1	1	1
OG0005307	OG0005307	1	1	1	1	1
OG0005308	OG0005308	1	1	1	1	1
OG0005309	OG0005309	1	1	1	1	1
OG0005310	OG0005310	1	1	1	1	1
OG0005311	OG0005311	1	1	1	1	1
OG0005312	OG0005312	1	1	1	1	1
OG0005313	OG0005313	1	1	1	1	1
OG0005314	OG0005314	1	1	1	1	1
OG0005315	OG0005315	1	1	1	1	1
OG0005316	OG0005316	1	1	1	1	1
OG0005317	OG0005317	1	1	1	1	1
OG0005318	OG0005318	1	1	1	1	1
OG0005319	OG0005319	1	1	1	1	1
OG0005320	OG0005320	1	1	1	1	1
OG0005321	OG0005321	1	1	1	1	1
OG0005322	OG0005322	1	1	1	1	1
OG0005323	OG0005323	1	1	1	1	1
OG0005324	OG0005324	1	1	1	1	1
OG0005325	OG0005325	1	1	1	1	1
OG0005326	OG0005326	1	1	1	1	1
OG0005327	OG0005327	1	1	1	1	1
OG0005328	OG0005328	1	1	1	1	1
OG0005329	OG0005329	1	1	1	1	1
OG0005330	OG0005330	1	1	1	1	1
OG0005331	OG0005331	1	1	1	1	1
OG0005332	OG0005332	1	1	1	1	1
OG0005333	OG0005333	1	1	1	1	1
OG0005334	OG0005334	1	1	1	1	1
OG0005335	OG0005335	1	1	1	1	1
OG0005336	OG0005336	1	1	1	1	1
OG0005337	OG0005337	1	1	1	1	1
OG0005338	OG0005338	1	1	1	1	1
OG0005339	OG0005339	1	1	1	1	1
OG0005340	OG0005340	1	1	1	1	1
OG0005341	OG0005341	1	1	1	1	1
OG0005342	OG0005342	1	1	1	1	1
OG0005343	OG0005343	1	1	1	1	1
OG0005344	OG0005344	1	1	1	1	1
OG0005345	OG0005345	1	1	1	1	1
OG0005346	OG0005346	1	1	1	1	1
OG0005347	OG0005347	1	0	1	2	1
OG0005348	OG0005348	1	1	1	1	1
OG0005349	OG0005349	1	1	1	1	1
OG0005350	OG0005350	1	1	1	1	1
OG0005351	OG0005351	1	1	1	1	1
OG0005352	OG0005352	1	1	1	1	1
OG0005353	OG0005353	1	1	1	1	1
OG0005354	OG0005354	1	1	1	1	1
OG0005355	OG0005355	1	1	1	1	1
OG0005356	OG0005356	1	1	1	1	1
OG0005357	OG0005357	1	1	1	1	1
OG0005358	OG0005358	1	1	1	1	1
OG0005359	OG0005359	1	1	1	1	1
OG0005360	OG0005360	1	1	1	1	1
OG0005361	OG0005361	1	1	1	1	1
OG0005362	OG0005362	1	1	1	1	1
OG0005363	OG0005363	1	1	1	1	1
OG0005364	OG0005364	1	1	1	1	1
OG0005365	OG0005365	1	1	1	1	1
OG0005366	OG0005366	1	1	1	1	1
OG0005367	OG0005367	1	1	1	1	1
OG0005368	OG0005368	1	1	1	1	1
OG0005369	OG0005369	1	1	1	1	1
OG0005370	OG0005370	1	1	1	1	1
OG0005371	OG0005371	1	1	1	1	1
OG0005372	OG0005372	1	1	1	1	1
OG0005373	OG0005373	1	1	1	1	1
OG0005374	OG0005374	1	1	1	1	1
OG0005375	OG0005375	1	1	1	1	1
OG0005376	OG0005376	1	1	1	1	1
OG0005377	OG0005377	1	1	1	1	1
OG0005378	OG0005378	1	1	1	1	1
OG0005379	OG0005379	1	1	1	1	1
OG0005380	OG0005380	1	1	1	1	1
OG0005381	OG0005381	1	1	1	1	1
OG0005382	OG0005382	1	1	1	1	1
OG0005383	OG0005383	1	1	1	1	1
OG0005384	OG0005384	1	1	1	1	1
OG0005385	OG0005385	1	1	1	1	1
OG0005386	OG0005386	1	1	1	1	1
OG0005387	OG0005387	1	1	1	1	1
OG0005388	OG0005388	1	1	1	1	1
OG0005389	OG0005389	1	1	1	1	1
OG0005390	OG0005390	1	1	1	1	1
OG0005391	OG0005391	1	1	1	1	1
OG0005392	OG0005392	1	1	1	1	1
OG0005393	OG0005393	1	1	1	1	1
OG0005394	OG0005394	1	1	1	1	1
OG0005395	OG0005395	1	1	1	1	1
OG0005396	OG0005396	1	1	1	1	1
OG0005397	OG0005397	1	1	1	1	1
OG0005398	OG0005398	1	1	1	1	1
OG0005399	OG0005399	1	1	1	1	1
OG0005400	OG0005400	1	1	1	1	1
OG0005401	OG0005401	1	1	1	1	1
OG0005402	OG0005402	1	1	1	1	1
OG0005403	OG0005403	1	1	1	1	1
OG0005404	OG0005404	1	1	1	1	1
OG0005405	OG0005405	1	1	1	1	1
OG0005406	OG0005406	1	1	1	1	1
OG0005407	OG0005407	1	1	1	1	1
OG0005408	OG0005408	1	1	1	1	1
OG0005409	OG0005409	1	1	1	1	1
OG0005410	OG0005410	1	1	1	1	1
OG0005411	OG0005411	1	1	1	1	1
OG0005412	OG0005412	1	1	1	1	1
OG0005413	OG0005413	1	1	1	1	1
OG0005414	OG0005414	1	1	1	1	1
OG0005415	OG0005415	1	1	1	1	1
OG0005416	OG0005416	1	1	1	1	1
OG0005417	OG0005417	1	1	1	1	1
OG0005418	OG0005418	1	1	1	1	1
OG0005419	OG0005419	1	1	1	1	1
OG0005420	OG0005420	1	1	1	1	1
OG0005421	OG0005421	1	1	1	1	1
OG0005422	OG0005422	1	1	1	1	1
OG0005423	OG0005423	1	1	1	1	1
OG0005424	OG0005424	1	1	1	1	1
OG0005425	OG0005425	1	1	1	1	1
OG0005426	OG0005426	1	1	1	1	1
OG0005427	OG0005427	1	1	1	1	1
OG0005428	OG0005428	1	1	1	1	1
OG0005429	OG0005429	1	1	1	1	1
OG0005430	OG0005430	1	1	1	1	1
OG0005431	OG0005431	1	1	1	1	1
OG0005432	OG0005432	1	1	1	1	1
OG0005433	OG0005433	1	1	1	1	1
OG0005434	OG0005434	1	1	1	1	1
OG0005435	OG0005435	1	1	1	1	1
OG0005436	OG0005436	1	1	1	1	1
OG0005437	OG0005437	1	1	1	1	1
OG0005438	OG0005438	1	1	1	1	1
OG0005439	OG0005439	1	1	1	1	1
OG0005440	OG0005440	1	1	1	1	1
OG0005441	OG0005441	1	1	1	1	1
OG0005442	OG0005442	1	1	1	1	1
OG0005443	OG0005443	1	1	1	1	1
OG0005444	OG0005444	1	1	1	1	1
OG0005445	OG0005445	1	1	1	1	1
OG0005446	OG0005446	1	1	1	1	1
OG0005447	OG0005447	1	1	1	1	1
OG0005448	OG0005448	1	1	1	1	1
OG0005449	OG0005449	1	1	1	1	1
OG0005450	OG0005450	1	1	1	1	1
OG0005451	OG0005451	1	1	1	1	1
OG0005452	OG0005452	1	1	1	1	1
OG0005453	OG0005453	1	1	1	1	1
OG0005454	OG0005454	1	1	1	1	1
OG0005455	OG0005455	1	1	1	1	1
OG0005456	OG0005456	1	1	1	1	1
OG0005457	OG0005457	1	1	1	1	1
OG0005458	OG0005458	1	1	1	1	1
OG0005459	OG0005459	1	1	1	1	1
OG0005460	OG0005460	1	1	1	1	1
OG0005461	OG0005461	1	1	1	1	1
OG0005462	OG0005462	1	1	1	1	1
OG0005463	OG0005463	1	1	1	1	1
OG0005464	OG0005464	1	1	1	1	1
OG0005465	OG0005465	1	1	1	1	1
OG0005466	OG0005466	1	1	1	1	1
OG0005467	OG0005467	1	1	1	1	1
OG0005468	OG0005468	1	1	1	1	1
OG0005469	OG0005469	1	1	1	1	1
OG0005470	OG0005470	1	1	1	1	1
OG0005471	OG0005471	1	1	1	1	1
OG0005472	OG0005472	1	1	1	1	1
OG0005473	OG0005473	1	1	1	1	1
OG0005474	OG0005474	1	1	1	1	1
OG0005475	OG0005475	1	1	1	1	1
OG0005476	OG0005476	1	1	1	1	1
OG0005477	OG0005477	1	1	1	1	1
OG0005478	OG0005478	1	1	1	1	1
OG0005479	OG0005479	1	1	1	1	1
OG0005480	OG0005480	1	1	1	0	2
OG0005481	OG0005481	1	1	1	1	1
OG0005482	OG0005482	1	1	1	1	1
OG0005483	OG0005483	1	1	1	1	1
OG0005484	OG0005484	1	1	1	1	1
OG0005485	OG0005485	1	1	1	1	1
OG0005486	OG0005486	1	1	1	1	1
OG0005487	OG0005487	1	1	1	1	1
OG0005488	OG0005488	1	1	1	1	1
OG0005489	OG0005489	1	1	1	1	1
OG0005490	OG0005490	1	1	1	1	1
OG0005491	OG0005491	1	1	1	1	1
OG0005492	OG0005492	1	1	1	1	1
OG0005493	OG0005493	1	1	1	1	1
OG0005494	OG0005494	1	1	1	1	1
OG0005495	OG0005495	1	1	1	1	1
OG0005496	OG0005496	1	1	1	1	1
OG0005497	OG0005497	1	1	1	1	1
OG0005498	OG0005498	1	1	1	1	1
OG0005499	OG0005499	1	1	1	1	1
OG0005500	OG0005500	1	1	1	1	1
OG0005501	OG0005501	1	1	1	1	1
OG0005502	OG0005502	1	1	1	1	1
OG0005503	OG0005503	1	1	1	1	1
OG0005504	OG0005504	1	1	1	1	1
OG0005505	OG0005505	1	1	1	1	1
OG0005506	OG0005506	1	1	1	1	1
OG0005507	OG0005507	1	1	1	1	1
OG0005508	OG0005508	1	1	1	1	1
OG0005509	OG0005509	1	1	1	1	1
OG0005510	OG0005510	1	1	1	1	1
OG0005511	OG0005511	1	1	1	1	1
OG0005512	OG0005512	1	1	1	1	1
OG0005513	OG0005513	1	1	1	1	1
OG0005514	OG0005514	1	1	1	1	1
OG0005515	OG0005515	1	1	1	1	1
OG0005516	OG0005516	1	1	1	1	1
OG0005517	OG0005517	1	1	1	1	1
OG0005518	OG0005518	1	1	1	1	1
OG0005519	OG0005519	1	1	1	1	1
OG0005520	OG0005520	1	1	1	1	1
OG0005521	OG0005521	1	1	1	1	1
OG0005522	OG0005522	1	1	1	1	1
OG0005523	OG0005523	1	1	1	1	1
OG0005524	OG0005524	1	1	1	1	1
OG0005525	OG0005525	1	1	1	1	1
OG0005526	OG0005526	1	1	1	1	1
OG0005527	OG0005527	1	1	1	1	1
OG0005528	OG0005528	1	1	1	1	1
OG0005529	OG0005529	1	1	1	1	1
OG0005530	OG0005530	1	1	1	1	1
OG0005531	OG0005531	1	1	1	1	1
OG0005532	OG0005532	1	1	1	1	1
OG0005533	OG0005533	1	1	1	1	1
OG0005534	OG0005534	1	1	1	1	1
OG0005535	OG0005535	1	1	1	1	1
OG0005536	OG0005536	1	1	1	1	1
OG0005537	OG0005537	1	1	1	1	1
OG0005538	OG0005538	1	1	1	1	1
OG0005539	OG0005539	1	1	1	1	1
OG0005540	OG0005540	1	1	1	1	1
OG0005541	OG0005541	1	1	1	1	1
OG0005542	OG0005542	1	1	1	1	1
OG0005543	OG0005543	1	1	1	1	1
OG0005544	OG0005544	1	1	1	1	1
OG0005545	OG0005545	1	1	1	1	1
OG0005546	OG0005546	1	1	1	1	1
OG0005547	OG0005547	1	1	1	1	1
OG0005548	OG0005548	1	1	1	1	1
OG0005549	OG0005549	1	1	1	1	1
OG0005550	OG0005550	1	1	1	1	1
OG0005551	OG0005551	1	1	1	1	1
OG0005552	OG0005552	1	1	1	1	1
OG0005553	OG0005553	1	1	1	1	1
OG0005554	OG0005554	1	1	1	1	1
OG0005555	OG0005555	1	1	1	1	1
OG0005556	OG0005556	1	1	1	1	1
OG0005557	OG0005557	1	1	1	1	1
OG0005558	OG0005558	1	1	1	1	1
OG0005559	OG0005559	1	1	1	1	1
OG0005560	OG0005560	1	1	1	1	1
OG0005561	OG0005561	1	1	1	1	1
OG0005562	OG0005562	1	1	1	1	1
OG0005563	OG0005563	1	1	1	1	1
OG0005564	OG0005564	1	1	1	1	1
OG0005565	OG0005565	1	1	1	1	1
OG0005566	OG0005566	1	1	1	1	1
OG0005567	OG0005567	1	1	1	1	1
OG0005568	OG0005568	1	1	1	1	1
OG0005569	OG0005569	1	1	1	1	1
OG0005570	OG0005570	1	1	1	1	1
OG0005571	OG0005571	1	1	1	1	1
OG0005572	OG0005572	1	1	1	1	1
OG0005573	OG0005573	1	1	1	1	1
OG0005574	OG0005574	1	1	1	1	1
OG0005575	OG0005575	1	1	1	1	1
OG0005576	OG0005576	1	1	1	1	1
OG0005577	OG0005577	1	1	1	1	1
OG0005578	OG0005578	1	1	1	1	1
OG0005579	OG0005579	1	1	1	1	1
OG0005580	OG0005580	1	1	1	1	1
OG0005581	OG0005581	1	1	1	1	1
OG0005582	OG0005582	1	1	1	1	1
OG0005583	OG0005583	1	1	1	1	1
OG0005584	OG0005584	1	1	1	1	1
OG0005585	OG0005585	1	1	1	1	1
OG0005586	OG0005586	1	1	1	1	1
OG0005587	OG0005587	1	1	1	1	1
OG0005588	OG0005588	1	1	1	1	1
OG0005589	OG0005589	1	1	1	1	1
OG0005590	OG0005590	1	1	1	1	1
OG0005591	OG0005591	1	1	1	1	1
OG0005592	OG0005592	1	1	1	1	1
OG0005593	OG0005593	1	1	1	1	1
OG0005594	OG0005594	1	1	1	1	1
OG0005595	OG0005595	1	1	1	1	1
OG0005596	OG0005596	1	1	1	1	1
OG0005597	OG0005597	1	1	1	1	1
OG0005598	OG0005598	1	1	1	1	1
OG0005599	OG0005599	1	1	1	1	1
OG0005600	OG0005600	1	1	1	1	1
OG0005601	OG0005601	1	1	1	1	1
OG0005602	OG0005602	1	1	1	1	1
OG0005603	OG0005603	1	1	1	1	1
OG0005604	OG0005604	1	1	1	1	1
OG0005605	OG0005605	1	1	1	1	1
OG0005606	OG0005606	1	1	1	1	1
OG0005607	OG0005607	1	1	1	1	1
OG0005608	OG0005608	1	1	1	1	1
OG0005609	OG0005609	1	1	1	1	1
OG0005610	OG0005610	1	1	1	1	1
OG0005611	OG0005611	1	1	1	1	1
OG0005612	OG0005612	1	1	1	1	1
OG0005613	OG0005613	1	1	1	1	1
OG0005614	OG0005614	1	1	1	1	1
OG0005615	OG0005615	1	1	1	1	1
OG0005616	OG0005616	1	1	1	1	1
OG0005617	OG0005617	1	1	1	1	1
OG0005618	OG0005618	1	1	1	1	1
OG0005619	OG0005619	1	1	1	1	1
OG0005620	OG0005620	1	1	1	1	1
OG0005621	OG0005621	1	1	1	1	1
OG0005622	OG0005622	1	1	1	1	1
OG0005623	OG0005623	1	1	1	1	1
OG0005624	OG0005624	1	1	1	1	1
OG0005625	OG0005625	1	1	1	1	1
OG0005626	OG0005626	1	1	1	1	1
OG0005627	OG0005627	1	1	1	1	1
OG0005628	OG0005628	1	1	1	1	1
OG0005629	OG0005629	1	1	1	1	1
OG0005630	OG0005630	1	1	1	1	1
OG0005631	OG0005631	1	1	1	1	1
OG0005632	OG0005632	1	1	1	1	1
OG0005633	OG0005633	1	1	1	1	1
OG0005634	OG0005634	1	1	1	1	1
OG0005635	OG0005635	1	1	1	1	1
OG0005636	OG0005636	1	1	1	1	1
OG0005637	OG0005637	1	1	1	1	1
OG0005638	OG0005638	1	1	1	1	1
OG0005639	OG0005639	1	1	1	1	1
OG0005640	OG0005640	1	1	1	1	1
OG0005641	OG0005641	1	1	1	1	1
OG0005642	OG0005642	1	1	1	1	1
OG0005643	OG0005643	1	1	1	1	1
OG0005644	OG0005644	1	1	1	1	1
OG0005645	OG0005645	1	1	1	1	1
OG0005646	OG0005646	1	1	1	1	1
OG0005647	OG0005647	1	1	1	1	1
OG0005648	OG0005648	1	1	1	1	1
OG0005649	OG0005649	1	1	1	1	1
OG0005650	OG0005650	1	1	1	1	1
OG0005651	OG0005651	1	1	1	1	1
OG0005652	OG0005652	1	1	1	1	1
OG0005653	OG0005653	1	1	1	1	1
OG0005654	OG0005654	1	1	1	1	1
OG0005655	OG0005655	1	1	1	1	1
OG0005656	OG0005656	1	1	1	1	1
OG0005657	OG0005657	1	1	1	1	1
OG0005658	OG0005658	1	1	1	1	1
OG0005659	OG0005659	1	1	1	1	1
OG0005660	OG0005660	1	1	1	2	0
OG0005661	OG0005661	1	1	1	1	1
OG0005662	OG0005662	1	1	1	0	2
OG0005663	OG0005663	1	1	1	1	1
OG0005664	OG0005664	1	1	1	1	1
OG0005665	OG0005665	1	1	1	1	1
OG0005666	OG0005666	1	1	1	1	1
OG0005667	OG0005667	1	1	1	1	1
OG0005668	OG0005668	1	1	1	1	1
OG0005669	OG0005669	1	1	1	1	1
OG0005670	OG0005670	1	1	1	1	1
OG0005671	OG0005671	1	1	1	1	1
OG0005672	OG0005672	1	1	1	1	1
OG0005673	OG0005673	1	1	1	1	1
OG0005674	OG0005674	1	1	1	1	1
OG0005675	OG0005675	1	1	1	1	1
OG0005676	OG0005676	1	1	1	1	1
OG0005677	OG0005677	1	1	1	1	1
OG0005678	OG0005678	1	1	1	1	1
OG0005679	OG0005679	1	1	1	1	1
OG0005680	OG0005680	1	1	1	1	1
OG0005681	OG0005681	1	1	1	1	1
OG0005682	OG0005682	1	1	1	1	1
OG0005683	OG0005683	1	1	1	1	1
OG0005684	OG0005684	1	1	1	1	1
OG0005685	OG0005685	1	1	1	1	1
OG0005686	OG0005686	1	1	1	1	1
OG0005687	OG0005687	1	1	1	1	1
OG0005688	OG0005688	1	1	1	1	1
OG0005689	OG0005689	1	1	1	1	1
OG0005690	OG0005690	1	1	1	1	1
OG0005691	OG0005691	1	1	1	1	1
OG0005692	OG0005692	1	1	1	1	1
OG0005693	OG0005693	1	1	1	1	1
OG0005694	OG0005694	1	1	1	1	1
OG0005695	OG0005695	1	1	1	1	1
OG0005696	OG0005696	1	1	1	1	1
OG0005697	OG0005697	1	1	1	1	1
OG0005698	OG0005698	1	1	1	1	1
OG0005699	OG0005699	1	1	1	1	1
OG0005700	OG0005700	1	1	1	1	1
OG0005701	OG0005701	1	1	1	1	1
OG0005702	OG0005702	1	1	1	1	1
OG0005703	OG0005703	1	1	1	1	1
OG0005704	OG0005704	1	1	1	1	1
OG0005705	OG0005705	1	1	1	1	1
OG0005706	OG0005706	1	1	1	1	1
OG0005707	OG0005707	1	1	1	1	1
OG0005708	OG0005708	1	1	1	1	1
OG0005709	OG0005709	1	1	1	1	1
OG0005710	OG0005710	1	1	1	1	1
OG0005711	OG0005711	1	1	1	1	1
OG0005712	OG0005712	1	1	1	1	1
OG0005713	OG0005713	1	1	1	1	1
OG0005714	OG0005714	1	1	1	1	1
OG0005715	OG0005715	1	1	1	1	1
OG0005716	OG0005716	1	1	1	1	1
OG0005717	OG0005717	1	1	1	1	1
OG0005718	OG0005718	1	1	1	1	1
OG0005719	OG0005719	1	1	1	1	1
OG0005720	OG0005720	1	1	1	1	1
OG0005721	OG0005721	1	1	1	1	1
OG0005722	OG0005722	1	1	1	1	1
OG0005723	OG0005723	1	1	1	1	1
OG0005724	OG0005724	1	1	1	1	1
OG0005725	OG0005725	1	1	1	1	1
OG0005726	OG0005726	1	1	1	1	1
OG0005727	OG0005727	1	1	1	1	1
OG0005728	OG0005728	1	1	1	1	1
OG0005729	OG0005729	1	1	1	1	1
OG0005730	OG0005730	1	1	1	1	1
OG0005731	OG0005731	1	1	1	1	1
OG0005732	OG0005732	1	1	1	1	1
OG0005733	OG0005733	1	1	1	1	1
OG0005734	OG0005734	1	1	1	1	1
OG0005735	OG0005735	1	1	1	1	1
OG0005736	OG0005736	1	1	1	1	1
OG0005737	OG0005737	1	1	1	1	1
OG0005738	OG0005738	1	1	1	1	1
OG0005739	OG0005739	1	1	1	1	1
OG0005740	OG0005740	1	1	1	1	1
OG0005741	OG0005741	1	1	1	1	1
OG0005742	OG0005742	1	1	1	1	1
OG0005743	OG0005743	1	1	1	1	1
OG0005744	OG0005744	1	1	1	1	1
OG0005745	OG0005745	1	1	1	1	1
OG0005746	OG0005746	1	1	1	1	1
OG0005747	OG0005747	1	1	1	1	1
OG0005748	OG0005748	1	1	1	1	1
OG0005749	OG0005749	1	1	1	1	1
OG0005750	OG0005750	1	1	1	1	1
OG0005751	OG0005751	1	1	1	1	1
OG0005752	OG0005752	1	1	1	1	1
OG0005753	OG0005753	1	1	1	1	1
OG0005754	OG0005754	1	1	1	1	1
OG0005755	OG0005755	1	1	1	1	1
OG0005756	OG0005756	1	1	1	1	1
OG0005757	OG0005757	1	1	1	1	1
OG0005758	OG0005758	1	1	1	1	1
OG0005759	OG0005759	1	1	1	1	1
OG0005760	OG0005760	1	1	1	1	1
OG0005761	OG0005761	1	1	1	1	1
OG0005762	OG0005762	1	1	1	1	1
OG0005763	OG0005763	1	1	1	1	1
OG0005764	OG0005764	1	1	1	1	1
OG0005765	OG0005765	1	1	1	1	1
OG0005766	OG0005766	1	1	1	1	1
OG0005767	OG0005767	1	1	1	1	1
OG0005768	OG0005768	1	1	1	1	1
OG0005769	OG0005769	1	1	1	1	1
OG0005770	OG0005770	1	1	1	1	1
OG0005771	OG0005771	1	1	1	1	1
OG0005772	OG0005772	1	1	1	1	1
OG0005773	OG0005773	1	1	1	1	1
OG0005774	OG0005774	1	1	1	1	1
OG0005775	OG0005775	1	1	1	1	1
OG0005776	OG0005776	1	1	1	1	1
OG0005777	OG0005777	1	1	1	1	1
OG0005778	OG0005778	1	1	1	1	1
OG0005779	OG0005779	1	1	1	1	1
OG0005780	OG0005780	1	1	1	1	1
OG0005781	OG0005781	1	1	1	1	1
OG0005782	OG0005782	1	1	1	1	1
OG0005783	OG0005783	1	1	1	1	1
OG0005784	OG0005784	1	1	1	1	1
OG0005785	OG0005785	1	1	1	1	1
OG0005786	OG0005786	1	1	1	1	1
OG0005787	OG0005787	1	1	1	1	1
OG0005788	OG0005788	1	1	1	1	1
OG0005789	OG0005789	1	1	1	1	1
OG0005790	OG0005790	1	1	1	1	1
OG0005791	OG0005791	1	1	1	1	1
OG0005792	OG0005792	1	1	1	1	1
OG0005793	OG0005793	1	1	1	1	1
OG0005794	OG0005794	1	1	1	1	1
OG0005795	OG0005795	1	1	1	1	1
OG0005796	OG0005796	1	1	1	1	1
OG0005797	OG0005797	1	1	1	1	1
OG0005798	OG0005798	1	1	1	1	1
OG0005799	OG0005799	1	1	1	1	1
OG0005800	OG0005800	1	1	1	1	1
OG0005801	OG0005801	1	1	1	1	1
OG0005802	OG0005802	1	1	1	1	1
OG0005803	OG0005803	1	1	1	1	1
OG0005804	OG0005804	1	1	1	1	1
OG0005805	OG0005805	1	1	1	1	1
OG0005806	OG0005806	1	1	1	1	1
OG0005807	OG0005807	1	1	1	1	1
OG0005808	OG0005808	1	1	1	1	1
OG0005809	OG0005809	1	1	1	1	1
OG0005810	OG0005810	1	1	1	1	1
OG0005811	OG0005811	1	1	1	1	1
OG0005812	OG0005812	1	1	1	1	1
OG0005813	OG0005813	1	1	1	1	1
OG0005814	OG0005814	1	1	1	1	1
OG0005815	OG0005815	1	1	1	1	1
OG0005816	OG0005816	1	1	1	1	1
OG0005817	OG0005817	1	1	1	1	1
OG0005818	OG0005818	1	1	1	1	1
OG0005819	OG0005819	1	1	1	1	1
OG0005820	OG0005820	1	1	1	1	1
OG0005821	OG0005821	1	1	1	1	1
OG0005822	OG0005822	1	1	1	1	1
OG0005823	OG0005823	1	1	1	1	1
OG0005824	OG0005824	1	1	1	1	1
OG0005825	OG0005825	1	1	1	1	1
OG0005826	OG0005826	1	1	1	1	1
OG0005827	OG0005827	1	1	1	1	1
OG0005828	OG0005828	1	1	1	1	1
OG0005829	OG0005829	1	1	1	1	1
OG0005830	OG0005830	1	1	1	1	1
OG0005831	OG0005831	1	1	1	1	1
OG0005832	OG0005832	1	1	1	1	1
OG0005833	OG0005833	1	1	1	1	1
OG0005834	OG0005834	1	1	1	1	1
OG0005835	OG0005835	1	1	1	1	1
OG0005836	OG0005836	1	1	1	1	1
OG0005837	OG0005837	1	1	1	1	1
OG0005838	OG0005838	1	1	1	1	1
OG0005839	OG0005839	1	1	1	1	1
OG0005840	OG0005840	1	1	1	1	1
OG0005841	OG0005841	1	1	1	1	1
OG0005842	OG0005842	1	1	1	1	1
OG0005843	OG0005843	1	1	1	1	1
OG0005844	OG0005844	1	1	1	1	1
OG0005845	OG0005845	1	1	1	1	1
OG0005846	OG0005846	1	1	1	1	1
OG0005847	OG0005847	1	1	1	1	1
OG0005848	OG0005848	1	1	1	1	1
OG0005849	OG0005849	1	1	1	1	1
OG0005850	OG0005850	1	1	1	1	1
OG0005851	OG0005851	1	1	1	1	1
OG0005852	OG0005852	1	1	1	1	1
OG0005853	OG0005853	1	1	1	1	1
OG0005854	OG0005854	1	1	1	1	1
OG0005855	OG0005855	1	1	1	1	1
OG0005856	OG0005856	1	1	1	1	1
OG0005857	OG0005857	1	1	1	1	1
OG0005858	OG0005858	1	1	1	1	1
OG0005859	OG0005859	1	1	1	1	1
OG0005860	OG0005860	1	1	1	1	1
OG0005861	OG0005861	1	1	1	1	1
OG0005862	OG0005862	1	1	1	1	1
OG0005863	OG0005863	1	1	1	1	1
OG0005864	OG0005864	1	1	1	1	1
OG0005865	OG0005865	1	1	1	1	1
OG0005866	OG0005866	1	1	1	1	1
OG0005867	OG0005867	1	1	1	1	1
OG0005868	OG0005868	1	1	1	1	1
OG0005869	OG0005869	1	1	1	1	1
OG0005870	OG0005870	1	1	1	1	1
OG0005871	OG0005871	1	1	1	1	1
OG0005872	OG0005872	1	1	1	1	1
OG0005873	OG0005873	1	1	1	1	1
OG0005874	OG0005874	1	1	1	1	1
OG0005875	OG0005875	1	1	1	1	1
OG0005876	OG0005876	1	1	1	1	1
OG0005877	OG0005877	1	1	1	1	1
OG0005878	OG0005878	1	1	1	1	1
OG0005879	OG0005879	1	1	1	1	1
OG0005880	OG0005880	1	1	1	1	1
OG0005881	OG0005881	1	1	1	1	1
OG0005882	OG0005882	1	1	1	1	1
OG0005883	OG0005883	1	1	1	1	1
OG0005884	OG0005884	1	1	1	1	1
OG0005885	OG0005885	1	1	1	1	1
OG0005886	OG0005886	1	1	1	1	1
OG0005887	OG0005887	1	1	1	1	1
OG0005888	OG0005888	1	1	1	1	1
OG0005889	OG0005889	1	1	1	1	1
OG0005890	OG0005890	1	1	1	1	1
OG0005891	OG0005891	1	1	1	1	1
OG0005892	OG0005892	1	1	1	1	1
OG0005893	OG0005893	1	1	1	1	1
OG0005894	OG0005894	1	1	1	1	1
OG0005895	OG0005895	1	1	1	1	1
OG0005896	OG0005896	1	1	1	1	1
OG0005897	OG0005897	1	1	1	1	1
OG0005898	OG0005898	1	1	1	1	1
OG0005899	OG0005899	1	1	1	1	1
OG0005900	OG0005900	1	1	1	1	1
OG0005901	OG0005901	1	1	1	1	1
OG0005902	OG0005902	1	1	1	1	1
OG0005903	OG0005903	1	1	1	1	1
OG0005904	OG0005904	1	1	1	1	1
OG0005905	OG0005905	1	1	1	1	1
OG0005906	OG0005906	1	1	1	1	1
OG0005907	OG0005907	1	1	1	1	1
OG0005908	OG0005908	1	1	1	1	1
OG0005909	OG0005909	1	1	1	1	1
OG0005910	OG0005910	1	1	1	1	1
OG0005911	OG0005911	1	1	1	1	1
OG0005912	OG0005912	1	0	1	2	1
OG0005913	OG0005913	1	0	1	2	1
OG0005914	OG0005914	1	1	1	1	1
OG0005915	OG0005915	1	1	1	1	1
OG0005916	OG0005916	1	1	1	1	1
OG0005917	OG0005917	1	1	1	1	1
OG0005918	OG0005918	1	1	1	1	1
OG0005919	OG0005919	1	1	1	1	1
OG0005920	OG0005920	1	1	1	1	1
OG0005921	OG0005921	1	1	1	1	1
OG0005922	OG0005922	1	1	1	1	1
OG0005923	OG0005923	1	1	1	1	1
OG0005924	OG0005924	1	1	1	1	1
OG0005925	OG0005925	1	1	1	1	1
OG0005926	OG0005926	1	1	1	1	1
OG0005927	OG0005927	1	1	1	1	1
OG0005928	OG0005928	1	1	1	1	1
OG0005929	OG0005929	1	1	1	1	1
OG0005930	OG0005930	1	1	1	1	1
OG0005931	OG0005931	1	1	1	1	1
OG0005932	OG0005932	1	1	1	1	1
OG0005933	OG0005933	1	1	1	1	1
OG0005934	OG0005934	1	1	1	1	1
OG0005935	OG0005935	1	1	1	1	1
OG0005936	OG0005936	1	1	1	1	1
OG0005937	OG0005937	1	1	1	1	1
OG0005938	OG0005938	1	1	1	1	1
OG0005939	OG0005939	1	1	1	1	1
OG0005940	OG0005940	1	1	1	1	1
OG0005941	OG0005941	1	1	1	1	1
OG0005942	OG0005942	1	1	1	1	1
OG0005943	OG0005943	1	1	1	1	1
OG0005944	OG0005944	1	1	1	1	1
OG0005945	OG0005945	1	1	1	1	1
OG0005946	OG0005946	1	1	1	1	1
OG0005947	OG0005947	1	1	1	1	1
OG0005948	OG0005948	1	1	1	1	1
OG0005949	OG0005949	1	1	1	1	1
OG0005950	OG0005950	1	1	1	1	1
OG0005951	OG0005951	1	1	1	1	1
OG0005952	OG0005952	1	1	1	1	1
OG0005953	OG0005953	1	1	1	1	1
OG0005954	OG0005954	1	1	1	1	1
OG0005955	OG0005955	1	1	1	1	1
OG0005956	OG0005956	1	1	1	1	1
OG0005957	OG0005957	1	2	1	1	0
OG0005958	OG0005958	1	1	1	1	1
OG0005959	OG0005959	1	1	1	1	1
OG0005960	OG0005960	1	1	1	1	1
OG0005961	OG0005961	1	1	1	1	1
OG0005962	OG0005962	1	1	1	1	1
OG0005963	OG0005963	1	1	1	1	1
OG0005964	OG0005964	1	1	1	1	1
OG0005965	OG0005965	1	1	1	1	1
OG0005966	OG0005966	1	1	1	1	1
OG0005967	OG0005967	1	1	1	1	1
OG0005968	OG0005968	1	1	1	1	1
OG0005969	OG0005969	1	1	1	1	1
OG0005970	OG0005970	1	1	1	1	1
OG0005971	OG0005971	1	1	1	1	1
OG0005972	OG0005972	1	1	1	1	1
OG0005973	OG0005973	1	1	1	1	1
OG0005974	OG0005974	1	1	1	1	1
OG0005975	OG0005975	1	1	1	1	1
OG0005976	OG0005976	1	1	1	1	1
OG0005977	OG0005977	1	1	1	1	1
OG0005978	OG0005978	1	1	1	1	1
OG0005979	OG0005979	1	1	1	1	1
OG0005980	OG0005980	1	1	1	1	1
OG0005981	OG0005981	1	1	1	1	1
OG0005982	OG0005982	1	1	1	1	1
OG0005983	OG0005983	1	1	1	1	1
OG0005984	OG0005984	1	1	1	1	1
OG0005985	OG0005985	1	1	2	1	0
OG0005986	OG0005986	1	1	1	1	1
OG0005987	OG0005987	1	1	1	1	1
OG0005988	OG0005988	1	1	1	1	1
OG0005989	OG0005989	1	1	1	1	1
OG0005990	OG0005990	1	1	1	1	1
OG0005991	OG0005991	1	1	1	1	1
OG0005992	OG0005992	1	1	1	1	1
OG0005993	OG0005993	1	1	1	1	1
OG0005994	OG0005994	1	1	1	1	1
OG0005995	OG0005995	1	1	1	1	1
OG0005996	OG0005996	1	1	1	1	1
OG0005997	OG0005997	1	1	1	1	1
OG0005998	OG0005998	1	1	1	1	1
OG0005999	OG0005999	1	1	1	1	1
OG0006000	OG0006000	1	1	1	1	1
OG0006001	OG0006001	1	1	1	1	1
OG0006002	OG0006002	1	1	1	1	1
OG0006003	OG0006003	1	1	1	1	1
OG0006004	OG0006004	1	1	1	1	1
OG0006005	OG0006005	1	1	1	1	1
OG0006006	OG0006006	1	1	1	1	1
OG0006007	OG0006007	1	1	1	1	1
OG0006008	OG0006008	1	1	1	1	1
OG0006009	OG0006009	1	1	1	1	1
OG0006010	OG0006010	1	1	1	1	1
OG0006011	OG0006011	1	1	1	1	1
OG0006012	OG0006012	1	1	1	1	1
OG0006013	OG0006013	1	1	1	1	1
OG0006014	OG0006014	1	1	1	1	1
OG0006015	OG0006015	1	1	1	1	1
OG0006016	OG0006016	1	1	1	1	1
OG0006017	OG0006017	1	1	1	1	1
OG0006018	OG0006018	1	1	1	1	1
OG0006019	OG0006019	1	1	1	1	1
OG0006020	OG0006020	1	1	1	1	1
OG0006021	OG0006021	1	1	1	1	1
OG0006022	OG0006022	1	1	1	1	1
OG0006023	OG0006023	1	1	1	1	1
OG0006024	OG0006024	1	1	1	1	1
OG0006025	OG0006025	1	1	1	1	1
OG0006026	OG0006026	1	1	1	1	1
OG0006027	OG0006027	1	1	1	1	1
OG0006028	OG0006028	1	1	1	1	1
OG0006029	OG0006029	1	1	1	1	1
OG0006030	OG0006030	1	1	1	1	1
OG0006031	OG0006031	1	1	1	1	1
OG0006032	OG0006032	1	1	1	1	1
OG0006033	OG0006033	1	1	1	1	1
OG0006034	OG0006034	1	1	1	1	1
OG0006035	OG0006035	1	1	1	1	1
OG0006036	OG0006036	1	1	1	1	1
OG0006037	OG0006037	1	1	1	2	0
OG0006038	OG0006038	1	1	1	1	1
OG0006039	OG0006039	1	1	1	1	1
OG0006040	OG0006040	1	1	1	1	1
OG0006041	OG0006041	1	1	1	1	1
OG0006042	OG0006042	1	1	1	1	1
OG0006043	OG0006043	1	1	1	1	1
OG0006044	OG0006044	1	1	1	1	1
OG0006045	OG0006045	1	1	1	1	1
OG0006046	OG0006046	1	1	1	1	1
OG0006047	OG0006047	1	1	1	1	1
OG0006048	OG0006048	1	1	1	1	1
OG0006049	OG0006049	1	1	1	1	1
OG0006050	OG0006050	1	1	1	1	1
OG0006051	OG0006051	1	1	1	1	1
OG0006052	OG0006052	1	1	1	1	1
OG0006053	OG0006053	1	1	1	1	1
OG0006054	OG0006054	1	1	1	1	1
OG0006055	OG0006055	1	1	1	1	1
OG0006056	OG0006056	1	1	1	1	1
OG0006057	OG0006057	1	1	1	1	1
OG0006058	OG0006058	1	1	1	1	1
OG0006059	OG0006059	1	1	1	1	1
OG0006060	OG0006060	1	1	1	1	1
OG0006061	OG0006061	1	1	1	1	1
OG0006062	OG0006062	1	1	1	1	1
OG0006063	OG0006063	1	1	1	1	1
OG0006064	OG0006064	1	1	1	1	1
OG0006065	OG0006065	1	1	1	1	1
OG0006066	OG0006066	1	1	1	1	1
OG0006067	OG0006067	1	1	1	1	1
OG0006068	OG0006068	1	1	1	1	1
OG0006069	OG0006069	1	1	1	1	1
OG0006070	OG0006070	1	1	1	1	1
OG0006071	OG0006071	1	1	1	1	1
OG0006072	OG0006072	1	1	1	1	1
OG0006073	OG0006073	1	1	1	1	1
OG0006074	OG0006074	1	1	1	1	1
OG0006075	OG0006075	1	1	1	1	1
OG0006076	OG0006076	1	1	1	1	1
OG0006077	OG0006077	1	1	1	1	1
OG0006078	OG0006078	1	1	1	1	1
OG0006079	OG0006079	1	1	1	1	1
OG0006080	OG0006080	1	1	1	1	1
OG0006081	OG0006081	1	1	1	1	1
OG0006082	OG0006082	1	1	1	1	1
OG0006083	OG0006083	1	1	1	1	1
OG0006084	OG0006084	1	1	1	1	1
OG0006085	OG0006085	1	1	1	1	1
OG0006086	OG0006086	1	1	1	1	1
OG0006087	OG0006087	1	1	1	1	1
OG0006088	OG0006088	1	1	1	1	1
OG0006089	OG0006089	1	1	1	1	1
OG0006090	OG0006090	1	1	1	1	1
OG0006091	OG0006091	1	1	1	1	1
OG0006092	OG0006092	1	1	1	1	1
OG0006093	OG0006093	1	1	1	1	1
OG0006094	OG0006094	1	1	1	1	1
OG0006095	OG0006095	1	1	1	1	1
OG0006096	OG0006096	1	1	1	1	1
OG0006097	OG0006097	1	1	1	1	1
OG0006098	OG0006098	1	1	1	1	1
OG0006099	OG0006099	1	1	1	1	1
OG0006100	OG0006100	1	1	1	1	1
OG0006101	OG0006101	1	1	1	1	1
OG0006102	OG0006102	1	1	1	1	1
OG0006103	OG0006103	1	1	1	1	1
OG0006104	OG0006104	1	1	1	1	1
OG0006105	OG0006105	1	1	1	1	1
OG0006106	OG0006106	1	1	1	1	1
OG0006107	OG0006107	1	1	1	1	1
OG0006108	OG0006108	1	1	1	1	1
OG0006109	OG0006109	1	1	1	1	1
OG0006110	OG0006110	1	1	1	1	1
OG0006111	OG0006111	1	1	1	1	1
OG0006112	OG0006112	1	1	1	1	1
OG0006113	OG0006113	1	1	1	1	1
OG0006114	OG0006114	1	1	1	1	1
OG0006115	OG0006115	1	1	1	1	1
OG0006116	OG0006116	1	1	1	1	1
OG0006117	OG0006117	1	1	1	1	1
OG0006118	OG0006118	1	1	1	1	1
OG0006119	OG0006119	1	1	1	1	1
OG0006120	OG0006120	1	1	1	1	1
OG0006121	OG0006121	1	1	1	1	1
OG0006122	OG0006122	1	1	1	1	1
OG0006123	OG0006123	1	1	1	1	1
OG0006124	OG0006124	1	1	1	1	1
OG0006125	OG0006125	1	1	1	1	1
OG0006126	OG0006126	1	1	1	1	1
OG0006127	OG0006127	1	1	1	1	1
OG0006128	OG0006128	1	1	1	1	1
OG0006129	OG0006129	1	1	1	1	1
OG0006130	OG0006130	1	1	1	1	1
OG0006131	OG0006131	1	1	1	1	1
OG0006132	OG0006132	1	1	1	2	0
OG0006133	OG0006133	1	1	1	1	1
OG0006134	OG0006134	1	1	1	1	1
OG0006135	OG0006135	1	1	1	1	1
OG0006136	OG0006136	1	1	1	1	1
OG0006137	OG0006137	1	1	1	1	1
OG0006138	OG0006138	1	1	1	1	1
OG0006139	OG0006139	1	1	1	1	1
OG0006140	OG0006140	1	1	1	1	1
OG0006141	OG0006141	1	1	1	1	1
OG0006142	OG0006142	1	1	1	1	1
OG0006143	OG0006143	1	1	1	1	1
OG0006144	OG0006144	1	1	1	1	1
OG0006145	OG0006145	1	1	1	1	1
OG0006146	OG0006146	1	1	1	1	1
OG0006147	OG0006147	1	1	1	1	1
OG0006148	OG0006148	1	1	1	1	1
OG0006149	OG0006149	1	1	1	1	1
OG0006150	OG0006150	1	1	1	1	1
OG0006151	OG0006151	1	1	1	1	1
OG0006152	OG0006152	1	1	1	1	1
OG0006153	OG0006153	1	1	1	1	1
OG0006154	OG0006154	1	1	1	1	1
OG0006155	OG0006155	1	1	1	1	1
OG0006156	OG0006156	1	1	1	1	1
OG0006157	OG0006157	1	1	1	1	1
OG0006158	OG0006158	1	1	1	1	1
OG0006159	OG0006159	1	1	1	1	1
OG0006160	OG0006160	1	1	1	1	1
OG0006161	OG0006161	1	1	1	1	1
OG0006162	OG0006162	1	1	1	1	1
OG0006163	OG0006163	1	1	1	1	1
OG0006164	OG0006164	1	1	1	1	1
OG0006165	OG0006165	1	1	1	1	1
OG0006166	OG0006166	1	1	1	1	1
OG0006167	OG0006167	1	1	1	1	1
OG0006168	OG0006168	1	1	1	1	1
OG0006169	OG0006169	1	1	1	1	1
OG0006170	OG0006170	1	1	1	1	1
OG0006171	OG0006171	1	1	1	1	1
OG0006172	OG0006172	1	1	1	1	1
OG0006173	OG0006173	1	1	1	1	1
OG0006174	OG0006174	1	1	1	1	1
OG0006175	OG0006175	1	1	1	1	1
OG0006176	OG0006176	1	1	1	1	1
OG0006177	OG0006177	1	1	1	1	1
OG0006178	OG0006178	1	1	1	1	1
OG0006179	OG0006179	1	1	1	1	1
OG0006180	OG0006180	1	1	1	1	1
OG0006181	OG0006181	1	1	1	1	1
OG0006182	OG0006182	1	1	1	1	1
OG0006183	OG0006183	1	1	1	1	1
OG0006184	OG0006184	1	1	1	1	1
OG0006185	OG0006185	1	1	1	1	1
OG0006186	OG0006186	1	1	1	1	1
OG0006187	OG0006187	1	1	1	1	1
OG0006188	OG0006188	1	1	1	1	1
OG0006189	OG0006189	1	1	1	1	1
OG0006190	OG0006190	1	1	1	1	1
OG0006191	OG0006191	1	1	1	1	1
OG0006192	OG0006192	1	1	1	1	1
OG0006193	OG0006193	1	1	1	1	1
OG0006194	OG0006194	1	1	1	1	1
OG0006195	OG0006195	1	1	1	1	1
OG0006196	OG0006196	1	1	1	1	1
OG0006197	OG0006197	1	1	1	1	1
OG0006198	OG0006198	1	1	1	1	1
OG0006199	OG0006199	1	1	1	2	0
OG0006200	OG0006200	1	1	1	1	1
OG0006201	OG0006201	1	1	1	1	1
OG0006202	OG0006202	1	1	1	1	1
OG0006203	OG0006203	1	1	1	1	1
OG0006204	OG0006204	1	1	1	1	1
OG0006205	OG0006205	1	1	1	1	1
OG0006206	OG0006206	1	1	1	1	1
OG0006207	OG0006207	1	1	1	1	1
OG0006208	OG0006208	1	1	1	1	1
OG0006209	OG0006209	1	1	1	1	1
OG0006210	OG0006210	1	1	1	1	1
OG0006211	OG0006211	1	1	1	1	1
OG0006212	OG0006212	1	1	1	1	1
OG0006213	OG0006213	1	1	1	1	1
OG0006214	OG0006214	1	1	1	1	1
OG0006215	OG0006215	1	1	1	1	1
OG0006216	OG0006216	1	1	1	1	1
OG0006217	OG0006217	1	1	1	1	1
OG0006218	OG0006218	1	1	1	2	0
OG0006219	OG0006219	1	1	1	1	1
OG0006220	OG0006220	1	1	1	1	1
OG0006221	OG0006221	1	1	1	1	1
OG0006222	OG0006222	1	1	1	1	1
OG0006223	OG0006223	1	1	1	1	1
OG0006224	OG0006224	1	1	1	1	1
OG0006225	OG0006225	1	1	1	1	1
OG0006226	OG0006226	1	1	1	1	1
OG0006227	OG0006227	1	1	1	1	1
OG0006228	OG0006228	1	1	1	1	1
OG0006229	OG0006229	1	1	1	1	1
OG0006230	OG0006230	1	1	1	1	1
OG0006231	OG0006231	1	1	1	1	1
OG0006232	OG0006232	1	1	1	1	1
OG0006233	OG0006233	1	1	1	1	1
OG0006234	OG0006234	1	1	1	2	0
OG0006235	OG0006235	1	1	1	1	1
OG0006236	OG0006236	1	1	1	1	1
OG0006237	OG0006237	1	1	1	1	1
OG0006238	OG0006238	1	1	1	1	1
OG0006239	OG0006239	1	1	1	1	1
OG0006240	OG0006240	1	1	1	1	1
OG0006241	OG0006241	1	1	1	1	1
OG0006242	OG0006242	1	1	1	1	1
OG0006243	OG0006243	1	1	1	2	0
OG0006244	OG0006244	1	1	1	1	1
OG0006245	OG0006245	1	1	1	1	1
OG0006246	OG0006246	1	1	1	1	1
OG0006247	OG0006247	1	1	1	1	1
OG0006248	OG0006248	1	1	1	1	1
OG0006249	OG0006249	1	1	1	1	1
OG0006250	OG0006250	1	1	1	1	1
OG0006251	OG0006251	1	1	1	1	1
OG0006252	OG0006252	1	0	1	0	3
OG0006253	OG0006253	1	1	1	1	1
OG0006254	OG0006254	1	1	1	1	1
OG0006255	OG0006255	1	1	1	1	1
OG0006256	OG0006256	1	1	1	1	1
OG0006257	OG0006257	1	1	1	1	1
OG0006258	OG0006258	1	1	1	1	1
OG0006259	OG0006259	1	1	1	1	1
OG0006260	OG0006260	1	1	1	1	1
OG0006261	OG0006261	1	1	1	1	1
OG0006262	OG0006262	1	1	1	1	1
OG0006263	OG0006263	1	1	1	1	1
OG0006264	OG0006264	1	1	1	1	1
OG0006265	OG0006265	1	1	1	1	1
OG0006266	OG0006266	1	1	1	1	1
OG0006267	OG0006267	1	1	1	1	1
OG0006268	OG0006268	1	1	1	1	1
OG0006269	OG0006269	1	1	1	1	1
OG0006270	OG0006270	1	1	1	1	1
OG0006271	OG0006271	1	1	1	1	1
OG0006272	OG0006272	1	1	1	1	1
OG0006273	OG0006273	1	1	1	1	1
OG0006274	OG0006274	1	1	1	1	1
OG0006275	OG0006275	1	1	1	1	1
OG0006276	OG0006276	1	1	1	1	1
OG0006277	OG0006277	1	1	1	1	1
OG0006278	OG0006278	1	1	1	1	1
OG0006279	OG0006279	1	1	1	1	1
OG0006280	OG0006280	1	1	1	1	1
OG0006281	OG0006281	1	1	1	1	1
OG0006282	OG0006282	1	1	1	1	1
OG0006283	OG0006283	1	1	1	1	1
OG0006284	OG0006284	1	1	1	1	1
OG0006285	OG0006285	1	1	1	1	1
OG0006286	OG0006286	1	1	1	1	1
OG0006287	OG0006287	1	1	1	1	1
OG0006288	OG0006288	1	1	1	1	1
OG0006289	OG0006289	1	1	1	1	1
OG0006290	OG0006290	1	1	1	1	1
OG0006291	OG0006291	1	1	1	1	1
OG0006292	OG0006292	1	1	1	1	1
OG0006293	OG0006293	1	1	1	1	1
OG0006294	OG0006294	1	1	1	1	1
OG0006295	OG0006295	1	1	1	1	1
OG0006296	OG0006296	1	1	1	1	1
OG0006297	OG0006297	1	1	1	1	1
OG0006298	OG0006298	1	1	1	1	1
OG0006299	OG0006299	1	1	1	1	1
OG0006300	OG0006300	1	1	1	1	1
OG0006301	OG0006301	1	1	1	1	1
OG0006302	OG0006302	1	1	1	1	1
OG0006303	OG0006303	1	1	1	1	1
OG0006304	OG0006304	1	1	1	1	1
OG0006305	OG0006305	1	1	1	1	1
OG0006306	OG0006306	1	1	1	1	1
OG0006307	OG0006307	1	1	1	1	1
OG0006308	OG0006308	1	1	1	1	1
OG0006309	OG0006309	1	1	1	1	1
OG0006310	OG0006310	1	1	1	1	1
OG0006311	OG0006311	1	1	1	1	1
OG0006312	OG0006312	1	1	1	1	1
OG0006313	OG0006313	1	1	1	1	1
OG0006314	OG0006314	1	1	1	1	1
OG0006315	OG0006315	1	1	1	1	1
OG0006316	OG0006316	1	1	1	1	1
OG0006317	OG0006317	1	1	1	1	1
OG0006318	OG0006318	1	1	1	1	1
OG0006319	OG0006319	1	1	1	1	1
OG0006320	OG0006320	1	1	1	1	1
OG0006321	OG0006321	1	1	1	1	1
OG0006322	OG0006322	1	1	1	1	1
OG0006323	OG0006323	1	1	1	1	1
OG0006324	OG0006324	1	1	1	1	1
OG0006325	OG0006325	1	1	1	1	1
OG0006326	OG0006326	1	1	1	1	1
OG0006327	OG0006327	1	1	1	1	1
OG0006328	OG0006328	1	1	1	1	1
OG0006329	OG0006329	1	1	1	1	1
OG0006330	OG0006330	1	1	1	1	1
OG0006331	OG0006331	1	1	1	1	1
OG0006332	OG0006332	1	1	1	1	1
OG0006333	OG0006333	1	1	1	1	1
OG0006334	OG0006334	1	1	1	1	1
OG0006335	OG0006335	1	1	1	1	1
OG0006336	OG0006336	1	1	1	1	1
OG0006337	OG0006337	1	1	1	1	1
OG0006338	OG0006338	1	1	1	1	1
OG0006339	OG0006339	1	1	1	1	1
OG0006340	OG0006340	1	1	1	1	1
OG0006341	OG0006341	1	1	1	1	1
OG0006342	OG0006342	1	1	1	1	1
OG0006343	OG0006343	1	1	1	1	1
OG0006344	OG0006344	1	1	1	1	1
OG0006345	OG0006345	1	1	1	1	1
OG0006346	OG0006346	1	1	1	1	1
OG0006347	OG0006347	1	1	1	1	1
OG0006348	OG0006348	1	1	1	1	1
OG0006349	OG0006349	1	1	1	1	1
OG0006350	OG0006350	1	1	1	1	1
OG0006351	OG0006351	1	1	1	1	1
OG0006352	OG0006352	1	1	1	1	1
OG0006353	OG0006353	1	1	1	1	1
OG0006354	OG0006354	1	1	1	1	1
OG0006355	OG0006355	1	1	1	1	1
OG0006356	OG0006356	1	1	1	1	1
OG0006357	OG0006357	1	1	1	1	1
OG0006358	OG0006358	1	1	1	1	1
OG0006359	OG0006359	1	1	1	1	1
OG0006360	OG0006360	1	1	1	1	1
OG0006361	OG0006361	1	1	1	1	1
OG0006362	OG0006362	1	1	1	1	1
OG0006363	OG0006363	1	1	1	1	1
OG0006364	OG0006364	1	1	1	1	1
OG0006365	OG0006365	1	1	1	1	1
OG0006366	OG0006366	1	1	1	1	1
OG0006367	OG0006367	1	1	1	1	1
OG0006368	OG0006368	1	1	1	2	0
OG0006369	OG0006369	1	1	1	1	1
OG0006370	OG0006370	1	1	1	1	1
OG0006371	OG0006371	1	1	1	1	1
OG0006372	OG0006372	1	1	1	1	1
OG0006373	OG0006373	1	1	1	1	1
OG0006374	OG0006374	1	1	1	1	1
OG0006375	OG0006375	1	1	1	1	1
OG0006376	OG0006376	1	1	1	1	1
OG0006377	OG0006377	1	1	1	2	0
OG0006378	OG0006378	1	1	1	1	1
OG0006379	OG0006379	1	1	1	1	1
OG0006380	OG0006380	1	1	1	1	1
OG0006381	OG0006381	1	1	1	1	1
OG0006382	OG0006382	1	1	1	1	1
OG0006383	OG0006383	1	1	1	1	1
OG0006384	OG0006384	1	1	1	1	1
OG0006385	OG0006385	1	1	1	1	1
OG0006386	OG0006386	1	1	1	1	1
OG0006387	OG0006387	1	1	1	1	1
OG0006388	OG0006388	1	1	1	1	1
OG0006389	OG0006389	1	1	1	1	1
OG0006390	OG0006390	1	1	1	1	1
OG0006391	OG0006391	1	1	1	1	1
OG0006392	OG0006392	1	1	1	1	1
OG0006393	OG0006393	1	1	1	1	1
OG0006394	OG0006394	1	1	1	1	1
OG0006395	OG0006395	1	1	1	1	1
OG0006396	OG0006396	1	1	1	1	1
OG0006397	OG0006397	1	1	1	1	1
OG0006398	OG0006398	1	1	1	1	1
OG0006399	OG0006399	1	1	1	1	1
OG0006400	OG0006400	1	1	1	1	1
OG0006401	OG0006401	1	1	1	1	1
OG0006402	OG0006402	1	1	1	1	1
OG0006403	OG0006403	1	1	1	1	1
OG0006404	OG0006404	1	1	1	1	1
OG0006405	OG0006405	1	1	1	1	1
OG0006406	OG0006406	1	1	1	1	1
OG0006407	OG0006407	1	1	1	1	1
OG0006408	OG0006408	1	1	1	1	1
OG0006409	OG0006409	1	1	1	1	1
OG0006410	OG0006410	1	1	1	1	1
OG0006411	OG0006411	1	1	1	1	1
OG0006412	OG0006412	1	1	1	1	1
OG0006413	OG0006413	1	1	1	1	1
OG0006414	OG0006414	1	1	1	1	1
OG0006415	OG0006415	1	1	1	1	1
OG0006416	OG0006416	1	1	1	1	1
OG0006417	OG0006417	1	1	1	1	1
OG0006418	OG0006418	1	1	1	1	1
OG0006419	OG0006419	1	1	1	1	1
OG0006420	OG0006420	1	1	1	1	1
OG0006421	OG0006421	1	1	1	1	1
OG0006422	OG0006422	1	1	1	2	0
OG0006423	OG0006423	1	1	1	1	1
OG0006424	OG0006424	1	1	1	1	1
OG0006425	OG0006425	1	1	1	1	1
OG0006426	OG0006426	1	1	1	1	1
OG0006427	OG0006427	1	1	1	1	1
OG0006428	OG0006428	1	1	1	1	1
OG0006429	OG0006429	1	1	1	1	1
OG0006430	OG0006430	1	1	1	1	1
OG0006431	OG0006431	1	1	1	1	1
OG0006432	OG0006432	1	1	1	1	1
OG0006433	OG0006433	1	1	1	1	1
OG0006434	OG0006434	1	1	1	1	1
OG0006435	OG0006435	1	1	1	1	1
OG0006436	OG0006436	1	1	1	1	1
OG0006437	OG0006437	1	1	1	1	1
OG0006438	OG0006438	1	1	1	1	1
OG0006439	OG0006439	1	1	1	1	1
OG0006440	OG0006440	1	1	1	1	1
OG0006441	OG0006441	1	1	1	1	1
OG0006442	OG0006442	1	1	1	1	1
OG0006443	OG0006443	1	1	1	1	1
OG0006444	OG0006444	1	1	1	1	1
OG0006445	OG0006445	1	1	1	1	1
OG0006446	OG0006446	1	1	1	1	1
OG0006447	OG0006447	1	1	1	1	1
OG0006448	OG0006448	1	1	1	1	1
OG0006449	OG0006449	1	1	1	1	1
OG0006450	OG0006450	1	1	1	1	1
OG0006451	OG0006451	1	1	1	1	1
OG0006452	OG0006452	1	1	1	1	1
OG0006453	OG0006453	1	1	1	1	1
OG0006454	OG0006454	1	1	1	1	1
OG0006455	OG0006455	1	1	1	1	1
OG0006456	OG0006456	1	1	1	1	1
OG0006457	OG0006457	1	1	1	1	1
OG0006458	OG0006458	1	1	1	1	1
OG0006459	OG0006459	1	1	1	1	1
OG0006460	OG0006460	1	1	1	1	1
OG0006461	OG0006461	1	1	1	1	1
OG0006462	OG0006462	1	1	1	1	1
OG0006463	OG0006463	1	1	1	1	1
OG0006464	OG0006464	1	1	1	1	1
OG0006465	OG0006465	1	1	1	1	1
OG0006466	OG0006466	1	1	1	1	1
OG0006467	OG0006467	1	1	1	1	1
OG0006468	OG0006468	1	1	1	1	1
OG0006469	OG0006469	1	1	1	1	1
OG0006470	OG0006470	1	1	1	1	1
OG0006471	OG0006471	1	1	1	1	1
OG0006472	OG0006472	1	1	1	1	1
OG0006473	OG0006473	1	1	1	1	1
OG0006474	OG0006474	1	1	1	1	1
OG0006475	OG0006475	1	1	1	1	1
OG0006476	OG0006476	1	1	1	1	1
OG0006477	OG0006477	1	1	1	1	1
OG0006478	OG0006478	1	1	1	1	1
OG0006479	OG0006479	1	1	1	1	1
OG0006480	OG0006480	1	1	1	1	1
OG0006481	OG0006481	1	1	1	1	1
OG0006482	OG0006482	1	1	1	1	1
OG0006483	OG0006483	1	1	1	1	1
OG0006484	OG0006484	1	1	1	1	1
OG0006485	OG0006485	1	1	1	1	1
OG0006486	OG0006486	1	1	1	1	1
OG0006487	OG0006487	1	1	1	1	1
OG0006488	OG0006488	1	1	1	1	1
OG0006489	OG0006489	1	1	1	1	1
OG0006490	OG0006490	1	1	1	1	1
OG0006491	OG0006491	1	1	1	1	1
OG0006492	OG0006492	1	1	1	1	1
OG0006493	OG0006493	1	1	1	1	1
OG0006494	OG0006494	1	1	1	2	0
OG0006495	OG0006495	1	1	1	1	1
OG0006496	OG0006496	1	1	1	1	1
OG0006497	OG0006497	1	1	1	1	1
OG0006498	OG0006498	1	1	1	1	1
OG0006499	OG0006499	1	1	1	1	1
OG0006500	OG0006500	1	1	1	1	1
OG0006501	OG0006501	1	1	1	1	1
OG0006502	OG0006502	1	1	1	1	1
OG0006503	OG0006503	1	1	1	1	1
OG0006504	OG0006504	1	1	1	1	1
OG0006505	OG0006505	1	1	1	1	1
OG0006506	OG0006506	1	1	1	1	1
OG0006507	OG0006507	1	1	1	1	1
OG0006508	OG0006508	1	1	1	1	1
OG0006509	OG0006509	1	1	1	1	1
OG0006510	OG0006510	1	1	1	1	1
OG0006511	OG0006511	1	1	1	1	1
OG0006512	OG0006512	1	1	1	1	1
OG0006513	OG0006513	1	1	1	1	1
OG0006514	OG0006514	1	1	1	1	1
OG0006515	OG0006515	1	1	1	1	1
OG0006516	OG0006516	1	1	1	1	1
OG0006517	OG0006517	1	1	1	1	1
OG0006518	OG0006518	1	1	1	1	1
OG0006519	OG0006519	1	1	1	1	1
OG0006520	OG0006520	1	1	1	1	1
OG0006521	OG0006521	1	1	1	1	1
OG0006522	OG0006522	1	1	1	1	1
OG0006523	OG0006523	1	1	1	1	1
OG0006524	OG0006524	1	1	1	1	1
OG0006525	OG0006525	1	1	1	1	1
OG0006526	OG0006526	1	1	1	1	1
OG0006527	OG0006527	1	1	1	1	1
OG0006528	OG0006528	1	1	1	1	1
OG0006529	OG0006529	1	1	1	1	1
OG0006530	OG0006530	1	1	1	1	1
OG0006531	OG0006531	1	1	1	1	1
OG0006532	OG0006532	1	1	1	1	1
OG0006533	OG0006533	1	1	1	1	1
OG0006534	OG0006534	1	1	1	1	1
OG0006535	OG0006535	1	1	1	1	1
OG0006536	OG0006536	1	1	1	1	1
OG0006537	OG0006537	1	1	1	1	1
OG0006538	OG0006538	1	1	1	1	1
OG0006539	OG0006539	1	1	1	1	1
OG0006540	OG0006540	1	1	1	1	1
OG0006541	OG0006541	1	1	1	1	1
OG0006542	OG0006542	1	1	1	1	1
OG0006543	OG0006543	1	1	1	1	1
OG0006544	OG0006544	1	1	1	1	1
OG0006545	OG0006545	1	1	1	1	1
OG0006546	OG0006546	1	1	1	1	1
OG0006547	OG0006547	1	1	1	1	1
OG0006548	OG0006548	1	1	1	1	1
OG0006549	OG0006549	1	1	1	1	1
OG0006550	OG0006550	1	1	1	1	1
OG0006551	OG0006551	1	1	1	1	1
OG0006552	OG0006552	1	1	1	1	1
OG0006553	OG0006553	1	1	1	1	1
OG0006554	OG0006554	1	1	1	1	1
OG0006555	OG0006555	1	1	1	1	1
OG0006556	OG0006556	1	1	1	1	1
OG0006557	OG0006557	1	1	1	1	1
OG0006558	OG0006558	1	1	1	1	1
OG0006559	OG0006559	1	1	1	1	1
OG0006560	OG0006560	1	1	1	2	0
OG0006561	OG0006561	1	1	1	1	1
OG0006562	OG0006562	1	1	1	1	1
OG0006563	OG0006563	1	1	1	1	1
OG0006564	OG0006564	1	1	1	1	1
OG0006565	OG0006565	1	1	1	1	1
OG0006566	OG0006566	1	1	1	1	1
OG0006567	OG0006567	1	1	1	1	1
OG0006568	OG0006568	1	1	1	1	1
OG0006569	OG0006569	1	1	1	1	1
OG0006570	OG0006570	1	1	1	1	1
OG0006571	OG0006571	1	1	1	1	1
OG0006572	OG0006572	1	1	1	1	1
OG0006573	OG0006573	1	1	1	1	1
OG0006574	OG0006574	1	1	1	1	1
OG0006575	OG0006575	1	1	1	1	1
OG0006576	OG0006576	1	1	1	1	1
OG0006577	OG0006577	1	1	1	1	1
OG0006578	OG0006578	1	1	1	1	1
OG0006579	OG0006579	1	1	1	1	1
OG0006580	OG0006580	1	1	1	1	1
OG0006581	OG0006581	1	1	1	1	1
OG0006582	OG0006582	1	1	1	1	1
OG0006583	OG0006583	1	1	1	1	1
OG0006584	OG0006584	1	1	1	1	1
OG0006585	OG0006585	1	1	1	1	1
OG0006586	OG0006586	1	1	1	1	1
OG0006587	OG0006587	1	1	1	1	1
OG0006588	OG0006588	1	1	1	1	1
OG0006589	OG0006589	1	1	1	1	1
OG0006590	OG0006590	1	1	1	1	1
OG0006591	OG0006591	1	1	1	1	1
OG0006592	OG0006592	1	1	1	1	1
OG0006593	OG0006593	1	1	1	1	1
OG0006594	OG0006594	1	1	1	1	1
OG0006595	OG0006595	1	1	1	1	1
OG0006596	OG0006596	1	1	1	1	1
OG0006597	OG0006597	1	1	1	1	1
OG0006598	OG0006598	1	1	1	1	1
OG0006599	OG0006599	1	1	1	1	1
OG0006600	OG0006600	1	1	1	1	1
OG0006601	OG0006601	1	1	1	1	1
OG0006602	OG0006602	1	1	1	1	1
OG0006603	OG0006603	1	1	1	1	1
OG0006604	OG0006604	1	1	1	1	1
OG0006605	OG0006605	1	1	1	1	1
OG0006606	OG0006606	1	1	1	1	1
OG0006607	OG0006607	1	1	1	1	1
OG0006608	OG0006608	1	1	1	1	1
OG0006609	OG0006609	1	1	1	1	1
OG0006610	OG0006610	1	1	1	1	1
OG0006611	OG0006611	1	1	1	2	0
OG0006612	OG0006612	1	1	1	1	1
OG0006613	OG0006613	1	1	1	1	1
OG0006614	OG0006614	1	1	1	1	1
OG0006615	OG0006615	1	1	1	1	1
OG0006616	OG0006616	1	1	1	1	1
OG0006617	OG0006617	1	1	1	1	1
OG0006618	OG0006618	1	1	1	1	1
OG0006619	OG0006619	1	1	1	1	1
OG0006620	OG0006620	1	1	1	1	1
OG0006621	OG0006621	1	1	1	1	1
OG0006622	OG0006622	1	1	1	1	1
OG0006623	OG0006623	1	1	1	1	1
OG0006624	OG0006624	1	1	1	1	1
OG0006625	OG0006625	1	1	1	1	1
OG0006626	OG0006626	1	1	1	1	1
OG0006627	OG0006627	1	1	1	1	1
OG0006628	OG0006628	1	1	1	1	1
OG0006629	OG0006629	1	1	1	1	1
OG0006630	OG0006630	1	1	1	1	1
OG0006631	OG0006631	1	1	1	1	1
OG0006632	OG0006632	1	1	1	1	1
OG0006633	OG0006633	1	1	1	1	1
OG0006634	OG0006634	1	1	2	0	1
OG0006635	OG0006635	1	1	1	1	1
OG0006636	OG0006636	1	1	1	1	1
OG0006637	OG0006637	1	1	1	1	1
OG0006638	OG0006638	1	1	1	1	1
OG0006639	OG0006639	1	1	1	1	1
OG0006640	OG0006640	1	1	1	1	1
OG0006641	OG0006641	1	1	1	1	1
OG0006642	OG0006642	1	1	1	1	1
OG0006643	OG0006643	1	1	1	1	1
OG0006644	OG0006644	1	1	1	1	1
OG0006645	OG0006645	1	1	1	1	1
OG0006646	OG0006646	1	1	1	1	1
OG0006647	OG0006647	1	1	1	1	1
OG0006648	OG0006648	1	1	1	1	1
OG0006649	OG0006649	1	1	1	1	1
OG0006650	OG0006650	1	1	1	1	1
OG0006651	OG0006651	1	1	1	1	1
OG0006652	OG0006652	1	1	1	1	1
OG0006653	OG0006653	1	1	1	1	1
OG0006654	OG0006654	1	1	1	1	1
OG0006655	OG0006655	1	1	1	1	1
OG0006656	OG0006656	1	1	1	1	1
OG0006657	OG0006657	1	1	1	1	1
OG0006658	OG0006658	1	1	1	1	1
OG0006659	OG0006659	1	1	1	1	1
OG0006660	OG0006660	1	1	1	1	1
OG0006661	OG0006661	1	1	1	1	1
OG0006662	OG0006662	1	1	1	1	1
OG0006663	OG0006663	1	1	1	1	1
OG0006664	OG0006664	1	1	1	1	1
OG0006665	OG0006665	1	1	1	1	1
OG0006666	OG0006666	1	1	1	1	1
OG0006667	OG0006667	1	1	1	1	1
OG0006668	OG0006668	1	1	1	1	1
OG0006669	OG0006669	1	1	1	1	1
OG0006670	OG0006670	1	1	1	1	1
OG0006671	OG0006671	1	1	1	1	1
OG0006672	OG0006672	1	1	1	1	1
OG0006673	OG0006673	1	1	1	1	1
OG0006674	OG0006674	1	1	1	1	1
OG0006675	OG0006675	1	1	1	1	1
OG0006676	OG0006676	1	1	1	1	1
OG0006677	OG0006677	1	1	1	1	1
OG0006678	OG0006678	1	1	1	1	1
OG0006679	OG0006679	1	1	1	1	1
OG0006680	OG0006680	1	1	1	1	1
OG0006681	OG0006681	1	1	1	1	1
OG0006682	OG0006682	1	1	1	1	1
OG0006683	OG0006683	1	1	1	1	1
OG0006684	OG0006684	1	1	1	1	1
OG0006685	OG0006685	1	1	1	1	1
OG0006686	OG0006686	1	1	1	1	1
OG0006687	OG0006687	1	1	1	1	1
OG0006688	OG0006688	1	1	1	1	1
OG0006689	OG0006689	1	1	1	1	1
OG0006690	OG0006690	1	1	1	1	1
OG0006691	OG0006691	1	1	1	1	1
OG0006692	OG0006692	1	1	1	1	1
OG0006693	OG0006693	1	1	1	1	1
OG0006694	OG0006694	1	1	1	1	1
OG0006695	OG0006695	1	1	1	1	1
OG0006696	OG0006696	1	1	1	1	1
OG0006697	OG0006697	1	1	1	1	1
OG0006698	OG0006698	1	1	1	1	1
OG0006699	OG0006699	1	1	1	1	1
OG0006700	OG0006700	1	1	1	1	1
OG0006701	OG0006701	1	1	1	1	1
OG0006702	OG0006702	1	1	1	1	1
OG0006703	OG0006703	1	1	1	1	1
OG0006704	OG0006704	1	1	1	1	1
OG0006705	OG0006705	1	1	1	1	1
OG0006706	OG0006706	1	1	1	1	1
OG0006707	OG0006707	1	1	1	1	1
OG0006708	OG0006708	1	1	1	1	1
OG0006709	OG0006709	1	1	1	1	1
OG0006710	OG0006710	1	1	1	1	1
OG0006711	OG0006711	1	1	1	1	1
OG0006712	OG0006712	1	1	1	1	1
OG0006713	OG0006713	1	1	1	1	1
OG0006714	OG0006714	1	1	1	1	1
OG0006715	OG0006715	1	1	1	1	1
OG0006716	OG0006716	1	1	1	1	1
OG0006717	OG0006717	1	1	1	1	1
OG0006718	OG0006718	1	1	1	1	1
OG0006719	OG0006719	1	1	1	1	1
OG0006720	OG0006720	1	1	1	1	1
OG0006721	OG0006721	1	1	1	1	1
OG0006722	OG0006722	1	1	1	1	1
OG0006723	OG0006723	1	1	1	1	1
OG0006724	OG0006724	1	1	1	1	1
OG0006725	OG0006725	1	1	1	1	1
OG0006726	OG0006726	1	1	1	1	1
OG0006727	OG0006727	1	1	1	1	1
OG0006728	OG0006728	1	1	1	1	1
OG0006729	OG0006729	1	1	1	1	1
OG0006730	OG0006730	1	1	1	1	1
OG0006731	OG0006731	1	1	1	1	1
OG0006732	OG0006732	1	1	1	1	1
OG0006733	OG0006733	1	1	1	1	1
OG0006734	OG0006734	1	1	1	1	1
OG0006735	OG0006735	1	1	1	1	1
OG0006736	OG0006736	1	1	1	1	1
OG0006737	OG0006737	1	1	1	1	1
OG0006738	OG0006738	1	1	1	1	1
OG0006739	OG0006739	1	1	1	1	1
OG0006740	OG0006740	1	1	1	1	1
OG0006741	OG0006741	1	1	1	1	1
OG0006742	OG0006742	1	1	1	1	1
OG0006743	OG0006743	1	1	1	1	1
OG0006744	OG0006744	1	1	1	1	1
OG0006745	OG0006745	1	1	1	1	1
OG0006746	OG0006746	1	1	1	1	1
OG0006747	OG0006747	1	1	1	1	1
OG0006748	OG0006748	1	1	1	1	1
OG0006749	OG0006749	1	1	1	1	1
OG0006750	OG0006750	1	1	1	1	1
OG0006751	OG0006751	1	1	1	1	1
OG0006752	OG0006752	1	1	1	1	1
OG0006753	OG0006753	1	1	1	1	1
OG0006754	OG0006754	1	1	1	1	1
OG0006755	OG0006755	1	1	1	1	1
OG0006756	OG0006756	1	1	1	1	1
OG0006757	OG0006757	1	1	1	1	1
OG0006758	OG0006758	1	1	1	1	1
OG0006759	OG0006759	1	1	1	1	1
OG0006760	OG0006760	1	1	1	1	1
OG0006761	OG0006761	1	1	1	1	1
OG0006762	OG0006762	1	1	1	1	1
OG0006763	OG0006763	1	1	1	1	1
OG0006764	OG0006764	1	1	1	1	1
OG0006765	OG0006765	1	1	1	1	1
OG0006766	OG0006766	1	1	1	1	1
OG0006767	OG0006767	1	1	1	1	1
OG0006768	OG0006768	1	1	1	1	1
OG0006769	OG0006769	1	1	1	1	1
OG0006770	OG0006770	1	1	1	1	1
OG0006771	OG0006771	1	1	1	1	1
OG0006772	OG0006772	1	1	1	1	1
OG0006773	OG0006773	1	1	1	1	1
OG0006774	OG0006774	1	1	1	1	1
OG0006775	OG0006775	1	1	1	1	1
OG0006776	OG0006776	1	1	1	1	1
OG0006777	OG0006777	1	1	1	1	1
OG0006778	OG0006778	1	1	1	1	1
OG0006779	OG0006779	1	1	1	1	1
OG0006780	OG0006780	1	1	1	1	1
OG0006781	OG0006781	1	1	1	1	1
OG0006782	OG0006782	1	1	1	1	1
OG0006783	OG0006783	1	1	1	1	1
OG0006784	OG0006784	1	1	1	1	1
OG0006785	OG0006785	1	1	1	1	1
OG0006786	OG0006786	1	1	1	1	1
OG0006787	OG0006787	1	1	1	1	1
OG0006788	OG0006788	1	1	1	1	1
OG0006789	OG0006789	1	1	1	1	1
OG0006790	OG0006790	1	1	1	1	1
OG0006791	OG0006791	1	1	1	1	1
OG0006792	OG0006792	1	1	1	1	1
OG0006793	OG0006793	1	1	1	1	1
OG0006794	OG0006794	1	1	1	1	1
OG0006795	OG0006795	1	1	1	1	1
OG0006796	OG0006796	1	1	1	1	1
OG0006797	OG0006797	1	1	1	1	1
OG0006798	OG0006798	1	1	1	1	1
OG0006799	OG0006799	1	1	1	1	1
OG0006800	OG0006800	1	1	1	1	1
OG0006801	OG0006801	1	1	1	1	1
OG0006802	OG0006802	1	1	1	1	1
OG0006803	OG0006803	1	1	1	1	1
OG0006804	OG0006804	1	1	1	1	1
OG0006805	OG0006805	1	1	1	1	1
OG0006806	OG0006806	1	1	1	1	1
OG0006807	OG0006807	1	1	1	1	1
OG0006808	OG0006808	1	1	1	1	1
OG0006809	OG0006809	1	1	1	1	1
OG0006810	OG0006810	1	1	1	1	1
OG0006811	OG0006811	1	1	1	1	1
OG0006812	OG0006812	1	1	1	1	1
OG0006813	OG0006813	1	1	1	1	1
OG0006814	OG0006814	1	1	1	1	1
OG0006815	OG0006815	1	1	1	1	1
OG0006816	OG0006816	1	1	1	1	1
OG0006817	OG0006817	1	1	1	1	1
OG0006818	OG0006818	1	1	1	1	1
OG0006819	OG0006819	1	1	1	1	1
OG0006820	OG0006820	1	1	1	1	1
OG0006821	OG0006821	1	1	1	1	1
OG0006822	OG0006822	1	1	1	1	1
OG0006823	OG0006823	1	1	1	1	1
OG0006824	OG0006824	1	1	1	1	1
OG0006825	OG0006825	1	1	1	1	1
OG0006826	OG0006826	1	1	1	1	1
OG0006827	OG0006827	1	1	1	1	1
OG0006828	OG0006828	1	1	1	1	1
OG0006829	OG0006829	1	1	1	1	1
OG0006830	OG0006830	1	1	1	1	1
OG0006831	OG0006831	1	1	1	1	1
OG0006832	OG0006832	1	1	1	1	1
OG0006833	OG0006833	1	1	1	1	1
OG0006834	OG0006834	1	1	1	1	1
OG0006835	OG0006835	1	1	1	1	1
OG0006836	OG0006836	1	1	1	1	1
OG0006837	OG0006837	1	1	1	1	1
OG0006838	OG0006838	1	1	1	1	1
OG0006839	OG0006839	1	1	1	1	1
OG0006840	OG0006840	1	1	1	1	1
OG0006841	OG0006841	1	1	1	1	1
OG0006842	OG0006842	1	1	1	1	1
OG0006843	OG0006843	1	1	1	1	1
OG0006844	OG0006844	1	1	1	1	1
OG0006845	OG0006845	1	1	1	1	1
OG0006846	OG0006846	1	1	1	1	1
OG0006847	OG0006847	1	1	1	1	1
OG0006848	OG0006848	1	1	1	1	1
OG0006849	OG0006849	1	1	1	1	1
OG0006850	OG0006850	1	1	1	1	1
OG0006851	OG0006851	1	1	1	1	1
OG0006852	OG0006852	1	1	1	1	1
OG0006853	OG0006853	1	1	1	1	1
OG0006854	OG0006854	1	1	1	1	1
OG0006855	OG0006855	1	1	1	1	1
OG0006856	OG0006856	1	1	1	1	1
OG0006857	OG0006857	1	1	1	1	1
OG0006858	OG0006858	1	1	1	1	1
OG0006859	OG0006859	1	1	1	1	1
OG0006860	OG0006860	1	1	1	1	1
OG0006861	OG0006861	1	1	1	1	1
OG0006862	OG0006862	1	1	1	2	0
OG0006863	OG0006863	1	1	1	1	1
OG0006864	OG0006864	1	1	1	1	1
OG0006865	OG0006865	1	1	1	1	1
OG0006866	OG0006866	1	1	1	1	1
OG0006867	OG0006867	1	1	1	1	1
OG0006868	OG0006868	1	1	1	1	1
OG0006869	OG0006869	1	1	1	1	1
OG0006870	OG0006870	1	1	1	1	1
OG0006871	OG0006871	1	1	1	1	1
OG0006872	OG0006872	1	1	1	1	1
OG0006873	OG0006873	1	1	1	1	1
OG0006874	OG0006874	1	1	1	1	1
OG0006875	OG0006875	1	1	1	1	1
OG0006876	OG0006876	1	1	1	1	1
OG0006877	OG0006877	1	1	1	1	1
OG0006878	OG0006878	1	1	1	1	1
OG0006879	OG0006879	1	1	1	1	1
OG0006880	OG0006880	1	1	1	1	1
OG0006881	OG0006881	1	1	1	1	1
OG0006882	OG0006882	1	1	1	1	1
OG0006883	OG0006883	1	1	1	1	1
OG0006884	OG0006884	1	1	1	1	1
OG0006885	OG0006885	1	1	1	1	1
OG0006886	OG0006886	1	1	1	1	1
OG0006887	OG0006887	1	1	1	1	1
OG0006888	OG0006888	1	1	1	1	1
OG0006889	OG0006889	1	1	1	1	1
OG0006890	OG0006890	1	1	1	1	1
OG0006891	OG0006891	1	1	1	1	1
OG0006892	OG0006892	1	1	1	1	1
OG0006893	OG0006893	1	1	1	1	1
OG0006894	OG0006894	1	1	1	1	1
OG0006895	OG0006895	1	1	1	1	1
OG0006896	OG0006896	1	1	1	1	1
OG0006897	OG0006897	1	1	1	1	1
OG0006898	OG0006898	1	1	1	1	1
OG0006899	OG0006899	1	1	1	1	1
OG0006900	OG0006900	1	1	1	1	1
OG0006901	OG0006901	1	1	1	1	1
OG0006902	OG0006902	1	1	1	1	1
OG0006903	OG0006903	1	1	1	1	1
OG0006904	OG0006904	1	1	1	1	1
OG0006905	OG0006905	1	1	1	1	1
OG0006906	OG0006906	1	1	1	1	1
OG0006907	OG0006907	1	1	1	1	1
OG0006908	OG0006908	1	1	1	1	1
OG0006909	OG0006909	1	1	1	1	1
OG0006910	OG0006910	1	1	1	1	1
OG0006911	OG0006911	1	1	1	1	1
OG0006912	OG0006912	1	1	1	1	1
OG0006913	OG0006913	1	1	1	1	1
OG0006914	OG0006914	1	1	1	1	1
OG0006915	OG0006915	1	1	1	1	1
OG0006916	OG0006916	1	1	1	1	1
OG0006917	OG0006917	1	1	1	1	1
OG0006918	OG0006918	1	1	1	1	1
OG0006919	OG0006919	1	1	1	1	1
OG0006920	OG0006920	1	1	1	1	1
OG0006921	OG0006921	1	1	1	1	1
OG0006922	OG0006922	1	1	1	1	1
OG0006923	OG0006923	1	1	1	1	1
OG0006924	OG0006924	1	1	1	1	1
OG0006925	OG0006925	1	1	1	1	1
OG0006926	OG0006926	1	1	1	2	0
OG0006927	OG0006927	1	1	1	1	1
OG0006928	OG0006928	1	1	1	1	1
OG0006929	OG0006929	1	1	1	1	1
OG0006930	OG0006930	1	1	1	1	1
OG0006931	OG0006931	1	1	1	2	0
OG0006932	OG0006932	1	1	1	1	1
OG0006933	OG0006933	1	1	1	1	1
OG0006934	OG0006934	1	1	1	1	1
OG0006935	OG0006935	1	1	1	1	1
OG0006936	OG0006936	1	1	1	1	1
OG0006937	OG0006937	1	1	1	1	1
OG0006938	OG0006938	1	1	1	1	1
OG0006939	OG0006939	1	1	1	1	1
OG0006940	OG0006940	1	1	1	1	1
OG0006941	OG0006941	1	1	1	1	1
OG0006942	OG0006942	1	1	1	1	1
OG0006943	OG0006943	1	1	1	1	1
OG0006944	OG0006944	1	1	1	1	1
OG0006945	OG0006945	1	1	1	1	1
OG0006946	OG0006946	1	1	1	1	1
OG0006947	OG0006947	1	1	1	1	1
OG0006948	OG0006948	1	1	1	1	1
OG0006949	OG0006949	1	1	1	1	1
OG0006950	OG0006950	1	1	1	1	1
OG0006951	OG0006951	1	1	1	1	1
OG0006952	OG0006952	1	1	1	1	1
OG0006953	OG0006953	1	1	1	1	1
OG0006954	OG0006954	1	1	1	1	1
OG0006955	OG0006955	1	1	1	1	1
OG0006956	OG0006956	1	1	1	1	1
OG0006957	OG0006957	1	1	1	1	1
OG0006958	OG0006958	1	1	1	1	1
OG0006959	OG0006959	1	1	1	1	1
OG0006960	OG0006960	1	1	1	1	1
OG0006961	OG0006961	1	1	1	1	1
OG0006962	OG0006962	1	1	1	1	1
OG0006963	OG0006963	1	1	1	1	1
OG0006964	OG0006964	1	1	1	1	1
OG0006965	OG0006965	1	1	1	1	1
OG0006966	OG0006966	1	1	1	1	1
OG0006967	OG0006967	1	1	1	1	1
OG0006968	OG0006968	1	1	1	1	1
OG0006969	OG0006969	1	1	1	1	1
OG0006970	OG0006970	1	1	1	1	1
OG0006971	OG0006971	1	1	1	1	1
OG0006972	OG0006972	1	1	1	1	1
OG0006973	OG0006973	1	1	1	1	1
OG0006974	OG0006974	1	1	1	1	1
OG0006975	OG0006975	1	1	1	1	1
OG0006976	OG0006976	1	1	1	1	1
OG0006977	OG0006977	1	1	1	1	1
OG0006978	OG0006978	1	1	1	1	1
OG0006979	OG0006979	1	1	1	1	1
OG0006980	OG0006980	1	1	1	1	1
OG0006981	OG0006981	1	1	1	1	1
OG0006982	OG0006982	1	1	1	1	1
OG0006983	OG0006983	1	1	1	1	1
OG0006984	OG0006984	1	1	1	1	1
OG0006985	OG0006985	1	1	1	1	1
OG0006986	OG0006986	1	1	1	1	1
OG0006987	OG0006987	1	1	1	1	1
OG0006988	OG0006988	1	1	1	1	1
OG0006989	OG0006989	1	1	1	1	1
OG0006990	OG0006990	1	1	1	1	1
OG0006991	OG0006991	1	1	1	1	1
OG0006992	OG0006992	1	1	1	1	1
OG0006993	OG0006993	1	1	1	1	1
OG0006994	OG0006994	1	1	1	1	1
OG0006995	OG0006995	1	1	1	1	1
OG0006996	OG0006996	1	1	1	1	1
OG0006997	OG0006997	1	1	1	1	1
OG0006998	OG0006998	1	1	2	1	0
OG0006999	OG0006999	1	1	1	1	1
OG0007000	OG0007000	1	1	1	1	1
OG0007001	OG0007001	1	1	1	1	1
OG0007002	OG0007002	1	1	1	1	1
OG0007003	OG0007003	1	1	1	1	1
OG0007004	OG0007004	1	1	1	1	1
OG0007005	OG0007005	1	1	1	1	1
OG0007006	OG0007006	1	1	1	1	1
OG0007007	OG0007007	1	1	1	1	1
OG0007008	OG0007008	1	1	1	1	1
OG0007009	OG0007009	1	1	1	1	1
OG0007010	OG0007010	1	1	1	1	1
OG0007011	OG0007011	1	1	1	1	1
OG0007012	OG0007012	1	1	1	1	1
OG0007013	OG0007013	1	1	1	1	1
OG0007014	OG0007014	1	1	1	1	1
OG0007015	OG0007015	1	1	1	1	1
OG0007016	OG0007016	1	1	1	1	1
OG0007017	OG0007017	1	1	1	1	1
OG0007018	OG0007018	1	1	1	1	1
OG0007019	OG0007019	1	1	1	1	1
OG0007020	OG0007020	1	1	1	1	1
OG0007021	OG0007021	1	2	1	1	0
OG0007022	OG0007022	1	1	1	1	1
OG0007023	OG0007023	1	1	1	1	1
OG0007024	OG0007024	1	1	1	1	1
OG0007025	OG0007025	1	1	1	1	1
OG0007026	OG0007026	1	1	1	1	1
OG0007027	OG0007027	1	1	1	1	1
OG0007028	OG0007028	1	1	1	1	1
OG0007029	OG0007029	1	1	1	1	1
OG0007030	OG0007030	1	1	1	1	1
OG0007031	OG0007031	1	1	1	1	1
OG0007032	OG0007032	1	1	1	1	1
OG0007033	OG0007033	1	1	1	1	1
OG0007034	OG0007034	1	1	1	1	1
OG0007035	OG0007035	1	1	1	1	1
OG0007036	OG0007036	1	1	1	1	1
OG0007037	OG0007037	1	1	1	1	1
OG0007038	OG0007038	1	1	1	1	1
OG0007039	OG0007039	1	1	1	1	1
OG0007040	OG0007040	1	1	1	1	1
OG0007041	OG0007041	1	1	1	1	1
OG0007042	OG0007042	1	1	1	1	1
OG0007043	OG0007043	1	1	1	1	1
OG0007044	OG0007044	1	1	1	1	1
OG0007045	OG0007045	1	1	1	1	1
OG0007046	OG0007046	1	1	1	1	1
OG0007047	OG0007047	1	1	1	1	1
OG0007048	OG0007048	1	1	1	1	1
OG0007049	OG0007049	1	1	1	1	1
OG0007050	OG0007050	1	1	1	1	1
OG0007051	OG0007051	1	1	1	1	1
OG0007052	OG0007052	1	1	1	1	1
OG0007053	OG0007053	1	1	1	1	1
OG0007054	OG0007054	1	1	1	1	1
OG0007055	OG0007055	1	1	1	1	1
OG0007056	OG0007056	1	1	1	1	1
OG0007057	OG0007057	1	1	1	1	1
OG0007058	OG0007058	1	1	1	1	1
OG0007059	OG0007059	1	1	1	1	1
OG0007060	OG0007060	1	1	1	1	1
OG0007061	OG0007061	1	1	1	1	1
OG0007062	OG0007062	1	1	1	1	1
OG0007063	OG0007063	1	1	1	1	1
OG0007064	OG0007064	1	1	1	1	1
OG0007065	OG0007065	1	1	1	1	1
OG0007066	OG0007066	1	1	1	1	1
OG0007067	OG0007067	1	1	1	1	1
OG0007068	OG0007068	1	1	1	1	1
OG0007069	OG0007069	1	1	1	1	1
OG0007070	OG0007070	1	1	1	1	1
OG0007071	OG0007071	1	1	1	1	1
OG0007072	OG0007072	1	1	1	1	1
OG0007073	OG0007073	1	1	1	1	1
OG0007074	OG0007074	1	1	1	1	1
OG0007075	OG0007075	1	1	1	1	1
OG0007076	OG0007076	1	1	1	1	1
OG0007077	OG0007077	1	1	1	1	1
OG0007078	OG0007078	1	1	1	1	1
OG0007079	OG0007079	1	1	1	1	1
OG0007080	OG0007080	1	1	1	1	1
OG0007081	OG0007081	1	1	1	1	1
OG0007082	OG0007082	1	1	1	1	1
OG0007083	OG0007083	1	1	1	1	1
OG0007084	OG0007084	1	1	1	1	1
OG0007085	OG0007085	1	1	1	1	1
OG0007086	OG0007086	1	1	1	1	1
OG0007087	OG0007087	1	1	1	1	1
OG0007088	OG0007088	1	1	1	1	1
OG0007089	OG0007089	1	1	1	1	1
OG0007090	OG0007090	1	1	1	2	0
OG0007091	OG0007091	1	1	1	1	1
OG0007092	OG0007092	1	1	1	1	1
OG0007093	OG0007093	1	1	1	1	1
OG0007094	OG0007094	1	1	1	1	1
OG0007095	OG0007095	1	1	1	1	1
OG0007096	OG0007096	1	1	1	1	1
OG0007097	OG0007097	1	1	1	1	1
OG0007098	OG0007098	1	1	1	1	1
OG0007099	OG0007099	1	1	1	1	1
OG0007100	OG0007100	1	1	1	1	1
OG0007101	OG0007101	1	1	1	1	1
OG0007102	OG0007102	1	1	1	1	1
OG0007103	OG0007103	1	1	1	1	1
OG0007104	OG0007104	1	1	1	1	1
OG0007105	OG0007105	1	1	1	1	1
OG0007106	OG0007106	1	1	1	1	1
OG0007107	OG0007107	1	1	1	1	1
OG0007108	OG0007108	1	1	1	1	1
OG0007109	OG0007109	1	1	1	1	1
OG0007110	OG0007110	1	1	1	1	1
OG0007111	OG0007111	1	1	1	1	1
OG0007112	OG0007112	1	1	1	1	1
OG0007113	OG0007113	1	1	1	1	1
OG0007114	OG0007114	1	1	1	1	1
OG0007115	OG0007115	1	1	1	1	1
OG0007116	OG0007116	1	1	1	1	1
OG0007117	OG0007117	1	1	1	1	1
OG0007118	OG0007118	1	1	1	1	1
OG0007119	OG0007119	1	1	1	1	1
OG0007120	OG0007120	1	1	1	1	1
OG0007121	OG0007121	1	1	1	1	1
OG0007122	OG0007122	1	1	1	1	1
OG0007123	OG0007123	1	1	1	1	1
OG0007124	OG0007124	1	1	1	1	1
OG0007125	OG0007125	1	1	1	1	1
OG0007126	OG0007126	1	1	1	1	1
OG0007127	OG0007127	1	1	1	1	1
OG0007128	OG0007128	1	1	1	1	1
OG0007129	OG0007129	1	1	1	1	1
OG0007130	OG0007130	1	1	1	1	1
OG0007131	OG0007131	1	1	1	1	1
OG0007132	OG0007132	1	1	1	1	1
OG0007133	OG0007133	1	1	1	1	1
OG0007134	OG0007134	1	1	1	1	1
OG0007135	OG0007135	1	1	1	1	1
OG0007136	OG0007136	1	1	1	1	1
OG0007137	OG0007137	1	1	1	1	1
OG0007138	OG0007138	1	1	1	1	1
OG0007139	OG0007139	1	1	1	1	1
OG0007140	OG0007140	1	1	1	1	1
OG0007141	OG0007141	1	1	1	1	1
OG0007142	OG0007142	1	1	1	1	1
OG0007143	OG0007143	1	1	1	1	1
OG0007144	OG0007144	1	1	1	1	1
OG0007145	OG0007145	1	1	1	1	1
OG0007146	OG0007146	1	1	1	1	1
OG0007147	OG0007147	1	1	1	1	1
OG0007148	OG0007148	1	1	1	1	1
OG0007149	OG0007149	1	1	1	1	1
OG0007150	OG0007150	1	1	1	1	1
OG0007151	OG0007151	1	1	1	1	1
OG0007152	OG0007152	1	1	1	1	1
OG0007153	OG0007153	1	1	1	1	1
OG0007154	OG0007154	1	1	1	1	1
OG0007155	OG0007155	1	1	1	1	1
OG0007156	OG0007156	1	1	1	1	1
OG0007157	OG0007157	1	1	1	1	1
OG0007158	OG0007158	1	1	1	1	1
OG0007159	OG0007159	1	1	1	1	1
OG0007160	OG0007160	1	2	1	1	0
OG0007161	OG0007161	1	1	1	1	1
OG0007162	OG0007162	1	1	1	1	1
OG0007163	OG0007163	1	1	1	1	1
OG0007164	OG0007164	1	1	1	1	1
OG0007165	OG0007165	1	1	1	1	1
OG0007166	OG0007166	1	1	1	1	1
OG0007167	OG0007167	1	1	1	1	1
OG0007168	OG0007168	1	1	1	1	1
OG0007169	OG0007169	1	1	1	1	1
OG0007170	OG0007170	1	1	1	1	1
OG0007171	OG0007171	1	1	1	1	1
OG0007172	OG0007172	1	1	1	1	1
OG0007173	OG0007173	1	1	1	1	1
OG0007174	OG0007174	1	1	1	1	1
OG0007175	OG0007175	1	1	1	1	1
OG0007176	OG0007176	1	1	1	1	1
OG0007177	OG0007177	1	1	1	1	1
OG0007178	OG0007178	1	1	1	1	1
OG0007179	OG0007179	1	1	1	1	1
OG0007180	OG0007180	1	1	1	1	1
OG0007181	OG0007181	1	1	1	1	1
OG0007182	OG0007182	1	1	1	1	1
OG0007183	OG0007183	1	1	1	1	1
OG0007184	OG0007184	1	1	1	1	1
OG0007185	OG0007185	1	1	1	1	1
OG0007186	OG0007186	1	1	1	1	1
OG0007187	OG0007187	1	1	1	1	1
OG0007188	OG0007188	1	1	1	1	1
OG0007189	OG0007189	1	1	1	1	1
OG0007190	OG0007190	1	1	1	1	1
OG0007191	OG0007191	1	1	1	1	1
OG0007192	OG0007192	1	1	1	1	1
OG0007193	OG0007193	1	1	1	1	1
OG0007194	OG0007194	1	1	1	1	1
OG0007195	OG0007195	1	1	1	1	1
OG0007196	OG0007196	1	1	1	1	1
OG0007197	OG0007197	1	1	1	1	1
OG0007198	OG0007198	1	1	1	1	1
OG0007199	OG0007199	1	1	1	1	1
OG0007200	OG0007200	1	1	1	1	1
OG0007201	OG0007201	1	1	1	1	1
OG0007202	OG0007202	1	1	1	1	1
OG0007203	OG0007203	1	1	1	1	1
OG0007204	OG0007204	1	1	1	1	1
OG0007205	OG0007205	1	1	1	1	1
OG0007206	OG0007206	1	1	1	1	1
OG0007207	OG0007207	1	1	1	1	1
OG0007208	OG0007208	1	1	1	1	1
OG0007209	OG0007209	1	1	1	1	1
OG0007210	OG0007210	1	1	1	1	1
OG0007211	OG0007211	1	1	1	1	1
OG0007212	OG0007212	1	1	1	1	1
OG0007213	OG0007213	1	1	1	1	1
OG0007214	OG0007214	1	1	1	1	1
OG0007215	OG0007215	1	1	1	1	1
OG0007216	OG0007216	1	1	1	1	1
OG0007217	OG0007217	1	1	1	1	1
OG0007218	OG0007218	1	1	1	1	1
OG0007219	OG0007219	1	1	1	1	1
OG0007220	OG0007220	1	1	1	1	1
OG0007221	OG0007221	1	1	1	1	1
OG0007222	OG0007222	1	1	1	1	1
OG0007223	OG0007223	1	1	1	1	1
OG0007224	OG0007224	1	1	1	1	1
OG0007225	OG0007225	1	1	1	1	1
OG0007226	OG0007226	1	1	1	1	1
OG0007227	OG0007227	1	1	1	1	1
OG0007228	OG0007228	1	1	1	1	1
OG0007229	OG0007229	1	1	1	1	1
OG0007230	OG0007230	1	1	1	1	1
OG0007231	OG0007231	1	1	1	1	1
OG0007232	OG0007232	1	1	1	1	1
OG0007233	OG0007233	1	1	1	1	1
OG0007234	OG0007234	1	1	1	1	1
OG0007235	OG0007235	1	1	1	1	1
OG0007236	OG0007236	1	1	1	1	1
OG0007237	OG0007237	1	1	1	1	1
OG0007238	OG0007238	1	1	1	1	1
OG0007239	OG0007239	1	1	1	0	2
OG0007240	OG0007240	1	1	1	1	1
OG0007241	OG0007241	1	1	1	1	1
OG0007242	OG0007242	1	1	1	1	1
OG0007243	OG0007243	1	1	1	1	1
OG0007244	OG0007244	1	1	1	1	1
OG0007245	OG0007245	1	1	1	1	1
OG0007246	OG0007246	1	1	1	1	1
OG0007247	OG0007247	1	1	1	1	1
OG0007248	OG0007248	1	1	1	1	1
OG0007249	OG0007249	1	1	1	1	1
OG0007250	OG0007250	1	1	1	1	1
OG0007251	OG0007251	1	1	1	1	1
OG0007252	OG0007252	1	1	1	1	1
OG0007253	OG0007253	1	1	1	1	1
OG0007254	OG0007254	1	1	1	1	1
OG0007255	OG0007255	1	1	1	1	1
OG0007256	OG0007256	1	1	1	1	1
OG0007257	OG0007257	1	1	1	1	1
OG0007258	OG0007258	1	1	1	1	1
OG0007259	OG0007259	1	1	1	1	1
OG0007260	OG0007260	1	1	1	1	1
OG0007261	OG0007261	1	1	1	1	1
OG0007262	OG0007262	1	1	1	1	1
OG0007263	OG0007263	1	1	1	1	1
OG0007264	OG0007264	1	1	1	1	1
OG0007265	OG0007265	1	1	1	1	1
OG0007266	OG0007266	1	1	1	1	1
OG0007267	OG0007267	1	1	1	1	1
OG0007268	OG0007268	1	1	1	1	1
OG0007269	OG0007269	1	1	1	1	1
OG0007270	OG0007270	1	1	1	1	1
OG0007271	OG0007271	1	1	1	1	1
OG0007272	OG0007272	1	1	1	1	1
OG0007273	OG0007273	1	1	1	1	1
OG0007274	OG0007274	1	1	1	1	1
OG0007275	OG0007275	1	1	1	1	1
OG0007276	OG0007276	1	0	1	3	0
OG0007277	OG0007277	1	1	1	1	1
OG0007278	OG0007278	1	1	1	1	1
OG0007279	OG0007279	1	1	1	1	1
OG0007280	OG0007280	1	1	1	1	1
OG0007281	OG0007281	1	1	1	1	1
OG0007282	OG0007282	1	1	1	1	1
OG0007283	OG0007283	1	1	1	1	1
OG0007284	OG0007284	1	1	1	1	1
OG0007285	OG0007285	1	1	1	1	1
OG0007286	OG0007286	1	1	1	1	1
OG0007287	OG0007287	1	1	1	1	1
OG0007288	OG0007288	1	1	1	1	1
OG0007289	OG0007289	1	1	1	1	1
OG0007290	OG0007290	1	1	1	1	1
OG0007291	OG0007291	1	1	1	1	1
OG0007292	OG0007292	1	1	1	1	1
OG0007293	OG0007293	1	1	1	1	1
OG0007294	OG0007294	1	1	1	1	1
OG0007295	OG0007295	1	1	1	1	1
OG0007296	OG0007296	1	1	1	1	1
OG0007297	OG0007297	1	1	1	1	1
OG0007298	OG0007298	1	1	1	1	1
OG0007299	OG0007299	1	1	1	1	1
OG0007300	OG0007300	1	1	1	1	1
OG0007301	OG0007301	1	1	1	1	1
OG0007302	OG0007302	1	1	1	1	1
OG0007303	OG0007303	1	1	1	1	1
OG0007304	OG0007304	1	1	1	1	1
OG0007305	OG0007305	1	1	1	1	1
OG0007306	OG0007306	1	1	1	1	1
OG0007307	OG0007307	1	1	1	1	1
OG0007308	OG0007308	1	1	1	1	1
OG0007309	OG0007309	1	1	1	1	1
OG0007310	OG0007310	1	1	1	1	1
OG0007311	OG0007311	1	1	1	1	1
OG0007312	OG0007312	1	1	1	1	1
OG0007313	OG0007313	1	1	1	1	1
OG0007314	OG0007314	1	1	1	1	1
OG0007315	OG0007315	1	1	1	1	1
OG0007316	OG0007316	1	1	1	1	1
OG0007317	OG0007317	1	1	1	1	1
OG0007318	OG0007318	1	1	1	1	1
OG0007319	OG0007319	1	1	1	1	1
OG0007320	OG0007320	1	1	1	1	1
OG0007321	OG0007321	1	1	1	1	1
OG0007322	OG0007322	1	1	1	1	1
OG0007323	OG0007323	1	1	1	1	1
OG0007324	OG0007324	1	1	1	1	1
OG0007325	OG0007325	1	1	1	1	1
OG0007326	OG0007326	1	1	1	1	1
OG0007327	OG0007327	1	1	1	1	1
OG0007328	OG0007328	1	1	1	1	1
OG0007329	OG0007329	1	1	1	1	1
OG0007330	OG0007330	1	1	1	1	1
OG0007331	OG0007331	1	1	1	1	1
OG0007332	OG0007332	1	1	1	1	1
OG0007333	OG0007333	1	1	1	1	1
OG0007334	OG0007334	1	1	1	1	1
OG0007335	OG0007335	1	1	1	1	1
OG0007336	OG0007336	1	1	1	1	1
OG0007337	OG0007337	1	1	1	1	1
OG0007338	OG0007338	1	1	1	1	1
OG0007339	OG0007339	1	1	1	1	1
OG0007340	OG0007340	1	1	1	1	1
OG0007341	OG0007341	1	1	1	1	1
OG0007342	OG0007342	1	1	1	1	1
OG0007343	OG0007343	1	1	1	1	1
OG0007344	OG0007344	1	1	1	1	1
OG0007345	OG0007345	1	1	1	1	1
OG0007346	OG0007346	1	1	1	1	1
OG0007347	OG0007347	1	1	1	1	1
OG0007348	OG0007348	1	1	1	1	1
OG0007349	OG0007349	1	1	1	1	1
OG0007350	OG0007350	1	1	1	1	1
OG0007351	OG0007351	1	1	1	1	1
OG0007352	OG0007352	1	1	1	1	1
OG0007353	OG0007353	1	1	1	1	1
OG0007354	OG0007354	1	1	1	1	1
OG0007355	OG0007355	1	1	1	1	1
OG0007356	OG0007356	1	1	1	1	1
OG0007357	OG0007357	1	1	1	1	1
OG0007358	OG0007358	1	1	1	2	0
OG0007359	OG0007359	1	1	1	1	1
OG0007360	OG0007360	1	1	1	1	1
OG0007361	OG0007361	1	1	1	1	1
OG0007362	OG0007362	1	1	1	1	1
OG0007363	OG0007363	1	1	1	1	1
OG0007364	OG0007364	1	1	1	1	1
OG0007365	OG0007365	1	1	1	1	1
OG0007366	OG0007366	1	1	1	1	1
OG0007367	OG0007367	1	1	1	1	1
OG0007368	OG0007368	1	1	1	1	1
OG0007369	OG0007369	1	1	1	1	1
OG0007370	OG0007370	1	1	1	1	1
OG0007371	OG0007371	1	1	1	1	1
OG0007372	OG0007372	1	1	1	1	1
OG0007373	OG0007373	1	1	1	1	1
OG0007374	OG0007374	1	1	1	1	1
OG0007375	OG0007375	1	1	1	1	1
OG0007376	OG0007376	1	1	1	1	1
OG0007377	OG0007377	1	1	1	1	1
OG0007378	OG0007378	1	1	1	1	1
OG0007379	OG0007379	1	1	1	1	1
OG0007380	OG0007380	1	1	1	1	1
OG0007381	OG0007381	1	1	1	1	1
OG0007382	OG0007382	1	1	1	1	1
OG0007383	OG0007383	1	1	1	1	1
OG0007384	OG0007384	1	1	1	1	1
OG0007385	OG0007385	1	1	1	1	1
OG0007386	OG0007386	1	1	1	1	1
OG0007387	OG0007387	1	1	1	1	1
OG0007388	OG0007388	1	1	1	1	1
OG0007389	OG0007389	1	1	1	1	1
OG0007390	OG0007390	1	1	1	1	1
OG0007391	OG0007391	1	1	1	1	1
OG0007392	OG0007392	1	1	1	1	1
OG0007393	OG0007393	1	1	1	1	1
OG0007394	OG0007394	1	1	1	1	1
OG0007395	OG0007395	1	1	1	2	0
OG0007396	OG0007396	1	1	1	1	1
OG0007397	OG0007397	1	1	1	1	1
OG0007398	OG0007398	1	1	1	1	1
OG0007399	OG0007399	1	1	1	1	1
OG0007400	OG0007400	1	1	1	1	1
OG0007401	OG0007401	1	1	1	1	1
OG0007402	OG0007402	1	1	1	1	1
OG0007403	OG0007403	1	1	1	1	1
OG0007404	OG0007404	1	1	1	1	1
OG0007405	OG0007405	1	1	1	1	1
OG0007406	OG0007406	1	1	1	1	1
OG0007407	OG0007407	1	1	1	1	1
OG0007408	OG0007408	1	1	1	1	1
OG0007409	OG0007409	1	1	1	1	1
OG0007410	OG0007410	1	1	1	1	1
OG0007411	OG0007411	1	1	1	1	1
OG0007412	OG0007412	1	1	1	1	1
OG0007413	OG0007413	1	1	1	1	1
OG0007414	OG0007414	1	1	1	1	1
OG0007415	OG0007415	1	1	1	1	1
OG0007416	OG0007416	1	1	1	1	1
OG0007417	OG0007417	1	1	1	1	1
OG0007418	OG0007418	1	1	1	2	0
OG0007419	OG0007419	1	1	1	1	1
OG0007420	OG0007420	1	1	1	1	1
OG0007421	OG0007421	1	1	1	1	1
OG0007422	OG0007422	1	1	1	1	1
OG0007423	OG0007423	1	1	1	1	1
OG0007424	OG0007424	1	1	1	1	1
OG0007425	OG0007425	1	1	1	1	1
OG0007426	OG0007426	1	1	1	1	1
OG0007427	OG0007427	1	1	1	1	1
OG0007428	OG0007428	1	1	1	1	1
OG0007429	OG0007429	1	1	1	2	0
OG0007430	OG0007430	1	1	1	1	1
OG0007431	OG0007431	1	1	1	1	1
OG0007432	OG0007432	1	1	1	1	1
OG0007433	OG0007433	1	1	1	1	1
OG0007434	OG0007434	1	1	1	1	1
OG0007435	OG0007435	1	1	1	1	1
OG0007436	OG0007436	1	1	1	1	1
OG0007437	OG0007437	1	1	1	2	0
OG0007438	OG0007438	1	1	1	1	1
OG0007439	OG0007439	1	1	1	1	1
OG0007440	OG0007440	1	1	1	1	1
OG0007441	OG0007441	1	1	1	1	1
OG0007442	OG0007442	1	1	1	1	1
OG0007443	OG0007443	1	1	1	1	1
OG0007444	OG0007444	1	1	1	1	1
OG0007445	OG0007445	1	1	1	1	1
OG0007446	OG0007446	1	1	1	1	1
OG0007447	OG0007447	1	1	1	1	1
OG0007448	OG0007448	1	1	1	1	1
OG0007449	OG0007449	1	1	1	1	1
OG0007450	OG0007450	1	1	1	1	1
OG0007451	OG0007451	1	1	1	1	1
OG0007452	OG0007452	1	1	1	1	1
OG0007453	OG0007453	1	1	1	1	1
OG0007454	OG0007454	1	1	1	1	1
OG0007455	OG0007455	1	1	1	1	1
OG0007456	OG0007456	1	1	1	1	1
OG0007457	OG0007457	1	1	1	1	1
OG0007458	OG0007458	1	1	1	1	1
OG0007459	OG0007459	1	1	1	1	1
OG0007460	OG0007460	1	1	1	1	1
OG0007461	OG0007461	1	1	1	1	1
OG0007462	OG0007462	1	1	1	1	1
OG0007463	OG0007463	1	1	1	1	1
OG0007464	OG0007464	1	1	1	1	1
OG0007465	OG0007465	1	1	1	1	1
OG0007466	OG0007466	1	1	1	1	1
OG0007467	OG0007467	1	1	1	1	1
OG0007468	OG0007468	1	1	1	2	0
OG0007469	OG0007469	1	1	1	1	1
OG0007470	OG0007470	1	1	1	1	1
OG0007471	OG0007471	1	1	1	1	1
OG0007472	OG0007472	1	1	1	1	1
OG0007473	OG0007473	1	1	1	1	1
OG0007474	OG0007474	1	1	1	1	1
OG0007475	OG0007475	1	1	1	1	1
OG0007476	OG0007476	1	1	1	1	1
OG0007477	OG0007477	1	1	1	1	1
OG0007478	OG0007478	1	1	1	1	1
OG0007479	OG0007479	1	1	1	1	1
OG0007480	OG0007480	1	1	1	1	1
OG0007481	OG0007481	1	1	1	1	1
OG0007482	OG0007482	1	1	1	1	1
OG0007483	OG0007483	1	1	1	1	1
OG0007484	OG0007484	1	1	1	1	1
OG0007485	OG0007485	1	1	1	1	1
OG0007486	OG0007486	1	1	1	1	1
OG0007487	OG0007487	1	1	1	1	1
OG0007488	OG0007488	1	1	1	1	1
OG0007489	OG0007489	1	1	1	1	1
OG0007490	OG0007490	1	1	1	1	1
OG0007491	OG0007491	1	1	1	1	1
OG0007492	OG0007492	1	1	1	1	1
OG0007493	OG0007493	1	1	1	1	1
OG0007494	OG0007494	1	1	1	2	0
OG0007495	OG0007495	1	1	1	1	1
OG0007496	OG0007496	1	1	1	1	1
OG0007497	OG0007497	1	1	1	1	1
OG0007498	OG0007498	1	1	1	1	1
OG0007499	OG0007499	1	1	1	1	1
OG0007500	OG0007500	1	1	1	1	1
OG0007501	OG0007501	1	1	1	1	1
OG0007502	OG0007502	1	1	1	1	1
OG0007503	OG0007503	1	1	1	1	1
OG0007504	OG0007504	1	1	1	1	1
OG0007505	OG0007505	1	1	1	1	1
OG0007506	OG0007506	1	1	1	1	1
OG0007507	OG0007507	1	1	1	1	1
OG0007508	OG0007508	1	1	1	1	1
OG0007509	OG0007509	1	1	1	2	0
OG0007510	OG0007510	1	1	1	1	1
OG0007511	OG0007511	1	1	1	1	1
OG0007512	OG0007512	1	1	1	1	1
OG0007513	OG0007513	1	1	1	1	1
OG0007514	OG0007514	1	1	1	1	1
OG0007515	OG0007515	1	1	1	1	1
OG0007516	OG0007516	1	1	1	1	1
OG0007517	OG0007517	1	1	1	1	1
OG0007518	OG0007518	1	1	1	1	1
OG0007519	OG0007519	1	1	1	1	1
OG0007520	OG0007520	1	1	1	1	1
OG0007521	OG0007521	1	1	1	1	1
OG0007522	OG0007522	1	1	1	1	1
OG0007523	OG0007523	1	1	1	1	1
OG0007524	OG0007524	1	1	1	1	1
OG0007525	OG0007525	1	1	1	1	1
OG0007526	OG0007526	1	1	1	1	1
OG0007527	OG0007527	1	1	1	1	1
OG0007528	OG0007528	1	1	1	1	1
OG0007529	OG0007529	1	1	1	1	1
OG0007530	OG0007530	1	1	1	1	1
OG0007531	OG0007531	1	1	1	1	1
OG0007532	OG0007532	1	1	1	1	1
OG0007533	OG0007533	1	1	1	1	1
OG0007534	OG0007534	1	1	1	1	1
OG0007535	OG0007535	1	1	1	1	1
OG0007536	OG0007536	1	1	1	1	1
OG0007537	OG0007537	1	1	1	1	1
OG0007538	OG0007538	1	1	1	1	1
OG0007539	OG0007539	1	1	1	1	1
OG0007540	OG0007540	1	1	1	1	1
OG0007541	OG0007541	1	1	1	1	1
OG0007542	OG0007542	1	1	1	1	1
OG0007543	OG0007543	1	1	1	1	1
OG0007544	OG0007544	1	1	1	1	1
OG0007545	OG0007545	1	1	1	1	1
OG0007546	OG0007546	1	1	1	1	1
OG0007547	OG0007547	1	1	1	1	1
OG0007548	OG0007548	1	1	1	1	1
OG0007549	OG0007549	1	1	1	1	1
OG0007550	OG0007550	1	1	1	1	1
OG0007551	OG0007551	1	1	1	1	1
OG0007552	OG0007552	1	1	1	1	1
OG0007553	OG0007553	1	1	1	1	1
OG0007554	OG0007554	1	1	1	1	1
OG0007555	OG0007555	1	1	1	1	1
OG0007556	OG0007556	1	1	1	1	1
OG0007557	OG0007557	1	1	1	1	1
OG0007558	OG0007558	1	1	1	1	1
OG0007559	OG0007559	1	1	1	1	1
OG0007560	OG0007560	1	1	1	1	1
OG0007561	OG0007561	1	1	1	1	1
OG0007562	OG0007562	1	1	1	1	1
OG0007563	OG0007563	1	1	1	1	1
OG0007564	OG0007564	1	1	1	1	1
OG0007565	OG0007565	1	1	1	1	1
OG0007566	OG0007566	1	1	1	1	1
OG0007567	OG0007567	1	1	1	1	1
OG0007568	OG0007568	1	1	1	1	1
OG0007569	OG0007569	1	1	1	1	1
OG0007570	OG0007570	1	1	1	1	1
OG0007571	OG0007571	1	1	1	1	1
OG0007572	OG0007572	1	1	1	1	1
OG0007573	OG0007573	1	1	1	1	1
OG0007574	OG0007574	1	1	1	1	1
OG0007575	OG0007575	1	1	1	1	1
OG0007576	OG0007576	1	1	1	1	1
OG0007577	OG0007577	1	1	1	1	1
OG0007578	OG0007578	1	1	1	1	1
OG0007579	OG0007579	1	1	1	1	1
OG0007580	OG0007580	1	1	1	1	1
OG0007581	OG0007581	1	1	1	1	1
OG0007582	OG0007582	1	1	1	1	1
OG0007583	OG0007583	1	1	1	1	1
OG0007584	OG0007584	1	1	1	1	1
OG0007585	OG0007585	1	1	1	1	1
OG0007586	OG0007586	1	1	1	1	1
OG0007587	OG0007587	1	1	1	1	1
OG0007588	OG0007588	1	1	1	1	1
OG0007589	OG0007589	1	1	1	1	1
OG0007590	OG0007590	1	1	1	1	1
OG0007591	OG0007591	1	1	1	1	1
OG0007592	OG0007592	1	1	1	1	1
OG0007593	OG0007593	1	1	1	1	1
OG0007594	OG0007594	1	1	1	1	1
OG0007595	OG0007595	1	1	1	1	1
OG0007596	OG0007596	1	1	1	1	1
OG0007597	OG0007597	1	1	1	1	1
OG0007598	OG0007598	1	1	1	1	1
OG0007599	OG0007599	1	1	1	1	1
OG0007600	OG0007600	1	1	1	1	1
OG0007601	OG0007601	1	1	1	1	1
OG0007602	OG0007602	1	1	1	1	1
OG0007603	OG0007603	1	1	1	1	1
OG0007604	OG0007604	1	1	1	1	1
OG0007605	OG0007605	1	1	1	1	1
OG0007606	OG0007606	1	1	1	1	1
OG0007607	OG0007607	1	1	1	1	1
OG0007608	OG0007608	1	1	1	1	1
OG0007609	OG0007609	1	1	1	1	1
OG0007610	OG0007610	1	1	1	1	1
OG0007611	OG0007611	1	1	1	1	1
OG0007612	OG0007612	1	1	1	1	1
OG0007613	OG0007613	1	1	1	1	1
OG0007614	OG0007614	1	1	1	1	1
OG0007615	OG0007615	1	1	1	1	1
OG0007616	OG0007616	1	1	1	1	1
OG0007617	OG0007617	1	1	1	1	1
OG0007618	OG0007618	1	1	1	1	1
OG0007619	OG0007619	1	1	1	1	1
OG0007620	OG0007620	1	1	1	1	1
OG0007621	OG0007621	1	1	1	1	1
OG0007622	OG0007622	1	1	1	1	1
OG0007623	OG0007623	1	1	1	1	1
OG0007624	OG0007624	1	1	1	1	1
OG0007625	OG0007625	1	1	1	1	1
OG0007626	OG0007626	1	1	1	1	1
OG0007627	OG0007627	1	1	1	1	1
OG0007628	OG0007628	1	1	1	1	1
OG0007629	OG0007629	1	1	1	1	1
OG0007630	OG0007630	1	1	1	1	1
OG0007631	OG0007631	1	1	1	1	1
OG0007632	OG0007632	1	1	1	1	1
OG0007633	OG0007633	1	1	1	2	0
OG0007634	OG0007634	1	1	1	1	1
OG0007635	OG0007635	1	1	1	1	1
OG0007636	OG0007636	1	1	1	1	1
OG0007637	OG0007637	1	1	1	1	1
OG0007638	OG0007638	1	1	1	1	1
OG0007639	OG0007639	1	1	1	1	1
OG0007640	OG0007640	1	1	1	1	1
OG0007641	OG0007641	1	1	1	1	1
OG0007642	OG0007642	1	1	1	1	1
OG0007643	OG0007643	1	1	1	1	1
OG0007644	OG0007644	1	1	1	1	1
OG0007645	OG0007645	1	1	1	1	1
OG0007646	OG0007646	1	1	1	1	1
OG0007647	OG0007647	1	1	1	1	1
OG0007648	OG0007648	1	1	1	1	1
OG0007649	OG0007649	1	1	1	1	1
OG0007650	OG0007650	1	1	1	1	1
OG0007651	OG0007651	1	1	1	1	1
OG0007652	OG0007652	1	1	1	1	1
OG0007653	OG0007653	1	1	1	1	1
OG0007654	OG0007654	1	1	1	1	1
OG0007655	OG0007655	1	1	1	1	1
OG0007656	OG0007656	1	1	1	1	1
OG0007657	OG0007657	1	1	1	1	1
OG0007658	OG0007658	1	1	1	1	1
OG0007659	OG0007659	1	1	1	1	1
OG0007660	OG0007660	1	1	1	1	1
OG0007661	OG0007661	1	1	1	1	1
OG0007662	OG0007662	1	1	1	1	1
OG0007663	OG0007663	1	1	1	1	1
OG0007664	OG0007664	1	1	1	1	1
OG0007665	OG0007665	1	1	1	1	1
OG0007666	OG0007666	1	1	1	1	1
OG0007667	OG0007667	1	1	1	1	1
OG0007668	OG0007668	1	1	1	1	1
OG0007669	OG0007669	1	1	1	1	1
OG0007670	OG0007670	1	1	1	1	1
OG0007671	OG0007671	1	1	1	1	1
OG0007672	OG0007672	1	1	1	1	1
OG0007673	OG0007673	1	1	1	1	1
OG0007674	OG0007674	1	1	1	1	1
OG0007675	OG0007675	1	1	1	1	1
OG0007676	OG0007676	1	1	1	1	1
OG0007677	OG0007677	1	1	1	1	1
OG0007678	OG0007678	1	1	1	1	1
OG0007679	OG0007679	1	1	1	1	1
OG0007680	OG0007680	1	1	1	1	1
OG0007681	OG0007681	1	1	1	1	1
OG0007682	OG0007682	1	1	1	1	1
OG0007683	OG0007683	1	1	1	1	1
OG0007684	OG0007684	1	1	1	1	1
OG0007685	OG0007685	1	1	1	1	1
OG0007686	OG0007686	1	1	1	1	1
OG0007687	OG0007687	1	1	1	1	1
OG0007688	OG0007688	1	1	1	1	1
OG0007689	OG0007689	1	1	1	1	1
OG0007690	OG0007690	1	1	1	1	1
OG0007691	OG0007691	1	1	1	1	1
OG0007692	OG0007692	1	1	1	1	1
OG0007693	OG0007693	1	1	1	1	1
OG0007694	OG0007694	1	1	1	1	1
OG0007695	OG0007695	1	1	1	1	1
OG0007696	OG0007696	1	1	1	1	1
OG0007697	OG0007697	1	1	1	1	1
OG0007698	OG0007698	1	1	1	1	1
OG0007699	OG0007699	1	1	1	1	1
OG0007700	OG0007700	1	1	1	1	1
OG0007701	OG0007701	1	1	1	1	1
OG0007702	OG0007702	1	1	1	1	1
OG0007703	OG0007703	1	1	1	1	1
OG0007704	OG0007704	1	1	1	1	1
OG0007705	OG0007705	1	1	1	1	1
OG0007706	OG0007706	1	1	1	1	1
OG0007707	OG0007707	1	1	1	1	1
OG0007708	OG0007708	1	1	1	1	1
OG0007709	OG0007709	1	1	1	1	1
OG0007710	OG0007710	1	1	1	1	1
OG0007711	OG0007711	1	1	1	1	1
OG0007712	OG0007712	1	1	1	1	1
OG0007713	OG0007713	1	1	1	1	1
OG0007714	OG0007714	1	1	1	1	1
OG0007715	OG0007715	1	1	1	1	1
OG0007716	OG0007716	1	1	1	1	1
OG0007717	OG0007717	1	1	1	1	1
OG0007718	OG0007718	1	1	1	1	1
OG0007719	OG0007719	1	1	1	1	1
OG0007720	OG0007720	1	1	1	1	1
OG0007721	OG0007721	1	1	1	1	1
OG0007722	OG0007722	1	1	1	1	1
OG0007723	OG0007723	1	1	1	1	1
OG0007724	OG0007724	1	1	1	1	1
OG0007725	OG0007725	1	1	1	1	1
OG0007726	OG0007726	1	1	1	1	1
OG0007727	OG0007727	1	1	1	1	1
OG0007728	OG0007728	1	1	1	1	1
OG0007729	OG0007729	1	1	1	1	1
OG0007730	OG0007730	1	1	1	1	1
OG0007731	OG0007731	1	1	1	1	1
OG0007732	OG0007732	1	1	1	1	1
OG0007733	OG0007733	1	1	1	1	1
OG0007734	OG0007734	1	1	1	1	1
OG0007735	OG0007735	1	1	1	1	1
OG0007736	OG0007736	1	1	1	1	1
OG0007737	OG0007737	1	1	1	1	1
OG0007738	OG0007738	1	1	1	1	1
OG0007739	OG0007739	1	1	1	1	1
OG0007740	OG0007740	1	1	1	1	1
OG0007741	OG0007741	1	1	1	1	1
OG0007742	OG0007742	1	1	1	1	1
OG0007743	OG0007743	1	1	1	1	1
OG0007744	OG0007744	1	1	1	1	1
OG0007745	OG0007745	1	1	1	1	1
OG0007746	OG0007746	1	1	1	1	1
OG0007747	OG0007747	1	1	1	1	1
OG0007748	OG0007748	1	1	1	1	1
OG0007749	OG0007749	1	1	1	1	1
OG0007750	OG0007750	0	1	1	2	1
OG0007751	OG0007751	0	1	1	2	1
OG0007752	OG0007752	0	2	0	3	0
OG0007753	OG0007753	0	1	0	4	0
OG0007754	OG0007754	0	2	0	3	0
OG0007755	OG0007755	0	1	1	2	1
OG0007756	OG0007756	0	1	1	0	3
OG0007757	OG0007757	0	1	2	2	0
OG0007758	OG0007758	0	1	1	1	2
OG0007759	OG0007759	0	2	0	2	1
OG0007760	OG0007760	0	1	1	2	1
OG0007761	OG0007761	0	1	1	2	1
OG0007762	OG0007762	0	1	1	2	1
OG0007763	OG0007763	0	1	2	1	1
OG0007764	OG0007764	0	1	1	1	2
OG0007765	OG0007765	0	1	1	2	1
OG0007766	OG0007766	0	2	1	2	0
OG0007767	OG0007767	0	1	2	2	0
OG0007768	OG0007768	0	1	1	2	1
OG0007769	OG0007769	0	2	1	2	0
OG0007770	OG0007770	0	1	1	3	0
OG0007771	OG0007771	0	1	1	2	1
OG0007772	OG0007772	0	1	1	1	2
OG0007773	OG0007773	0	0	0	0	4
OG0007774	OG0007774	0	1	1	1	1
OG0007775	OG0007775	1	1	1	1	0
OG0007776	OG0007776	0	0	0	1	3
OG0007777	OG0007777	1	1	1	1	0
OG0007778	OG0007778	1	0	2	1	0
OG0007779	OG0007779	1	1	1	0	1
OG0007780	OG0007780	1	1	1	0	1
OG0007781	OG0007781	2	1	0	0	1
OG0007782	OG0007782	0	1	1	1	1
OG0007783	OG0007783	1	1	1	1	0
OG0007784	OG0007784	0	1	1	1	1
OG0007785	OG0007785	1	1	1	1	0
OG0007786	OG0007786	1	0	1	1	1
OG0007787	OG0007787	1	1	0	1	1
OG0007788	OG0007788	1	1	0	1	1
OG0007789	OG0007789	1	1	1	1	0
OG0007790	OG0007790	1	1	1	1	0
OG0007791	OG0007791	1	1	1	1	0
OG0007792	OG0007792	1	0	1	1	1
OG0007793	OG0007793	1	1	0	1	1
OG0007794	OG0007794	0	1	1	1	1
OG0007795	OG0007795	1	0	1	1	1
OG0007796	OG0007796	0	1	1	1	1
OG0007797	OG0007797	1	2	1	0	0
OG0007798	OG0007798	0	0	2	0	2
OG0007799	OG0007799	0	0	1	3	0
OG0007800	OG0007800	0	1	1	2	0
OG0007801	OG0007801	0	1	1	1	1
OG0007802	OG0007802	0	0	1	1	2
OG0007803	OG0007803	1	1	1	1	0
OG0007804	OG0007804	1	0	1	1	1
OG0007805	OG0007805	1	0	1	1	1
OG0007806	OG0007806	1	1	1	0	1
OG0007807	OG0007807	1	1	1	1	0
OG0007808	OG0007808	0	1	1	1	1
OG0007809	OG0007809	1	1	0	1	1
OG0007810	OG0007810	1	1	1	1	0
OG0007811	OG0007811	1	1	1	0	1
OG0007812	OG0007812	1	0	1	1	1
OG0007813	OG0007813	1	1	0	1	1
OG0007814	OG0007814	1	1	1	1	0
OG0007815	OG0007815	1	1	1	1	0
OG0007816	OG0007816	1	1	1	1	0
OG0007817	OG0007817	1	1	1	1	0
OG0007818	OG0007818	2	0	0	1	1
OG0007819	OG0007819	1	1	0	1	1
OG0007820	OG0007820	1	1	1	1	0
OG0007821	OG0007821	1	1	1	1	0
OG0007822	OG0007822	0	1	1	1	1
OG0007823	OG0007823	1	1	1	1	0
OG0007824	OG0007824	0	1	1	1	1
OG0007825	OG0007825	1	0	1	1	1
OG0007826	OG0007826	1	1	1	1	0
OG0007827	OG0007827	1	1	1	1	0
OG0007828	OG0007828	0	1	1	1	1
OG0007829	OG0007829	0	1	1	1	1
OG0007830	OG0007830	1	0	1	1	1
OG0007831	OG0007831	1	0	1	1	1
OG0007832	OG0007832	0	1	1	1	1
OG0007833	OG0007833	1	1	0	1	1
OG0007834	OG0007834	0	1	1	1	1
OG0007835	OG0007835	0	1	1	1	1
OG0007836	OG0007836	0	1	1	1	1
OG0007837	OG0007837	1	0	1	1	1
OG0007838	OG0007838	1	0	1	1	1
OG0007839	OG0007839	1	0	1	1	1
OG0007840	OG0007840	1	1	1	1	0
OG0007841	OG0007841	0	1	1	1	1
OG0007842	OG0007842	1	1	1	1	0
OG0007843	OG0007843	1	1	1	1	0
OG0007844	OG0007844	1	0	1	1	1
OG0007845	OG0007845	1	0	1	1	1
OG0007846	OG0007846	1	1	0	1	1
OG0007847	OG0007847	1	1	0	1	1
OG0007848	OG0007848	0	1	1	1	1
OG0007849	OG0007849	0	0	1	2	1
OG0007850	OG0007850	1	1	0	0	2
OG0007851	OG0007851	1	1	0	1	1
OG0007852	OG0007852	1	1	1	1	0
OG0007853	OG0007853	1	0	1	1	1
OG0007854	OG0007854	1	0	1	1	1
OG0007855	OG0007855	1	0	1	1	1
OG0007856	OG0007856	1	1	1	1	0
OG0007857	OG0007857	0	1	1	1	1
OG0007858	OG0007858	0	1	1	1	1
OG0007859	OG0007859	0	1	1	1	1
OG0007860	OG0007860	0	1	1	1	1
OG0007861	OG0007861	1	0	1	1	1
OG0007862	OG0007862	1	0	1	1	1
OG0007863	OG0007863	0	0	1	2	1
OG0007864	OG0007864	1	1	1	1	0
OG0007865	OG0007865	1	0	1	1	1
OG0007866	OG0007866	1	1	0	1	1
OG0007867	OG0007867	1	1	1	1	0
OG0007868	OG0007868	1	0	1	1	1
OG0007869	OG0007869	1	0	1	1	1
OG0007870	OG0007870	0	1	1	1	1
OG0007871	OG0007871	0	0	1	2	1
OG0007872	OG0007872	0	1	1	1	1
OG0007873	OG0007873	1	0	1	1	1
OG0007874	OG0007874	0	1	1	1	1
OG0007875	OG0007875	1	1	0	1	1
OG0007876	OG0007876	1	0	1	1	1
OG0007877	OG0007877	1	0	1	1	1
OG0007878	OG0007878	0	1	1	1	1
OG0007879	OG0007879	0	1	1	1	1
OG0007880	OG0007880	1	1	0	1	1
OG0007881	OG0007881	1	1	0	1	1
OG0007882	OG0007882	0	1	1	1	1
OG0007883	OG0007883	1	1	0	1	1
OG0007884	OG0007884	1	1	0	1	1
OG0007885	OG0007885	1	0	1	1	1
OG0007886	OG0007886	0	1	1	1	1
OG0007887	OG0007887	1	0	1	1	1
OG0007888	OG0007888	1	0	1	1	1
OG0007889	OG0007889	0	1	1	1	1
OG0007890	OG0007890	0	1	1	1	1
OG0007891	OG0007891	1	0	1	1	1
OG0007892	OG0007892	0	1	1	1	1
OG0007893	OG0007893	1	0	1	1	1
OG0007894	OG0007894	1	1	0	1	1
OG0007895	OG0007895	0	1	1	1	1
OG0007896	OG0007896	1	1	0	1	1
OG0007897	OG0007897	1	0	1	1	1
OG0007898	OG0007898	0	1	1	1	1
OG0007899	OG0007899	0	1	2	0	1
OG0007900	OG0007900	1	1	1	0	1
OG0007901	OG0007901	1	0	1	1	1
OG0007902	OG0007902	1	0	1	1	1
OG0007903	OG0007903	1	0	1	1	1
OG0007904	OG0007904	1	0	1	1	1
OG0007905	OG0007905	1	0	1	1	1
OG0007906	OG0007906	1	0	1	1	1
OG0007907	OG0007907	1	0	1	1	1
OG0007908	OG0007908	0	1	1	1	1
OG0007909	OG0007909	1	0	1	1	1
OG0007910	OG0007910	2	1	0	0	1
OG0007911	OG0007911	1	1	1	0	1
OG0007912	OG0007912	1	1	0	1	1
OG0007913	OG0007913	0	1	1	1	1
OG0007914	OG0007914	1	0	1	1	1
OG0007915	OG0007915	1	1	0	1	1
OG0007916	OG0007916	1	1	1	0	1
OG0007917	OG0007917	1	0	1	1	1
OG0007918	OG0007918	1	1	0	1	1
OG0007919	OG0007919	1	0	1	1	1
OG0007920	OG0007920	1	0	1	1	1
OG0007921	OG0007921	0	1	1	1	1
OG0007922	OG0007922	1	0	1	1	1
OG0007923	OG0007923	1	0	1	1	1
OG0007924	OG0007924	1	0	1	1	1
OG0007925	OG0007925	1	0	1	1	1
OG0007926	OG0007926	1	1	0	1	1
OG0007927	OG0007927	0	1	1	1	1
OG0007928	OG0007928	1	1	0	1	1
OG0007929	OG0007929	0	1	1	1	1
OG0007930	OG0007930	1	0	1	1	1
OG0007931	OG0007931	0	1	1	1	1
OG0007932	OG0007932	1	0	1	1	1
OG0007933	OG0007933	0	1	1	1	1
OG0007934	OG0007934	0	1	1	1	1
OG0007935	OG0007935	0	1	1	1	1
OG0007936	OG0007936	0	1	1	1	1
OG0007937	OG0007937	1	0	1	1	1
OG0007938	OG0007938	1	1	0	1	1
OG0007939	OG0007939	0	1	1	1	1
OG0007940	OG0007940	0	1	1	1	1
OG0007941	OG0007941	0	1	1	1	1
OG0007942	OG0007942	1	0	1	1	1
OG0007943	OG0007943	1	0	1	1	1
OG0007944	OG0007944	0	1	1	1	1
OG0007945	OG0007945	0	1	1	1	1
OG0007946	OG0007946	0	1	1	1	1
OG0007947	OG0007947	0	1	1	1	1
OG0007948	OG0007948	0	1	1	1	1
OG0007949	OG0007949	0	1	1	1	1
OG0007950	OG0007950	1	1	0	1	1
OG0007951	OG0007951	1	1	0	1	1
OG0007952	OG0007952	1	0	1	1	1
OG0007953	OG0007953	1	0	1	1	1
OG0007954	OG0007954	0	1	1	1	1
OG0007955	OG0007955	1	0	1	1	1
OG0007956	OG0007956	1	0	1	1	1
OG0007957	OG0007957	0	0	2	1	1
OG0007958	OG0007958	0	1	1	1	1
OG0007959	OG0007959	1	0	1	1	1
OG0007960	OG0007960	2	1	0	0	1
OG0007961	OG0007961	1	0	1	1	1
OG0007962	OG0007962	1	1	0	0	2
OG0007963	OG0007963	0	1	1	1	1
OG0007964	OG0007964	0	1	1	0	2
OG0007965	OG0007965	1	0	1	1	1
OG0007966	OG0007966	1	1	1	1	0
OG0007967	OG0007967	1	1	1	1	0
OG0007968	OG0007968	1	1	1	1	0
OG0007969	OG0007969	1	1	1	1	0
OG0007970	OG0007970	1	0	1	1	1
OG0007971	OG0007971	1	0	1	1	1
OG0007972	OG0007972	1	1	1	1	0
OG0007973	OG0007973	1	1	1	1	0
OG0007974	OG0007974	1	1	1	1	0
OG0007975	OG0007975	1	1	1	1	0
OG0007976	OG0007976	1	1	1	1	0
OG0007977	OG0007977	1	1	1	1	0
OG0007978	OG0007978	1	1	1	1	0
OG0007979	OG0007979	1	1	1	1	0
OG0007980	OG0007980	1	1	1	1	0
OG0007981	OG0007981	1	1	1	1	0
OG0007982	OG0007982	1	1	1	1	0
OG0007983	OG0007983	1	1	1	1	0
OG0007984	OG0007984	1	1	1	1	0
OG0007985	OG0007985	1	1	1	1	0
OG0007986	OG0007986	1	1	1	1	0
OG0007987	OG0007987	1	1	1	1	0
OG0007988	OG0007988	1	1	1	1	0
OG0007989	OG0007989	1	1	1	1	0
OG0007990	OG0007990	1	1	1	1	0
OG0007991	OG0007991	1	1	1	1	0
OG0007992	OG0007992	1	1	1	1	0
OG0007993	OG0007993	1	1	1	1	0
OG0007994	OG0007994	1	1	1	1	0
OG0007995	OG0007995	1	1	1	1	0
OG0007996	OG0007996	1	1	1	1	0
OG0007997	OG0007997	1	1	1	1	0
OG0007998	OG0007998	1	1	1	1	0
OG0007999	OG0007999	1	1	1	1	0
OG0008000	OG0008000	1	1	1	1	0
OG0008001	OG0008001	1	1	1	1	0
OG0008002	OG0008002	1	0	1	1	1
OG0008003	OG0008003	1	1	1	1	0
OG0008004	OG0008004	1	1	1	1	0
OG0008005	OG0008005	1	1	1	1	0
OG0008006	OG0008006	1	0	1	1	1
OG0008007	OG0008007	1	1	1	1	0
OG0008008	OG0008008	1	1	1	1	0
OG0008009	OG0008009	1	1	1	1	0
OG0008010	OG0008010	1	1	1	1	0
OG0008011	OG0008011	1	1	1	1	0
OG0008012	OG0008012	1	1	0	1	1
OG0008013	OG0008013	1	1	1	1	0
OG0008014	OG0008014	1	1	1	1	0
OG0008015	OG0008015	1	1	1	1	0
OG0008016	OG0008016	1	0	1	1	1
OG0008017	OG0008017	1	1	1	1	0
OG0008018	OG0008018	1	1	1	1	0
OG0008019	OG0008019	1	1	1	1	0
OG0008020	OG0008020	1	1	0	2	0
OG0008021	OG0008021	1	1	1	1	0
OG0008022	OG0008022	1	1	1	1	0
OG0008023	OG0008023	1	1	1	1	0
OG0008024	OG0008024	1	1	1	1	0
OG0008025	OG0008025	1	1	1	1	0
OG0008026	OG0008026	2	1	1	0	0
OG0008027	OG0008027	1	1	1	1	0
OG0008028	OG0008028	1	1	1	1	0
OG0008029	OG0008029	1	1	1	1	0
OG0008030	OG0008030	1	1	1	0	1
OG0008031	OG0008031	1	1	1	1	0
OG0008032	OG0008032	1	1	1	1	0
OG0008033	OG0008033	1	1	1	1	0
OG0008034	OG0008034	1	0	1	2	0
OG0008035	OG0008035	1	1	1	1	0
OG0008036	OG0008036	1	1	1	1	0
OG0008037	OG0008037	1	1	1	1	0
OG0008038	OG0008038	1	1	1	1	0
OG0008039	OG0008039	1	1	0	1	1
OG0008040	OG0008040	1	1	1	1	0
OG0008041	OG0008041	1	1	1	1	0
OG0008042	OG0008042	1	1	1	1	0
OG0008043	OG0008043	1	1	1	1	0
OG0008044	OG0008044	1	0	1	1	1
OG0008045	OG0008045	3	0	1	0	0
OG0008046	OG0008046	1	1	1	1	0
OG0008047	OG0008047	1	1	1	1	0
OG0008048	OG0008048	1	1	1	1	0
OG0008049	OG0008049	1	1	1	1	0
OG0008050	OG0008050	1	1	1	1	0
OG0008051	OG0008051	1	0	1	2	0
OG0008052	OG0008052	1	1	1	1	0
OG0008053	OG0008053	1	1	1	1	0
OG0008054	OG0008054	1	1	1	1	0
OG0008055	OG0008055	1	1	1	1	0
OG0008056	OG0008056	1	1	1	1	0
OG0008057	OG0008057	1	0	1	2	0
OG0008058	OG0008058	1	1	1	1	0
OG0008059	OG0008059	1	1	1	1	0
OG0008060	OG0008060	1	1	0	1	1
OG0008061	OG0008061	1	1	1	1	0
OG0008062	OG0008062	1	1	1	1	0
OG0008063	OG0008063	1	1	1	1	0
OG0008064	OG0008064	1	1	1	1	0
OG0008065	OG0008065	1	1	1	1	0
OG0008066	OG0008066	1	0	1	1	1
OG0008067	OG0008067	1	1	1	1	0
OG0008068	OG0008068	1	1	1	1	0
OG0008069	OG0008069	2	1	1	0	0
OG0008070	OG0008070	1	1	1	1	0
OG0008071	OG0008071	1	1	1	1	0
OG0008072	OG0008072	1	1	1	1	0
OG0008073	OG0008073	1	0	1	1	1
OG0008074	OG0008074	1	1	1	0	1
OG0008075	OG0008075	1	1	1	1	0
OG0008076	OG0008076	1	1	1	1	0
OG0008077	OG0008077	1	1	1	0	1
OG0008078	OG0008078	1	1	1	1	0
OG0008079	OG0008079	1	1	1	1	0
OG0008080	OG0008080	1	1	1	1	0
OG0008081	OG0008081	1	1	1	1	0
OG0008082	OG0008082	1	1	1	1	0
OG0008083	OG0008083	1	1	1	1	0
OG0008084	OG0008084	1	1	0	1	1
OG0008085	OG0008085	1	1	1	1	0
OG0008086	OG0008086	1	1	1	1	0
OG0008087	OG0008087	1	1	1	1	0
OG0008088	OG0008088	1	1	1	1	0
OG0008089	OG0008089	1	1	1	1	0
OG0008090	OG0008090	1	1	1	1	0
OG0008091	OG0008091	1	1	1	1	0
OG0008092	OG0008092	1	1	1	1	0
OG0008093	OG0008093	2	1	1	0	0
OG0008094	OG0008094	1	1	1	1	0
OG0008095	OG0008095	1	1	1	1	0
OG0008096	OG0008096	1	1	1	1	0
OG0008097	OG0008097	1	1	1	1	0
OG0008098	OG0008098	1	1	1	0	1
OG0008099	OG0008099	1	1	1	1	0
OG0008100	OG0008100	1	1	1	1	0
OG0008101	OG0008101	1	1	1	1	0
OG0008102	OG0008102	1	0	1	1	1
OG0008103	OG0008103	1	1	1	1	0
OG0008104	OG0008104	1	1	1	1	0
OG0008105	OG0008105	1	1	1	1	0
OG0008106	OG0008106	1	1	1	0	1
OG0008107	OG0008107	1	1	1	1	0
OG0008108	OG0008108	1	1	1	1	0
OG0008109	OG0008109	1	1	1	1	0
OG0008110	OG0008110	2	1	1	0	0
OG0008111	OG0008111	1	1	1	1	0
OG0008112	OG0008112	1	1	1	1	0
OG0008113	OG0008113	1	1	1	0	1
OG0008114	OG0008114	1	1	1	1	0
OG0008115	OG0008115	1	1	1	1	0
OG0008116	OG0008116	1	1	1	1	0
OG0008117	OG0008117	1	1	1	1	0
OG0008118	OG0008118	1	1	1	1	0
OG0008119	OG0008119	1	1	1	1	0
OG0008120	OG0008120	1	1	1	1	0
OG0008121	OG0008121	1	1	1	1	0
OG0008122	OG0008122	1	1	1	1	0
OG0008123	OG0008123	1	1	1	1	0
OG0008124	OG0008124	1	1	1	1	0
OG0008125	OG0008125	1	1	1	1	0
OG0008126	OG0008126	1	1	1	1	0
OG0008127	OG0008127	1	1	1	1	0
OG0008128	OG0008128	1	1	1	1	0
OG0008129	OG0008129	1	1	1	1	0
OG0008130	OG0008130	1	1	1	1	0
OG0008131	OG0008131	1	1	1	1	0
OG0008132	OG0008132	1	1	1	1	0
OG0008133	OG0008133	1	1	1	1	0
OG0008134	OG0008134	1	1	1	1	0
OG0008135	OG0008135	1	1	1	1	0
OG0008136	OG0008136	1	1	1	1	0
OG0008137	OG0008137	1	1	1	1	0
OG0008138	OG0008138	1	1	1	1	0
OG0008139	OG0008139	1	1	1	1	0
OG0008140	OG0008140	1	1	1	1	0
OG0008141	OG0008141	1	1	1	1	0
OG0008142	OG0008142	1	1	1	1	0
OG0008143	OG0008143	1	1	1	1	0
OG0008144	OG0008144	1	1	1	1	0
OG0008145	OG0008145	1	1	1	1	0
OG0008146	OG0008146	1	1	1	1	0
OG0008147	OG0008147	1	1	1	1	0
OG0008148	OG0008148	1	1	1	1	0
OG0008149	OG0008149	1	1	1	1	0
OG0008150	OG0008150	1	1	1	1	0
OG0008151	OG0008151	1	1	1	1	0
OG0008152	OG0008152	1	1	1	1	0
OG0008153	OG0008153	1	1	1	1	0
OG0008154	OG0008154	1	1	1	1	0
OG0008155	OG0008155	1	1	1	1	0
OG0008156	OG0008156	1	1	0	1	1
OG0008157	OG0008157	1	1	1	1	0
OG0008158	OG0008158	1	1	1	1	0
OG0008159	OG0008159	1	1	1	1	0
OG0008160	OG0008160	1	0	1	1	1
OG0008161	OG0008161	1	1	1	1	0
OG0008162	OG0008162	1	1	1	1	0
OG0008163	OG0008163	1	1	1	1	0
OG0008164	OG0008164	1	1	1	1	0
OG0008165	OG0008165	1	1	1	1	0
OG0008166	OG0008166	1	1	1	1	0
OG0008167	OG0008167	1	1	1	1	0
OG0008168	OG0008168	1	0	1	1	1
OG0008169	OG0008169	1	1	1	1	0
OG0008170	OG0008170	1	0	1	1	1
OG0008171	OG0008171	1	0	1	1	1
OG0008172	OG0008172	1	1	1	1	0
OG0008173	OG0008173	1	1	1	1	0
OG0008174	OG0008174	1	1	1	1	0
OG0008175	OG0008175	1	1	1	1	0
OG0008176	OG0008176	1	1	1	1	0
OG0008177	OG0008177	1	1	1	1	0
OG0008178	OG0008178	1	1	1	1	0
OG0008179	OG0008179	1	1	1	1	0
OG0008180	OG0008180	1	1	1	1	0
OG0008181	OG0008181	1	1	1	1	0
OG0008182	OG0008182	1	1	1	1	0
OG0008183	OG0008183	1	0	1	1	1
OG0008184	OG0008184	1	1	1	1	0
OG0008185	OG0008185	1	1	1	1	0
OG0008186	OG0008186	1	1	1	1	0
OG0008187	OG0008187	1	1	1	1	0
OG0008188	OG0008188	1	1	1	1	0
OG0008189	OG0008189	1	1	0	1	1
OG0008190	OG0008190	1	1	1	1	0
OG0008191	OG0008191	1	1	1	1	0
OG0008192	OG0008192	1	1	1	1	0
OG0008193	OG0008193	1	1	1	1	0
OG0008194	OG0008194	1	1	1	1	0
OG0008195	OG0008195	1	1	1	1	0
OG0008196	OG0008196	1	1	0	1	1
OG0008197	OG0008197	1	1	0	1	1
OG0008198	OG0008198	1	1	1	1	0
OG0008199	OG0008199	2	0	1	1	0
OG0008200	OG0008200	1	1	1	1	0
OG0008201	OG0008201	1	1	1	1	0
OG0008202	OG0008202	1	1	1	1	0
OG0008203	OG0008203	1	1	1	1	0
OG0008204	OG0008204	1	1	1	1	0
OG0008205	OG0008205	1	1	1	1	0
OG0008206	OG0008206	1	1	1	1	0
OG0008207	OG0008207	1	1	1	0	1
OG0008208	OG0008208	1	1	1	1	0
OG0008209	OG0008209	1	1	1	1	0
OG0008210	OG0008210	1	1	1	1	0
OG0008211	OG0008211	1	1	1	1	0
OG0008212	OG0008212	1	1	1	1	0
OG0008213	OG0008213	1	1	1	1	0
OG0008214	OG0008214	1	1	1	1	0
OG0008215	OG0008215	1	1	1	1	0
OG0008216	OG0008216	1	1	1	1	0
OG0008217	OG0008217	1	1	1	1	0
OG0008218	OG0008218	1	1	1	1	0
OG0008219	OG0008219	1	1	1	1	0
OG0008220	OG0008220	1	1	1	1	0
OG0008221	OG0008221	1	1	1	1	0
OG0008222	OG0008222	1	1	1	1	0
OG0008223	OG0008223	1	1	1	1	0
OG0008224	OG0008224	1	1	1	1	0
OG0008225	OG0008225	1	0	1	2	0
OG0008226	OG0008226	1	1	1	1	0
OG0008227	OG0008227	1	1	0	2	0
OG0008228	OG0008228	1	1	1	1	0
OG0008229	OG0008229	1	1	1	1	0
OG0008230	OG0008230	1	1	0	1	1
OG0008231	OG0008231	1	1	1	1	0
OG0008232	OG0008232	1	1	1	1	0
OG0008233	OG0008233	1	1	1	1	0
OG0008234	OG0008234	1	1	1	1	0
OG0008235	OG0008235	1	1	1	1	0
OG0008236	OG0008236	1	1	1	1	0
OG0008237	OG0008237	1	1	1	1	0
OG0008238	OG0008238	1	1	1	1	0
OG0008239	OG0008239	1	1	1	1	0
OG0008240	OG0008240	1	1	1	1	0
OG0008241	OG0008241	1	1	1	1	0
OG0008242	OG0008242	1	1	1	1	0
OG0008243	OG0008243	1	1	1	1	0
OG0008244	OG0008244	1	1	1	1	0
OG0008245	OG0008245	1	1	1	1	0
OG0008246	OG0008246	1	1	1	1	0
OG0008247	OG0008247	1	1	1	1	0
OG0008248	OG0008248	1	1	1	1	0
OG0008249	OG0008249	1	1	1	1	0
OG0008250	OG0008250	1	1	1	1	0
OG0008251	OG0008251	1	1	1	1	0
OG0008252	OG0008252	1	1	1	1	0
OG0008253	OG0008253	1	1	1	1	0
OG0008254	OG0008254	1	1	1	1	0
OG0008255	OG0008255	1	1	1	1	0
OG0008256	OG0008256	1	1	1	1	0
OG0008257	OG0008257	1	1	1	1	0
OG0008258	OG0008258	1	1	1	1	0
OG0008259	OG0008259	1	1	0	1	1
OG0008260	OG0008260	1	1	1	1	0
OG0008261	OG0008261	1	1	1	1	0
OG0008262	OG0008262	1	1	1	1	0
OG0008263	OG0008263	1	1	1	1	0
OG0008264	OG0008264	1	1	1	1	0
OG0008265	OG0008265	1	1	1	1	0
OG0008266	OG0008266	1	1	1	1	0
OG0008267	OG0008267	1	1	1	1	0
OG0008268	OG0008268	1	1	1	1	0
OG0008269	OG0008269	1	1	1	1	0
OG0008270	OG0008270	1	1	0	1	1
OG0008271	OG0008271	1	1	1	0	1
OG0008272	OG0008272	1	1	1	1	0
OG0008273	OG0008273	1	1	1	1	0
OG0008274	OG0008274	1	1	1	1	0
OG0008275	OG0008275	1	1	1	1	0
OG0008276	OG0008276	1	1	1	1	0
OG0008277	OG0008277	1	1	0	1	1
OG0008278	OG0008278	1	1	1	0	1
OG0008279	OG0008279	1	1	1	1	0
OG0008280	OG0008280	1	1	1	0	1
OG0008281	OG0008281	1	1	1	1	0
OG0008282	OG0008282	1	0	1	1	1
OG0008283	OG0008283	1	1	1	1	0
OG0008284	OG0008284	1	1	1	1	0
OG0008285	OG0008285	1	1	1	1	0
OG0008286	OG0008286	1	1	1	1	0
OG0008287	OG0008287	1	1	1	1	0
OG0008288	OG0008288	1	1	1	1	0
OG0008289	OG0008289	1	1	1	0	1
OG0008290	OG0008290	1	1	1	1	0
OG0008291	OG0008291	1	0	1	1	1
OG0008292	OG0008292	1	1	1	1	0
OG0008293	OG0008293	1	1	1	1	0
OG0008294	OG0008294	1	1	1	1	0
OG0008295	OG0008295	1	1	1	1	0
OG0008296	OG0008296	1	1	1	1	0
OG0008297	OG0008297	1	1	1	1	0
OG0008298	OG0008298	1	1	1	1	0
OG0008299	OG0008299	1	1	1	1	0
OG0008300	OG0008300	1	1	1	1	0
OG0008301	OG0008301	1	1	1	1	0
OG0008302	OG0008302	1	0	1	1	1
OG0008303	OG0008303	1	1	1	1	0
OG0008304	OG0008304	1	1	0	1	1
OG0008305	OG0008305	1	1	1	1	0
OG0008306	OG0008306	1	0	1	1	1
OG0008307	OG0008307	1	1	1	1	0
OG0008308	OG0008308	1	1	1	1	0
OG0008309	OG0008309	1	1	1	1	0
OG0008310	OG0008310	1	1	1	1	0
OG0008311	OG0008311	1	1	1	1	0
OG0008312	OG0008312	1	1	1	1	0
OG0008313	OG0008313	1	0	1	1	1
OG0008314	OG0008314	1	1	1	1	0
OG0008315	OG0008315	1	1	1	1	0
OG0008316	OG0008316	1	1	1	1	0
OG0008317	OG0008317	1	1	1	1	0
OG0008318	OG0008318	2	1	0	0	1
OG0008319	OG0008319	1	1	1	1	0
OG0008320	OG0008320	1	1	1	1	0
OG0008321	OG0008321	1	1	1	1	0
OG0008322	OG0008322	1	1	1	1	0
OG0008323	OG0008323	1	1	1	1	0
OG0008324	OG0008324	1	1	1	1	0
OG0008325	OG0008325	1	1	1	0	1
OG0008326	OG0008326	1	1	0	1	1
OG0008327	OG0008327	1	1	1	1	0
OG0008328	OG0008328	1	1	1	1	0
OG0008329	OG0008329	1	1	1	1	0
OG0008330	OG0008330	1	1	1	1	0
OG0008331	OG0008331	1	1	1	1	0
OG0008332	OG0008332	1	1	1	1	0
OG0008333	OG0008333	1	0	1	1	1
OG0008334	OG0008334	1	0	1	1	1
OG0008335	OG0008335	1	1	1	1	0
OG0008336	OG0008336	1	1	1	1	0
OG0008337	OG0008337	1	1	0	1	1
OG0008338	OG0008338	1	1	1	1	0
OG0008339	OG0008339	1	1	1	0	1
OG0008340	OG0008340	1	2	1	0	0
OG0008341	OG0008341	1	1	1	1	0
OG0008342	OG0008342	1	1	1	1	0
OG0008343	OG0008343	1	1	1	1	0
OG0008344	OG0008344	1	1	1	1	0
OG0008345	OG0008345	1	0	1	2	0
OG0008346	OG0008346	1	1	1	1	0
OG0008347	OG0008347	1	1	1	1	0
OG0008348	OG0008348	1	1	1	1	0
OG0008349	OG0008349	1	1	1	1	0
OG0008350	OG0008350	1	1	1	1	0
OG0008351	OG0008351	1	1	1	1	0
OG0008352	OG0008352	1	1	1	1	0
OG0008353	OG0008353	1	1	1	1	0
OG0008354	OG0008354	1	1	1	0	1
OG0008355	OG0008355	1	1	1	1	0
OG0008356	OG0008356	1	1	1	1	0
OG0008357	OG0008357	1	1	1	1	0
OG0008358	OG0008358	1	1	1	1	0
OG0008359	OG0008359	1	1	1	1	0
OG0008360	OG0008360	1	1	1	1	0
OG0008361	OG0008361	1	1	1	1	0
OG0008362	OG0008362	1	0	1	1	1
OG0008363	OG0008363	1	1	1	1	0
OG0008364	OG0008364	1	1	1	1	0
OG0008365	OG0008365	1	1	1	1	0
OG0008366	OG0008366	1	1	1	1	0
OG0008367	OG0008367	1	1	1	1	0
OG0008368	OG0008368	1	1	1	1	0
OG0008369	OG0008369	1	1	1	1	0
OG0008370	OG0008370	1	3	0	0	0
OG0008371	OG0008371	1	0	0	3	0
OG0008372	OG0008372	1	1	1	0	1
OG0008373	OG0008373	1	1	1	1	0
OG0008374	OG0008374	1	1	1	1	0
OG0008375	OG0008375	1	1	1	1	0
OG0008376	OG0008376	1	1	1	1	0
OG0008377	OG0008377	1	1	1	1	0
OG0008378	OG0008378	1	1	1	1	0
OG0008379	OG0008379	1	1	1	1	0
OG0008380	OG0008380	1	1	1	1	0
OG0008381	OG0008381	1	1	1	1	0
OG0008382	OG0008382	1	1	1	1	0
OG0008383	OG0008383	1	1	1	1	0
OG0008384	OG0008384	1	1	1	1	0
OG0008385	OG0008385	1	1	1	1	0
OG0008386	OG0008386	1	1	1	1	0
OG0008387	OG0008387	1	1	1	1	0
OG0008388	OG0008388	1	0	1	1	1
OG0008389	OG0008389	1	1	1	1	0
OG0008390	OG0008390	1	1	1	1	0
OG0008391	OG0008391	1	1	1	1	0
OG0008392	OG0008392	1	1	1	1	0
OG0008393	OG0008393	1	1	1	1	0
OG0008394	OG0008394	1	1	1	1	0
OG0008395	OG0008395	1	1	1	1	0
OG0008396	OG0008396	1	1	1	1	0
OG0008397	OG0008397	1	1	1	1	0
OG0008398	OG0008398	1	1	1	1	0
OG0008399	OG0008399	1	1	1	0	1
OG0008400	OG0008400	1	1	1	1	0
OG0008401	OG0008401	1	1	1	1	0
OG0008402	OG0008402	1	1	1	1	0
OG0008403	OG0008403	1	1	0	1	1
OG0008404	OG0008404	1	1	1	1	0
OG0008405	OG0008405	1	0	1	1	1
OG0008406	OG0008406	1	1	1	1	0
OG0008407	OG0008407	1	1	1	1	0
OG0008408	OG0008408	1	1	1	1	0
OG0008409	OG0008409	1	1	1	1	0
OG0008410	OG0008410	1	1	1	1	0
OG0008411	OG0008411	1	1	1	1	0
OG0008412	OG0008412	1	1	1	1	0
OG0008413	OG0008413	1	1	1	1	0
OG0008414	OG0008414	1	1	1	1	0
OG0008415	OG0008415	1	1	1	1	0
OG0008416	OG0008416	1	1	0	1	1
OG0008417	OG0008417	1	1	1	1	0
OG0008418	OG0008418	1	1	1	1	0
OG0008419	OG0008419	1	1	1	1	0
OG0008420	OG0008420	1	1	1	1	0
OG0008421	OG0008421	1	1	1	1	0
OG0008422	OG0008422	1	1	1	1	0
OG0008423	OG0008423	1	1	1	1	0
OG0008424	OG0008424	2	1	1	0	0
OG0008425	OG0008425	1	1	1	1	0
OG0008426	OG0008426	1	1	1	1	0
OG0008427	OG0008427	1	0	1	1	1
OG0008428	OG0008428	1	0	1	1	1
OG0008429	OG0008429	1	1	0	2	0
OG0008430	OG0008430	1	1	1	1	0
OG0008431	OG0008431	1	1	1	1	0
OG0008432	OG0008432	1	1	1	1	0
OG0008433	OG0008433	1	1	1	1	0
OG0008434	OG0008434	1	1	1	1	0
OG0008435	OG0008435	1	1	1	1	0
OG0008436	OG0008436	1	1	1	1	0
OG0008437	OG0008437	1	1	1	1	0
OG0008438	OG0008438	1	1	1	1	0
OG0008439	OG0008439	1	1	1	1	0
OG0008440	OG0008440	1	1	1	1	0
OG0008441	OG0008441	1	1	1	1	0
OG0008442	OG0008442	1	1	1	1	0
OG0008443	OG0008443	1	1	1	1	0
OG0008444	OG0008444	1	1	1	1	0
OG0008445	OG0008445	1	1	1	1	0
OG0008446	OG0008446	1	1	1	1	0
OG0008447	OG0008447	1	1	1	1	0
OG0008448	OG0008448	1	1	1	1	0
OG0008449	OG0008449	1	1	1	0	1
OG0008450	OG0008450	1	1	1	1	0
OG0008451	OG0008451	1	1	1	1	0
OG0008452	OG0008452	1	1	1	1	0
OG0008453	OG0008453	1	1	1	1	0
OG0008454	OG0008454	1	1	1	1	0
OG0008455	OG0008455	1	1	1	1	0
OG0008456	OG0008456	1	1	0	1	1
OG0008457	OG0008457	1	1	1	1	0
OG0008458	OG0008458	1	1	1	1	0
OG0008459	OG0008459	1	1	1	1	0
OG0008460	OG0008460	1	1	1	1	0
OG0008461	OG0008461	1	0	1	1	1
OG0008462	OG0008462	1	1	1	1	0
OG0008463	OG0008463	1	1	1	1	0
OG0008464	OG0008464	1	1	1	1	0
OG0008465	OG0008465	1	1	1	1	0
OG0008466	OG0008466	1	1	1	1	0
OG0008467	OG0008467	1	1	1	1	0
OG0008468	OG0008468	1	1	1	1	0
OG0008469	OG0008469	1	1	1	1	0
OG0008470	OG0008470	1	1	1	1	0
OG0008471	OG0008471	1	1	1	1	0
OG0008472	OG0008472	1	1	1	1	0
OG0008473	OG0008473	1	1	1	1	0
OG0008474	OG0008474	1	1	1	1	0
OG0008475	OG0008475	1	1	1	1	0
OG0008476	OG0008476	1	1	1	1	0
OG0008477	OG0008477	1	1	1	1	0
OG0008478	OG0008478	1	0	1	2	0
OG0008479	OG0008479	1	1	1	1	0
OG0008480	OG0008480	1	1	1	1	0
OG0008481	OG0008481	1	1	1	1	0
OG0008482	OG0008482	1	1	1	1	0
OG0008483	OG0008483	1	1	1	1	0
OG0008484	OG0008484	1	1	1	1	0
OG0008485	OG0008485	1	1	1	1	0
OG0008486	OG0008486	1	1	1	1	0
OG0008487	OG0008487	1	1	1	1	0
OG0008488	OG0008488	1	1	1	1	0
OG0008489	OG0008489	1	1	1	1	0
OG0008490	OG0008490	1	1	1	1	0
OG0008491	OG0008491	1	1	0	1	1
OG0008492	OG0008492	1	1	1	1	0
OG0008493	OG0008493	1	1	1	1	0
OG0008494	OG0008494	1	1	1	1	0
OG0008495	OG0008495	1	1	1	1	0
OG0008496	OG0008496	1	1	1	1	0
OG0008497	OG0008497	1	1	1	1	0
OG0008498	OG0008498	1	1	1	1	0
OG0008499	OG0008499	1	1	1	1	0
OG0008500	OG0008500	1	1	1	1	0
OG0008501	OG0008501	1	1	1	1	0
OG0008502	OG0008502	1	1	1	1	0
OG0008503	OG0008503	1	1	1	1	0
OG0008504	OG0008504	1	1	1	1	0
OG0008505	OG0008505	1	1	1	1	0
OG0008506	OG0008506	1	1	1	1	0
OG0008507	OG0008507	1	0	1	2	0
OG0008508	OG0008508	1	1	1	1	0
OG0008509	OG0008509	1	1	1	1	0
OG0008510	OG0008510	1	1	1	1	0
OG0008511	OG0008511	1	1	1	1	0
OG0008512	OG0008512	1	1	1	1	0
OG0008513	OG0008513	1	1	1	1	0
OG0008514	OG0008514	1	1	1	1	0
OG0008515	OG0008515	1	1	1	1	0
OG0008516	OG0008516	1	1	1	1	0
OG0008517	OG0008517	1	1	1	1	0
OG0008518	OG0008518	1	1	0	1	1
OG0008519	OG0008519	1	1	1	1	0
OG0008520	OG0008520	1	1	1	1	0
OG0008521	OG0008521	1	1	1	1	0
OG0008522	OG0008522	1	1	1	1	0
OG0008523	OG0008523	1	1	1	1	0
OG0008524	OG0008524	1	1	1	1	0
OG0008525	OG0008525	1	1	1	1	0
OG0008526	OG0008526	1	1	1	1	0
OG0008527	OG0008527	1	1	1	1	0
OG0008528	OG0008528	1	1	1	1	0
OG0008529	OG0008529	1	1	1	1	0
OG0008530	OG0008530	1	1	1	1	0
OG0008531	OG0008531	1	1	1	1	0
OG0008532	OG0008532	1	1	1	1	0
OG0008533	OG0008533	1	1	1	1	0
OG0008534	OG0008534	1	1	1	1	0
OG0008535	OG0008535	1	1	0	1	1
OG0008536	OG0008536	1	1	1	1	0
OG0008537	OG0008537	1	1	1	0	1
OG0008538	OG0008538	1	1	1	1	0
OG0008539	OG0008539	1	1	1	1	0
OG0008540	OG0008540	1	0	1	1	1
OG0008541	OG0008541	1	1	1	1	0
OG0008542	OG0008542	1	1	1	1	0
OG0008543	OG0008543	1	1	1	1	0
OG0008544	OG0008544	1	1	1	1	0
OG0008545	OG0008545	1	1	1	1	0
OG0008546	OG0008546	1	1	1	1	0
OG0008547	OG0008547	1	1	1	1	0
OG0008548	OG0008548	1	1	1	1	0
OG0008549	OG0008549	1	1	1	1	0
OG0008550	OG0008550	1	0	1	1	1
OG0008551	OG0008551	1	1	1	1	0
OG0008552	OG0008552	1	1	1	1	0
OG0008553	OG0008553	1	1	1	1	0
OG0008554	OG0008554	1	1	1	1	0
OG0008555	OG0008555	1	1	0	1	1
OG0008556	OG0008556	1	1	1	0	1
OG0008557	OG0008557	1	1	1	1	0
OG0008558	OG0008558	1	1	0	2	0
OG0008559	OG0008559	1	1	1	1	0
OG0008560	OG0008560	1	1	1	1	0
OG0008561	OG0008561	1	1	1	1	0
OG0008562	OG0008562	1	1	1	0	1
OG0008563	OG0008563	1	1	1	1	0
OG0008564	OG0008564	1	1	1	1	0
OG0008565	OG0008565	1	1	1	0	1
OG0008566	OG0008566	1	1	1	1	0
OG0008567	OG0008567	1	0	1	1	1
OG0008568	OG0008568	1	1	1	1	0
OG0008569	OG0008569	1	1	1	1	0
OG0008570	OG0008570	1	1	1	1	0
OG0008571	OG0008571	1	1	1	0	1
OG0008572	OG0008572	1	1	1	1	0
OG0008573	OG0008573	1	1	1	1	0
OG0008574	OG0008574	1	1	1	1	0
OG0008575	OG0008575	1	1	1	1	0
OG0008576	OG0008576	1	1	1	1	0
OG0008577	OG0008577	1	0	1	1	1
OG0008578	OG0008578	1	0	1	1	1
OG0008579	OG0008579	1	0	1	1	1
OG0008580	OG0008580	1	0	1	1	1
OG0008581	OG0008581	1	0	1	1	1
OG0008582	OG0008582	1	0	1	1	1
OG0008583	OG0008583	1	0	1	1	1
OG0008584	OG0008584	1	0	1	1	1
OG0008585	OG0008585	1	0	1	1	1
OG0008586	OG0008586	1	0	1	1	1
OG0008587	OG0008587	1	1	1	1	0
OG0008588	OG0008588	1	1	1	1	0
OG0008589	OG0008589	1	1	1	1	0
OG0008590	OG0008590	1	1	1	1	0
OG0008591	OG0008591	1	1	1	1	0
OG0008592	OG0008592	1	0	1	1	1
OG0008593	OG0008593	1	1	1	1	0
OG0008594	OG0008594	1	1	0	0	2
OG0008595	OG0008595	1	1	0	0	2
OG0008596	OG0008596	1	1	1	1	0
OG0008597	OG0008597	1	1	1	1	0
OG0008598	OG0008598	1	1	1	1	0
OG0008599	OG0008599	1	1	1	1	0
OG0008600	OG0008600	1	1	1	1	0
OG0008601	OG0008601	1	1	1	1	0
OG0008602	OG0008602	1	1	1	1	0
OG0008603	OG0008603	1	1	1	1	0
OG0008604	OG0008604	1	1	1	1	0
OG0008605	OG0008605	1	1	1	1	0
OG0008606	OG0008606	1	1	1	1	0
OG0008607	OG0008607	1	1	1	1	0
OG0008608	OG0008608	1	1	1	1	0
OG0008609	OG0008609	1	1	1	1	0
OG0008610	OG0008610	1	1	1	1	0
OG0008611	OG0008611	1	1	1	1	0
OG0008612	OG0008612	1	1	1	1	0
OG0008613	OG0008613	1	1	1	1	0
OG0008614	OG0008614	1	1	1	1	0
OG0008615	OG0008615	1	1	0	1	1
OG0008616	OG0008616	1	1	1	1	0
OG0008617	OG0008617	1	1	1	1	0
OG0008618	OG0008618	1	1	1	1	0
OG0008619	OG0008619	1	1	1	1	0
OG0008620	OG0008620	1	1	1	1	0
OG0008621	OG0008621	1	1	1	1	0
OG0008622	OG0008622	1	1	1	1	0
OG0008623	OG0008623	1	1	1	1	0
OG0008624	OG0008624	1	1	1	1	0
OG0008625	OG0008625	1	1	1	1	0
OG0008626	OG0008626	1	1	1	1	0
OG0008627	OG0008627	1	1	1	1	0
OG0008628	OG0008628	1	1	1	1	0
OG0008629	OG0008629	1	1	1	1	0
OG0008630	OG0008630	1	1	1	1	0
OG0008631	OG0008631	1	1	1	1	0
OG0008632	OG0008632	1	1	1	0	1
OG0008633	OG0008633	1	1	1	1	0
OG0008634	OG0008634	1	0	1	1	1
OG0008635	OG0008635	1	1	1	1	0
OG0008636	OG0008636	1	1	1	1	0
OG0008637	OG0008637	1	0	1	1	1
OG0008638	OG0008638	1	1	0	1	1
OG0008639	OG0008639	1	1	1	1	0
OG0008640	OG0008640	1	1	1	1	0
OG0008641	OG0008641	1	1	1	1	0
OG0008642	OG0008642	1	1	1	1	0
OG0008643	OG0008643	1	1	1	1	0
OG0008644	OG0008644	1	1	1	1	0
OG0008645	OG0008645	1	1	1	1	0
OG0008646	OG0008646	1	1	1	1	0
OG0008647	OG0008647	1	1	1	1	0
OG0008648	OG0008648	1	1	1	1	0
OG0008649	OG0008649	1	1	0	1	1
OG0008650	OG0008650	1	1	1	1	0
OG0008651	OG0008651	1	1	1	1	0
OG0008652	OG0008652	1	0	1	1	1
OG0008653	OG0008653	1	0	1	1	1
OG0008654	OG0008654	1	0	1	1	1
OG0008655	OG0008655	1	1	1	1	0
OG0008656	OG0008656	1	1	1	1	0
OG0008657	OG0008657	1	1	1	1	0
OG0008658	OG0008658	1	1	1	1	0
OG0008659	OG0008659	1	1	1	1	0
OG0008660	OG0008660	1	1	1	1	0
OG0008661	OG0008661	1	1	1	1	0
OG0008662	OG0008662	1	1	1	1	0
OG0008663	OG0008663	1	1	1	1	0
OG0008664	OG0008664	1	1	1	1	0
OG0008665	OG0008665	1	1	1	1	0
OG0008666	OG0008666	1	1	1	1	0
OG0008667	OG0008667	1	0	1	1	1
OG0008668	OG0008668	1	1	0	1	1
OG0008669	OG0008669	1	1	1	1	0
OG0008670	OG0008670	1	0	1	0	2
OG0008671	OG0008671	1	1	1	1	0
OG0008672	OG0008672	1	1	1	1	0
OG0008673	OG0008673	1	1	1	1	0
OG0008674	OG0008674	1	1	1	1	0
OG0008675	OG0008675	1	1	1	1	0
OG0008676	OG0008676	1	1	1	1	0
OG0008677	OG0008677	1	1	1	1	0
OG0008678	OG0008678	1	1	1	1	0
OG0008679	OG0008679	1	1	1	1	0
OG0008680	OG0008680	1	1	1	1	0
OG0008681	OG0008681	1	1	1	1	0
OG0008682	OG0008682	1	1	1	1	0
OG0008683	OG0008683	2	1	0	0	1
OG0008684	OG0008684	1	1	1	1	0
OG0008685	OG0008685	1	0	1	1	1
OG0008686	OG0008686	1	1	0	0	2
OG0008687	OG0008687	1	1	1	1	0
OG0008688	OG0008688	1	1	1	1	0
OG0008689	OG0008689	1	1	1	1	0
OG0008690	OG0008690	1	1	1	1	0
OG0008691	OG0008691	1	1	1	1	0
OG0008692	OG0008692	1	1	1	1	0
OG0008693	OG0008693	1	1	1	1	0
OG0008694	OG0008694	1	1	1	1	0
OG0008695	OG0008695	1	1	1	1	0
OG0008696	OG0008696	1	0	1	1	1
OG0008697	OG0008697	1	1	1	1	0
OG0008698	OG0008698	1	1	1	0	1
OG0008699	OG0008699	1	1	1	1	0
OG0008700	OG0008700	1	1	1	1	0
OG0008701	OG0008701	1	1	1	1	0
OG0008702	OG0008702	1	1	1	1	0
OG0008703	OG0008703	1	1	1	1	0
OG0008704	OG0008704	1	1	1	1	0
OG0008705	OG0008705	1	1	1	1	0
OG0008706	OG0008706	1	1	1	1	0
OG0008707	OG0008707	1	1	1	1	0
OG0008708	OG0008708	1	1	1	1	0
OG0008709	OG0008709	1	1	1	1	0
OG0008710	OG0008710	1	1	1	1	0
OG0008711	OG0008711	1	1	1	1	0
OG0008712	OG0008712	1	1	1	1	0
OG0008713	OG0008713	1	1	1	1	0
OG0008714	OG0008714	1	1	1	1	0
OG0008715	OG0008715	1	1	1	1	0
OG0008716	OG0008716	1	1	1	1	0
OG0008717	OG0008717	1	1	1	1	0
OG0008718	OG0008718	1	1	1	1	0
OG0008719	OG0008719	1	1	1	1	0
OG0008720	OG0008720	1	1	1	1	0
OG0008721	OG0008721	1	1	1	1	0
OG0008722	OG0008722	1	1	0	1	1
OG0008723	OG0008723	1	1	1	1	0
OG0008724	OG0008724	1	1	1	1	0
OG0008725	OG0008725	1	1	1	1	0
OG0008726	OG0008726	1	1	1	1	0
OG0008727	OG0008727	1	1	1	1	0
OG0008728	OG0008728	1	0	1	1	1
OG0008729	OG0008729	1	0	1	1	1
OG0008730	OG0008730	1	0	1	1	1
OG0008731	OG0008731	1	0	1	1	1
OG0008732	OG0008732	1	1	1	1	0
OG0008733	OG0008733	1	1	1	1	0
OG0008734	OG0008734	1	1	1	1	0
OG0008735	OG0008735	1	1	1	1	0
OG0008736	OG0008736	1	1	1	1	0
OG0008737	OG0008737	1	1	1	1	0
OG0008738	OG0008738	1	1	1	1	0
OG0008739	OG0008739	1	1	1	1	0
OG0008740	OG0008740	1	1	1	1	0
OG0008741	OG0008741	1	1	1	1	0
OG0008742	OG0008742	1	1	1	1	0
OG0008743	OG0008743	1	1	1	1	0
OG0008744	OG0008744	1	1	1	1	0
OG0008745	OG0008745	1	1	1	1	0
OG0008746	OG0008746	1	1	1	1	0
OG0008747	OG0008747	1	0	1	1	1
OG0008748	OG0008748	1	1	1	1	0
OG0008749	OG0008749	1	1	1	0	1
OG0008750	OG0008750	1	1	1	1	0
OG0008751	OG0008751	1	1	1	1	0
OG0008752	OG0008752	1	1	1	1	0
OG0008753	OG0008753	1	1	1	1	0
OG0008754	OG0008754	1	1	1	1	0
OG0008755	OG0008755	1	1	1	1	0
OG0008756	OG0008756	1	1	1	1	0
OG0008757	OG0008757	1	1	1	1	0
OG0008758	OG0008758	1	1	1	1	0
OG0008759	OG0008759	1	1	1	1	0
OG0008760	OG0008760	1	1	1	1	0
OG0008761	OG0008761	1	1	1	1	0
OG0008762	OG0008762	1	1	1	1	0
OG0008763	OG0008763	1	1	1	1	0
OG0008764	OG0008764	1	1	1	1	0
OG0008765	OG0008765	1	1	0	1	1
OG0008766	OG0008766	1	1	1	1	0
OG0008767	OG0008767	1	1	1	1	0
OG0008768	OG0008768	1	1	1	1	0
OG0008769	OG0008769	1	1	1	1	0
OG0008770	OG0008770	1	1	1	1	0
OG0008771	OG0008771	1	1	1	1	0
OG0008772	OG0008772	1	1	1	1	0
OG0008773	OG0008773	1	1	1	1	0
OG0008774	OG0008774	1	1	1	1	0
OG0008775	OG0008775	1	1	1	1	0
OG0008776	OG0008776	1	1	1	1	0
OG0008777	OG0008777	1	1	1	1	0
OG0008778	OG0008778	1	1	1	1	0
OG0008779	OG0008779	1	1	1	1	0
OG0008780	OG0008780	1	1	1	1	0
OG0008781	OG0008781	1	1	1	1	0
OG0008782	OG0008782	1	1	1	1	0
OG0008783	OG0008783	1	1	1	1	0
OG0008784	OG0008784	1	1	1	1	0
OG0008785	OG0008785	1	1	0	1	1
OG0008786	OG0008786	1	1	1	1	0
OG0008787	OG0008787	1	1	1	1	0
OG0008788	OG0008788	1	1	0	0	2
OG0008789	OG0008789	1	1	1	1	0
OG0008790	OG0008790	1	1	1	1	0
OG0008791	OG0008791	1	1	1	1	0
OG0008792	OG0008792	1	1	1	1	0
OG0008793	OG0008793	1	1	1	1	0
OG0008794	OG0008794	1	1	1	1	0
OG0008795	OG0008795	1	1	1	1	0
OG0008796	OG0008796	1	1	1	1	0
OG0008797	OG0008797	1	1	1	1	0
OG0008798	OG0008798	1	1	1	1	0
OG0008799	OG0008799	1	1	1	1	0
OG0008800	OG0008800	1	1	1	1	0
OG0008801	OG0008801	1	1	1	1	0
OG0008802	OG0008802	1	1	1	1	0
OG0008803	OG0008803	1	1	1	1	0
OG0008804	OG0008804	1	1	1	1	0
OG0008805	OG0008805	1	1	1	1	0
OG0008806	OG0008806	1	1	1	1	0
OG0008807	OG0008807	1	1	1	1	0
OG0008808	OG0008808	1	1	1	1	0
OG0008809	OG0008809	1	1	1	1	0
OG0008810	OG0008810	1	1	1	1	0
OG0008811	OG0008811	1	1	1	1	0
OG0008812	OG0008812	1	1	1	1	0
OG0008813	OG0008813	1	1	1	1	0
OG0008814	OG0008814	1	1	1	1	0
OG0008815	OG0008815	1	1	1	1	0
OG0008816	OG0008816	1	1	1	1	0
OG0008817	OG0008817	1	1	1	1	0
OG0008818	OG0008818	1	1	1	1	0
OG0008819	OG0008819	1	0	1	1	1
OG0008820	OG0008820	1	0	1	1	1
OG0008821	OG0008821	1	0	1	1	1
OG0008822	OG0008822	1	0	1	1	1
OG0008823	OG0008823	1	1	1	1	0
OG0008824	OG0008824	1	1	1	1	0
OG0008825	OG0008825	1	0	1	1	1
OG0008826	OG0008826	1	1	1	1	0
OG0008827	OG0008827	1	1	1	1	0
OG0008828	OG0008828	1	1	1	1	0
OG0008829	OG0008829	1	1	1	1	0
OG0008830	OG0008830	1	1	1	1	0
OG0008831	OG0008831	1	1	1	1	0
OG0008832	OG0008832	1	1	1	1	0
OG0008833	OG0008833	1	1	1	1	0
OG0008834	OG0008834	1	1	1	1	0
OG0008835	OG0008835	1	1	1	1	0
OG0008836	OG0008836	1	1	1	1	0
OG0008837	OG0008837	1	1	1	1	0
OG0008838	OG0008838	1	1	1	1	0
OG0008839	OG0008839	1	1	1	1	0
OG0008840	OG0008840	1	1	1	1	0
OG0008841	OG0008841	1	1	1	1	0
OG0008842	OG0008842	1	1	1	1	0
OG0008843	OG0008843	1	1	1	1	0
OG0008844	OG0008844	1	1	1	1	0
OG0008845	OG0008845	1	1	1	1	0
OG0008846	OG0008846	1	1	1	1	0
OG0008847	OG0008847	1	1	1	1	0
OG0008848	OG0008848	1	1	1	1	0
OG0008849	OG0008849	1	1	1	1	0
OG0008850	OG0008850	1	1	1	1	0
OG0008851	OG0008851	1	1	1	1	0
OG0008852	OG0008852	1	1	1	1	0
OG0008853	OG0008853	1	0	1	1	1
OG0008854	OG0008854	1	1	1	1	0
OG0008855	OG0008855	1	1	0	1	1
OG0008856	OG0008856	1	1	1	1	0
OG0008857	OG0008857	1	1	1	1	0
OG0008858	OG0008858	1	1	1	1	0
OG0008859	OG0008859	1	1	1	1	0
OG0008860	OG0008860	1	1	1	1	0
OG0008861	OG0008861	1	1	1	1	0
OG0008862	OG0008862	1	1	1	1	0
OG0008863	OG0008863	1	1	1	1	0
OG0008864	OG0008864	1	1	1	1	0
OG0008865	OG0008865	1	0	1	1	1
OG0008866	OG0008866	1	1	1	1	0
OG0008867	OG0008867	1	0	1	1	1
OG0008868	OG0008868	1	1	1	0	1
OG0008869	OG0008869	1	1	1	1	0
OG0008870	OG0008870	1	1	1	1	0
OG0008871	OG0008871	1	1	1	1	0
OG0008872	OG0008872	1	1	1	1	0
OG0008873	OG0008873	1	1	1	1	0
OG0008874	OG0008874	1	1	1	1	0
OG0008875	OG0008875	1	1	1	1	0
OG0008876	OG0008876	1	1	1	1	0
OG0008877	OG0008877	1	1	1	1	0
OG0008878	OG0008878	1	1	1	1	0
OG0008879	OG0008879	1	0	1	1	1
OG0008880	OG0008880	1	1	1	1	0
OG0008881	OG0008881	1	1	1	1	0
OG0008882	OG0008882	1	1	1	1	0
OG0008883	OG0008883	1	0	1	1	1
OG0008884	OG0008884	1	1	1	1	0
OG0008885	OG0008885	1	1	1	1	0
OG0008886	OG0008886	1	1	1	1	0
OG0008887	OG0008887	1	1	1	1	0
OG0008888	OG0008888	1	1	1	0	1
OG0008889	OG0008889	1	1	1	1	0
OG0008890	OG0008890	1	1	1	1	0
OG0008891	OG0008891	1	1	1	1	0
OG0008892	OG0008892	1	1	1	1	0
OG0008893	OG0008893	1	1	1	1	0
OG0008894	OG0008894	1	1	1	1	0
OG0008895	OG0008895	1	1	1	1	0
OG0008896	OG0008896	1	1	1	1	0
OG0008897	OG0008897	1	1	1	1	0
OG0008898	OG0008898	1	1	1	1	0
OG0008899	OG0008899	1	1	1	1	0
OG0008900	OG0008900	1	1	1	1	0
OG0008901	OG0008901	1	1	1	1	0
OG0008902	OG0008902	1	1	1	1	0
OG0008903	OG0008903	1	1	1	1	0
OG0008904	OG0008904	1	1	1	1	0
OG0008905	OG0008905	1	1	1	1	0
OG0008906	OG0008906	1	1	1	1	0
OG0008907	OG0008907	1	1	1	1	0
OG0008908	OG0008908	1	1	1	1	0
OG0008909	OG0008909	1	1	1	1	0
OG0008910	OG0008910	1	1	1	1	0
OG0008911	OG0008911	1	1	1	1	0
OG0008912	OG0008912	1	1	1	1	0
OG0008913	OG0008913	1	1	1	1	0
OG0008914	OG0008914	1	1	1	1	0
OG0008915	OG0008915	1	1	1	1	0
OG0008916	OG0008916	1	1	1	1	0
OG0008917	OG0008917	1	1	1	1	0
OG0008918	OG0008918	1	1	1	1	0
OG0008919	OG0008919	1	1	1	1	0
OG0008920	OG0008920	1	1	1	1	0
OG0008921	OG0008921	1	1	1	1	0
OG0008922	OG0008922	1	1	1	1	0
OG0008923	OG0008923	1	1	1	1	0
OG0008924	OG0008924	1	1	1	1	0
OG0008925	OG0008925	1	1	1	1	0
OG0008926	OG0008926	1	1	1	1	0
OG0008927	OG0008927	1	1	1	1	0
OG0008928	OG0008928	1	1	1	1	0
OG0008929	OG0008929	1	1	1	1	0
OG0008930	OG0008930	1	1	1	1	0
OG0008931	OG0008931	1	1	1	1	0
OG0008932	OG0008932	1	1	1	1	0
OG0008933	OG0008933	1	1	1	1	0
OG0008934	OG0008934	1	1	1	1	0
OG0008935	OG0008935	1	1	1	1	0
OG0008936	OG0008936	1	1	1	1	0
OG0008937	OG0008937	1	1	1	1	0
OG0008938	OG0008938	1	1	1	1	0
OG0008939	OG0008939	1	1	1	1	0
OG0008940	OG0008940	1	1	1	1	0
OG0008941	OG0008941	1	1	1	0	1
OG0008942	OG0008942	1	1	1	1	0
OG0008943	OG0008943	1	1	1	1	0
OG0008944	OG0008944	1	1	1	1	0
OG0008945	OG0008945	1	1	1	1	0
OG0008946	OG0008946	1	1	1	1	0
OG0008947	OG0008947	1	1	1	1	0
OG0008948	OG0008948	1	1	1	1	0
OG0008949	OG0008949	1	1	1	1	0
OG0008950	OG0008950	1	1	1	1	0
OG0008951	OG0008951	1	1	0	1	1
OG0008952	OG0008952	1	1	1	1	0
OG0008953	OG0008953	1	1	1	1	0
OG0008954	OG0008954	1	0	1	2	0
OG0008955	OG0008955	1	1	1	1	0
OG0008956	OG0008956	1	1	1	1	0
OG0008957	OG0008957	1	1	1	1	0
OG0008958	OG0008958	1	1	1	0	1
OG0008959	OG0008959	1	1	1	1	0
OG0008960	OG0008960	1	1	1	1	0
OG0008961	OG0008961	1	1	1	1	0
OG0008962	OG0008962	1	1	1	1	0
OG0008963	OG0008963	1	1	1	1	0
OG0008964	OG0008964	1	1	1	1	0
OG0008965	OG0008965	1	1	1	1	0
OG0008966	OG0008966	1	1	1	1	0
OG0008967	OG0008967	1	1	1	1	0
OG0008968	OG0008968	1	1	1	1	0
OG0008969	OG0008969	1	1	0	1	1
OG0008970	OG0008970	1	1	1	1	0
OG0008971	OG0008971	1	1	1	1	0
OG0008972	OG0008972	1	1	1	1	0
OG0008973	OG0008973	1	1	1	1	0
OG0008974	OG0008974	1	1	1	1	0
OG0008975	OG0008975	1	1	1	1	0
OG0008976	OG0008976	1	1	1	1	0
OG0008977	OG0008977	1	1	1	1	0
OG0008978	OG0008978	1	1	1	1	0
OG0008979	OG0008979	1	1	1	1	0
OG0008980	OG0008980	1	1	1	1	0
OG0008981	OG0008981	1	1	1	1	0
OG0008982	OG0008982	1	1	1	1	0
OG0008983	OG0008983	1	1	1	1	0
OG0008984	OG0008984	1	1	1	1	0
OG0008985	OG0008985	1	1	1	1	0
OG0008986	OG0008986	1	1	1	1	0
OG0008987	OG0008987	1	1	1	1	0
OG0008988	OG0008988	1	1	1	1	0
OG0008989	OG0008989	1	1	1	1	0
OG0008990	OG0008990	1	1	1	1	0
OG0008991	OG0008991	1	1	1	1	0
OG0008992	OG0008992	1	1	1	1	0
OG0008993	OG0008993	1	1	1	1	0
OG0008994	OG0008994	1	1	1	1	0
OG0008995	OG0008995	1	1	1	1	0
OG0008996	OG0008996	1	1	1	1	0
OG0008997	OG0008997	1	1	1	0	1
OG0008998	OG0008998	1	1	1	1	0
OG0008999	OG0008999	1	1	1	1	0
OG0009000	OG0009000	1	0	1	1	1
OG0009001	OG0009001	1	0	1	1	1
OG0009002	OG0009002	1	0	1	1	1
OG0009003	OG0009003	1	0	1	1	1
OG0009004	OG0009004	1	0	1	1	1
OG0009005	OG0009005	1	0	1	1	1
OG0009006	OG0009006	1	1	1	1	0
OG0009007	OG0009007	1	1	1	1	0
OG0009008	OG0009008	1	1	1	1	0
OG0009009	OG0009009	1	1	1	1	0
OG0009010	OG0009010	1	1	1	1	0
OG0009011	OG0009011	1	1	1	1	0
OG0009012	OG0009012	1	1	1	1	0
OG0009013	OG0009013	1	1	1	1	0
OG0009014	OG0009014	1	1	1	1	0
OG0009015	OG0009015	1	1	1	1	0
OG0009016	OG0009016	1	1	1	0	1
OG0009017	OG0009017	1	1	1	1	0
OG0009018	OG0009018	1	1	1	1	0
OG0009019	OG0009019	1	1	1	1	0
OG0009020	OG0009020	1	1	1	1	0
OG0009021	OG0009021	1	1	1	1	0
OG0009022	OG0009022	1	1	1	1	0
OG0009023	OG0009023	1	1	1	1	0
OG0009024	OG0009024	1	0	1	1	1
OG0009025	OG0009025	1	1	1	1	0
OG0009026	OG0009026	1	1	1	1	0
OG0009027	OG0009027	1	1	1	1	0
OG0009028	OG0009028	1	1	1	1	0
OG0009029	OG0009029	1	1	1	1	0
OG0009030	OG0009030	1	1	1	1	0
OG0009031	OG0009031	1	1	1	1	0
OG0009032	OG0009032	1	1	1	1	0
OG0009033	OG0009033	1	1	1	1	0
OG0009034	OG0009034	1	1	1	1	0
OG0009035	OG0009035	1	1	1	1	0
OG0009036	OG0009036	1	1	1	1	0
OG0009037	OG0009037	1	1	1	1	0
OG0009038	OG0009038	1	1	1	0	1
OG0009039	OG0009039	1	1	1	1	0
OG0009040	OG0009040	1	0	1	1	1
OG0009041	OG0009041	1	1	1	1	0
OG0009042	OG0009042	1	1	1	1	0
OG0009043	OG0009043	1	1	1	1	0
OG0009044	OG0009044	1	1	1	1	0
OG0009045	OG0009045	1	1	1	1	0
OG0009046	OG0009046	1	1	1	1	0
OG0009047	OG0009047	1	1	0	1	1
OG0009048	OG0009048	1	1	1	1	0
OG0009049	OG0009049	1	1	1	1	0
OG0009050	OG0009050	1	1	1	1	0
OG0009051	OG0009051	1	1	1	1	0
OG0009052	OG0009052	1	1	1	1	0
OG0009053	OG0009053	1	1	1	1	0
OG0009054	OG0009054	1	1	1	1	0
OG0009055	OG0009055	1	1	1	1	0
OG0009056	OG0009056	1	0	1	1	1
OG0009057	OG0009057	1	1	1	1	0
OG0009058	OG0009058	1	1	1	1	0
OG0009059	OG0009059	1	0	1	1	1
OG0009060	OG0009060	1	1	1	1	0
OG0009061	OG0009061	1	1	1	1	0
OG0009062	OG0009062	1	1	1	0	1
OG0009063	OG0009063	1	1	1	1	0
OG0009064	OG0009064	1	1	1	1	0
OG0009065	OG0009065	1	1	1	1	0
OG0009066	OG0009066	1	1	1	1	0
OG0009067	OG0009067	1	0	1	1	1
OG0009068	OG0009068	1	1	1	1	0
OG0009069	OG0009069	1	1	1	1	0
OG0009070	OG0009070	1	1	1	1	0
OG0009071	OG0009071	1	1	1	1	0
OG0009072	OG0009072	1	1	1	1	0
OG0009073	OG0009073	1	0	1	1	1
OG0009074	OG0009074	1	1	1	1	0
OG0009075	OG0009075	1	1	1	1	0
OG0009076	OG0009076	1	1	1	1	0
OG0009077	OG0009077	1	1	1	1	0
OG0009078	OG0009078	1	1	1	1	0
OG0009079	OG0009079	1	1	1	1	0
OG0009080	OG0009080	1	1	1	1	0
OG0009081	OG0009081	1	1	1	1	0
OG0009082	OG0009082	1	0	1	1	1
OG0009083	OG0009083	1	1	1	1	0
OG0009084	OG0009084	1	1	1	1	0
OG0009085	OG0009085	1	1	1	1	0
OG0009086	OG0009086	1	1	1	1	0
OG0009087	OG0009087	1	1	0	1	1
OG0009088	OG0009088	1	1	1	1	0
OG0009089	OG0009089	1	1	1	1	0
OG0009090	OG0009090	1	1	1	1	0
OG0009091	OG0009091	1	1	1	1	0
OG0009092	OG0009092	1	1	1	1	0
OG0009093	OG0009093	1	1	1	1	0
OG0009094	OG0009094	1	1	1	1	0
OG0009095	OG0009095	1	0	1	1	1
OG0009096	OG0009096	1	1	1	1	0
OG0009097	OG0009097	1	1	1	1	0
OG0009098	OG0009098	1	1	1	1	0
OG0009099	OG0009099	1	1	1	1	0
OG0009100	OG0009100	1	1	1	1	0
OG0009101	OG0009101	1	1	1	1	0
OG0009102	OG0009102	1	1	1	1	0
OG0009103	OG0009103	1	1	1	1	0
OG0009104	OG0009104	1	1	1	1	0
OG0009105	OG0009105	1	1	1	1	0
OG0009106	OG0009106	1	1	1	1	0
OG0009107	OG0009107	1	1	1	1	0
OG0009108	OG0009108	1	1	1	1	0
OG0009109	OG0009109	1	1	1	1	0
OG0009110	OG0009110	1	1	1	1	0
OG0009111	OG0009111	1	1	1	1	0
OG0009112	OG0009112	1	1	1	1	0
OG0009113	OG0009113	1	1	1	1	0
OG0009114	OG0009114	1	1	1	1	0
OG0009115	OG0009115	1	1	1	1	0
OG0009116	OG0009116	1	1	1	1	0
OG0009117	OG0009117	1	1	1	1	0
OG0009118	OG0009118	1	1	1	1	0
OG0009119	OG0009119	1	1	1	1	0
OG0009120	OG0009120	1	1	1	1	0
OG0009121	OG0009121	1	1	1	1	0
OG0009122	OG0009122	1	1	1	1	0
OG0009123	OG0009123	1	1	1	1	0
OG0009124	OG0009124	1	1	1	1	0
OG0009125	OG0009125	1	1	1	1	0
OG0009126	OG0009126	1	1	1	1	0
OG0009127	OG0009127	1	1	1	1	0
OG0009128	OG0009128	1	1	1	1	0
OG0009129	OG0009129	1	1	1	1	0
OG0009130	OG0009130	1	1	1	1	0
OG0009131	OG0009131	1	1	1	1	0
OG0009132	OG0009132	1	1	1	1	0
OG0009133	OG0009133	1	1	1	1	0
OG0009134	OG0009134	1	1	1	1	0
OG0009135	OG0009135	1	1	1	1	0
OG0009136	OG0009136	1	1	1	1	0
OG0009137	OG0009137	1	1	1	1	0
OG0009138	OG0009138	1	1	1	1	0
OG0009139	OG0009139	1	1	1	0	1
OG0009140	OG0009140	1	1	1	1	0
OG0009141	OG0009141	1	1	1	1	0
OG0009142	OG0009142	1	1	1	1	0
OG0009143	OG0009143	1	1	1	1	0
OG0009144	OG0009144	1	1	1	1	0
OG0009145	OG0009145	1	1	1	1	0
OG0009146	OG0009146	1	1	1	0	1
OG0009147	OG0009147	1	1	1	1	0
OG0009148	OG0009148	1	1	1	1	0
OG0009149	OG0009149	1	0	1	1	1
OG0009150	OG0009150	1	1	1	1	0
OG0009151	OG0009151	1	1	1	1	0
OG0009152	OG0009152	1	1	1	1	0
OG0009153	OG0009153	1	0	1	1	1
OG0009154	OG0009154	1	1	1	1	0
OG0009155	OG0009155	1	1	1	1	0
OG0009156	OG0009156	1	1	1	1	0
OG0009157	OG0009157	1	1	0	1	1
OG0009158	OG0009158	1	1	1	1	0
OG0009159	OG0009159	1	0	1	1	1
OG0009160	OG0009160	1	1	1	1	0
OG0009161	OG0009161	1	1	1	1	0
OG0009162	OG0009162	1	1	1	0	1
OG0009163	OG0009163	1	1	2	0	0
OG0009164	OG0009164	1	1	1	1	0
OG0009165	OG0009165	1	1	1	1	0
OG0009166	OG0009166	1	1	1	1	0
OG0009167	OG0009167	1	1	1	1	0
OG0009168	OG0009168	1	1	1	1	0
OG0009169	OG0009169	1	1	1	1	0
OG0009170	OG0009170	1	1	1	1	0
OG0009171	OG0009171	1	1	1	1	0
OG0009172	OG0009172	1	1	1	1	0
OG0009173	OG0009173	1	1	1	1	0
OG0009174	OG0009174	1	1	1	1	0
OG0009175	OG0009175	1	1	1	1	0
OG0009176	OG0009176	1	1	1	1	0
OG0009177	OG0009177	1	1	1	1	0
OG0009178	OG0009178	1	1	1	1	0
OG0009179	OG0009179	1	1	1	1	0
OG0009180	OG0009180	1	1	1	1	0
OG0009181	OG0009181	1	1	1	1	0
OG0009182	OG0009182	1	1	1	1	0
OG0009183	OG0009183	1	1	1	1	0
OG0009184	OG0009184	1	1	1	1	0
OG0009185	OG0009185	1	1	1	1	0
OG0009186	OG0009186	1	1	1	1	0
OG0009187	OG0009187	1	1	0	1	1
OG0009188	OG0009188	1	1	1	1	0
OG0009189	OG0009189	1	1	1	1	0
OG0009190	OG0009190	1	1	1	1	0
OG0009191	OG0009191	1	1	1	1	0
OG0009192	OG0009192	1	1	1	1	0
OG0009193	OG0009193	1	1	1	1	0
OG0009194	OG0009194	1	1	1	1	0
OG0009195	OG0009195	1	1	1	1	0
OG0009196	OG0009196	1	1	1	1	0
OG0009197	OG0009197	1	1	1	1	0
OG0009198	OG0009198	1	1	1	1	0
OG0009199	OG0009199	1	1	1	1	0
OG0009200	OG0009200	1	1	1	1	0
OG0009201	OG0009201	1	1	1	1	0
OG0009202	OG0009202	1	1	1	1	0
OG0009203	OG0009203	1	1	1	1	0
OG0009204	OG0009204	1	0	1	1	1
OG0009205	OG0009205	1	0	1	1	1
OG0009206	OG0009206	1	1	1	1	0
OG0009207	OG0009207	1	1	0	1	1
OG0009208	OG0009208	1	1	1	1	0
OG0009209	OG0009209	1	1	1	1	0
OG0009210	OG0009210	1	1	1	1	0
OG0009211	OG0009211	1	1	1	1	0
OG0009212	OG0009212	1	1	1	1	0
OG0009213	OG0009213	1	1	1	1	0
OG0009214	OG0009214	1	0	1	1	1
OG0009215	OG0009215	1	1	1	1	0
OG0009216	OG0009216	1	1	1	1	0
OG0009217	OG0009217	1	1	1	1	0
OG0009218	OG0009218	1	1	1	1	0
OG0009219	OG0009219	1	1	1	1	0
OG0009220	OG0009220	1	1	1	1	0
OG0009221	OG0009221	1	1	1	1	0
OG0009222	OG0009222	1	1	1	1	0
OG0009223	OG0009223	1	0	1	0	2
OG0009224	OG0009224	1	1	1	1	0
OG0009225	OG0009225	1	1	1	1	0
OG0009226	OG0009226	1	1	1	1	0
OG0009227	OG0009227	1	1	1	1	0
OG0009228	OG0009228	1	1	1	1	0
OG0009229	OG0009229	1	1	1	1	0
OG0009230	OG0009230	1	1	0	1	1
OG0009231	OG0009231	1	1	1	1	0
OG0009232	OG0009232	1	1	1	1	0
OG0009233	OG0009233	1	1	1	1	0
OG0009234	OG0009234	1	1	1	1	0
OG0009235	OG0009235	1	1	1	1	0
OG0009236	OG0009236	1	1	1	1	0
OG0009237	OG0009237	1	1	1	1	0
OG0009238	OG0009238	1	1	1	1	0
OG0009239	OG0009239	1	1	1	1	0
OG0009240	OG0009240	1	1	1	1	0
OG0009241	OG0009241	1	1	1	1	0
OG0009242	OG0009242	1	1	1	1	0
OG0009243	OG0009243	1	1	1	1	0
OG0009244	OG0009244	1	1	1	1	0
OG0009245	OG0009245	1	1	1	1	0
OG0009246	OG0009246	1	1	1	1	0
OG0009247	OG0009247	1	1	1	1	0
OG0009248	OG0009248	1	1	1	1	0
OG0009249	OG0009249	1	1	1	1	0
OG0009250	OG0009250	1	1	1	1	0
OG0009251	OG0009251	1	1	1	1	0
OG0009252	OG0009252	1	0	1	1	1
OG0009253	OG0009253	1	1	1	1	0
OG0009254	OG0009254	1	1	1	1	0
OG0009255	OG0009255	1	1	1	1	0
OG0009256	OG0009256	1	1	1	1	0
OG0009257	OG0009257	1	1	1	1	0
OG0009258	OG0009258	1	1	1	1	0
OG0009259	OG0009259	1	1	1	1	0
OG0009260	OG0009260	1	1	1	1	0
OG0009261	OG0009261	1	1	1	1	0
OG0009262	OG0009262	1	1	1	1	0
OG0009263	OG0009263	1	1	1	1	0
OG0009264	OG0009264	1	1	1	1	0
OG0009265	OG0009265	1	1	1	1	0
OG0009266	OG0009266	1	1	1	0	1
OG0009267	OG0009267	1	1	1	1	0
OG0009268	OG0009268	1	1	1	1	0
OG0009269	OG0009269	1	1	1	1	0
OG0009270	OG0009270	1	1	1	1	0
OG0009271	OG0009271	1	1	1	1	0
OG0009272	OG0009272	1	1	1	1	0
OG0009273	OG0009273	1	1	1	1	0
OG0009274	OG0009274	1	1	1	1	0
OG0009275	OG0009275	1	1	1	1	0
OG0009276	OG0009276	1	1	1	1	0
OG0009277	OG0009277	1	1	1	1	0
OG0009278	OG0009278	1	1	1	1	0
OG0009279	OG0009279	1	1	1	1	0
OG0009280	OG0009280	1	1	1	1	0
OG0009281	OG0009281	1	1	1	1	0
OG0009282	OG0009282	1	1	1	1	0
OG0009283	OG0009283	1	1	1	1	0
OG0009284	OG0009284	1	1	1	1	0
OG0009285	OG0009285	1	1	1	1	0
OG0009286	OG0009286	1	1	1	1	0
OG0009287	OG0009287	1	1	1	1	0
OG0009288	OG0009288	1	1	0	1	1
OG0009289	OG0009289	1	1	1	1	0
OG0009290	OG0009290	1	1	1	1	0
OG0009291	OG0009291	1	1	1	1	0
OG0009292	OG0009292	1	1	1	1	0
OG0009293	OG0009293	1	1	1	1	0
OG0009294	OG0009294	1	1	1	1	0
OG0009295	OG0009295	1	1	1	1	0
OG0009296	OG0009296	1	1	1	1	0
OG0009297	OG0009297	1	1	1	1	0
OG0009298	OG0009298	1	1	1	1	0
OG0009299	OG0009299	1	1	1	1	0
OG0009300	OG0009300	1	1	1	1	0
OG0009301	OG0009301	1	0	1	1	1
OG0009302	OG0009302	1	1	1	1	0
OG0009303	OG0009303	1	1	1	1	0
OG0009304	OG0009304	1	1	1	1	0
OG0009305	OG0009305	1	1	1	1	0
OG0009306	OG0009306	1	1	1	1	0
OG0009307	OG0009307	1	1	1	1	0
OG0009308	OG0009308	1	1	1	1	0
OG0009309	OG0009309	1	1	1	1	0
OG0009310	OG0009310	1	1	1	1	0
OG0009311	OG0009311	1	1	1	1	0
OG0009312	OG0009312	1	1	1	1	0
OG0009313	OG0009313	1	1	0	1	1
OG0009314	OG0009314	1	1	1	1	0
OG0009315	OG0009315	1	1	1	1	0
OG0009316	OG0009316	1	0	1	1	1
OG0009317	OG0009317	1	1	1	1	0
OG0009318	OG0009318	1	1	1	1	0
OG0009319	OG0009319	1	1	1	1	0
OG0009320	OG0009320	1	1	1	1	0
OG0009321	OG0009321	1	1	1	1	0
OG0009322	OG0009322	1	1	1	1	0
OG0009323	OG0009323	1	1	1	1	0
OG0009324	OG0009324	1	1	1	1	0
OG0009325	OG0009325	1	1	1	1	0
OG0009326	OG0009326	1	1	1	1	0
OG0009327	OG0009327	1	1	1	1	0
OG0009328	OG0009328	1	1	0	1	1
OG0009329	OG0009329	1	1	1	0	1
OG0009330	OG0009330	1	1	1	1	0
OG0009331	OG0009331	1	1	1	1	0
OG0009332	OG0009332	1	1	1	1	0
OG0009333	OG0009333	1	1	1	1	0
OG0009334	OG0009334	1	1	1	1	0
OG0009335	OG0009335	1	1	1	1	0
OG0009336	OG0009336	1	1	1	1	0
OG0009337	OG0009337	1	1	1	1	0
OG0009338	OG0009338	1	1	0	1	1
OG0009339	OG0009339	1	1	1	1	0
OG0009340	OG0009340	1	0	1	1	1
OG0009341	OG0009341	1	1	1	1	0
OG0009342	OG0009342	1	1	1	1	0
OG0009343	OG0009343	1	1	1	1	0
OG0009344	OG0009344	1	1	1	1	0
OG0009345	OG0009345	1	1	1	1	0
OG0009346	OG0009346	1	1	1	1	0
OG0009347	OG0009347	1	1	1	1	0
OG0009348	OG0009348	1	1	1	1	0
OG0009349	OG0009349	1	1	1	1	0
OG0009350	OG0009350	1	1	1	1	0
OG0009351	OG0009351	1	1	1	1	0
OG0009352	OG0009352	1	1	1	1	0
OG0009353	OG0009353	1	1	1	1	0
OG0009354	OG0009354	1	1	1	1	0
OG0009355	OG0009355	1	1	1	1	0
OG0009356	OG0009356	1	1	1	1	0
OG0009357	OG0009357	1	1	1	1	0
OG0009358	OG0009358	1	1	1	1	0
OG0009359	OG0009359	1	1	1	1	0
OG0009360	OG0009360	1	1	1	1	0
OG0009361	OG0009361	1	1	1	1	0
OG0009362	OG0009362	1	1	1	1	0
OG0009363	OG0009363	1	1	1	1	0
OG0009364	OG0009364	1	0	1	1	1
OG0009365	OG0009365	1	1	1	1	0
OG0009366	OG0009366	1	1	1	1	0
OG0009367	OG0009367	1	1	1	0	1
OG0009368	OG0009368	1	1	1	1	0
OG0009369	OG0009369	1	1	1	1	0
OG0009370	OG0009370	1	0	1	1	1
OG0009371	OG0009371	1	0	1	1	1
OG0009372	OG0009372	1	1	1	1	0
OG0009373	OG0009373	1	1	1	1	0
OG0009374	OG0009374	1	1	1	1	0
OG0009375	OG0009375	1	1	1	1	0
OG0009376	OG0009376	1	1	1	1	0
OG0009377	OG0009377	1	1	1	1	0
OG0009378	OG0009378	1	0	1	1	1
OG0009379	OG0009379	1	1	1	1	0
OG0009380	OG0009380	1	1	1	1	0
OG0009381	OG0009381	1	1	1	1	0
OG0009382	OG0009382	1	0	1	1	1
OG0009383	OG0009383	1	1	1	1	0
OG0009384	OG0009384	1	0	1	1	1
OG0009385	OG0009385	1	1	0	0	2
OG0009386	OG0009386	1	1	1	1	0
OG0009387	OG0009387	1	1	1	1	0
OG0009388	OG0009388	1	0	1	1	1
OG0009389	OG0009389	1	1	0	1	1
OG0009390	OG0009390	1	1	1	1	0
OG0009391	OG0009391	1	1	1	1	0
OG0009392	OG0009392	1	1	0	1	1
OG0009393	OG0009393	1	1	1	1	0
OG0009394	OG0009394	1	1	1	1	0
OG0009395	OG0009395	1	1	1	1	0
OG0009396	OG0009396	1	1	1	1	0
OG0009397	OG0009397	1	1	1	1	0
OG0009398	OG0009398	1	1	1	1	0
OG0009399	OG0009399	1	1	1	1	0
OG0009400	OG0009400	1	1	0	1	1
OG0009401	OG0009401	1	1	1	1	0
OG0009402	OG0009402	1	1	1	1	0
OG0009403	OG0009403	1	1	1	1	0
OG0009404	OG0009404	1	1	1	1	0
OG0009405	OG0009405	1	1	1	1	0
OG0009406	OG0009406	1	1	1	1	0
OG0009407	OG0009407	1	1	1	0	1
OG0009408	OG0009408	1	1	1	1	0
OG0009409	OG0009409	1	1	1	1	0
OG0009410	OG0009410	1	1	1	1	0
OG0009411	OG0009411	1	1	1	1	0
OG0009412	OG0009412	1	1	1	1	0
OG0009413	OG0009413	1	1	1	1	0
OG0009414	OG0009414	1	1	1	1	0
OG0009415	OG0009415	1	1	1	1	0
OG0009416	OG0009416	1	1	1	1	0
OG0009417	OG0009417	1	1	1	1	0
OG0009418	OG0009418	1	1	1	1	0
OG0009419	OG0009419	1	0	1	1	1
OG0009420	OG0009420	1	1	1	1	0
OG0009421	OG0009421	1	1	1	1	0
OG0009422	OG0009422	1	1	1	1	0
OG0009423	OG0009423	1	1	1	1	0
OG0009424	OG0009424	1	1	1	1	0
OG0009425	OG0009425	1	1	1	1	0
OG0009426	OG0009426	1	1	1	1	0
OG0009427	OG0009427	1	1	1	0	1
OG0009428	OG0009428	1	1	1	1	0
OG0009429	OG0009429	1	1	1	1	0
OG0009430	OG0009430	1	1	1	1	0
OG0009431	OG0009431	1	1	1	0	1
OG0009432	OG0009432	1	1	1	1	0
OG0009433	OG0009433	1	1	1	1	0
OG0009434	OG0009434	1	1	1	1	0
OG0009435	OG0009435	1	1	1	1	0
OG0009436	OG0009436	1	1	1	1	0
OG0009437	OG0009437	1	1	1	1	0
OG0009438	OG0009438	1	1	1	1	0
OG0009439	OG0009439	1	1	1	1	0
OG0009440	OG0009440	1	1	1	1	0
OG0009441	OG0009441	1	1	1	1	0
OG0009442	OG0009442	1	1	1	0	1
OG0009443	OG0009443	1	1	1	1	0
OG0009444	OG0009444	1	1	1	1	0
OG0009445	OG0009445	1	1	1	1	0
OG0009446	OG0009446	1	1	1	0	1
OG0009447	OG0009447	1	1	1	1	0
OG0009448	OG0009448	1	1	1	1	0
OG0009449	OG0009449	1	1	1	1	0
OG0009450	OG0009450	1	1	1	1	0
OG0009451	OG0009451	1	1	1	1	0
OG0009452	OG0009452	1	1	1	1	0
OG0009453	OG0009453	1	1	1	1	0
OG0009454	OG0009454	1	1	1	1	0
OG0009455	OG0009455	1	1	1	1	0
OG0009456	OG0009456	1	1	1	1	0
OG0009457	OG0009457	1	1	1	1	0
OG0009458	OG0009458	1	1	1	1	0
OG0009459	OG0009459	1	1	1	1	0
OG0009460	OG0009460	1	1	1	1	0
OG0009461	OG0009461	1	1	1	1	0
OG0009462	OG0009462	1	1	1	1	0
OG0009463	OG0009463	1	0	1	1	1
OG0009464	OG0009464	1	1	1	1	0
OG0009465	OG0009465	1	1	1	1	0
OG0009466	OG0009466	1	0	1	1	1
OG0009467	OG0009467	1	1	1	0	1
OG0009468	OG0009468	1	1	1	1	0
OG0009469	OG0009469	1	1	1	1	0
OG0009470	OG0009470	1	1	1	1	0
OG0009471	OG0009471	1	1	1	1	0
OG0009472	OG0009472	1	1	1	1	0
OG0009473	OG0009473	1	1	1	1	0
OG0009474	OG0009474	1	1	1	1	0
OG0009475	OG0009475	1	1	1	1	0
OG0009476	OG0009476	1	1	1	1	0
OG0009477	OG0009477	1	1	1	1	0
OG0009478	OG0009478	1	1	1	1	0
OG0009479	OG0009479	1	1	1	1	0
OG0009480	OG0009480	1	1	1	1	0
OG0009481	OG0009481	1	1	1	0	1
OG0009482	OG0009482	1	1	1	1	0
OG0009483	OG0009483	1	1	1	1	0
OG0009484	OG0009484	1	1	1	1	0
OG0009485	OG0009485	1	0	0	3	0
OG0009486	OG0009486	1	1	1	1	0
OG0009487	OG0009487	1	1	1	1	0
OG0009488	OG0009488	1	1	1	1	0
OG0009489	OG0009489	1	1	1	1	0
OG0009490	OG0009490	1	1	1	1	0
OG0009491	OG0009491	1	1	1	1	0
OG0009492	OG0009492	1	1	1	1	0
OG0009493	OG0009493	1	1	1	1	0
OG0009494	OG0009494	1	1	1	1	0
OG0009495	OG0009495	1	1	1	1	0
OG0009496	OG0009496	1	1	1	1	0
OG0009497	OG0009497	1	1	1	1	0
OG0009498	OG0009498	1	1	0	1	1
OG0009499	OG0009499	1	1	1	1	0
OG0009500	OG0009500	1	1	1	1	0
OG0009501	OG0009501	1	1	1	1	0
OG0009502	OG0009502	1	1	1	1	0
OG0009503	OG0009503	1	0	1	1	1
OG0009504	OG0009504	1	1	1	1	0
OG0009505	OG0009505	1	1	1	1	0
OG0009506	OG0009506	1	1	1	1	0
OG0009507	OG0009507	1	1	1	1	0
OG0009508	OG0009508	1	1	1	1	0
OG0009509	OG0009509	1	1	1	1	0
OG0009510	OG0009510	1	1	1	1	0
OG0009511	OG0009511	1	1	1	1	0
OG0009512	OG0009512	1	1	0	1	1
OG0009513	OG0009513	1	1	1	1	0
OG0009514	OG0009514	1	1	1	1	0
OG0009515	OG0009515	1	1	1	1	0
OG0009516	OG0009516	1	0	1	1	1
OG0009517	OG0009517	1	1	1	1	0
OG0009518	OG0009518	1	0	1	1	1
OG0009519	OG0009519	1	1	1	1	0
OG0009520	OG0009520	1	1	1	1	0
OG0009521	OG0009521	1	1	1	1	0
OG0009522	OG0009522	1	1	1	1	0
OG0009523	OG0009523	1	1	1	1	0
OG0009524	OG0009524	1	1	1	1	0
OG0009525	OG0009525	1	1	1	1	0
OG0009526	OG0009526	1	1	1	1	0
OG0009527	OG0009527	1	1	1	1	0
OG0009528	OG0009528	1	1	1	1	0
OG0009529	OG0009529	1	1	1	1	0
OG0009530	OG0009530	1	1	1	1	0
OG0009531	OG0009531	1	1	1	0	1
OG0009532	OG0009532	1	1	1	0	1
OG0009533	OG0009533	1	1	1	1	0
OG0009534	OG0009534	1	1	1	1	0
OG0009535	OG0009535	1	1	1	1	0
OG0009536	OG0009536	1	1	1	1	0
OG0009537	OG0009537	1	1	1	1	0
OG0009538	OG0009538	1	1	1	1	0
OG0009539	OG0009539	1	1	1	1	0
OG0009540	OG0009540	1	1	1	1	0
OG0009541	OG0009541	1	1	0	1	1
OG0009542	OG0009542	1	0	1	1	1
OG0009543	OG0009543	1	0	1	1	1
OG0009544	OG0009544	1	0	1	1	1
OG0009545	OG0009545	1	1	1	1	0
OG0009546	OG0009546	1	1	1	1	0
OG0009547	OG0009547	1	1	1	1	0
OG0009548	OG0009548	1	1	1	1	0
OG0009549	OG0009549	1	1	1	1	0
OG0009550	OG0009550	1	1	1	1	0
OG0009551	OG0009551	1	1	1	1	0
OG0009552	OG0009552	1	1	1	1	0
OG0009553	OG0009553	1	1	1	1	0
OG0009554	OG0009554	1	1	1	1	0
OG0009555	OG0009555	1	1	1	1	0
OG0009556	OG0009556	1	0	1	1	1
OG0009557	OG0009557	1	1	1	1	0
OG0009558	OG0009558	1	1	1	0	1
OG0009559	OG0009559	1	1	1	1	0
OG0009560	OG0009560	1	1	1	1	0
OG0009561	OG0009561	1	1	1	1	0
OG0009562	OG0009562	1	1	1	1	0
OG0009563	OG0009563	1	1	1	1	0
OG0009564	OG0009564	1	1	1	1	0
OG0009565	OG0009565	1	1	1	1	0
OG0009566	OG0009566	1	1	1	1	0
OG0009567	OG0009567	1	1	1	1	0
OG0009568	OG0009568	1	1	1	1	0
OG0009569	OG0009569	1	1	1	1	0
OG0009570	OG0009570	1	1	1	1	0
OG0009571	OG0009571	1	1	1	1	0
OG0009572	OG0009572	1	1	1	1	0
OG0009573	OG0009573	1	1	1	1	0
OG0009574	OG0009574	1	1	1	1	0
OG0009575	OG0009575	1	1	1	1	0
OG0009576	OG0009576	1	1	0	1	1
OG0009577	OG0009577	1	1	1	1	0
OG0009578	OG0009578	1	1	1	1	0
OG0009579	OG0009579	1	1	1	1	0
OG0009580	OG0009580	1	0	1	1	1
OG0009581	OG0009581	1	1	1	1	0
OG0009582	OG0009582	1	1	0	1	1
OG0009583	OG0009583	1	1	1	1	0
OG0009584	OG0009584	1	1	1	1	0
OG0009585	OG0009585	1	1	1	1	0
OG0009586	OG0009586	1	1	1	1	0
OG0009587	OG0009587	1	1	1	1	0
OG0009588	OG0009588	1	1	1	1	0
OG0009589	OG0009589	1	1	1	1	0
OG0009590	OG0009590	1	1	1	1	0
OG0009591	OG0009591	1	1	1	1	0
OG0009592	OG0009592	1	1	1	1	0
OG0009593	OG0009593	1	1	1	1	0
OG0009594	OG0009594	1	1	1	1	0
OG0009595	OG0009595	1	1	1	1	0
OG0009596	OG0009596	1	1	1	1	0
OG0009597	OG0009597	1	1	1	1	0
OG0009598	OG0009598	1	1	1	1	0
OG0009599	OG0009599	1	1	1	1	0
OG0009600	OG0009600	1	1	1	1	0
OG0009601	OG0009601	1	1	1	1	0
OG0009602	OG0009602	1	1	1	1	0
OG0009603	OG0009603	1	1	1	1	0
OG0009604	OG0009604	1	1	1	1	0
OG0009605	OG0009605	1	1	1	1	0
OG0009606	OG0009606	1	1	1	1	0
OG0009607	OG0009607	1	0	1	1	1
OG0009608	OG0009608	1	1	1	1	0
OG0009609	OG0009609	1	1	1	1	0
OG0009610	OG0009610	1	0	1	0	2
OG0009611	OG0009611	1	1	1	1	0
OG0009612	OG0009612	1	1	1	1	0
OG0009613	OG0009613	1	1	1	1	0
OG0009614	OG0009614	1	1	1	1	0
OG0009615	OG0009615	1	1	1	1	0
OG0009616	OG0009616	1	1	1	1	0
OG0009617	OG0009617	1	1	1	1	0
OG0009618	OG0009618	1	1	1	1	0
OG0009619	OG0009619	1	2	1	0	0
OG0009620	OG0009620	1	1	1	1	0
OG0009621	OG0009621	1	0	1	1	1
OG0009622	OG0009622	1	0	1	1	1
OG0009623	OG0009623	1	1	1	1	0
OG0009624	OG0009624	1	1	1	1	0
OG0009625	OG0009625	1	1	1	1	0
OG0009626	OG0009626	1	1	1	1	0
OG0009627	OG0009627	1	1	1	1	0
OG0009628	OG0009628	1	1	1	1	0
OG0009629	OG0009629	1	1	1	1	0
OG0009630	OG0009630	1	1	1	1	0
OG0009631	OG0009631	1	1	1	1	0
OG0009632	OG0009632	1	1	1	0	1
OG0009633	OG0009633	1	1	1	1	0
OG0009634	OG0009634	1	1	1	1	0
OG0009635	OG0009635	1	1	1	1	0
OG0009636	OG0009636	1	1	1	1	0
OG0009637	OG0009637	1	1	1	1	0
OG0009638	OG0009638	1	0	1	0	2
OG0009639	OG0009639	1	1	1	1	0
OG0009640	OG0009640	1	1	1	1	0
OG0009641	OG0009641	1	1	1	1	0
OG0009642	OG0009642	1	1	1	1	0
OG0009643	OG0009643	1	1	1	1	0
OG0009644	OG0009644	1	1	0	1	1
OG0009645	OG0009645	1	1	1	0	1
OG0009646	OG0009646	1	1	1	1	0
OG0009647	OG0009647	1	1	1	1	0
OG0009648	OG0009648	1	1	1	1	0
OG0009649	OG0009649	1	1	1	1	0
OG0009650	OG0009650	1	1	1	1	0
OG0009651	OG0009651	1	1	1	1	0
OG0009652	OG0009652	1	1	1	1	0
OG0009653	OG0009653	1	1	0	1	1
OG0009654	OG0009654	1	1	1	1	0
OG0009655	OG0009655	1	1	1	1	0
OG0009656	OG0009656	1	1	1	1	0
OG0009657	OG0009657	1	1	1	1	0
OG0009658	OG0009658	1	1	1	1	0
OG0009659	OG0009659	1	1	1	1	0
OG0009660	OG0009660	1	1	1	1	0
OG0009661	OG0009661	1	1	1	1	0
OG0009662	OG0009662	1	1	1	1	0
OG0009663	OG0009663	1	1	1	1	0
OG0009664	OG0009664	1	1	1	1	0
OG0009665	OG0009665	1	1	1	1	0
OG0009666	OG0009666	1	1	1	1	0
OG0009667	OG0009667	1	1	0	1	1
OG0009668	OG0009668	1	1	1	1	0
OG0009669	OG0009669	1	1	1	1	0
OG0009670	OG0009670	1	1	1	1	0
OG0009671	OG0009671	1	1	1	1	0
OG0009672	OG0009672	1	1	1	1	0
OG0009673	OG0009673	1	1	1	1	0
OG0009674	OG0009674	1	1	1	1	0
OG0009675	OG0009675	1	0	1	1	1
OG0009676	OG0009676	1	1	1	1	0
OG0009677	OG0009677	1	1	1	1	0
OG0009678	OG0009678	1	1	1	1	0
OG0009679	OG0009679	1	1	1	1	0
OG0009680	OG0009680	1	1	1	1	0
OG0009681	OG0009681	1	1	1	1	0
OG0009682	OG0009682	1	0	1	1	1
OG0009683	OG0009683	1	1	1	1	0
OG0009684	OG0009684	1	1	1	1	0
OG0009685	OG0009685	1	1	1	1	0
OG0009686	OG0009686	1	1	1	1	0
OG0009687	OG0009687	1	1	1	1	0
OG0009688	OG0009688	1	1	1	1	0
OG0009689	OG0009689	1	1	1	1	0
OG0009690	OG0009690	1	1	0	1	1
OG0009691	OG0009691	1	1	1	1	0
OG0009692	OG0009692	1	1	1	1	0
OG0009693	OG0009693	1	1	0	1	1
OG0009694	OG0009694	1	1	0	1	1
OG0009695	OG0009695	1	1	1	1	0
OG0009696	OG0009696	1	1	1	1	0
OG0009697	OG0009697	1	1	1	1	0
OG0009698	OG0009698	1	1	1	1	0
OG0009699	OG0009699	1	1	1	1	0
OG0009700	OG0009700	1	1	1	1	0
OG0009701	OG0009701	1	1	1	1	0
OG0009702	OG0009702	1	1	1	1	0
OG0009703	OG0009703	1	0	1	1	1
OG0009704	OG0009704	1	1	1	1	0
OG0009705	OG0009705	1	1	1	1	0
OG0009706	OG0009706	1	1	1	1	0
OG0009707	OG0009707	1	1	1	1	0
OG0009708	OG0009708	1	1	1	1	0
OG0009709	OG0009709	1	1	0	2	0
OG0009710	OG0009710	1	1	1	1	0
OG0009711	OG0009711	1	1	1	1	0
OG0009712	OG0009712	1	1	0	1	1
OG0009713	OG0009713	1	1	1	1	0
OG0009714	OG0009714	1	1	1	1	0
OG0009715	OG0009715	1	1	0	1	1
OG0009716	OG0009716	1	1	1	1	0
OG0009717	OG0009717	1	0	1	1	1
OG0009718	OG0009718	1	1	1	0	1
OG0009719	OG0009719	1	1	0	0	2
OG0009720	OG0009720	1	1	1	1	0
OG0009721	OG0009721	1	1	1	0	1
OG0009722	OG0009722	1	1	1	1	0
OG0009723	OG0009723	1	1	1	1	0
OG0009724	OG0009724	1	1	1	1	0
OG0009725	OG0009725	1	1	1	1	0
OG0009726	OG0009726	1	1	1	1	0
OG0009727	OG0009727	1	1	1	1	0
OG0009728	OG0009728	1	1	1	1	0
OG0009729	OG0009729	1	1	1	1	0
OG0009730	OG0009730	1	1	1	1	0
OG0009731	OG0009731	1	1	1	1	0
OG0009732	OG0009732	1	1	1	1	0
OG0009733	OG0009733	1	1	1	1	0
OG0009734	OG0009734	1	1	1	1	0
OG0009735	OG0009735	1	1	1	1	0
OG0009736	OG0009736	1	1	1	1	0
OG0009737	OG0009737	1	0	1	1	1
OG0009738	OG0009738	1	0	1	1	1
OG0009739	OG0009739	1	1	1	1	0
OG0009740	OG0009740	1	1	1	1	0
OG0009741	OG0009741	1	1	1	1	0
OG0009742	OG0009742	1	1	1	1	0
OG0009743	OG0009743	1	1	1	1	0
OG0009744	OG0009744	1	1	1	1	0
OG0009745	OG0009745	1	1	1	1	0
OG0009746	OG0009746	1	1	1	1	0
OG0009747	OG0009747	1	1	1	1	0
OG0009748	OG0009748	1	1	1	1	0
OG0009749	OG0009749	1	1	1	0	1
OG0009750	OG0009750	1	1	1	0	1
OG0009751	OG0009751	1	0	1	2	0
OG0009752	OG0009752	1	1	1	1	0
OG0009753	OG0009753	1	1	1	1	0
OG0009754	OG0009754	1	1	1	1	0
OG0009755	OG0009755	1	1	1	1	0
OG0009756	OG0009756	1	1	1	1	0
OG0009757	OG0009757	1	1	1	1	0
OG0009758	OG0009758	1	1	1	1	0
OG0009759	OG0009759	1	1	1	1	0
OG0009760	OG0009760	1	1	1	1	0
OG0009761	OG0009761	1	1	1	1	0
OG0009762	OG0009762	1	1	1	1	0
OG0009763	OG0009763	1	1	1	1	0
OG0009764	OG0009764	1	1	1	1	0
OG0009765	OG0009765	1	1	1	1	0
OG0009766	OG0009766	1	1	1	1	0
OG0009767	OG0009767	1	1	1	1	0
OG0009768	OG0009768	1	1	1	1	0
OG0009769	OG0009769	1	1	1	1	0
OG0009770	OG0009770	1	1	0	1	1
OG0009771	OG0009771	1	1	1	1	0
OG0009772	OG0009772	1	1	1	1	0
OG0009773	OG0009773	1	1	1	1	0
OG0009774	OG0009774	1	1	1	1	0
OG0009775	OG0009775	1	1	1	1	0
OG0009776	OG0009776	1	1	1	1	0
OG0009777	OG0009777	1	1	0	1	1
OG0009778	OG0009778	1	1	1	1	0
OG0009779	OG0009779	1	1	1	1	0
OG0009780	OG0009780	1	1	1	1	0
OG0009781	OG0009781	1	1	0	1	1
OG0009782	OG0009782	1	1	1	1	0
OG0009783	OG0009783	1	1	1	1	0
OG0009784	OG0009784	1	1	1	1	0
OG0009785	OG0009785	1	1	1	1	0
OG0009786	OG0009786	1	1	1	1	0
OG0009787	OG0009787	1	1	1	1	0
OG0009788	OG0009788	1	1	1	1	0
OG0009789	OG0009789	1	1	1	1	0
OG0009790	OG0009790	1	1	1	1	0
OG0009791	OG0009791	1	1	1	1	0
OG0009792	OG0009792	1	1	1	1	0
OG0009793	OG0009793	1	1	1	1	0
OG0009794	OG0009794	1	1	1	1	0
OG0009795	OG0009795	1	0	1	1	1
OG0009796	OG0009796	1	1	1	1	0
OG0009797	OG0009797	1	1	1	1	0
OG0009798	OG0009798	1	1	1	1	0
OG0009799	OG0009799	1	1	1	1	0
OG0009800	OG0009800	1	1	1	1	0
OG0009801	OG0009801	1	1	1	1	0
OG0009802	OG0009802	1	1	1	1	0
OG0009803	OG0009803	1	0	1	1	1
OG0009804	OG0009804	1	1	1	0	1
OG0009805	OG0009805	1	1	1	1	0
OG0009806	OG0009806	1	1	0	1	1
OG0009807	OG0009807	1	1	1	1	0
OG0009808	OG0009808	1	1	1	1	0
OG0009809	OG0009809	1	1	1	1	0
OG0009810	OG0009810	1	0	1	1	1
OG0009811	OG0009811	1	0	1	1	1
OG0009812	OG0009812	1	1	1	1	0
OG0009813	OG0009813	1	1	1	1	0
OG0009814	OG0009814	1	0	1	1	1
OG0009815	OG0009815	1	1	1	1	0
OG0009816	OG0009816	1	1	1	1	0
OG0009817	OG0009817	1	1	1	1	0
OG0009818	OG0009818	1	1	1	0	1
OG0009819	OG0009819	1	1	1	1	0
OG0009820	OG0009820	1	1	1	1	0
OG0009821	OG0009821	1	0	1	1	1
OG0009822	OG0009822	1	1	1	1	0
OG0009823	OG0009823	1	1	1	1	0
OG0009824	OG0009824	1	1	1	1	0
OG0009825	OG0009825	1	1	1	1	0
OG0009826	OG0009826	1	1	1	1	0
OG0009827	OG0009827	1	1	1	1	0
OG0009828	OG0009828	1	1	1	1	0
OG0009829	OG0009829	1	1	1	1	0
OG0009830	OG0009830	1	1	1	1	0
OG0009831	OG0009831	1	1	1	1	0
OG0009832	OG0009832	1	1	1	1	0
OG0009833	OG0009833	1	1	1	1	0
OG0009834	OG0009834	1	1	1	1	0
OG0009835	OG0009835	1	0	1	1	1
OG0009836	OG0009836	1	0	1	1	1
OG0009837	OG0009837	1	0	1	1	1
OG0009838	OG0009838	1	0	1	1	1
OG0009839	OG0009839	1	1	1	1	0
OG0009840	OG0009840	1	1	1	1	0
OG0009841	OG0009841	1	0	1	1	1
OG0009842	OG0009842	1	0	1	1	1
OG0009843	OG0009843	1	1	1	1	0
OG0009844	OG0009844	1	1	1	1	0
OG0009845	OG0009845	1	1	1	1	0
OG0009846	OG0009846	1	1	1	1	0
OG0009847	OG0009847	1	1	1	0	1
OG0009848	OG0009848	1	1	1	1	0
OG0009849	OG0009849	1	1	1	1	0
OG0009850	OG0009850	1	1	1	1	0
OG0009851	OG0009851	1	1	0	1	1
OG0009852	OG0009852	1	1	1	1	0
OG0009853	OG0009853	1	1	1	1	0
OG0009854	OG0009854	1	1	1	1	0
OG0009855	OG0009855	1	0	1	1	1
OG0009856	OG0009856	1	1	1	1	0
OG0009857	OG0009857	1	1	1	1	0
OG0009858	OG0009858	1	1	1	1	0
OG0009859	OG0009859	1	1	1	1	0
OG0009860	OG0009860	1	1	1	1	0
OG0009861	OG0009861	1	1	1	1	0
OG0009862	OG0009862	1	1	1	1	0
OG0009863	OG0009863	1	1	1	1	0
OG0009864	OG0009864	1	1	1	1	0
OG0009865	OG0009865	1	0	1	1	1
OG0009866	OG0009866	1	0	1	1	1
OG0009867	OG0009867	1	0	1	1	1
OG0009868	OG0009868	1	0	1	1	1
OG0009869	OG0009869	1	0	1	1	1
OG0009870	OG0009870	1	0	1	1	1
OG0009871	OG0009871	1	0	1	1	1
OG0009872	OG0009872	1	0	1	1	1
OG0009873	OG0009873	1	0	1	1	1
OG0009874	OG0009874	1	0	1	1	1
OG0009875	OG0009875	1	0	1	1	1
OG0009876	OG0009876	1	0	1	1	1
OG0009877	OG0009877	1	0	1	1	1
OG0009878	OG0009878	1	0	1	1	1
OG0009879	OG0009879	1	0	1	1	1
OG0009880	OG0009880	1	0	1	1	1
OG0009881	OG0009881	1	0	1	1	1
OG0009882	OG0009882	1	0	1	1	1
OG0009883	OG0009883	1	0	1	1	1
OG0009884	OG0009884	1	0	1	1	1
OG0009885	OG0009885	1	0	1	1	1
OG0009886	OG0009886	1	0	1	1	1
OG0009887	OG0009887	1	1	1	1	0
OG0009888	OG0009888	1	1	1	1	0
OG0009889	OG0009889	1	1	1	1	0
OG0009890	OG0009890	1	1	1	1	0
OG0009891	OG0009891	1	1	1	1	0
OG0009892	OG0009892	1	1	1	1	0
OG0009893	OG0009893	1	1	1	1	0
OG0009894	OG0009894	1	1	1	1	0
OG0009895	OG0009895	1	1	1	1	0
OG0009896	OG0009896	1	1	1	1	0
OG0009897	OG0009897	1	1	1	1	0
OG0009898	OG0009898	1	1	1	1	0
OG0009899	OG0009899	1	1	1	1	0
OG0009900	OG0009900	1	1	1	1	0
OG0009901	OG0009901	1	1	1	1	0
OG0009902	OG0009902	1	1	1	1	0
OG0009903	OG0009903	1	1	1	1	0
OG0009904	OG0009904	1	1	1	1	0
OG0009905	OG0009905	1	1	0	1	1
OG0009906	OG0009906	1	1	1	1	0
OG0009907	OG0009907	1	1	1	1	0
OG0009908	OG0009908	1	1	1	1	0
OG0009909	OG0009909	1	1	1	1	0
OG0009910	OG0009910	1	1	1	1	0
OG0009911	OG0009911	1	1	1	1	0
OG0009912	OG0009912	1	1	1	1	0
OG0009913	OG0009913	1	1	1	0	1
OG0009914	OG0009914	1	1	1	1	0
OG0009915	OG0009915	1	1	1	1	0
OG0009916	OG0009916	1	1	1	1	0
OG0009917	OG0009917	1	0	1	1	1
OG0009918	OG0009918	1	1	1	1	0
OG0009919	OG0009919	1	1	1	1	0
OG0009920	OG0009920	1	1	1	1	0
OG0009921	OG0009921	1	1	1	1	0
OG0009922	OG0009922	1	1	1	1	0
OG0009923	OG0009923	1	1	1	1	0
OG0009924	OG0009924	1	1	1	1	0
OG0009925	OG0009925	1	1	1	1	0
OG0009926	OG0009926	1	1	1	1	0
OG0009927	OG0009927	1	1	1	1	0
OG0009928	OG0009928	1	1	1	1	0
OG0009929	OG0009929	1	1	1	0	1
OG0009930	OG0009930	1	1	1	1	0
OG0009931	OG0009931	1	1	1	1	0
OG0009932	OG0009932	1	1	1	1	0
OG0009933	OG0009933	1	1	1	1	0
OG0009934	OG0009934	1	1	1	1	0
OG0009935	OG0009935	1	1	1	1	0
OG0009936	OG0009936	1	1	1	1	0
OG0009937	OG0009937	1	1	1	1	0
OG0009938	OG0009938	1	0	1	1	1
OG0009939	OG0009939	1	0	1	1	1
OG0009940	OG0009940	1	1	1	1	0
OG0009941	OG0009941	1	0	1	1	1
OG0009942	OG0009942	1	0	1	1	1
OG0009943	OG0009943	1	0	1	1	1
OG0009944	OG0009944	1	0	1	1	1
OG0009945	OG0009945	1	0	1	1	1
OG0009946	OG0009946	1	0	1	1	1
OG0009947	OG0009947	1	0	1	1	1
OG0009948	OG0009948	1	0	1	1	1
OG0009949	OG0009949	1	0	1	1	1
OG0009950	OG0009950	1	1	1	1	0
OG0009951	OG0009951	1	1	1	1	0
OG0009952	OG0009952	1	0	1	1	1
OG0009953	OG0009953	1	1	1	1	0
OG0009954	OG0009954	1	1	1	1	0
OG0009955	OG0009955	1	1	1	1	0
OG0009956	OG0009956	1	1	1	1	0
OG0009957	OG0009957	1	1	1	1	0
OG0009958	OG0009958	1	1	1	1	0
OG0009959	OG0009959	1	1	1	1	0
OG0009960	OG0009960	1	1	1	1	0
OG0009961	OG0009961	1	0	1	2	0
OG0009962	OG0009962	1	1	1	1	0
OG0009963	OG0009963	1	1	1	0	1
OG0009964	OG0009964	1	1	1	1	0
OG0009965	OG0009965	1	1	1	1	0
OG0009966	OG0009966	1	1	1	1	0
OG0009967	OG0009967	1	1	1	1	0
OG0009968	OG0009968	1	1	1	1	0
OG0009969	OG0009969	1	1	1	1	0
OG0009970	OG0009970	1	1	1	1	0
OG0009971	OG0009971	1	1	1	1	0
OG0009972	OG0009972	1	1	1	1	0
OG0009973	OG0009973	1	1	1	1	0
OG0009974	OG0009974	1	1	1	1	0
OG0009975	OG0009975	1	1	1	1	0
OG0009976	OG0009976	1	1	1	1	0
OG0009977	OG0009977	1	1	1	1	0
OG0009978	OG0009978	1	0	1	1	1
OG0009979	OG0009979	1	1	1	1	0
OG0009980	OG0009980	1	1	1	1	0
OG0009981	OG0009981	1	1	1	1	0
OG0009982	OG0009982	1	1	1	1	0
OG0009983	OG0009983	1	1	1	1	0
OG0009984	OG0009984	1	1	1	1	0
OG0009985	OG0009985	1	1	1	1	0
OG0009986	OG0009986	1	1	1	1	0
OG0009987	OG0009987	1	1	1	1	0
OG0009988	OG0009988	1	1	1	1	0
OG0009989	OG0009989	1	1	1	1	0
OG0009990	OG0009990	1	1	1	1	0
OG0009991	OG0009991	1	1	1	1	0
OG0009992	OG0009992	1	1	1	1	0
OG0009993	OG0009993	2	1	1	0	0
OG0009994	OG0009994	1	0	1	1	1
OG0009995	OG0009995	1	0	1	1	1
OG0009996	OG0009996	1	0	1	1	1
OG0009997	OG0009997	1	1	1	1	0
OG0009998	OG0009998	1	1	1	1	0
OG0009999	OG0009999	1	1	1	1	0
OG0010000	OG0010000	1	1	1	1	0
OG0010001	OG0010001	1	1	1	1	0
OG0010002	OG0010002	1	1	1	1	0
OG0010003	OG0010003	1	1	1	1	0
OG0010004	OG0010004	1	1	1	1	0
OG0010005	OG0010005	1	1	1	1	0
OG0010006	OG0010006	1	1	1	1	0
OG0010007	OG0010007	1	1	1	1	0
OG0010008	OG0010008	1	1	0	1	1
OG0010009	OG0010009	1	1	1	1	0
OG0010010	OG0010010	1	1	1	1	0
OG0010011	OG0010011	1	1	1	1	0
OG0010012	OG0010012	1	1	1	1	0
OG0010013	OG0010013	1	1	1	1	0
OG0010014	OG0010014	1	0	1	1	1
OG0010015	OG0010015	1	1	1	1	0
OG0010016	OG0010016	1	1	1	1	0
OG0010017	OG0010017	1	1	1	1	0
OG0010018	OG0010018	1	1	1	1	0
OG0010019	OG0010019	1	1	1	1	0
OG0010020	OG0010020	1	1	1	1	0
OG0010021	OG0010021	1	1	1	1	0
OG0010022	OG0010022	1	1	1	1	0
OG0010023	OG0010023	1	1	1	1	0
OG0010024	OG0010024	1	1	1	1	0
OG0010025	OG0010025	1	1	1	1	0
OG0010026	OG0010026	1	1	1	1	0
OG0010027	OG0010027	1	1	1	1	0
OG0010028	OG0010028	1	1	1	1	0
OG0010029	OG0010029	1	1	1	1	0
OG0010030	OG0010030	1	1	1	1	0
OG0010031	OG0010031	1	1	1	1	0
OG0010032	OG0010032	1	1	1	1	0
OG0010033	OG0010033	1	1	1	1	0
OG0010034	OG0010034	1	1	1	1	0
OG0010035	OG0010035	1	1	1	1	0
OG0010036	OG0010036	1	1	1	1	0
OG0010037	OG0010037	1	1	1	1	0
OG0010038	OG0010038	1	1	1	1	0
OG0010039	OG0010039	1	1	1	1	0
OG0010040	OG0010040	1	1	1	1	0
OG0010041	OG0010041	1	1	1	1	0
OG0010042	OG0010042	1	1	1	1	0
OG0010043	OG0010043	1	1	1	1	0
OG0010044	OG0010044	1	1	1	1	0
OG0010045	OG0010045	1	1	1	1	0
OG0010046	OG0010046	1	1	0	1	1
OG0010047	OG0010047	1	1	1	1	0
OG0010048	OG0010048	1	1	1	1	0
OG0010049	OG0010049	1	1	1	1	0
OG0010050	OG0010050	1	1	1	1	0
OG0010051	OG0010051	1	1	1	1	0
OG0010052	OG0010052	1	1	1	1	0
OG0010053	OG0010053	1	1	0	1	1
OG0010054	OG0010054	1	1	1	1	0
OG0010055	OG0010055	1	1	1	1	0
OG0010056	OG0010056	1	1	1	1	0
OG0010057	OG0010057	1	1	1	1	0
OG0010058	OG0010058	1	1	1	1	0
OG0010059	OG0010059	1	1	1	1	0
OG0010060	OG0010060	1	1	1	1	0
OG0010061	OG0010061	1	1	1	1	0
OG0010062	OG0010062	1	1	1	1	0
OG0010063	OG0010063	1	1	1	1	0
OG0010064	OG0010064	1	1	1	1	0
OG0010065	OG0010065	1	1	1	1	0
OG0010066	OG0010066	1	1	1	1	0
OG0010067	OG0010067	1	1	1	1	0
OG0010068	OG0010068	1	1	1	0	1
OG0010069	OG0010069	1	1	1	1	0
OG0010070	OG0010070	1	1	1	1	0
OG0010071	OG0010071	1	1	1	1	0
OG0010072	OG0010072	1	1	1	1	0
OG0010073	OG0010073	1	1	1	1	0
OG0010074	OG0010074	1	1	1	1	0
OG0010075	OG0010075	1	1	1	1	0
OG0010076	OG0010076	1	1	0	1	1
OG0010077	OG0010077	1	1	1	1	0
OG0010078	OG0010078	1	1	1	1	0
OG0010079	OG0010079	1	1	1	1	0
OG0010080	OG0010080	1	1	1	1	0
OG0010081	OG0010081	1	1	1	1	0
OG0010082	OG0010082	1	0	1	1	1
OG0010083	OG0010083	1	1	1	1	0
OG0010084	OG0010084	1	1	1	1	0
OG0010085	OG0010085	1	1	1	1	0
OG0010086	OG0010086	1	1	1	1	0
OG0010087	OG0010087	1	1	1	1	0
OG0010088	OG0010088	1	1	1	1	0
OG0010089	OG0010089	1	1	0	1	1
OG0010090	OG0010090	1	1	1	1	0
OG0010091	OG0010091	1	1	1	0	1
OG0010092	OG0010092	1	1	1	1	0
OG0010093	OG0010093	1	1	1	0	1
OG0010094	OG0010094	1	1	1	1	0
OG0010095	OG0010095	1	1	1	1	0
OG0010096	OG0010096	1	1	1	1	0
OG0010097	OG0010097	1	1	1	1	0
OG0010098	OG0010098	1	1	1	1	0
OG0010099	OG0010099	1	1	1	1	0
OG0010100	OG0010100	1	1	1	1	0
OG0010101	OG0010101	1	1	0	1	1
OG0010102	OG0010102	1	1	1	1	0
OG0010103	OG0010103	1	1	0	1	1
OG0010104	OG0010104	1	1	1	1	0
OG0010105	OG0010105	1	1	0	1	1
OG0010106	OG0010106	1	1	1	1	0
OG0010107	OG0010107	1	1	1	1	0
OG0010108	OG0010108	1	1	1	1	0
OG0010109	OG0010109	1	1	1	1	0
OG0010110	OG0010110	1	1	1	1	0
OG0010111	OG0010111	1	1	1	1	0
OG0010112	OG0010112	1	1	0	1	1
OG0010113	OG0010113	1	1	1	1	0
OG0010114	OG0010114	1	1	1	1	0
OG0010115	OG0010115	1	1	1	1	0
OG0010116	OG0010116	1	1	1	1	0
OG0010117	OG0010117	1	0	1	1	1
OG0010118	OG0010118	1	1	1	1	0
OG0010119	OG0010119	1	1	1	1	0
OG0010120	OG0010120	1	1	1	1	0
OG0010121	OG0010121	1	1	1	1	0
OG0010122	OG0010122	1	1	1	1	0
OG0010123	OG0010123	1	1	1	1	0
OG0010124	OG0010124	1	1	1	1	0
OG0010125	OG0010125	1	1	1	1	0
OG0010126	OG0010126	1	1	1	1	0
OG0010127	OG0010127	1	1	1	1	0
OG0010128	OG0010128	1	1	1	1	0
OG0010129	OG0010129	1	1	1	1	0
OG0010130	OG0010130	1	1	1	1	0
OG0010131	OG0010131	1	1	1	1	0
OG0010132	OG0010132	1	1	1	1	0
OG0010133	OG0010133	1	1	1	1	0
OG0010134	OG0010134	1	1	1	1	0
OG0010135	OG0010135	1	1	1	1	0
OG0010136	OG0010136	1	1	1	1	0
OG0010137	OG0010137	1	1	1	1	0
OG0010138	OG0010138	1	1	1	1	0
OG0010139	OG0010139	1	1	1	1	0
OG0010140	OG0010140	1	1	1	1	0
OG0010141	OG0010141	1	1	1	1	0
OG0010142	OG0010142	1	1	1	1	0
OG0010143	OG0010143	1	1	1	1	0
OG0010144	OG0010144	1	1	1	1	0
OG0010145	OG0010145	1	1	1	1	0
OG0010146	OG0010146	1	1	1	1	0
OG0010147	OG0010147	1	1	1	1	0
OG0010148	OG0010148	1	1	1	1	0
OG0010149	OG0010149	1	1	1	1	0
OG0010150	OG0010150	1	0	1	1	1
OG0010151	OG0010151	1	0	1	1	1
OG0010152	OG0010152	1	0	1	1	1
OG0010153	OG0010153	1	0	1	1	1
OG0010154	OG0010154	1	1	1	1	0
OG0010155	OG0010155	1	1	1	1	0
OG0010156	OG0010156	1	1	1	1	0
OG0010157	OG0010157	1	1	1	1	0
OG0010158	OG0010158	1	1	1	1	0
OG0010159	OG0010159	1	1	1	1	0
OG0010160	OG0010160	1	1	1	1	0
OG0010161	OG0010161	1	1	1	1	0
OG0010162	OG0010162	1	1	1	1	0
OG0010163	OG0010163	1	1	1	1	0
OG0010164	OG0010164	1	1	1	1	0
OG0010165	OG0010165	1	1	1	1	0
OG0010166	OG0010166	1	1	1	1	0
OG0010167	OG0010167	1	1	1	1	0
OG0010168	OG0010168	1	1	1	1	0
OG0010169	OG0010169	1	0	1	1	1
OG0010170	OG0010170	1	1	1	1	0
OG0010171	OG0010171	1	1	1	1	0
OG0010172	OG0010172	1	0	1	1	1
OG0010173	OG0010173	1	1	1	1	0
OG0010174	OG0010174	1	1	1	1	0
OG0010175	OG0010175	1	1	1	1	0
OG0010176	OG0010176	1	1	1	1	0
OG0010177	OG0010177	1	1	1	1	0
OG0010178	OG0010178	1	1	1	1	0
OG0010179	OG0010179	1	1	1	1	0
OG0010180	OG0010180	1	1	1	1	0
OG0010181	OG0010181	1	1	1	1	0
OG0010182	OG0010182	1	1	0	1	1
OG0010183	OG0010183	1	1	1	1	0
OG0010184	OG0010184	1	1	1	1	0
OG0010185	OG0010185	1	1	0	1	1
OG0010186	OG0010186	1	1	1	1	0
OG0010187	OG0010187	1	1	1	1	0
OG0010188	OG0010188	1	1	1	1	0
OG0010189	OG0010189	1	1	1	1	0
OG0010190	OG0010190	1	1	1	1	0
OG0010191	OG0010191	1	1	1	1	0
OG0010192	OG0010192	1	1	1	1	0
OG0010193	OG0010193	1	1	1	1	0
OG0010194	OG0010194	1	1	1	1	0
OG0010195	OG0010195	1	1	1	1	0
OG0010196	OG0010196	1	1	1	1	0
OG0010197	OG0010197	1	1	1	1	0
OG0010198	OG0010198	1	1	1	1	0
OG0010199	OG0010199	1	1	1	1	0
OG0010200	OG0010200	1	1	1	1	0
OG0010201	OG0010201	1	1	1	1	0
OG0010202	OG0010202	1	1	1	1	0
OG0010203	OG0010203	1	1	0	1	1
OG0010204	OG0010204	1	1	1	1	0
OG0010205	OG0010205	1	1	1	1	0
OG0010206	OG0010206	1	1	1	1	0
OG0010207	OG0010207	1	1	1	1	0
OG0010208	OG0010208	1	1	1	1	0
OG0010209	OG0010209	1	1	0	1	1
OG0010210	OG0010210	1	1	1	1	0
OG0010211	OG0010211	1	1	1	1	0
OG0010212	OG0010212	1	1	1	1	0
OG0010213	OG0010213	1	0	1	1	1
OG0010214	OG0010214	1	1	1	1	0
OG0010215	OG0010215	1	1	1	1	0
OG0010216	OG0010216	1	1	1	1	0
OG0010217	OG0010217	1	1	1	1	0
OG0010218	OG0010218	1	1	1	1	0
OG0010219	OG0010219	1	1	1	1	0
OG0010220	OG0010220	1	1	1	1	0
OG0010221	OG0010221	1	1	1	1	0
OG0010222	OG0010222	1	1	1	1	0
OG0010223	OG0010223	1	1	1	1	0
OG0010224	OG0010224	1	1	1	1	0
OG0010225	OG0010225	1	1	1	1	0
OG0010226	OG0010226	1	1	1	1	0
OG0010227	OG0010227	1	1	1	1	0
OG0010228	OG0010228	1	1	1	1	0
OG0010229	OG0010229	1	1	1	1	0
OG0010230	OG0010230	1	0	1	1	1
OG0010231	OG0010231	1	1	1	1	0
OG0010232	OG0010232	1	0	1	1	1
OG0010233	OG0010233	1	0	1	1	1
OG0010234	OG0010234	1	0	1	1	1
OG0010235	OG0010235	1	0	1	1	1
OG0010236	OG0010236	1	0	1	1	1
OG0010237	OG0010237	1	0	1	1	1
OG0010238	OG0010238	1	0	1	1	1
OG0010239	OG0010239	1	0	1	1	1
OG0010240	OG0010240	1	0	1	1	1
OG0010241	OG0010241	1	1	1	1	0
OG0010242	OG0010242	1	1	1	1	0
OG0010243	OG0010243	1	0	1	1	1
OG0010244	OG0010244	1	1	1	1	0
OG0010245	OG0010245	1	1	1	1	0
OG0010246	OG0010246	1	1	1	1	0
OG0010247	OG0010247	1	1	1	1	0
OG0010248	OG0010248	1	1	1	1	0
OG0010249	OG0010249	1	1	1	1	0
OG0010250	OG0010250	1	1	1	1	0
OG0010251	OG0010251	1	1	1	1	0
OG0010252	OG0010252	1	1	1	1	0
OG0010253	OG0010253	1	1	1	1	0
OG0010254	OG0010254	1	1	1	1	0
OG0010255	OG0010255	1	1	1	0	1
OG0010256	OG0010256	1	1	1	1	0
OG0010257	OG0010257	1	1	1	1	0
OG0010258	OG0010258	1	1	1	1	0
OG0010259	OG0010259	1	1	1	1	0
OG0010260	OG0010260	1	1	0	1	1
OG0010261	OG0010261	1	1	1	1	0
OG0010262	OG0010262	1	0	1	1	1
OG0010263	OG0010263	1	1	1	1	0
OG0010264	OG0010264	1	1	1	1	0
OG0010265	OG0010265	1	1	1	1	0
OG0010266	OG0010266	1	1	1	1	0
OG0010267	OG0010267	1	1	1	1	0
OG0010268	OG0010268	1	1	1	0	1
OG0010269	OG0010269	1	1	1	1	0
OG0010270	OG0010270	1	1	1	1	0
OG0010271	OG0010271	1	1	1	1	0
OG0010272	OG0010272	1	1	1	1	0
OG0010273	OG0010273	1	0	1	1	1
OG0010274	OG0010274	1	0	1	1	1
OG0010275	OG0010275	1	1	1	1	0
OG0010276	OG0010276	1	1	0	1	1
OG0010277	OG0010277	1	1	1	1	0
OG0010278	OG0010278	1	1	0	1	1
OG0010279	OG0010279	1	1	1	1	0
OG0010280	OG0010280	1	1	0	1	1
OG0010281	OG0010281	1	1	1	1	0
OG0010282	OG0010282	1	1	0	1	1
OG0010283	OG0010283	1	1	1	1	0
OG0010284	OG0010284	1	1	1	1	0
OG0010285	OG0010285	1	1	1	1	0
OG0010286	OG0010286	1	0	1	1	1
OG0010287	OG0010287	1	1	1	1	0
OG0010288	OG0010288	1	1	0	1	1
OG0010289	OG0010289	1	1	1	1	0
OG0010290	OG0010290	1	1	1	1	0
OG0010291	OG0010291	1	1	1	1	0
OG0010292	OG0010292	1	1	1	1	0
OG0010293	OG0010293	1	1	1	1	0
OG0010294	OG0010294	1	1	1	1	0
OG0010295	OG0010295	1	1	1	1	0
OG0010296	OG0010296	1	1	1	1	0
OG0010297	OG0010297	1	1	1	1	0
OG0010298	OG0010298	1	1	1	1	0
OG0010299	OG0010299	1	1	0	1	1
OG0010300	OG0010300	1	1	1	1	0
OG0010301	OG0010301	1	1	1	1	0
OG0010302	OG0010302	1	1	1	1	0
OG0010303	OG0010303	1	1	1	1	0
OG0010304	OG0010304	1	1	1	1	0
OG0010305	OG0010305	1	1	1	1	0
OG0010306	OG0010306	1	1	1	1	0
OG0010307	OG0010307	1	1	1	1	0
OG0010308	OG0010308	1	1	1	1	0
OG0010309	OG0010309	1	0	1	1	1
OG0010310	OG0010310	1	1	1	0	1
OG0010311	OG0010311	1	1	1	1	0
OG0010312	OG0010312	1	1	1	1	0
OG0010313	OG0010313	1	1	1	1	0
OG0010314	OG0010314	1	1	1	1	0
OG0010315	OG0010315	1	1	1	1	0
OG0010316	OG0010316	1	1	1	1	0
OG0010317	OG0010317	1	1	1	1	0
OG0010318	OG0010318	1	1	1	1	0
OG0010319	OG0010319	1	1	1	1	0
OG0010320	OG0010320	1	1	1	1	0
OG0010321	OG0010321	1	1	1	1	0
OG0010322	OG0010322	1	1	1	1	0
OG0010323	OG0010323	1	1	1	1	0
OG0010324	OG0010324	1	1	1	1	0
OG0010325	OG0010325	1	0	1	2	0
OG0010326	OG0010326	1	1	1	1	0
OG0010327	OG0010327	1	1	1	1	0
OG0010328	OG0010328	1	1	1	1	0
OG0010329	OG0010329	1	1	1	1	0
OG0010330	OG0010330	1	1	1	1	0
OG0010331	OG0010331	1	1	1	1	0
OG0010332	OG0010332	1	1	1	1	0
OG0010333	OG0010333	1	1	1	1	0
OG0010334	OG0010334	1	1	1	1	0
OG0010335	OG0010335	1	1	1	1	0
OG0010336	OG0010336	1	1	1	1	0
OG0010337	OG0010337	1	1	1	1	0
OG0010338	OG0010338	1	1	1	1	0
OG0010339	OG0010339	1	1	1	1	0
OG0010340	OG0010340	1	1	0	0	2
OG0010341	OG0010341	1	1	1	1	0
OG0010342	OG0010342	1	1	1	1	0
OG0010343	OG0010343	1	1	1	1	0
OG0010344	OG0010344	1	1	1	1	0
OG0010345	OG0010345	1	1	1	1	0
OG0010346	OG0010346	1	1	1	1	0
OG0010347	OG0010347	1	1	1	1	0
OG0010348	OG0010348	1	1	1	1	0
OG0010349	OG0010349	1	0	1	1	1
OG0010350	OG0010350	1	1	1	1	0
OG0010351	OG0010351	1	1	1	1	0
OG0010352	OG0010352	1	1	1	1	0
OG0010353	OG0010353	1	1	1	1	0
OG0010354	OG0010354	1	1	1	1	0
OG0010355	OG0010355	1	1	1	0	1
OG0010356	OG0010356	1	1	1	1	0
OG0010357	OG0010357	1	1	1	1	0
OG0010358	OG0010358	1	1	1	1	0
OG0010359	OG0010359	1	1	1	1	0
OG0010360	OG0010360	1	1	1	1	0
OG0010361	OG0010361	1	1	1	1	0
OG0010362	OG0010362	1	1	0	1	1
OG0010363	OG0010363	1	1	1	1	0
OG0010364	OG0010364	1	1	1	0	1
OG0010365	OG0010365	1	1	1	1	0
OG0010366	OG0010366	1	1	1	1	0
OG0010367	OG0010367	1	1	1	1	0
OG0010368	OG0010368	1	1	1	1	0
OG0010369	OG0010369	1	1	1	1	0
OG0010370	OG0010370	1	1	1	1	0
OG0010371	OG0010371	1	1	1	1	0
OG0010372	OG0010372	1	1	1	1	0
OG0010373	OG0010373	1	0	1	1	1
OG0010374	OG0010374	1	1	1	1	0
OG0010375	OG0010375	1	1	1	0	1
OG0010376	OG0010376	1	1	1	1	0
OG0010377	OG0010377	1	0	1	1	1
OG0010378	OG0010378	1	1	1	1	0
OG0010379	OG0010379	1	1	1	1	0
OG0010380	OG0010380	1	1	1	1	0
OG0010381	OG0010381	1	1	1	1	0
OG0010382	OG0010382	1	1	1	1	0
OG0010383	OG0010383	1	1	1	1	0
OG0010384	OG0010384	1	1	1	1	0
OG0010385	OG0010385	1	1	1	1	0
OG0010386	OG0010386	1	1	1	1	0
OG0010387	OG0010387	1	1	1	1	0
OG0010388	OG0010388	1	1	1	0	1
OG0010389	OG0010389	1	1	1	1	0
OG0010390	OG0010390	1	1	1	1	0
OG0010391	OG0010391	1	1	1	1	0
OG0010392	OG0010392	1	1	1	1	0
OG0010393	OG0010393	1	1	1	1	0
OG0010394	OG0010394	1	1	1	1	0
OG0010395	OG0010395	1	1	1	1	0
OG0010396	OG0010396	1	1	1	0	1
OG0010397	OG0010397	1	1	1	1	0
OG0010398	OG0010398	1	1	1	1	0
OG0010399	OG0010399	1	1	1	1	0
OG0010400	OG0010400	1	1	1	1	0
OG0010401	OG0010401	1	1	1	1	0
OG0010402	OG0010402	1	1	1	1	0
OG0010403	OG0010403	1	1	1	0	1
OG0010404	OG0010404	1	1	1	1	0
OG0010405	OG0010405	1	1	1	1	0
OG0010406	OG0010406	1	1	1	1	0
OG0010407	OG0010407	1	1	1	1	0
OG0010408	OG0010408	1	1	1	1	0
OG0010409	OG0010409	1	1	1	1	0
OG0010410	OG0010410	1	1	1	1	0
OG0010411	OG0010411	1	1	1	1	0
OG0010412	OG0010412	1	1	1	1	0
OG0010413	OG0010413	1	1	1	1	0
OG0010414	OG0010414	1	1	1	1	0
OG0010415	OG0010415	1	1	1	1	0
OG0010416	OG0010416	1	1	1	1	0
OG0010417	OG0010417	1	1	1	1	0
OG0010418	OG0010418	1	1	1	1	0
OG0010419	OG0010419	1	1	1	1	0
OG0010420	OG0010420	1	1	1	1	0
OG0010421	OG0010421	1	1	1	1	0
OG0010422	OG0010422	1	1	1	1	0
OG0010423	OG0010423	1	1	0	1	1
OG0010424	OG0010424	1	1	1	1	0
OG0010425	OG0010425	1	1	1	1	0
OG0010426	OG0010426	1	1	1	1	0
OG0010427	OG0010427	1	1	1	1	0
OG0010428	OG0010428	1	1	1	1	0
OG0010429	OG0010429	1	1	1	1	0
OG0010430	OG0010430	1	1	1	1	0
OG0010431	OG0010431	1	1	1	1	0
OG0010432	OG0010432	1	1	1	1	0
OG0010433	OG0010433	1	1	1	1	0
OG0010434	OG0010434	1	1	1	1	0
OG0010435	OG0010435	1	1	1	1	0
OG0010436	OG0010436	1	1	1	1	0
OG0010437	OG0010437	1	1	1	1	0
OG0010438	OG0010438	1	1	1	1	0
OG0010439	OG0010439	1	0	1	1	1
OG0010440	OG0010440	1	1	1	0	1
OG0010441	OG0010441	1	1	1	1	0
OG0010442	OG0010442	1	1	0	1	1
OG0010443	OG0010443	1	1	1	1	0
OG0010444	OG0010444	1	1	1	1	0
OG0010445	OG0010445	1	1	1	1	0
OG0010446	OG0010446	1	1	1	1	0
OG0010447	OG0010447	1	1	1	1	0
OG0010448	OG0010448	1	1	1	1	0
OG0010449	OG0010449	1	1	1	1	0
OG0010450	OG0010450	1	1	1	1	0
OG0010451	OG0010451	1	1	1	1	0
OG0010452	OG0010452	1	1	1	1	0
OG0010453	OG0010453	1	1	1	1	0
OG0010454	OG0010454	1	0	1	1	1
OG0010455	OG0010455	1	0	1	1	1
OG0010456	OG0010456	1	0	1	1	1
OG0010457	OG0010457	1	0	1	1	1
OG0010458	OG0010458	1	1	1	1	0
OG0010459	OG0010459	1	1	1	1	0
OG0010460	OG0010460	1	1	1	1	0
OG0010461	OG0010461	1	1	1	1	0
OG0010462	OG0010462	1	1	1	1	0
OG0010463	OG0010463	1	1	1	1	0
OG0010464	OG0010464	1	1	1	1	0
OG0010465	OG0010465	1	1	1	1	0
OG0010466	OG0010466	1	1	1	1	0
OG0010467	OG0010467	1	1	1	1	0
OG0010468	OG0010468	1	1	1	1	0
OG0010469	OG0010469	1	1	1	1	0
OG0010470	OG0010470	1	1	1	1	0
OG0010471	OG0010471	1	1	1	1	0
OG0010472	OG0010472	1	0	1	1	1
OG0010473	OG0010473	1	0	1	1	1
OG0010474	OG0010474	1	1	1	1	0
OG0010475	OG0010475	1	1	1	1	0
OG0010476	OG0010476	1	1	1	1	0
OG0010477	OG0010477	1	1	1	1	0
OG0010478	OG0010478	1	1	1	1	0
OG0010479	OG0010479	1	1	1	1	0
OG0010480	OG0010480	1	1	1	1	0
OG0010481	OG0010481	1	1	1	1	0
OG0010482	OG0010482	1	1	1	1	0
OG0010483	OG0010483	1	1	1	1	0
OG0010484	OG0010484	1	1	1	1	0
OG0010485	OG0010485	1	1	1	1	0
OG0010486	OG0010486	1	1	1	1	0
OG0010487	OG0010487	1	1	1	1	0
OG0010488	OG0010488	1	1	1	1	0
OG0010489	OG0010489	1	1	1	1	0
OG0010490	OG0010490	1	1	1	1	0
OG0010491	OG0010491	1	1	1	1	0
OG0010492	OG0010492	1	1	1	1	0
OG0010493	OG0010493	1	1	1	1	0
OG0010494	OG0010494	1	1	1	1	0
OG0010495	OG0010495	1	1	1	1	0
OG0010496	OG0010496	1	1	1	1	0
OG0010497	OG0010497	1	1	1	1	0
OG0010498	OG0010498	1	1	1	1	0
OG0010499	OG0010499	1	1	1	1	0
OG0010500	OG0010500	1	1	1	1	0
OG0010501	OG0010501	1	1	1	1	0
OG0010502	OG0010502	1	0	1	1	1
OG0010503	OG0010503	1	1	1	1	0
OG0010504	OG0010504	1	1	1	1	0
OG0010505	OG0010505	1	1	1	1	0
OG0010506	OG0010506	1	1	0	1	1
OG0010507	OG0010507	1	1	1	1	0
OG0010508	OG0010508	1	1	1	1	0
OG0010509	OG0010509	1	1	1	1	0
OG0010510	OG0010510	1	1	1	1	0
OG0010511	OG0010511	1	1	1	1	0
OG0010512	OG0010512	1	1	1	1	0
OG0010513	OG0010513	1	1	1	1	0
OG0010514	OG0010514	1	2	0	0	1
OG0010515	OG0010515	1	1	1	1	0
OG0010516	OG0010516	1	1	1	1	0
OG0010517	OG0010517	1	1	1	1	0
OG0010518	OG0010518	1	1	1	1	0
OG0010519	OG0010519	1	1	1	1	0
OG0010520	OG0010520	1	1	1	1	0
OG0010521	OG0010521	1	1	1	1	0
OG0010522	OG0010522	1	1	1	1	0
OG0010523	OG0010523	1	1	1	1	0
OG0010524	OG0010524	1	1	1	1	0
OG0010525	OG0010525	1	1	1	1	0
OG0010526	OG0010526	1	1	1	1	0
OG0010527	OG0010527	1	1	1	1	0
OG0010528	OG0010528	1	1	1	1	0
OG0010529	OG0010529	1	0	1	1	1
OG0010530	OG0010530	1	1	1	1	0
OG0010531	OG0010531	1	1	1	1	0
OG0010532	OG0010532	1	1	1	1	0
OG0010533	OG0010533	1	1	1	1	0
OG0010534	OG0010534	1	1	1	1	0
OG0010535	OG0010535	1	1	1	1	0
OG0010536	OG0010536	1	1	1	1	0
OG0010537	OG0010537	1	1	1	1	0
OG0010538	OG0010538	1	1	1	1	0
OG0010539	OG0010539	1	1	1	1	0
OG0010540	OG0010540	1	1	1	1	0
OG0010541	OG0010541	1	1	1	1	0
OG0010542	OG0010542	1	1	1	1	0
OG0010543	OG0010543	1	2	0	0	1
OG0010544	OG0010544	1	1	0	1	1
OG0010545	OG0010545	1	1	1	1	0
OG0010546	OG0010546	1	1	1	1	0
OG0010547	OG0010547	1	1	1	1	0
OG0010548	OG0010548	1	0	1	1	1
OG0010549	OG0010549	1	1	1	1	0
OG0010550	OG0010550	1	1	1	1	0
OG0010551	OG0010551	1	1	1	1	0
OG0010552	OG0010552	1	1	1	1	0
OG0010553	OG0010553	1	1	1	0	1
OG0010554	OG0010554	1	1	1	1	0
OG0010555	OG0010555	1	1	1	1	0
OG0010556	OG0010556	1	1	1	1	0
OG0010557	OG0010557	1	1	1	1	0
OG0010558	OG0010558	1	1	1	1	0
OG0010559	OG0010559	1	1	1	1	0
OG0010560	OG0010560	1	1	0	1	1
OG0010561	OG0010561	1	1	1	1	0
OG0010562	OG0010562	1	1	1	1	0
OG0010563	OG0010563	1	1	1	1	0
OG0010564	OG0010564	1	1	1	1	0
OG0010565	OG0010565	1	1	1	1	0
OG0010566	OG0010566	1	1	1	1	0
OG0010567	OG0010567	1	0	1	1	1
OG0010568	OG0010568	1	1	1	1	0
OG0010569	OG0010569	1	1	1	1	0
OG0010570	OG0010570	1	1	1	1	0
OG0010571	OG0010571	1	1	0	1	1
OG0010572	OG0010572	1	1	1	1	0
OG0010573	OG0010573	1	1	1	1	0
OG0010574	OG0010574	1	1	1	1	0
OG0010575	OG0010575	1	1	1	1	0
OG0010576	OG0010576	1	1	1	1	0
OG0010577	OG0010577	1	1	1	1	0
OG0010578	OG0010578	1	1	1	0	1
OG0010579	OG0010579	1	1	1	1	0
OG0010580	OG0010580	1	1	1	1	0
OG0010581	OG0010581	1	1	1	0	1
OG0010582	OG0010582	1	1	1	1	0
OG0010583	OG0010583	1	1	1	1	0
OG0010584	OG0010584	1	1	1	1	0
OG0010585	OG0010585	1	1	1	1	0
OG0010586	OG0010586	1	1	1	1	0
OG0010587	OG0010587	1	1	1	1	0
OG0010588	OG0010588	1	1	1	1	0
OG0010589	OG0010589	1	0	1	1	1
OG0010590	OG0010590	1	1	1	1	0
OG0010591	OG0010591	1	1	1	1	0
OG0010592	OG0010592	1	1	1	1	0
OG0010593	OG0010593	1	1	1	1	0
OG0010594	OG0010594	1	1	1	1	0
OG0010595	OG0010595	1	1	1	1	0
OG0010596	OG0010596	1	1	1	1	0
OG0010597	OG0010597	1	1	1	1	0
OG0010598	OG0010598	1	1	1	1	0
OG0010599	OG0010599	1	1	1	1	0
OG0010600	OG0010600	1	1	1	1	0
OG0010601	OG0010601	1	1	1	1	0
OG0010602	OG0010602	1	1	1	1	0
OG0010603	OG0010603	1	1	1	1	0
OG0010604	OG0010604	1	1	1	1	0
OG0010605	OG0010605	1	1	1	1	0
OG0010606	OG0010606	1	0	1	1	1
OG0010607	OG0010607	1	1	0	1	1
OG0010608	OG0010608	1	1	0	1	1
OG0010609	OG0010609	1	1	1	1	0
OG0010610	OG0010610	1	1	1	1	0
OG0010611	OG0010611	1	1	1	1	0
OG0010612	OG0010612	1	1	1	1	0
OG0010613	OG0010613	1	1	1	1	0
OG0010614	OG0010614	1	1	1	1	0
OG0010615	OG0010615	1	1	1	1	0
OG0010616	OG0010616	1	1	1	1	0
OG0010617	OG0010617	1	1	1	1	0
OG0010618	OG0010618	1	0	1	1	1
OG0010619	OG0010619	1	1	1	1	0
OG0010620	OG0010620	1	1	1	1	0
OG0010621	OG0010621	1	1	1	1	0
OG0010622	OG0010622	1	1	1	1	0
OG0010623	OG0010623	1	0	1	1	1
OG0010624	OG0010624	1	1	1	1	0
OG0010625	OG0010625	1	1	1	1	0
OG0010626	OG0010626	1	1	1	1	0
OG0010627	OG0010627	1	1	0	1	1
OG0010628	OG0010628	1	1	1	1	0
OG0010629	OG0010629	1	1	1	1	0
OG0010630	OG0010630	1	0	1	1	1
OG0010631	OG0010631	1	0	1	1	1
OG0010632	OG0010632	1	1	1	1	0
OG0010633	OG0010633	1	1	1	1	0
OG0010634	OG0010634	1	1	1	1	0
OG0010635	OG0010635	1	1	1	1	0
OG0010636	OG0010636	1	0	1	1	1
OG0010637	OG0010637	1	0	1	1	1
OG0010638	OG0010638	1	0	1	1	1
OG0010639	OG0010639	1	1	0	1	1
OG0010640	OG0010640	1	1	1	1	0
OG0010641	OG0010641	1	1	1	1	0
OG0010642	OG0010642	1	1	1	1	0
OG0010643	OG0010643	1	1	1	1	0
OG0010644	OG0010644	1	1	1	1	0
OG0010645	OG0010645	1	1	1	1	0
OG0010646	OG0010646	1	1	1	1	0
OG0010647	OG0010647	1	0	1	1	1
OG0010648	OG0010648	1	1	1	1	0
OG0010649	OG0010649	1	1	1	1	0
OG0010650	OG0010650	1	1	1	1	0
OG0010651	OG0010651	1	1	1	1	0
OG0010652	OG0010652	1	1	0	0	2
OG0010653	OG0010653	1	1	1	1	0
OG0010654	OG0010654	1	1	1	1	0
OG0010655	OG0010655	1	1	1	1	0
OG0010656	OG0010656	1	0	1	1	1
OG0010657	OG0010657	1	1	1	1	0
OG0010658	OG0010658	1	1	1	1	0
OG0010659	OG0010659	1	1	1	1	0
OG0010660	OG0010660	1	1	1	1	0
OG0010661	OG0010661	1	1	1	1	0
OG0010662	OG0010662	1	1	1	1	0
OG0010663	OG0010663	1	1	1	1	0
OG0010664	OG0010664	1	1	1	1	0
OG0010665	OG0010665	1	1	1	1	0
OG0010666	OG0010666	1	1	1	1	0
OG0010667	OG0010667	1	1	1	1	0
OG0010668	OG0010668	1	1	1	1	0
OG0010669	OG0010669	1	1	1	1	0
OG0010670	OG0010670	1	1	1	1	0
OG0010671	OG0010671	1	1	1	1	0
OG0010672	OG0010672	1	1	1	1	0
OG0010673	OG0010673	1	1	1	1	0
OG0010674	OG0010674	1	1	1	1	0
OG0010675	OG0010675	1	1	0	1	1
OG0010676	OG0010676	1	1	0	1	1
OG0010677	OG0010677	1	0	1	1	1
OG0010678	OG0010678	1	1	1	1	0
OG0010679	OG0010679	1	1	1	1	0
OG0010680	OG0010680	1	1	1	1	0
OG0010681	OG0010681	1	1	1	0	1
OG0010682	OG0010682	1	1	1	1	0
OG0010683	OG0010683	1	1	1	1	0
OG0010684	OG0010684	1	1	1	1	0
OG0010685	OG0010685	1	1	0	1	1
OG0010686	OG0010686	1	1	1	1	0
OG0010687	OG0010687	1	1	1	1	0
OG0010688	OG0010688	1	1	1	1	0
OG0010689	OG0010689	1	1	1	1	0
OG0010690	OG0010690	1	1	1	1	0
OG0010691	OG0010691	1	1	1	1	0
OG0010692	OG0010692	1	1	1	1	0
OG0010693	OG0010693	1	1	1	1	0
OG0010694	OG0010694	1	1	1	1	0
OG0010695	OG0010695	1	1	1	1	0
OG0010696	OG0010696	1	1	1	1	0
OG0010697	OG0010697	1	1	1	1	0
OG0010698	OG0010698	1	1	1	1	0
OG0010699	OG0010699	1	1	0	1	1
OG0010700	OG0010700	1	1	1	1	0
OG0010701	OG0010701	1	1	1	1	0
OG0010702	OG0010702	1	1	1	1	0
OG0010703	OG0010703	1	1	1	1	0
OG0010704	OG0010704	1	1	1	1	0
OG0010705	OG0010705	1	1	1	0	1
OG0010706	OG0010706	1	1	1	1	0
OG0010707	OG0010707	1	1	1	1	0
OG0010708	OG0010708	1	1	1	1	0
OG0010709	OG0010709	1	1	1	1	0
OG0010710	OG0010710	1	1	1	1	0
OG0010711	OG0010711	1	1	1	1	0
OG0010712	OG0010712	1	1	1	1	0
OG0010713	OG0010713	1	1	1	1	0
OG0010714	OG0010714	1	1	1	1	0
OG0010715	OG0010715	1	1	1	1	0
OG0010716	OG0010716	1	1	1	1	0
OG0010717	OG0010717	1	1	1	1	0
OG0010718	OG0010718	1	1	0	1	1
OG0010719	OG0010719	1	1	1	1	0
OG0010720	OG0010720	1	1	1	1	0
OG0010721	OG0010721	1	1	1	1	0
OG0010722	OG0010722	1	1	0	1	1
OG0010723	OG0010723	1	1	1	1	0
OG0010724	OG0010724	1	1	1	1	0
OG0010725	OG0010725	1	1	1	1	0
OG0010726	OG0010726	1	1	1	1	0
OG0010727	OG0010727	1	1	1	1	0
OG0010728	OG0010728	1	1	1	1	0
OG0010729	OG0010729	1	0	1	1	1
OG0010730	OG0010730	1	1	0	1	1
OG0010731	OG0010731	1	1	1	1	0
OG0010732	OG0010732	1	1	1	1	0
OG0010733	OG0010733	1	1	1	1	0
OG0010734	OG0010734	1	1	0	1	1
OG0010735	OG0010735	1	1	1	1	0
OG0010736	OG0010736	1	1	1	1	0
OG0010737	OG0010737	1	1	1	1	0
OG0010738	OG0010738	1	1	1	1	0
OG0010739	OG0010739	1	1	1	1	0
OG0010740	OG0010740	1	1	1	1	0
OG0010741	OG0010741	1	1	1	1	0
OG0010742	OG0010742	1	1	1	1	0
OG0010743	OG0010743	1	1	1	1	0
OG0010744	OG0010744	1	1	1	1	0
OG0010745	OG0010745	1	1	1	1	0
OG0010746	OG0010746	1	1	1	1	0
OG0010747	OG0010747	1	1	1	1	0
OG0010748	OG0010748	1	1	0	1	1
OG0010749	OG0010749	1	1	1	1	0
OG0010750	OG0010750	1	1	1	1	0
OG0010751	OG0010751	1	1	1	1	0
OG0010752	OG0010752	1	1	1	1	0
OG0010753	OG0010753	1	1	1	1	0
OG0010754	OG0010754	1	1	1	1	0
OG0010755	OG0010755	1	1	1	1	0
OG0010756	OG0010756	1	1	1	1	0
OG0010757	OG0010757	1	1	1	1	0
OG0010758	OG0010758	1	1	1	1	0
OG0010759	OG0010759	1	1	1	1	0
OG0010760	OG0010760	1	1	1	1	0
OG0010761	OG0010761	1	1	1	1	0
OG0010762	OG0010762	1	1	1	1	0
OG0010763	OG0010763	1	1	1	1	0
OG0010764	OG0010764	1	1	1	1	0
OG0010765	OG0010765	1	1	1	1	0
OG0010766	OG0010766	1	1	1	1	0
OG0010767	OG0010767	1	1	1	1	0
OG0010768	OG0010768	1	1	1	1	0
OG0010769	OG0010769	1	1	1	1	0
OG0010770	OG0010770	1	1	1	1	0
OG0010771	OG0010771	1	1	1	1	0
OG0010772	OG0010772	1	1	1	1	0
OG0010773	OG0010773	1	1	1	1	0
OG0010774	OG0010774	1	1	1	1	0
OG0010775	OG0010775	1	1	1	1	0
OG0010776	OG0010776	1	1	1	1	0
OG0010777	OG0010777	1	1	1	1	0
OG0010778	OG0010778	1	1	1	1	0
OG0010779	OG0010779	1	1	1	1	0
OG0010780	OG0010780	1	1	1	1	0
OG0010781	OG0010781	1	1	1	1	0
OG0010782	OG0010782	1	1	1	1	0
OG0010783	OG0010783	1	1	1	1	0
OG0010784	OG0010784	1	1	1	1	0
OG0010785	OG0010785	1	1	1	0	1
OG0010786	OG0010786	1	1	1	1	0
OG0010787	OG0010787	1	1	1	1	0
OG0010788	OG0010788	1	1	1	1	0
OG0010789	OG0010789	1	1	1	1	0
OG0010790	OG0010790	1	1	1	1	0
OG0010791	OG0010791	1	1	1	1	0
OG0010792	OG0010792	1	1	1	1	0
OG0010793	OG0010793	1	1	1	1	0
OG0010794	OG0010794	1	1	1	1	0
OG0010795	OG0010795	1	1	1	1	0
OG0010796	OG0010796	1	1	1	1	0
OG0010797	OG0010797	1	1	1	1	0
OG0010798	OG0010798	1	1	1	1	0
OG0010799	OG0010799	1	1	1	1	0
OG0010800	OG0010800	1	1	1	1	0
OG0010801	OG0010801	1	1	1	1	0
OG0010802	OG0010802	1	1	1	1	0
OG0010803	OG0010803	1	1	1	1	0
OG0010804	OG0010804	1	1	1	1	0
OG0010805	OG0010805	1	1	1	1	0
OG0010806	OG0010806	1	1	1	1	0
OG0010807	OG0010807	1	1	1	1	0
OG0010808	OG0010808	1	1	1	1	0
OG0010809	OG0010809	1	1	1	1	0
OG0010810	OG0010810	1	1	1	1	0
OG0010811	OG0010811	1	1	1	1	0
OG0010812	OG0010812	1	1	1	1	0
OG0010813	OG0010813	1	0	1	1	1
OG0010814	OG0010814	1	0	1	1	1
OG0010815	OG0010815	1	0	1	1	1
OG0010816	OG0010816	1	0	1	1	1
OG0010817	OG0010817	1	1	1	1	0
OG0010818	OG0010818	1	1	1	1	0
OG0010819	OG0010819	1	1	1	1	0
OG0010820	OG0010820	1	1	1	1	0
OG0010821	OG0010821	1	1	1	1	0
OG0010822	OG0010822	1	1	1	1	0
OG0010823	OG0010823	1	1	1	1	0
OG0010824	OG0010824	1	1	1	1	0
OG0010825	OG0010825	1	1	1	1	0
OG0010826	OG0010826	1	1	1	1	0
OG0010827	OG0010827	1	1	1	1	0
OG0010828	OG0010828	1	1	1	1	0
OG0010829	OG0010829	1	1	1	1	0
OG0010830	OG0010830	1	1	2	0	0
OG0010831	OG0010831	1	1	0	1	1
OG0010832	OG0010832	1	1	1	1	0
OG0010833	OG0010833	1	1	1	1	0
OG0010834	OG0010834	1	1	1	1	0
OG0010835	OG0010835	1	1	1	1	0
OG0010836	OG0010836	1	1	1	1	0
OG0010837	OG0010837	1	1	1	1	0
OG0010838	OG0010838	1	1	1	1	0
OG0010839	OG0010839	1	1	1	1	0
OG0010840	OG0010840	1	1	1	1	0
OG0010841	OG0010841	1	1	1	1	0
OG0010842	OG0010842	1	1	1	1	0
OG0010843	OG0010843	1	1	1	1	0
OG0010844	OG0010844	1	1	1	1	0
OG0010845	OG0010845	1	1	1	1	0
OG0010846	OG0010846	1	1	0	1	1
OG0010847	OG0010847	1	0	1	1	1
OG0010848	OG0010848	1	1	0	1	1
OG0010849	OG0010849	1	1	1	1	0
OG0010850	OG0010850	1	1	1	1	0
OG0010851	OG0010851	1	1	1	1	0
OG0010852	OG0010852	1	1	1	1	0
OG0010853	OG0010853	1	1	1	1	0
OG0010854	OG0010854	1	1	1	1	0
OG0010855	OG0010855	1	1	1	1	0
OG0010856	OG0010856	1	1	1	1	0
OG0010857	OG0010857	1	1	1	1	0
OG0010858	OG0010858	1	1	1	1	0
OG0010859	OG0010859	1	1	1	1	0
OG0010860	OG0010860	1	1	1	1	0
OG0010861	OG0010861	1	1	1	1	0
OG0010862	OG0010862	1	1	1	1	0
OG0010863	OG0010863	1	1	1	1	0
OG0010864	OG0010864	1	1	1	1	0
OG0010865	OG0010865	1	1	1	1	0
OG0010866	OG0010866	1	1	1	1	0
OG0010867	OG0010867	1	0	1	1	1
OG0010868	OG0010868	1	1	1	1	0
OG0010869	OG0010869	1	1	1	1	0
OG0010870	OG0010870	1	1	1	1	0
OG0010871	OG0010871	1	1	1	1	0
OG0010872	OG0010872	1	1	1	0	1
OG0010873	OG0010873	1	1	1	1	0
OG0010874	OG0010874	1	1	1	1	0
OG0010875	OG0010875	1	1	1	1	0
OG0010876	OG0010876	1	1	1	1	0
OG0010877	OG0010877	1	1	1	1	0
OG0010878	OG0010878	1	1	1	1	0
OG0010879	OG0010879	1	1	1	1	0
OG0010880	OG0010880	1	1	1	1	0
OG0010881	OG0010881	1	1	1	1	0
OG0010882	OG0010882	1	1	1	1	0
OG0010883	OG0010883	1	1	1	1	0
OG0010884	OG0010884	1	1	1	1	0
OG0010885	OG0010885	1	1	1	1	0
OG0010886	OG0010886	1	1	0	1	1
OG0010887	OG0010887	1	1	1	1	0
OG0010888	OG0010888	1	1	1	1	0
OG0010889	OG0010889	1	1	1	1	0
OG0010890	OG0010890	1	1	1	1	0
OG0010891	OG0010891	1	1	1	1	0
OG0010892	OG0010892	1	1	1	1	0
OG0010893	OG0010893	1	1	1	1	0
OG0010894	OG0010894	1	1	1	1	0
OG0010895	OG0010895	1	1	1	1	0
OG0010896	OG0010896	1	1	1	1	0
OG0010897	OG0010897	1	0	1	0	2
OG0010898	OG0010898	1	1	1	1	0
OG0010899	OG0010899	1	1	1	1	0
OG0010900	OG0010900	1	1	1	1	0
OG0010901	OG0010901	1	1	1	1	0
OG0010902	OG0010902	1	1	1	1	0
OG0010903	OG0010903	1	1	1	1	0
OG0010904	OG0010904	1	1	1	1	0
OG0010905	OG0010905	1	1	1	1	0
OG0010906	OG0010906	1	1	1	1	0
OG0010907	OG0010907	1	1	1	1	0
OG0010908	OG0010908	1	1	1	1	0
OG0010909	OG0010909	1	1	1	0	1
OG0010910	OG0010910	1	1	1	1	0
OG0010911	OG0010911	1	1	1	1	0
OG0010912	OG0010912	1	1	1	1	0
OG0010913	OG0010913	1	1	1	1	0
OG0010914	OG0010914	1	1	1	1	0
OG0010915	OG0010915	1	1	1	1	0
OG0010916	OG0010916	1	1	1	1	0
OG0010917	OG0010917	1	1	1	1	0
OG0010918	OG0010918	1	1	0	1	1
OG0010919	OG0010919	1	1	1	1	0
OG0010920	OG0010920	1	1	1	1	0
OG0010921	OG0010921	1	1	1	1	0
OG0010922	OG0010922	1	1	1	1	0
OG0010923	OG0010923	1	1	1	1	0
OG0010924	OG0010924	1	1	1	1	0
OG0010925	OG0010925	1	1	1	1	0
OG0010926	OG0010926	1	1	1	1	0
OG0010927	OG0010927	1	1	1	1	0
OG0010928	OG0010928	1	1	1	1	0
OG0010929	OG0010929	1	1	1	1	0
OG0010930	OG0010930	1	1	0	1	1
OG0010931	OG0010931	1	1	1	1	0
OG0010932	OG0010932	1	1	1	1	0
OG0010933	OG0010933	1	1	1	1	0
OG0010934	OG0010934	1	1	1	1	0
OG0010935	OG0010935	1	1	1	1	0
OG0010936	OG0010936	1	1	1	1	0
OG0010937	OG0010937	1	1	1	1	0
OG0010938	OG0010938	1	1	1	1	0
OG0010939	OG0010939	1	1	1	1	0
OG0010940	OG0010940	1	1	1	1	0
OG0010941	OG0010941	1	1	1	1	0
OG0010942	OG0010942	1	1	0	1	1
OG0010943	OG0010943	1	1	1	1	0
OG0010944	OG0010944	1	1	1	1	0
OG0010945	OG0010945	1	1	1	1	0
OG0010946	OG0010946	1	1	0	1	1
OG0010947	OG0010947	1	1	1	1	0
OG0010948	OG0010948	1	1	1	1	0
OG0010949	OG0010949	1	1	1	1	0
OG0010950	OG0010950	1	1	1	1	0
OG0010951	OG0010951	1	1	0	1	1
OG0010952	OG0010952	1	1	1	1	0
OG0010953	OG0010953	1	1	1	1	0
OG0010954	OG0010954	1	1	1	1	0
OG0010955	OG0010955	1	1	1	1	0
OG0010956	OG0010956	1	1	1	1	0
OG0010957	OG0010957	1	1	1	1	0
OG0010958	OG0010958	1	1	1	1	0
OG0010959	OG0010959	1	1	1	1	0
OG0010960	OG0010960	1	1	1	1	0
OG0010961	OG0010961	1	1	1	1	0
OG0010962	OG0010962	1	1	1	1	0
OG0010963	OG0010963	1	1	1	1	0
OG0010964	OG0010964	1	1	1	1	0
OG0010965	OG0010965	1	1	1	1	0
OG0010966	OG0010966	1	1	1	1	0
OG0010967	OG0010967	1	0	1	1	1
OG0010968	OG0010968	1	1	1	1	0
OG0010969	OG0010969	1	1	0	1	1
OG0010970	OG0010970	1	1	1	1	0
OG0010971	OG0010971	1	1	1	1	0
OG0010972	OG0010972	1	1	1	1	0
OG0010973	OG0010973	1	1	1	1	0
OG0010974	OG0010974	1	1	0	1	1
OG0010975	OG0010975	1	1	1	1	0
OG0010976	OG0010976	1	1	1	1	0
OG0010977	OG0010977	1	1	1	1	0
OG0010978	OG0010978	1	1	1	1	0
OG0010979	OG0010979	1	1	1	1	0
OG0010980	OG0010980	1	1	1	1	0
OG0010981	OG0010981	1	1	1	1	0
OG0010982	OG0010982	1	1	1	1	0
OG0010983	OG0010983	1	1	1	1	0
OG0010984	OG0010984	1	1	1	1	0
OG0010985	OG0010985	1	1	1	1	0
OG0010986	OG0010986	1	1	1	1	0
OG0010987	OG0010987	1	1	1	1	0
OG0010988	OG0010988	1	1	1	1	0
OG0010989	OG0010989	1	1	1	1	0
OG0010990	OG0010990	1	0	1	1	1
OG0010991	OG0010991	1	1	1	1	0
OG0010992	OG0010992	1	1	1	1	0
OG0010993	OG0010993	1	1	1	1	0
OG0010994	OG0010994	1	1	1	1	0
OG0010995	OG0010995	1	1	1	1	0
OG0010996	OG0010996	1	1	1	1	0
OG0010997	OG0010997	1	1	1	1	0
OG0010998	OG0010998	1	1	1	1	0
OG0010999	OG0010999	1	1	1	1	0
OG0011000	OG0011000	1	1	1	1	0
OG0011001	OG0011001	1	1	1	1	0
OG0011002	OG0011002	1	1	1	1	0
OG0011003	OG0011003	1	1	1	1	0
OG0011004	OG0011004	1	1	1	1	0
OG0011005	OG0011005	1	1	1	1	0
OG0011006	OG0011006	1	1	1	1	0
OG0011007	OG0011007	1	1	1	1	0
OG0011008	OG0011008	1	1	1	1	0
OG0011009	OG0011009	1	1	1	1	0
OG0011010	OG0011010	1	1	1	1	0
OG0011011	OG0011011	1	1	1	1	0
OG0011012	OG0011012	1	1	1	1	0
OG0011013	OG0011013	1	1	1	1	0
OG0011014	OG0011014	1	1	1	1	0
OG0011015	OG0011015	1	0	1	1	1
OG0011016	OG0011016	1	0	1	1	1
OG0011017	OG0011017	1	0	1	1	1
OG0011018	OG0011018	1	1	1	1	0
OG0011019	OG0011019	1	1	1	1	0
OG0011020	OG0011020	1	1	1	1	0
OG0011021	OG0011021	1	1	1	1	0
OG0011022	OG0011022	1	1	1	1	0
OG0011023	OG0011023	1	1	0	1	1
OG0011024	OG0011024	1	1	1	1	0
OG0011025	OG0011025	1	1	1	1	0
OG0011026	OG0011026	1	1	1	1	0
OG0011027	OG0011027	1	0	1	1	1
OG0011028	OG0011028	1	0	1	1	1
OG0011029	OG0011029	1	1	1	1	0
OG0011030	OG0011030	1	1	1	1	0
OG0011031	OG0011031	1	1	1	1	0
OG0011032	OG0011032	1	0	1	1	1
OG0011033	OG0011033	1	1	1	1	0
OG0011034	OG0011034	1	1	1	1	0
OG0011035	OG0011035	1	1	1	1	0
OG0011036	OG0011036	1	1	1	1	0
OG0011037	OG0011037	1	1	1	1	0
OG0011038	OG0011038	1	1	1	1	0
OG0011039	OG0011039	1	1	1	1	0
OG0011040	OG0011040	1	1	1	1	0
OG0011041	OG0011041	1	1	1	1	0
OG0011042	OG0011042	1	1	1	1	0
OG0011043	OG0011043	1	1	1	1	0
OG0011044	OG0011044	1	1	1	1	0
OG0011045	OG0011045	1	1	1	1	0
OG0011046	OG0011046	1	1	1	1	0
OG0011047	OG0011047	1	1	1	1	0
OG0011048	OG0011048	1	1	1	0	1
OG0011049	OG0011049	1	1	1	1	0
OG0011050	OG0011050	1	1	1	1	0
OG0011051	OG0011051	1	1	1	1	0
OG0011052	OG0011052	1	1	1	1	0
OG0011053	OG0011053	1	1	1	1	0
OG0011054	OG0011054	1	1	1	1	0
OG0011055	OG0011055	1	1	1	1	0
OG0011056	OG0011056	1	1	1	1	0
OG0011057	OG0011057	1	1	1	1	0
OG0011058	OG0011058	1	1	1	0	1
OG0011059	OG0011059	1	0	1	1	1
OG0011060	OG0011060	1	1	1	1	0
OG0011061	OG0011061	1	0	1	1	1
OG0011062	OG0011062	1	0	1	1	1
OG0011063	OG0011063	1	1	1	1	0
OG0011064	OG0011064	1	1	1	1	0
OG0011065	OG0011065	1	1	1	1	0
OG0011066	OG0011066	1	1	1	1	0
OG0011067	OG0011067	1	1	1	1	0
OG0011068	OG0011068	1	1	1	1	0
OG0011069	OG0011069	1	1	1	1	0
OG0011070	OG0011070	1	1	1	1	0
OG0011071	OG0011071	1	1	1	1	0
OG0011072	OG0011072	1	1	1	1	0
OG0011073	OG0011073	1	1	0	1	1
OG0011074	OG0011074	1	1	1	1	0
OG0011075	OG0011075	1	1	1	1	0
OG0011076	OG0011076	1	1	1	0	1
OG0011077	OG0011077	1	1	1	0	1
OG0011078	OG0011078	1	1	1	1	0
OG0011079	OG0011079	1	1	1	1	0
OG0011080	OG0011080	1	1	1	1	0
OG0011081	OG0011081	1	1	1	1	0
OG0011082	OG0011082	1	1	1	1	0
OG0011083	OG0011083	1	1	1	1	0
OG0011084	OG0011084	1	1	1	1	0
OG0011085	OG0011085	1	1	1	1	0
OG0011086	OG0011086	1	1	1	1	0
OG0011087	OG0011087	1	1	1	1	0
OG0011088	OG0011088	1	1	1	1	0
OG0011089	OG0011089	1	1	1	1	0
OG0011090	OG0011090	1	1	1	1	0
OG0011091	OG0011091	1	1	1	1	0
OG0011092	OG0011092	1	1	1	1	0
OG0011093	OG0011093	1	1	1	1	0
OG0011094	OG0011094	1	1	1	1	0
OG0011095	OG0011095	1	1	1	1	0
OG0011096	OG0011096	1	1	1	1	0
OG0011097	OG0011097	1	1	1	1	0
OG0011098	OG0011098	1	3	0	0	0
OG0011099	OG0011099	1	1	1	1	0
OG0011100	OG0011100	1	1	1	1	0
OG0011101	OG0011101	1	1	1	1	0
OG0011102	OG0011102	1	1	1	1	0
OG0011103	OG0011103	1	1	1	0	1
OG0011104	OG0011104	1	1	1	1	0
OG0011105	OG0011105	1	0	1	1	1
OG0011106	OG0011106	1	0	1	1	1
OG0011107	OG0011107	1	0	1	1	1
OG0011108	OG0011108	1	0	1	1	1
OG0011109	OG0011109	1	0	1	1	1
OG0011110	OG0011110	1	1	1	1	0
OG0011111	OG0011111	1	1	1	1	0
OG0011112	OG0011112	1	1	1	1	0
OG0011113	OG0011113	1	1	1	1	0
OG0011114	OG0011114	1	1	1	1	0
OG0011115	OG0011115	1	1	1	1	0
OG0011116	OG0011116	1	0	1	1	1
OG0011117	OG0011117	1	0	1	1	1
OG0011118	OG0011118	1	0	1	1	1
OG0011119	OG0011119	1	0	1	1	1
OG0011120	OG0011120	1	0	1	1	1
OG0011121	OG0011121	1	1	1	1	0
OG0011122	OG0011122	1	1	1	1	0
OG0011123	OG0011123	1	1	1	1	0
OG0011124	OG0011124	1	1	1	1	0
OG0011125	OG0011125	1	1	1	1	0
OG0011126	OG0011126	1	1	1	1	0
OG0011127	OG0011127	1	1	1	1	0
OG0011128	OG0011128	1	1	1	1	0
OG0011129	OG0011129	1	1	1	1	0
OG0011130	OG0011130	1	1	1	1	0
OG0011131	OG0011131	1	1	1	1	0
OG0011132	OG0011132	1	1	1	1	0
OG0011133	OG0011133	1	0	1	1	1
OG0011134	OG0011134	1	0	1	1	1
OG0011135	OG0011135	1	1	1	1	0
OG0011136	OG0011136	1	1	1	1	0
OG0011137	OG0011137	1	1	0	1	1
OG0011138	OG0011138	1	1	1	1	0
OG0011139	OG0011139	1	1	1	1	0
OG0011140	OG0011140	1	1	1	1	0
OG0011141	OG0011141	1	1	1	1	0
OG0011142	OG0011142	1	1	1	1	0
OG0011143	OG0011143	1	1	1	1	0
OG0011144	OG0011144	1	1	1	1	0
OG0011145	OG0011145	1	0	1	1	1
OG0011146	OG0011146	1	1	1	1	0
OG0011147	OG0011147	1	1	1	1	0
OG0011148	OG0011148	1	1	1	1	0
OG0011149	OG0011149	1	1	1	1	0
OG0011150	OG0011150	1	1	1	1	0
OG0011151	OG0011151	1	1	1	1	0
OG0011152	OG0011152	1	1	0	1	1
OG0011153	OG0011153	1	1	1	1	0
OG0011154	OG0011154	1	1	1	1	0
OG0011155	OG0011155	1	1	1	1	0
OG0011156	OG0011156	1	0	1	1	1
OG0011157	OG0011157	1	1	1	1	0
OG0011158	OG0011158	1	1	1	1	0
OG0011159	OG0011159	1	1	1	1	0
OG0011160	OG0011160	1	0	1	1	1
OG0011161	OG0011161	1	1	1	1	0
OG0011162	OG0011162	1	1	1	1	0
OG0011163	OG0011163	1	1	1	1	0
OG0011164	OG0011164	1	1	1	1	0
OG0011165	OG0011165	1	1	1	1	0
OG0011166	OG0011166	1	1	1	1	0
OG0011167	OG0011167	1	1	1	1	0
OG0011168	OG0011168	1	1	1	1	0
OG0011169	OG0011169	1	1	1	1	0
OG0011170	OG0011170	1	1	1	1	0
OG0011171	OG0011171	1	1	1	0	1
OG0011172	OG0011172	1	1	0	1	1
OG0011173	OG0011173	1	1	1	1	0
OG0011174	OG0011174	1	0	1	1	1
OG0011175	OG0011175	1	1	1	1	0
OG0011176	OG0011176	1	1	1	1	0
OG0011177	OG0011177	1	1	1	1	0
OG0011178	OG0011178	1	1	1	1	0
OG0011179	OG0011179	1	1	1	1	0
OG0011180	OG0011180	1	1	1	1	0
OG0011181	OG0011181	1	1	1	1	0
OG0011182	OG0011182	1	1	1	1	0
OG0011183	OG0011183	1	1	1	1	0
OG0011184	OG0011184	1	1	1	1	0
OG0011185	OG0011185	1	1	1	1	0
OG0011186	OG0011186	1	1	1	1	0
OG0011187	OG0011187	1	0	1	1	1
OG0011188	OG0011188	1	0	1	1	1
OG0011189	OG0011189	1	0	1	1	1
OG0011190	OG0011190	1	0	1	1	1
OG0011191	OG0011191	1	1	1	1	0
OG0011192	OG0011192	1	1	1	1	0
OG0011193	OG0011193	1	1	1	1	0
OG0011194	OG0011194	1	1	1	1	0
OG0011195	OG0011195	1	1	1	1	0
OG0011196	OG0011196	1	1	1	1	0
OG0011197	OG0011197	1	1	1	1	0
OG0011198	OG0011198	1	1	1	1	0
OG0011199	OG0011199	1	1	1	1	0
OG0011200	OG0011200	1	1	1	1	0
OG0011201	OG0011201	1	1	1	1	0
OG0011202	OG0011202	1	1	1	1	0
OG0011203	OG0011203	1	1	1	1	0
OG0011204	OG0011204	1	1	1	1	0
OG0011205	OG0011205	1	1	1	1	0
OG0011206	OG0011206	1	1	1	1	0
OG0011207	OG0011207	1	1	1	1	0
OG0011208	OG0011208	1	1	0	1	1
OG0011209	OG0011209	1	1	1	1	0
OG0011210	OG0011210	1	1	1	1	0
OG0011211	OG0011211	1	1	1	1	0
OG0011212	OG0011212	1	1	1	1	0
OG0011213	OG0011213	1	1	1	0	1
OG0011214	OG0011214	1	1	1	1	0
OG0011215	OG0011215	1	0	1	1	1
OG0011216	OG0011216	1	1	1	1	0
OG0011217	OG0011217	1	1	1	1	0
OG0011218	OG0011218	1	1	1	1	0
OG0011219	OG0011219	1	0	1	1	1
OG0011220	OG0011220	1	1	1	1	0
OG0011221	OG0011221	1	1	1	1	0
OG0011222	OG0011222	1	1	1	1	0
OG0011223	OG0011223	1	1	1	1	0
OG0011224	OG0011224	1	1	1	1	0
OG0011225	OG0011225	1	1	0	1	1
OG0011226	OG0011226	1	0	1	1	1
OG0011227	OG0011227	1	1	1	1	0
OG0011228	OG0011228	1	1	1	1	0
OG0011229	OG0011229	1	1	1	1	0
OG0011230	OG0011230	1	1	1	1	0
OG0011231	OG0011231	1	1	1	1	0
OG0011232	OG0011232	1	1	1	1	0
OG0011233	OG0011233	1	1	1	1	0
OG0011234	OG0011234	1	1	1	1	0
OG0011235	OG0011235	1	1	1	1	0
OG0011236	OG0011236	1	1	1	1	0
OG0011237	OG0011237	1	1	1	1	0
OG0011238	OG0011238	1	1	1	1	0
OG0011239	OG0011239	1	1	1	1	0
OG0011240	OG0011240	1	1	1	1	0
OG0011241	OG0011241	1	1	1	1	0
OG0011242	OG0011242	1	1	1	1	0
OG0011243	OG0011243	1	1	1	1	0
OG0011244	OG0011244	1	1	1	1	0
OG0011245	OG0011245	1	1	1	1	0
OG0011246	OG0011246	1	1	1	1	0
OG0011247	OG0011247	1	1	1	1	0
OG0011248	OG0011248	1	1	1	1	0
OG0011249	OG0011249	1	1	1	1	0
OG0011250	OG0011250	1	1	1	1	0
OG0011251	OG0011251	1	1	1	1	0
OG0011252	OG0011252	1	1	1	1	0
OG0011253	OG0011253	1	1	1	1	0
OG0011254	OG0011254	1	1	1	1	0
OG0011255	OG0011255	1	1	1	1	0
OG0011256	OG0011256	1	1	1	1	0
OG0011257	OG0011257	1	1	1	1	0
OG0011258	OG0011258	1	1	1	1	0
OG0011259	OG0011259	1	1	1	1	0
OG0011260	OG0011260	1	1	1	0	1
OG0011261	OG0011261	1	1	1	1	0
OG0011262	OG0011262	1	1	1	1	0
OG0011263	OG0011263	1	1	1	1	0
OG0011264	OG0011264	1	1	1	1	0
OG0011265	OG0011265	1	1	1	1	0
OG0011266	OG0011266	0	1	1	1	1
OG0011267	OG0011267	0	1	1	1	1
OG0011268	OG0011268	0	1	1	1	1
OG0011269	OG0011269	0	1	1	1	1
OG0011270	OG0011270	0	1	1	1	1
OG0011271	OG0011271	0	1	1	1	1
OG0011272	OG0011272	0	1	1	1	1
OG0011273	OG0011273	0	1	1	1	1
OG0011274	OG0011274	0	2	0	0	2
OG0011275	OG0011275	0	2	0	2	0
OG0011276	OG0011276	0	2	0	0	2
OG0011277	OG0011277	0	1	1	1	1
OG0011278	OG0011278	0	1	1	1	1
OG0011279	OG0011279	0	1	1	1	1
OG0011280	OG0011280	0	1	1	1	1
OG0011281	OG0011281	0	1	1	1	1
OG0011282	OG0011282	0	1	2	1	0
OG0011283	OG0011283	0	1	1	1	1
OG0011284	OG0011284	0	1	1	1	1
OG0011285	OG0011285	0	1	1	1	1
OG0011286	OG0011286	0	1	1	1	1
OG0011287	OG0011287	0	1	1	1	1
OG0011288	OG0011288	0	1	1	1	1
OG0011289	OG0011289	0	1	1	1	1
OG0011290	OG0011290	0	1	1	1	1
OG0011291	OG0011291	0	1	1	1	1
OG0011292	OG0011292	0	1	1	1	1
OG0011293	OG0011293	0	1	1	1	1
OG0011294	OG0011294	0	1	1	1	1
OG0011295	OG0011295	0	1	1	1	1
OG0011296	OG0011296	0	1	1	1	1
OG0011297	OG0011297	0	1	0	0	3
OG0011298	OG0011298	0	1	1	1	1
OG0011299	OG0011299	0	1	1	1	1
OG0011300	OG0011300	0	1	1	1	1
OG0011301	OG0011301	0	1	1	1	1
OG0011302	OG0011302	0	1	1	1	1
OG0011303	OG0011303	0	1	1	1	1
OG0011304	OG0011304	0	2	0	2	0
OG0011305	OG0011305	0	1	1	1	1
OG0011306	OG0011306	0	1	1	1	1
OG0011307	OG0011307	0	1	1	1	1
OG0011308	OG0011308	0	1	1	1	1
OG0011309	OG0011309	0	1	1	1	1
OG0011310	OG0011310	0	1	1	1	1
OG0011311	OG0011311	0	1	1	1	1
OG0011312	OG0011312	0	1	1	1	1
OG0011313	OG0011313	0	1	1	1	1
OG0011314	OG0011314	0	1	1	1	1
OG0011315	OG0011315	0	1	1	1	1
OG0011316	OG0011316	0	1	1	1	1
OG0011317	OG0011317	0	1	1	1	1
OG0011318	OG0011318	0	1	1	1	1
OG0011319	OG0011319	0	1	1	1	1
OG0011320	OG0011320	0	1	1	1	1
OG0011321	OG0011321	0	1	1	1	1
OG0011322	OG0011322	0	1	1	1	1
OG0011323	OG0011323	0	1	1	1	1
OG0011324	OG0011324	0	1	1	1	1
OG0011325	OG0011325	0	1	1	1	1
OG0011326	OG0011326	0	1	1	1	1
OG0011327	OG0011327	0	1	1	1	1
OG0011328	OG0011328	0	1	1	1	1
OG0011329	OG0011329	0	1	1	1	1
OG0011330	OG0011330	0	1	1	1	1
OG0011331	OG0011331	0	1	1	1	1
OG0011332	OG0011332	0	1	1	1	1
OG0011333	OG0011333	0	1	1	1	1
OG0011334	OG0011334	0	1	1	1	1
OG0011335	OG0011335	0	1	1	1	1
OG0011336	OG0011336	0	1	1	1	1
OG0011337	OG0011337	0	1	1	1	1
OG0011338	OG0011338	0	1	1	1	1
OG0011339	OG0011339	0	1	1	1	1
OG0011340	OG0011340	0	1	1	1	1
OG0011341	OG0011341	0	1	1	1	1
OG0011342	OG0011342	0	1	1	1	1
OG0011343	OG0011343	0	1	1	1	1
OG0011344	OG0011344	0	1	1	1	1
OG0011345	OG0011345	0	1	1	1	1
OG0011346	OG0011346	0	1	1	1	1
OG0011347	OG0011347	0	1	1	2	0
OG0011348	OG0011348	0	1	1	1	1
OG0011349	OG0011349	0	1	2	0	1
OG0011350	OG0011350	0	1	1	1	1
OG0011351	OG0011351	0	1	1	1	1
OG0011352	OG0011352	0	1	1	1	1
OG0011353	OG0011353	0	1	1	1	1
OG0011354	OG0011354	0	1	1	1	1
OG0011355	OG0011355	0	1	1	1	1
OG0011356	OG0011356	0	1	1	1	1
OG0011357	OG0011357	0	1	1	1	1
OG0011358	OG0011358	0	1	1	1	1
OG0011359	OG0011359	0	1	1	1	1
OG0011360	OG0011360	0	1	1	1	1
OG0011361	OG0011361	0	1	1	1	1
OG0011362	OG0011362	0	1	1	1	1
OG0011363	OG0011363	0	1	1	1	1
OG0011364	OG0011364	0	1	1	1	1
OG0011365	OG0011365	0	1	1	1	1
OG0011366	OG0011366	0	1	1	1	1
OG0011367	OG0011367	0	1	1	1	1
OG0011368	OG0011368	0	1	1	1	1
OG0011369	OG0011369	0	1	1	2	0
OG0011370	OG0011370	0	1	1	0	2
OG0011371	OG0011371	0	1	1	1	1
OG0011372	OG0011372	0	1	1	1	1
OG0011373	OG0011373	0	1	1	1	1
OG0011374	OG0011374	0	1	1	1	1
OG0011375	OG0011375	0	1	1	1	1
OG0011376	OG0011376	0	1	1	1	1
OG0011377	OG0011377	0	1	1	1	1
OG0011378	OG0011378	0	1	1	1	1
OG0011379	OG0011379	0	1	1	1	1
OG0011380	OG0011380	0	1	1	1	1
OG0011381	OG0011381	0	1	1	1	1
OG0011382	OG0011382	0	1	1	1	1
OG0011383	OG0011383	0	1	1	1	1
OG0011384	OG0011384	0	1	1	1	1
OG0011385	OG0011385	0	1	1	1	1
OG0011386	OG0011386	0	1	1	2	0
OG0011387	OG0011387	0	1	1	1	1
OG0011388	OG0011388	0	1	1	1	1
OG0011389	OG0011389	0	1	1	1	1
OG0011390	OG0011390	0	1	0	0	3
OG0011391	OG0011391	0	1	1	1	1
OG0011392	OG0011392	0	1	1	1	1
OG0011393	OG0011393	0	1	1	1	1
OG0011394	OG0011394	0	1	1	1	1
OG0011395	OG0011395	0	1	1	1	1
OG0011396	OG0011396	0	1	1	1	1
OG0011397	OG0011397	0	1	1	1	1
OG0011398	OG0011398	0	1	1	1	1
OG0011399	OG0011399	0	1	1	1	1
OG0011400	OG0011400	0	1	1	1	1
OG0011401	OG0011401	0	1	1	1	1
OG0011402	OG0011402	0	1	1	1	1
OG0011403	OG0011403	0	1	1	1	1
OG0011404	OG0011404	0	1	1	1	1
OG0011405	OG0011405	0	1	1	1	1
OG0011406	OG0011406	0	1	1	1	1
OG0011407	OG0011407	0	1	1	1	1
OG0011408	OG0011408	0	1	1	1	1
OG0011409	OG0011409	0	1	1	1	1
OG0011410	OG0011410	0	1	1	1	1
OG0011411	OG0011411	0	1	1	1	1
OG0011412	OG0011412	0	1	1	1	1
OG0011413	OG0011413	0	1	1	1	1
OG0011414	OG0011414	0	1	1	1	1
OG0011415	OG0011415	0	1	1	1	1
OG0011416	OG0011416	0	1	1	1	1
OG0011417	OG0011417	0	1	1	1	1
OG0011418	OG0011418	0	1	1	1	1
OG0011419	OG0011419	0	1	1	1	1
OG0011420	OG0011420	0	1	1	1	1
OG0011421	OG0011421	0	1	1	1	1
OG0011422	OG0011422	0	1	1	1	1
OG0011423	OG0011423	0	1	1	1	1
OG0011424	OG0011424	0	1	1	1	1
OG0011425	OG0011425	0	1	1	1	1
OG0011426	OG0011426	0	1	1	1	1
OG0011427	OG0011427	0	1	1	1	1
OG0011428	OG0011428	0	1	1	1	1
OG0011429	OG0011429	0	1	1	1	1
OG0011430	OG0011430	0	1	1	1	1
OG0011431	OG0011431	0	1	1	1	1
OG0011432	OG0011432	0	1	1	1	1
OG0011433	OG0011433	0	1	1	1	1
OG0011434	OG0011434	0	1	1	1	1
OG0011435	OG0011435	0	1	1	1	1
OG0011436	OG0011436	0	1	1	1	1
OG0011437	OG0011437	0	1	1	1	1
OG0011438	OG0011438	0	1	1	1	1
OG0011439	OG0011439	0	1	1	1	1
OG0011440	OG0011440	0	1	1	1	1
OG0011441	OG0011441	0	1	1	1	1
OG0011442	OG0011442	0	1	1	1	1
OG0011443	OG0011443	0	1	1	1	1
OG0011444	OG0011444	0	1	1	1	1
OG0011445	OG0011445	0	1	1	1	1
OG0011446	OG0011446	0	1	1	1	1
OG0011447	OG0011447	0	1	1	1	1
OG0011448	OG0011448	0	1	1	1	1
OG0011449	OG0011449	0	1	1	1	1
OG0011450	OG0011450	0	1	1	1	1
OG0011451	OG0011451	0	1	1	1	1
OG0011452	OG0011452	0	1	1	1	1
OG0011453	OG0011453	0	1	1	1	1
OG0011454	OG0011454	0	1	1	1	1
OG0011455	OG0011455	0	1	1	1	1
OG0011456	OG0011456	0	1	1	1	1
OG0011457	OG0011457	0	1	1	1	1
OG0011458	OG0011458	0	1	1	1	1
OG0011459	OG0011459	0	1	1	1	1
OG0011460	OG0011460	0	1	1	1	1
OG0011461	OG0011461	0	1	1	1	1
OG0011462	OG0011462	0	1	1	1	1
OG0011463	OG0011463	0	1	1	1	1
OG0011464	OG0011464	0	1	1	1	1
OG0011465	OG0011465	0	1	1	1	1
OG0011466	OG0011466	0	1	1	1	1
OG0011467	OG0011467	0	1	1	1	1
OG0011468	OG0011468	0	1	1	1	1
OG0011469	OG0011469	0	1	1	1	1
OG0011470	OG0011470	0	1	1	1	1
OG0011471	OG0011471	0	1	1	1	1
OG0011472	OG0011472	0	1	1	1	1
OG0011473	OG0011473	0	1	1	1	1
OG0011474	OG0011474	0	1	1	1	1
OG0011475	OG0011475	0	1	1	1	1
OG0011476	OG0011476	0	1	1	1	1
OG0011477	OG0011477	0	1	1	1	1
OG0011478	OG0011478	0	1	1	1	1
OG0011479	OG0011479	0	1	0	2	1
OG0011480	OG0011480	0	1	1	1	1
OG0011481	OG0011481	0	1	1	1	1
OG0011482	OG0011482	0	1	1	1	1
OG0011483	OG0011483	0	1	1	1	1
OG0011484	OG0011484	0	1	1	1	1
OG0011485	OG0011485	0	1	1	1	1
OG0011486	OG0011486	0	1	1	1	1
OG0011487	OG0011487	0	1	1	1	1
OG0011488	OG0011488	0	1	1	1	1
OG0011489	OG0011489	0	1	1	1	1
OG0011490	OG0011490	0	1	1	1	1
OG0011491	OG0011491	0	1	1	1	1
OG0011492	OG0011492	0	1	1	1	1
OG0011493	OG0011493	0	1	1	1	1
OG0011494	OG0011494	0	1	1	1	1
OG0011495	OG0011495	0	1	1	1	1
OG0011496	OG0011496	0	1	1	1	1
OG0011497	OG0011497	0	1	1	1	1
OG0011498	OG0011498	0	1	1	1	1
OG0011499	OG0011499	0	1	1	1	1
OG0011500	OG0011500	0	1	1	1	1
OG0011501	OG0011501	0	1	1	1	1
OG0011502	OG0011502	0	1	1	1	1
OG0011503	OG0011503	0	1	1	1	1
OG0011504	OG0011504	0	1	1	1	1
OG0011505	OG0011505	0	1	1	1	1
OG0011506	OG0011506	0	1	1	1	1
OG0011507	OG0011507	0	1	1	1	1
OG0011508	OG0011508	0	1	1	2	0
OG0011509	OG0011509	0	1	1	1	1
OG0011510	OG0011510	0	1	1	1	1
OG0011511	OG0011511	0	1	1	1	1
OG0011512	OG0011512	0	1	1	1	1
OG0011513	OG0011513	0	1	1	1	1
OG0011514	OG0011514	0	1	1	1	1
OG0011515	OG0011515	0	1	1	1	1
OG0011516	OG0011516	0	1	1	1	1
OG0011517	OG0011517	0	1	1	1	1
OG0011518	OG0011518	0	1	1	1	1
OG0011519	OG0011519	0	1	1	1	1
OG0011520	OG0011520	0	1	1	1	1
OG0011521	OG0011521	0	1	1	1	1
OG0011522	OG0011522	0	1	1	1	1
OG0011523	OG0011523	0	1	1	1	1
OG0011524	OG0011524	0	1	1	1	1
OG0011525	OG0011525	0	1	1	1	1
OG0011526	OG0011526	0	1	1	1	1
OG0011527	OG0011527	0	1	1	1	1
OG0011528	OG0011528	0	1	1	1	1
OG0011529	OG0011529	0	1	1	1	1
OG0011530	OG0011530	0	1	1	1	1
OG0011531	OG0011531	0	1	1	1	1
OG0011532	OG0011532	0	1	1	1	1
OG0011533	OG0011533	0	1	1	2	0
OG0011534	OG0011534	0	1	1	1	1
OG0011535	OG0011535	0	1	1	1	1
OG0011536	OG0011536	0	1	1	1	1
OG0011537	OG0011537	0	1	1	1	1
OG0011538	OG0011538	0	1	1	1	1
OG0011539	OG0011539	0	1	1	1	1
OG0011540	OG0011540	0	1	1	1	1
OG0011541	OG0011541	0	1	1	1	1
OG0011542	OG0011542	0	1	1	1	1
OG0011543	OG0011543	0	1	1	1	1
OG0011544	OG0011544	0	1	1	1	1
OG0011545	OG0011545	0	1	1	1	1
OG0011546	OG0011546	0	1	1	1	1
OG0011547	OG0011547	0	1	1	1	1
OG0011548	OG0011548	0	1	1	1	1
OG0011549	OG0011549	0	1	1	1	1
OG0011550	OG0011550	0	1	1	1	1
OG0011551	OG0011551	0	1	1	1	1
OG0011552	OG0011552	0	1	1	1	1
OG0011553	OG0011553	0	1	1	1	1
OG0011554	OG0011554	0	1	1	1	1
OG0011555	OG0011555	0	1	1	1	1
OG0011556	OG0011556	0	1	1	1	1
OG0011557	OG0011557	0	1	1	0	2
OG0011558	OG0011558	0	1	1	1	1
OG0011559	OG0011559	0	1	1	1	1
OG0011560	OG0011560	0	1	1	1	1
OG0011561	OG0011561	0	1	1	1	1
OG0011562	OG0011562	0	1	1	1	1
OG0011563	OG0011563	0	1	1	1	1
OG0011564	OG0011564	0	1	1	1	1
OG0011565	OG0011565	0	1	1	1	1
OG0011566	OG0011566	0	1	0	2	1
OG0011567	OG0011567	0	1	1	1	1
OG0011568	OG0011568	0	1	1	1	1
OG0011569	OG0011569	0	1	1	1	1
OG0011570	OG0011570	0	1	0	0	3
OG0011571	OG0011571	0	1	1	1	1
OG0011572	OG0011572	0	1	1	1	1
OG0011573	OG0011573	0	1	1	1	1
OG0011574	OG0011574	0	1	1	1	1
OG0011575	OG0011575	0	1	1	1	1
OG0011576	OG0011576	0	1	1	1	1
OG0011577	OG0011577	0	1	1	1	1
OG0011578	OG0011578	0	1	1	1	1
OG0011579	OG0011579	0	1	1	1	1
OG0011580	OG0011580	0	1	1	1	1
OG0011581	OG0011581	0	1	1	1	1
OG0011582	OG0011582	0	1	1	1	1
OG0011583	OG0011583	0	1	1	1	1
OG0011584	OG0011584	0	1	1	1	1
OG0011585	OG0011585	0	1	1	1	1
OG0011586	OG0011586	0	1	1	0	2
OG0011587	OG0011587	0	1	1	1	1
OG0011588	OG0011588	0	1	1	1	1
OG0011589	OG0011589	0	1	1	1	1
OG0011590	OG0011590	0	1	1	1	1
OG0011591	OG0011591	0	1	1	1	1
OG0011592	OG0011592	0	1	1	1	1
OG0011593	OG0011593	0	1	1	1	1
OG0011594	OG0011594	0	1	1	1	1
OG0011595	OG0011595	0	1	1	1	1
OG0011596	OG0011596	0	1	1	0	2
OG0011597	OG0011597	0	1	1	1	1
OG0011598	OG0011598	0	1	1	1	1
OG0011599	OG0011599	0	1	1	1	1
OG0011600	OG0011600	0	1	1	1	1
OG0011601	OG0011601	0	0	1	1	2
OG0011602	OG0011602	0	0	1	1	2
OG0011603	OG0011603	0	0	0	0	4
OG0011604	OG0011604	1	1	1	0	0
OG0011605	OG0011605	0	1	1	0	1
OG0011606	OG0011606	1	1	0	1	0
OG0011607	OG0011607	1	1	0	0	1
OG0011608	OG0011608	0	0	1	0	2
OG0011609	OG0011609	1	1	0	1	0
OG0011610	OG0011610	1	0	0	2	0
OG0011611	OG0011611	1	0	1	1	0
OG0011612	OG0011612	1	0	1	0	1
OG0011613	OG0011613	1	1	0	1	0
OG0011614	OG0011614	0	0	0	1	2
OG0011615	OG0011615	1	0	1	0	1
OG0011616	OG0011616	0	0	2	0	1
OG0011617	OG0011617	0	1	0	1	1
OG0011618	OG0011618	1	0	0	1	1
OG0011619	OG0011619	0	1	1	1	0
OG0011620	OG0011620	1	0	1	1	0
OG0011621	OG0011621	1	0	0	1	1
OG0011622	OG0011622	1	0	1	0	1
OG0011623	OG0011623	1	0	0	1	1
OG0011624	OG0011624	0	1	1	1	0
OG0011625	OG0011625	1	1	0	1	0
OG0011626	OG0011626	0	1	1	1	0
OG0011627	OG0011627	1	0	0	1	1
OG0011628	OG0011628	0	0	0	2	1
OG0011629	OG0011629	1	1	0	1	0
OG0011630	OG0011630	0	0	1	1	1
OG0011631	OG0011631	0	1	1	0	1
OG0011632	OG0011632	0	1	1	1	0
OG0011633	OG0011633	1	1	0	1	0
OG0011634	OG0011634	1	0	1	1	0
OG0011635	OG0011635	0	1	0	1	1
OG0011636	OG0011636	0	1	0	1	1
OG0011637	OG0011637	0	1	1	1	0
OG0011638	OG0011638	1	1	0	0	1
OG0011639	OG0011639	0	0	0	3	0
OG0011640	OG0011640	1	1	0	1	0
OG0011641	OG0011641	1	0	0	1	1
OG0011642	OG0011642	0	1	1	0	1
OG0011643	OG0011643	1	1	1	0	0
OG0011644	OG0011644	1	0	1	1	0
OG0011645	OG0011645	0	0	1	1	1
OG0011646	OG0011646	0	1	1	1	0
OG0011647	OG0011647	0	1	0	1	1
OG0011648	OG0011648	1	1	0	0	1
OG0011649	OG0011649	1	0	0	1	1
OG0011650	OG0011650	1	0	0	0	2
OG0011651	OG0011651	0	1	1	1	0
OG0011652	OG0011652	1	0	0	1	1
OG0011653	OG0011653	1	0	0	1	1
OG0011654	OG0011654	0	0	1	1	1
OG0011655	OG0011655	0	1	0	1	1
OG0011656	OG0011656	0	1	0	1	1
OG0011657	OG0011657	1	0	0	1	1
OG0011658	OG0011658	1	0	1	0	1
OG0011659	OG0011659	0	1	1	0	1
OG0011660	OG0011660	1	1	0	0	1
OG0011661	OG0011661	1	0	0	1	1
OG0011662	OG0011662	0	1	0	1	1
OG0011663	OG0011663	1	0	1	0	1
OG0011664	OG0011664	0	0	1	1	1
OG0011665	OG0011665	1	0	1	0	1
OG0011666	OG0011666	0	1	1	0	1
OG0011667	OG0011667	0	0	1	1	1
OG0011668	OG0011668	1	0	0	1	1
OG0011669	OG0011669	0	1	0	1	1
OG0011670	OG0011670	0	1	0	1	1
OG0011671	OG0011671	1	1	0	0	1
OG0011672	OG0011672	0	1	1	0	1
OG0011673	OG0011673	1	0	1	0	1
OG0011674	OG0011674	1	0	0	1	1
OG0011675	OG0011675	0	0	1	1	1
OG0011676	OG0011676	0	1	0	1	1
OG0011677	OG0011677	0	0	1	1	1
OG0011678	OG0011678	1	0	0	1	1
OG0011679	OG0011679	0	1	0	1	1
OG0011680	OG0011680	0	0	1	1	1
OG0011681	OG0011681	1	0	0	1	1
OG0011682	OG0011682	0	0	1	1	1
OG0011683	OG0011683	0	0	1	1	1
OG0011684	OG0011684	0	0	1	1	1
OG0011685	OG0011685	1	0	0	1	1
OG0011686	OG0011686	1	1	0	0	1
OG0011687	OG0011687	0	1	1	0	1
OG0011688	OG0011688	0	1	0	1	1
OG0011689	OG0011689	0	0	1	0	2
OG0011690	OG0011690	1	0	1	0	1
OG0011691	OG0011691	1	1	0	0	1
OG0011692	OG0011692	1	0	0	0	2
OG0011693	OG0011693	1	0	1	0	1
OG0011694	OG0011694	0	1	0	1	1
OG0011695	OG0011695	0	2	0	0	1
OG0011696	OG0011696	1	1	0	1	0
OG0011697	OG0011697	1	1	0	1	0
OG0011698	OG0011698	1	1	0	1	0
OG0011699	OG0011699	1	1	0	1	0
OG0011700	OG0011700	1	1	0	0	1
OG0011701	OG0011701	1	0	1	1	0
OG0011702	OG0011702	1	0	1	1	0
OG0011703	OG0011703	1	1	1	0	0
OG0011704	OG0011704	1	1	1	0	0
OG0011705	OG0011705	1	1	1	0	0
OG0011706	OG0011706	1	1	0	1	0
OG0011707	OG0011707	1	1	0	1	0
OG0011708	OG0011708	1	0	1	0	1
OG0011709	OG0011709	1	1	0	1	0
OG0011710	OG0011710	1	1	0	1	0
OG0011711	OG0011711	1	0	1	1	0
OG0011712	OG0011712	1	1	0	1	0
OG0011713	OG0011713	1	0	1	1	0
OG0011714	OG0011714	1	0	1	1	0
OG0011715	OG0011715	1	0	1	1	0
OG0011716	OG0011716	1	1	1	0	0
OG0011717	OG0011717	2	0	1	0	0
OG0011718	OG0011718	1	0	0	1	1
OG0011719	OG0011719	1	0	1	1	0
OG0011720	OG0011720	1	1	1	0	0
OG0011721	OG0011721	1	0	0	1	1
OG0011722	OG0011722	1	1	1	0	0
OG0011723	OG0011723	1	1	0	1	0
OG0011724	OG0011724	1	1	0	1	0
OG0011725	OG0011725	1	1	0	1	0
OG0011726	OG0011726	1	0	1	1	0
OG0011727	OG0011727	1	1	0	1	0
OG0011728	OG0011728	1	0	0	1	1
OG0011729	OG0011729	1	1	0	1	0
OG0011730	OG0011730	1	1	1	0	0
OG0011731	OG0011731	1	0	0	1	1
OG0011732	OG0011732	1	1	1	0	0
OG0011733	OG0011733	1	1	0	0	1
OG0011734	OG0011734	1	0	1	1	0
OG0011735	OG0011735	1	1	1	0	0
OG0011736	OG0011736	1	1	0	0	1
OG0011737	OG0011737	1	1	1	0	0
OG0011738	OG0011738	1	0	1	0	1
OG0011739	OG0011739	1	1	0	0	1
OG0011740	OG0011740	1	1	0	1	0
OG0011741	OG0011741	1	1	1	0	0
OG0011742	OG0011742	1	1	0	1	0
OG0011743	OG0011743	1	1	1	0	0
OG0011744	OG0011744	1	0	1	1	0
OG0011745	OG0011745	1	0	1	1	0
OG0011746	OG0011746	1	0	1	0	1
OG0011747	OG0011747	1	1	1	0	0
OG0011748	OG0011748	1	1	0	1	0
OG0011749	OG0011749	1	1	0	1	0
OG0011750	OG0011750	1	1	0	0	1
OG0011751	OG0011751	1	1	0	0	1
OG0011752	OG0011752	1	0	1	1	0
OG0011753	OG0011753	1	0	1	1	0
OG0011754	OG0011754	1	1	1	0	0
OG0011755	OG0011755	1	0	1	1	0
OG0011756	OG0011756	1	0	1	0	1
OG0011757	OG0011757	1	0	1	1	0
OG0011758	OG0011758	1	1	0	1	0
OG0011759	OG0011759	1	0	1	1	0
OG0011760	OG0011760	2	0	0	1	0
OG0011761	OG0011761	1	1	0	1	0
OG0011762	OG0011762	1	0	1	1	0
OG0011763	OG0011763	1	1	0	1	0
OG0011764	OG0011764	1	1	1	0	0
OG0011765	OG0011765	1	0	1	1	0
OG0011766	OG0011766	1	1	0	1	0
OG0011767	OG0011767	1	1	1	0	0
OG0011768	OG0011768	1	1	1	0	0
OG0011769	OG0011769	1	1	0	1	0
OG0011770	OG0011770	1	0	1	1	0
OG0011771	OG0011771	1	1	0	1	0
OG0011772	OG0011772	1	0	1	1	0
OG0011773	OG0011773	1	1	0	0	1
OG0011774	OG0011774	1	0	1	1	0
OG0011775	OG0011775	1	1	0	1	0
OG0011776	OG0011776	1	1	0	1	0
OG0011777	OG0011777	1	0	1	1	0
OG0011778	OG0011778	1	1	0	1	0
OG0011779	OG0011779	1	0	1	1	0
OG0011780	OG0011780	1	0	1	1	0
OG0011781	OG0011781	1	1	0	1	0
OG0011782	OG0011782	1	0	1	1	0
OG0011783	OG0011783	1	1	1	0	0
OG0011784	OG0011784	1	1	1	0	0
OG0011785	OG0011785	1	0	1	1	0
OG0011786	OG0011786	1	0	1	1	0
OG0011787	OG0011787	1	0	1	1	0
OG0011788	OG0011788	1	1	1	0	0
OG0011789	OG0011789	1	0	1	0	1
OG0011790	OG0011790	1	1	0	0	1
OG0011791	OG0011791	1	0	1	1	0
OG0011792	OG0011792	1	1	0	1	0
OG0011793	OG0011793	2	0	1	0	0
OG0011794	OG0011794	1	1	0	1	0
OG0011795	OG0011795	1	0	1	0	1
OG0011796	OG0011796	1	1	0	0	1
OG0011797	OG0011797	1	2	0	0	0
OG0011798	OG0011798	1	1	0	0	1
OG0011799	OG0011799	1	1	0	1	0
OG0011800	OG0011800	1	0	1	1	0
OG0011801	OG0011801	1	1	1	0	0
OG0011802	OG0011802	1	1	0	1	0
OG0011803	OG0011803	1	0	1	1	0
OG0011804	OG0011804	1	1	1	0	0
OG0011805	OG0011805	1	0	1	0	1
OG0011806	OG0011806	1	1	0	1	0
OG0011807	OG0011807	1	1	1	0	0
OG0011808	OG0011808	1	0	1	0	1
OG0011809	OG0011809	1	1	0	1	0
OG0011810	OG0011810	1	0	1	1	0
OG0011811	OG0011811	1	1	0	1	0
OG0011812	OG0011812	1	0	1	1	0
OG0011813	OG0011813	1	0	1	1	0
OG0011814	OG0011814	1	1	1	0	0
OG0011815	OG0011815	1	0	1	0	1
OG0011816	OG0011816	1	1	0	1	0
OG0011817	OG0011817	1	0	0	1	1
OG0011818	OG0011818	1	0	0	2	0
OG0011819	OG0011819	1	0	1	1	0
OG0011820	OG0011820	1	0	1	1	0
OG0011821	OG0011821	1	0	1	1	0
OG0011822	OG0011822	1	0	1	1	0
OG0011823	OG0011823	1	0	1	1	0
OG0011824	OG0011824	1	0	1	1	0
OG0011825	OG0011825	1	0	1	1	0
OG0011826	OG0011826	1	0	1	1	0
OG0011827	OG0011827	1	0	1	1	0
OG0011828	OG0011828	1	1	0	1	0
OG0011829	OG0011829	1	1	0	1	0
OG0011830	OG0011830	1	1	0	1	0
OG0011831	OG0011831	1	1	1	0	0
OG0011832	OG0011832	1	1	1	0	0
OG0011833	OG0011833	1	1	1	0	0
OG0011834	OG0011834	1	1	0	0	1
OG0011835	OG0011835	1	0	1	1	0
OG0011836	OG0011836	1	1	0	1	0
OG0011837	OG0011837	1	1	0	1	0
OG0011838	OG0011838	1	1	0	1	0
OG0011839	OG0011839	1	0	1	0	1
OG0011840	OG0011840	1	0	1	1	0
OG0011841	OG0011841	1	1	0	1	0
OG0011842	OG0011842	1	0	1	0	1
OG0011843	OG0011843	1	0	0	1	1
OG0011844	OG0011844	1	1	1	0	0
OG0011845	OG0011845	1	0	1	1	0
OG0011846	OG0011846	1	1	0	1	0
OG0011847	OG0011847	1	1	1	0	0
OG0011848	OG0011848	1	1	0	1	0
OG0011849	OG0011849	1	1	1	0	0
OG0011850	OG0011850	1	0	0	0	2
OG0011851	OG0011851	1	0	1	1	0
OG0011852	OG0011852	1	1	0	0	1
OG0011853	OG0011853	1	0	1	1	0
OG0011854	OG0011854	1	0	1	1	0
OG0011855	OG0011855	1	0	1	1	0
OG0011856	OG0011856	1	0	1	0	1
OG0011857	OG0011857	1	0	1	0	1
OG0011858	OG0011858	1	1	0	1	0
OG0011859	OG0011859	1	0	1	1	0
OG0011860	OG0011860	1	0	1	1	0
OG0011861	OG0011861	1	1	0	1	0
OG0011862	OG0011862	1	1	0	1	0
OG0011863	OG0011863	1	1	1	0	0
OG0011864	OG0011864	1	1	0	0	1
OG0011865	OG0011865	1	1	1	0	0
OG0011866	OG0011866	1	1	1	0	0
OG0011867	OG0011867	1	1	0	1	0
OG0011868	OG0011868	1	0	1	1	0
OG0011869	OG0011869	1	1	1	0	0
OG0011870	OG0011870	1	0	1	1	0
OG0011871	OG0011871	1	0	1	0	1
OG0011872	OG0011872	1	1	0	1	0
OG0011873	OG0011873	1	0	1	1	0
OG0011874	OG0011874	1	1	0	1	0
OG0011875	OG0011875	1	1	0	1	0
OG0011876	OG0011876	1	0	1	1	0
OG0011877	OG0011877	1	0	1	1	0
OG0011878	OG0011878	1	0	1	1	0
OG0011879	OG0011879	1	0	1	1	0
OG0011880	OG0011880	1	0	1	1	0
OG0011881	OG0011881	1	1	0	1	0
OG0011882	OG0011882	1	0	1	1	0
OG0011883	OG0011883	1	0	1	1	0
OG0011884	OG0011884	1	2	0	0	0
OG0011885	OG0011885	1	1	1	0	0
OG0011886	OG0011886	1	0	1	1	0
OG0011887	OG0011887	1	1	0	0	1
OG0011888	OG0011888	1	1	0	1	0
OG0011889	OG0011889	1	1	0	1	0
OG0011890	OG0011890	1	1	0	1	0
OG0011891	OG0011891	1	1	1	0	0
OG0011892	OG0011892	1	1	0	1	0
OG0011893	OG0011893	1	1	0	1	0
OG0011894	OG0011894	1	1	0	1	0
OG0011895	OG0011895	1	0	1	1	0
OG0011896	OG0011896	1	0	1	1	0
OG0011897	OG0011897	1	0	1	1	0
OG0011898	OG0011898	1	1	0	1	0
OG0011899	OG0011899	1	0	0	1	1
OG0011900	OG0011900	1	0	1	0	1
OG0011901	OG0011901	1	0	1	1	0
OG0011902	OG0011902	1	0	1	1	0
OG0011903	OG0011903	1	0	1	1	0
OG0011904	OG0011904	1	1	0	1	0
OG0011905	OG0011905	1	0	1	1	0
OG0011906	OG0011906	1	0	0	1	1
OG0011907	OG0011907	1	1	0	1	0
OG0011908	OG0011908	1	1	0	1	0
OG0011909	OG0011909	1	1	1	0	0
OG0011910	OG0011910	1	0	1	1	0
OG0011911	OG0011911	1	0	1	1	0
OG0011912	OG0011912	1	1	0	1	0
OG0011913	OG0011913	1	0	0	0	2
OG0011914	OG0011914	1	0	0	1	1
OG0011915	OG0011915	1	1	0	1	0
OG0011916	OG0011916	1	1	0	1	0
OG0011917	OG0011917	1	0	1	0	1
OG0011918	OG0011918	1	0	1	1	0
OG0011919	OG0011919	1	0	1	1	0
OG0011920	OG0011920	1	0	1	1	0
OG0011921	OG0011921	1	0	1	1	0
OG0011922	OG0011922	1	0	1	1	0
OG0011923	OG0011923	1	1	0	1	0
OG0011924	OG0011924	1	1	0	1	0
OG0011925	OG0011925	1	0	1	1	0
OG0011926	OG0011926	1	0	1	1	0
OG0011927	OG0011927	1	0	1	1	0
OG0011928	OG0011928	1	1	0	1	0
OG0011929	OG0011929	1	1	1	0	0
OG0011930	OG0011930	1	0	1	1	0
OG0011931	OG0011931	1	0	1	1	0
OG0011932	OG0011932	1	0	1	0	1
OG0011933	OG0011933	1	0	0	1	1
OG0011934	OG0011934	1	1	0	1	0
OG0011935	OG0011935	1	1	1	0	0
OG0011936	OG0011936	1	1	1	0	0
OG0011937	OG0011937	1	1	1	0	0
OG0011938	OG0011938	1	1	0	1	0
OG0011939	OG0011939	1	1	0	1	0
OG0011940	OG0011940	1	0	1	1	0
OG0011941	OG0011941	1	1	0	0	1
OG0011942	OG0011942	1	1	0	1	0
OG0011943	OG0011943	1	1	0	1	0
OG0011944	OG0011944	1	1	0	1	0
OG0011945	OG0011945	1	0	1	1	0
OG0011946	OG0011946	1	0	1	1	0
OG0011947	OG0011947	1	0	0	1	1
OG0011948	OG0011948	1	0	1	1	0
OG0011949	OG0011949	1	1	0	1	0
OG0011950	OG0011950	1	0	1	1	0
OG0011951	OG0011951	1	0	1	1	0
OG0011952	OG0011952	1	1	1	0	0
OG0011953	OG0011953	1	0	1	1	0
OG0011954	OG0011954	1	0	1	1	0
OG0011955	OG0011955	1	1	0	1	0
OG0011956	OG0011956	1	1	0	1	0
OG0011957	OG0011957	1	1	1	0	0
OG0011958	OG0011958	1	1	1	0	0
OG0011959	OG0011959	1	0	1	0	1
OG0011960	OG0011960	1	0	1	0	1
OG0011961	OG0011961	1	1	1	0	0
OG0011962	OG0011962	1	0	1	1	0
OG0011963	OG0011963	1	0	1	1	0
OG0011964	OG0011964	1	1	1	0	0
OG0011965	OG0011965	1	1	0	1	0
OG0011966	OG0011966	1	1	0	1	0
OG0011967	OG0011967	1	1	0	1	0
OG0011968	OG0011968	1	1	0	0	1
OG0011969	OG0011969	1	1	0	1	0
OG0011970	OG0011970	1	0	0	1	1
OG0011971	OG0011971	1	1	1	0	0
OG0011972	OG0011972	1	1	0	0	1
OG0011973	OG0011973	1	0	1	0	1
OG0011974	OG0011974	1	1	0	1	0
OG0011975	OG0011975	1	1	0	1	0
OG0011976	OG0011976	1	1	0	1	0
OG0011977	OG0011977	1	1	0	0	1
OG0011978	OG0011978	1	0	1	0	1
OG0011979	OG0011979	1	0	1	1	0
OG0011980	OG0011980	1	0	1	1	0
OG0011981	OG0011981	1	1	0	1	0
OG0011982	OG0011982	1	0	1	0	1
OG0011983	OG0011983	1	1	0	1	0
OG0011984	OG0011984	1	0	0	2	0
OG0011985	OG0011985	1	1	1	0	0
OG0011986	OG0011986	1	1	0	1	0
OG0011987	OG0011987	1	0	1	1	0
OG0011988	OG0011988	1	0	1	1	0
OG0011989	OG0011989	1	0	1	1	0
OG0011990	OG0011990	1	1	0	1	0
OG0011991	OG0011991	1	0	1	1	0
OG0011992	OG0011992	1	1	1	0	0
OG0011993	OG0011993	1	0	1	1	0
OG0011994	OG0011994	1	1	0	1	0
OG0011995	OG0011995	1	0	1	1	0
OG0011996	OG0011996	1	0	0	1	1
OG0011997	OG0011997	1	0	1	0	1
OG0011998	OG0011998	1	1	1	0	0
OG0011999	OG0011999	1	0	1	1	0
OG0012000	OG0012000	1	1	1	0	0
OG0012001	OG0012001	1	0	1	0	1
OG0012002	OG0012002	1	0	1	0	1
OG0012003	OG0012003	1	1	0	1	0
OG0012004	OG0012004	1	0	1	1	0
OG0012005	OG0012005	1	1	0	1	0
OG0012006	OG0012006	1	1	1	0	0
OG0012007	OG0012007	1	1	0	1	0
OG0012008	OG0012008	1	0	1	1	0
OG0012009	OG0012009	1	1	0	1	0
OG0012010	OG0012010	1	0	1	1	0
OG0012011	OG0012011	1	0	1	1	0
OG0012012	OG0012012	1	0	1	1	0
OG0012013	OG0012013	1	0	1	1	0
OG0012014	OG0012014	1	0	1	1	0
OG0012015	OG0012015	1	0	1	0	1
OG0012016	OG0012016	1	1	1	0	0
OG0012017	OG0012017	1	2	0	0	0
OG0012018	OG0012018	1	0	1	1	0
OG0012019	OG0012019	1	1	0	1	0
OG0012020	OG0012020	1	1	1	0	0
OG0012021	OG0012021	1	1	0	1	0
OG0012022	OG0012022	1	0	1	0	1
OG0012023	OG0012023	1	0	0	1	1
OG0012024	OG0012024	1	0	0	1	1
OG0012025	OG0012025	1	0	0	1	1
OG0012026	OG0012026	1	1	1	0	0
OG0012027	OG0012027	1	1	0	1	0
OG0012028	OG0012028	1	0	1	0	1
OG0012029	OG0012029	1	0	1	1	0
OG0012030	OG0012030	1	1	0	1	0
OG0012031	OG0012031	1	1	0	1	0
OG0012032	OG0012032	1	1	1	0	0
OG0012033	OG0012033	1	1	0	1	0
OG0012034	OG0012034	1	1	0	0	1
OG0012035	OG0012035	1	0	1	1	0
OG0012036	OG0012036	1	1	1	0	0
OG0012037	OG0012037	1	1	0	1	0
OG0012038	OG0012038	1	0	1	1	0
OG0012039	OG0012039	1	0	1	1	0
OG0012040	OG0012040	1	0	1	0	1
OG0012041	OG0012041	1	0	1	1	0
OG0012042	OG0012042	1	0	1	1	0
OG0012043	OG0012043	1	1	1	0	0
OG0012044	OG0012044	1	0	1	0	1
OG0012045	OG0012045	1	0	1	0	1
OG0012046	OG0012046	1	0	0	1	1
OG0012047	OG0012047	1	0	1	1	0
OG0012048	OG0012048	1	1	0	1	0
OG0012049	OG0012049	1	0	1	1	0
OG0012050	OG0012050	1	0	1	1	0
OG0012051	OG0012051	1	0	1	1	0
OG0012052	OG0012052	1	0	1	1	0
OG0012053	OG0012053	1	1	0	1	0
OG0012054	OG0012054	1	1	0	1	0
OG0012055	OG0012055	1	0	1	0	1
OG0012056	OG0012056	1	0	1	0	1
OG0012057	OG0012057	1	1	1	0	0
OG0012058	OG0012058	1	1	1	0	0
OG0012059	OG0012059	1	0	1	1	0
OG0012060	OG0012060	1	0	1	1	0
OG0012061	OG0012061	1	0	1	1	0
OG0012062	OG0012062	1	0	1	1	0
OG0012063	OG0012063	1	0	0	1	1
OG0012064	OG0012064	1	1	0	1	0
OG0012065	OG0012065	1	0	1	0	1
OG0012066	OG0012066	1	1	1	0	0
OG0012067	OG0012067	1	0	1	1	0
OG0012068	OG0012068	1	0	1	1	0
OG0012069	OG0012069	1	0	1	1	0
OG0012070	OG0012070	1	0	1	1	0
OG0012071	OG0012071	1	0	1	1	0
OG0012072	OG0012072	1	0	1	1	0
OG0012073	OG0012073	1	0	1	1	0
OG0012074	OG0012074	1	0	1	1	0
OG0012075	OG0012075	1	1	1	0	0
OG0012076	OG0012076	1	0	0	1	1
OG0012077	OG0012077	1	0	1	0	1
OG0012078	OG0012078	1	1	0	0	1
OG0012079	OG0012079	1	0	1	0	1
OG0012080	OG0012080	1	0	1	0	1
OG0012081	OG0012081	1	1	0	1	0
OG0012082	OG0012082	1	1	0	1	0
OG0012083	OG0012083	1	0	1	1	0
OG0012084	OG0012084	1	0	0	1	1
OG0012085	OG0012085	1	0	1	0	1
OG0012086	OG0012086	1	0	1	1	0
OG0012087	OG0012087	1	0	1	1	0
OG0012088	OG0012088	1	0	1	1	0
OG0012089	OG0012089	1	0	1	0	1
OG0012090	OG0012090	1	0	1	1	0
OG0012091	OG0012091	1	0	1	1	0
OG0012092	OG0012092	1	0	1	1	0
OG0012093	OG0012093	1	0	1	1	0
OG0012094	OG0012094	1	0	1	1	0
OG0012095	OG0012095	1	0	1	1	0
OG0012096	OG0012096	1	0	1	1	0
OG0012097	OG0012097	1	1	1	0	0
OG0012098	OG0012098	1	1	1	0	0
OG0012099	OG0012099	1	1	0	1	0
OG0012100	OG0012100	1	1	0	1	0
OG0012101	OG0012101	1	1	1	0	0
OG0012102	OG0012102	1	0	0	1	1
OG0012103	OG0012103	1	1	0	1	0
OG0012104	OG0012104	1	0	1	1	0
OG0012105	OG0012105	1	0	0	1	1
OG0012106	OG0012106	1	0	1	1	0
OG0012107	OG0012107	1	0	1	0	1
OG0012108	OG0012108	1	0	1	1	0
OG0012109	OG0012109	1	1	0	1	0
OG0012110	OG0012110	1	1	0	1	0
OG0012111	OG0012111	1	0	1	0	1
OG0012112	OG0012112	1	0	1	0	1
OG0012113	OG0012113	1	1	1	0	0
OG0012114	OG0012114	1	0	0	1	1
OG0012115	OG0012115	1	0	1	1	0
OG0012116	OG0012116	1	0	1	1	0
OG0012117	OG0012117	1	1	0	1	0
OG0012118	OG0012118	1	0	1	0	1
OG0012119	OG0012119	1	0	1	1	0
OG0012120	OG0012120	1	1	0	1	0
OG0012121	OG0012121	1	0	1	1	0
OG0012122	OG0012122	1	0	1	1	0
OG0012123	OG0012123	1	0	1	0	1
OG0012124	OG0012124	1	1	0	1	0
OG0012125	OG0012125	1	1	0	1	0
OG0012126	OG0012126	1	0	1	1	0
OG0012127	OG0012127	1	1	0	0	1
OG0012128	OG0012128	1	1	0	1	0
OG0012129	OG0012129	1	0	1	0	1
OG0012130	OG0012130	1	1	0	0	1
OG0012131	OG0012131	1	0	1	1	0
OG0012132	OG0012132	1	0	1	1	0
OG0012133	OG0012133	1	0	0	1	1
OG0012134	OG0012134	1	0	1	0	1
OG0012135	OG0012135	1	0	1	0	1
OG0012136	OG0012136	1	1	0	1	0
OG0012137	OG0012137	1	0	1	1	0
OG0012138	OG0012138	1	0	1	1	0
OG0012139	OG0012139	1	1	0	0	1
OG0012140	OG0012140	1	0	1	1	0
OG0012141	OG0012141	1	1	1	0	0
OG0012142	OG0012142	1	0	0	0	2
OG0012143	OG0012143	1	0	1	1	0
OG0012144	OG0012144	1	0	1	0	1
OG0012145	OG0012145	1	0	1	0	1
OG0012146	OG0012146	1	1	0	1	0
OG0012147	OG0012147	1	1	0	1	0
OG0012148	OG0012148	1	1	0	1	0
OG0012149	OG0012149	1	0	1	1	0
OG0012150	OG0012150	1	0	1	1	0
OG0012151	OG0012151	1	0	1	1	0
OG0012152	OG0012152	1	0	1	1	0
OG0012153	OG0012153	1	0	1	1	0
OG0012154	OG0012154	1	1	0	1	0
OG0012155	OG0012155	1	0	1	1	0
OG0012156	OG0012156	1	1	0	0	1
OG0012157	OG0012157	1	0	1	0	1
OG0012158	OG0012158	1	1	0	1	0
OG0012159	OG0012159	1	0	0	0	2
OG0012160	OG0012160	1	0	0	1	1
OG0012161	OG0012161	1	0	1	1	0
OG0012162	OG0012162	1	0	1	1	0
OG0012163	OG0012163	1	1	0	1	0
OG0012164	OG0012164	1	1	1	0	0
OG0012165	OG0012165	1	1	0	1	0
OG0012166	OG0012166	1	1	0	1	0
OG0012167	OG0012167	1	0	0	0	2
OG0012168	OG0012168	1	1	0	1	0
OG0012169	OG0012169	1	1	0	1	0
OG0012170	OG0012170	1	1	1	0	0
OG0012171	OG0012171	1	1	0	1	0
OG0012172	OG0012172	1	1	0	1	0
OG0012173	OG0012173	1	0	0	1	1
OG0012174	OG0012174	1	0	1	0	1
OG0012175	OG0012175	1	1	1	0	0
OG0012176	OG0012176	1	1	1	0	0
OG0012177	OG0012177	1	1	0	0	1
OG0012178	OG0012178	1	0	1	0	1
OG0012179	OG0012179	1	1	1	0	0
OG0012180	OG0012180	1	1	0	1	0
OG0012181	OG0012181	1	1	1	0	0
OG0012182	OG0012182	1	1	0	1	0
OG0012183	OG0012183	1	0	1	0	1
OG0012184	OG0012184	1	0	0	1	1
OG0012185	OG0012185	1	0	1	0	1
OG0012186	OG0012186	1	1	0	1	0
OG0012187	OG0012187	1	1	1	0	0
OG0012188	OG0012188	1	0	0	1	1
OG0012189	OG0012189	1	1	0	1	0
OG0012190	OG0012190	1	0	1	1	0
OG0012191	OG0012191	1	1	1	0	0
OG0012192	OG0012192	1	0	1	1	0
OG0012193	OG0012193	1	0	0	1	1
OG0012194	OG0012194	1	0	1	0	1
OG0012195	OG0012195	1	0	1	1	0
OG0012196	OG0012196	1	0	1	1	0
OG0012197	OG0012197	1	1	0	0	1
OG0012198	OG0012198	1	1	0	1	0
OG0012199	OG0012199	1	1	0	1	0
OG0012200	OG0012200	1	1	1	0	0
OG0012201	OG0012201	1	0	1	1	0
OG0012202	OG0012202	1	0	1	1	0
OG0012203	OG0012203	1	0	1	1	0
OG0012204	OG0012204	1	1	0	0	1
OG0012205	OG0012205	1	1	0	1	0
OG0012206	OG0012206	1	1	1	0	0
OG0012207	OG0012207	1	0	1	1	0
OG0012208	OG0012208	1	1	0	0	1
OG0012209	OG0012209	1	1	0	1	0
OG0012210	OG0012210	1	0	0	1	1
OG0012211	OG0012211	1	0	1	1	0
OG0012212	OG0012212	1	0	1	1	0
OG0012213	OG0012213	1	0	1	1	0
OG0012214	OG0012214	1	0	1	1	0
OG0012215	OG0012215	1	0	1	1	0
OG0012216	OG0012216	1	1	0	1	0
OG0012217	OG0012217	1	1	0	1	0
OG0012218	OG0012218	1	1	0	1	0
OG0012219	OG0012219	1	1	1	0	0
OG0012220	OG0012220	1	1	0	1	0
OG0012221	OG0012221	1	1	1	0	0
OG0012222	OG0012222	1	0	0	1	1
OG0012223	OG0012223	1	1	1	0	0
OG0012224	OG0012224	1	0	1	1	0
OG0012225	OG0012225	1	0	1	0	1
OG0012226	OG0012226	1	1	0	1	0
OG0012227	OG0012227	1	0	1	1	0
OG0012228	OG0012228	1	0	1	1	0
OG0012229	OG0012229	1	0	1	1	0
OG0012230	OG0012230	1	0	1	1	0
OG0012231	OG0012231	1	1	0	1	0
OG0012232	OG0012232	1	1	0	1	0
OG0012233	OG0012233	1	0	0	1	1
OG0012234	OG0012234	1	1	0	0	1
OG0012235	OG0012235	1	0	1	0	1
OG0012236	OG0012236	1	1	0	0	1
OG0012237	OG0012237	1	1	0	0	1
OG0012238	OG0012238	1	0	1	1	0
OG0012239	OG0012239	1	0	1	1	0
OG0012240	OG0012240	1	0	1	1	0
OG0012241	OG0012241	1	0	1	1	0
OG0012242	OG0012242	1	0	1	0	1
OG0012243	OG0012243	1	1	1	0	0
OG0012244	OG0012244	1	0	1	1	0
OG0012245	OG0012245	1	1	0	1	0
OG0012246	OG0012246	1	0	1	1	0
OG0012247	OG0012247	1	1	0	1	0
OG0012248	OG0012248	1	1	0	1	0
OG0012249	OG0012249	1	0	0	0	2
OG0012250	OG0012250	1	1	1	0	0
OG0012251	OG0012251	1	0	0	1	1
OG0012252	OG0012252	1	1	0	1	0
OG0012253	OG0012253	1	1	0	1	0
OG0012254	OG0012254	1	0	1	0	1
OG0012255	OG0012255	1	0	1	0	1
OG0012256	OG0012256	1	1	1	0	0
OG0012257	OG0012257	1	1	1	0	0
OG0012258	OG0012258	1	0	1	1	0
OG0012259	OG0012259	1	0	1	1	0
OG0012260	OG0012260	1	0	1	1	0
OG0012261	OG0012261	1	1	1	0	0
OG0012262	OG0012262	1	0	1	1	0
OG0012263	OG0012263	1	1	0	0	1
OG0012264	OG0012264	1	1	0	1	0
OG0012265	OG0012265	1	1	1	0	0
OG0012266	OG0012266	1	0	1	0	1
OG0012267	OG0012267	1	0	1	0	1
OG0012268	OG0012268	1	1	0	0	1
OG0012269	OG0012269	1	0	1	0	1
OG0012270	OG0012270	1	0	0	2	0
OG0012271	OG0012271	1	1	0	1	0
OG0012272	OG0012272	1	1	0	1	0
OG0012273	OG0012273	1	0	1	0	1
OG0012274	OG0012274	1	0	1	1	0
OG0012275	OG0012275	1	0	1	1	0
OG0012276	OG0012276	1	0	1	1	0
OG0012277	OG0012277	1	0	1	1	0
OG0012278	OG0012278	1	0	1	0	1
OG0012279	OG0012279	1	0	1	1	0
OG0012280	OG0012280	1	0	1	1	0
OG0012281	OG0012281	1	1	0	0	1
OG0012282	OG0012282	1	0	1	1	0
OG0012283	OG0012283	1	0	1	0	1
OG0012284	OG0012284	1	1	0	1	0
OG0012285	OG0012285	1	0	1	1	0
OG0012286	OG0012286	1	1	1	0	0
OG0012287	OG0012287	1	0	1	0	1
OG0012288	OG0012288	1	0	1	0	1
OG0012289	OG0012289	1	0	0	0	2
OG0012290	OG0012290	1	1	0	1	0
OG0012291	OG0012291	1	0	1	1	0
OG0012292	OG0012292	1	1	0	1	0
OG0012293	OG0012293	1	0	0	1	1
OG0012294	OG0012294	1	0	1	1	0
OG0012295	OG0012295	1	1	1	0	0
OG0012296	OG0012296	1	1	1	0	0
OG0012297	OG0012297	1	1	0	0	1
OG0012298	OG0012298	1	0	1	1	0
OG0012299	OG0012299	1	0	1	1	0
OG0012300	OG0012300	1	1	1	0	0
OG0012301	OG0012301	1	0	1	1	0
OG0012302	OG0012302	1	1	0	0	1
OG0012303	OG0012303	1	1	1	0	0
OG0012304	OG0012304	1	1	0	1	0
OG0012305	OG0012305	1	0	0	1	1
OG0012306	OG0012306	1	1	0	1	0
OG0012307	OG0012307	1	1	0	1	0
OG0012308	OG0012308	1	1	0	1	0
OG0012309	OG0012309	1	1	0	1	0
OG0012310	OG0012310	1	0	0	1	1
OG0012311	OG0012311	1	1	0	1	0
OG0012312	OG0012312	2	0	0	0	1
OG0012313	OG0012313	1	1	0	0	1
OG0012314	OG0012314	1	0	1	1	0
OG0012315	OG0012315	1	1	0	1	0
OG0012316	OG0012316	1	1	0	1	0
OG0012317	OG0012317	1	1	0	0	1
OG0012318	OG0012318	1	1	0	0	1
OG0012319	OG0012319	1	1	1	0	0
OG0012320	OG0012320	1	0	1	1	0
OG0012321	OG0012321	1	0	1	1	0
OG0012322	OG0012322	1	0	1	0	1
OG0012323	OG0012323	1	1	1	0	0
OG0012324	OG0012324	1	0	1	0	1
OG0012325	OG0012325	1	0	1	1	0
OG0012326	OG0012326	1	0	1	0	1
OG0012327	OG0012327	1	0	1	0	1
OG0012328	OG0012328	1	1	1	0	0
OG0012329	OG0012329	1	1	1	0	0
OG0012330	OG0012330	1	1	1	0	0
OG0012331	OG0012331	1	1	0	1	0
OG0012332	OG0012332	1	0	1	1	0
OG0012333	OG0012333	1	1	0	1	0
OG0012334	OG0012334	1	0	0	1	1
OG0012335	OG0012335	1	0	1	1	0
OG0012336	OG0012336	1	1	0	1	0
OG0012337	OG0012337	1	0	1	1	0
OG0012338	OG0012338	1	0	1	1	0
OG0012339	OG0012339	1	0	1	1	0
OG0012340	OG0012340	1	1	1	0	0
OG0012341	OG0012341	1	0	1	0	1
OG0012342	OG0012342	1	0	1	1	0
OG0012343	OG0012343	1	0	1	1	0
OG0012344	OG0012344	1	0	1	1	0
OG0012345	OG0012345	1	1	0	1	0
OG0012346	OG0012346	1	1	0	1	0
OG0012347	OG0012347	1	0	1	0	1
OG0012348	OG0012348	1	0	1	1	0
OG0012349	OG0012349	1	0	1	1	0
OG0012350	OG0012350	1	0	1	1	0
OG0012351	OG0012351	1	0	1	1	0
OG0012352	OG0012352	1	0	1	0	1
OG0012353	OG0012353	1	0	1	0	1
OG0012354	OG0012354	1	1	0	1	0
OG0012355	OG0012355	1	0	0	1	1
OG0012356	OG0012356	1	0	1	1	0
OG0012357	OG0012357	1	1	0	1	0
OG0012358	OG0012358	1	0	1	1	0
OG0012359	OG0012359	1	0	1	1	0
OG0012360	OG0012360	1	0	0	1	1
OG0012361	OG0012361	1	0	1	1	0
OG0012362	OG0012362	1	1	0	1	0
OG0012363	OG0012363	1	1	0	1	0
OG0012364	OG0012364	1	0	1	1	0
OG0012365	OG0012365	1	0	0	1	1
OG0012366	OG0012366	1	0	1	1	0
OG0012367	OG0012367	1	1	1	0	0
OG0012368	OG0012368	1	1	0	1	0
OG0012369	OG0012369	1	0	1	0	1
OG0012370	OG0012370	1	1	0	1	0
OG0012371	OG0012371	1	0	1	1	0
OG0012372	OG0012372	1	0	1	0	1
OG0012373	OG0012373	1	0	1	1	0
OG0012374	OG0012374	1	0	1	0	1
OG0012375	OG0012375	1	0	1	0	1
OG0012376	OG0012376	1	0	1	0	1
OG0012377	OG0012377	1	0	1	1	0
OG0012378	OG0012378	1	1	0	1	0
OG0012379	OG0012379	1	0	0	1	1
OG0012380	OG0012380	0	1	1	1	0
OG0012381	OG0012381	0	1	1	1	0
OG0012382	OG0012382	0	1	1	1	0
OG0012383	OG0012383	0	1	1	1	0
OG0012384	OG0012384	0	1	1	1	0
OG0012385	OG0012385	0	1	1	1	0
OG0012386	OG0012386	0	1	2	0	0
OG0012387	OG0012387	0	1	0	1	1
OG0012388	OG0012388	0	1	1	1	0
OG0012389	OG0012389	0	1	0	1	1
OG0012390	OG0012390	0	1	1	1	0
OG0012391	OG0012391	0	1	1	1	0
OG0012392	OG0012392	0	1	0	1	1
OG0012393	OG0012393	0	1	1	0	1
OG0012394	OG0012394	0	1	1	1	0
OG0012395	OG0012395	0	1	2	0	0
OG0012396	OG0012396	0	1	1	1	0
OG0012397	OG0012397	0	1	1	1	0
OG0012398	OG0012398	0	1	1	1	0
OG0012399	OG0012399	0	1	1	1	0
OG0012400	OG0012400	0	1	1	1	0
OG0012401	OG0012401	0	1	1	1	0
OG0012402	OG0012402	0	1	1	1	0
OG0012403	OG0012403	0	1	1	1	0
OG0012404	OG0012404	0	1	1	0	1
OG0012405	OG0012405	0	1	1	1	0
OG0012406	OG0012406	0	1	1	1	0
OG0012407	OG0012407	0	1	1	1	0
OG0012408	OG0012408	0	1	1	1	0
OG0012409	OG0012409	0	1	1	1	0
OG0012410	OG0012410	0	1	1	1	0
OG0012411	OG0012411	0	1	1	1	0
OG0012412	OG0012412	0	1	1	1	0
OG0012413	OG0012413	0	1	1	1	0
OG0012414	OG0012414	0	1	1	1	0
OG0012415	OG0012415	0	1	1	1	0
OG0012416	OG0012416	0	1	1	1	0
OG0012417	OG0012417	0	1	1	1	0
OG0012418	OG0012418	0	1	1	1	0
OG0012419	OG0012419	0	1	1	1	0
OG0012420	OG0012420	0	1	1	1	0
OG0012421	OG0012421	0	1	0	1	1
OG0012422	OG0012422	0	1	1	1	0
OG0012423	OG0012423	0	1	0	1	1
OG0012424	OG0012424	0	1	0	0	2
OG0012425	OG0012425	0	1	1	1	0
OG0012426	OG0012426	0	1	0	1	1
OG0012427	OG0012427	0	1	0	2	0
OG0012428	OG0012428	0	1	1	1	0
OG0012429	OG0012429	0	1	1	1	0
OG0012430	OG0012430	0	1	1	1	0
OG0012431	OG0012431	0	1	1	1	0
OG0012432	OG0012432	0	1	1	1	0
OG0012433	OG0012433	0	1	1	0	1
OG0012434	OG0012434	0	1	1	0	1
OG0012435	OG0012435	0	1	1	1	0
OG0012436	OG0012436	0	1	1	0	1
OG0012437	OG0012437	0	1	1	1	0
OG0012438	OG0012438	0	1	0	1	1
OG0012439	OG0012439	0	1	1	1	0
OG0012440	OG0012440	0	1	1	1	0
OG0012441	OG0012441	0	1	1	1	0
OG0012442	OG0012442	0	1	1	1	0
OG0012443	OG0012443	0	1	1	1	0
OG0012444	OG0012444	0	1	1	1	0
OG0012445	OG0012445	0	1	1	1	0
OG0012446	OG0012446	0	1	1	1	0
OG0012447	OG0012447	0	1	1	1	0
OG0012448	OG0012448	0	1	1	1	0
OG0012449	OG0012449	0	1	1	0	1
OG0012450	OG0012450	0	1	1	1	0
OG0012451	OG0012451	0	1	1	1	0
OG0012452	OG0012452	0	1	1	1	0
OG0012453	OG0012453	0	1	1	1	0
OG0012454	OG0012454	0	1	0	1	1
OG0012455	OG0012455	0	1	1	1	0
OG0012456	OG0012456	0	1	1	1	0
OG0012457	OG0012457	0	1	1	1	0
OG0012458	OG0012458	0	1	1	1	0
OG0012459	OG0012459	0	1	1	0	1
OG0012460	OG0012460	0	1	1	1	0
OG0012461	OG0012461	0	1	1	1	0
OG0012462	OG0012462	0	1	1	1	0
OG0012463	OG0012463	0	1	0	0	2
OG0012464	OG0012464	0	1	1	1	0
OG0012465	OG0012465	0	1	1	1	0
OG0012466	OG0012466	0	1	1	1	0
OG0012467	OG0012467	0	1	1	0	1
OG0012468	OG0012468	0	1	1	1	0
OG0012469	OG0012469	0	1	0	1	1
OG0012470	OG0012470	0	1	1	1	0
OG0012471	OG0012471	0	1	1	1	0
OG0012472	OG0012472	0	1	0	1	1
OG0012473	OG0012473	0	3	0	0	0
OG0012474	OG0012474	0	1	1	1	0
OG0012475	OG0012475	0	1	1	1	0
OG0012476	OG0012476	0	1	0	1	1
OG0012477	OG0012477	0	1	1	0	1
OG0012478	OG0012478	0	1	1	1	0
OG0012479	OG0012479	0	1	1	1	0
OG0012480	OG0012480	0	1	1	1	0
OG0012481	OG0012481	0	1	1	1	0
OG0012482	OG0012482	0	1	1	1	0
OG0012483	OG0012483	0	1	0	1	1
OG0012484	OG0012484	0	1	1	1	0
OG0012485	OG0012485	0	1	1	1	0
OG0012486	OG0012486	0	1	1	1	0
OG0012487	OG0012487	0	1	1	0	1
OG0012488	OG0012488	0	1	1	1	0
OG0012489	OG0012489	0	1	1	1	0
OG0012490	OG0012490	0	1	1	1	0
OG0012491	OG0012491	0	1	1	1	0
OG0012492	OG0012492	0	1	1	0	1
OG0012493	OG0012493	0	1	1	1	0
OG0012494	OG0012494	0	1	0	1	1
OG0012495	OG0012495	0	1	1	1	0
OG0012496	OG0012496	0	1	1	0	1
OG0012497	OG0012497	0	1	1	1	0
OG0012498	OG0012498	0	1	1	1	0
OG0012499	OG0012499	0	1	1	1	0
OG0012500	OG0012500	0	1	1	1	0
OG0012501	OG0012501	0	1	1	1	0
OG0012502	OG0012502	0	2	0	0	1
OG0012503	OG0012503	0	1	1	1	0
OG0012504	OG0012504	0	1	1	1	0
OG0012505	OG0012505	0	1	1	1	0
OG0012506	OG0012506	0	1	1	1	0
OG0012507	OG0012507	0	1	1	1	0
OG0012508	OG0012508	0	1	1	1	0
OG0012509	OG0012509	0	1	1	1	0
OG0012510	OG0012510	0	1	1	0	1
OG0012511	OG0012511	0	1	0	1	1
OG0012512	OG0012512	0	1	1	1	0
OG0012513	OG0012513	0	1	1	0	1
OG0012514	OG0012514	0	1	1	1	0
OG0012515	OG0012515	0	1	1	1	0
OG0012516	OG0012516	0	1	0	1	1
OG0012517	OG0012517	0	1	1	1	0
OG0012518	OG0012518	0	1	1	1	0
OG0012519	OG0012519	0	1	0	1	1
OG0012520	OG0012520	0	1	1	1	0
OG0012521	OG0012521	0	1	1	1	0
OG0012522	OG0012522	0	1	1	1	0
OG0012523	OG0012523	0	1	1	1	0
OG0012524	OG0012524	0	1	1	1	0
OG0012525	OG0012525	0	1	1	1	0
OG0012526	OG0012526	0	1	0	1	1
OG0012527	OG0012527	0	1	1	1	0
OG0012528	OG0012528	0	1	1	0	1
OG0012529	OG0012529	0	1	1	1	0
OG0012530	OG0012530	0	1	0	1	1
OG0012531	OG0012531	0	1	1	0	1
OG0012532	OG0012532	0	1	1	1	0
OG0012533	OG0012533	0	1	1	1	0
OG0012534	OG0012534	0	1	0	1	1
OG0012535	OG0012535	0	1	1	1	0
OG0012536	OG0012536	0	1	1	1	0
OG0012537	OG0012537	0	1	1	1	0
OG0012538	OG0012538	0	1	1	1	0
OG0012539	OG0012539	0	1	1	1	0
OG0012540	OG0012540	0	1	1	1	0
OG0012541	OG0012541	0	1	1	1	0
OG0012542	OG0012542	0	1	1	1	0
OG0012543	OG0012543	0	1	0	1	1
OG0012544	OG0012544	0	1	1	1	0
OG0012545	OG0012545	0	1	1	1	0
OG0012546	OG0012546	0	1	1	1	0
OG0012547	OG0012547	0	1	1	1	0
OG0012548	OG0012548	0	1	1	1	0
OG0012549	OG0012549	0	1	1	1	0
OG0012550	OG0012550	0	1	0	1	1
OG0012551	OG0012551	0	1	1	1	0
OG0012552	OG0012552	0	1	1	1	0
OG0012553	OG0012553	0	1	1	1	0
OG0012554	OG0012554	0	1	0	1	1
OG0012555	OG0012555	0	1	1	1	0
OG0012556	OG0012556	0	1	1	0	1
OG0012557	OG0012557	0	1	1	1	0
OG0012558	OG0012558	0	1	1	1	0
OG0012559	OG0012559	0	1	1	1	0
OG0012560	OG0012560	0	1	1	0	1
OG0012561	OG0012561	0	1	1	1	0
OG0012562	OG0012562	0	1	1	1	0
OG0012563	OG0012563	0	1	1	1	0
OG0012564	OG0012564	0	1	1	1	0
OG0012565	OG0012565	0	1	1	0	1
OG0012566	OG0012566	0	1	1	1	0
OG0012567	OG0012567	0	1	0	1	1
OG0012568	OG0012568	0	1	1	1	0
OG0012569	OG0012569	0	1	1	0	1
OG0012570	OG0012570	0	1	1	1	0
OG0012571	OG0012571	0	1	1	1	0
OG0012572	OG0012572	0	1	1	1	0
OG0012573	OG0012573	0	1	1	1	0
OG0012574	OG0012574	0	1	1	1	0
OG0012575	OG0012575	0	1	1	1	0
OG0012576	OG0012576	0	1	1	1	0
OG0012577	OG0012577	0	1	0	1	1
OG0012578	OG0012578	0	1	1	1	0
OG0012579	OG0012579	0	1	1	1	0
OG0012580	OG0012580	0	1	1	1	0
OG0012581	OG0012581	0	1	1	1	0
OG0012582	OG0012582	0	1	1	1	0
OG0012583	OG0012583	0	1	1	1	0
OG0012584	OG0012584	0	1	1	1	0
OG0012585	OG0012585	0	1	1	1	0
OG0012586	OG0012586	0	1	1	1	0
OG0012587	OG0012587	0	1	1	1	0
OG0012588	OG0012588	0	1	1	1	0
OG0012589	OG0012589	0	1	1	1	0
OG0012590	OG0012590	0	1	1	1	0
OG0012591	OG0012591	0	1	1	1	0
OG0012592	OG0012592	0	1	1	1	0
OG0012593	OG0012593	0	1	0	1	1
OG0012594	OG0012594	0	1	1	1	0
OG0012595	OG0012595	0	1	1	1	0
OG0012596	OG0012596	0	1	1	1	0
OG0012597	OG0012597	0	1	1	1	0
OG0012598	OG0012598	0	1	0	1	1
OG0012599	OG0012599	0	1	1	1	0
OG0012600	OG0012600	0	1	1	0	1
OG0012601	OG0012601	0	1	1	1	0
OG0012602	OG0012602	0	1	1	1	0
OG0012603	OG0012603	0	1	1	1	0
OG0012604	OG0012604	0	1	1	1	0
OG0012605	OG0012605	0	1	1	1	0
OG0012606	OG0012606	0	1	1	1	0
OG0012607	OG0012607	0	1	1	1	0
OG0012608	OG0012608	0	1	0	1	1
OG0012609	OG0012609	0	1	1	1	0
OG0012610	OG0012610	0	1	1	1	0
OG0012611	OG0012611	0	1	1	1	0
OG0012612	OG0012612	0	1	1	1	0
OG0012613	OG0012613	0	1	1	1	0
OG0012614	OG0012614	0	1	1	1	0
OG0012615	OG0012615	0	1	1	1	0
OG0012616	OG0012616	0	1	1	1	0
OG0012617	OG0012617	0	1	2	0	0
OG0012618	OG0012618	0	1	1	1	0
OG0012619	OG0012619	0	1	1	1	0
OG0012620	OG0012620	0	1	1	1	0
OG0012621	OG0012621	0	1	1	1	0
OG0012622	OG0012622	0	1	1	1	0
OG0012623	OG0012623	0	1	1	1	0
OG0012624	OG0012624	0	1	1	0	1
OG0012625	OG0012625	0	1	1	1	0
OG0012626	OG0012626	0	1	1	1	0
OG0012627	OG0012627	0	1	0	1	1
OG0012628	OG0012628	0	1	1	1	0
OG0012629	OG0012629	0	1	1	1	0
OG0012630	OG0012630	0	1	1	1	0
OG0012631	OG0012631	0	1	0	2	0
OG0012632	OG0012632	0	1	1	1	0
OG0012633	OG0012633	0	1	1	1	0
OG0012634	OG0012634	0	1	1	1	0
OG0012635	OG0012635	0	1	1	1	0
OG0012636	OG0012636	0	1	1	1	0
OG0012637	OG0012637	0	1	0	2	0
OG0012638	OG0012638	0	1	1	1	0
OG0012639	OG0012639	0	1	1	0	1
OG0012640	OG0012640	0	1	1	1	0
OG0012641	OG0012641	0	1	1	0	1
OG0012642	OG0012642	0	1	1	1	0
OG0012643	OG0012643	0	1	0	1	1
OG0012644	OG0012644	0	1	1	1	0
OG0012645	OG0012645	0	1	1	1	0
OG0012646	OG0012646	0	1	1	1	0
OG0012647	OG0012647	0	1	1	1	0
OG0012648	OG0012648	0	1	1	1	0
OG0012649	OG0012649	0	1	0	1	1
OG0012650	OG0012650	0	1	1	0	1
OG0012651	OG0012651	0	1	1	1	0
OG0012652	OG0012652	0	1	1	1	0
OG0012653	OG0012653	0	1	0	1	1
OG0012654	OG0012654	0	1	1	1	0
OG0012655	OG0012655	0	1	0	1	1
OG0012656	OG0012656	0	1	1	1	0
OG0012657	OG0012657	0	1	0	1	1
OG0012658	OG0012658	0	1	1	1	0
OG0012659	OG0012659	0	1	1	1	0
OG0012660	OG0012660	0	1	1	1	0
OG0012661	OG0012661	0	1	0	0	2
OG0012662	OG0012662	0	1	1	1	0
OG0012663	OG0012663	0	1	1	0	1
OG0012664	OG0012664	0	1	1	1	0
OG0012665	OG0012665	0	1	1	1	0
OG0012666	OG0012666	0	1	1	0	1
OG0012667	OG0012667	0	1	1	1	0
OG0012668	OG0012668	0	1	1	1	0
OG0012669	OG0012669	0	1	1	1	0
OG0012670	OG0012670	0	1	1	1	0
OG0012671	OG0012671	0	1	1	0	1
OG0012672	OG0012672	0	1	1	0	1
OG0012673	OG0012673	0	1	1	1	0
OG0012674	OG0012674	0	1	1	0	1
OG0012675	OG0012675	0	1	1	1	0
OG0012676	OG0012676	0	1	1	1	0
OG0012677	OG0012677	0	1	1	1	0
OG0012678	OG0012678	0	1	1	0	1
OG0012679	OG0012679	0	1	1	1	0
OG0012680	OG0012680	0	1	1	0	1
OG0012681	OG0012681	0	1	1	0	1
OG0012682	OG0012682	0	1	1	0	1
OG0012683	OG0012683	0	1	1	1	0
OG0012684	OG0012684	0	1	1	1	0
OG0012685	OG0012685	0	1	1	0	1
OG0012686	OG0012686	0	1	1	1	0
OG0012687	OG0012687	0	1	1	1	0
OG0012688	OG0012688	0	1	0	1	1
OG0012689	OG0012689	0	1	1	1	0
OG0012690	OG0012690	0	1	1	1	0
OG0012691	OG0012691	0	1	1	0	1
OG0012692	OG0012692	0	1	1	1	0
OG0012693	OG0012693	0	1	1	1	0
OG0012694	OG0012694	0	1	1	1	0
OG0012695	OG0012695	0	1	1	1	0
OG0012696	OG0012696	0	1	1	1	0
OG0012697	OG0012697	0	1	1	1	0
OG0012698	OG0012698	0	1	0	1	1
OG0012699	OG0012699	0	1	1	1	0
OG0012700	OG0012700	0	1	1	1	0
OG0012701	OG0012701	0	1	1	1	0
OG0012702	OG0012702	0	1	1	1	0
OG0012703	OG0012703	0	1	1	0	1
OG0012704	OG0012704	0	1	1	1	0
OG0012705	OG0012705	0	1	1	1	0
OG0012706	OG0012706	0	1	1	1	0
OG0012707	OG0012707	0	1	1	1	0
OG0012708	OG0012708	0	1	1	1	0
OG0012709	OG0012709	0	1	1	1	0
OG0012710	OG0012710	0	1	1	1	0
OG0012711	OG0012711	0	1	1	1	0
OG0012712	OG0012712	0	1	1	1	0
OG0012713	OG0012713	0	1	1	1	0
OG0012714	OG0012714	0	1	1	1	0
OG0012715	OG0012715	0	1	1	0	1
OG0012716	OG0012716	0	1	1	1	0
OG0012717	OG0012717	0	1	1	1	0
OG0012718	OG0012718	0	1	1	1	0
OG0012719	OG0012719	0	1	1	1	0
OG0012720	OG0012720	0	1	1	1	0
OG0012721	OG0012721	0	1	1	1	0
OG0012722	OG0012722	0	1	1	0	1
OG0012723	OG0012723	0	1	1	1	0
OG0012724	OG0012724	0	1	1	1	0
OG0012725	OG0012725	0	1	1	1	0
OG0012726	OG0012726	0	1	0	2	0
OG0012727	OG0012727	0	1	1	1	0
OG0012728	OG0012728	0	1	1	1	0
OG0012729	OG0012729	0	0	1	1	1
OG0012730	OG0012730	0	0	1	1	1
OG0012731	OG0012731	0	0	1	1	1
OG0012732	OG0012732	0	0	1	1	1
OG0012733	OG0012733	0	0	1	1	1
OG0012734	OG0012734	0	0	1	1	1
OG0012735	OG0012735	0	0	1	2	0
OG0012736	OG0012736	0	0	1	1	1
OG0012737	OG0012737	0	0	1	0	2
OG0012738	OG0012738	0	0	1	1	1
OG0012739	OG0012739	0	0	1	1	1
OG0012740	OG0012740	0	0	1	2	0
OG0012741	OG0012741	0	0	1	1	1
OG0012742	OG0012742	0	0	1	1	1
OG0012743	OG0012743	0	0	1	1	1
OG0012744	OG0012744	0	0	1	1	1
OG0012745	OG0012745	0	0	1	1	1
OG0012746	OG0012746	0	0	1	1	1
OG0012747	OG0012747	0	0	1	1	1
OG0012748	OG0012748	0	0	1	0	2
OG0012749	OG0012749	0	0	1	1	1
OG0012750	OG0012750	0	0	1	1	1
OG0012751	OG0012751	0	0	1	1	1
OG0012752	OG0012752	0	0	1	0	2
OG0012753	OG0012753	0	0	1	1	1
OG0012754	OG0012754	0	0	1	1	1
OG0012755	OG0012755	0	0	1	0	2
OG0012756	OG0012756	0	0	1	1	1
OG0012757	OG0012757	0	0	1	1	1
OG0012758	OG0012758	0	0	1	1	1
OG0012759	OG0012759	0	0	1	1	1
OG0012760	OG0012760	0	0	1	1	1
OG0012761	OG0012761	0	0	1	1	1
OG0012762	OG0012762	0	0	1	1	1
OG0012763	OG0012763	0	0	1	1	1
OG0012764	OG0012764	0	0	3	0	0
OG0012765	OG0012765	0	0	1	1	1
OG0012766	OG0012766	0	0	1	1	1
OG0012767	OG0012767	0	0	2	0	1
OG0012768	OG0012768	0	0	1	1	1
OG0012769	OG0012769	0	0	1	1	1
OG0012770	OG0012770	0	0	1	1	1
OG0012771	OG0012771	0	0	1	1	1
OG0012772	OG0012772	0	0	1	1	1
OG0012773	OG0012773	0	0	1	1	1
OG0012774	OG0012774	0	0	1	1	1
OG0012775	OG0012775	0	0	1	1	1
OG0012776	OG0012776	0	0	1	1	1
OG0012777	OG0012777	0	0	1	1	1
OG0012778	OG0012778	0	0	1	1	1
OG0012779	OG0012779	0	0	0	2	1
OG0012780	OG0012780	0	0	0	2	1
OG0012781	OG0012781	0	0	0	0	3
OG0012782	OG0012782	0	0	0	0	3
OG0012783	OG0012783	0	0	0	0	3
OG0012784	OG0012784	0	0	0	0	3
OG0012785	OG0012785	0	0	0	0	3
OG0012786	OG0012786	0	1	1	0	0
OG0012787	OG0012787	0	0	2	0	0
OG0012788	OG0012788	1	0	1	0	0
OG0012789	OG0012789	0	0	2	0	0
OG0012790	OG0012790	0	0	1	0	1
OG0012791	OG0012791	1	0	0	0	1
OG0012792	OG0012792	0	1	0	1	0
OG0012793	OG0012793	1	1	0	0	0
OG0012794	OG0012794	0	0	1	0	1
OG0012795	OG0012795	0	1	0	0	1
OG0012796	OG0012796	0	0	2	0	0
OG0012797	OG0012797	0	0	0	2	0
OG0012798	OG0012798	0	1	0	0	1
OG0012799	OG0012799	1	0	0	1	0
OG0012800	OG0012800	1	0	0	1	0
OG0012801	OG0012801	0	0	0	0	2
OG0012802	OG0012802	0	1	0	1	0
OG0012803	OG0012803	1	0	0	0	1
OG0012804	OG0012804	0	1	1	0	0
OG0012805	OG0012805	0	0	2	0	0
OG0012806	OG0012806	1	0	0	0	1
OG0012807	OG0012807	0	0	0	0	2
OG0012808	OG0012808	1	0	0	0	1
OG0012809	OG0012809	0	0	1	1	0
OG0012810	OG0012810	0	0	0	1	1
OG0012811	OG0012811	0	0	0	1	1
OG0012812	OG0012812	1	0	1	0	0
OG0012813	OG0012813	0	1	0	1	0
OG0012814	OG0012814	0	1	0	1	0
OG0012815	OG0012815	1	0	0	0	1
OG0012816	OG0012816	1	1	0	0	0
OG0012817	OG0012817	0	0	0	0	2
OG0012818	OG0012818	0	0	0	1	1
OG0012819	OG0012819	0	1	1	0	0
OG0012820	OG0012820	0	1	0	1	0
OG0012821	OG0012821	0	0	1	0	1
OG0012822	OG0012822	0	0	0	1	1
OG0012823	OG0012823	0	0	1	0	1
OG0012824	OG0012824	0	0	1	1	0
OG0012825	OG0012825	0	0	0	2	0
OG0012826	OG0012826	0	2	0	0	0
OG0012827	OG0012827	0	0	0	1	1
OG0012828	OG0012828	0	0	0	1	1
OG0012829	OG0012829	2	0	0	0	0
OG0012830	OG0012830	0	0	1	1	0
OG0012831	OG0012831	0	0	0	2	0
OG0012832	OG0012832	0	0	0	0	2
OG0012833	OG0012833	0	0	0	1	1
OG0012834	OG0012834	2	0	0	0	0
OG0012835	OG0012835	0	0	0	1	1
OG0012836	OG0012836	0	0	0	0	2
OG0012837	OG0012837	0	0	0	1	1
OG0012838	OG0012838	0	0	0	2	0
OG0012839	OG0012839	0	1	1	0	0
OG0012840	OG0012840	0	0	0	1	1
OG0012841	OG0012841	0	0	1	1	0
OG0012842	OG0012842	0	0	0	1	1
OG0012843	OG0012843	1	0	0	0	1
OG0012844	OG0012844	0	1	0	1	0
OG0012845	OG0012845	0	0	0	0	2
OG0012846	OG0012846	0	0	1	0	1
OG0012847	OG0012847	0	0	0	1	1
OG0012848	OG0012848	0	0	0	1	1
OG0012849	OG0012849	0	0	1	0	1
OG0012850	OG0012850	0	0	0	0	2
OG0012851	OG0012851	0	0	0	1	1
OG0012852	OG0012852	0	0	1	0	1
OG0012853	OG0012853	0	0	1	0	1
OG0012854	OG0012854	0	0	0	1	1
OG0012855	OG0012855	1	0	0	1	0
OG0012856	OG0012856	0	1	0	0	1
OG0012857	OG0012857	0	0	0	1	1
OG0012858	OG0012858	0	0	0	1	1
OG0012859	OG0012859	0	0	0	1	1
OG0012860	OG0012860	0	0	0	1	1
OG0012861	OG0012861	0	0	1	0	1
OG0012862	OG0012862	0	0	1	0	1
OG0012863	OG0012863	0	1	0	0	1
OG0012864	OG0012864	0	0	1	0	1
OG0012865	OG0012865	0	0	0	1	1
OG0012866	OG0012866	0	0	0	1	1
OG0012867	OG0012867	0	0	0	1	1
OG0012868	OG0012868	0	0	0	1	1
OG0012869	OG0012869	0	0	0	1	1
OG0012870	OG0012870	0	0	0	1	1
OG0012871	OG0012871	0	0	0	1	1
OG0012872	OG0012872	0	0	1	0	1
OG0012873	OG0012873	0	0	0	1	1
OG0012874	OG0012874	0	0	0	1	1
OG0012875	OG0012875	1	0	0	0	1
OG0012876	OG0012876	0	0	0	1	1
OG0012877	OG0012877	0	0	0	1	1
OG0012878	OG0012878	0	0	0	2	0
OG0012879	OG0012879	0	1	0	0	1
OG0012880	OG0012880	0	0	1	0	1
OG0012881	OG0012881	1	0	0	0	1
OG0012882	OG0012882	0	0	1	0	1
OG0012883	OG0012883	0	0	0	1	1
OG0012884	OG0012884	0	1	0	0	1
OG0012885	OG0012885	1	0	1	0	0
OG0012886	OG0012886	1	0	1	0	0
OG0012887	OG0012887	1	0	0	1	0
OG0012888	OG0012888	1	0	1	0	0
OG0012889	OG0012889	1	1	0	0	0
OG0012890	OG0012890	1	1	0	0	0
OG0012891	OG0012891	1	1	0	0	0
OG0012892	OG0012892	1	1	0	0	0
OG0012893	OG0012893	1	0	0	1	0
OG0012894	OG0012894	1	0	0	1	0
OG0012895	OG0012895	1	0	1	0	0
OG0012896	OG0012896	1	1	0	0	0
OG0012897	OG0012897	1	1	0	0	0
OG0012898	OG0012898	1	1	0	0	0
OG0012899	OG0012899	1	0	1	0	0
OG0012900	OG0012900	1	0	0	0	1
OG0012901	OG0012901	1	0	1	0	0
OG0012902	OG0012902	1	0	0	1	0
OG0012903	OG0012903	1	0	0	1	0
OG0012904	OG0012904	1	0	0	1	0
OG0012905	OG0012905	1	1	0	0	0
OG0012906	OG0012906	1	1	0	0	0
OG0012907	OG0012907	1	1	0	0	0
OG0012908	OG0012908	1	0	1	0	0
OG0012909	OG0012909	1	0	0	1	0
OG0012910	OG0012910	1	0	1	0	0
OG0012911	OG0012911	1	0	0	1	0
OG0012912	OG0012912	1	1	0	0	0
OG0012913	OG0012913	1	0	1	0	0
OG0012914	OG0012914	1	0	1	0	0
OG0012915	OG0012915	1	0	1	0	0
OG0012916	OG0012916	1	0	1	0	0
OG0012917	OG0012917	1	0	0	1	0
OG0012918	OG0012918	1	0	1	0	0
OG0012919	OG0012919	1	0	1	0	0
OG0012920	OG0012920	1	0	1	0	0
OG0012921	OG0012921	1	1	0	0	0
OG0012922	OG0012922	1	0	0	1	0
OG0012923	OG0012923	1	0	1	0	0
OG0012924	OG0012924	1	1	0	0	0
OG0012925	OG0012925	1	0	1	0	0
OG0012926	OG0012926	1	0	1	0	0
OG0012927	OG0012927	1	1	0	0	0
OG0012928	OG0012928	1	1	0	0	0
OG0012929	OG0012929	1	0	0	0	1
OG0012930	OG0012930	1	0	1	0	0
OG0012931	OG0012931	1	1	0	0	0
OG0012932	OG0012932	1	1	0	0	0
OG0012933	OG0012933	1	1	0	0	0
OG0012934	OG0012934	1	0	0	0	1
OG0012935	OG0012935	1	0	1	0	0
OG0012936	OG0012936	1	0	1	0	0
OG0012937	OG0012937	1	0	1	0	0
OG0012938	OG0012938	1	1	0	0	0
OG0012939	OG0012939	1	0	0	1	0
OG0012940	OG0012940	1	0	0	1	0
OG0012941	OG0012941	1	0	1	0	0
OG0012942	OG0012942	1	1	0	0	0
OG0012943	OG0012943	1	1	0	0	0
OG0012944	OG0012944	1	0	0	0	1
OG0012945	OG0012945	1	1	0	0	0
OG0012946	OG0012946	1	0	0	1	0
OG0012947	OG0012947	1	0	1	0	0
OG0012948	OG0012948	1	1	0	0	0
OG0012949	OG0012949	1	0	1	0	0
OG0012950	OG0012950	1	0	0	1	0
OG0012951	OG0012951	1	1	0	0	0
OG0012952	OG0012952	1	1	0	0	0
OG0012953	OG0012953	1	1	0	0	0
OG0012954	OG0012954	1	0	1	0	0
OG0012955	OG0012955	1	0	1	0	0
OG0012956	OG0012956	1	0	1	0	0
OG0012957	OG0012957	1	0	0	1	0
OG0012958	OG0012958	1	1	0	0	0
OG0012959	OG0012959	1	0	0	0	1
OG0012960	OG0012960	1	0	1	0	0
OG0012961	OG0012961	1	0	1	0	0
OG0012962	OG0012962	1	0	1	0	0
OG0012963	OG0012963	1	0	1	0	0
OG0012964	OG0012964	1	0	1	0	0
OG0012965	OG0012965	1	0	0	1	0
OG0012966	OG0012966	1	0	1	0	0
OG0012967	OG0012967	1	1	0	0	0
OG0012968	OG0012968	1	0	0	1	0
OG0012969	OG0012969	1	0	0	0	1
OG0012970	OG0012970	1	0	1	0	0
OG0012971	OG0012971	1	0	0	0	1
OG0012972	OG0012972	1	1	0	0	0
OG0012973	OG0012973	1	0	1	0	0
OG0012974	OG0012974	1	0	1	0	0
OG0012975	OG0012975	1	0	1	0	0
OG0012976	OG0012976	1	1	0	0	0
OG0012977	OG0012977	1	0	1	0	0
OG0012978	OG0012978	1	0	1	0	0
OG0012979	OG0012979	1	0	0	0	1
OG0012980	OG0012980	1	0	0	1	0
OG0012981	OG0012981	1	0	0	0	1
OG0012982	OG0012982	2	0	0	0	0
OG0012983	OG0012983	1	0	1	0	0
OG0012984	OG0012984	1	0	0	0	1
OG0012985	OG0012985	1	0	0	1	0
OG0012986	OG0012986	1	0	1	0	0
OG0012987	OG0012987	1	0	0	0	1
OG0012988	OG0012988	1	0	0	1	0
OG0012989	OG0012989	1	0	0	0	1
OG0012990	OG0012990	1	0	0	0	1
OG0012991	OG0012991	1	0	1	0	0
OG0012992	OG0012992	1	0	0	0	1
OG0012993	OG0012993	1	0	0	1	0
OG0012994	OG0012994	1	0	1	0	0
OG0012995	OG0012995	1	1	0	0	0
OG0012996	OG0012996	1	0	0	0	1
OG0012997	OG0012997	1	0	0	0	1
OG0012998	OG0012998	1	0	1	0	0
OG0012999	OG0012999	1	0	1	0	0
OG0013000	OG0013000	1	0	1	0	0
OG0013001	OG0013001	1	0	0	0	1
OG0013002	OG0013002	1	1	0	0	0
OG0013003	OG0013003	1	0	0	1	0
OG0013004	OG0013004	1	0	0	0	1
OG0013005	OG0013005	1	1	0	0	0
OG0013006	OG0013006	1	0	0	0	1
OG0013007	OG0013007	1	0	0	0	1
OG0013008	OG0013008	1	0	0	0	1
OG0013009	OG0013009	1	0	1	0	0
OG0013010	OG0013010	1	0	0	0	1
OG0013011	OG0013011	1	1	0	0	0
OG0013012	OG0013012	1	0	1	0	0
OG0013013	OG0013013	1	1	0	0	0
OG0013014	OG0013014	1	0	0	0	1
OG0013015	OG0013015	1	1	0	0	0
OG0013016	OG0013016	1	0	0	0	1
OG0013017	OG0013017	1	0	0	0	1
OG0013018	OG0013018	1	0	0	0	1
OG0013019	OG0013019	1	0	0	0	1
OG0013020	OG0013020	1	0	1	0	0
OG0013021	OG0013021	1	0	0	0	1
OG0013022	OG0013022	1	0	0	0	1
OG0013023	OG0013023	1	0	0	1	0
OG0013024	OG0013024	1	0	0	0	1
OG0013025	OG0013025	1	0	0	1	0
OG0013026	OG0013026	1	0	1	0	0
OG0013027	OG0013027	1	0	1	0	0
OG0013028	OG0013028	1	0	0	0	1
OG0013029	OG0013029	1	0	0	0	1
OG0013030	OG0013030	1	0	0	0	1
OG0013031	OG0013031	1	0	0	1	0
OG0013032	OG0013032	1	0	0	1	0
OG0013033	OG0013033	2	0	0	0	0
OG0013034	OG0013034	1	0	1	0	0
OG0013035	OG0013035	1	0	0	1	0
OG0013036	OG0013036	1	1	0	0	0
OG0013037	OG0013037	1	0	1	0	0
OG0013038	OG0013038	1	0	0	0	1
OG0013039	OG0013039	1	0	0	1	0
OG0013040	OG0013040	1	0	1	0	0
OG0013041	OG0013041	1	1	0	0	0
OG0013042	OG0013042	1	0	1	0	0
OG0013043	OG0013043	1	0	1	0	0
OG0013044	OG0013044	1	0	0	0	1
OG0013045	OG0013045	1	1	0	0	0
OG0013046	OG0013046	1	0	0	0	1
OG0013047	OG0013047	1	0	0	0	1
OG0013048	OG0013048	1	0	0	1	0
OG0013049	OG0013049	1	0	0	1	0
OG0013050	OG0013050	1	0	0	1	0
OG0013051	OG0013051	1	1	0	0	0
OG0013052	OG0013052	1	0	0	0	1
OG0013053	OG0013053	1	0	1	0	0
OG0013054	OG0013054	1	0	1	0	0
OG0013055	OG0013055	1	0	1	0	0
OG0013056	OG0013056	1	0	0	0	1
OG0013057	OG0013057	2	0	0	0	0
OG0013058	OG0013058	1	0	1	0	0
OG0013059	OG0013059	1	0	0	0	1
OG0013060	OG0013060	1	0	0	0	1
OG0013061	OG0013061	1	0	1	0	0
OG0013062	OG0013062	1	1	0	0	0
OG0013063	OG0013063	1	0	0	0	1
OG0013064	OG0013064	1	0	1	0	0
OG0013065	OG0013065	1	0	0	0	1
OG0013066	OG0013066	1	0	1	0	0
OG0013067	OG0013067	1	0	0	0	1
OG0013068	OG0013068	1	1	0	0	0
OG0013069	OG0013069	1	0	1	0	0
OG0013070	OG0013070	1	0	0	0	1
OG0013071	OG0013071	1	0	0	1	0
OG0013072	OG0013072	1	0	0	0	1
OG0013073	OG0013073	1	0	1	0	0
OG0013074	OG0013074	1	0	0	1	0
OG0013075	OG0013075	1	0	0	0	1
OG0013076	OG0013076	1	1	0	0	0
OG0013077	OG0013077	1	0	0	0	1
OG0013078	OG0013078	1	0	0	0	1
OG0013079	OG0013079	1	1	0	0	0
OG0013080	OG0013080	1	0	0	0	1
OG0013081	OG0013081	1	0	0	0	1
OG0013082	OG0013082	1	0	1	0	0
OG0013083	OG0013083	1	0	0	1	0
OG0013084	OG0013084	1	0	0	1	0
OG0013085	OG0013085	1	0	1	0	0
OG0013086	OG0013086	1	1	0	0	0
OG0013087	OG0013087	1	0	0	0	1
OG0013088	OG0013088	1	1	0	0	0
OG0013089	OG0013089	1	1	0	0	0
OG0013090	OG0013090	1	0	0	0	1
OG0013091	OG0013091	1	0	0	0	1
OG0013092	OG0013092	1	0	0	0	1
OG0013093	OG0013093	1	0	1	0	0
OG0013094	OG0013094	1	0	1	0	0
OG0013095	OG0013095	1	0	0	1	0
OG0013096	OG0013096	1	0	0	0	1
OG0013097	OG0013097	1	0	0	0	1
OG0013098	OG0013098	1	0	1	0	0
OG0013099	OG0013099	1	0	0	0	1
OG0013100	OG0013100	1	0	1	0	0
OG0013101	OG0013101	1	1	0	0	0
OG0013102	OG0013102	1	0	0	1	0
OG0013103	OG0013103	1	0	0	1	0
OG0013104	OG0013104	1	0	0	1	0
OG0013105	OG0013105	1	0	0	1	0
OG0013106	OG0013106	1	0	0	1	0
OG0013107	OG0013107	1	0	1	0	0
OG0013108	OG0013108	1	0	0	0	1
OG0013109	OG0013109	1	0	0	0	1
OG0013110	OG0013110	1	0	1	0	0
OG0013111	OG0013111	1	0	1	0	0
OG0013112	OG0013112	1	1	0	0	0
OG0013113	OG0013113	1	0	1	0	0
OG0013114	OG0013114	1	1	0	0	0
OG0013115	OG0013115	1	1	0	0	0
OG0013116	OG0013116	1	1	0	0	0
OG0013117	OG0013117	1	0	1	0	0
OG0013118	OG0013118	1	0	0	0	1
OG0013119	OG0013119	1	0	0	0	1
OG0013120	OG0013120	1	0	0	0	1
OG0013121	OG0013121	1	0	0	0	1
OG0013122	OG0013122	1	0	1	0	0
OG0013123	OG0013123	1	0	0	0	1
OG0013124	OG0013124	1	0	1	0	0
OG0013125	OG0013125	1	0	0	0	1
OG0013126	OG0013126	1	0	0	0	1
OG0013127	OG0013127	1	0	1	0	0
OG0013128	OG0013128	1	0	1	0	0
OG0013129	OG0013129	1	0	1	0	0
OG0013130	OG0013130	1	1	0	0	0
OG0013131	OG0013131	1	0	0	1	0
OG0013132	OG0013132	1	0	1	0	0
OG0013133	OG0013133	1	1	0	0	0
OG0013134	OG0013134	1	0	0	0	1
OG0013135	OG0013135	1	0	1	0	0
OG0013136	OG0013136	1	0	1	0	0
OG0013137	OG0013137	1	1	0	0	0
OG0013138	OG0013138	1	0	0	1	0
OG0013139	OG0013139	1	1	0	0	0
OG0013140	OG0013140	1	0	0	0	1
OG0013141	OG0013141	1	0	1	0	0
OG0013142	OG0013142	1	0	0	1	0
OG0013143	OG0013143	1	1	0	0	0
OG0013144	OG0013144	1	1	0	0	0
OG0013145	OG0013145	1	0	0	0	1
OG0013146	OG0013146	1	0	1	0	0
OG0013147	OG0013147	1	0	0	0	1
OG0013148	OG0013148	1	1	0	0	0
OG0013149	OG0013149	1	1	0	0	0
OG0013150	OG0013150	1	0	1	0	0
OG0013151	OG0013151	1	0	1	0	0
OG0013152	OG0013152	1	0	1	0	0
OG0013153	OG0013153	1	0	1	0	0
OG0013154	OG0013154	1	0	0	0	1
OG0013155	OG0013155	1	0	0	1	0
OG0013156	OG0013156	1	0	1	0	0
OG0013157	OG0013157	1	1	0	0	0
OG0013158	OG0013158	1	0	0	0	1
OG0013159	OG0013159	1	1	0	0	0
OG0013160	OG0013160	1	0	0	0	1
OG0013161	OG0013161	1	0	0	0	1
OG0013162	OG0013162	1	0	1	0	0
OG0013163	OG0013163	1	1	0	0	0
OG0013164	OG0013164	1	0	0	1	0
OG0013165	OG0013165	1	0	0	0	1
OG0013166	OG0013166	1	0	0	0	1
OG0013167	OG0013167	1	0	0	0	1
OG0013168	OG0013168	1	0	1	0	0
OG0013169	OG0013169	1	0	0	1	0
OG0013170	OG0013170	1	0	0	0	1
OG0013171	OG0013171	1	1	0	0	0
OG0013172	OG0013172	1	0	0	0	1
OG0013173	OG0013173	1	0	0	0	1
OG0013174	OG0013174	1	0	0	0	1
OG0013175	OG0013175	1	0	0	1	0
OG0013176	OG0013176	1	0	1	0	0
OG0013177	OG0013177	1	0	0	0	1
OG0013178	OG0013178	1	0	1	0	0
OG0013179	OG0013179	1	0	0	1	0
OG0013180	OG0013180	1	0	0	0	1
OG0013181	OG0013181	1	0	1	0	0
OG0013182	OG0013182	1	0	0	0	1
OG0013183	OG0013183	1	0	0	0	1
OG0013184	OG0013184	1	1	0	0	0
OG0013185	OG0013185	1	0	0	0	1
OG0013186	OG0013186	1	0	1	0	0
OG0013187	OG0013187	1	1	0	0	0
OG0013188	OG0013188	1	0	0	0	1
OG0013189	OG0013189	1	0	0	0	1
OG0013190	OG0013190	1	1	0	0	0
OG0013191	OG0013191	1	0	1	0	0
OG0013192	OG0013192	1	0	0	0	1
OG0013193	OG0013193	1	0	0	0	1
OG0013194	OG0013194	1	0	1	0	0
OG0013195	OG0013195	1	0	0	0	1
OG0013196	OG0013196	1	0	1	0	0
OG0013197	OG0013197	1	0	1	0	0
OG0013198	OG0013198	1	0	1	0	0
OG0013199	OG0013199	1	0	0	0	1
OG0013200	OG0013200	1	1	0	0	0
OG0013201	OG0013201	1	0	1	0	0
OG0013202	OG0013202	1	0	1	0	0
OG0013203	OG0013203	1	0	0	0	1
OG0013204	OG0013204	1	0	0	0	1
OG0013205	OG0013205	1	1	0	0	0
OG0013206	OG0013206	1	0	0	0	1
OG0013207	OG0013207	1	0	0	0	1
OG0013208	OG0013208	1	1	0	0	0
OG0013209	OG0013209	1	0	1	0	0
OG0013210	OG0013210	1	0	1	0	0
OG0013211	OG0013211	1	1	0	0	0
OG0013212	OG0013212	1	1	0	0	0
OG0013213	OG0013213	1	0	0	1	0
OG0013214	OG0013214	1	0	1	0	0
OG0013215	OG0013215	1	0	0	0	1
OG0013216	OG0013216	1	0	1	0	0
OG0013217	OG0013217	1	0	1	0	0
OG0013218	OG0013218	1	0	0	0	1
OG0013219	OG0013219	1	0	0	0	1
OG0013220	OG0013220	1	0	0	0	1
OG0013221	OG0013221	1	0	0	0	1
OG0013222	OG0013222	1	0	1	0	0
OG0013223	OG0013223	1	0	1	0	0
OG0013224	OG0013224	1	0	1	0	0
OG0013225	OG0013225	1	0	1	0	0
OG0013226	OG0013226	1	0	0	0	1
OG0013227	OG0013227	1	0	0	1	0
OG0013228	OG0013228	1	0	0	1	0
OG0013229	OG0013229	1	1	0	0	0
OG0013230	OG0013230	1	0	0	0	1
OG0013231	OG0013231	1	0	0	0	1
OG0013232	OG0013232	1	0	0	0	1
OG0013233	OG0013233	1	1	0	0	0
OG0013234	OG0013234	1	0	0	0	1
OG0013235	OG0013235	1	0	0	0	1
OG0013236	OG0013236	1	0	0	0	1
OG0013237	OG0013237	1	0	0	1	0
OG0013238	OG0013238	1	0	0	1	0
OG0013239	OG0013239	1	1	0	0	0
OG0013240	OG0013240	1	0	0	0	1
OG0013241	OG0013241	1	0	0	1	0
OG0013242	OG0013242	1	1	0	0	0
OG0013243	OG0013243	1	0	0	1	0
OG0013244	OG0013244	1	0	1	0	0
OG0013245	OG0013245	1	0	0	1	0
OG0013246	OG0013246	1	0	0	0	1
OG0013247	OG0013247	1	0	1	0	0
OG0013248	OG0013248	1	0	0	1	0
OG0013249	OG0013249	1	0	0	0	1
OG0013250	OG0013250	1	0	0	0	1
OG0013251	OG0013251	1	0	0	0	1
OG0013252	OG0013252	1	0	1	0	0
OG0013253	OG0013253	1	0	0	0	1
OG0013254	OG0013254	1	1	0	0	0
OG0013255	OG0013255	1	0	1	0	0
OG0013256	OG0013256	1	1	0	0	0
OG0013257	OG0013257	1	0	0	0	1
OG0013258	OG0013258	1	0	0	0	1
OG0013259	OG0013259	1	1	0	0	0
OG0013260	OG0013260	1	0	0	1	0
OG0013261	OG0013261	1	0	1	0	0
OG0013262	OG0013262	1	0	0	1	0
OG0013263	OG0013263	1	0	0	0	1
OG0013264	OG0013264	1	1	0	0	0
OG0013265	OG0013265	1	0	0	0	1
OG0013266	OG0013266	1	1	0	0	0
OG0013267	OG0013267	1	0	0	1	0
OG0013268	OG0013268	1	0	0	0	1
OG0013269	OG0013269	1	0	0	0	1
OG0013270	OG0013270	1	0	0	0	1
OG0013271	OG0013271	1	0	1	0	0
OG0013272	OG0013272	1	0	0	0	1
OG0013273	OG0013273	1	1	0	0	0
OG0013274	OG0013274	1	0	1	0	0
OG0013275	OG0013275	1	0	1	0	0
OG0013276	OG0013276	1	0	1	0	0
OG0013277	OG0013277	1	0	1	0	0
OG0013278	OG0013278	1	0	0	0	1
OG0013279	OG0013279	0	1	0	1	0
OG0013280	OG0013280	0	1	0	1	0
OG0013281	OG0013281	0	1	0	1	0
OG0013282	OG0013282	0	1	0	1	0
OG0013283	OG0013283	0	1	0	0	1
OG0013284	OG0013284	0	1	0	1	0
OG0013285	OG0013285	0	1	0	1	0
OG0013286	OG0013286	0	1	1	0	0
OG0013287	OG0013287	0	1	1	0	0
OG0013288	OG0013288	0	1	0	1	0
OG0013289	OG0013289	0	1	1	0	0
OG0013290	OG0013290	0	1	1	0	0
OG0013291	OG0013291	0	1	1	0	0
OG0013292	OG0013292	0	1	0	1	0
OG0013293	OG0013293	0	1	0	1	0
OG0013294	OG0013294	0	1	0	0	1
OG0013295	OG0013295	0	1	1	0	0
OG0013296	OG0013296	0	1	1	0	0
OG0013297	OG0013297	0	1	1	0	0
OG0013298	OG0013298	0	1	1	0	0
OG0013299	OG0013299	0	1	0	0	1
OG0013300	OG0013300	0	1	1	0	0
OG0013301	OG0013301	0	1	0	1	0
OG0013302	OG0013302	0	1	1	0	0
OG0013303	OG0013303	0	1	0	1	0
OG0013304	OG0013304	0	1	1	0	0
OG0013305	OG0013305	0	1	1	0	0
OG0013306	OG0013306	0	1	1	0	0
OG0013307	OG0013307	0	1	0	1	0
OG0013308	OG0013308	0	1	0	1	0
OG0013309	OG0013309	0	1	0	1	0
OG0013310	OG0013310	0	1	0	1	0
OG0013311	OG0013311	0	1	0	1	0
OG0013312	OG0013312	0	1	0	1	0
OG0013313	OG0013313	0	1	0	1	0
OG0013314	OG0013314	0	1	0	1	0
OG0013315	OG0013315	0	1	0	1	0
OG0013316	OG0013316	0	1	0	1	0
OG0013317	OG0013317	0	1	1	0	0
OG0013318	OG0013318	0	1	0	1	0
OG0013319	OG0013319	0	1	0	1	0
OG0013320	OG0013320	0	1	0	1	0
OG0013321	OG0013321	0	1	0	1	0
OG0013322	OG0013322	0	1	0	1	0
OG0013323	OG0013323	0	1	0	1	0
OG0013324	OG0013324	0	1	0	1	0
OG0013325	OG0013325	0	1	1	0	0
OG0013326	OG0013326	0	1	0	1	0
OG0013327	OG0013327	0	1	1	0	0
OG0013328	OG0013328	0	2	0	0	0
OG0013329	OG0013329	0	1	0	0	1
OG0013330	OG0013330	0	1	1	0	0
OG0013331	OG0013331	0	1	0	1	0
OG0013332	OG0013332	0	1	0	1	0
OG0013333	OG0013333	0	1	0	1	0
OG0013334	OG0013334	0	1	0	1	0
OG0013335	OG0013335	0	1	0	1	0
OG0013336	OG0013336	0	1	0	1	0
OG0013337	OG0013337	0	1	0	0	1
OG0013338	OG0013338	0	1	1	0	0
OG0013339	OG0013339	0	1	0	0	1
OG0013340	OG0013340	0	1	0	1	0
OG0013341	OG0013341	0	1	0	1	0
OG0013342	OG0013342	0	1	0	1	0
OG0013343	OG0013343	0	1	1	0	0
OG0013344	OG0013344	0	1	0	1	0
OG0013345	OG0013345	0	1	0	1	0
OG0013346	OG0013346	0	1	0	0	1
OG0013347	OG0013347	0	1	0	0	1
OG0013348	OG0013348	0	1	0	1	0
OG0013349	OG0013349	0	1	0	0	1
OG0013350	OG0013350	0	1	0	1	0
OG0013351	OG0013351	0	1	0	1	0
OG0013352	OG0013352	0	1	0	1	0
OG0013353	OG0013353	0	1	0	1	0
OG0013354	OG0013354	0	1	0	1	0
OG0013355	OG0013355	0	1	0	1	0
OG0013356	OG0013356	0	1	0	1	0
OG0013357	OG0013357	0	1	0	1	0
OG0013358	OG0013358	0	1	1	0	0
OG0013359	OG0013359	0	1	0	0	1
OG0013360	OG0013360	0	1	0	1	0
OG0013361	OG0013361	0	1	0	1	0
OG0013362	OG0013362	0	1	0	1	0
OG0013363	OG0013363	0	1	0	1	0
OG0013364	OG0013364	0	1	0	1	0
OG0013365	OG0013365	0	1	0	0	1
OG0013366	OG0013366	0	1	0	0	1
OG0013367	OG0013367	0	1	0	1	0
OG0013368	OG0013368	0	1	1	0	0
OG0013369	OG0013369	0	1	0	1	0
OG0013370	OG0013370	0	1	1	0	0
OG0013371	OG0013371	0	1	0	1	0
OG0013372	OG0013372	0	1	1	0	0
OG0013373	OG0013373	0	1	0	0	1
OG0013374	OG0013374	0	1	0	0	1
OG0013375	OG0013375	0	1	0	0	1
OG0013376	OG0013376	0	1	1	0	0
OG0013377	OG0013377	0	1	0	1	0
OG0013378	OG0013378	0	1	0	1	0
OG0013379	OG0013379	0	1	0	0	1
OG0013380	OG0013380	0	1	1	0	0
OG0013381	OG0013381	0	1	0	1	0
OG0013382	OG0013382	0	1	0	0	1
OG0013383	OG0013383	0	1	1	0	0
OG0013384	OG0013384	0	1	1	0	0
OG0013385	OG0013385	0	1	0	0	1
OG0013386	OG0013386	0	1	0	1	0
OG0013387	OG0013387	0	1	1	0	0
OG0013388	OG0013388	0	1	1	0	0
OG0013389	OG0013389	0	1	0	1	0
OG0013390	OG0013390	0	1	0	1	0
OG0013391	OG0013391	0	1	1	0	0
OG0013392	OG0013392	0	1	0	0	1
OG0013393	OG0013393	0	1	0	0	1
OG0013394	OG0013394	0	1	0	0	1
OG0013395	OG0013395	0	1	0	0	1
OG0013396	OG0013396	0	1	0	1	0
OG0013397	OG0013397	0	1	0	0	1
OG0013398	OG0013398	0	1	0	1	0
OG0013399	OG0013399	0	1	1	0	0
OG0013400	OG0013400	0	1	0	0	1
OG0013401	OG0013401	0	1	1	0	0
OG0013402	OG0013402	0	1	1	0	0
OG0013403	OG0013403	0	1	0	1	0
OG0013404	OG0013404	0	1	1	0	0
OG0013405	OG0013405	0	1	1	0	0
OG0013406	OG0013406	0	1	0	0	1
OG0013407	OG0013407	0	1	1	0	0
OG0013408	OG0013408	0	1	1	0	0
OG0013409	OG0013409	0	1	0	0	1
OG0013410	OG0013410	0	1	0	1	0
OG0013411	OG0013411	0	1	0	1	0
OG0013412	OG0013412	0	1	0	0	1
OG0013413	OG0013413	0	1	0	0	1
OG0013414	OG0013414	0	1	0	1	0
OG0013415	OG0013415	0	1	0	1	0
OG0013416	OG0013416	0	1	1	0	0
OG0013417	OG0013417	0	1	0	0	1
OG0013418	OG0013418	0	1	1	0	0
OG0013419	OG0013419	0	1	0	1	0
OG0013420	OG0013420	0	1	0	1	0
OG0013421	OG0013421	0	1	0	1	0
OG0013422	OG0013422	0	1	0	1	0
OG0013423	OG0013423	0	1	0	1	0
OG0013424	OG0013424	0	1	0	1	0
OG0013425	OG0013425	0	1	0	1	0
OG0013426	OG0013426	0	1	0	1	0
OG0013427	OG0013427	0	1	0	0	1
OG0013428	OG0013428	0	1	1	0	0
OG0013429	OG0013429	0	1	0	0	1
OG0013430	OG0013430	0	1	0	0	1
OG0013431	OG0013431	0	1	0	1	0
OG0013432	OG0013432	0	1	0	0	1
OG0013433	OG0013433	0	1	1	0	0
OG0013434	OG0013434	0	1	0	1	0
OG0013435	OG0013435	0	1	0	0	1
OG0013436	OG0013436	0	1	1	0	0
OG0013437	OG0013437	0	1	0	1	0
OG0013438	OG0013438	0	1	1	0	0
OG0013439	OG0013439	0	1	0	0	1
OG0013440	OG0013440	0	1	0	0	1
OG0013441	OG0013441	0	1	1	0	0
OG0013442	OG0013442	0	1	1	0	0
OG0013443	OG0013443	0	1	0	1	0
OG0013444	OG0013444	0	1	0	1	0
OG0013445	OG0013445	0	1	0	1	0
OG0013446	OG0013446	0	1	1	0	0
OG0013447	OG0013447	0	1	1	0	0
OG0013448	OG0013448	0	1	0	1	0
OG0013449	OG0013449	0	1	0	0	1
OG0013450	OG0013450	0	1	0	0	1
OG0013451	OG0013451	0	1	0	1	0
OG0013452	OG0013452	0	1	0	1	0
OG0013453	OG0013453	0	1	0	0	1
OG0013454	OG0013454	0	1	0	1	0
OG0013455	OG0013455	0	1	1	0	0
OG0013456	OG0013456	0	1	1	0	0
OG0013457	OG0013457	0	2	0	0	0
OG0013458	OG0013458	0	1	0	1	0
OG0013459	OG0013459	0	1	0	0	1
OG0013460	OG0013460	0	1	1	0	0
OG0013461	OG0013461	0	1	0	1	0
OG0013462	OG0013462	0	1	0	0	1
OG0013463	OG0013463	0	1	1	0	0
OG0013464	OG0013464	0	1	0	1	0
OG0013465	OG0013465	0	1	0	1	0
OG0013466	OG0013466	0	1	0	0	1
OG0013467	OG0013467	0	1	0	0	1
OG0013468	OG0013468	0	1	0	1	0
OG0013469	OG0013469	0	1	0	0	1
OG0013470	OG0013470	0	1	0	1	0
OG0013471	OG0013471	0	1	0	1	0
OG0013472	OG0013472	0	1	0	1	0
OG0013473	OG0013473	0	1	0	0	1
OG0013474	OG0013474	0	1	1	0	0
OG0013475	OG0013475	0	1	0	0	1
OG0013476	OG0013476	0	1	0	1	0
OG0013477	OG0013477	0	1	0	0	1
OG0013478	OG0013478	0	1	1	0	0
OG0013479	OG0013479	0	1	1	0	0
OG0013480	OG0013480	0	1	0	1	0
OG0013481	OG0013481	0	1	1	0	0
OG0013482	OG0013482	0	1	0	1	0
OG0013483	OG0013483	0	1	0	1	0
OG0013484	OG0013484	0	1	1	0	0
OG0013485	OG0013485	0	1	0	1	0
OG0013486	OG0013486	0	1	0	1	0
OG0013487	OG0013487	0	1	0	0	1
OG0013488	OG0013488	0	1	1	0	0
OG0013489	OG0013489	0	1	0	0	1
OG0013490	OG0013490	0	1	0	0	1
OG0013491	OG0013491	0	1	1	0	0
OG0013492	OG0013492	0	1	0	0	1
OG0013493	OG0013493	0	1	0	1	0
OG0013494	OG0013494	0	1	0	1	0
OG0013495	OG0013495	0	1	0	1	0
OG0013496	OG0013496	0	1	1	0	0
OG0013497	OG0013497	0	1	0	0	1
OG0013498	OG0013498	0	1	0	1	0
OG0013499	OG0013499	0	1	0	1	0
OG0013500	OG0013500	0	1	0	0	1
OG0013501	OG0013501	0	1	0	1	0
OG0013502	OG0013502	0	1	0	1	0
OG0013503	OG0013503	0	1	0	0	1
OG0013504	OG0013504	0	1	1	0	0
OG0013505	OG0013505	0	1	0	1	0
OG0013506	OG0013506	0	1	0	0	1
OG0013507	OG0013507	0	1	1	0	0
OG0013508	OG0013508	0	1	1	0	0
OG0013509	OG0013509	0	1	0	0	1
OG0013510	OG0013510	0	1	1	0	0
OG0013511	OG0013511	0	1	0	0	1
OG0013512	OG0013512	0	1	1	0	0
OG0013513	OG0013513	0	1	0	1	0
OG0013514	OG0013514	0	1	1	0	0
OG0013515	OG0013515	0	1	0	0	1
OG0013516	OG0013516	0	1	0	1	0
OG0013517	OG0013517	0	1	0	1	0
OG0013518	OG0013518	0	1	1	0	0
OG0013519	OG0013519	0	1	0	1	0
OG0013520	OG0013520	0	1	1	0	0
OG0013521	OG0013521	0	1	0	1	0
OG0013522	OG0013522	0	1	1	0	0
OG0013523	OG0013523	0	1	0	1	0
OG0013524	OG0013524	0	1	1	0	0
OG0013525	OG0013525	0	1	0	1	0
OG0013526	OG0013526	0	1	0	1	0
OG0013527	OG0013527	0	1	1	0	0
OG0013528	OG0013528	0	1	0	1	0
OG0013529	OG0013529	0	1	0	1	0
OG0013530	OG0013530	0	1	0	1	0
OG0013531	OG0013531	0	1	0	1	0
OG0013532	OG0013532	0	1	0	1	0
OG0013533	OG0013533	0	1	0	1	0
OG0013534	OG0013534	0	1	1	0	0
OG0013535	OG0013535	0	1	0	0	1
OG0013536	OG0013536	0	1	0	0	1
OG0013537	OG0013537	0	1	0	0	1
OG0013538	OG0013538	0	1	0	1	0
OG0013539	OG0013539	0	1	0	1	0
OG0013540	OG0013540	0	1	1	0	0
OG0013541	OG0013541	0	1	1	0	0
OG0013542	OG0013542	0	1	0	1	0
OG0013543	OG0013543	0	1	0	1	0
OG0013544	OG0013544	0	1	1	0	0
OG0013545	OG0013545	0	1	0	1	0
OG0013546	OG0013546	0	1	0	1	0
OG0013547	OG0013547	0	1	0	1	0
OG0013548	OG0013548	0	1	0	0	1
OG0013549	OG0013549	0	1	1	0	0
OG0013550	OG0013550	0	1	0	1	0
OG0013551	OG0013551	0	1	0	0	1
OG0013552	OG0013552	0	1	0	1	0
OG0013553	OG0013553	0	1	1	0	0
OG0013554	OG0013554	0	1	1	0	0
OG0013555	OG0013555	0	1	1	0	0
OG0013556	OG0013556	0	1	0	1	0
OG0013557	OG0013557	0	1	0	1	0
OG0013558	OG0013558	0	1	0	1	0
OG0013559	OG0013559	0	1	1	0	0
OG0013560	OG0013560	0	1	0	0	1
OG0013561	OG0013561	0	1	0	0	1
OG0013562	OG0013562	0	1	0	1	0
OG0013563	OG0013563	0	1	0	1	0
OG0013564	OG0013564	0	1	1	0	0
OG0013565	OG0013565	0	1	0	1	0
OG0013566	OG0013566	0	1	1	0	0
OG0013567	OG0013567	0	1	0	1	0
OG0013568	OG0013568	0	1	0	0	1
OG0013569	OG0013569	0	1	0	1	0
OG0013570	OG0013570	0	1	0	0	1
OG0013571	OG0013571	0	1	0	0	1
OG0013572	OG0013572	0	1	0	1	0
OG0013573	OG0013573	0	1	0	1	0
OG0013574	OG0013574	0	1	1	0	0
OG0013575	OG0013575	0	1	0	1	0
OG0013576	OG0013576	0	1	0	1	0
OG0013577	OG0013577	0	1	0	0	1
OG0013578	OG0013578	0	1	0	0	1
OG0013579	OG0013579	0	1	1	0	0
OG0013580	OG0013580	0	1	0	1	0
OG0013581	OG0013581	0	1	1	0	0
OG0013582	OG0013582	0	1	0	1	0
OG0013583	OG0013583	0	1	1	0	0
OG0013584	OG0013584	0	1	1	0	0
OG0013585	OG0013585	0	1	0	1	0
OG0013586	OG0013586	0	1	0	1	0
OG0013587	OG0013587	0	1	1	0	0
OG0013588	OG0013588	0	1	0	1	0
OG0013589	OG0013589	0	1	0	0	1
OG0013590	OG0013590	0	1	1	0	0
OG0013591	OG0013591	0	1	0	0	1
OG0013592	OG0013592	0	1	0	1	0
OG0013593	OG0013593	0	1	0	1	0
OG0013594	OG0013594	0	1	1	0	0
OG0013595	OG0013595	0	1	0	0	1
OG0013596	OG0013596	0	1	0	1	0
OG0013597	OG0013597	0	1	0	0	1
OG0013598	OG0013598	0	1	0	1	0
OG0013599	OG0013599	0	1	0	0	1
OG0013600	OG0013600	0	1	1	0	0
OG0013601	OG0013601	0	1	0	1	0
OG0013602	OG0013602	0	1	0	1	0
OG0013603	OG0013603	0	1	1	0	0
OG0013604	OG0013604	0	1	0	0	1
OG0013605	OG0013605	0	1	1	0	0
OG0013606	OG0013606	0	1	0	1	0
OG0013607	OG0013607	0	1	1	0	0
OG0013608	OG0013608	0	1	0	1	0
OG0013609	OG0013609	0	1	0	0	1
OG0013610	OG0013610	0	1	0	1	0
OG0013611	OG0013611	0	1	0	1	0
OG0013612	OG0013612	0	1	0	1	0
OG0013613	OG0013613	0	1	0	0	1
OG0013614	OG0013614	0	1	1	0	0
OG0013615	OG0013615	0	1	0	1	0
OG0013616	OG0013616	0	0	1	0	1
OG0013617	OG0013617	0	0	1	1	0
OG0013618	OG0013618	0	0	1	1	0
OG0013619	OG0013619	0	0	1	1	0
OG0013620	OG0013620	0	0	1	1	0
OG0013621	OG0013621	0	0	1	0	1
OG0013622	OG0013622	0	0	1	1	0
OG0013623	OG0013623	0	0	1	1	0
OG0013624	OG0013624	0	0	1	1	0
OG0013625	OG0013625	0	0	1	0	1
OG0013626	OG0013626	0	0	1	0	1
OG0013627	OG0013627	0	0	1	1	0
OG0013628	OG0013628	0	0	2	0	0
OG0013629	OG0013629	0	0	1	1	0
OG0013630	OG0013630	0	0	2	0	0
OG0013631	OG0013631	0	0	1	1	0
OG0013632	OG0013632	0	0	1	1	0
OG0013633	OG0013633	0	0	1	1	0
OG0013634	OG0013634	0	0	1	1	0
OG0013635	OG0013635	0	0	1	1	0
OG0013636	OG0013636	0	0	1	1	0
OG0013637	OG0013637	0	0	1	0	1
OG0013638	OG0013638	0	0	1	0	1
OG0013639	OG0013639	0	0	1	1	0
OG0013640	OG0013640	0	0	1	1	0
OG0013641	OG0013641	0	0	1	0	1
OG0013642	OG0013642	0	0	1	1	0
OG0013643	OG0013643	0	0	1	1	0
OG0013644	OG0013644	0	0	1	0	1
OG0013645	OG0013645	0	0	1	1	0
OG0013646	OG0013646	0	0	1	0	1
OG0013647	OG0013647	0	0	1	1	0
OG0013648	OG0013648	0	0	1	1	0
OG0013649	OG0013649	0	0	1	1	0
OG0013650	OG0013650	0	0	1	1	0
OG0013651	OG0013651	0	0	1	0	1
OG0013652	OG0013652	0	0	1	0	1
OG0013653	OG0013653	0	0	1	1	0
OG0013654	OG0013654	0	0	1	0	1
OG0013655	OG0013655	0	0	1	0	1
OG0013656	OG0013656	0	0	1	0	1
OG0013657	OG0013657	0	0	1	0	1
OG0013658	OG0013658	0	0	1	0	1
OG0013659	OG0013659	0	0	1	1	0
OG0013660	OG0013660	0	0	1	1	0
OG0013661	OG0013661	0	0	1	1	0
OG0013662	OG0013662	0	0	1	0	1
OG0013663	OG0013663	0	0	1	0	1
OG0013664	OG0013664	0	0	1	1	0
OG0013665	OG0013665	0	0	1	0	1
OG0013666	OG0013666	0	0	1	0	1
OG0013667	OG0013667	0	0	1	0	1
OG0013668	OG0013668	0	0	1	1	0
OG0013669	OG0013669	0	0	1	0	1
OG0013670	OG0013670	0	0	1	0	1
OG0013671	OG0013671	0	0	1	1	0
OG0013672	OG0013672	0	0	1	0	1
OG0013673	OG0013673	0	0	1	0	1
OG0013674	OG0013674	0	0	1	0	1
OG0013675	OG0013675	0	0	1	0	1
OG0013676	OG0013676	0	0	1	0	1
OG0013677	OG0013677	0	0	1	1	0
OG0013678	OG0013678	0	0	1	1	0
OG0013679	OG0013679	0	0	1	0	1
OG0013680	OG0013680	0	0	1	0	1
OG0013681	OG0013681	0	0	1	1	0
OG0013682	OG0013682	0	0	1	0	1
OG0013683	OG0013683	0	0	1	0	1
OG0013684	OG0013684	0	0	1	0	1
OG0013685	OG0013685	0	0	1	0	1
OG0013686	OG0013686	0	0	1	0	1
OG0013687	OG0013687	0	0	1	1	0
OG0013688	OG0013688	0	0	1	0	1
OG0013689	OG0013689	0	0	1	1	0
OG0013690	OG0013690	0	0	1	0	1
OG0013691	OG0013691	0	0	1	0	1
OG0013692	OG0013692	0	0	1	0	1
OG0013693	OG0013693	0	0	1	1	0
OG0013694	OG0013694	0	0	1	1	0
OG0013695	OG0013695	0	0	1	1	0
OG0013696	OG0013696	0	0	1	0	1
OG0013697	OG0013697	0	0	1	1	0
OG0013698	OG0013698	0	0	1	0	1
OG0013699	OG0013699	0	0	1	1	0
OG0013700	OG0013700	0	0	1	1	0
OG0013701	OG0013701	0	0	1	1	0
OG0013702	OG0013702	0	0	1	0	1
OG0013703	OG0013703	0	0	1	1	0
OG0013704	OG0013704	0	0	1	0	1
OG0013705	OG0013705	0	0	1	0	1
OG0013706	OG0013706	0	0	1	0	1
OG0013707	OG0013707	0	0	1	1	0
OG0013708	OG0013708	0	0	1	0	1
OG0013709	OG0013709	0	0	1	0	1
OG0013710	OG0013710	0	0	1	0	1
OG0013711	OG0013711	0	0	1	1	0
OG0013712	OG0013712	0	0	1	0	1
OG0013713	OG0013713	0	0	1	0	1
OG0013714	OG0013714	0	0	1	0	1
OG0013715	OG0013715	0	0	1	0	1
OG0013716	OG0013716	0	0	1	0	1
OG0013717	OG0013717	0	0	1	1	0
OG0013718	OG0013718	0	0	1	0	1
OG0013719	OG0013719	0	0	1	0	1
OG0013720	OG0013720	0	0	1	1	0
OG0013721	OG0013721	0	0	1	1	0
OG0013722	OG0013722	0	0	1	0	1
OG0013723	OG0013723	0	0	1	1	0
OG0013724	OG0013724	0	0	1	0	1
OG0013725	OG0013725	0	0	1	0	1
OG0013726	OG0013726	0	0	1	0	1
OG0013727	OG0013727	0	0	1	1	0
OG0013728	OG0013728	0	0	1	0	1
OG0013729	OG0013729	0	0	1	0	1
OG0013730	OG0013730	0	0	1	1	0
OG0013731	OG0013731	0	0	1	0	1
OG0013732	OG0013732	0	0	1	0	1
OG0013733	OG0013733	0	0	1	1	0
OG0013734	OG0013734	0	0	1	0	1
OG0013735	OG0013735	0	0	1	1	0
OG0013736	OG0013736	0	0	1	0	1
OG0013737	OG0013737	0	0	1	0	1
OG0013738	OG0013738	0	0	1	0	1
OG0013739	OG0013739	0	0	1	0	1
OG0013740	OG0013740	0	0	1	1	0
OG0013741	OG0013741	0	0	1	0	1
OG0013742	OG0013742	0	0	1	1	0
OG0013743	OG0013743	0	0	1	1	0
OG0013744	OG0013744	0	0	1	0	1
OG0013745	OG0013745	0	0	1	1	0
OG0013746	OG0013746	0	0	1	0	1
OG0013747	OG0013747	0	0	1	0	1
OG0013748	OG0013748	0	0	1	1	0
OG0013749	OG0013749	0	0	1	1	0
OG0013750	OG0013750	0	0	1	1	0
OG0013751	OG0013751	0	0	1	0	1
OG0013752	OG0013752	0	0	1	0	1
OG0013753	OG0013753	0	0	1	0	1
OG0013754	OG0013754	0	0	1	0	1
OG0013755	OG0013755	0	0	1	0	1
OG0013756	OG0013756	0	0	1	1	0
OG0013757	OG0013757	0	0	1	1	0
OG0013758	OG0013758	0	0	1	0	1
OG0013759	OG0013759	0	0	1	0	1
OG0013760	OG0013760	0	0	1	1	0
OG0013761	OG0013761	0	0	1	1	0
OG0013762	OG0013762	0	0	1	0	1
OG0013763	OG0013763	0	0	1	0	1
OG0013764	OG0013764	0	0	1	0	1
OG0013765	OG0013765	0	0	1	1	0
OG0013766	OG0013766	0	0	1	1	0
OG0013767	OG0013767	0	0	1	0	1
OG0013768	OG0013768	0	0	1	0	1
OG0013769	OG0013769	0	0	1	0	1
OG0013770	OG0013770	0	0	1	0	1
OG0013771	OG0013771	0	0	1	0	1
OG0013772	OG0013772	0	0	1	1	0
OG0013773	OG0013773	0	0	1	1	0
OG0013774	OG0013774	0	0	1	0	1
OG0013775	OG0013775	0	0	1	0	1
OG0013776	OG0013776	0	0	1	1	0
OG0013777	OG0013777	0	0	1	1	0
OG0013778	OG0013778	0	0	1	1	0
OG0013779	OG0013779	0	0	1	1	0
OG0013780	OG0013780	0	0	1	0	1
OG0013781	OG0013781	0	0	1	0	1
OG0013782	OG0013782	0	0	1	0	1
OG0013783	OG0013783	0	0	1	1	0
OG0013784	OG0013784	0	0	1	0	1
OG0013785	OG0013785	0	0	1	1	0
OG0013786	OG0013786	0	0	1	1	0
OG0013787	OG0013787	0	0	1	1	0
OG0013788	OG0013788	0	0	1	1	0
OG0013789	OG0013789	0	0	1	0	1
OG0013790	OG0013790	0	0	1	0	1
OG0013791	OG0013791	0	0	1	0	1
OG0013792	OG0013792	0	0	1	1	0
OG0013793	OG0013793	0	0	1	0	1
OG0013794	OG0013794	0	0	1	0	1
OG0013795	OG0013795	0	0	1	0	1
OG0013796	OG0013796	0	0	1	0	1
OG0013797	OG0013797	0	0	1	1	0
OG0013798	OG0013798	0	0	1	0	1
OG0013799	OG0013799	0	0	1	0	1
OG0013800	OG0013800	0	0	1	1	0
OG0013801	OG0013801	0	0	1	0	1
OG0013802	OG0013802	0	0	1	1	0
OG0013803	OG0013803	0	0	1	1	0
OG0013804	OG0013804	0	0	1	0	1
OG0013805	OG0013805	0	0	1	1	0
OG0013806	OG0013806	0	0	1	0	1
OG0013807	OG0013807	0	0	1	1	0
OG0013808	OG0013808	0	0	1	1	0
OG0013809	OG0013809	0	0	1	0	1
OG0013810	OG0013810	0	0	1	0	1
OG0013811	OG0013811	0	0	1	0	1
OG0013812	OG0013812	0	0	1	1	0
OG0013813	OG0013813	0	0	1	1	0
OG0013814	OG0013814	0	0	1	0	1
OG0013815	OG0013815	0	0	1	0	1
OG0013816	OG0013816	0	0	0	1	1
OG0013817	OG0013817	0	0	0	1	1
OG0013818	OG0013818	0	0	0	2	0
OG0013819	OG0013819	0	0	0	1	1
OG0013820	OG0013820	0	0	0	1	1
OG0013821	OG0013821	0	0	0	1	1
OG0013822	OG0013822	0	0	0	2	0
OG0013823	OG0013823	0	0	0	2	0
OG0013824	OG0013824	0	0	0	1	1
OG0013825	OG0013825	0	0	0	1	1
OG0013826	OG0013826	0	0	0	1	1
OG0013827	OG0013827	0	0	0	1	1
OG0013828	OG0013828	0	0	0	1	1
OG0013829	OG0013829	0	0	0	1	1
OG0013830	OG0013830	0	0	0	1	1
OG0013831	OG0013831	0	0	0	1	1
OG0013832	OG0013832	0	0	0	1	1
OG0013833	OG0013833	0	0	0	1	1
OG0013834	OG0013834	0	0	0	1	1
OG0013835	OG0013835	0	0	0	1	1
OG0013836	OG0013836	0	0	0	1	1
OG0013837	OG0013837	0	0	0	1	1
OG0013838	OG0013838	0	0	0	1	1
OG0013839	OG0013839	0	0	0	1	1
OG0013840	OG0013840	0	0	0	1	1
OG0013841	OG0013841	0	0	0	1	1
OG0013842	OG0013842	0	0	0	1	1
OG0013843	OG0013843	0	0	0	1	1
OG0013844	OG0013844	0	0	0	1	1
OG0013845	OG0013845	0	0	0	1	1
OG0013846	OG0013846	0	0	0	1	1
OG0013847	OG0013847	0	0	0	1	1
OG0013848	OG0013848	0	0	0	2	0
OG0013849	OG0013849	0	0	0	1	1
OG0013850	OG0013850	0	0	0	1	1
OG0013851	OG0013851	0	0	0	1	1
OG0013852	OG0013852	0	0	0	1	1
OG0013853	OG0013853	0	0	0	1	1
OG0013854	OG0013854	0	0	0	1	1
OG0013855	OG0013855	0	0	0	1	1
OG0013856	OG0013856	0	0	0	1	1
OG0013857	OG0013857	0	0	0	1	1
OG0013858	OG0013858	0	0	0	1	1
OG0013859	OG0013859	0	0	0	1	1
OG0013860	OG0013860	0	0	0	1	1
OG0013861	OG0013861	0	0	0	0	2
OG0013862	OG0013862	0	0	0	0	2
OG0013863	OG0013863	0	0	0	0	2
OG0013864	OG0013864	0	0	0	0	2
OG0013865	OG0013865	0	0	0	0	2
OG0013866	OG0013866	0	0	0	0	2
OG0013867	OG0013867	0	0	0	0	2
OG0013868	OG0013868	0	0	0	0	2
OG0013869	OG0013869	0	0	0	0	2
OG0013870	OG0013870	0	0	0	0	2
OG0013871	OG0013871	0	0	0	0	2
OG0013872	OG0013872	0	0	0	0	2
OG0013873	OG0013873	0	0	0	0	2
OG0013874	OG0013874	0	0	0	0	2
OG0013875	OG0013875	0	0	0	0	2
OG0013876	OG0013876	0	0	0	0	2
OG0013877	OG0013877	0	0	0	0	2
OG0013878	OG0013878	0	0	0	0	2
OG0013879	OG0013879	0	0	0	0	2
OG0013880	OG0013880	0	0	0	0	2
OG0013881	OG0013881	0	0	0	0	2
OG0013882	OG0013882	0	0	0	0	2
OG0013883	OG0013883	0	0	0	0	2
OG0013884	OG0013884	0	0	0	0	2
