section	item	sample	value	source
assembly	total_length_bp	Cx_quinquefasciatus	573230032	results/quast/report.tsv
assembly	total_length_bp	Cx_pallens	566354144	results/quast/report.tsv
assembly	total_length_bp	Cx_molestus	559749262	results/quast/report.tsv
assembly	total_length_bp	Cx_pipiens	533168032	results/quast/report.tsv
assembly	total_length_bp	Cx_perexiguus	436181468	results/quast/report.tsv
assembly	GC_pct	Cx_quinquefasciatus	36.89	results/quast/report.tsv
assembly	GC_pct	Cx_pallens	36.77	results/quast/report.tsv
assembly	GC_pct	Cx_molestus	36.94	results/quast/report.tsv
assembly	GC_pct	Cx_pipiens	36.82	results/quast/report.tsv
assembly	GC_pct	Cx_perexiguus	38.62	results/quast/report.tsv
assembly	N50_bp	Cx_quinquefasciatus	201550677	results/quast/report.tsv
assembly	N50_bp	Cx_pallens	186194774	results/quast/report.tsv
assembly	N50_bp	Cx_molestus	200952345	results/quast/report.tsv
assembly	N50_bp	Cx_pipiens	190882370	results/quast/report.tsv
assembly	N50_bp	Cx_perexiguus	150416927	results/quast/report.tsv
busco	genome one_line_summary	Cx_quinquefasciatus	C:95.9%[S:94.9%,D:1.0%],F:0.4%,M:3.7%,n:3285,E:19.2%	results/busco/Cx_quinquefasciatus/short_summary.specific.diptera_odb10.Cx_quinquefasciatus.json
busco	genome complete_pct	Cx_quinquefasciatus	95.9	results/busco/Cx_quinquefasciatus/short_summary.specific.diptera_odb10.Cx_quinquefasciatus.json
busco	genome single_pct	Cx_quinquefasciatus	94.9	results/busco/Cx_quinquefasciatus/short_summary.specific.diptera_odb10.Cx_quinquefasciatus.json
busco	genome duplicated_pct	Cx_quinquefasciatus	1.0	results/busco/Cx_quinquefasciatus/short_summary.specific.diptera_odb10.Cx_quinquefasciatus.json
busco	genome fragmented_pct	Cx_quinquefasciatus	0.4	results/busco/Cx_quinquefasciatus/short_summary.specific.diptera_odb10.Cx_quinquefasciatus.json
busco	genome missing_pct	Cx_quinquefasciatus	3.7	results/busco/Cx_quinquefasciatus/short_summary.specific.diptera_odb10.Cx_quinquefasciatus.json
busco	genome busco_version	Cx_quinquefasciatus	6.1.0	results/busco/Cx_quinquefasciatus/short_summary.specific.diptera_odb10.Cx_quinquefasciatus.json
busco	genome lineage	Cx_quinquefasciatus	diptera_odb10	results/busco/Cx_quinquefasciatus/short_summary.specific.diptera_odb10.Cx_quinquefasciatus.json
busco	genome gene_predictor	Cx_quinquefasciatus	miniprot	results/busco/Cx_quinquefasciatus/short_summary.specific.diptera_odb10.Cx_quinquefasciatus.json
busco	genome one_line_summary	Cx_pallens	C:95.2%[S:90.7%,D:4.5%],F:0.5%,M:4.3%,n:3285,E:18.4%	results/busco/Cx_pallens/short_summary.specific.diptera_odb10.Cx_pallens.json
busco	genome complete_pct	Cx_pallens	95.2	results/busco/Cx_pallens/short_summary.specific.diptera_odb10.Cx_pallens.json
busco	genome single_pct	Cx_pallens	90.7	results/busco/Cx_pallens/short_summary.specific.diptera_odb10.Cx_pallens.json
busco	genome duplicated_pct	Cx_pallens	4.5	results/busco/Cx_pallens/short_summary.specific.diptera_odb10.Cx_pallens.json
busco	genome fragmented_pct	Cx_pallens	0.5	results/busco/Cx_pallens/short_summary.specific.diptera_odb10.Cx_pallens.json
busco	genome missing_pct	Cx_pallens	4.3	results/busco/Cx_pallens/short_summary.specific.diptera_odb10.Cx_pallens.json
busco	genome busco_version	Cx_pallens	6.1.0	results/busco/Cx_pallens/short_summary.specific.diptera_odb10.Cx_pallens.json
busco	genome lineage	Cx_pallens	diptera_odb10	results/busco/Cx_pallens/short_summary.specific.diptera_odb10.Cx_pallens.json
busco	genome gene_predictor	Cx_pallens	miniprot	results/busco/Cx_pallens/short_summary.specific.diptera_odb10.Cx_pallens.json
busco	genome one_line_summary	Cx_molestus	C:95.2%[S:90.7%,D:4.4%],F:0.7%,M:4.1%,n:3285,E:18.7%	results/busco/Cx_molestus/short_summary.specific.diptera_odb10.Cx_molestus.json
busco	genome complete_pct	Cx_molestus	95.2	results/busco/Cx_molestus/short_summary.specific.diptera_odb10.Cx_molestus.json
busco	genome single_pct	Cx_molestus	90.7	results/busco/Cx_molestus/short_summary.specific.diptera_odb10.Cx_molestus.json
busco	genome duplicated_pct	Cx_molestus	4.4	results/busco/Cx_molestus/short_summary.specific.diptera_odb10.Cx_molestus.json
busco	genome fragmented_pct	Cx_molestus	0.7	results/busco/Cx_molestus/short_summary.specific.diptera_odb10.Cx_molestus.json
busco	genome missing_pct	Cx_molestus	4.1	results/busco/Cx_molestus/short_summary.specific.diptera_odb10.Cx_molestus.json
busco	genome busco_version	Cx_molestus	6.1.0	results/busco/Cx_molestus/short_summary.specific.diptera_odb10.Cx_molestus.json
busco	genome lineage	Cx_molestus	diptera_odb10	results/busco/Cx_molestus/short_summary.specific.diptera_odb10.Cx_molestus.json
busco	genome gene_predictor	Cx_molestus	miniprot	results/busco/Cx_molestus/short_summary.specific.diptera_odb10.Cx_molestus.json
busco	genome one_line_summary	Cx_pipiens	C:98.8%[S:98.4%,D:0.4%],F:0.3%,M:0.9%,n:3285,E:19.0%	results/busco/Cx_pipiens/short_summary.specific.diptera_odb10.Cx_pipiens.json
busco	genome complete_pct	Cx_pipiens	98.8	results/busco/Cx_pipiens/short_summary.specific.diptera_odb10.Cx_pipiens.json
busco	genome single_pct	Cx_pipiens	98.4	results/busco/Cx_pipiens/short_summary.specific.diptera_odb10.Cx_pipiens.json
busco	genome duplicated_pct	Cx_pipiens	0.4	results/busco/Cx_pipiens/short_summary.specific.diptera_odb10.Cx_pipiens.json
busco	genome fragmented_pct	Cx_pipiens	0.3	results/busco/Cx_pipiens/short_summary.specific.diptera_odb10.Cx_pipiens.json
busco	genome missing_pct	Cx_pipiens	0.9	results/busco/Cx_pipiens/short_summary.specific.diptera_odb10.Cx_pipiens.json
busco	genome busco_version	Cx_pipiens	6.1.0	results/busco/Cx_pipiens/short_summary.specific.diptera_odb10.Cx_pipiens.json
busco	genome lineage	Cx_pipiens	diptera_odb10	results/busco/Cx_pipiens/short_summary.specific.diptera_odb10.Cx_pipiens.json
busco	genome gene_predictor	Cx_pipiens	miniprot	results/busco/Cx_pipiens/short_summary.specific.diptera_odb10.Cx_pipiens.json
busco	genome one_line_summary	Cx_perexiguus	C:98.4%[S:95.3%,D:3.1%],F:0.2%,M:1.3%,n:3285,E:18.7%	results/busco/Cx_perexiguus/short_summary.specific.diptera_odb10.Cx_perexiguus.json
busco	genome complete_pct	Cx_perexiguus	98.4	results/busco/Cx_perexiguus/short_summary.specific.diptera_odb10.Cx_perexiguus.json
busco	genome single_pct	Cx_perexiguus	95.3	results/busco/Cx_perexiguus/short_summary.specific.diptera_odb10.Cx_perexiguus.json
busco	genome duplicated_pct	Cx_perexiguus	3.1	results/busco/Cx_perexiguus/short_summary.specific.diptera_odb10.Cx_perexiguus.json
busco	genome fragmented_pct	Cx_perexiguus	0.2	results/busco/Cx_perexiguus/short_summary.specific.diptera_odb10.Cx_perexiguus.json
busco	genome missing_pct	Cx_perexiguus	1.3	results/busco/Cx_perexiguus/short_summary.specific.diptera_odb10.Cx_perexiguus.json
busco	genome busco_version	Cx_perexiguus	6.1.0	results/busco/Cx_perexiguus/short_summary.specific.diptera_odb10.Cx_perexiguus.json
busco	genome lineage	Cx_perexiguus	diptera_odb10	results/busco/Cx_perexiguus/short_summary.specific.diptera_odb10.Cx_perexiguus.json
busco	genome gene_predictor	Cx_perexiguus	miniprot	results/busco/Cx_perexiguus/short_summary.specific.diptera_odb10.Cx_perexiguus.json
busco	protein one_line_summary	Cx_quinquefasciatus	C:95.2%[S:93.7%,D:1.5%],F:0.4%,M:4.4%,n:3285	results/busco_proteins/Cx_quinquefasciatus/short_summary.specific.diptera_odb10.Cx_quinquefasciatus.json
busco	protein complete_pct	Cx_quinquefasciatus	95.2	results/busco_proteins/Cx_quinquefasciatus/short_summary.specific.diptera_odb10.Cx_quinquefasciatus.json
busco	protein single_pct	Cx_quinquefasciatus	93.7	results/busco_proteins/Cx_quinquefasciatus/short_summary.specific.diptera_odb10.Cx_quinquefasciatus.json
busco	protein duplicated_pct	Cx_quinquefasciatus	1.5	results/busco_proteins/Cx_quinquefasciatus/short_summary.specific.diptera_odb10.Cx_quinquefasciatus.json
busco	protein fragmented_pct	Cx_quinquefasciatus	0.4	results/busco_proteins/Cx_quinquefasciatus/short_summary.specific.diptera_odb10.Cx_quinquefasciatus.json
busco	protein missing_pct	Cx_quinquefasciatus	4.4	results/busco_proteins/Cx_quinquefasciatus/short_summary.specific.diptera_odb10.Cx_quinquefasciatus.json
busco	protein busco_version	Cx_quinquefasciatus	6.1.0	results/busco_proteins/Cx_quinquefasciatus/short_summary.specific.diptera_odb10.Cx_quinquefasciatus.json
busco	protein lineage	Cx_quinquefasciatus	diptera_odb10	results/busco_proteins/Cx_quinquefasciatus/short_summary.specific.diptera_odb10.Cx_quinquefasciatus.json
busco	protein one_line_summary	Cx_pallens	C:80.6%[S:79.6%,D:1.0%],F:3.4%,M:16.0%,n:3285	results/busco_proteins/Cx_pallens/short_summary.specific.diptera_odb10.Cx_pallens.json
busco	protein complete_pct	Cx_pallens	80.6	results/busco_proteins/Cx_pallens/short_summary.specific.diptera_odb10.Cx_pallens.json
busco	protein single_pct	Cx_pallens	79.6	results/busco_proteins/Cx_pallens/short_summary.specific.diptera_odb10.Cx_pallens.json
busco	protein duplicated_pct	Cx_pallens	1.0	results/busco_proteins/Cx_pallens/short_summary.specific.diptera_odb10.Cx_pallens.json
busco	protein fragmented_pct	Cx_pallens	3.4	results/busco_proteins/Cx_pallens/short_summary.specific.diptera_odb10.Cx_pallens.json
busco	protein missing_pct	Cx_pallens	16.0	results/busco_proteins/Cx_pallens/short_summary.specific.diptera_odb10.Cx_pallens.json
busco	protein busco_version	Cx_pallens	6.1.0	results/busco_proteins/Cx_pallens/short_summary.specific.diptera_odb10.Cx_pallens.json
busco	protein lineage	Cx_pallens	diptera_odb10	results/busco_proteins/Cx_pallens/short_summary.specific.diptera_odb10.Cx_pallens.json
busco	protein one_line_summary	Cx_molestus	C:77.4%[S:76.7%,D:0.7%],F:3.8%,M:18.8%,n:3285	results/busco_proteins/Cx_molestus/short_summary.specific.diptera_odb10.Cx_molestus.json
busco	protein complete_pct	Cx_molestus	77.4	results/busco_proteins/Cx_molestus/short_summary.specific.diptera_odb10.Cx_molestus.json
busco	protein single_pct	Cx_molestus	76.7	results/busco_proteins/Cx_molestus/short_summary.specific.diptera_odb10.Cx_molestus.json
busco	protein duplicated_pct	Cx_molestus	0.7	results/busco_proteins/Cx_molestus/short_summary.specific.diptera_odb10.Cx_molestus.json
busco	protein fragmented_pct	Cx_molestus	3.8	results/busco_proteins/Cx_molestus/short_summary.specific.diptera_odb10.Cx_molestus.json
busco	protein missing_pct	Cx_molestus	18.8	results/busco_proteins/Cx_molestus/short_summary.specific.diptera_odb10.Cx_molestus.json
busco	protein busco_version	Cx_molestus	6.1.0	results/busco_proteins/Cx_molestus/short_summary.specific.diptera_odb10.Cx_molestus.json
busco	protein lineage	Cx_molestus	diptera_odb10	results/busco_proteins/Cx_molestus/short_summary.specific.diptera_odb10.Cx_molestus.json
busco	protein one_line_summary	Cx_pipiens	C:81.6%[S:80.7%,D:0.9%],F:3.8%,M:14.6%,n:3285	results/busco_proteins/Cx_pipiens/short_summary.specific.diptera_odb10.Cx_pipiens.json
busco	protein complete_pct	Cx_pipiens	81.6	results/busco_proteins/Cx_pipiens/short_summary.specific.diptera_odb10.Cx_pipiens.json
busco	protein single_pct	Cx_pipiens	80.7	results/busco_proteins/Cx_pipiens/short_summary.specific.diptera_odb10.Cx_pipiens.json
busco	protein duplicated_pct	Cx_pipiens	0.9	results/busco_proteins/Cx_pipiens/short_summary.specific.diptera_odb10.Cx_pipiens.json
busco	protein fragmented_pct	Cx_pipiens	3.8	results/busco_proteins/Cx_pipiens/short_summary.specific.diptera_odb10.Cx_pipiens.json
busco	protein missing_pct	Cx_pipiens	14.6	results/busco_proteins/Cx_pipiens/short_summary.specific.diptera_odb10.Cx_pipiens.json
busco	protein busco_version	Cx_pipiens	6.1.0	results/busco_proteins/Cx_pipiens/short_summary.specific.diptera_odb10.Cx_pipiens.json
busco	protein lineage	Cx_pipiens	diptera_odb10	results/busco_proteins/Cx_pipiens/short_summary.specific.diptera_odb10.Cx_pipiens.json
busco	protein one_line_summary	Cx_perexiguus	C:94.6%[S:91.6%,D:3.0%],F:1.3%,M:4.1%,n:3285	results/busco_proteins/Cx_perexiguus/short_summary.specific.diptera_odb10.Cx_perexiguus.json
busco	protein complete_pct	Cx_perexiguus	94.6	results/busco_proteins/Cx_perexiguus/short_summary.specific.diptera_odb10.Cx_perexiguus.json
busco	protein single_pct	Cx_perexiguus	91.6	results/busco_proteins/Cx_perexiguus/short_summary.specific.diptera_odb10.Cx_perexiguus.json
busco	protein duplicated_pct	Cx_perexiguus	3.0	results/busco_proteins/Cx_perexiguus/short_summary.specific.diptera_odb10.Cx_perexiguus.json
busco	protein fragmented_pct	Cx_perexiguus	1.3	results/busco_proteins/Cx_perexiguus/short_summary.specific.diptera_odb10.Cx_perexiguus.json
busco	protein missing_pct	Cx_perexiguus	4.1	results/busco_proteins/Cx_perexiguus/short_summary.specific.diptera_odb10.Cx_perexiguus.json
busco	protein busco_version	Cx_perexiguus	6.1.0	results/busco_proteins/Cx_perexiguus/short_summary.specific.diptera_odb10.Cx_perexiguus.json
busco	protein lineage	Cx_perexiguus	diptera_odb10	results/busco_proteins/Cx_perexiguus/short_summary.specific.diptera_odb10.Cx_perexiguus.json
annotation	proteins_one_per_gene	Cx_quinquefasciatus	15094	results/proteins/Cx_quinquefasciatus.fa
annotation	proteins_one_per_gene	Cx_pallens	14106	results/proteins/Cx_pallens.fa
annotation	proteins_one_per_gene	Cx_molestus	14126	results/proteins/Cx_molestus.fa
annotation	proteins_one_per_gene	Cx_pipiens	14489	results/proteins/Cx_pipiens.fa
annotation	proteins_one_per_gene	Cx_perexiguus	12534	results/proteins/Cx_perexiguus.fa
annotation	n_kept_models	Cx_quinquefasciatus	15094	results/annotation/transfer_quality.tsv
annotation	liftoff_flags	Cx_quinquefasciatus	no (reference annotation)	results/annotation/transfer_quality.tsv
annotation	n_ref_model_not_clean	Cx_quinquefasciatus	872	results/annotation/transfer_quality.tsv
annotation	n_kept_models	Cx_pallens	14106	results/annotation/transfer_quality.tsv
annotation	liftoff_flags	Cx_pallens	yes	results/annotation/transfer_quality.tsv
annotation	n_invalid_orf	Cx_pallens	4241	results/annotation/transfer_quality.tsv
annotation	pct_invalid_orf	Cx_pallens	30.07	results/annotation/transfer_quality.tsv
annotation	pct_inframe_stop	Cx_pallens	2.03	results/annotation/transfer_quality.tsv
annotation	pct_missing_start	Cx_pallens	10.45	results/annotation/transfer_quality.tsv
annotation	pct_missing_stop	Cx_pallens	17.58	results/annotation/transfer_quality.tsv
annotation	pct_mismatch_ref_protein	Cx_pallens	87.38	results/annotation/transfer_quality.tsv
annotation	n_ref_model_not_clean	Cx_pallens	774	results/annotation/transfer_quality.tsv
annotation	pct_invalid_orf_clean_ref	Cx_pallens	26.74	results/annotation/transfer_quality.tsv
annotation	n_kept_models	Cx_molestus	14126	results/annotation/transfer_quality.tsv
annotation	liftoff_flags	Cx_molestus	yes	results/annotation/transfer_quality.tsv
annotation	n_invalid_orf	Cx_molestus	4842	results/annotation/transfer_quality.tsv
annotation	pct_invalid_orf	Cx_molestus	34.28	results/annotation/transfer_quality.tsv
annotation	pct_inframe_stop	Cx_molestus	2.14	results/annotation/transfer_quality.tsv
annotation	pct_missing_start	Cx_molestus	12.93	results/annotation/transfer_quality.tsv
annotation	pct_missing_stop	Cx_molestus	19.2	results/annotation/transfer_quality.tsv
annotation	pct_mismatch_ref_protein	Cx_molestus	90.23	results/annotation/transfer_quality.tsv
annotation	n_ref_model_not_clean	Cx_molestus	796	results/annotation/transfer_quality.tsv
annotation	pct_invalid_orf_clean_ref	Cx_molestus	31.07	results/annotation/transfer_quality.tsv
annotation	n_kept_models	Cx_pipiens	14489	results/annotation/transfer_quality.tsv
annotation	liftoff_flags	Cx_pipiens	yes	results/annotation/transfer_quality.tsv
annotation	n_invalid_orf	Cx_pipiens	4768	results/annotation/transfer_quality.tsv
annotation	pct_invalid_orf	Cx_pipiens	32.91	results/annotation/transfer_quality.tsv
annotation	pct_inframe_stop	Cx_pipiens	2.35	results/annotation/transfer_quality.tsv
annotation	pct_missing_start	Cx_pipiens	11.37	results/annotation/transfer_quality.tsv
annotation	pct_missing_stop	Cx_pipiens	19.17	results/annotation/transfer_quality.tsv
annotation	pct_mismatch_ref_protein	Cx_pipiens	91.32	results/annotation/transfer_quality.tsv
annotation	n_ref_model_not_clean	Cx_pipiens	820	results/annotation/transfer_quality.tsv
annotation	pct_invalid_orf_clean_ref	Cx_pipiens	29.57	results/annotation/transfer_quality.tsv
annotation	n_kept_models	Cx_perexiguus	12534	results/annotation/transfer_quality.tsv
annotation	liftoff_flags	Cx_perexiguus	no (native annotation)	results/annotation/transfer_quality.tsv
annotation	core pct_invalid_orf	Cx_pallens	24.06	results/annotation/transfer_quality_by_compartment.tsv
annotation	shell pct_invalid_orf	Cx_pallens	48.84	results/annotation/transfer_quality_by_compartment.tsv
annotation	cloud pct_invalid_orf	Cx_pallens	84.0	results/annotation/transfer_quality_by_compartment.tsv
annotation	unassigned pct_invalid_orf	Cx_pallens	97.33	results/annotation/transfer_quality_by_compartment.tsv
annotation	core pct_invalid_orf	Cx_molestus	27.48	results/annotation/transfer_quality_by_compartment.tsv
annotation	shell pct_invalid_orf	Cx_molestus	54.85	results/annotation/transfer_quality_by_compartment.tsv
annotation	cloud pct_invalid_orf	Cx_molestus	82.61	results/annotation/transfer_quality_by_compartment.tsv
annotation	unassigned pct_invalid_orf	Cx_molestus	97.28	results/annotation/transfer_quality_by_compartment.tsv
annotation	core pct_invalid_orf	Cx_pipiens	26.71	results/annotation/transfer_quality_by_compartment.tsv
annotation	shell pct_invalid_orf	Cx_pipiens	49.87	results/annotation/transfer_quality_by_compartment.tsv
annotation	cloud pct_invalid_orf	Cx_pipiens	76.47	results/annotation/transfer_quality_by_compartment.tsv
annotation	unassigned pct_invalid_orf	Cx_pipiens	97.98	results/annotation/transfer_quality_by_compartment.tsv
pangenome	core n_orthogroups		10228	results/pangenome/pangenome_summary.tsv
pangenome	core genes_ingroup		47170	results/pangenome/pangenome_summary.tsv
pangenome	shell n_orthogroups		3113	results/pangenome/pangenome_summary.tsv
pangenome	shell genes_ingroup		8670	results/pangenome/pangenome_summary.tsv
pangenome	cloud n_orthogroups		264	results/pangenome/pangenome_summary.tsv
pangenome	cloud genes_ingroup		303	results/pangenome/pangenome_summary.tsv
pangenome	outgroup_only n_orthogroups		67	results/pangenome/pangenome_summary.tsv
pangenome	outgroup_only genes_ingroup		0	results/pangenome/pangenome_summary.tsv
pangenome	cloud_Cx_quinquefasciatus_specific n_orthogroups		201	results/pangenome/pangenome_summary.tsv
pangenome	cloud_Cx_quinquefasciatus_specific genes_ingroup		221	results/pangenome/pangenome_summary.tsv
pangenome	cloud_Cx_pallens_specific n_orthogroups		17	results/pangenome/pangenome_summary.tsv
pangenome	cloud_Cx_pallens_specific genes_ingroup		25	results/pangenome/pangenome_summary.tsv
pangenome	cloud_Cx_molestus_specific n_orthogroups		18	results/pangenome/pangenome_summary.tsv
pangenome	cloud_Cx_molestus_specific genes_ingroup		23	results/pangenome/pangenome_summary.tsv
pangenome	cloud_Cx_pipiens_specific n_orthogroups		28	results/pangenome/pangenome_summary.tsv
pangenome	cloud_Cx_pipiens_specific genes_ingroup		34	results/pangenome/pangenome_summary.tsv
cloud	n_cloud_orthogroups	Cx_quinquefasciatus	201	results/pangenome/cloud_composition_summary.tsv
cloud	with_outgroup_gene	Cx_quinquefasciatus	197	results/pangenome/cloud_composition_summary.tsv
cloud	single_ingroup_gene	Cx_quinquefasciatus	187	results/pangenome/cloud_composition_summary.tsv
cloud	same_gene_elsewhere	Cx_quinquefasciatus	186	results/pangenome/cloud_composition_summary.tsv
cloud	same_gene_in_reference	Cx_quinquefasciatus	0	results/pangenome/cloud_composition_summary.tsv
cloud	no_counterpart	Cx_quinquefasciatus	15	results/pangenome/cloud_composition_summary.tsv
cloud	pct_same_gene_elsewhere	Cx_quinquefasciatus	92.5	results/pangenome/cloud_composition_summary.tsv
cloud	n_cloud_orthogroups	Cx_pallens	17	results/pangenome/cloud_composition_summary.tsv
cloud	with_outgroup_gene	Cx_pallens	11	results/pangenome/cloud_composition_summary.tsv
cloud	single_ingroup_gene	Cx_pallens	11	results/pangenome/cloud_composition_summary.tsv
cloud	same_gene_elsewhere	Cx_pallens	17	results/pangenome/cloud_composition_summary.tsv
cloud	same_gene_in_reference	Cx_pallens	17	results/pangenome/cloud_composition_summary.tsv
cloud	no_counterpart	Cx_pallens	0	results/pangenome/cloud_composition_summary.tsv
cloud	pct_same_gene_elsewhere	Cx_pallens	100.0	results/pangenome/cloud_composition_summary.tsv
cloud	n_cloud_orthogroups	Cx_molestus	18	results/pangenome/cloud_composition_summary.tsv
cloud	with_outgroup_gene	Cx_molestus	13	results/pangenome/cloud_composition_summary.tsv
cloud	single_ingroup_gene	Cx_molestus	13	results/pangenome/cloud_composition_summary.tsv
cloud	same_gene_elsewhere	Cx_molestus	18	results/pangenome/cloud_composition_summary.tsv
cloud	same_gene_in_reference	Cx_molestus	18	results/pangenome/cloud_composition_summary.tsv
cloud	no_counterpart	Cx_molestus	0	results/pangenome/cloud_composition_summary.tsv
cloud	pct_same_gene_elsewhere	Cx_molestus	100.0	results/pangenome/cloud_composition_summary.tsv
cloud	n_cloud_orthogroups	Cx_pipiens	28	results/pangenome/cloud_composition_summary.tsv
cloud	with_outgroup_gene	Cx_pipiens	23	results/pangenome/cloud_composition_summary.tsv
cloud	single_ingroup_gene	Cx_pipiens	22	results/pangenome/cloud_composition_summary.tsv
cloud	same_gene_elsewhere	Cx_pipiens	28	results/pangenome/cloud_composition_summary.tsv
cloud	same_gene_in_reference	Cx_pipiens	28	results/pangenome/cloud_composition_summary.tsv
cloud	no_counterpart	Cx_pipiens	0	results/pangenome/cloud_composition_summary.tsv
cloud	pct_same_gene_elsewhere	Cx_pipiens	100.0	results/pangenome/cloud_composition_summary.tsv
cloud	n_cloud_orthogroups	total	264	results/pangenome/cloud_composition_summary.tsv
cloud	with_outgroup_gene	total	244	results/pangenome/cloud_composition_summary.tsv
cloud	single_ingroup_gene	total	233	results/pangenome/cloud_composition_summary.tsv
cloud	same_gene_elsewhere	total	249	results/pangenome/cloud_composition_summary.tsv
cloud	same_gene_in_reference	total	63	results/pangenome/cloud_composition_summary.tsv
cloud	no_counterpart	total	15	results/pangenome/cloud_composition_summary.tsv
cloud	pct_same_gene_elsewhere	total	94.3	results/pangenome/cloud_composition_summary.tsv
absence	cloud n_events		792	results/validation/absence_summary.tsv
absence	cloud absent		8	results/validation/absence_summary.tsv
absence	cloud paralog_only		13	results/validation/absence_summary.tsv
absence	cloud clustered_elsewhere		701	results/validation/absence_summary.tsv
absence	cloud unannotated_locus		23	results/validation/absence_summary.tsv
absence	cloud weak		47	results/validation/absence_summary.tsv
absence	cloud clustered_elsewhere_same_gene_id		701	results/validation/absence_summary.tsv
absence	cloud clustered_elsewhere_overlap_identity		0	results/validation/absence_summary.tsv
absence	cloud same_gene_id_unassigned		137	results/validation/absence_summary.tsv
absence	cloud same_gene_id_median_protein_identity		0.232	results/validation/absence_summary.tsv
absence	cloud pct_supported		2.7	results/validation/absence_summary.tsv
absence	cloud pct_artifact		91.4	results/validation/absence_summary.tsv
absence	cloud pct_weak		5.9	results/validation/absence_summary.tsv
absence	shell n_events		4195	results/validation/absence_summary.tsv
absence	shell absent		277	results/validation/absence_summary.tsv
absence	shell paralog_only		95	results/validation/absence_summary.tsv
absence	shell clustered_elsewhere		3114	results/validation/absence_summary.tsv
absence	shell unannotated_locus		138	results/validation/absence_summary.tsv
absence	shell weak		571	results/validation/absence_summary.tsv
absence	shell clustered_elsewhere_same_gene_id		3110	results/validation/absence_summary.tsv
absence	shell clustered_elsewhere_overlap_identity		4	results/validation/absence_summary.tsv
absence	shell same_gene_id_unassigned		1153	results/validation/absence_summary.tsv
absence	shell same_gene_id_median_protein_identity		0.204	results/validation/absence_summary.tsv
absence	shell pct_supported		8.9	results/validation/absence_summary.tsv
absence	shell pct_artifact		77.5	results/validation/absence_summary.tsv
absence	shell pct_weak		13.6	results/validation/absence_summary.tsv
phylogeny	sco_fastas		9168	results/phylo/sco_fastas
phylogeny	trimmed_alignments		9126	results/phylo/trimmed
phylogeny	supermatrix_sites		4928665	results/phylo/trimmed
phylogeny	supermatrix_missing_pct		1.0908	results/phylo/trimmed
phylogeny	gCF		58.93	results/phylo/concord.cf.stat
phylogeny	gCF_N		4491	results/phylo/concord.cf.stat
phylogeny	gDF1		22.91	results/phylo/concord.cf.stat
phylogeny	gDF1_N		1746	results/phylo/concord.cf.stat
phylogeny	gDF2		18.16	results/phylo/concord.cf.stat
phylogeny	gDF2_N		1384	results/phylo/concord.cf.stat
phylogeny	gN		7621	results/phylo/concord.cf.stat
phylogeny	sCF		45.09	results/phylo/concord.cf.stat
phylogeny	sDF1		26.57	results/phylo/concord.cf.stat
phylogeny	sDF2		28.34	results/phylo/concord.cf.stat
phylogeny	sN		79880	results/phylo/concord.cf.stat
phylogeny	Length		0.0122711	results/phylo/concord.cf.stat
rooted	loci: single_copy_in_all_taxa		6846	results/phylo/rooted/rooted_summary.tsv
rooted	loci: written		6846	results/phylo/rooted/rooted_summary.tsv
rooted	loci: removed_no_protein		0	results/phylo/rooted/rooted_summary.tsv
rooted	loci: removed_no_cds		0	results/phylo/rooted/rooted_summary.tsv
rooted	loci: removed_cds_mismatch		0	results/phylo/rooted/rooted_summary.tsv
rooted	loci: cds_translation_exact Cx_quinquefasciatus		6846	results/phylo/rooted/rooted_summary.tsv
rooted	loci: cds_translation_frame_not_0 Cx_quinquefasciatus		0	results/phylo/rooted/rooted_summary.tsv
rooted	loci: cds_translation_below_identity Cx_quinquefasciatus		0	results/phylo/rooted/rooted_summary.tsv
rooted	loci: cds_translation_exact Cx_pallens		6846	results/phylo/rooted/rooted_summary.tsv
rooted	loci: cds_translation_frame_not_0 Cx_pallens		0	results/phylo/rooted/rooted_summary.tsv
rooted	loci: cds_translation_below_identity Cx_pallens		0	results/phylo/rooted/rooted_summary.tsv
rooted	loci: cds_translation_exact Cx_molestus		6846	results/phylo/rooted/rooted_summary.tsv
rooted	loci: cds_translation_frame_not_0 Cx_molestus		0	results/phylo/rooted/rooted_summary.tsv
rooted	loci: cds_translation_below_identity Cx_molestus		0	results/phylo/rooted/rooted_summary.tsv
rooted	loci: cds_translation_exact Cx_pipiens		6846	results/phylo/rooted/rooted_summary.tsv
rooted	loci: cds_translation_frame_not_0 Cx_pipiens		0	results/phylo/rooted/rooted_summary.tsv
rooted	loci: cds_translation_below_identity Cx_pipiens		0	results/phylo/rooted/rooted_summary.tsv
rooted	loci: cds_translation_exact Cx_perexiguus		6846	results/phylo/rooted/rooted_summary.tsv
rooted	loci: cds_translation_frame_not_0 Cx_perexiguus		0	results/phylo/rooted/rooted_summary.tsv
rooted	loci: cds_translation_below_identity Cx_perexiguus		0	results/phylo/rooted/rooted_summary.tsv
rooted	loci: alignments		6846	results/phylo/rooted/rooted_summary.tsv
rooted	loci: written		6846	results/phylo/rooted/rooted_summary.tsv
rooted	loci: trimmed_protein_alignments_at_least_50_columns		6831	results/phylo/rooted/rooted_summary.tsv
rooted	rooted tree loci		intact	results/phylo/rooted/rooted_summary.tsv
rooted	loci with a trimmed alignment of at least 50 columns		6831	results/phylo/rooted/rooted_summary.tsv
rooted	of these, loci with four intact ingroup models		4592	results/phylo/rooted/rooted_summary.tsv
rooted	of these, loci left out of the rooted tree		2239	results/phylo/rooted/rooted_summary.tsv
rooted	concatenated alignment loci		4592	results/phylo/rooted/rooted_summary.tsv
rooted	concatenated alignment columns		2444417	results/phylo/rooted/rooted_summary.tsv
rooted	rooted ingroup topology		((Cx_molestus,Cx_pipiens),(Cx_pallens,Cx_quinquefasciatus));	results/phylo/rooted/rooted_summary.tsv
rooted	root position		between (Cx_molestus,Cx_pipiens) and (Cx_pallens,Cx_quinquefasciatus)	results/phylo/rooted/rooted_summary.tsv
rooted	(Cx_molestus,Cx_pipiens) UFBoot		100.0	results/phylo/rooted/rooted_summary.tsv
rooted	(Cx_molestus,Cx_pipiens) branch length		0.0020605825	results/phylo/rooted/rooted_summary.tsv
rooted	(Cx_molestus,Cx_pipiens) gCF		40.18	results/phylo/rooted/rooted_summary.tsv
rooted	(Cx_molestus,Cx_pipiens) gCF_N		1614	results/phylo/rooted/rooted_summary.tsv
rooted	(Cx_molestus,Cx_pipiens) gDF1		16.18	results/phylo/rooted/rooted_summary.tsv
rooted	(Cx_molestus,Cx_pipiens) gDF1_N		650	results/phylo/rooted/rooted_summary.tsv
rooted	(Cx_molestus,Cx_pipiens) gDF2		12.67	results/phylo/rooted/rooted_summary.tsv
rooted	(Cx_molestus,Cx_pipiens) gDF2_N		509	results/phylo/rooted/rooted_summary.tsv
rooted	(Cx_molestus,Cx_pipiens) gDFP		30.97	results/phylo/rooted/rooted_summary.tsv
rooted	(Cx_molestus,Cx_pipiens) gDFP_N		1244	results/phylo/rooted/rooted_summary.tsv
rooted	(Cx_molestus,Cx_pipiens) gN		4017	results/phylo/rooted/rooted_summary.tsv
rooted	(Cx_molestus,Cx_pipiens) sCF		58.26	results/phylo/rooted/rooted_summary.tsv
rooted	(Cx_molestus,Cx_pipiens) sDF1		22.81	results/phylo/rooted/rooted_summary.tsv
rooted	(Cx_molestus,Cx_pipiens) sDF2		18.93	results/phylo/rooted/rooted_summary.tsv
rooted	(Cx_molestus,Cx_pipiens) sN		7434.9	results/phylo/rooted/rooted_summary.tsv
rooted	(Cx_pallens,Cx_quinquefasciatus) UFBoot		100.0	results/phylo/rooted/rooted_summary.tsv
rooted	(Cx_pallens,Cx_quinquefasciatus) branch length		0.002079663	results/phylo/rooted/rooted_summary.tsv
rooted	(Cx_pallens,Cx_quinquefasciatus) gCF		35.5	results/phylo/rooted/rooted_summary.tsv
rooted	(Cx_pallens,Cx_quinquefasciatus) gCF_N		1426	results/phylo/rooted/rooted_summary.tsv
rooted	(Cx_pallens,Cx_quinquefasciatus) gDF1		14.29	results/phylo/rooted/rooted_summary.tsv
rooted	(Cx_pallens,Cx_quinquefasciatus) gDF1_N		574	results/phylo/rooted/rooted_summary.tsv
rooted	(Cx_pallens,Cx_quinquefasciatus) gDF2		30.25	results/phylo/rooted/rooted_summary.tsv
rooted	(Cx_pallens,Cx_quinquefasciatus) gDF2_N		1215	results/phylo/rooted/rooted_summary.tsv
rooted	(Cx_pallens,Cx_quinquefasciatus) gDFP		19.97	results/phylo/rooted/rooted_summary.tsv
rooted	(Cx_pallens,Cx_quinquefasciatus) gDFP_N		802	results/phylo/rooted/rooted_summary.tsv
rooted	(Cx_pallens,Cx_quinquefasciatus) gN		4017	results/phylo/rooted/rooted_summary.tsv
rooted	(Cx_pallens,Cx_quinquefasciatus) sCF		46.05	results/phylo/rooted/rooted_summary.tsv
rooted	(Cx_pallens,Cx_quinquefasciatus) sDF1		19.76	results/phylo/rooted/rooted_summary.tsv
rooted	(Cx_pallens,Cx_quinquefasciatus) sDF2		34.19	results/phylo/rooted/rooted_summary.tsv
rooted	(Cx_pallens,Cx_quinquefasciatus) sN		8177.81	results/phylo/rooted/rooted_summary.tsv
rooted	gene trees all		4017	results/phylo/rooted/rooted_summary.tsv
rooted	gene trees resolved		2150	results/phylo/rooted/rooted_summary.tsv
rooted	gene trees ufboot95		37	results/phylo/rooted/rooted_summary.tsv
rooted	gene trees without all five taxa		0	results/phylo/rooted/rooted_summary.tsv
rooted	gene trees matching the rooted species tree (pct of all)		21.81	results/phylo/rooted/rooted_summary.tsv
rooted	gene trees with the species tree quartet split (pct of all)		53.87	results/phylo/rooted/rooted_summary.tsv
rooted_topologies	((Cx_molestus,Cx_pipiens),(Cx_pallens,Cx_quinquefasciatus)); | quartet_split		Cx_molestus+Cx_pipiens | Cx_pallens+Cx_quinquefasciatus	results/phylo/rooted/rooted_topology_counts.tsv
rooted_topologies	((Cx_molestus,Cx_pipiens),(Cx_pallens,Cx_quinquefasciatus)); | is_species_tree		True	results/phylo/rooted/rooted_topology_counts.tsv
rooted_topologies	((Cx_molestus,Cx_pipiens),(Cx_pallens,Cx_quinquefasciatus)); | has_species_tree_split		True	results/phylo/rooted/rooted_topology_counts.tsv
rooted_topologies	((Cx_molestus,Cx_pipiens),(Cx_pallens,Cx_quinquefasciatus)); | n_all		876	results/phylo/rooted/rooted_topology_counts.tsv
rooted_topologies	((Cx_molestus,Cx_pipiens),(Cx_pallens,Cx_quinquefasciatus)); | pct_all		21.81	results/phylo/rooted/rooted_topology_counts.tsv
rooted_topologies	((Cx_molestus,Cx_pipiens),(Cx_pallens,Cx_quinquefasciatus)); | n_resolved		563	results/phylo/rooted/rooted_topology_counts.tsv
rooted_topologies	((Cx_molestus,Cx_pipiens),(Cx_pallens,Cx_quinquefasciatus)); | pct_resolved		26.19	results/phylo/rooted/rooted_topology_counts.tsv
rooted_topologies	((Cx_molestus,Cx_pipiens),(Cx_pallens,Cx_quinquefasciatus)); | n_ufboot95		23	results/phylo/rooted/rooted_topology_counts.tsv
rooted_topologies	((Cx_molestus,Cx_pipiens),(Cx_pallens,Cx_quinquefasciatus)); | pct_ufboot95		62.16	results/phylo/rooted/rooted_topology_counts.tsv
rooted_topologies	(((Cx_molestus,Cx_pipiens),Cx_pallens),Cx_quinquefasciatus); | quartet_split		Cx_molestus+Cx_pipiens | Cx_pallens+Cx_quinquefasciatus	results/phylo/rooted/rooted_topology_counts.tsv
rooted_topologies	(((Cx_molestus,Cx_pipiens),Cx_pallens),Cx_quinquefasciatus); | is_species_tree		False	results/phylo/rooted/rooted_topology_counts.tsv
rooted_topologies	(((Cx_molestus,Cx_pipiens),Cx_pallens),Cx_quinquefasciatus); | has_species_tree_split		True	results/phylo/rooted/rooted_topology_counts.tsv
rooted_topologies	(((Cx_molestus,Cx_pipiens),Cx_pallens),Cx_quinquefasciatus); | n_all		538	results/phylo/rooted/rooted_topology_counts.tsv
rooted_topologies	(((Cx_molestus,Cx_pipiens),Cx_pallens),Cx_quinquefasciatus); | pct_all		13.39	results/phylo/rooted/rooted_topology_counts.tsv
rooted_topologies	(((Cx_molestus,Cx_pipiens),Cx_pallens),Cx_quinquefasciatus); | n_resolved		381	results/phylo/rooted/rooted_topology_counts.tsv
rooted_topologies	(((Cx_molestus,Cx_pipiens),Cx_pallens),Cx_quinquefasciatus); | pct_resolved		17.72	results/phylo/rooted/rooted_topology_counts.tsv
rooted_topologies	(((Cx_molestus,Cx_pipiens),Cx_pallens),Cx_quinquefasciatus); | n_ufboot95		7	results/phylo/rooted/rooted_topology_counts.tsv
rooted_topologies	(((Cx_molestus,Cx_pipiens),Cx_pallens),Cx_quinquefasciatus); | pct_ufboot95		18.92	results/phylo/rooted/rooted_topology_counts.tsv
rooted_topologies	(((Cx_pallens,Cx_pipiens),Cx_molestus),Cx_quinquefasciatus); | quartet_split		Cx_molestus+Cx_quinquefasciatus | Cx_pallens+Cx_pipiens	results/phylo/rooted/rooted_topology_counts.tsv
rooted_topologies	(((Cx_pallens,Cx_pipiens),Cx_molestus),Cx_quinquefasciatus); | is_species_tree		False	results/phylo/rooted/rooted_topology_counts.tsv
rooted_topologies	(((Cx_pallens,Cx_pipiens),Cx_molestus),Cx_quinquefasciatus); | has_species_tree_split		False	results/phylo/rooted/rooted_topology_counts.tsv
rooted_topologies	(((Cx_pallens,Cx_pipiens),Cx_molestus),Cx_quinquefasciatus); | n_all		432	results/phylo/rooted/rooted_topology_counts.tsv
rooted_topologies	(((Cx_pallens,Cx_pipiens),Cx_molestus),Cx_quinquefasciatus); | pct_all		10.75	results/phylo/rooted/rooted_topology_counts.tsv
rooted_topologies	(((Cx_pallens,Cx_pipiens),Cx_molestus),Cx_quinquefasciatus); | n_resolved		136	results/phylo/rooted/rooted_topology_counts.tsv
rooted_topologies	(((Cx_pallens,Cx_pipiens),Cx_molestus),Cx_quinquefasciatus); | pct_resolved		6.33	results/phylo/rooted/rooted_topology_counts.tsv
rooted_topologies	(((Cx_pallens,Cx_pipiens),Cx_molestus),Cx_quinquefasciatus); | n_ufboot95		0	results/phylo/rooted/rooted_topology_counts.tsv
rooted_topologies	(((Cx_pallens,Cx_pipiens),Cx_molestus),Cx_quinquefasciatus); | pct_ufboot95		0.0	results/phylo/rooted/rooted_topology_counts.tsv
rooted_topologies	(((Cx_pallens,Cx_quinquefasciatus),Cx_molestus),Cx_pipiens); | quartet_split		Cx_molestus+Cx_pipiens | Cx_pallens+Cx_quinquefasciatus	results/phylo/rooted/rooted_topology_counts.tsv
rooted_topologies	(((Cx_pallens,Cx_quinquefasciatus),Cx_molestus),Cx_pipiens); | is_species_tree		False	results/phylo/rooted/rooted_topology_counts.tsv
rooted_topologies	(((Cx_pallens,Cx_quinquefasciatus),Cx_molestus),Cx_pipiens); | has_species_tree_split		True	results/phylo/rooted/rooted_topology_counts.tsv
rooted_topologies	(((Cx_pallens,Cx_quinquefasciatus),Cx_molestus),Cx_pipiens); | n_all		300	results/phylo/rooted/rooted_topology_counts.tsv
rooted_topologies	(((Cx_pallens,Cx_quinquefasciatus),Cx_molestus),Cx_pipiens); | pct_all		7.47	results/phylo/rooted/rooted_topology_counts.tsv
rooted_topologies	(((Cx_pallens,Cx_quinquefasciatus),Cx_molestus),Cx_pipiens); | n_resolved		216	results/phylo/rooted/rooted_topology_counts.tsv
rooted_topologies	(((Cx_pallens,Cx_quinquefasciatus),Cx_molestus),Cx_pipiens); | pct_resolved		10.05	results/phylo/rooted/rooted_topology_counts.tsv
rooted_topologies	(((Cx_pallens,Cx_quinquefasciatus),Cx_molestus),Cx_pipiens); | n_ufboot95		2	results/phylo/rooted/rooted_topology_counts.tsv
rooted_topologies	(((Cx_pallens,Cx_quinquefasciatus),Cx_molestus),Cx_pipiens); | pct_ufboot95		5.41	results/phylo/rooted/rooted_topology_counts.tsv
rooted_topologies	(((Cx_pallens,Cx_quinquefasciatus),Cx_pipiens),Cx_molestus); | quartet_split		Cx_molestus+Cx_pipiens | Cx_pallens+Cx_quinquefasciatus	results/phylo/rooted/rooted_topology_counts.tsv
rooted_topologies	(((Cx_pallens,Cx_quinquefasciatus),Cx_pipiens),Cx_molestus); | is_species_tree		False	results/phylo/rooted/rooted_topology_counts.tsv
rooted_topologies	(((Cx_pallens,Cx_quinquefasciatus),Cx_pipiens),Cx_molestus); | has_species_tree_split		True	results/phylo/rooted/rooted_topology_counts.tsv
rooted_topologies	(((Cx_pallens,Cx_quinquefasciatus),Cx_pipiens),Cx_molestus); | n_all		250	results/phylo/rooted/rooted_topology_counts.tsv
rooted_topologies	(((Cx_pallens,Cx_quinquefasciatus),Cx_pipiens),Cx_molestus); | pct_all		6.22	results/phylo/rooted/rooted_topology_counts.tsv
rooted_topologies	(((Cx_pallens,Cx_quinquefasciatus),Cx_pipiens),Cx_molestus); | n_resolved		172	results/phylo/rooted/rooted_topology_counts.tsv
rooted_topologies	(((Cx_pallens,Cx_quinquefasciatus),Cx_pipiens),Cx_molestus); | pct_resolved		8.0	results/phylo/rooted/rooted_topology_counts.tsv
rooted_topologies	(((Cx_pallens,Cx_quinquefasciatus),Cx_pipiens),Cx_molestus); | n_ufboot95		0	results/phylo/rooted/rooted_topology_counts.tsv
rooted_topologies	(((Cx_pallens,Cx_quinquefasciatus),Cx_pipiens),Cx_molestus); | pct_ufboot95		0.0	results/phylo/rooted/rooted_topology_counts.tsv
rooted_topologies	(((Cx_molestus,Cx_pallens),Cx_pipiens),Cx_quinquefasciatus); | quartet_split		Cx_molestus+Cx_pallens | Cx_pipiens+Cx_quinquefasciatus	results/phylo/rooted/rooted_topology_counts.tsv
rooted_topologies	(((Cx_molestus,Cx_pallens),Cx_pipiens),Cx_quinquefasciatus); | is_species_tree		False	results/phylo/rooted/rooted_topology_counts.tsv
rooted_topologies	(((Cx_molestus,Cx_pallens),Cx_pipiens),Cx_quinquefasciatus); | has_species_tree_split		False	results/phylo/rooted/rooted_topology_counts.tsv
rooted_topologies	(((Cx_molestus,Cx_pallens),Cx_pipiens),Cx_quinquefasciatus); | n_all		245	results/phylo/rooted/rooted_topology_counts.tsv
rooted_topologies	(((Cx_molestus,Cx_pallens),Cx_pipiens),Cx_quinquefasciatus); | pct_all		6.1	results/phylo/rooted/rooted_topology_counts.tsv
rooted_topologies	(((Cx_molestus,Cx_pallens),Cx_pipiens),Cx_quinquefasciatus); | n_resolved		118	results/phylo/rooted/rooted_topology_counts.tsv
rooted_topologies	(((Cx_molestus,Cx_pallens),Cx_pipiens),Cx_quinquefasciatus); | pct_resolved		5.49	results/phylo/rooted/rooted_topology_counts.tsv
rooted_topologies	(((Cx_molestus,Cx_pallens),Cx_pipiens),Cx_quinquefasciatus); | n_ufboot95		1	results/phylo/rooted/rooted_topology_counts.tsv
rooted_topologies	(((Cx_molestus,Cx_pallens),Cx_pipiens),Cx_quinquefasciatus); | pct_ufboot95		2.7	results/phylo/rooted/rooted_topology_counts.tsv
rooted_topologies	(((Cx_molestus,Cx_quinquefasciatus),Cx_pallens),Cx_pipiens); | quartet_split		Cx_molestus+Cx_quinquefasciatus | Cx_pallens+Cx_pipiens	results/phylo/rooted/rooted_topology_counts.tsv
rooted_topologies	(((Cx_molestus,Cx_quinquefasciatus),Cx_pallens),Cx_pipiens); | is_species_tree		False	results/phylo/rooted/rooted_topology_counts.tsv
rooted_topologies	(((Cx_molestus,Cx_quinquefasciatus),Cx_pallens),Cx_pipiens); | has_species_tree_split		False	results/phylo/rooted/rooted_topology_counts.tsv
rooted_topologies	(((Cx_molestus,Cx_quinquefasciatus),Cx_pallens),Cx_pipiens); | n_all		244	results/phylo/rooted/rooted_topology_counts.tsv
rooted_topologies	(((Cx_molestus,Cx_quinquefasciatus),Cx_pallens),Cx_pipiens); | pct_all		6.07	results/phylo/rooted/rooted_topology_counts.tsv
rooted_topologies	(((Cx_molestus,Cx_quinquefasciatus),Cx_pallens),Cx_pipiens); | n_resolved		77	results/phylo/rooted/rooted_topology_counts.tsv
rooted_topologies	(((Cx_molestus,Cx_quinquefasciatus),Cx_pallens),Cx_pipiens); | pct_resolved		3.58	results/phylo/rooted/rooted_topology_counts.tsv
rooted_topologies	(((Cx_molestus,Cx_quinquefasciatus),Cx_pallens),Cx_pipiens); | n_ufboot95		0	results/phylo/rooted/rooted_topology_counts.tsv
rooted_topologies	(((Cx_molestus,Cx_quinquefasciatus),Cx_pallens),Cx_pipiens); | pct_ufboot95		0.0	results/phylo/rooted/rooted_topology_counts.tsv
rooted_topologies	(((Cx_molestus,Cx_pipiens),Cx_quinquefasciatus),Cx_pallens); | quartet_split		Cx_molestus+Cx_pipiens | Cx_pallens+Cx_quinquefasciatus	results/phylo/rooted/rooted_topology_counts.tsv
rooted_topologies	(((Cx_molestus,Cx_pipiens),Cx_quinquefasciatus),Cx_pallens); | is_species_tree		False	results/phylo/rooted/rooted_topology_counts.tsv
rooted_topologies	(((Cx_molestus,Cx_pipiens),Cx_quinquefasciatus),Cx_pallens); | has_species_tree_split		True	results/phylo/rooted/rooted_topology_counts.tsv
rooted_topologies	(((Cx_molestus,Cx_pipiens),Cx_quinquefasciatus),Cx_pallens); | n_all		200	results/phylo/rooted/rooted_topology_counts.tsv
rooted_topologies	(((Cx_molestus,Cx_pipiens),Cx_quinquefasciatus),Cx_pallens); | pct_all		4.98	results/phylo/rooted/rooted_topology_counts.tsv
rooted_topologies	(((Cx_molestus,Cx_pipiens),Cx_quinquefasciatus),Cx_pallens); | n_resolved		123	results/phylo/rooted/rooted_topology_counts.tsv
rooted_topologies	(((Cx_molestus,Cx_pipiens),Cx_quinquefasciatus),Cx_pallens); | pct_resolved		5.72	results/phylo/rooted/rooted_topology_counts.tsv
rooted_topologies	(((Cx_molestus,Cx_pipiens),Cx_quinquefasciatus),Cx_pallens); | n_ufboot95		0	results/phylo/rooted/rooted_topology_counts.tsv
rooted_topologies	(((Cx_molestus,Cx_pipiens),Cx_quinquefasciatus),Cx_pallens); | pct_ufboot95		0.0	results/phylo/rooted/rooted_topology_counts.tsv
rooted_topologies	(((Cx_pipiens,Cx_quinquefasciatus),Cx_molestus),Cx_pallens); | quartet_split		Cx_molestus+Cx_pallens | Cx_pipiens+Cx_quinquefasciatus	results/phylo/rooted/rooted_topology_counts.tsv
rooted_topologies	(((Cx_pipiens,Cx_quinquefasciatus),Cx_molestus),Cx_pallens); | is_species_tree		False	results/phylo/rooted/rooted_topology_counts.tsv
rooted_topologies	(((Cx_pipiens,Cx_quinquefasciatus),Cx_molestus),Cx_pallens); | has_species_tree_split		False	results/phylo/rooted/rooted_topology_counts.tsv
rooted_topologies	(((Cx_pipiens,Cx_quinquefasciatus),Cx_molestus),Cx_pallens); | n_all		195	results/phylo/rooted/rooted_topology_counts.tsv
rooted_topologies	(((Cx_pipiens,Cx_quinquefasciatus),Cx_molestus),Cx_pallens); | pct_all		4.85	results/phylo/rooted/rooted_topology_counts.tsv
rooted_topologies	(((Cx_pipiens,Cx_quinquefasciatus),Cx_molestus),Cx_pallens); | n_resolved		60	results/phylo/rooted/rooted_topology_counts.tsv
rooted_topologies	(((Cx_pipiens,Cx_quinquefasciatus),Cx_molestus),Cx_pallens); | pct_resolved		2.79	results/phylo/rooted/rooted_topology_counts.tsv
rooted_topologies	(((Cx_pipiens,Cx_quinquefasciatus),Cx_molestus),Cx_pallens); | n_ufboot95		0	results/phylo/rooted/rooted_topology_counts.tsv
rooted_topologies	(((Cx_pipiens,Cx_quinquefasciatus),Cx_molestus),Cx_pallens); | pct_ufboot95		0.0	results/phylo/rooted/rooted_topology_counts.tsv
rooted_topologies	(((Cx_molestus,Cx_quinquefasciatus),Cx_pipiens),Cx_pallens); | quartet_split		Cx_molestus+Cx_quinquefasciatus | Cx_pallens+Cx_pipiens	results/phylo/rooted/rooted_topology_counts.tsv
rooted_topologies	(((Cx_molestus,Cx_quinquefasciatus),Cx_pipiens),Cx_pallens); | is_species_tree		False	results/phylo/rooted/rooted_topology_counts.tsv
rooted_topologies	(((Cx_molestus,Cx_quinquefasciatus),Cx_pipiens),Cx_pallens); | has_species_tree_split		False	results/phylo/rooted/rooted_topology_counts.tsv
rooted_topologies	(((Cx_molestus,Cx_quinquefasciatus),Cx_pipiens),Cx_pallens); | n_all		179	results/phylo/rooted/rooted_topology_counts.tsv
rooted_topologies	(((Cx_molestus,Cx_quinquefasciatus),Cx_pipiens),Cx_pallens); | pct_all		4.46	results/phylo/rooted/rooted_topology_counts.tsv
rooted_topologies	(((Cx_molestus,Cx_quinquefasciatus),Cx_pipiens),Cx_pallens); | n_resolved		104	results/phylo/rooted/rooted_topology_counts.tsv
rooted_topologies	(((Cx_molestus,Cx_quinquefasciatus),Cx_pipiens),Cx_pallens); | pct_resolved		4.84	results/phylo/rooted/rooted_topology_counts.tsv
rooted_topologies	(((Cx_molestus,Cx_quinquefasciatus),Cx_pipiens),Cx_pallens); | n_ufboot95		2	results/phylo/rooted/rooted_topology_counts.tsv
rooted_topologies	(((Cx_molestus,Cx_quinquefasciatus),Cx_pipiens),Cx_pallens); | pct_ufboot95		5.41	results/phylo/rooted/rooted_topology_counts.tsv
rooted_topologies	(((Cx_pipiens,Cx_quinquefasciatus),Cx_pallens),Cx_molestus); | quartet_split		Cx_molestus+Cx_pallens | Cx_pipiens+Cx_quinquefasciatus	results/phylo/rooted/rooted_topology_counts.tsv
rooted_topologies	(((Cx_pipiens,Cx_quinquefasciatus),Cx_pallens),Cx_molestus); | is_species_tree		False	results/phylo/rooted/rooted_topology_counts.tsv
rooted_topologies	(((Cx_pipiens,Cx_quinquefasciatus),Cx_pallens),Cx_molestus); | has_species_tree_split		False	results/phylo/rooted/rooted_topology_counts.tsv
rooted_topologies	(((Cx_pipiens,Cx_quinquefasciatus),Cx_pallens),Cx_molestus); | n_all		157	results/phylo/rooted/rooted_topology_counts.tsv
rooted_topologies	(((Cx_pipiens,Cx_quinquefasciatus),Cx_pallens),Cx_molestus); | pct_all		3.91	results/phylo/rooted/rooted_topology_counts.tsv
rooted_topologies	(((Cx_pipiens,Cx_quinquefasciatus),Cx_pallens),Cx_molestus); | n_resolved		38	results/phylo/rooted/rooted_topology_counts.tsv
rooted_topologies	(((Cx_pipiens,Cx_quinquefasciatus),Cx_pallens),Cx_molestus); | pct_resolved		1.77	results/phylo/rooted/rooted_topology_counts.tsv
rooted_topologies	(((Cx_pipiens,Cx_quinquefasciatus),Cx_pallens),Cx_molestus); | n_ufboot95		0	results/phylo/rooted/rooted_topology_counts.tsv
rooted_topologies	(((Cx_pipiens,Cx_quinquefasciatus),Cx_pallens),Cx_molestus); | pct_ufboot95		0.0	results/phylo/rooted/rooted_topology_counts.tsv
rooted_topologies	((Cx_molestus,Cx_quinquefasciatus),(Cx_pallens,Cx_pipiens)); | quartet_split		Cx_molestus+Cx_quinquefasciatus | Cx_pallens+Cx_pipiens	results/phylo/rooted/rooted_topology_counts.tsv
rooted_topologies	((Cx_molestus,Cx_quinquefasciatus),(Cx_pallens,Cx_pipiens)); | is_species_tree		False	results/phylo/rooted/rooted_topology_counts.tsv
rooted_topologies	((Cx_molestus,Cx_quinquefasciatus),(Cx_pallens,Cx_pipiens)); | has_species_tree_split		False	results/phylo/rooted/rooted_topology_counts.tsv
rooted_topologies	((Cx_molestus,Cx_quinquefasciatus),(Cx_pallens,Cx_pipiens)); | n_all		139	results/phylo/rooted/rooted_topology_counts.tsv
rooted_topologies	((Cx_molestus,Cx_quinquefasciatus),(Cx_pallens,Cx_pipiens)); | pct_all		3.46	results/phylo/rooted/rooted_topology_counts.tsv
rooted_topologies	((Cx_molestus,Cx_quinquefasciatus),(Cx_pallens,Cx_pipiens)); | n_resolved		49	results/phylo/rooted/rooted_topology_counts.tsv
rooted_topologies	((Cx_molestus,Cx_quinquefasciatus),(Cx_pallens,Cx_pipiens)); | pct_resolved		2.28	results/phylo/rooted/rooted_topology_counts.tsv
rooted_topologies	((Cx_molestus,Cx_quinquefasciatus),(Cx_pallens,Cx_pipiens)); | n_ufboot95		1	results/phylo/rooted/rooted_topology_counts.tsv
rooted_topologies	((Cx_molestus,Cx_quinquefasciatus),(Cx_pallens,Cx_pipiens)); | pct_ufboot95		2.7	results/phylo/rooted/rooted_topology_counts.tsv
rooted_topologies	(((Cx_molestus,Cx_pallens),Cx_quinquefasciatus),Cx_pipiens); | quartet_split		Cx_molestus+Cx_pallens | Cx_pipiens+Cx_quinquefasciatus	results/phylo/rooted/rooted_topology_counts.tsv
rooted_topologies	(((Cx_molestus,Cx_pallens),Cx_quinquefasciatus),Cx_pipiens); | is_species_tree		False	results/phylo/rooted/rooted_topology_counts.tsv
rooted_topologies	(((Cx_molestus,Cx_pallens),Cx_quinquefasciatus),Cx_pipiens); | has_species_tree_split		False	results/phylo/rooted/rooted_topology_counts.tsv
rooted_topologies	(((Cx_molestus,Cx_pallens),Cx_quinquefasciatus),Cx_pipiens); | n_all		106	results/phylo/rooted/rooted_topology_counts.tsv
rooted_topologies	(((Cx_molestus,Cx_pallens),Cx_quinquefasciatus),Cx_pipiens); | pct_all		2.64	results/phylo/rooted/rooted_topology_counts.tsv
rooted_topologies	(((Cx_molestus,Cx_pallens),Cx_quinquefasciatus),Cx_pipiens); | n_resolved		43	results/phylo/rooted/rooted_topology_counts.tsv
rooted_topologies	(((Cx_molestus,Cx_pallens),Cx_quinquefasciatus),Cx_pipiens); | pct_resolved		2.0	results/phylo/rooted/rooted_topology_counts.tsv
rooted_topologies	(((Cx_molestus,Cx_pallens),Cx_quinquefasciatus),Cx_pipiens); | n_ufboot95		0	results/phylo/rooted/rooted_topology_counts.tsv
rooted_topologies	(((Cx_molestus,Cx_pallens),Cx_quinquefasciatus),Cx_pipiens); | pct_ufboot95		0.0	results/phylo/rooted/rooted_topology_counts.tsv
rooted_topologies	(((Cx_pallens,Cx_pipiens),Cx_quinquefasciatus),Cx_molestus); | quartet_split		Cx_molestus+Cx_quinquefasciatus | Cx_pallens+Cx_pipiens	results/phylo/rooted/rooted_topology_counts.tsv
rooted_topologies	(((Cx_pallens,Cx_pipiens),Cx_quinquefasciatus),Cx_molestus); | is_species_tree		False	results/phylo/rooted/rooted_topology_counts.tsv
rooted_topologies	(((Cx_pallens,Cx_pipiens),Cx_quinquefasciatus),Cx_molestus); | has_species_tree_split		False	results/phylo/rooted/rooted_topology_counts.tsv
rooted_topologies	(((Cx_pallens,Cx_pipiens),Cx_quinquefasciatus),Cx_molestus); | n_all		102	results/phylo/rooted/rooted_topology_counts.tsv
rooted_topologies	(((Cx_pallens,Cx_pipiens),Cx_quinquefasciatus),Cx_molestus); | pct_all		2.54	results/phylo/rooted/rooted_topology_counts.tsv
rooted_topologies	(((Cx_pallens,Cx_pipiens),Cx_quinquefasciatus),Cx_molestus); | n_resolved		51	results/phylo/rooted/rooted_topology_counts.tsv
rooted_topologies	(((Cx_pallens,Cx_pipiens),Cx_quinquefasciatus),Cx_molestus); | pct_resolved		2.37	results/phylo/rooted/rooted_topology_counts.tsv
rooted_topologies	(((Cx_pallens,Cx_pipiens),Cx_quinquefasciatus),Cx_molestus); | n_ufboot95		0	results/phylo/rooted/rooted_topology_counts.tsv
rooted_topologies	(((Cx_pallens,Cx_pipiens),Cx_quinquefasciatus),Cx_molestus); | pct_ufboot95		0.0	results/phylo/rooted/rooted_topology_counts.tsv
rooted_topologies	((Cx_molestus,Cx_pallens),(Cx_pipiens,Cx_quinquefasciatus)); | quartet_split		Cx_molestus+Cx_pallens | Cx_pipiens+Cx_quinquefasciatus	results/phylo/rooted/rooted_topology_counts.tsv
rooted_topologies	((Cx_molestus,Cx_pallens),(Cx_pipiens,Cx_quinquefasciatus)); | is_species_tree		False	results/phylo/rooted/rooted_topology_counts.tsv
rooted_topologies	((Cx_molestus,Cx_pallens),(Cx_pipiens,Cx_quinquefasciatus)); | has_species_tree_split		False	results/phylo/rooted/rooted_topology_counts.tsv
rooted_topologies	((Cx_molestus,Cx_pallens),(Cx_pipiens,Cx_quinquefasciatus)); | n_all		54	results/phylo/rooted/rooted_topology_counts.tsv
rooted_topologies	((Cx_molestus,Cx_pallens),(Cx_pipiens,Cx_quinquefasciatus)); | pct_all		1.34	results/phylo/rooted/rooted_topology_counts.tsv
rooted_topologies	((Cx_molestus,Cx_pallens),(Cx_pipiens,Cx_quinquefasciatus)); | n_resolved		19	results/phylo/rooted/rooted_topology_counts.tsv
rooted_topologies	((Cx_molestus,Cx_pallens),(Cx_pipiens,Cx_quinquefasciatus)); | pct_resolved		0.88	results/phylo/rooted/rooted_topology_counts.tsv
rooted_topologies	((Cx_molestus,Cx_pallens),(Cx_pipiens,Cx_quinquefasciatus)); | n_ufboot95		1	results/phylo/rooted/rooted_topology_counts.tsv
rooted_topologies	((Cx_molestus,Cx_pallens),(Cx_pipiens,Cx_quinquefasciatus)); | pct_ufboot95		2.7	results/phylo/rooted/rooted_topology_counts.tsv
dstat	T1 all_loci all_sites | test		T1	results/phylo/dstat/d_statistics.tsv
dstat	T1 all_loci all_sites | statistic		D(Cx_pallens,Cx_quinquefasciatus;Cx_pipiens,Cx_perexiguus)	results/phylo/dstat/d_statistics.tsv
dstat	T1 all_loci all_sites | locus_set		all_loci	results/phylo/dstat/d_statistics.tsv
dstat	T1 all_loci all_sites | site_class		all_sites	results/phylo/dstat/d_statistics.tsv
dstat	T1 all_loci all_sites | P1		Cx_pallens	results/phylo/dstat/d_statistics.tsv
dstat	T1 all_loci all_sites | P2		Cx_quinquefasciatus	results/phylo/dstat/d_statistics.tsv
dstat	T1 all_loci all_sites | P3		Cx_pipiens	results/phylo/dstat/d_statistics.tsv
dstat	T1 all_loci all_sites | O		Cx_perexiguus	results/phylo/dstat/d_statistics.tsv
dstat	T1 all_loci all_sites | consistent_with_rooted_tree		True	results/phylo/dstat/d_statistics.tsv
dstat	T1 all_loci all_sites | origin		planned	results/phylo/dstat/d_statistics.tsv
dstat	T1 all_loci all_sites | n_loci		6846	results/phylo/dstat/d_statistics.tsv
dstat	T1 all_loci all_sites | n_blocks		115	results/phylo/dstat/d_statistics.tsv
dstat	T1 all_loci all_sites | n_sites		10147478	results/phylo/dstat/d_statistics.tsv
dstat	T1 all_loci all_sites | BBAA		61675	results/phylo/dstat/d_statistics.tsv
dstat	T1 all_loci all_sites | ABBA		27689	results/phylo/dstat/d_statistics.tsv
dstat	T1 all_loci all_sites | BABA		193190	results/phylo/dstat/d_statistics.tsv
dstat	T1 all_loci all_sites | D		-0.74928	results/phylo/dstat/d_statistics.tsv
dstat	T1 all_loci all_sites | se		0.02848	results/phylo/dstat/d_statistics.tsv
dstat	T1 all_loci all_sites | Z		-26.313	results/phylo/dstat/d_statistics.tsv
dstat	T1 all_loci all_sites | p		1.360e-152	results/phylo/dstat/d_statistics.tsv
dstat	T1 all_loci all_sites | p_bonferroni		5.441e-152	results/phylo/dstat/d_statistics.tsv
dstat	T1 all_loci all_sites | abs_Z_at_least_3		True	results/phylo/dstat/d_statistics.tsv
dstat	T1 all_loci all_sites | excess_derived_sharing		Cx_pallens+Cx_pipiens	results/phylo/dstat/d_statistics.tsv
dstat	T2 all_loci all_sites | test		T2	results/phylo/dstat/d_statistics.tsv
dstat	T2 all_loci all_sites | statistic		D(Cx_pallens,Cx_quinquefasciatus;Cx_molestus,Cx_perexiguus)	results/phylo/dstat/d_statistics.tsv
dstat	T2 all_loci all_sites | locus_set		all_loci	results/phylo/dstat/d_statistics.tsv
dstat	T2 all_loci all_sites | site_class		all_sites	results/phylo/dstat/d_statistics.tsv
dstat	T2 all_loci all_sites | P1		Cx_pallens	results/phylo/dstat/d_statistics.tsv
dstat	T2 all_loci all_sites | P2		Cx_quinquefasciatus	results/phylo/dstat/d_statistics.tsv
dstat	T2 all_loci all_sites | P3		Cx_molestus	results/phylo/dstat/d_statistics.tsv
dstat	T2 all_loci all_sites | O		Cx_perexiguus	results/phylo/dstat/d_statistics.tsv
dstat	T2 all_loci all_sites | consistent_with_rooted_tree		True	results/phylo/dstat/d_statistics.tsv
dstat	T2 all_loci all_sites | origin		planned	results/phylo/dstat/d_statistics.tsv
dstat	T2 all_loci all_sites | n_loci		6846	results/phylo/dstat/d_statistics.tsv
dstat	T2 all_loci all_sites | n_blocks		115	results/phylo/dstat/d_statistics.tsv
dstat	T2 all_loci all_sites | n_sites		10147478	results/phylo/dstat/d_statistics.tsv
dstat	T2 all_loci all_sites | BBAA		57176	results/phylo/dstat/d_statistics.tsv
dstat	T2 all_loci all_sites | ABBA		30727	results/phylo/dstat/d_statistics.tsv
dstat	T2 all_loci all_sites | BABA		187601	results/phylo/dstat/d_statistics.tsv
dstat	T2 all_loci all_sites | D		-0.71852	results/phylo/dstat/d_statistics.tsv
dstat	T2 all_loci all_sites | se		0.02937	results/phylo/dstat/d_statistics.tsv
dstat	T2 all_loci all_sites | Z		-24.466	results/phylo/dstat/d_statistics.tsv
dstat	T2 all_loci all_sites | p		3.421e-132	results/phylo/dstat/d_statistics.tsv
dstat	T2 all_loci all_sites | p_bonferroni		1.368e-131	results/phylo/dstat/d_statistics.tsv
dstat	T2 all_loci all_sites | abs_Z_at_least_3		True	results/phylo/dstat/d_statistics.tsv
dstat	T2 all_loci all_sites | excess_derived_sharing		Cx_pallens+Cx_molestus	results/phylo/dstat/d_statistics.tsv
dstat	T3 all_loci all_sites | test		T3	results/phylo/dstat/d_statistics.tsv
dstat	T3 all_loci all_sites | statistic		D(Cx_molestus,Cx_pipiens;Cx_pallens,Cx_perexiguus)	results/phylo/dstat/d_statistics.tsv
dstat	T3 all_loci all_sites | locus_set		all_loci	results/phylo/dstat/d_statistics.tsv
dstat	T3 all_loci all_sites | site_class		all_sites	results/phylo/dstat/d_statistics.tsv
dstat	T3 all_loci all_sites | P1		Cx_molestus	results/phylo/dstat/d_statistics.tsv
dstat	T3 all_loci all_sites | P2		Cx_pipiens	results/phylo/dstat/d_statistics.tsv
dstat	T3 all_loci all_sites | P3		Cx_pallens	results/phylo/dstat/d_statistics.tsv
dstat	T3 all_loci all_sites | O		Cx_perexiguus	results/phylo/dstat/d_statistics.tsv
dstat	T3 all_loci all_sites | consistent_with_rooted_tree		True	results/phylo/dstat/d_statistics.tsv
dstat	T3 all_loci all_sites | origin		planned	results/phylo/dstat/d_statistics.tsv
dstat	T3 all_loci all_sites | n_loci		6846	results/phylo/dstat/d_statistics.tsv
dstat	T3 all_loci all_sites | n_blocks		115	results/phylo/dstat/d_statistics.tsv
dstat	T3 all_loci all_sites | n_sites		10147478	results/phylo/dstat/d_statistics.tsv
dstat	T3 all_loci all_sites | BBAA		69503	results/phylo/dstat/d_statistics.tsv
dstat	T3 all_loci all_sites | ABBA		60436	results/phylo/dstat/d_statistics.tsv
dstat	T3 all_loci all_sites | BABA		60079	results/phylo/dstat/d_statistics.tsv
dstat	T3 all_loci all_sites | D		0.00296	results/phylo/dstat/d_statistics.tsv
dstat	T3 all_loci all_sites | se		0.07148	results/phylo/dstat/d_statistics.tsv
dstat	T3 all_loci all_sites | Z		0.041	results/phylo/dstat/d_statistics.tsv
dstat	T3 all_loci all_sites | p		9.669e-01	results/phylo/dstat/d_statistics.tsv
dstat	T3 all_loci all_sites | p_bonferroni		1.000e+00	results/phylo/dstat/d_statistics.tsv
dstat	T3 all_loci all_sites | abs_Z_at_least_3		False	results/phylo/dstat/d_statistics.tsv
dstat	T3 all_loci all_sites | excess_derived_sharing		Cx_pipiens+Cx_pallens	results/phylo/dstat/d_statistics.tsv
dstat	T4 all_loci all_sites | test		T4	results/phylo/dstat/d_statistics.tsv
dstat	T4 all_loci all_sites | statistic		D(Cx_molestus,Cx_pipiens;Cx_quinquefasciatus,Cx_perexiguus)	results/phylo/dstat/d_statistics.tsv
dstat	T4 all_loci all_sites | locus_set		all_loci	results/phylo/dstat/d_statistics.tsv
dstat	T4 all_loci all_sites | site_class		all_sites	results/phylo/dstat/d_statistics.tsv
dstat	T4 all_loci all_sites | P1		Cx_molestus	results/phylo/dstat/d_statistics.tsv
dstat	T4 all_loci all_sites | P2		Cx_pipiens	results/phylo/dstat/d_statistics.tsv
dstat	T4 all_loci all_sites | P3		Cx_quinquefasciatus	results/phylo/dstat/d_statistics.tsv
dstat	T4 all_loci all_sites | O		Cx_perexiguus	results/phylo/dstat/d_statistics.tsv
dstat	T4 all_loci all_sites | consistent_with_rooted_tree		True	results/phylo/dstat/d_statistics.tsv
dstat	T4 all_loci all_sites | origin		planned	results/phylo/dstat/d_statistics.tsv
dstat	T4 all_loci all_sites | n_loci		6846	results/phylo/dstat/d_statistics.tsv
dstat	T4 all_loci all_sites | n_blocks		115	results/phylo/dstat/d_statistics.tsv
dstat	T4 all_loci all_sites | n_sites		10147478	results/phylo/dstat/d_statistics.tsv
dstat	T4 all_loci all_sites | BBAA		202250	results/phylo/dstat/d_statistics.tsv
dstat	T4 all_loci all_sites | ABBA		29447	results/phylo/dstat/d_statistics.tsv
dstat	T4 all_loci all_sites | BABA		36983	results/phylo/dstat/d_statistics.tsv
dstat	T4 all_loci all_sites | D		-0.11344	results/phylo/dstat/d_statistics.tsv
dstat	T4 all_loci all_sites | se		0.01868	results/phylo/dstat/d_statistics.tsv
dstat	T4 all_loci all_sites | Z		-6.074	results/phylo/dstat/d_statistics.tsv
dstat	T4 all_loci all_sites | p		1.251e-09	results/phylo/dstat/d_statistics.tsv
dstat	T4 all_loci all_sites | p_bonferroni		5.004e-09	results/phylo/dstat/d_statistics.tsv
dstat	T4 all_loci all_sites | abs_Z_at_least_3		True	results/phylo/dstat/d_statistics.tsv
dstat	T4 all_loci all_sites | excess_derived_sharing		Cx_molestus+Cx_quinquefasciatus	results/phylo/dstat/d_statistics.tsv
dstat	T1 all_loci third_positions | test		T1	results/phylo/dstat/d_statistics.tsv
dstat	T1 all_loci third_positions | statistic		D(Cx_pallens,Cx_quinquefasciatus;Cx_pipiens,Cx_perexiguus)	results/phylo/dstat/d_statistics.tsv
dstat	T1 all_loci third_positions | locus_set		all_loci	results/phylo/dstat/d_statistics.tsv
dstat	T1 all_loci third_positions | site_class		third_positions	results/phylo/dstat/d_statistics.tsv
dstat	T1 all_loci third_positions | P1		Cx_pallens	results/phylo/dstat/d_statistics.tsv
dstat	T1 all_loci third_positions | P2		Cx_quinquefasciatus	results/phylo/dstat/d_statistics.tsv
dstat	T1 all_loci third_positions | P3		Cx_pipiens	results/phylo/dstat/d_statistics.tsv
dstat	T1 all_loci third_positions | O		Cx_perexiguus	results/phylo/dstat/d_statistics.tsv
dstat	T1 all_loci third_positions | consistent_with_rooted_tree		True	results/phylo/dstat/d_statistics.tsv
dstat	T1 all_loci third_positions | origin		planned	results/phylo/dstat/d_statistics.tsv
dstat	T1 all_loci third_positions | n_loci		6846	results/phylo/dstat/d_statistics.tsv
dstat	T1 all_loci third_positions | n_blocks		115	results/phylo/dstat/d_statistics.tsv
dstat	T1 all_loci third_positions | n_sites		3382490	results/phylo/dstat/d_statistics.tsv
dstat	T1 all_loci third_positions | BBAA		49918	results/phylo/dstat/d_statistics.tsv
dstat	T1 all_loci third_positions | ABBA		22125	results/phylo/dstat/d_statistics.tsv
dstat	T1 all_loci third_positions | BABA		80629	results/phylo/dstat/d_statistics.tsv
dstat	T1 all_loci third_positions | D		-0.56936	results/phylo/dstat/d_statistics.tsv
dstat	T1 all_loci third_positions | se		0.03547	results/phylo/dstat/d_statistics.tsv
dstat	T1 all_loci third_positions | Z		-16.052	results/phylo/dstat/d_statistics.tsv
dstat	T1 all_loci third_positions | p		5.550e-58	results/phylo/dstat/d_statistics.tsv
dstat	T1 all_loci third_positions | p_bonferroni		2.220e-57	results/phylo/dstat/d_statistics.tsv
dstat	T1 all_loci third_positions | abs_Z_at_least_3		True	results/phylo/dstat/d_statistics.tsv
dstat	T1 all_loci third_positions | excess_derived_sharing		Cx_pallens+Cx_pipiens	results/phylo/dstat/d_statistics.tsv
dstat	T2 all_loci third_positions | test		T2	results/phylo/dstat/d_statistics.tsv
dstat	T2 all_loci third_positions | statistic		D(Cx_pallens,Cx_quinquefasciatus;Cx_molestus,Cx_perexiguus)	results/phylo/dstat/d_statistics.tsv
dstat	T2 all_loci third_positions | locus_set		all_loci	results/phylo/dstat/d_statistics.tsv
dstat	T2 all_loci third_positions | site_class		third_positions	results/phylo/dstat/d_statistics.tsv
dstat	T2 all_loci third_positions | P1		Cx_pallens	results/phylo/dstat/d_statistics.tsv
dstat	T2 all_loci third_positions | P2		Cx_quinquefasciatus	results/phylo/dstat/d_statistics.tsv
dstat	T2 all_loci third_positions | P3		Cx_molestus	results/phylo/dstat/d_statistics.tsv
dstat	T2 all_loci third_positions | O		Cx_perexiguus	results/phylo/dstat/d_statistics.tsv
dstat	T2 all_loci third_positions | consistent_with_rooted_tree		True	results/phylo/dstat/d_statistics.tsv
dstat	T2 all_loci third_positions | origin		planned	results/phylo/dstat/d_statistics.tsv
dstat	T2 all_loci third_positions | n_loci		6846	results/phylo/dstat/d_statistics.tsv
dstat	T2 all_loci third_positions | n_blocks		115	results/phylo/dstat/d_statistics.tsv
dstat	T2 all_loci third_positions | n_sites		3382490	results/phylo/dstat/d_statistics.tsv
dstat	T2 all_loci third_positions | BBAA		46201	results/phylo/dstat/d_statistics.tsv
dstat	T2 all_loci third_positions | ABBA		24627	results/phylo/dstat/d_statistics.tsv
dstat	T2 all_loci third_positions | BABA		77872	results/phylo/dstat/d_statistics.tsv
dstat	T2 all_loci third_positions | D		-0.51947	results/phylo/dstat/d_statistics.tsv
dstat	T2 all_loci third_positions | se		0.0372	results/phylo/dstat/d_statistics.tsv
dstat	T2 all_loci third_positions | Z		-13.964	results/phylo/dstat/d_statistics.tsv
dstat	T2 all_loci third_positions | p		2.590e-44	results/phylo/dstat/d_statistics.tsv
dstat	T2 all_loci third_positions | p_bonferroni		1.036e-43	results/phylo/dstat/d_statistics.tsv
dstat	T2 all_loci third_positions | abs_Z_at_least_3		True	results/phylo/dstat/d_statistics.tsv
dstat	T2 all_loci third_positions | excess_derived_sharing		Cx_pallens+Cx_molestus	results/phylo/dstat/d_statistics.tsv
dstat	T3 all_loci third_positions | test		T3	results/phylo/dstat/d_statistics.tsv
dstat	T3 all_loci third_positions | statistic		D(Cx_molestus,Cx_pipiens;Cx_pallens,Cx_perexiguus)	results/phylo/dstat/d_statistics.tsv
dstat	T3 all_loci third_positions | locus_set		all_loci	results/phylo/dstat/d_statistics.tsv
dstat	T3 all_loci third_positions | site_class		third_positions	results/phylo/dstat/d_statistics.tsv
dstat	T3 all_loci third_positions | P1		Cx_molestus	results/phylo/dstat/d_statistics.tsv
dstat	T3 all_loci third_positions | P2		Cx_pipiens	results/phylo/dstat/d_statistics.tsv
dstat	T3 all_loci third_positions | P3		Cx_pallens	results/phylo/dstat/d_statistics.tsv
dstat	T3 all_loci third_positions | O		Cx_perexiguus	results/phylo/dstat/d_statistics.tsv
dstat	T3 all_loci third_positions | consistent_with_rooted_tree		True	results/phylo/dstat/d_statistics.tsv
dstat	T3 all_loci third_positions | origin		planned	results/phylo/dstat/d_statistics.tsv
dstat	T3 all_loci third_positions | n_loci		6846	results/phylo/dstat/d_statistics.tsv
dstat	T3 all_loci third_positions | n_blocks		115	results/phylo/dstat/d_statistics.tsv
dstat	T3 all_loci third_positions | n_sites		3382490	results/phylo/dstat/d_statistics.tsv
dstat	T3 all_loci third_positions | BBAA		46615	results/phylo/dstat/d_statistics.tsv
dstat	T3 all_loci third_positions | ABBA		34174	results/phylo/dstat/d_statistics.tsv
dstat	T3 all_loci third_positions | BABA		35333	results/phylo/dstat/d_statistics.tsv
dstat	T3 all_loci third_positions | D		-0.01667	results/phylo/dstat/d_statistics.tsv
dstat	T3 all_loci third_positions | se		0.0412	results/phylo/dstat/d_statistics.tsv
dstat	T3 all_loci third_positions | Z		-0.405	results/phylo/dstat/d_statistics.tsv
dstat	T3 all_loci third_positions | p		6.857e-01	results/phylo/dstat/d_statistics.tsv
dstat	T3 all_loci third_positions | p_bonferroni		1.000e+00	results/phylo/dstat/d_statistics.tsv
dstat	T3 all_loci third_positions | abs_Z_at_least_3		False	results/phylo/dstat/d_statistics.tsv
dstat	T3 all_loci third_positions | excess_derived_sharing		Cx_molestus+Cx_pallens	results/phylo/dstat/d_statistics.tsv
dstat	T4 all_loci third_positions | test		T4	results/phylo/dstat/d_statistics.tsv
dstat	T4 all_loci third_positions | statistic		D(Cx_molestus,Cx_pipiens;Cx_quinquefasciatus,Cx_perexiguus)	results/phylo/dstat/d_statistics.tsv
dstat	T4 all_loci third_positions | locus_set		all_loci	results/phylo/dstat/d_statistics.tsv
dstat	T4 all_loci third_positions | site_class		third_positions	results/phylo/dstat/d_statistics.tsv
dstat	T4 all_loci third_positions | P1		Cx_molestus	results/phylo/dstat/d_statistics.tsv
dstat	T4 all_loci third_positions | P2		Cx_pipiens	results/phylo/dstat/d_statistics.tsv
dstat	T4 all_loci third_positions | P3		Cx_quinquefasciatus	results/phylo/dstat/d_statistics.tsv
dstat	T4 all_loci third_positions | O		Cx_perexiguus	results/phylo/dstat/d_statistics.tsv
dstat	T4 all_loci third_positions | consistent_with_rooted_tree		True	results/phylo/dstat/d_statistics.tsv
dstat	T4 all_loci third_positions | origin		planned	results/phylo/dstat/d_statistics.tsv
dstat	T4 all_loci third_positions | n_loci		6846	results/phylo/dstat/d_statistics.tsv
dstat	T4 all_loci third_positions | n_blocks		115	results/phylo/dstat/d_statistics.tsv
dstat	T4 all_loci third_positions | n_sites		3382490	results/phylo/dstat/d_statistics.tsv
dstat	T4 all_loci third_positions | BBAA		94051	results/phylo/dstat/d_statistics.tsv
dstat	T4 all_loci third_positions | ABBA		23736	results/phylo/dstat/d_statistics.tsv
dstat	T4 all_loci third_positions | BABA		29999	results/phylo/dstat/d_statistics.tsv
dstat	T4 all_loci third_positions | D		-0.11655	results/phylo/dstat/d_statistics.tsv
dstat	T4 all_loci third_positions | se		0.01702	results/phylo/dstat/d_statistics.tsv
dstat	T4 all_loci third_positions | Z		-6.85	results/phylo/dstat/d_statistics.tsv
dstat	T4 all_loci third_positions | p		7.408e-12	results/phylo/dstat/d_statistics.tsv
dstat	T4 all_loci third_positions | p_bonferroni		2.963e-11	results/phylo/dstat/d_statistics.tsv
dstat	T4 all_loci third_positions | abs_Z_at_least_3		True	results/phylo/dstat/d_statistics.tsv
dstat	T4 all_loci third_positions | excess_derived_sharing		Cx_molestus+Cx_quinquefasciatus	results/phylo/dstat/d_statistics.tsv
dstat	T1 intact_loci all_sites | test		T1	results/phylo/dstat/d_statistics.tsv
dstat	T1 intact_loci all_sites | statistic		D(Cx_pallens,Cx_quinquefasciatus;Cx_pipiens,Cx_perexiguus)	results/phylo/dstat/d_statistics.tsv
dstat	T1 intact_loci all_sites | locus_set		intact_loci	results/phylo/dstat/d_statistics.tsv
dstat	T1 intact_loci all_sites | site_class		all_sites	results/phylo/dstat/d_statistics.tsv
dstat	T1 intact_loci all_sites | P1		Cx_pallens	results/phylo/dstat/d_statistics.tsv
dstat	T1 intact_loci all_sites | P2		Cx_quinquefasciatus	results/phylo/dstat/d_statistics.tsv
dstat	T1 intact_loci all_sites | P3		Cx_pipiens	results/phylo/dstat/d_statistics.tsv
dstat	T1 intact_loci all_sites | O		Cx_perexiguus	results/phylo/dstat/d_statistics.tsv
dstat	T1 intact_loci all_sites | consistent_with_rooted_tree		True	results/phylo/dstat/d_statistics.tsv
dstat	T1 intact_loci all_sites | origin		planned	results/phylo/dstat/d_statistics.tsv
dstat	T1 intact_loci all_sites | n_loci		4592	results/phylo/dstat/d_statistics.tsv
dstat	T1 intact_loci all_sites | n_blocks		112	results/phylo/dstat/d_statistics.tsv
dstat	T1 intact_loci all_sites | n_sites		6759138	results/phylo/dstat/d_statistics.tsv
dstat	T1 intact_loci all_sites | BBAA		38940	results/phylo/dstat/d_statistics.tsv
dstat	T1 intact_loci all_sites | ABBA		15908	results/phylo/dstat/d_statistics.tsv
dstat	T1 intact_loci all_sites | BABA		25576	results/phylo/dstat/d_statistics.tsv
dstat	T1 intact_loci all_sites | D		-0.23305	results/phylo/dstat/d_statistics.tsv
dstat	T1 intact_loci all_sites | se		0.03221	results/phylo/dstat/d_statistics.tsv
dstat	T1 intact_loci all_sites | Z		-7.235	results/phylo/dstat/d_statistics.tsv
dstat	T1 intact_loci all_sites | p		4.664e-13	results/phylo/dstat/d_statistics.tsv
dstat	T1 intact_loci all_sites | p_bonferroni		1.866e-12	results/phylo/dstat/d_statistics.tsv
dstat	T1 intact_loci all_sites | abs_Z_at_least_3		True	results/phylo/dstat/d_statistics.tsv
dstat	T1 intact_loci all_sites | excess_derived_sharing		Cx_pallens+Cx_pipiens	results/phylo/dstat/d_statistics.tsv
dstat	T2 intact_loci all_sites | test		T2	results/phylo/dstat/d_statistics.tsv
dstat	T2 intact_loci all_sites | statistic		D(Cx_pallens,Cx_quinquefasciatus;Cx_molestus,Cx_perexiguus)	results/phylo/dstat/d_statistics.tsv
dstat	T2 intact_loci all_sites | locus_set		intact_loci	results/phylo/dstat/d_statistics.tsv
dstat	T2 intact_loci all_sites | site_class		all_sites	results/phylo/dstat/d_statistics.tsv
dstat	T2 intact_loci all_sites | P1		Cx_pallens	results/phylo/dstat/d_statistics.tsv
dstat	T2 intact_loci all_sites | P2		Cx_quinquefasciatus	results/phylo/dstat/d_statistics.tsv
dstat	T2 intact_loci all_sites | P3		Cx_molestus	results/phylo/dstat/d_statistics.tsv
dstat	T2 intact_loci all_sites | O		Cx_perexiguus	results/phylo/dstat/d_statistics.tsv
dstat	T2 intact_loci all_sites | consistent_with_rooted_tree		True	results/phylo/dstat/d_statistics.tsv
dstat	T2 intact_loci all_sites | origin		planned	results/phylo/dstat/d_statistics.tsv
dstat	T2 intact_loci all_sites | n_loci		4592	results/phylo/dstat/d_statistics.tsv
dstat	T2 intact_loci all_sites | n_blocks		112	results/phylo/dstat/d_statistics.tsv
dstat	T2 intact_loci all_sites | n_sites		6759138	results/phylo/dstat/d_statistics.tsv
dstat	T2 intact_loci all_sites | BBAA		35939	results/phylo/dstat/d_statistics.tsv
dstat	T2 intact_loci all_sites | ABBA		18293	results/phylo/dstat/d_statistics.tsv
dstat	T2 intact_loci all_sites | BABA		24110	results/phylo/dstat/d_statistics.tsv
dstat	T2 intact_loci all_sites | D		-0.13718	results/phylo/dstat/d_statistics.tsv
dstat	T2 intact_loci all_sites | se		0.04096	results/phylo/dstat/d_statistics.tsv
dstat	T2 intact_loci all_sites | Z		-3.349	results/phylo/dstat/d_statistics.tsv
dstat	T2 intact_loci all_sites | p		8.097e-04	results/phylo/dstat/d_statistics.tsv
dstat	T2 intact_loci all_sites | p_bonferroni		3.239e-03	results/phylo/dstat/d_statistics.tsv
dstat	T2 intact_loci all_sites | abs_Z_at_least_3		True	results/phylo/dstat/d_statistics.tsv
dstat	T2 intact_loci all_sites | excess_derived_sharing		Cx_pallens+Cx_molestus	results/phylo/dstat/d_statistics.tsv
dstat	T3 intact_loci all_sites | test		T3	results/phylo/dstat/d_statistics.tsv
dstat	T3 intact_loci all_sites | statistic		D(Cx_molestus,Cx_pipiens;Cx_pallens,Cx_perexiguus)	results/phylo/dstat/d_statistics.tsv
dstat	T3 intact_loci all_sites | locus_set		intact_loci	results/phylo/dstat/d_statistics.tsv
dstat	T3 intact_loci all_sites | site_class		all_sites	results/phylo/dstat/d_statistics.tsv
dstat	T3 intact_loci all_sites | P1		Cx_molestus	results/phylo/dstat/d_statistics.tsv
dstat	T3 intact_loci all_sites | P2		Cx_pipiens	results/phylo/dstat/d_statistics.tsv
dstat	T3 intact_loci all_sites | P3		Cx_pallens	results/phylo/dstat/d_statistics.tsv
dstat	T3 intact_loci all_sites | O		Cx_perexiguus	results/phylo/dstat/d_statistics.tsv
dstat	T3 intact_loci all_sites | consistent_with_rooted_tree		True	results/phylo/dstat/d_statistics.tsv
dstat	T3 intact_loci all_sites | origin		planned	results/phylo/dstat/d_statistics.tsv
dstat	T3 intact_loci all_sites | n_loci		4592	results/phylo/dstat/d_statistics.tsv
dstat	T3 intact_loci all_sites | n_blocks		112	results/phylo/dstat/d_statistics.tsv
dstat	T3 intact_loci all_sites | n_sites		6759138	results/phylo/dstat/d_statistics.tsv
dstat	T3 intact_loci all_sites | BBAA		33396	results/phylo/dstat/d_statistics.tsv
dstat	T3 intact_loci all_sites | ABBA		18336	results/phylo/dstat/d_statistics.tsv
dstat	T3 intact_loci all_sites | BABA		19889	results/phylo/dstat/d_statistics.tsv
dstat	T3 intact_loci all_sites | D		-0.04063	results/phylo/dstat/d_statistics.tsv
dstat	T3 intact_loci all_sites | se		0.01679	results/phylo/dstat/d_statistics.tsv
dstat	T3 intact_loci all_sites | Z		-2.42	results/phylo/dstat/d_statistics.tsv
dstat	T3 intact_loci all_sites | p		1.553e-02	results/phylo/dstat/d_statistics.tsv
dstat	T3 intact_loci all_sites | p_bonferroni		6.212e-02	results/phylo/dstat/d_statistics.tsv
dstat	T3 intact_loci all_sites | abs_Z_at_least_3		False	results/phylo/dstat/d_statistics.tsv
dstat	T3 intact_loci all_sites | excess_derived_sharing		Cx_molestus+Cx_pallens	results/phylo/dstat/d_statistics.tsv
dstat	T4 intact_loci all_sites | test		T4	results/phylo/dstat/d_statistics.tsv
dstat	T4 intact_loci all_sites | statistic		D(Cx_molestus,Cx_pipiens;Cx_quinquefasciatus,Cx_perexiguus)	results/phylo/dstat/d_statistics.tsv
dstat	T4 intact_loci all_sites | locus_set		intact_loci	results/phylo/dstat/d_statistics.tsv
dstat	T4 intact_loci all_sites | site_class		all_sites	results/phylo/dstat/d_statistics.tsv
dstat	T4 intact_loci all_sites | P1		Cx_molestus	results/phylo/dstat/d_statistics.tsv
dstat	T4 intact_loci all_sites | P2		Cx_pipiens	results/phylo/dstat/d_statistics.tsv
dstat	T4 intact_loci all_sites | P3		Cx_quinquefasciatus	results/phylo/dstat/d_statistics.tsv
dstat	T4 intact_loci all_sites | O		Cx_perexiguus	results/phylo/dstat/d_statistics.tsv
dstat	T4 intact_loci all_sites | consistent_with_rooted_tree		True	results/phylo/dstat/d_statistics.tsv
dstat	T4 intact_loci all_sites | origin		planned	results/phylo/dstat/d_statistics.tsv
dstat	T4 intact_loci all_sites | n_loci		4592	results/phylo/dstat/d_statistics.tsv
dstat	T4 intact_loci all_sites | n_blocks		112	results/phylo/dstat/d_statistics.tsv
dstat	T4 intact_loci all_sites | n_sites		6759138	results/phylo/dstat/d_statistics.tsv
dstat	T4 intact_loci all_sites | BBAA		41077	results/phylo/dstat/d_statistics.tsv
dstat	T4 intact_loci all_sites | ABBA		16414	results/phylo/dstat/d_statistics.tsv
dstat	T4 intact_loci all_sites | BABA		21771	results/phylo/dstat/d_statistics.tsv
dstat	T4 intact_loci all_sites | D		-0.14029	results/phylo/dstat/d_statistics.tsv
dstat	T4 intact_loci all_sites | se		0.01914	results/phylo/dstat/d_statistics.tsv
dstat	T4 intact_loci all_sites | Z		-7.328	results/phylo/dstat/d_statistics.tsv
dstat	T4 intact_loci all_sites | p		2.334e-13	results/phylo/dstat/d_statistics.tsv
dstat	T4 intact_loci all_sites | p_bonferroni		9.334e-13	results/phylo/dstat/d_statistics.tsv
dstat	T4 intact_loci all_sites | abs_Z_at_least_3		True	results/phylo/dstat/d_statistics.tsv
dstat	T4 intact_loci all_sites | excess_derived_sharing		Cx_molestus+Cx_quinquefasciatus	results/phylo/dstat/d_statistics.tsv
dstat	T1 intact_loci third_positions | test		T1	results/phylo/dstat/d_statistics.tsv
dstat	T1 intact_loci third_positions | statistic		D(Cx_pallens,Cx_quinquefasciatus;Cx_pipiens,Cx_perexiguus)	results/phylo/dstat/d_statistics.tsv
dstat	T1 intact_loci third_positions | locus_set		intact_loci	results/phylo/dstat/d_statistics.tsv
dstat	T1 intact_loci third_positions | site_class		third_positions	results/phylo/dstat/d_statistics.tsv
dstat	T1 intact_loci third_positions | P1		Cx_pallens	results/phylo/dstat/d_statistics.tsv
dstat	T1 intact_loci third_positions | P2		Cx_quinquefasciatus	results/phylo/dstat/d_statistics.tsv
dstat	T1 intact_loci third_positions | P3		Cx_pipiens	results/phylo/dstat/d_statistics.tsv
dstat	T1 intact_loci third_positions | O		Cx_perexiguus	results/phylo/dstat/d_statistics.tsv
dstat	T1 intact_loci third_positions | consistent_with_rooted_tree		True	results/phylo/dstat/d_statistics.tsv
dstat	T1 intact_loci third_positions | origin		planned	results/phylo/dstat/d_statistics.tsv
dstat	T1 intact_loci third_positions | n_loci		4592	results/phylo/dstat/d_statistics.tsv
dstat	T1 intact_loci third_positions | n_blocks		112	results/phylo/dstat/d_statistics.tsv
dstat	T1 intact_loci third_positions | n_sites		2253045	results/phylo/dstat/d_statistics.tsv
dstat	T1 intact_loci third_positions | BBAA		32207	results/phylo/dstat/d_statistics.tsv
dstat	T1 intact_loci third_positions | ABBA		13152	results/phylo/dstat/d_statistics.tsv
dstat	T1 intact_loci third_positions | BABA		20848	results/phylo/dstat/d_statistics.tsv
dstat	T1 intact_loci third_positions | D		-0.22635	results/phylo/dstat/d_statistics.tsv
dstat	T1 intact_loci third_positions | se		0.02829	results/phylo/dstat/d_statistics.tsv
dstat	T1 intact_loci third_positions | Z		-8.001	results/phylo/dstat/d_statistics.tsv
dstat	T1 intact_loci third_positions | p		1.230e-15	results/phylo/dstat/d_statistics.tsv
dstat	T1 intact_loci third_positions | p_bonferroni		4.922e-15	results/phylo/dstat/d_statistics.tsv
dstat	T1 intact_loci third_positions | abs_Z_at_least_3		True	results/phylo/dstat/d_statistics.tsv
dstat	T1 intact_loci third_positions | excess_derived_sharing		Cx_pallens+Cx_pipiens	results/phylo/dstat/d_statistics.tsv
dstat	T2 intact_loci third_positions | test		T2	results/phylo/dstat/d_statistics.tsv
dstat	T2 intact_loci third_positions | statistic		D(Cx_pallens,Cx_quinquefasciatus;Cx_molestus,Cx_perexiguus)	results/phylo/dstat/d_statistics.tsv
dstat	T2 intact_loci third_positions | locus_set		intact_loci	results/phylo/dstat/d_statistics.tsv
dstat	T2 intact_loci third_positions | site_class		third_positions	results/phylo/dstat/d_statistics.tsv
dstat	T2 intact_loci third_positions | P1		Cx_pallens	results/phylo/dstat/d_statistics.tsv
dstat	T2 intact_loci third_positions | P2		Cx_quinquefasciatus	results/phylo/dstat/d_statistics.tsv
dstat	T2 intact_loci third_positions | P3		Cx_molestus	results/phylo/dstat/d_statistics.tsv
dstat	T2 intact_loci third_positions | O		Cx_perexiguus	results/phylo/dstat/d_statistics.tsv
dstat	T2 intact_loci third_positions | consistent_with_rooted_tree		True	results/phylo/dstat/d_statistics.tsv
dstat	T2 intact_loci third_positions | origin		planned	results/phylo/dstat/d_statistics.tsv
dstat	T2 intact_loci third_positions | n_loci		4592	results/phylo/dstat/d_statistics.tsv
dstat	T2 intact_loci third_positions | n_blocks		112	results/phylo/dstat/d_statistics.tsv
dstat	T2 intact_loci third_positions | n_sites		2253045	results/phylo/dstat/d_statistics.tsv
dstat	T2 intact_loci third_positions | BBAA		29679	results/phylo/dstat/d_statistics.tsv
dstat	T2 intact_loci third_positions | ABBA		15073	results/phylo/dstat/d_statistics.tsv
dstat	T2 intact_loci third_positions | BABA		19668	results/phylo/dstat/d_statistics.tsv
dstat	T2 intact_loci third_positions | D		-0.13226	results/phylo/dstat/d_statistics.tsv
dstat	T2 intact_loci third_positions | se		0.03862	results/phylo/dstat/d_statistics.tsv
dstat	T2 intact_loci third_positions | Z		-3.425	results/phylo/dstat/d_statistics.tsv
dstat	T2 intact_loci third_positions | p		6.159e-04	results/phylo/dstat/d_statistics.tsv
dstat	T2 intact_loci third_positions | p_bonferroni		2.464e-03	results/phylo/dstat/d_statistics.tsv
dstat	T2 intact_loci third_positions | abs_Z_at_least_3		True	results/phylo/dstat/d_statistics.tsv
dstat	T2 intact_loci third_positions | excess_derived_sharing		Cx_pallens+Cx_molestus	results/phylo/dstat/d_statistics.tsv
dstat	T3 intact_loci third_positions | test		T3	results/phylo/dstat/d_statistics.tsv
dstat	T3 intact_loci third_positions | statistic		D(Cx_molestus,Cx_pipiens;Cx_pallens,Cx_perexiguus)	results/phylo/dstat/d_statistics.tsv
dstat	T3 intact_loci third_positions | locus_set		intact_loci	results/phylo/dstat/d_statistics.tsv
dstat	T3 intact_loci third_positions | site_class		third_positions	results/phylo/dstat/d_statistics.tsv
dstat	T3 intact_loci third_positions | P1		Cx_molestus	results/phylo/dstat/d_statistics.tsv
dstat	T3 intact_loci third_positions | P2		Cx_pipiens	results/phylo/dstat/d_statistics.tsv
dstat	T3 intact_loci third_positions | P3		Cx_pallens	results/phylo/dstat/d_statistics.tsv
dstat	T3 intact_loci third_positions | O		Cx_perexiguus	results/phylo/dstat/d_statistics.tsv
dstat	T3 intact_loci third_positions | consistent_with_rooted_tree		True	results/phylo/dstat/d_statistics.tsv
dstat	T3 intact_loci third_positions | origin		planned	results/phylo/dstat/d_statistics.tsv
dstat	T3 intact_loci third_positions | n_loci		4592	results/phylo/dstat/d_statistics.tsv
dstat	T3 intact_loci third_positions | n_blocks		112	results/phylo/dstat/d_statistics.tsv
dstat	T3 intact_loci third_positions | n_sites		2253045	results/phylo/dstat/d_statistics.tsv
dstat	T3 intact_loci third_positions | BBAA		26964	results/phylo/dstat/d_statistics.tsv
dstat	T3 intact_loci third_positions | ABBA		15361	results/phylo/dstat/d_statistics.tsv
dstat	T3 intact_loci third_positions | BABA		16752	results/phylo/dstat/d_statistics.tsv
dstat	T3 intact_loci third_positions | D		-0.04332	results/phylo/dstat/d_statistics.tsv
dstat	T3 intact_loci third_positions | se		0.01551	results/phylo/dstat/d_statistics.tsv
dstat	T3 intact_loci third_positions | Z		-2.792	results/phylo/dstat/d_statistics.tsv
dstat	T3 intact_loci third_positions | p		5.236e-03	results/phylo/dstat/d_statistics.tsv
dstat	T3 intact_loci third_positions | p_bonferroni		2.094e-02	results/phylo/dstat/d_statistics.tsv
dstat	T3 intact_loci third_positions | abs_Z_at_least_3		False	results/phylo/dstat/d_statistics.tsv
dstat	T3 intact_loci third_positions | excess_derived_sharing		Cx_molestus+Cx_pallens	results/phylo/dstat/d_statistics.tsv
dstat	T4 intact_loci third_positions | test		T4	results/phylo/dstat/d_statistics.tsv
dstat	T4 intact_loci third_positions | statistic		D(Cx_molestus,Cx_pipiens;Cx_quinquefasciatus,Cx_perexiguus)	results/phylo/dstat/d_statistics.tsv
dstat	T4 intact_loci third_positions | locus_set		intact_loci	results/phylo/dstat/d_statistics.tsv
dstat	T4 intact_loci third_positions | site_class		third_positions	results/phylo/dstat/d_statistics.tsv
dstat	T4 intact_loci third_positions | P1		Cx_molestus	results/phylo/dstat/d_statistics.tsv
dstat	T4 intact_loci third_positions | P2		Cx_pipiens	results/phylo/dstat/d_statistics.tsv
dstat	T4 intact_loci third_positions | P3		Cx_quinquefasciatus	results/phylo/dstat/d_statistics.tsv
dstat	T4 intact_loci third_positions | O		Cx_perexiguus	results/phylo/dstat/d_statistics.tsv
dstat	T4 intact_loci third_positions | consistent_with_rooted_tree		True	results/phylo/dstat/d_statistics.tsv
dstat	T4 intact_loci third_positions | origin		planned	results/phylo/dstat/d_statistics.tsv
dstat	T4 intact_loci third_positions | n_loci		4592	results/phylo/dstat/d_statistics.tsv
dstat	T4 intact_loci third_positions | n_blocks		112	results/phylo/dstat/d_statistics.tsv
dstat	T4 intact_loci third_positions | n_sites		2253045	results/phylo/dstat/d_statistics.tsv
dstat	T4 intact_loci third_positions | BBAA		33087	results/phylo/dstat/d_statistics.tsv
dstat	T4 intact_loci third_positions | ABBA		13854	results/phylo/dstat/d_statistics.tsv
dstat	T4 intact_loci third_positions | BABA		18285	results/phylo/dstat/d_statistics.tsv
dstat	T4 intact_loci third_positions | D		-0.13787	results/phylo/dstat/d_statistics.tsv
dstat	T4 intact_loci third_positions | se		0.01842	results/phylo/dstat/d_statistics.tsv
dstat	T4 intact_loci third_positions | Z		-7.485	results/phylo/dstat/d_statistics.tsv
dstat	T4 intact_loci third_positions | p		7.160e-14	results/phylo/dstat/d_statistics.tsv
dstat	T4 intact_loci third_positions | p_bonferroni		2.864e-13	results/phylo/dstat/d_statistics.tsv
dstat	T4 intact_loci third_positions | abs_Z_at_least_3		True	results/phylo/dstat/d_statistics.tsv
dstat	T4 intact_loci third_positions | excess_derived_sharing		Cx_molestus+Cx_quinquefasciatus	results/phylo/dstat/d_statistics.tsv
rooting_gene_trees	all vs 1 | rooted_topology		((Cx_molestus,Cx_pipiens),(Cx_pallens,Cx_quinquefasciatus));	results/phylo/rooted/rooting_gene_trees.tsv
rooting_gene_trees	all vs 1 | is_species_tree		True	results/phylo/rooted/rooting_gene_trees.tsv
rooting_gene_trees	all vs 1 | n_resolved		838	results/phylo/rooted/rooting_gene_trees.tsv
rooting_gene_trees	all vs 1 | pct_resolved		22.92	results/phylo/rooted/rooting_gene_trees.tsv
rooting_gene_trees	all vs 1 | n_resolved_total		3656	results/phylo/rooted/rooting_gene_trees.tsv
rooting_gene_trees	all vs 2 | rooted_topology		(((Cx_molestus,Cx_pipiens),Cx_pallens),Cx_quinquefasciatus);	results/phylo/rooted/rooting_gene_trees.tsv
rooting_gene_trees	all vs 2 | is_species_tree		False	results/phylo/rooted/rooting_gene_trees.tsv
rooting_gene_trees	all vs 2 | n_resolved		640	results/phylo/rooted/rooting_gene_trees.tsv
rooting_gene_trees	all vs 2 | pct_resolved		17.51	results/phylo/rooted/rooting_gene_trees.tsv
rooting_gene_trees	all vs 2 | n_resolved_total		3656	results/phylo/rooted/rooting_gene_trees.tsv
rooting_gene_trees	all vs 3 | rooted_topology		(((Cx_pallens,Cx_quinquefasciatus),Cx_molestus),Cx_pipiens);	results/phylo/rooted/rooting_gene_trees.tsv
rooting_gene_trees	all vs 3 | is_species_tree		False	results/phylo/rooted/rooting_gene_trees.tsv
rooting_gene_trees	all vs 3 | n_resolved		326	results/phylo/rooted/rooting_gene_trees.tsv
rooting_gene_trees	all vs 3 | pct_resolved		8.92	results/phylo/rooted/rooting_gene_trees.tsv
rooting_gene_trees	all vs 3 | n_resolved_total		3656	results/phylo/rooted/rooting_gene_trees.tsv
rooting_gene_trees	all vs 4 | rooted_topology		(((Cx_pallens,Cx_pipiens),Cx_molestus),Cx_quinquefasciatus);	results/phylo/rooted/rooting_gene_trees.tsv
rooting_gene_trees	all vs 4 | is_species_tree		False	results/phylo/rooted/rooting_gene_trees.tsv
rooting_gene_trees	all vs 4 | n_resolved		308	results/phylo/rooted/rooting_gene_trees.tsv
rooting_gene_trees	all vs 4 | pct_resolved		8.42	results/phylo/rooted/rooting_gene_trees.tsv
rooting_gene_trees	all vs 4 | n_resolved_total		3656	results/phylo/rooted/rooting_gene_trees.tsv
rooting_gene_trees	all vs 5 | rooted_topology		(((Cx_molestus,Cx_pallens),Cx_pipiens),Cx_quinquefasciatus);	results/phylo/rooted/rooting_gene_trees.tsv
rooting_gene_trees	all vs 5 | is_species_tree		False	results/phylo/rooted/rooting_gene_trees.tsv
rooting_gene_trees	all vs 5 | n_resolved		277	results/phylo/rooted/rooting_gene_trees.tsv
rooting_gene_trees	all vs 5 | pct_resolved		7.58	results/phylo/rooted/rooting_gene_trees.tsv
rooting_gene_trees	all vs 5 | n_resolved_total		3656	results/phylo/rooted/rooting_gene_trees.tsv
rooting_gene_trees	intact vs 1 | rooted_topology		((Cx_molestus,Cx_pipiens),(Cx_pallens,Cx_quinquefasciatus));	results/phylo/rooted/rooting_gene_trees.tsv
rooting_gene_trees	intact vs 1 | is_species_tree		True	results/phylo/rooted/rooting_gene_trees.tsv
rooting_gene_trees	intact vs 1 | n_resolved		563	results/phylo/rooted/rooting_gene_trees.tsv
rooting_gene_trees	intact vs 1 | pct_resolved		26.19	results/phylo/rooted/rooting_gene_trees.tsv
rooting_gene_trees	intact vs 1 | n_resolved_total		2150	results/phylo/rooted/rooting_gene_trees.tsv
rooting_gene_trees	intact vs 2 | rooted_topology		(((Cx_molestus,Cx_pipiens),Cx_pallens),Cx_quinquefasciatus);	results/phylo/rooted/rooting_gene_trees.tsv
rooting_gene_trees	intact vs 2 | is_species_tree		False	results/phylo/rooted/rooting_gene_trees.tsv
rooting_gene_trees	intact vs 2 | n_resolved		381	results/phylo/rooted/rooting_gene_trees.tsv
rooting_gene_trees	intact vs 2 | pct_resolved		17.72	results/phylo/rooted/rooting_gene_trees.tsv
rooting_gene_trees	intact vs 2 | n_resolved_total		2150	results/phylo/rooted/rooting_gene_trees.tsv
rooting_gene_trees	intact vs 3 | rooted_topology		(((Cx_pallens,Cx_quinquefasciatus),Cx_molestus),Cx_pipiens);	results/phylo/rooted/rooting_gene_trees.tsv
rooting_gene_trees	intact vs 3 | is_species_tree		False	results/phylo/rooted/rooting_gene_trees.tsv
rooting_gene_trees	intact vs 3 | n_resolved		216	results/phylo/rooted/rooting_gene_trees.tsv
rooting_gene_trees	intact vs 3 | pct_resolved		10.05	results/phylo/rooted/rooting_gene_trees.tsv
rooting_gene_trees	intact vs 3 | n_resolved_total		2150	results/phylo/rooted/rooting_gene_trees.tsv
rooting_gene_trees	intact vs 4 | rooted_topology		(((Cx_pallens,Cx_quinquefasciatus),Cx_pipiens),Cx_molestus);	results/phylo/rooted/rooting_gene_trees.tsv
rooting_gene_trees	intact vs 4 | is_species_tree		False	results/phylo/rooted/rooting_gene_trees.tsv
rooting_gene_trees	intact vs 4 | n_resolved		172	results/phylo/rooted/rooting_gene_trees.tsv
rooting_gene_trees	intact vs 4 | pct_resolved		8.0	results/phylo/rooted/rooting_gene_trees.tsv
rooting_gene_trees	intact vs 4 | n_resolved_total		2150	results/phylo/rooted/rooting_gene_trees.tsv
rooting_gene_trees	intact vs 5 | rooted_topology		(((Cx_pallens,Cx_pipiens),Cx_molestus),Cx_quinquefasciatus);	results/phylo/rooted/rooting_gene_trees.tsv
rooting_gene_trees	intact vs 5 | is_species_tree		False	results/phylo/rooted/rooting_gene_trees.tsv
rooting_gene_trees	intact vs 5 | n_resolved		136	results/phylo/rooted/rooting_gene_trees.tsv
rooting_gene_trees	intact vs 5 | pct_resolved		6.33	results/phylo/rooted/rooting_gene_trees.tsv
rooting_gene_trees	intact vs 5 | n_resolved_total		2150	results/phylo/rooted/rooting_gene_trees.tsv
rooting_gene_trees	not intact vs 1 | rooted_topology		((Cx_molestus,Cx_pipiens),(Cx_pallens,Cx_quinquefasciatus));	results/phylo/rooted/rooting_gene_trees.tsv
rooting_gene_trees	not intact vs 1 | is_species_tree		True	results/phylo/rooted/rooting_gene_trees.tsv
rooting_gene_trees	not intact vs 1 | n_resolved		275	results/phylo/rooted/rooting_gene_trees.tsv
rooting_gene_trees	not intact vs 1 | pct_resolved		18.26	results/phylo/rooted/rooting_gene_trees.tsv
rooting_gene_trees	not intact vs 1 | n_resolved_total		1506	results/phylo/rooted/rooting_gene_trees.tsv
rooting_gene_trees	not intact vs 2 | rooted_topology		(((Cx_molestus,Cx_pipiens),Cx_pallens),Cx_quinquefasciatus);	results/phylo/rooted/rooting_gene_trees.tsv
rooting_gene_trees	not intact vs 2 | is_species_tree		False	results/phylo/rooted/rooting_gene_trees.tsv
rooting_gene_trees	not intact vs 2 | n_resolved		259	results/phylo/rooted/rooting_gene_trees.tsv
rooting_gene_trees	not intact vs 2 | pct_resolved		17.2	results/phylo/rooted/rooting_gene_trees.tsv
rooting_gene_trees	not intact vs 2 | n_resolved_total		1506	results/phylo/rooted/rooting_gene_trees.tsv
rooting_gene_trees	not intact vs 3 | rooted_topology		(((Cx_pallens,Cx_pipiens),Cx_molestus),Cx_quinquefasciatus);	results/phylo/rooted/rooting_gene_trees.tsv
rooting_gene_trees	not intact vs 3 | is_species_tree		False	results/phylo/rooted/rooting_gene_trees.tsv
rooting_gene_trees	not intact vs 3 | n_resolved		172	results/phylo/rooted/rooting_gene_trees.tsv
rooting_gene_trees	not intact vs 3 | pct_resolved		11.42	results/phylo/rooted/rooting_gene_trees.tsv
rooting_gene_trees	not intact vs 3 | n_resolved_total		1506	results/phylo/rooted/rooting_gene_trees.tsv
rooting_gene_trees	not intact vs 4 | rooted_topology		(((Cx_molestus,Cx_pallens),Cx_pipiens),Cx_quinquefasciatus);	results/phylo/rooted/rooting_gene_trees.tsv
rooting_gene_trees	not intact vs 4 | is_species_tree		False	results/phylo/rooted/rooting_gene_trees.tsv
rooting_gene_trees	not intact vs 4 | n_resolved		159	results/phylo/rooted/rooting_gene_trees.tsv
rooting_gene_trees	not intact vs 4 | pct_resolved		10.56	results/phylo/rooted/rooting_gene_trees.tsv
rooting_gene_trees	not intact vs 4 | n_resolved_total		1506	results/phylo/rooted/rooting_gene_trees.tsv
rooting_gene_trees	not intact vs 5 | rooted_topology		(((Cx_pallens,Cx_quinquefasciatus),Cx_molestus),Cx_pipiens);	results/phylo/rooted/rooting_gene_trees.tsv
rooting_gene_trees	not intact vs 5 | is_species_tree		False	results/phylo/rooted/rooting_gene_trees.tsv
rooting_gene_trees	not intact vs 5 | n_resolved		110	results/phylo/rooted/rooting_gene_trees.tsv
rooting_gene_trees	not intact vs 5 | pct_resolved		7.3	results/phylo/rooted/rooting_gene_trees.tsv
rooting_gene_trees	not intact vs 5 | n_resolved_total		1506	results/phylo/rooted/rooting_gene_trees.tsv
rooting_gene_trees	identity >= 95% vs 1 | rooted_topology		((Cx_molestus,Cx_pipiens),(Cx_pallens,Cx_quinquefasciatus));	results/phylo/rooted/rooting_gene_trees.tsv
rooting_gene_trees	identity >= 95% vs 1 | is_species_tree		True	results/phylo/rooted/rooting_gene_trees.tsv
rooting_gene_trees	identity >= 95% vs 1 | n_resolved		537	results/phylo/rooted/rooting_gene_trees.tsv
rooting_gene_trees	identity >= 95% vs 1 | pct_resolved		24.95	results/phylo/rooted/rooting_gene_trees.tsv
rooting_gene_trees	identity >= 95% vs 1 | n_resolved_total		2152	results/phylo/rooted/rooting_gene_trees.tsv
rooting_gene_trees	identity >= 95% vs 2 | rooted_topology		(((Cx_molestus,Cx_pipiens),Cx_pallens),Cx_quinquefasciatus);	results/phylo/rooted/rooting_gene_trees.tsv
rooting_gene_trees	identity >= 95% vs 2 | is_species_tree		False	results/phylo/rooted/rooting_gene_trees.tsv
rooting_gene_trees	identity >= 95% vs 2 | n_resolved		365	results/phylo/rooted/rooting_gene_trees.tsv
rooting_gene_trees	identity >= 95% vs 2 | pct_resolved		16.96	results/phylo/rooted/rooting_gene_trees.tsv
rooting_gene_trees	identity >= 95% vs 2 | n_resolved_total		2152	results/phylo/rooted/rooting_gene_trees.tsv
rooting_gene_trees	identity >= 95% vs 3 | rooted_topology		(((Cx_pallens,Cx_quinquefasciatus),Cx_molestus),Cx_pipiens);	results/phylo/rooted/rooting_gene_trees.tsv
rooting_gene_trees	identity >= 95% vs 3 | is_species_tree		False	results/phylo/rooted/rooting_gene_trees.tsv
rooting_gene_trees	identity >= 95% vs 3 | n_resolved		214	results/phylo/rooted/rooting_gene_trees.tsv
rooting_gene_trees	identity >= 95% vs 3 | pct_resolved		9.94	results/phylo/rooted/rooting_gene_trees.tsv
rooting_gene_trees	identity >= 95% vs 3 | n_resolved_total		2152	results/phylo/rooted/rooting_gene_trees.tsv
rooting_gene_trees	identity >= 95% vs 4 | rooted_topology		(((Cx_pallens,Cx_quinquefasciatus),Cx_pipiens),Cx_molestus);	results/phylo/rooted/rooting_gene_trees.tsv
rooting_gene_trees	identity >= 95% vs 4 | is_species_tree		False	results/phylo/rooted/rooting_gene_trees.tsv
rooting_gene_trees	identity >= 95% vs 4 | n_resolved		186	results/phylo/rooted/rooting_gene_trees.tsv
rooting_gene_trees	identity >= 95% vs 4 | pct_resolved		8.64	results/phylo/rooted/rooting_gene_trees.tsv
rooting_gene_trees	identity >= 95% vs 4 | n_resolved_total		2152	results/phylo/rooted/rooting_gene_trees.tsv
rooting_gene_trees	identity >= 95% vs 5 | rooted_topology		(((Cx_pallens,Cx_pipiens),Cx_molestus),Cx_quinquefasciatus);	results/phylo/rooted/rooting_gene_trees.tsv
rooting_gene_trees	identity >= 95% vs 5 | is_species_tree		False	results/phylo/rooted/rooting_gene_trees.tsv
rooting_gene_trees	identity >= 95% vs 5 | n_resolved		139	results/phylo/rooted/rooting_gene_trees.tsv
rooting_gene_trees	identity >= 95% vs 5 | pct_resolved		6.46	results/phylo/rooted/rooting_gene_trees.tsv
rooting_gene_trees	identity >= 95% vs 5 | n_resolved_total		2152	results/phylo/rooted/rooting_gene_trees.tsv
rooting_gene_trees	identity >= 98% vs 1 | rooted_topology		((Cx_molestus,Cx_pipiens),(Cx_pallens,Cx_quinquefasciatus));	results/phylo/rooted/rooting_gene_trees.tsv
rooting_gene_trees	identity >= 98% vs 1 | is_species_tree		True	results/phylo/rooted/rooting_gene_trees.tsv
rooting_gene_trees	identity >= 98% vs 1 | n_resolved		38	results/phylo/rooted/rooting_gene_trees.tsv
rooting_gene_trees	identity >= 98% vs 1 | pct_resolved		23.6	results/phylo/rooted/rooting_gene_trees.tsv
rooting_gene_trees	identity >= 98% vs 1 | n_resolved_total		161	results/phylo/rooted/rooting_gene_trees.tsv
rooting_gene_trees	identity >= 98% vs 2 | rooted_topology		(((Cx_pallens,Cx_quinquefasciatus),Cx_molestus),Cx_pipiens);	results/phylo/rooted/rooting_gene_trees.tsv
rooting_gene_trees	identity >= 98% vs 2 | is_species_tree		False	results/phylo/rooted/rooting_gene_trees.tsv
rooting_gene_trees	identity >= 98% vs 2 | n_resolved		18	results/phylo/rooted/rooting_gene_trees.tsv
rooting_gene_trees	identity >= 98% vs 2 | pct_resolved		11.18	results/phylo/rooted/rooting_gene_trees.tsv
rooting_gene_trees	identity >= 98% vs 2 | n_resolved_total		161	results/phylo/rooted/rooting_gene_trees.tsv
rooting_gene_trees	identity >= 98% vs 3 | rooted_topology		(((Cx_molestus,Cx_pipiens),Cx_pallens),Cx_quinquefasciatus);	results/phylo/rooted/rooting_gene_trees.tsv
rooting_gene_trees	identity >= 98% vs 3 | is_species_tree		False	results/phylo/rooted/rooting_gene_trees.tsv
rooting_gene_trees	identity >= 98% vs 3 | n_resolved		18	results/phylo/rooted/rooting_gene_trees.tsv
rooting_gene_trees	identity >= 98% vs 3 | pct_resolved		11.18	results/phylo/rooted/rooting_gene_trees.tsv
rooting_gene_trees	identity >= 98% vs 3 | n_resolved_total		161	results/phylo/rooted/rooting_gene_trees.tsv
rooting_gene_trees	identity >= 98% vs 4 | rooted_topology		(((Cx_pallens,Cx_quinquefasciatus),Cx_pipiens),Cx_molestus);	results/phylo/rooted/rooting_gene_trees.tsv
rooting_gene_trees	identity >= 98% vs 4 | is_species_tree		False	results/phylo/rooted/rooting_gene_trees.tsv
rooting_gene_trees	identity >= 98% vs 4 | n_resolved		16	results/phylo/rooted/rooting_gene_trees.tsv
rooting_gene_trees	identity >= 98% vs 4 | pct_resolved		9.94	results/phylo/rooted/rooting_gene_trees.tsv
rooting_gene_trees	identity >= 98% vs 4 | n_resolved_total		161	results/phylo/rooted/rooting_gene_trees.tsv
rooting_gene_trees	identity >= 98% vs 5 | rooted_topology		(((Cx_pallens,Cx_pipiens),Cx_molestus),Cx_quinquefasciatus);	results/phylo/rooted/rooting_gene_trees.tsv
rooting_gene_trees	identity >= 98% vs 5 | is_species_tree		False	results/phylo/rooted/rooting_gene_trees.tsv
rooting_gene_trees	identity >= 98% vs 5 | n_resolved		13	results/phylo/rooted/rooting_gene_trees.tsv
rooting_gene_trees	identity >= 98% vs 5 | pct_resolved		8.07	results/phylo/rooted/rooting_gene_trees.tsv
rooting_gene_trees	identity >= 98% vs 5 | n_resolved_total		161	results/phylo/rooted/rooting_gene_trees.tsv
rooting_gene_trees	intact, identity >= 95% vs 1 | rooted_topology		((Cx_molestus,Cx_pipiens),(Cx_pallens,Cx_quinquefasciatus));	results/phylo/rooted/rooting_gene_trees.tsv
rooting_gene_trees	intact, identity >= 95% vs 1 | is_species_tree		True	results/phylo/rooted/rooting_gene_trees.tsv
rooting_gene_trees	intact, identity >= 95% vs 1 | n_resolved		421	results/phylo/rooted/rooting_gene_trees.tsv
rooting_gene_trees	intact, identity >= 95% vs 1 | pct_resolved		25.36	results/phylo/rooted/rooting_gene_trees.tsv
rooting_gene_trees	intact, identity >= 95% vs 1 | n_resolved_total		1660	results/phylo/rooted/rooting_gene_trees.tsv
rooting_gene_trees	intact, identity >= 95% vs 2 | rooted_topology		(((Cx_molestus,Cx_pipiens),Cx_pallens),Cx_quinquefasciatus);	results/phylo/rooted/rooting_gene_trees.tsv
rooting_gene_trees	intact, identity >= 95% vs 2 | is_species_tree		False	results/phylo/rooted/rooting_gene_trees.tsv
rooting_gene_trees	intact, identity >= 95% vs 2 | n_resolved		298	results/phylo/rooted/rooting_gene_trees.tsv
rooting_gene_trees	intact, identity >= 95% vs 2 | pct_resolved		17.95	results/phylo/rooted/rooting_gene_trees.tsv
rooting_gene_trees	intact, identity >= 95% vs 2 | n_resolved_total		1660	results/phylo/rooted/rooting_gene_trees.tsv
rooting_gene_trees	intact, identity >= 95% vs 3 | rooted_topology		(((Cx_pallens,Cx_quinquefasciatus),Cx_molestus),Cx_pipiens);	results/phylo/rooted/rooting_gene_trees.tsv
rooting_gene_trees	intact, identity >= 95% vs 3 | is_species_tree		False	results/phylo/rooted/rooting_gene_trees.tsv
rooting_gene_trees	intact, identity >= 95% vs 3 | n_resolved		161	results/phylo/rooted/rooting_gene_trees.tsv
rooting_gene_trees	intact, identity >= 95% vs 3 | pct_resolved		9.7	results/phylo/rooted/rooting_gene_trees.tsv
rooting_gene_trees	intact, identity >= 95% vs 3 | n_resolved_total		1660	results/phylo/rooted/rooting_gene_trees.tsv
rooting_gene_trees	intact, identity >= 95% vs 4 | rooted_topology		(((Cx_pallens,Cx_quinquefasciatus),Cx_pipiens),Cx_molestus);	results/phylo/rooted/rooting_gene_trees.tsv
rooting_gene_trees	intact, identity >= 95% vs 4 | is_species_tree		False	results/phylo/rooted/rooting_gene_trees.tsv
rooting_gene_trees	intact, identity >= 95% vs 4 | n_resolved		128	results/phylo/rooted/rooting_gene_trees.tsv
rooting_gene_trees	intact, identity >= 95% vs 4 | pct_resolved		7.71	results/phylo/rooted/rooting_gene_trees.tsv
rooting_gene_trees	intact, identity >= 95% vs 4 | n_resolved_total		1660	results/phylo/rooted/rooting_gene_trees.tsv
rooting_gene_trees	intact, identity >= 95% vs 5 | rooted_topology		(((Cx_pallens,Cx_pipiens),Cx_molestus),Cx_quinquefasciatus);	results/phylo/rooted/rooting_gene_trees.tsv
rooting_gene_trees	intact, identity >= 95% vs 5 | is_species_tree		False	results/phylo/rooted/rooting_gene_trees.tsv
rooting_gene_trees	intact, identity >= 95% vs 5 | n_resolved		111	results/phylo/rooted/rooting_gene_trees.tsv
rooting_gene_trees	intact, identity >= 95% vs 5 | pct_resolved		6.69	results/phylo/rooted/rooting_gene_trees.tsv
rooting_gene_trees	intact, identity >= 95% vs 5 | n_resolved_total		1660	results/phylo/rooted/rooting_gene_trees.tsv
rooting_gene_trees	intact, identity >= 98% vs 1 | rooted_topology		((Cx_molestus,Cx_pipiens),(Cx_pallens,Cx_quinquefasciatus));	results/phylo/rooted/rooting_gene_trees.tsv
rooting_gene_trees	intact, identity >= 98% vs 1 | is_species_tree		True	results/phylo/rooted/rooting_gene_trees.tsv
rooting_gene_trees	intact, identity >= 98% vs 1 | n_resolved		31	results/phylo/rooted/rooting_gene_trees.tsv
rooting_gene_trees	intact, identity >= 98% vs 1 | pct_resolved		24.22	results/phylo/rooted/rooting_gene_trees.tsv
rooting_gene_trees	intact, identity >= 98% vs 1 | n_resolved_total		128	results/phylo/rooted/rooting_gene_trees.tsv
rooting_gene_trees	intact, identity >= 98% vs 2 | rooted_topology		(((Cx_molestus,Cx_pipiens),Cx_pallens),Cx_quinquefasciatus);	results/phylo/rooted/rooting_gene_trees.tsv
rooting_gene_trees	intact, identity >= 98% vs 2 | is_species_tree		False	results/phylo/rooted/rooting_gene_trees.tsv
rooting_gene_trees	intact, identity >= 98% vs 2 | n_resolved		16	results/phylo/rooted/rooting_gene_trees.tsv
rooting_gene_trees	intact, identity >= 98% vs 2 | pct_resolved		12.5	results/phylo/rooted/rooting_gene_trees.tsv
rooting_gene_trees	intact, identity >= 98% vs 2 | n_resolved_total		128	results/phylo/rooted/rooting_gene_trees.tsv
rooting_gene_trees	intact, identity >= 98% vs 3 | rooted_topology		(((Cx_pallens,Cx_quinquefasciatus),Cx_molestus),Cx_pipiens);	results/phylo/rooted/rooting_gene_trees.tsv
rooting_gene_trees	intact, identity >= 98% vs 3 | is_species_tree		False	results/phylo/rooted/rooting_gene_trees.tsv
rooting_gene_trees	intact, identity >= 98% vs 3 | n_resolved		14	results/phylo/rooted/rooting_gene_trees.tsv
rooting_gene_trees	intact, identity >= 98% vs 3 | pct_resolved		10.94	results/phylo/rooted/rooting_gene_trees.tsv
rooting_gene_trees	intact, identity >= 98% vs 3 | n_resolved_total		128	results/phylo/rooted/rooting_gene_trees.tsv
rooting_gene_trees	intact, identity >= 98% vs 4 | rooted_topology		(((Cx_pallens,Cx_quinquefasciatus),Cx_pipiens),Cx_molestus);	results/phylo/rooted/rooting_gene_trees.tsv
rooting_gene_trees	intact, identity >= 98% vs 4 | is_species_tree		False	results/phylo/rooted/rooting_gene_trees.tsv
rooting_gene_trees	intact, identity >= 98% vs 4 | n_resolved		11	results/phylo/rooted/rooting_gene_trees.tsv
rooting_gene_trees	intact, identity >= 98% vs 4 | pct_resolved		8.59	results/phylo/rooted/rooting_gene_trees.tsv
rooting_gene_trees	intact, identity >= 98% vs 4 | n_resolved_total		128	results/phylo/rooted/rooting_gene_trees.tsv
rooting_gene_trees	intact, identity >= 98% vs 5 | rooted_topology		(((Cx_pallens,Cx_pipiens),Cx_molestus),Cx_quinquefasciatus);	results/phylo/rooted/rooting_gene_trees.tsv
rooting_gene_trees	intact, identity >= 98% vs 5 | is_species_tree		False	results/phylo/rooted/rooting_gene_trees.tsv
rooting_gene_trees	intact, identity >= 98% vs 5 | n_resolved		11	results/phylo/rooted/rooting_gene_trees.tsv
rooting_gene_trees	intact, identity >= 98% vs 5 | pct_resolved		8.59	results/phylo/rooted/rooting_gene_trees.tsv
rooting_gene_trees	intact, identity >= 98% vs 5 | n_resolved_total		128	results/phylo/rooted/rooting_gene_trees.tsv
rooting_dstat	all vs T1 | statistic		D(Cx_pallens,Cx_quinquefasciatus;Cx_pipiens,Cx_perexiguus)	results/phylo/rooted/rooting_dstat_sets.tsv
rooting_dstat	all vs T1 | n_loci		6846	results/phylo/rooted/rooting_dstat_sets.tsv
rooting_dstat	all vs T1 | n_blocks		115	results/phylo/rooted/rooting_dstat_sets.tsv
rooting_dstat	all vs T1 | ABBA		27689	results/phylo/rooted/rooting_dstat_sets.tsv
rooting_dstat	all vs T1 | BABA		193190	results/phylo/rooted/rooting_dstat_sets.tsv
rooting_dstat	all vs T1 | D		-0.74928	results/phylo/rooted/rooting_dstat_sets.tsv
rooting_dstat	all vs T1 | se		0.02848	results/phylo/rooted/rooting_dstat_sets.tsv
rooting_dstat	all vs T1 | Z		-26.313	results/phylo/rooted/rooting_dstat_sets.tsv
rooting_dstat	all vs T2 | statistic		D(Cx_pallens,Cx_quinquefasciatus;Cx_molestus,Cx_perexiguus)	results/phylo/rooted/rooting_dstat_sets.tsv
rooting_dstat	all vs T2 | n_loci		6846	results/phylo/rooted/rooting_dstat_sets.tsv
rooting_dstat	all vs T2 | n_blocks		115	results/phylo/rooted/rooting_dstat_sets.tsv
rooting_dstat	all vs T2 | ABBA		30727	results/phylo/rooted/rooting_dstat_sets.tsv
rooting_dstat	all vs T2 | BABA		187601	results/phylo/rooted/rooting_dstat_sets.tsv
rooting_dstat	all vs T2 | D		-0.71852	results/phylo/rooted/rooting_dstat_sets.tsv
rooting_dstat	all vs T2 | se		0.02937	results/phylo/rooted/rooting_dstat_sets.tsv
rooting_dstat	all vs T2 | Z		-24.466	results/phylo/rooted/rooting_dstat_sets.tsv
rooting_dstat	all vs T3 | statistic		D(Cx_molestus,Cx_pipiens;Cx_pallens,Cx_perexiguus)	results/phylo/rooted/rooting_dstat_sets.tsv
rooting_dstat	all vs T3 | n_loci		6846	results/phylo/rooted/rooting_dstat_sets.tsv
rooting_dstat	all vs T3 | n_blocks		115	results/phylo/rooted/rooting_dstat_sets.tsv
rooting_dstat	all vs T3 | ABBA		60436	results/phylo/rooted/rooting_dstat_sets.tsv
rooting_dstat	all vs T3 | BABA		60079	results/phylo/rooted/rooting_dstat_sets.tsv
rooting_dstat	all vs T3 | D		0.00296	results/phylo/rooted/rooting_dstat_sets.tsv
rooting_dstat	all vs T3 | se		0.07148	results/phylo/rooted/rooting_dstat_sets.tsv
rooting_dstat	all vs T3 | Z		0.041	results/phylo/rooted/rooting_dstat_sets.tsv
rooting_dstat	all vs T4 | statistic		D(Cx_molestus,Cx_pipiens;Cx_quinquefasciatus,Cx_perexiguus)	results/phylo/rooted/rooting_dstat_sets.tsv
rooting_dstat	all vs T4 | n_loci		6846	results/phylo/rooted/rooting_dstat_sets.tsv
rooting_dstat	all vs T4 | n_blocks		115	results/phylo/rooted/rooting_dstat_sets.tsv
rooting_dstat	all vs T4 | ABBA		29447	results/phylo/rooted/rooting_dstat_sets.tsv
rooting_dstat	all vs T4 | BABA		36983	results/phylo/rooted/rooting_dstat_sets.tsv
rooting_dstat	all vs T4 | D		-0.11344	results/phylo/rooted/rooting_dstat_sets.tsv
rooting_dstat	all vs T4 | se		0.01868	results/phylo/rooted/rooting_dstat_sets.tsv
rooting_dstat	all vs T4 | Z		-6.074	results/phylo/rooted/rooting_dstat_sets.tsv
rooting_dstat	intact vs T1 | statistic		D(Cx_pallens,Cx_quinquefasciatus;Cx_pipiens,Cx_perexiguus)	results/phylo/rooted/rooting_dstat_sets.tsv
rooting_dstat	intact vs T1 | n_loci		4592	results/phylo/rooted/rooting_dstat_sets.tsv
rooting_dstat	intact vs T1 | n_blocks		112	results/phylo/rooted/rooting_dstat_sets.tsv
rooting_dstat	intact vs T1 | ABBA		15908	results/phylo/rooted/rooting_dstat_sets.tsv
rooting_dstat	intact vs T1 | BABA		25576	results/phylo/rooted/rooting_dstat_sets.tsv
rooting_dstat	intact vs T1 | D		-0.23305	results/phylo/rooted/rooting_dstat_sets.tsv
rooting_dstat	intact vs T1 | se		0.03221	results/phylo/rooted/rooting_dstat_sets.tsv
rooting_dstat	intact vs T1 | Z		-7.235	results/phylo/rooted/rooting_dstat_sets.tsv
rooting_dstat	intact vs T2 | statistic		D(Cx_pallens,Cx_quinquefasciatus;Cx_molestus,Cx_perexiguus)	results/phylo/rooted/rooting_dstat_sets.tsv
rooting_dstat	intact vs T2 | n_loci		4592	results/phylo/rooted/rooting_dstat_sets.tsv
rooting_dstat	intact vs T2 | n_blocks		112	results/phylo/rooted/rooting_dstat_sets.tsv
rooting_dstat	intact vs T2 | ABBA		18293	results/phylo/rooted/rooting_dstat_sets.tsv
rooting_dstat	intact vs T2 | BABA		24110	results/phylo/rooted/rooting_dstat_sets.tsv
rooting_dstat	intact vs T2 | D		-0.13718	results/phylo/rooted/rooting_dstat_sets.tsv
rooting_dstat	intact vs T2 | se		0.04096	results/phylo/rooted/rooting_dstat_sets.tsv
rooting_dstat	intact vs T2 | Z		-3.349	results/phylo/rooted/rooting_dstat_sets.tsv
rooting_dstat	intact vs T3 | statistic		D(Cx_molestus,Cx_pipiens;Cx_pallens,Cx_perexiguus)	results/phylo/rooted/rooting_dstat_sets.tsv
rooting_dstat	intact vs T3 | n_loci		4592	results/phylo/rooted/rooting_dstat_sets.tsv
rooting_dstat	intact vs T3 | n_blocks		112	results/phylo/rooted/rooting_dstat_sets.tsv
rooting_dstat	intact vs T3 | ABBA		18336	results/phylo/rooted/rooting_dstat_sets.tsv
rooting_dstat	intact vs T3 | BABA		19889	results/phylo/rooted/rooting_dstat_sets.tsv
rooting_dstat	intact vs T3 | D		-0.04063	results/phylo/rooted/rooting_dstat_sets.tsv
rooting_dstat	intact vs T3 | se		0.01679	results/phylo/rooted/rooting_dstat_sets.tsv
rooting_dstat	intact vs T3 | Z		-2.42	results/phylo/rooted/rooting_dstat_sets.tsv
rooting_dstat	intact vs T4 | statistic		D(Cx_molestus,Cx_pipiens;Cx_quinquefasciatus,Cx_perexiguus)	results/phylo/rooted/rooting_dstat_sets.tsv
rooting_dstat	intact vs T4 | n_loci		4592	results/phylo/rooted/rooting_dstat_sets.tsv
rooting_dstat	intact vs T4 | n_blocks		112	results/phylo/rooted/rooting_dstat_sets.tsv
rooting_dstat	intact vs T4 | ABBA		16414	results/phylo/rooted/rooting_dstat_sets.tsv
rooting_dstat	intact vs T4 | BABA		21771	results/phylo/rooted/rooting_dstat_sets.tsv
rooting_dstat	intact vs T4 | D		-0.14029	results/phylo/rooted/rooting_dstat_sets.tsv
rooting_dstat	intact vs T4 | se		0.01914	results/phylo/rooted/rooting_dstat_sets.tsv
rooting_dstat	intact vs T4 | Z		-7.328	results/phylo/rooted/rooting_dstat_sets.tsv
rooting_dstat	not intact vs T1 | statistic		D(Cx_pallens,Cx_quinquefasciatus;Cx_pipiens,Cx_perexiguus)	results/phylo/rooted/rooting_dstat_sets.tsv
rooting_dstat	not intact vs T1 | n_loci		2254	results/phylo/rooted/rooting_dstat_sets.tsv
rooting_dstat	not intact vs T1 | n_blocks		113	results/phylo/rooted/rooting_dstat_sets.tsv
rooting_dstat	not intact vs T1 | ABBA		11781	results/phylo/rooted/rooting_dstat_sets.tsv
rooting_dstat	not intact vs T1 | BABA		167614	results/phylo/rooted/rooting_dstat_sets.tsv
rooting_dstat	not intact vs T1 | D		-0.86866	results/phylo/rooted/rooting_dstat_sets.tsv
rooting_dstat	not intact vs T1 | se		0.01564	results/phylo/rooted/rooting_dstat_sets.tsv
rooting_dstat	not intact vs T1 | Z		-55.553	results/phylo/rooted/rooting_dstat_sets.tsv
rooting_dstat	not intact vs T2 | statistic		D(Cx_pallens,Cx_quinquefasciatus;Cx_molestus,Cx_perexiguus)	results/phylo/rooted/rooting_dstat_sets.tsv
rooting_dstat	not intact vs T2 | n_loci		2254	results/phylo/rooted/rooting_dstat_sets.tsv
rooting_dstat	not intact vs T2 | n_blocks		113	results/phylo/rooted/rooting_dstat_sets.tsv
rooting_dstat	not intact vs T2 | ABBA		12434	results/phylo/rooted/rooting_dstat_sets.tsv
rooting_dstat	not intact vs T2 | BABA		163491	results/phylo/rooted/rooting_dstat_sets.tsv
rooting_dstat	not intact vs T2 | D		-0.85864	results/phylo/rooted/rooting_dstat_sets.tsv
rooting_dstat	not intact vs T2 | se		0.0157	results/phylo/rooted/rooting_dstat_sets.tsv
rooting_dstat	not intact vs T2 | Z		-54.706	results/phylo/rooted/rooting_dstat_sets.tsv
rooting_dstat	not intact vs T3 | statistic		D(Cx_molestus,Cx_pipiens;Cx_pallens,Cx_perexiguus)	results/phylo/rooted/rooting_dstat_sets.tsv
rooting_dstat	not intact vs T3 | n_loci		2254	results/phylo/rooted/rooting_dstat_sets.tsv
rooting_dstat	not intact vs T3 | n_blocks		113	results/phylo/rooted/rooting_dstat_sets.tsv
rooting_dstat	not intact vs T3 | ABBA		42100	results/phylo/rooted/rooting_dstat_sets.tsv
rooting_dstat	not intact vs T3 | BABA		40190	results/phylo/rooted/rooting_dstat_sets.tsv
rooting_dstat	not intact vs T3 | D		0.02321	results/phylo/rooted/rooting_dstat_sets.tsv
rooting_dstat	not intact vs T3 | se		0.08903	results/phylo/rooted/rooting_dstat_sets.tsv
rooting_dstat	not intact vs T3 | Z		0.261	results/phylo/rooted/rooting_dstat_sets.tsv
rooting_dstat	not intact vs T4 | statistic		D(Cx_molestus,Cx_pipiens;Cx_quinquefasciatus,Cx_perexiguus)	results/phylo/rooted/rooting_dstat_sets.tsv
rooting_dstat	not intact vs T4 | n_loci		2254	results/phylo/rooted/rooting_dstat_sets.tsv
rooting_dstat	not intact vs T4 | n_blocks		113	results/phylo/rooted/rooting_dstat_sets.tsv
rooting_dstat	not intact vs T4 | ABBA		13033	results/phylo/rooted/rooting_dstat_sets.tsv
rooting_dstat	not intact vs T4 | BABA		15212	results/phylo/rooted/rooting_dstat_sets.tsv
rooting_dstat	not intact vs T4 | D		-0.07715	results/phylo/rooted/rooting_dstat_sets.tsv
rooting_dstat	not intact vs T4 | se		0.02563	results/phylo/rooted/rooting_dstat_sets.tsv
rooting_dstat	not intact vs T4 | Z		-3.011	results/phylo/rooted/rooting_dstat_sets.tsv
rooting_dstat	identity >= 95% vs T1 | statistic		D(Cx_pallens,Cx_quinquefasciatus;Cx_pipiens,Cx_perexiguus)	results/phylo/rooted/rooting_dstat_sets.tsv
rooting_dstat	identity >= 95% vs T1 | n_loci		5063	results/phylo/rooted/rooting_dstat_sets.tsv
rooting_dstat	identity >= 95% vs T1 | n_blocks		114	results/phylo/rooted/rooting_dstat_sets.tsv
rooting_dstat	identity >= 95% vs T1 | ABBA		16473	results/phylo/rooted/rooting_dstat_sets.tsv
rooting_dstat	identity >= 95% vs T1 | BABA		26585	results/phylo/rooted/rooting_dstat_sets.tsv
rooting_dstat	identity >= 95% vs T1 | D		-0.23485	results/phylo/rooted/rooting_dstat_sets.tsv
rooting_dstat	identity >= 95% vs T1 | se		0.02721	results/phylo/rooted/rooting_dstat_sets.tsv
rooting_dstat	identity >= 95% vs T1 | Z		-8.63	results/phylo/rooted/rooting_dstat_sets.tsv
rooting_dstat	identity >= 95% vs T2 | statistic		D(Cx_pallens,Cx_quinquefasciatus;Cx_molestus,Cx_perexiguus)	results/phylo/rooted/rooting_dstat_sets.tsv
rooting_dstat	identity >= 95% vs T2 | n_loci		5063	results/phylo/rooted/rooting_dstat_sets.tsv
rooting_dstat	identity >= 95% vs T2 | n_blocks		114	results/phylo/rooted/rooting_dstat_sets.tsv
rooting_dstat	identity >= 95% vs T2 | ABBA		18932	results/phylo/rooted/rooting_dstat_sets.tsv
rooting_dstat	identity >= 95% vs T2 | BABA		24764	results/phylo/rooted/rooting_dstat_sets.tsv
rooting_dstat	identity >= 95% vs T2 | D		-0.13347	results/phylo/rooted/rooting_dstat_sets.tsv
rooting_dstat	identity >= 95% vs T2 | se		0.03791	results/phylo/rooted/rooting_dstat_sets.tsv
rooting_dstat	identity >= 95% vs T2 | Z		-3.521	results/phylo/rooted/rooting_dstat_sets.tsv
rooting_dstat	identity >= 95% vs T3 | statistic		D(Cx_molestus,Cx_pipiens;Cx_pallens,Cx_perexiguus)	results/phylo/rooted/rooting_dstat_sets.tsv
rooting_dstat	identity >= 95% vs T3 | n_loci		5063	results/phylo/rooted/rooting_dstat_sets.tsv
rooting_dstat	identity >= 95% vs T3 | n_blocks		114	results/phylo/rooted/rooting_dstat_sets.tsv
rooting_dstat	identity >= 95% vs T3 | ABBA		19402	results/phylo/rooted/rooting_dstat_sets.tsv
rooting_dstat	identity >= 95% vs T3 | BABA		20495	results/phylo/rooted/rooting_dstat_sets.tsv
rooting_dstat	identity >= 95% vs T3 | D		-0.0274	results/phylo/rooted/rooting_dstat_sets.tsv
rooting_dstat	identity >= 95% vs T3 | se		0.0129	results/phylo/rooted/rooting_dstat_sets.tsv
rooting_dstat	identity >= 95% vs T3 | Z		-2.124	results/phylo/rooted/rooting_dstat_sets.tsv
rooting_dstat	identity >= 95% vs T4 | statistic		D(Cx_molestus,Cx_pipiens;Cx_quinquefasciatus,Cx_perexiguus)	results/phylo/rooted/rooting_dstat_sets.tsv
rooting_dstat	identity >= 95% vs T4 | n_loci		5063	results/phylo/rooted/rooting_dstat_sets.tsv
rooting_dstat	identity >= 95% vs T4 | n_blocks		114	results/phylo/rooted/rooting_dstat_sets.tsv
rooting_dstat	identity >= 95% vs T4 | ABBA		17246	results/phylo/rooted/rooting_dstat_sets.tsv
rooting_dstat	identity >= 95% vs T4 | BABA		22614	results/phylo/rooted/rooting_dstat_sets.tsv
rooting_dstat	identity >= 95% vs T4 | D		-0.13467	results/phylo/rooted/rooting_dstat_sets.tsv
rooting_dstat	identity >= 95% vs T4 | se		0.01756	results/phylo/rooted/rooting_dstat_sets.tsv
rooting_dstat	identity >= 95% vs T4 | Z		-7.669	results/phylo/rooted/rooting_dstat_sets.tsv
rooting_dstat	identity >= 98% vs T1 | statistic		D(Cx_pallens,Cx_quinquefasciatus;Cx_pipiens,Cx_perexiguus)	results/phylo/rooted/rooting_dstat_sets.tsv
rooting_dstat	identity >= 98% vs T1 | n_loci		1102	results/phylo/rooted/rooting_dstat_sets.tsv
rooting_dstat	identity >= 98% vs T1 | n_blocks		114	results/phylo/rooted/rooting_dstat_sets.tsv
rooting_dstat	identity >= 98% vs T1 | ABBA		1134	results/phylo/rooted/rooting_dstat_sets.tsv
rooting_dstat	identity >= 98% vs T1 | BABA		2044	results/phylo/rooted/rooting_dstat_sets.tsv
rooting_dstat	identity >= 98% vs T1 | D		-0.28634	results/phylo/rooted/rooting_dstat_sets.tsv
rooting_dstat	identity >= 98% vs T1 | se		0.04317	results/phylo/rooted/rooting_dstat_sets.tsv
rooting_dstat	identity >= 98% vs T1 | Z		-6.633	results/phylo/rooted/rooting_dstat_sets.tsv
rooting_dstat	identity >= 98% vs T2 | statistic		D(Cx_pallens,Cx_quinquefasciatus;Cx_molestus,Cx_perexiguus)	results/phylo/rooted/rooting_dstat_sets.tsv
rooting_dstat	identity >= 98% vs T2 | n_loci		1102	results/phylo/rooted/rooting_dstat_sets.tsv
rooting_dstat	identity >= 98% vs T2 | n_blocks		114	results/phylo/rooted/rooting_dstat_sets.tsv
rooting_dstat	identity >= 98% vs T2 | ABBA		1429	results/phylo/rooted/rooting_dstat_sets.tsv
rooting_dstat	identity >= 98% vs T2 | BABA		1870	results/phylo/rooted/rooting_dstat_sets.tsv
rooting_dstat	identity >= 98% vs T2 | D		-0.13368	results/phylo/rooted/rooting_dstat_sets.tsv
rooting_dstat	identity >= 98% vs T2 | se		0.05673	results/phylo/rooted/rooting_dstat_sets.tsv
rooting_dstat	identity >= 98% vs T2 | Z		-2.357	results/phylo/rooted/rooting_dstat_sets.tsv
rooting_dstat	identity >= 98% vs T3 | statistic		D(Cx_molestus,Cx_pipiens;Cx_pallens,Cx_perexiguus)	results/phylo/rooted/rooting_dstat_sets.tsv
rooting_dstat	identity >= 98% vs T3 | n_loci		1102	results/phylo/rooted/rooting_dstat_sets.tsv
rooting_dstat	identity >= 98% vs T3 | n_blocks		114	results/phylo/rooted/rooting_dstat_sets.tsv
rooting_dstat	identity >= 98% vs T3 | ABBA		1198	results/phylo/rooted/rooting_dstat_sets.tsv
rooting_dstat	identity >= 98% vs T3 | BABA		1252	results/phylo/rooted/rooting_dstat_sets.tsv
rooting_dstat	identity >= 98% vs T3 | D		-0.02204	results/phylo/rooted/rooting_dstat_sets.tsv
rooting_dstat	identity >= 98% vs T3 | se		0.02212	results/phylo/rooted/rooting_dstat_sets.tsv
rooting_dstat	identity >= 98% vs T3 | Z		-0.996	results/phylo/rooted/rooting_dstat_sets.tsv
rooting_dstat	identity >= 98% vs T4 | statistic		D(Cx_molestus,Cx_pipiens;Cx_quinquefasciatus,Cx_perexiguus)	results/phylo/rooted/rooting_dstat_sets.tsv
rooting_dstat	identity >= 98% vs T4 | n_loci		1102	results/phylo/rooted/rooting_dstat_sets.tsv
rooting_dstat	identity >= 98% vs T4 | n_blocks		114	results/phylo/rooted/rooting_dstat_sets.tsv
rooting_dstat	identity >= 98% vs T4 | ABBA		1042	results/phylo/rooted/rooting_dstat_sets.tsv
rooting_dstat	identity >= 98% vs T4 | BABA		1576	results/phylo/rooted/rooting_dstat_sets.tsv
rooting_dstat	identity >= 98% vs T4 | D		-0.20397	results/phylo/rooted/rooting_dstat_sets.tsv
rooting_dstat	identity >= 98% vs T4 | se		0.03377	results/phylo/rooted/rooting_dstat_sets.tsv
rooting_dstat	identity >= 98% vs T4 | Z		-6.041	results/phylo/rooted/rooting_dstat_sets.tsv
rooting_dstat	intact, identity >= 95% vs T1 | statistic		D(Cx_pallens,Cx_quinquefasciatus;Cx_pipiens,Cx_perexiguus)	results/phylo/rooted/rooting_dstat_sets.tsv
rooting_dstat	intact, identity >= 95% vs T1 | n_loci		3995	results/phylo/rooted/rooting_dstat_sets.tsv
rooting_dstat	intact, identity >= 95% vs T1 | n_blocks		112	results/phylo/rooted/rooting_dstat_sets.tsv
rooting_dstat	intact, identity >= 95% vs T1 | ABBA		13083	results/phylo/rooted/rooting_dstat_sets.tsv
rooting_dstat	intact, identity >= 95% vs T1 | BABA		20926	results/phylo/rooted/rooting_dstat_sets.tsv
rooting_dstat	intact, identity >= 95% vs T1 | D		-0.23062	results/phylo/rooted/rooting_dstat_sets.tsv
rooting_dstat	intact, identity >= 95% vs T1 | se		0.02814	results/phylo/rooted/rooting_dstat_sets.tsv
rooting_dstat	intact, identity >= 95% vs T1 | Z		-8.194	results/phylo/rooted/rooting_dstat_sets.tsv
rooting_dstat	intact, identity >= 95% vs T2 | statistic		D(Cx_pallens,Cx_quinquefasciatus;Cx_molestus,Cx_perexiguus)	results/phylo/rooted/rooting_dstat_sets.tsv
rooting_dstat	intact, identity >= 95% vs T2 | n_loci		3995	results/phylo/rooted/rooting_dstat_sets.tsv
rooting_dstat	intact, identity >= 95% vs T2 | n_blocks		112	results/phylo/rooted/rooting_dstat_sets.tsv
rooting_dstat	intact, identity >= 95% vs T2 | ABBA		15134	results/phylo/rooted/rooting_dstat_sets.tsv
rooting_dstat	intact, identity >= 95% vs T2 | BABA		19707	results/phylo/rooted/rooting_dstat_sets.tsv
rooting_dstat	intact, identity >= 95% vs T2 | D		-0.13125	results/phylo/rooted/rooting_dstat_sets.tsv
rooting_dstat	intact, identity >= 95% vs T2 | se		0.0397	results/phylo/rooted/rooting_dstat_sets.tsv
rooting_dstat	intact, identity >= 95% vs T2 | Z		-3.306	results/phylo/rooted/rooting_dstat_sets.tsv
rooting_dstat	intact, identity >= 95% vs T3 | statistic		D(Cx_molestus,Cx_pipiens;Cx_pallens,Cx_perexiguus)	results/phylo/rooted/rooting_dstat_sets.tsv
rooting_dstat	intact, identity >= 95% vs T3 | n_loci		3995	results/phylo/rooted/rooting_dstat_sets.tsv
rooting_dstat	intact, identity >= 95% vs T3 | n_blocks		112	results/phylo/rooted/rooting_dstat_sets.tsv
rooting_dstat	intact, identity >= 95% vs T3 | ABBA		15010	results/phylo/rooted/rooting_dstat_sets.tsv
rooting_dstat	intact, identity >= 95% vs T3 | BABA		16310	results/phylo/rooted/rooting_dstat_sets.tsv
rooting_dstat	intact, identity >= 95% vs T3 | D		-0.04151	results/phylo/rooted/rooting_dstat_sets.tsv
rooting_dstat	intact, identity >= 95% vs T3 | se		0.01292	results/phylo/rooted/rooting_dstat_sets.tsv
rooting_dstat	intact, identity >= 95% vs T3 | Z		-3.213	results/phylo/rooted/rooting_dstat_sets.tsv
rooting_dstat	intact, identity >= 95% vs T4 | statistic		D(Cx_molestus,Cx_pipiens;Cx_quinquefasciatus,Cx_perexiguus)	results/phylo/rooted/rooting_dstat_sets.tsv
rooting_dstat	intact, identity >= 95% vs T4 | n_loci		3995	results/phylo/rooted/rooting_dstat_sets.tsv
rooting_dstat	intact, identity >= 95% vs T4 | n_blocks		112	results/phylo/rooted/rooting_dstat_sets.tsv
rooting_dstat	intact, identity >= 95% vs T4 | ABBA		13476	results/phylo/rooted/rooting_dstat_sets.tsv
rooting_dstat	intact, identity >= 95% vs T4 | BABA		18023	results/phylo/rooted/rooting_dstat_sets.tsv
rooting_dstat	intact, identity >= 95% vs T4 | D		-0.14435	results/phylo/rooted/rooting_dstat_sets.tsv
rooting_dstat	intact, identity >= 95% vs T4 | se		0.01817	results/phylo/rooted/rooting_dstat_sets.tsv
rooting_dstat	intact, identity >= 95% vs T4 | Z		-7.947	results/phylo/rooted/rooting_dstat_sets.tsv
rooting_dstat	intact, identity >= 98% vs T1 | statistic		D(Cx_pallens,Cx_quinquefasciatus;Cx_pipiens,Cx_perexiguus)	results/phylo/rooted/rooting_dstat_sets.tsv
rooting_dstat	intact, identity >= 98% vs T1 | n_loci		889	results/phylo/rooted/rooting_dstat_sets.tsv
rooting_dstat	intact, identity >= 98% vs T1 | n_blocks		112	results/phylo/rooted/rooting_dstat_sets.tsv
rooting_dstat	intact, identity >= 98% vs T1 | ABBA		985	results/phylo/rooted/rooting_dstat_sets.tsv
rooting_dstat	intact, identity >= 98% vs T1 | BABA		1737	results/phylo/rooted/rooting_dstat_sets.tsv
rooting_dstat	intact, identity >= 98% vs T1 | D		-0.27627	results/phylo/rooted/rooting_dstat_sets.tsv
rooting_dstat	intact, identity >= 98% vs T1 | se		0.04565	results/phylo/rooted/rooting_dstat_sets.tsv
rooting_dstat	intact, identity >= 98% vs T1 | Z		-6.052	results/phylo/rooted/rooting_dstat_sets.tsv
rooting_dstat	intact, identity >= 98% vs T2 | statistic		D(Cx_pallens,Cx_quinquefasciatus;Cx_molestus,Cx_perexiguus)	results/phylo/rooted/rooting_dstat_sets.tsv
rooting_dstat	intact, identity >= 98% vs T2 | n_loci		889	results/phylo/rooted/rooting_dstat_sets.tsv
rooting_dstat	intact, identity >= 98% vs T2 | n_blocks		112	results/phylo/rooted/rooting_dstat_sets.tsv
rooting_dstat	intact, identity >= 98% vs T2 | ABBA		1207	results/phylo/rooted/rooting_dstat_sets.tsv
rooting_dstat	intact, identity >= 98% vs T2 | BABA		1599	results/phylo/rooted/rooting_dstat_sets.tsv
rooting_dstat	intact, identity >= 98% vs T2 | D		-0.1397	results/phylo/rooted/rooting_dstat_sets.tsv
rooting_dstat	intact, identity >= 98% vs T2 | se		0.0599	results/phylo/rooted/rooting_dstat_sets.tsv
rooting_dstat	intact, identity >= 98% vs T2 | Z		-2.332	results/phylo/rooted/rooting_dstat_sets.tsv
rooting_dstat	intact, identity >= 98% vs T3 | statistic		D(Cx_molestus,Cx_pipiens;Cx_pallens,Cx_perexiguus)	results/phylo/rooted/rooting_dstat_sets.tsv
rooting_dstat	intact, identity >= 98% vs T3 | n_loci		889	results/phylo/rooted/rooting_dstat_sets.tsv
rooting_dstat	intact, identity >= 98% vs T3 | n_blocks		112	results/phylo/rooted/rooting_dstat_sets.tsv
rooting_dstat	intact, identity >= 98% vs T3 | ABBA		1001	results/phylo/rooted/rooting_dstat_sets.tsv
rooting_dstat	intact, identity >= 98% vs T3 | BABA		1038	results/phylo/rooted/rooting_dstat_sets.tsv
rooting_dstat	intact, identity >= 98% vs T3 | D		-0.01815	results/phylo/rooted/rooting_dstat_sets.tsv
rooting_dstat	intact, identity >= 98% vs T3 | se		0.0254	results/phylo/rooted/rooting_dstat_sets.tsv
rooting_dstat	intact, identity >= 98% vs T3 | Z		-0.714	results/phylo/rooted/rooting_dstat_sets.tsv
rooting_dstat	intact, identity >= 98% vs T4 | statistic		D(Cx_molestus,Cx_pipiens;Cx_quinquefasciatus,Cx_perexiguus)	results/phylo/rooted/rooting_dstat_sets.tsv
rooting_dstat	intact, identity >= 98% vs T4 | n_loci		889	results/phylo/rooted/rooting_dstat_sets.tsv
rooting_dstat	intact, identity >= 98% vs T4 | n_blocks		112	results/phylo/rooted/rooting_dstat_sets.tsv
rooting_dstat	intact, identity >= 98% vs T4 | ABBA		884	results/phylo/rooted/rooting_dstat_sets.tsv
rooting_dstat	intact, identity >= 98% vs T4 | BABA		1288	results/phylo/rooted/rooting_dstat_sets.tsv
rooting_dstat	intact, identity >= 98% vs T4 | D		-0.186	results/phylo/rooted/rooting_dstat_sets.tsv
rooting_dstat	intact, identity >= 98% vs T4 | se		0.03761	results/phylo/rooted/rooting_dstat_sets.tsv
rooting_dstat	intact, identity >= 98% vs T4 | Z		-4.946	results/phylo/rooted/rooting_dstat_sets.tsv
rooting_patterns	all | n_loci		6846	results/phylo/rooted/rooting_site_patterns.tsv
rooting_patterns	all | all_sites | derived in Cx_molestus+Cx_pallens | n_sites		33760	results/phylo/rooted/rooting_site_patterns.tsv
rooting_patterns	all | all_sites | derived in Cx_molestus+Cx_pallens | per_100_loci		493.1	results/phylo/rooted/rooting_site_patterns.tsv
rooting_patterns	all | all_sites | derived in Cx_molestus+Cx_pipiens | n_sites		49301	results/phylo/rooted/rooting_site_patterns.tsv
rooting_patterns	all | all_sites | derived in Cx_molestus+Cx_pipiens | per_100_loci		720.1	results/phylo/rooted/rooting_site_patterns.tsv
rooting_patterns	all | all_sites | derived in Cx_molestus+Cx_quinquefasciatus | n_sites		10911	results/phylo/rooted/rooting_site_patterns.tsv
rooting_patterns	all | all_sites | derived in Cx_molestus+Cx_quinquefasciatus | per_100_loci		159.4	results/phylo/rooted/rooting_site_patterns.tsv
rooting_patterns	all | all_sites | derived in Cx_pallens+Cx_pipiens | n_sites		38510	results/phylo/rooted/rooting_site_patterns.tsv
rooting_patterns	all | all_sites | derived in Cx_pallens+Cx_pipiens | per_100_loci		562.5	results/phylo/rooted/rooting_site_patterns.tsv
rooting_patterns	all | all_sites | derived in Cx_pallens+Cx_quinquefasciatus | n_sites		34802	results/phylo/rooted/rooting_site_patterns.tsv
rooting_patterns	all | all_sites | derived in Cx_pallens+Cx_quinquefasciatus | per_100_loci		508.4	results/phylo/rooted/rooting_site_patterns.tsv
rooting_patterns	all | all_sites | derived in Cx_pipiens+Cx_quinquefasciatus | n_sites		8008	results/phylo/rooted/rooting_site_patterns.tsv
rooting_patterns	all | all_sites | derived in Cx_pipiens+Cx_quinquefasciatus | per_100_loci		117.0	results/phylo/rooted/rooting_site_patterns.tsv
rooting_patterns	all | all_sites | derived in Cx_molestus+Cx_pallens+Cx_pipiens | n_sites		149391	results/phylo/rooted/rooting_site_patterns.tsv
rooting_patterns	all | all_sites | derived in Cx_molestus+Cx_pallens+Cx_pipiens | per_100_loci		2182.2	results/phylo/rooted/rooting_site_patterns.tsv
rooting_patterns	all | all_sites | derived in Cx_molestus+Cx_pallens+Cx_quinquefasciatus | n_sites		25419	results/phylo/rooted/rooting_site_patterns.tsv
rooting_patterns	all | all_sites | derived in Cx_molestus+Cx_pallens+Cx_quinquefasciatus | per_100_loci		371.3	results/phylo/rooted/rooting_site_patterns.tsv
rooting_patterns	all | all_sites | derived in Cx_molestus+Cx_pipiens+Cx_quinquefasciatus | n_sites		19218	results/phylo/rooted/rooting_site_patterns.tsv
rooting_patterns	all | all_sites | derived in Cx_molestus+Cx_pipiens+Cx_quinquefasciatus | per_100_loci		280.7	results/phylo/rooted/rooting_site_patterns.tsv
rooting_patterns	all | all_sites | derived in Cx_pallens+Cx_pipiens+Cx_quinquefasciatus | n_sites		20938	results/phylo/rooted/rooting_site_patterns.tsv
rooting_patterns	all | all_sites | derived in Cx_pallens+Cx_pipiens+Cx_quinquefasciatus | per_100_loci		305.8	results/phylo/rooted/rooting_site_patterns.tsv
rooting_patterns	all | third_positions | derived in Cx_molestus+Cx_pallens | n_sites		13900	results/phylo/rooted/rooting_site_patterns.tsv
rooting_patterns	all | third_positions | derived in Cx_molestus+Cx_pallens | per_100_loci		203.0	results/phylo/rooted/rooting_site_patterns.tsv
rooting_patterns	all | third_positions | derived in Cx_molestus+Cx_pipiens | n_sites		30402	results/phylo/rooted/rooting_site_patterns.tsv
rooting_patterns	all | third_positions | derived in Cx_molestus+Cx_pipiens | per_100_loci		444.1	results/phylo/rooted/rooting_site_patterns.tsv
rooting_patterns	all | third_positions | derived in Cx_molestus+Cx_quinquefasciatus | n_sites		8751	results/phylo/rooted/rooting_site_patterns.tsv
rooting_patterns	all | third_positions | derived in Cx_molestus+Cx_quinquefasciatus | per_100_loci		127.8	results/phylo/rooted/rooting_site_patterns.tsv
rooting_patterns	all | third_positions | derived in Cx_pallens+Cx_pipiens | n_sites		16390	results/phylo/rooted/rooting_site_patterns.tsv
rooting_patterns	all | third_positions | derived in Cx_pallens+Cx_pipiens | per_100_loci		239.4	results/phylo/rooted/rooting_site_patterns.tsv
rooting_patterns	all | third_positions | derived in Cx_pallens+Cx_quinquefasciatus | n_sites		28007	results/phylo/rooted/rooting_site_patterns.tsv
rooting_patterns	all | third_positions | derived in Cx_pallens+Cx_quinquefasciatus | per_100_loci		409.1	results/phylo/rooted/rooting_site_patterns.tsv
rooting_patterns	all | third_positions | derived in Cx_pipiens+Cx_quinquefasciatus | n_sites		6362	results/phylo/rooted/rooting_site_patterns.tsv
rooting_patterns	all | third_positions | derived in Cx_pipiens+Cx_quinquefasciatus | per_100_loci		92.9	results/phylo/rooted/rooting_site_patterns.tsv
rooting_patterns	all | third_positions | derived in Cx_molestus+Cx_pallens+Cx_pipiens | n_sites		62066	results/phylo/rooted/rooting_site_patterns.tsv
rooting_patterns	all | third_positions | derived in Cx_molestus+Cx_pallens+Cx_pipiens | per_100_loci		906.6	results/phylo/rooted/rooting_site_patterns.tsv
rooting_patterns	all | third_positions | derived in Cx_molestus+Cx_pallens+Cx_quinquefasciatus | n_sites		20671	results/phylo/rooted/rooting_site_patterns.tsv
rooting_patterns	all | third_positions | derived in Cx_molestus+Cx_pallens+Cx_quinquefasciatus | per_100_loci		301.9	results/phylo/rooted/rooting_site_patterns.tsv
rooting_patterns	all | third_positions | derived in Cx_molestus+Cx_pipiens+Cx_quinquefasciatus | n_sites		15359	results/phylo/rooted/rooting_site_patterns.tsv
rooting_patterns	all | third_positions | derived in Cx_molestus+Cx_pipiens+Cx_quinquefasciatus | per_100_loci		224.3	results/phylo/rooted/rooting_site_patterns.tsv
rooting_patterns	all | third_positions | derived in Cx_pallens+Cx_pipiens+Cx_quinquefasciatus | n_sites		16937	results/phylo/rooted/rooting_site_patterns.tsv
rooting_patterns	all | third_positions | derived in Cx_pallens+Cx_pipiens+Cx_quinquefasciatus | per_100_loci		247.4	results/phylo/rooted/rooting_site_patterns.tsv
rooting_patterns	intact | n_loci		4592	results/phylo/rooted/rooting_site_patterns.tsv
rooting_patterns	intact | all_sites | derived in Cx_molestus+Cx_pallens | n_sites		4541	results/phylo/rooted/rooting_site_patterns.tsv
rooting_patterns	intact | all_sites | derived in Cx_molestus+Cx_pallens | per_100_loci		98.9	results/phylo/rooted/rooting_site_patterns.tsv
rooting_patterns	intact | all_sites | derived in Cx_molestus+Cx_pipiens | n_sites		21371	results/phylo/rooted/rooting_site_patterns.tsv
rooting_patterns	intact | all_sites | derived in Cx_molestus+Cx_pipiens | per_100_loci		465.4	results/phylo/rooted/rooting_site_patterns.tsv
rooting_patterns	intact | all_sites | derived in Cx_molestus+Cx_quinquefasciatus | n_sites		6451	results/phylo/rooted/rooting_site_patterns.tsv
rooting_patterns	intact | all_sites | derived in Cx_molestus+Cx_quinquefasciatus | per_100_loci		140.5	results/phylo/rooted/rooting_site_patterns.tsv
rooting_patterns	intact | all_sites | derived in Cx_pallens+Cx_pipiens | n_sites		6010	results/phylo/rooted/rooting_site_patterns.tsv
rooting_patterns	intact | all_sites | derived in Cx_pallens+Cx_pipiens | per_100_loci		130.9	results/phylo/rooted/rooting_site_patterns.tsv
rooting_patterns	intact | all_sites | derived in Cx_pallens+Cx_quinquefasciatus | n_sites		23264	results/phylo/rooted/rooting_site_patterns.tsv
rooting_patterns	intact | all_sites | derived in Cx_pallens+Cx_quinquefasciatus | per_100_loci		506.6	results/phylo/rooted/rooting_site_patterns.tsv
rooting_patterns	intact | all_sites | derived in Cx_pipiens+Cx_quinquefasciatus | n_sites		4181	results/phylo/rooted/rooting_site_patterns.tsv
rooting_patterns	intact | all_sites | derived in Cx_pipiens+Cx_quinquefasciatus | per_100_loci		91.0	results/phylo/rooted/rooting_site_patterns.tsv
rooting_patterns	intact | all_sites | derived in Cx_molestus+Cx_pallens+Cx_pipiens | n_sites		19286	results/phylo/rooted/rooting_site_patterns.tsv
rooting_patterns	intact | all_sites | derived in Cx_molestus+Cx_pallens+Cx_pipiens | per_100_loci		420.0	results/phylo/rooted/rooting_site_patterns.tsv
rooting_patterns	intact | all_sites | derived in Cx_molestus+Cx_pallens+Cx_quinquefasciatus | n_sites		15063	results/phylo/rooted/rooting_site_patterns.tsv
rooting_patterns	intact | all_sites | derived in Cx_molestus+Cx_pallens+Cx_quinquefasciatus | per_100_loci		328.0	results/phylo/rooted/rooting_site_patterns.tsv
rooting_patterns	intact | all_sites | derived in Cx_molestus+Cx_pipiens+Cx_quinquefasciatus | n_sites		11571	results/phylo/rooted/rooting_site_patterns.tsv
rooting_patterns	intact | all_sites | derived in Cx_molestus+Cx_pipiens+Cx_quinquefasciatus | per_100_loci		252.0	results/phylo/rooted/rooting_site_patterns.tsv
rooting_patterns	intact | all_sites | derived in Cx_pallens+Cx_pipiens+Cx_quinquefasciatus | n_sites		12072	results/phylo/rooted/rooting_site_patterns.tsv
rooting_patterns	intact | all_sites | derived in Cx_pallens+Cx_pipiens+Cx_quinquefasciatus | per_100_loci		262.9	results/phylo/rooted/rooting_site_patterns.tsv
rooting_patterns	intact | third_positions | derived in Cx_molestus+Cx_pallens | n_sites		3765	results/phylo/rooted/rooting_site_patterns.tsv
rooting_patterns	intact | third_positions | derived in Cx_molestus+Cx_pallens | per_100_loci		82.0	results/phylo/rooted/rooting_site_patterns.tsv
rooting_patterns	intact | third_positions | derived in Cx_molestus+Cx_pipiens | n_sites		17050	results/phylo/rooted/rooting_site_patterns.tsv
rooting_patterns	intact | third_positions | derived in Cx_molestus+Cx_pipiens | per_100_loci		371.3	results/phylo/rooted/rooting_site_patterns.tsv
rooting_patterns	intact | third_positions | derived in Cx_molestus+Cx_quinquefasciatus | n_sites		5339	results/phylo/rooted/rooting_site_patterns.tsv
rooting_patterns	intact | third_positions | derived in Cx_molestus+Cx_quinquefasciatus | per_100_loci		116.3	results/phylo/rooted/rooting_site_patterns.tsv
rooting_patterns	intact | third_positions | derived in Cx_pallens+Cx_pipiens | n_sites		4937	results/phylo/rooted/rooting_site_patterns.tsv
rooting_patterns	intact | third_positions | derived in Cx_pallens+Cx_pipiens | per_100_loci		107.5	results/phylo/rooted/rooting_site_patterns.tsv
rooting_patterns	intact | third_positions | derived in Cx_pallens+Cx_quinquefasciatus | n_sites		18941	results/phylo/rooted/rooting_site_patterns.tsv
rooting_patterns	intact | third_positions | derived in Cx_pallens+Cx_quinquefasciatus | per_100_loci		412.5	results/phylo/rooted/rooting_site_patterns.tsv
rooting_patterns	intact | third_positions | derived in Cx_pipiens+Cx_quinquefasciatus | n_sites		3517	results/phylo/rooted/rooting_site_patterns.tsv
rooting_patterns	intact | third_positions | derived in Cx_pipiens+Cx_quinquefasciatus | per_100_loci		76.6	results/phylo/rooted/rooting_site_patterns.tsv
rooting_patterns	intact | third_positions | derived in Cx_molestus+Cx_pallens+Cx_pipiens | n_sites		15647	results/phylo/rooted/rooting_site_patterns.tsv
rooting_patterns	intact | third_positions | derived in Cx_molestus+Cx_pallens+Cx_pipiens | per_100_loci		340.7	results/phylo/rooted/rooting_site_patterns.tsv
rooting_patterns	intact | third_positions | derived in Cx_molestus+Cx_pallens+Cx_quinquefasciatus | n_sites		12712	results/phylo/rooted/rooting_site_patterns.tsv
rooting_patterns	intact | third_positions | derived in Cx_molestus+Cx_pallens+Cx_quinquefasciatus | per_100_loci		276.8	results/phylo/rooted/rooting_site_patterns.tsv
rooting_patterns	intact | third_positions | derived in Cx_molestus+Cx_pipiens+Cx_quinquefasciatus | n_sites		9490	results/phylo/rooted/rooting_site_patterns.tsv
rooting_patterns	intact | third_positions | derived in Cx_molestus+Cx_pipiens+Cx_quinquefasciatus | per_100_loci		206.7	results/phylo/rooted/rooting_site_patterns.tsv
rooting_patterns	intact | third_positions | derived in Cx_pallens+Cx_pipiens+Cx_quinquefasciatus | n_sites		10186	results/phylo/rooted/rooting_site_patterns.tsv
rooting_patterns	intact | third_positions | derived in Cx_pallens+Cx_pipiens+Cx_quinquefasciatus | per_100_loci		221.8	results/phylo/rooted/rooting_site_patterns.tsv
rooting_patterns	not intact | n_loci		2254	results/phylo/rooted/rooting_site_patterns.tsv
rooting_patterns	not intact | all_sites | derived in Cx_molestus+Cx_pallens | n_sites		29219	results/phylo/rooted/rooting_site_patterns.tsv
rooting_patterns	not intact | all_sites | derived in Cx_molestus+Cx_pallens | per_100_loci		1296.3	results/phylo/rooted/rooting_site_patterns.tsv
rooting_patterns	not intact | all_sites | derived in Cx_molestus+Cx_pipiens | n_sites		27930	results/phylo/rooted/rooting_site_patterns.tsv
rooting_patterns	not intact | all_sites | derived in Cx_molestus+Cx_pipiens | per_100_loci		1239.1	results/phylo/rooted/rooting_site_patterns.tsv
rooting_patterns	not intact | all_sites | derived in Cx_molestus+Cx_quinquefasciatus | n_sites		4460	results/phylo/rooted/rooting_site_patterns.tsv
rooting_patterns	not intact | all_sites | derived in Cx_molestus+Cx_quinquefasciatus | per_100_loci		197.9	results/phylo/rooted/rooting_site_patterns.tsv
rooting_patterns	not intact | all_sites | derived in Cx_pallens+Cx_pipiens | n_sites		32500	results/phylo/rooted/rooting_site_patterns.tsv
rooting_patterns	not intact | all_sites | derived in Cx_pallens+Cx_pipiens | per_100_loci		1441.9	results/phylo/rooted/rooting_site_patterns.tsv
rooting_patterns	not intact | all_sites | derived in Cx_pallens+Cx_quinquefasciatus | n_sites		11538	results/phylo/rooted/rooting_site_patterns.tsv
rooting_patterns	not intact | all_sites | derived in Cx_pallens+Cx_quinquefasciatus | per_100_loci		511.9	results/phylo/rooted/rooting_site_patterns.tsv
rooting_patterns	not intact | all_sites | derived in Cx_pipiens+Cx_quinquefasciatus | n_sites		3827	results/phylo/rooted/rooting_site_patterns.tsv
rooting_patterns	not intact | all_sites | derived in Cx_pipiens+Cx_quinquefasciatus | per_100_loci		169.8	results/phylo/rooted/rooting_site_patterns.tsv
rooting_patterns	not intact | all_sites | derived in Cx_molestus+Cx_pallens+Cx_pipiens | n_sites		130105	results/phylo/rooted/rooting_site_patterns.tsv
rooting_patterns	not intact | all_sites | derived in Cx_molestus+Cx_pallens+Cx_pipiens | per_100_loci		5772.2	results/phylo/rooted/rooting_site_patterns.tsv
rooting_patterns	not intact | all_sites | derived in Cx_molestus+Cx_pallens+Cx_quinquefasciatus | n_sites		10356	results/phylo/rooted/rooting_site_patterns.tsv
rooting_patterns	not intact | all_sites | derived in Cx_molestus+Cx_pallens+Cx_quinquefasciatus | per_100_loci		459.4	results/phylo/rooted/rooting_site_patterns.tsv
rooting_patterns	not intact | all_sites | derived in Cx_molestus+Cx_pipiens+Cx_quinquefasciatus | n_sites		7647	results/phylo/rooted/rooting_site_patterns.tsv
rooting_patterns	not intact | all_sites | derived in Cx_molestus+Cx_pipiens+Cx_quinquefasciatus | per_100_loci		339.3	results/phylo/rooted/rooting_site_patterns.tsv
rooting_patterns	not intact | all_sites | derived in Cx_pallens+Cx_pipiens+Cx_quinquefasciatus | n_sites		8866	results/phylo/rooted/rooting_site_patterns.tsv
rooting_patterns	not intact | all_sites | derived in Cx_pallens+Cx_pipiens+Cx_quinquefasciatus | per_100_loci		393.3	results/phylo/rooted/rooting_site_patterns.tsv
rooting_patterns	not intact | third_positions | derived in Cx_molestus+Cx_pallens | n_sites		10135	results/phylo/rooted/rooting_site_patterns.tsv
rooting_patterns	not intact | third_positions | derived in Cx_molestus+Cx_pallens | per_100_loci		449.6	results/phylo/rooted/rooting_site_patterns.tsv
rooting_patterns	not intact | third_positions | derived in Cx_molestus+Cx_pipiens | n_sites		13352	results/phylo/rooted/rooting_site_patterns.tsv
rooting_patterns	not intact | third_positions | derived in Cx_molestus+Cx_pipiens | per_100_loci		592.4	results/phylo/rooted/rooting_site_patterns.tsv
rooting_patterns	not intact | third_positions | derived in Cx_molestus+Cx_quinquefasciatus | n_sites		3412	results/phylo/rooted/rooting_site_patterns.tsv
rooting_patterns	not intact | third_positions | derived in Cx_molestus+Cx_quinquefasciatus | per_100_loci		151.4	results/phylo/rooted/rooting_site_patterns.tsv
rooting_patterns	not intact | third_positions | derived in Cx_pallens+Cx_pipiens | n_sites		11453	results/phylo/rooted/rooting_site_patterns.tsv
rooting_patterns	not intact | third_positions | derived in Cx_pallens+Cx_pipiens | per_100_loci		508.1	results/phylo/rooted/rooting_site_patterns.tsv
rooting_patterns	not intact | third_positions | derived in Cx_pallens+Cx_quinquefasciatus | n_sites		9066	results/phylo/rooted/rooting_site_patterns.tsv
rooting_patterns	not intact | third_positions | derived in Cx_pallens+Cx_quinquefasciatus | per_100_loci		402.2	results/phylo/rooted/rooting_site_patterns.tsv
rooting_patterns	not intact | third_positions | derived in Cx_pipiens+Cx_quinquefasciatus | n_sites		2845	results/phylo/rooted/rooting_site_patterns.tsv
rooting_patterns	not intact | third_positions | derived in Cx_pipiens+Cx_quinquefasciatus | per_100_loci		126.2	results/phylo/rooted/rooting_site_patterns.tsv
rooting_patterns	not intact | third_positions | derived in Cx_molestus+Cx_pallens+Cx_pipiens | n_sites		46419	results/phylo/rooted/rooting_site_patterns.tsv
rooting_patterns	not intact | third_positions | derived in Cx_molestus+Cx_pallens+Cx_pipiens | per_100_loci		2059.4	results/phylo/rooted/rooting_site_patterns.tsv
rooting_patterns	not intact | third_positions | derived in Cx_molestus+Cx_pallens+Cx_quinquefasciatus | n_sites		7959	results/phylo/rooted/rooting_site_patterns.tsv
rooting_patterns	not intact | third_positions | derived in Cx_molestus+Cx_pallens+Cx_quinquefasciatus | per_100_loci		353.1	results/phylo/rooted/rooting_site_patterns.tsv
rooting_patterns	not intact | third_positions | derived in Cx_molestus+Cx_pipiens+Cx_quinquefasciatus | n_sites		5869	results/phylo/rooted/rooting_site_patterns.tsv
rooting_patterns	not intact | third_positions | derived in Cx_molestus+Cx_pipiens+Cx_quinquefasciatus | per_100_loci		260.4	results/phylo/rooted/rooting_site_patterns.tsv
rooting_patterns	not intact | third_positions | derived in Cx_pallens+Cx_pipiens+Cx_quinquefasciatus | n_sites		6751	results/phylo/rooted/rooting_site_patterns.tsv
rooting_patterns	not intact | third_positions | derived in Cx_pallens+Cx_pipiens+Cx_quinquefasciatus | per_100_loci		299.5	results/phylo/rooted/rooting_site_patterns.tsv
rooting_patterns	not intact: RefSeq exception | n_loci		408	results/phylo/rooted/rooting_site_patterns.tsv
rooting_patterns	not intact: RefSeq exception | all_sites | derived in Cx_molestus+Cx_pallens | n_sites		15797	results/phylo/rooted/rooting_site_patterns.tsv
rooting_patterns	not intact: RefSeq exception | all_sites | derived in Cx_molestus+Cx_pallens | per_100_loci		3871.8	results/phylo/rooted/rooting_site_patterns.tsv
rooting_patterns	not intact: RefSeq exception | all_sites | derived in Cx_molestus+Cx_pipiens | n_sites		9316	results/phylo/rooted/rooting_site_patterns.tsv
rooting_patterns	not intact: RefSeq exception | all_sites | derived in Cx_molestus+Cx_pipiens | per_100_loci		2283.3	results/phylo/rooted/rooting_site_patterns.tsv
rooting_patterns	not intact: RefSeq exception | all_sites | derived in Cx_molestus+Cx_quinquefasciatus | n_sites		1574	results/phylo/rooted/rooting_site_patterns.tsv
rooting_patterns	not intact: RefSeq exception | all_sites | derived in Cx_molestus+Cx_quinquefasciatus | per_100_loci		385.8	results/phylo/rooted/rooting_site_patterns.tsv
rooting_patterns	not intact: RefSeq exception | all_sites | derived in Cx_pallens+Cx_pipiens | n_sites		21998	results/phylo/rooted/rooting_site_patterns.tsv
rooting_patterns	not intact: RefSeq exception | all_sites | derived in Cx_pallens+Cx_pipiens | per_100_loci		5391.7	results/phylo/rooted/rooting_site_patterns.tsv
rooting_patterns	not intact: RefSeq exception | all_sites | derived in Cx_pallens+Cx_quinquefasciatus | n_sites		2386	results/phylo/rooted/rooting_site_patterns.tsv
rooting_patterns	not intact: RefSeq exception | all_sites | derived in Cx_pallens+Cx_quinquefasciatus | per_100_loci		584.8	results/phylo/rooted/rooting_site_patterns.tsv
rooting_patterns	not intact: RefSeq exception | all_sites | derived in Cx_pipiens+Cx_quinquefasciatus | n_sites		1152	results/phylo/rooted/rooting_site_patterns.tsv
rooting_patterns	not intact: RefSeq exception | all_sites | derived in Cx_pipiens+Cx_quinquefasciatus | per_100_loci		282.4	results/phylo/rooted/rooting_site_patterns.tsv
rooting_patterns	not intact: RefSeq exception | all_sites | derived in Cx_molestus+Cx_pallens+Cx_pipiens | n_sites		104286	results/phylo/rooted/rooting_site_patterns.tsv
rooting_patterns	not intact: RefSeq exception | all_sites | derived in Cx_molestus+Cx_pallens+Cx_pipiens | per_100_loci		25560.3	results/phylo/rooted/rooting_site_patterns.tsv
rooting_patterns	not intact: RefSeq exception | all_sites | derived in Cx_molestus+Cx_pallens+Cx_quinquefasciatus | n_sites		1945	results/phylo/rooted/rooting_site_patterns.tsv
rooting_patterns	not intact: RefSeq exception | all_sites | derived in Cx_molestus+Cx_pallens+Cx_quinquefasciatus | per_100_loci		476.7	results/phylo/rooted/rooting_site_patterns.tsv
rooting_patterns	not intact: RefSeq exception | all_sites | derived in Cx_molestus+Cx_pipiens+Cx_quinquefasciatus | n_sites		1263	results/phylo/rooted/rooting_site_patterns.tsv
rooting_patterns	not intact: RefSeq exception | all_sites | derived in Cx_molestus+Cx_pipiens+Cx_quinquefasciatus | per_100_loci		309.6	results/phylo/rooted/rooting_site_patterns.tsv
rooting_patterns	not intact: RefSeq exception | all_sites | derived in Cx_pallens+Cx_pipiens+Cx_quinquefasciatus | n_sites		2168	results/phylo/rooted/rooting_site_patterns.tsv
rooting_patterns	not intact: RefSeq exception | all_sites | derived in Cx_pallens+Cx_pipiens+Cx_quinquefasciatus | per_100_loci		531.4	results/phylo/rooted/rooting_site_patterns.tsv
rooting_patterns	not intact: RefSeq exception | third_positions | derived in Cx_molestus+Cx_pallens | n_sites		4923	results/phylo/rooted/rooting_site_patterns.tsv
rooting_patterns	not intact: RefSeq exception | third_positions | derived in Cx_molestus+Cx_pallens | per_100_loci		1206.6	results/phylo/rooted/rooting_site_patterns.tsv
rooting_patterns	not intact: RefSeq exception | third_positions | derived in Cx_molestus+Cx_pipiens | n_sites		3713	results/phylo/rooted/rooting_site_patterns.tsv
rooting_patterns	not intact: RefSeq exception | third_positions | derived in Cx_molestus+Cx_pipiens | per_100_loci		910.0	results/phylo/rooted/rooting_site_patterns.tsv
rooting_patterns	not intact: RefSeq exception | third_positions | derived in Cx_molestus+Cx_quinquefasciatus | n_sites		1211	results/phylo/rooted/rooting_site_patterns.tsv
rooting_patterns	not intact: RefSeq exception | third_positions | derived in Cx_molestus+Cx_quinquefasciatus | per_100_loci		296.8	results/phylo/rooted/rooting_site_patterns.tsv
rooting_patterns	not intact: RefSeq exception | third_positions | derived in Cx_pallens+Cx_pipiens | n_sites		6901	results/phylo/rooted/rooting_site_patterns.tsv
rooting_patterns	not intact: RefSeq exception | third_positions | derived in Cx_pallens+Cx_pipiens | per_100_loci		1691.4	results/phylo/rooted/rooting_site_patterns.tsv
rooting_patterns	not intact: RefSeq exception | third_positions | derived in Cx_pallens+Cx_quinquefasciatus | n_sites		1921	results/phylo/rooted/rooting_site_patterns.tsv
rooting_patterns	not intact: RefSeq exception | third_positions | derived in Cx_pallens+Cx_quinquefasciatus | per_100_loci		470.8	results/phylo/rooted/rooting_site_patterns.tsv
rooting_patterns	not intact: RefSeq exception | third_positions | derived in Cx_pipiens+Cx_quinquefasciatus | n_sites		854	results/phylo/rooted/rooting_site_patterns.tsv
rooting_patterns	not intact: RefSeq exception | third_positions | derived in Cx_pipiens+Cx_quinquefasciatus | per_100_loci		209.3	results/phylo/rooted/rooting_site_patterns.tsv
rooting_patterns	not intact: RefSeq exception | third_positions | derived in Cx_molestus+Cx_pallens+Cx_pipiens | n_sites		34599	results/phylo/rooted/rooting_site_patterns.tsv
rooting_patterns	not intact: RefSeq exception | third_positions | derived in Cx_molestus+Cx_pallens+Cx_pipiens | per_100_loci		8480.1	results/phylo/rooted/rooting_site_patterns.tsv
rooting_patterns	not intact: RefSeq exception | third_positions | derived in Cx_molestus+Cx_pallens+Cx_quinquefasciatus | n_sites		1546	results/phylo/rooted/rooting_site_patterns.tsv
rooting_patterns	not intact: RefSeq exception | third_positions | derived in Cx_molestus+Cx_pallens+Cx_quinquefasciatus | per_100_loci		378.9	results/phylo/rooted/rooting_site_patterns.tsv
rooting_patterns	not intact: RefSeq exception | third_positions | derived in Cx_molestus+Cx_pipiens+Cx_quinquefasciatus | n_sites		992	results/phylo/rooted/rooting_site_patterns.tsv
rooting_patterns	not intact: RefSeq exception | third_positions | derived in Cx_molestus+Cx_pipiens+Cx_quinquefasciatus | per_100_loci		243.1	results/phylo/rooted/rooting_site_patterns.tsv
rooting_patterns	not intact: RefSeq exception | third_positions | derived in Cx_pallens+Cx_pipiens+Cx_quinquefasciatus | n_sites		1665	results/phylo/rooted/rooting_site_patterns.tsv
rooting_patterns	not intact: RefSeq exception | third_positions | derived in Cx_pallens+Cx_pipiens+Cx_quinquefasciatus | per_100_loci		408.1	results/phylo/rooted/rooting_site_patterns.tsv
rooting_patterns	not intact: invalid ORF: Cx_molestus | n_loci		385	results/phylo/rooted/rooting_site_patterns.tsv
rooting_patterns	not intact: invalid ORF: Cx_molestus | all_sites | derived in Cx_molestus+Cx_pallens | n_sites		368	results/phylo/rooted/rooting_site_patterns.tsv
rooting_patterns	not intact: invalid ORF: Cx_molestus | all_sites | derived in Cx_molestus+Cx_pallens | per_100_loci		95.6	results/phylo/rooted/rooting_site_patterns.tsv
rooting_patterns	not intact: invalid ORF: Cx_molestus | all_sites | derived in Cx_molestus+Cx_pipiens | n_sites		1470	results/phylo/rooted/rooting_site_patterns.tsv
rooting_patterns	not intact: invalid ORF: Cx_molestus | all_sites | derived in Cx_molestus+Cx_pipiens | per_100_loci		381.8	results/phylo/rooted/rooting_site_patterns.tsv
rooting_patterns	not intact: invalid ORF: Cx_molestus | all_sites | derived in Cx_molestus+Cx_quinquefasciatus | n_sites		629	results/phylo/rooted/rooting_site_patterns.tsv
rooting_patterns	not intact: invalid ORF: Cx_molestus | all_sites | derived in Cx_molestus+Cx_quinquefasciatus | per_100_loci		163.4	results/phylo/rooted/rooting_site_patterns.tsv
rooting_patterns	not intact: invalid ORF: Cx_molestus | all_sites | derived in Cx_pallens+Cx_pipiens | n_sites		521	results/phylo/rooted/rooting_site_patterns.tsv
rooting_patterns	not intact: invalid ORF: Cx_molestus | all_sites | derived in Cx_pallens+Cx_pipiens | per_100_loci		135.3	results/phylo/rooted/rooting_site_patterns.tsv
rooting_patterns	not intact: invalid ORF: Cx_molestus | all_sites | derived in Cx_pallens+Cx_quinquefasciatus | n_sites		1594	results/phylo/rooted/rooting_site_patterns.tsv
rooting_patterns	not intact: invalid ORF: Cx_molestus | all_sites | derived in Cx_pallens+Cx_quinquefasciatus | per_100_loci		414.0	results/phylo/rooted/rooting_site_patterns.tsv
rooting_patterns	not intact: invalid ORF: Cx_molestus | all_sites | derived in Cx_pipiens+Cx_quinquefasciatus | n_sites		386	results/phylo/rooted/rooting_site_patterns.tsv
rooting_patterns	not intact: invalid ORF: Cx_molestus | all_sites | derived in Cx_pipiens+Cx_quinquefasciatus | per_100_loci		100.3	results/phylo/rooted/rooting_site_patterns.tsv
rooting_patterns	not intact: invalid ORF: Cx_molestus | all_sites | derived in Cx_molestus+Cx_pallens+Cx_pipiens | n_sites		1419	results/phylo/rooted/rooting_site_patterns.tsv
rooting_patterns	not intact: invalid ORF: Cx_molestus | all_sites | derived in Cx_molestus+Cx_pallens+Cx_pipiens | per_100_loci		368.6	results/phylo/rooted/rooting_site_patterns.tsv
rooting_patterns	not intact: invalid ORF: Cx_molestus | all_sites | derived in Cx_molestus+Cx_pallens+Cx_quinquefasciatus | n_sites		1051	results/phylo/rooted/rooting_site_patterns.tsv
rooting_patterns	not intact: invalid ORF: Cx_molestus | all_sites | derived in Cx_molestus+Cx_pallens+Cx_quinquefasciatus | per_100_loci		273.0	results/phylo/rooted/rooting_site_patterns.tsv
rooting_patterns	not intact: invalid ORF: Cx_molestus | all_sites | derived in Cx_molestus+Cx_pipiens+Cx_quinquefasciatus | n_sites		854	results/phylo/rooted/rooting_site_patterns.tsv
rooting_patterns	not intact: invalid ORF: Cx_molestus | all_sites | derived in Cx_molestus+Cx_pipiens+Cx_quinquefasciatus | per_100_loci		221.8	results/phylo/rooted/rooting_site_patterns.tsv
rooting_patterns	not intact: invalid ORF: Cx_molestus | all_sites | derived in Cx_pallens+Cx_pipiens+Cx_quinquefasciatus | n_sites		2115	results/phylo/rooted/rooting_site_patterns.tsv
rooting_patterns	not intact: invalid ORF: Cx_molestus | all_sites | derived in Cx_pallens+Cx_pipiens+Cx_quinquefasciatus | per_100_loci		549.4	results/phylo/rooted/rooting_site_patterns.tsv
rooting_patterns	not intact: invalid ORF: Cx_molestus | third_positions | derived in Cx_molestus+Cx_pallens | n_sites		299	results/phylo/rooted/rooting_site_patterns.tsv
rooting_patterns	not intact: invalid ORF: Cx_molestus | third_positions | derived in Cx_molestus+Cx_pallens | per_100_loci		77.7	results/phylo/rooted/rooting_site_patterns.tsv
rooting_patterns	not intact: invalid ORF: Cx_molestus | third_positions | derived in Cx_molestus+Cx_pipiens | n_sites		1159	results/phylo/rooted/rooting_site_patterns.tsv
rooting_patterns	not intact: invalid ORF: Cx_molestus | third_positions | derived in Cx_molestus+Cx_pipiens | per_100_loci		301.0	results/phylo/rooted/rooting_site_patterns.tsv
rooting_patterns	not intact: invalid ORF: Cx_molestus | third_positions | derived in Cx_molestus+Cx_quinquefasciatus | n_sites		477	results/phylo/rooted/rooting_site_patterns.tsv
rooting_patterns	not intact: invalid ORF: Cx_molestus | third_positions | derived in Cx_molestus+Cx_quinquefasciatus | per_100_loci		123.9	results/phylo/rooted/rooting_site_patterns.tsv
rooting_patterns	not intact: invalid ORF: Cx_molestus | third_positions | derived in Cx_pallens+Cx_pipiens | n_sites		427	results/phylo/rooted/rooting_site_patterns.tsv
rooting_patterns	not intact: invalid ORF: Cx_molestus | third_positions | derived in Cx_pallens+Cx_pipiens | per_100_loci		110.9	results/phylo/rooted/rooting_site_patterns.tsv
rooting_patterns	not intact: invalid ORF: Cx_molestus | third_positions | derived in Cx_pallens+Cx_quinquefasciatus | n_sites		1289	results/phylo/rooted/rooting_site_patterns.tsv
rooting_patterns	not intact: invalid ORF: Cx_molestus | third_positions | derived in Cx_pallens+Cx_quinquefasciatus | per_100_loci		334.8	results/phylo/rooted/rooting_site_patterns.tsv
rooting_patterns	not intact: invalid ORF: Cx_molestus | third_positions | derived in Cx_pipiens+Cx_quinquefasciatus | n_sites		323	results/phylo/rooted/rooting_site_patterns.tsv
rooting_patterns	not intact: invalid ORF: Cx_molestus | third_positions | derived in Cx_pipiens+Cx_quinquefasciatus | per_100_loci		83.9	results/phylo/rooted/rooting_site_patterns.tsv
rooting_patterns	not intact: invalid ORF: Cx_molestus | third_positions | derived in Cx_molestus+Cx_pallens+Cx_pipiens | n_sites		1104	results/phylo/rooted/rooting_site_patterns.tsv
rooting_patterns	not intact: invalid ORF: Cx_molestus | third_positions | derived in Cx_molestus+Cx_pallens+Cx_pipiens | per_100_loci		286.8	results/phylo/rooted/rooting_site_patterns.tsv
rooting_patterns	not intact: invalid ORF: Cx_molestus | third_positions | derived in Cx_molestus+Cx_pallens+Cx_quinquefasciatus | n_sites		875	results/phylo/rooted/rooting_site_patterns.tsv
rooting_patterns	not intact: invalid ORF: Cx_molestus | third_positions | derived in Cx_molestus+Cx_pallens+Cx_quinquefasciatus | per_100_loci		227.3	results/phylo/rooted/rooting_site_patterns.tsv
rooting_patterns	not intact: invalid ORF: Cx_molestus | third_positions | derived in Cx_molestus+Cx_pipiens+Cx_quinquefasciatus | n_sites		675	results/phylo/rooted/rooting_site_patterns.tsv
rooting_patterns	not intact: invalid ORF: Cx_molestus | third_positions | derived in Cx_molestus+Cx_pipiens+Cx_quinquefasciatus | per_100_loci		175.3	results/phylo/rooted/rooting_site_patterns.tsv
rooting_patterns	not intact: invalid ORF: Cx_molestus | third_positions | derived in Cx_pallens+Cx_pipiens+Cx_quinquefasciatus | n_sites		1499	results/phylo/rooted/rooting_site_patterns.tsv
rooting_patterns	not intact: invalid ORF: Cx_molestus | third_positions | derived in Cx_pallens+Cx_pipiens+Cx_quinquefasciatus | per_100_loci		389.4	results/phylo/rooted/rooting_site_patterns.tsv
rooting_patterns	not intact: invalid ORF: Cx_molestus,Cx_pallens,Cx_pipiens | n_loci		381	results/phylo/rooted/rooting_site_patterns.tsv
rooting_patterns	not intact: invalid ORF: Cx_molestus,Cx_pallens,Cx_pipiens | all_sites | derived in Cx_molestus+Cx_pallens | n_sites		5049	results/phylo/rooted/rooting_site_patterns.tsv
rooting_patterns	not intact: invalid ORF: Cx_molestus,Cx_pallens,Cx_pipiens | all_sites | derived in Cx_molestus+Cx_pallens | per_100_loci		1325.2	results/phylo/rooted/rooting_site_patterns.tsv
rooting_patterns	not intact: invalid ORF: Cx_molestus,Cx_pallens,Cx_pipiens | all_sites | derived in Cx_molestus+Cx_pipiens | n_sites		2879	results/phylo/rooted/rooting_site_patterns.tsv
rooting_patterns	not intact: invalid ORF: Cx_molestus,Cx_pallens,Cx_pipiens | all_sites | derived in Cx_molestus+Cx_pipiens | per_100_loci		755.6	results/phylo/rooted/rooting_site_patterns.tsv
rooting_patterns	not intact: invalid ORF: Cx_molestus,Cx_pallens,Cx_pipiens | all_sites | derived in Cx_molestus+Cx_quinquefasciatus | n_sites		437	results/phylo/rooted/rooting_site_patterns.tsv
rooting_patterns	not intact: invalid ORF: Cx_molestus,Cx_pallens,Cx_pipiens | all_sites | derived in Cx_molestus+Cx_quinquefasciatus | per_100_loci		114.7	results/phylo/rooted/rooting_site_patterns.tsv
rooting_patterns	not intact: invalid ORF: Cx_molestus,Cx_pallens,Cx_pipiens | all_sites | derived in Cx_pallens+Cx_pipiens | n_sites		1751	results/phylo/rooted/rooting_site_patterns.tsv
rooting_patterns	not intact: invalid ORF: Cx_molestus,Cx_pallens,Cx_pipiens | all_sites | derived in Cx_pallens+Cx_pipiens | per_100_loci		459.6	results/phylo/rooted/rooting_site_patterns.tsv
rooting_patterns	not intact: invalid ORF: Cx_molestus,Cx_pallens,Cx_pipiens | all_sites | derived in Cx_pallens+Cx_quinquefasciatus | n_sites		1452	results/phylo/rooted/rooting_site_patterns.tsv
rooting_patterns	not intact: invalid ORF: Cx_molestus,Cx_pallens,Cx_pipiens | all_sites | derived in Cx_pallens+Cx_quinquefasciatus | per_100_loci		381.1	results/phylo/rooted/rooting_site_patterns.tsv
rooting_patterns	not intact: invalid ORF: Cx_molestus,Cx_pallens,Cx_pipiens | all_sites | derived in Cx_pipiens+Cx_quinquefasciatus | n_sites		581	results/phylo/rooted/rooting_site_patterns.tsv
rooting_patterns	not intact: invalid ORF: Cx_molestus,Cx_pallens,Cx_pipiens | all_sites | derived in Cx_pipiens+Cx_quinquefasciatus | per_100_loci		152.5	results/phylo/rooted/rooting_site_patterns.tsv
rooting_patterns	not intact: invalid ORF: Cx_molestus,Cx_pallens,Cx_pipiens | all_sites | derived in Cx_molestus+Cx_pallens+Cx_pipiens | n_sites		20233	results/phylo/rooted/rooting_site_patterns.tsv
rooting_patterns	not intact: invalid ORF: Cx_molestus,Cx_pallens,Cx_pipiens | all_sites | derived in Cx_molestus+Cx_pallens+Cx_pipiens | per_100_loci		5310.5	results/phylo/rooted/rooting_site_patterns.tsv
rooting_patterns	not intact: invalid ORF: Cx_molestus,Cx_pallens,Cx_pipiens | all_sites | derived in Cx_molestus+Cx_pallens+Cx_quinquefasciatus | n_sites		1242	results/phylo/rooted/rooting_site_patterns.tsv
rooting_patterns	not intact: invalid ORF: Cx_molestus,Cx_pallens,Cx_pipiens | all_sites | derived in Cx_molestus+Cx_pallens+Cx_quinquefasciatus | per_100_loci		326.0	results/phylo/rooted/rooting_site_patterns.tsv
rooting_patterns	not intact: invalid ORF: Cx_molestus,Cx_pallens,Cx_pipiens | all_sites | derived in Cx_molestus+Cx_pipiens+Cx_quinquefasciatus | n_sites		821	results/phylo/rooted/rooting_site_patterns.tsv
rooting_patterns	not intact: invalid ORF: Cx_molestus,Cx_pallens,Cx_pipiens | all_sites | derived in Cx_molestus+Cx_pipiens+Cx_quinquefasciatus | per_100_loci		215.5	results/phylo/rooted/rooting_site_patterns.tsv
rooting_patterns	not intact: invalid ORF: Cx_molestus,Cx_pallens,Cx_pipiens | all_sites | derived in Cx_pallens+Cx_pipiens+Cx_quinquefasciatus | n_sites		998	results/phylo/rooted/rooting_site_patterns.tsv
rooting_patterns	not intact: invalid ORF: Cx_molestus,Cx_pallens,Cx_pipiens | all_sites | derived in Cx_pallens+Cx_pipiens+Cx_quinquefasciatus | per_100_loci		261.9	results/phylo/rooted/rooting_site_patterns.tsv
rooting_patterns	not intact: invalid ORF: Cx_molestus,Cx_pallens,Cx_pipiens | third_positions | derived in Cx_molestus+Cx_pallens | n_sites		1753	results/phylo/rooted/rooting_site_patterns.tsv
rooting_patterns	not intact: invalid ORF: Cx_molestus,Cx_pallens,Cx_pipiens | third_positions | derived in Cx_molestus+Cx_pallens | per_100_loci		460.1	results/phylo/rooted/rooting_site_patterns.tsv
rooting_patterns	not intact: invalid ORF: Cx_molestus,Cx_pallens,Cx_pipiens | third_positions | derived in Cx_molestus+Cx_pipiens | n_sites		1503	results/phylo/rooted/rooting_site_patterns.tsv
rooting_patterns	not intact: invalid ORF: Cx_molestus,Cx_pallens,Cx_pipiens | third_positions | derived in Cx_molestus+Cx_pipiens | per_100_loci		394.5	results/phylo/rooted/rooting_site_patterns.tsv
rooting_patterns	not intact: invalid ORF: Cx_molestus,Cx_pallens,Cx_pipiens | third_positions | derived in Cx_molestus+Cx_quinquefasciatus | n_sites		320	results/phylo/rooted/rooting_site_patterns.tsv
rooting_patterns	not intact: invalid ORF: Cx_molestus,Cx_pallens,Cx_pipiens | third_positions | derived in Cx_molestus+Cx_quinquefasciatus | per_100_loci		84.0	results/phylo/rooted/rooting_site_patterns.tsv
rooting_patterns	not intact: invalid ORF: Cx_molestus,Cx_pallens,Cx_pipiens | third_positions | derived in Cx_pallens+Cx_pipiens | n_sites		758	results/phylo/rooted/rooting_site_patterns.tsv
rooting_patterns	not intact: invalid ORF: Cx_molestus,Cx_pallens,Cx_pipiens | third_positions | derived in Cx_pallens+Cx_pipiens | per_100_loci		199.0	results/phylo/rooted/rooting_site_patterns.tsv
rooting_patterns	not intact: invalid ORF: Cx_molestus,Cx_pallens,Cx_pipiens | third_positions | derived in Cx_pallens+Cx_quinquefasciatus | n_sites		1117	results/phylo/rooted/rooting_site_patterns.tsv
rooting_patterns	not intact: invalid ORF: Cx_molestus,Cx_pallens,Cx_pipiens | third_positions | derived in Cx_pallens+Cx_quinquefasciatus | per_100_loci		293.2	results/phylo/rooted/rooting_site_patterns.tsv
rooting_patterns	not intact: invalid ORF: Cx_molestus,Cx_pallens,Cx_pipiens | third_positions | derived in Cx_pipiens+Cx_quinquefasciatus | n_sites		456	results/phylo/rooted/rooting_site_patterns.tsv
rooting_patterns	not intact: invalid ORF: Cx_molestus,Cx_pallens,Cx_pipiens | third_positions | derived in Cx_pipiens+Cx_quinquefasciatus | per_100_loci		119.7	results/phylo/rooted/rooting_site_patterns.tsv
rooting_patterns	not intact: invalid ORF: Cx_molestus,Cx_pallens,Cx_pipiens | third_positions | derived in Cx_molestus+Cx_pallens+Cx_pipiens | n_sites		7416	results/phylo/rooted/rooting_site_patterns.tsv
rooting_patterns	not intact: invalid ORF: Cx_molestus,Cx_pallens,Cx_pipiens | third_positions | derived in Cx_molestus+Cx_pallens+Cx_pipiens | per_100_loci		1946.5	results/phylo/rooted/rooting_site_patterns.tsv
rooting_patterns	not intact: invalid ORF: Cx_molestus,Cx_pallens,Cx_pipiens | third_positions | derived in Cx_molestus+Cx_pallens+Cx_quinquefasciatus | n_sites		945	results/phylo/rooted/rooting_site_patterns.tsv
rooting_patterns	not intact: invalid ORF: Cx_molestus,Cx_pallens,Cx_pipiens | third_positions | derived in Cx_molestus+Cx_pallens+Cx_quinquefasciatus | per_100_loci		248.0	results/phylo/rooted/rooting_site_patterns.tsv
rooting_patterns	not intact: invalid ORF: Cx_molestus,Cx_pallens,Cx_pipiens | third_positions | derived in Cx_molestus+Cx_pipiens+Cx_quinquefasciatus | n_sites		623	results/phylo/rooted/rooting_site_patterns.tsv
rooting_patterns	not intact: invalid ORF: Cx_molestus,Cx_pallens,Cx_pipiens | third_positions | derived in Cx_molestus+Cx_pipiens+Cx_quinquefasciatus | per_100_loci		163.5	results/phylo/rooted/rooting_site_patterns.tsv
rooting_patterns	not intact: invalid ORF: Cx_molestus,Cx_pallens,Cx_pipiens | third_positions | derived in Cx_pallens+Cx_pipiens+Cx_quinquefasciatus | n_sites		742	results/phylo/rooted/rooting_site_patterns.tsv
rooting_patterns	not intact: invalid ORF: Cx_molestus,Cx_pallens,Cx_pipiens | third_positions | derived in Cx_pallens+Cx_pipiens+Cx_quinquefasciatus | per_100_loci		194.8	results/phylo/rooted/rooting_site_patterns.tsv
rooting_patterns	not intact: invalid ORF: Cx_pipiens | n_loci		335	results/phylo/rooted/rooting_site_patterns.tsv
rooting_patterns	not intact: invalid ORF: Cx_pipiens | all_sites | derived in Cx_molestus+Cx_pallens | n_sites		360	results/phylo/rooted/rooting_site_patterns.tsv
rooting_patterns	not intact: invalid ORF: Cx_pipiens | all_sites | derived in Cx_molestus+Cx_pallens | per_100_loci		107.5	results/phylo/rooted/rooting_site_patterns.tsv
rooting_patterns	not intact: invalid ORF: Cx_pipiens | all_sites | derived in Cx_molestus+Cx_pipiens | n_sites		1726	results/phylo/rooted/rooting_site_patterns.tsv
rooting_patterns	not intact: invalid ORF: Cx_pipiens | all_sites | derived in Cx_molestus+Cx_pipiens | per_100_loci		515.2	results/phylo/rooted/rooting_site_patterns.tsv
rooting_patterns	not intact: invalid ORF: Cx_pipiens | all_sites | derived in Cx_molestus+Cx_quinquefasciatus | n_sites		490	results/phylo/rooted/rooting_site_patterns.tsv
rooting_patterns	not intact: invalid ORF: Cx_pipiens | all_sites | derived in Cx_molestus+Cx_quinquefasciatus | per_100_loci		146.3	results/phylo/rooted/rooting_site_patterns.tsv
rooting_patterns	not intact: invalid ORF: Cx_pipiens | all_sites | derived in Cx_pallens+Cx_pipiens | n_sites		444	results/phylo/rooted/rooting_site_patterns.tsv
rooting_patterns	not intact: invalid ORF: Cx_pipiens | all_sites | derived in Cx_pallens+Cx_pipiens | per_100_loci		132.5	results/phylo/rooted/rooting_site_patterns.tsv
rooting_patterns	not intact: invalid ORF: Cx_pipiens | all_sites | derived in Cx_pallens+Cx_quinquefasciatus | n_sites		1960	results/phylo/rooted/rooting_site_patterns.tsv
rooting_patterns	not intact: invalid ORF: Cx_pipiens | all_sites | derived in Cx_pallens+Cx_quinquefasciatus | per_100_loci		585.1	results/phylo/rooted/rooting_site_patterns.tsv
rooting_patterns	not intact: invalid ORF: Cx_pipiens | all_sites | derived in Cx_pipiens+Cx_quinquefasciatus | n_sites		395	results/phylo/rooted/rooting_site_patterns.tsv
rooting_patterns	not intact: invalid ORF: Cx_pipiens | all_sites | derived in Cx_pipiens+Cx_quinquefasciatus | per_100_loci		117.9	results/phylo/rooted/rooting_site_patterns.tsv
rooting_patterns	not intact: invalid ORF: Cx_pipiens | all_sites | derived in Cx_molestus+Cx_pallens+Cx_pipiens | n_sites		1209	results/phylo/rooted/rooting_site_patterns.tsv
rooting_patterns	not intact: invalid ORF: Cx_pipiens | all_sites | derived in Cx_molestus+Cx_pallens+Cx_pipiens | per_100_loci		360.9	results/phylo/rooted/rooting_site_patterns.tsv
rooting_patterns	not intact: invalid ORF: Cx_pipiens | all_sites | derived in Cx_molestus+Cx_pallens+Cx_quinquefasciatus | n_sites		3172	results/phylo/rooted/rooting_site_patterns.tsv
rooting_patterns	not intact: invalid ORF: Cx_pipiens | all_sites | derived in Cx_molestus+Cx_pallens+Cx_quinquefasciatus | per_100_loci		946.9	results/phylo/rooted/rooting_site_patterns.tsv
rooting_patterns	not intact: invalid ORF: Cx_pipiens | all_sites | derived in Cx_molestus+Cx_pipiens+Cx_quinquefasciatus | n_sites		895	results/phylo/rooted/rooting_site_patterns.tsv
rooting_patterns	not intact: invalid ORF: Cx_pipiens | all_sites | derived in Cx_molestus+Cx_pipiens+Cx_quinquefasciatus | per_100_loci		267.2	results/phylo/rooted/rooting_site_patterns.tsv
rooting_patterns	not intact: invalid ORF: Cx_pipiens | all_sites | derived in Cx_pallens+Cx_pipiens+Cx_quinquefasciatus | n_sites		1123	results/phylo/rooted/rooting_site_patterns.tsv
rooting_patterns	not intact: invalid ORF: Cx_pipiens | all_sites | derived in Cx_pallens+Cx_pipiens+Cx_quinquefasciatus | per_100_loci		335.2	results/phylo/rooted/rooting_site_patterns.tsv
rooting_patterns	not intact: invalid ORF: Cx_pipiens | third_positions | derived in Cx_molestus+Cx_pallens | n_sites		295	results/phylo/rooted/rooting_site_patterns.tsv
rooting_patterns	not intact: invalid ORF: Cx_pipiens | third_positions | derived in Cx_molestus+Cx_pallens | per_100_loci		88.1	results/phylo/rooted/rooting_site_patterns.tsv
rooting_patterns	not intact: invalid ORF: Cx_pipiens | third_positions | derived in Cx_molestus+Cx_pipiens | n_sites		1369	results/phylo/rooted/rooting_site_patterns.tsv
rooting_patterns	not intact: invalid ORF: Cx_pipiens | third_positions | derived in Cx_molestus+Cx_pipiens | per_100_loci		408.7	results/phylo/rooted/rooting_site_patterns.tsv
rooting_patterns	not intact: invalid ORF: Cx_pipiens | third_positions | derived in Cx_molestus+Cx_quinquefasciatus | n_sites		386	results/phylo/rooted/rooting_site_patterns.tsv
rooting_patterns	not intact: invalid ORF: Cx_pipiens | third_positions | derived in Cx_molestus+Cx_quinquefasciatus | per_100_loci		115.2	results/phylo/rooted/rooting_site_patterns.tsv
rooting_patterns	not intact: invalid ORF: Cx_pipiens | third_positions | derived in Cx_pallens+Cx_pipiens | n_sites		341	results/phylo/rooted/rooting_site_patterns.tsv
rooting_patterns	not intact: invalid ORF: Cx_pipiens | third_positions | derived in Cx_pallens+Cx_pipiens | per_100_loci		101.8	results/phylo/rooted/rooting_site_patterns.tsv
rooting_patterns	not intact: invalid ORF: Cx_pipiens | third_positions | derived in Cx_pallens+Cx_quinquefasciatus | n_sites		1565	results/phylo/rooted/rooting_site_patterns.tsv
rooting_patterns	not intact: invalid ORF: Cx_pipiens | third_positions | derived in Cx_pallens+Cx_quinquefasciatus | per_100_loci		467.2	results/phylo/rooted/rooting_site_patterns.tsv
rooting_patterns	not intact: invalid ORF: Cx_pipiens | third_positions | derived in Cx_pipiens+Cx_quinquefasciatus | n_sites		323	results/phylo/rooted/rooting_site_patterns.tsv
rooting_patterns	not intact: invalid ORF: Cx_pipiens | third_positions | derived in Cx_pipiens+Cx_quinquefasciatus | per_100_loci		96.4	results/phylo/rooted/rooting_site_patterns.tsv
rooting_patterns	not intact: invalid ORF: Cx_pipiens | third_positions | derived in Cx_molestus+Cx_pallens+Cx_pipiens | n_sites		974	results/phylo/rooted/rooting_site_patterns.tsv
rooting_patterns	not intact: invalid ORF: Cx_pipiens | third_positions | derived in Cx_molestus+Cx_pallens+Cx_pipiens | per_100_loci		290.7	results/phylo/rooted/rooting_site_patterns.tsv
rooting_patterns	not intact: invalid ORF: Cx_pipiens | third_positions | derived in Cx_molestus+Cx_pallens+Cx_quinquefasciatus | n_sites		2236	results/phylo/rooted/rooting_site_patterns.tsv
rooting_patterns	not intact: invalid ORF: Cx_pipiens | third_positions | derived in Cx_molestus+Cx_pallens+Cx_quinquefasciatus | per_100_loci		667.5	results/phylo/rooted/rooting_site_patterns.tsv
rooting_patterns	not intact: invalid ORF: Cx_pipiens | third_positions | derived in Cx_molestus+Cx_pipiens+Cx_quinquefasciatus | n_sites		706	results/phylo/rooted/rooting_site_patterns.tsv
rooting_patterns	not intact: invalid ORF: Cx_pipiens | third_positions | derived in Cx_molestus+Cx_pipiens+Cx_quinquefasciatus | per_100_loci		210.7	results/phylo/rooted/rooting_site_patterns.tsv
rooting_patterns	not intact: invalid ORF: Cx_pipiens | third_positions | derived in Cx_pallens+Cx_pipiens+Cx_quinquefasciatus | n_sites		918	results/phylo/rooted/rooting_site_patterns.tsv
rooting_patterns	not intact: invalid ORF: Cx_pipiens | third_positions | derived in Cx_pallens+Cx_pipiens+Cx_quinquefasciatus | per_100_loci		274.0	results/phylo/rooted/rooting_site_patterns.tsv
rooting_patterns	not intact: invalid ORF: Cx_pallens | n_loci		281	results/phylo/rooted/rooting_site_patterns.tsv
rooting_patterns	not intact: invalid ORF: Cx_pallens | all_sites | derived in Cx_molestus+Cx_pallens | n_sites		415	results/phylo/rooted/rooting_site_patterns.tsv
rooting_patterns	not intact: invalid ORF: Cx_pallens | all_sites | derived in Cx_molestus+Cx_pallens | per_100_loci		147.7	results/phylo/rooted/rooting_site_patterns.tsv
rooting_patterns	not intact: invalid ORF: Cx_pallens | all_sites | derived in Cx_molestus+Cx_pipiens | n_sites		1014	results/phylo/rooted/rooting_site_patterns.tsv
rooting_patterns	not intact: invalid ORF: Cx_pallens | all_sites | derived in Cx_molestus+Cx_pipiens | per_100_loci		360.9	results/phylo/rooted/rooting_site_patterns.tsv
rooting_patterns	not intact: invalid ORF: Cx_pallens | all_sites | derived in Cx_molestus+Cx_quinquefasciatus | n_sites		516	results/phylo/rooted/rooting_site_patterns.tsv
rooting_patterns	not intact: invalid ORF: Cx_pallens | all_sites | derived in Cx_molestus+Cx_quinquefasciatus | per_100_loci		183.6	results/phylo/rooted/rooting_site_patterns.tsv
rooting_patterns	not intact: invalid ORF: Cx_pallens | all_sites | derived in Cx_pallens+Cx_pipiens | n_sites		515	results/phylo/rooted/rooting_site_patterns.tsv
rooting_patterns	not intact: invalid ORF: Cx_pallens | all_sites | derived in Cx_pallens+Cx_pipiens | per_100_loci		183.3	results/phylo/rooted/rooting_site_patterns.tsv
rooting_patterns	not intact: invalid ORF: Cx_pallens | all_sites | derived in Cx_pallens+Cx_quinquefasciatus | n_sites		1147	results/phylo/rooted/rooting_site_patterns.tsv
rooting_patterns	not intact: invalid ORF: Cx_pallens | all_sites | derived in Cx_pallens+Cx_quinquefasciatus | per_100_loci		408.2	results/phylo/rooted/rooting_site_patterns.tsv
rooting_patterns	not intact: invalid ORF: Cx_pallens | all_sites | derived in Cx_pipiens+Cx_quinquefasciatus | n_sites		352	results/phylo/rooted/rooting_site_patterns.tsv
rooting_patterns	not intact: invalid ORF: Cx_pallens | all_sites | derived in Cx_pipiens+Cx_quinquefasciatus | per_100_loci		125.3	results/phylo/rooted/rooting_site_patterns.tsv
rooting_patterns	not intact: invalid ORF: Cx_pallens | all_sites | derived in Cx_molestus+Cx_pallens+Cx_pipiens | n_sites		1243	results/phylo/rooted/rooting_site_patterns.tsv
rooting_patterns	not intact: invalid ORF: Cx_pallens | all_sites | derived in Cx_molestus+Cx_pallens+Cx_pipiens | per_100_loci		442.3	results/phylo/rooted/rooting_site_patterns.tsv
rooting_patterns	not intact: invalid ORF: Cx_pallens | all_sites | derived in Cx_molestus+Cx_pallens+Cx_quinquefasciatus | n_sites		936	results/phylo/rooted/rooting_site_patterns.tsv
rooting_patterns	not intact: invalid ORF: Cx_pallens | all_sites | derived in Cx_molestus+Cx_pallens+Cx_quinquefasciatus | per_100_loci		333.1	results/phylo/rooted/rooting_site_patterns.tsv
rooting_patterns	not intact: invalid ORF: Cx_pallens | all_sites | derived in Cx_molestus+Cx_pipiens+Cx_quinquefasciatus | n_sites		2235	results/phylo/rooted/rooting_site_patterns.tsv
rooting_patterns	not intact: invalid ORF: Cx_pallens | all_sites | derived in Cx_molestus+Cx_pipiens+Cx_quinquefasciatus | per_100_loci		795.4	results/phylo/rooted/rooting_site_patterns.tsv
rooting_patterns	not intact: invalid ORF: Cx_pallens | all_sites | derived in Cx_pallens+Cx_pipiens+Cx_quinquefasciatus | n_sites		666	results/phylo/rooted/rooting_site_patterns.tsv
rooting_patterns	not intact: invalid ORF: Cx_pallens | all_sites | derived in Cx_pallens+Cx_pipiens+Cx_quinquefasciatus | per_100_loci		237.0	results/phylo/rooted/rooting_site_patterns.tsv
rooting_patterns	not intact: invalid ORF: Cx_pallens | third_positions | derived in Cx_molestus+Cx_pallens | n_sites		340	results/phylo/rooted/rooting_site_patterns.tsv
rooting_patterns	not intact: invalid ORF: Cx_pallens | third_positions | derived in Cx_molestus+Cx_pallens | per_100_loci		121.0	results/phylo/rooted/rooting_site_patterns.tsv
rooting_patterns	not intact: invalid ORF: Cx_pallens | third_positions | derived in Cx_molestus+Cx_pipiens | n_sites		804	results/phylo/rooted/rooting_site_patterns.tsv
rooting_patterns	not intact: invalid ORF: Cx_pallens | third_positions | derived in Cx_molestus+Cx_pipiens | per_100_loci		286.1	results/phylo/rooted/rooting_site_patterns.tsv
rooting_patterns	not intact: invalid ORF: Cx_pallens | third_positions | derived in Cx_molestus+Cx_quinquefasciatus | n_sites		421	results/phylo/rooted/rooting_site_patterns.tsv
rooting_patterns	not intact: invalid ORF: Cx_pallens | third_positions | derived in Cx_molestus+Cx_quinquefasciatus | per_100_loci		149.8	results/phylo/rooted/rooting_site_patterns.tsv
rooting_patterns	not intact: invalid ORF: Cx_pallens | third_positions | derived in Cx_pallens+Cx_pipiens | n_sites		433	results/phylo/rooted/rooting_site_patterns.tsv
rooting_patterns	not intact: invalid ORF: Cx_pallens | third_positions | derived in Cx_pallens+Cx_pipiens | per_100_loci		154.1	results/phylo/rooted/rooting_site_patterns.tsv
rooting_patterns	not intact: invalid ORF: Cx_pallens | third_positions | derived in Cx_pallens+Cx_quinquefasciatus | n_sites		922	results/phylo/rooted/rooting_site_patterns.tsv
rooting_patterns	not intact: invalid ORF: Cx_pallens | third_positions | derived in Cx_pallens+Cx_quinquefasciatus | per_100_loci		328.1	results/phylo/rooted/rooting_site_patterns.tsv
rooting_patterns	not intact: invalid ORF: Cx_pallens | third_positions | derived in Cx_pipiens+Cx_quinquefasciatus | n_sites		302	results/phylo/rooted/rooting_site_patterns.tsv
rooting_patterns	not intact: invalid ORF: Cx_pallens | third_positions | derived in Cx_pipiens+Cx_quinquefasciatus | per_100_loci		107.5	results/phylo/rooted/rooting_site_patterns.tsv
rooting_patterns	not intact: invalid ORF: Cx_pallens | third_positions | derived in Cx_molestus+Cx_pallens+Cx_pipiens | n_sites		993	results/phylo/rooted/rooting_site_patterns.tsv
rooting_patterns	not intact: invalid ORF: Cx_pallens | third_positions | derived in Cx_molestus+Cx_pallens+Cx_pipiens | per_100_loci		353.4	results/phylo/rooted/rooting_site_patterns.tsv
rooting_patterns	not intact: invalid ORF: Cx_pallens | third_positions | derived in Cx_molestus+Cx_pallens+Cx_quinquefasciatus | n_sites		778	results/phylo/rooted/rooting_site_patterns.tsv
rooting_patterns	not intact: invalid ORF: Cx_pallens | third_positions | derived in Cx_molestus+Cx_pallens+Cx_quinquefasciatus | per_100_loci		276.9	results/phylo/rooted/rooting_site_patterns.tsv
rooting_patterns	not intact: invalid ORF: Cx_pallens | third_positions | derived in Cx_molestus+Cx_pipiens+Cx_quinquefasciatus | n_sites		1660	results/phylo/rooted/rooting_site_patterns.tsv
rooting_patterns	not intact: invalid ORF: Cx_pallens | third_positions | derived in Cx_molestus+Cx_pipiens+Cx_quinquefasciatus | per_100_loci		590.7	results/phylo/rooted/rooting_site_patterns.tsv
rooting_patterns	not intact: invalid ORF: Cx_pallens | third_positions | derived in Cx_pallens+Cx_pipiens+Cx_quinquefasciatus | n_sites		563	results/phylo/rooted/rooting_site_patterns.tsv
rooting_patterns	not intact: invalid ORF: Cx_pallens | third_positions | derived in Cx_pallens+Cx_pipiens+Cx_quinquefasciatus | per_100_loci		200.4	results/phylo/rooted/rooting_site_patterns.tsv
rooting_patterns	not intact: invalid ORF: Cx_molestus,Cx_pipiens | n_loci		214	results/phylo/rooted/rooting_site_patterns.tsv
rooting_patterns	not intact: invalid ORF: Cx_molestus,Cx_pipiens | all_sites | derived in Cx_molestus+Cx_pallens | n_sites		164	results/phylo/rooted/rooting_site_patterns.tsv
rooting_patterns	not intact: invalid ORF: Cx_molestus,Cx_pipiens | all_sites | derived in Cx_molestus+Cx_pallens | per_100_loci		76.6	results/phylo/rooted/rooting_site_patterns.tsv
rooting_patterns	not intact: invalid ORF: Cx_molestus,Cx_pipiens | all_sites | derived in Cx_molestus+Cx_pipiens | n_sites		10423	results/phylo/rooted/rooting_site_patterns.tsv
rooting_patterns	not intact: invalid ORF: Cx_molestus,Cx_pipiens | all_sites | derived in Cx_molestus+Cx_pipiens | per_100_loci		4870.6	results/phylo/rooted/rooting_site_patterns.tsv
rooting_patterns	not intact: invalid ORF: Cx_molestus,Cx_pipiens | all_sites | derived in Cx_molestus+Cx_quinquefasciatus | n_sites		166	results/phylo/rooted/rooting_site_patterns.tsv
rooting_patterns	not intact: invalid ORF: Cx_molestus,Cx_pipiens | all_sites | derived in Cx_molestus+Cx_quinquefasciatus | per_100_loci		77.6	results/phylo/rooted/rooting_site_patterns.tsv
rooting_patterns	not intact: invalid ORF: Cx_molestus,Cx_pipiens | all_sites | derived in Cx_pallens+Cx_pipiens | n_sites		193	results/phylo/rooted/rooting_site_patterns.tsv
rooting_patterns	not intact: invalid ORF: Cx_molestus,Cx_pipiens | all_sites | derived in Cx_pallens+Cx_pipiens | per_100_loci		90.2	results/phylo/rooted/rooting_site_patterns.tsv
rooting_patterns	not intact: invalid ORF: Cx_molestus,Cx_pipiens | all_sites | derived in Cx_pallens+Cx_quinquefasciatus | n_sites		1977	results/phylo/rooted/rooting_site_patterns.tsv
rooting_patterns	not intact: invalid ORF: Cx_molestus,Cx_pipiens | all_sites | derived in Cx_pallens+Cx_quinquefasciatus | per_100_loci		923.8	results/phylo/rooted/rooting_site_patterns.tsv
rooting_patterns	not intact: invalid ORF: Cx_molestus,Cx_pipiens | all_sites | derived in Cx_pipiens+Cx_quinquefasciatus | n_sites		338	results/phylo/rooted/rooting_site_patterns.tsv
rooting_patterns	not intact: invalid ORF: Cx_molestus,Cx_pipiens | all_sites | derived in Cx_pipiens+Cx_quinquefasciatus | per_100_loci		157.9	results/phylo/rooted/rooting_site_patterns.tsv
rooting_patterns	not intact: invalid ORF: Cx_molestus,Cx_pipiens | all_sites | derived in Cx_molestus+Cx_pallens+Cx_pipiens | n_sites		692	results/phylo/rooted/rooting_site_patterns.tsv
rooting_patterns	not intact: invalid ORF: Cx_molestus,Cx_pipiens | all_sites | derived in Cx_molestus+Cx_pallens+Cx_pipiens | per_100_loci		323.4	results/phylo/rooted/rooting_site_patterns.tsv
rooting_patterns	not intact: invalid ORF: Cx_molestus,Cx_pipiens | all_sites | derived in Cx_molestus+Cx_pallens+Cx_quinquefasciatus | n_sites		1108	results/phylo/rooted/rooting_site_patterns.tsv
rooting_patterns	not intact: invalid ORF: Cx_molestus,Cx_pipiens | all_sites | derived in Cx_molestus+Cx_pallens+Cx_quinquefasciatus | per_100_loci		517.8	results/phylo/rooted/rooting_site_patterns.tsv
rooting_patterns	not intact: invalid ORF: Cx_molestus,Cx_pipiens | all_sites | derived in Cx_molestus+Cx_pipiens+Cx_quinquefasciatus | n_sites		310	results/phylo/rooted/rooting_site_patterns.tsv
rooting_patterns	not intact: invalid ORF: Cx_molestus,Cx_pipiens | all_sites | derived in Cx_molestus+Cx_pipiens+Cx_quinquefasciatus | per_100_loci		144.9	results/phylo/rooted/rooting_site_patterns.tsv
rooting_patterns	not intact: invalid ORF: Cx_molestus,Cx_pipiens | all_sites | derived in Cx_pallens+Cx_pipiens+Cx_quinquefasciatus | n_sites		905	results/phylo/rooted/rooting_site_patterns.tsv
rooting_patterns	not intact: invalid ORF: Cx_molestus,Cx_pipiens | all_sites | derived in Cx_pallens+Cx_pipiens+Cx_quinquefasciatus | per_100_loci		422.9	results/phylo/rooted/rooting_site_patterns.tsv
rooting_patterns	not intact: invalid ORF: Cx_molestus,Cx_pipiens | third_positions | derived in Cx_molestus+Cx_pallens | n_sites		133	results/phylo/rooted/rooting_site_patterns.tsv
rooting_patterns	not intact: invalid ORF: Cx_molestus,Cx_pipiens | third_positions | derived in Cx_molestus+Cx_pallens | per_100_loci		62.1	results/phylo/rooted/rooting_site_patterns.tsv
rooting_patterns	not intact: invalid ORF: Cx_molestus,Cx_pipiens | third_positions | derived in Cx_molestus+Cx_pipiens | n_sites		3981	results/phylo/rooted/rooting_site_patterns.tsv
rooting_patterns	not intact: invalid ORF: Cx_molestus,Cx_pipiens | third_positions | derived in Cx_molestus+Cx_pipiens | per_100_loci		1860.3	results/phylo/rooted/rooting_site_patterns.tsv
rooting_patterns	not intact: invalid ORF: Cx_molestus,Cx_pipiens | third_positions | derived in Cx_molestus+Cx_quinquefasciatus | n_sites		133	results/phylo/rooted/rooting_site_patterns.tsv
rooting_patterns	not intact: invalid ORF: Cx_molestus,Cx_pipiens | third_positions | derived in Cx_molestus+Cx_quinquefasciatus | per_100_loci		62.1	results/phylo/rooted/rooting_site_patterns.tsv
rooting_patterns	not intact: invalid ORF: Cx_molestus,Cx_pipiens | third_positions | derived in Cx_pallens+Cx_pipiens | n_sites		160	results/phylo/rooted/rooting_site_patterns.tsv
rooting_patterns	not intact: invalid ORF: Cx_molestus,Cx_pipiens | third_positions | derived in Cx_pallens+Cx_pipiens | per_100_loci		74.8	results/phylo/rooted/rooting_site_patterns.tsv
rooting_patterns	not intact: invalid ORF: Cx_molestus,Cx_pipiens | third_positions | derived in Cx_pallens+Cx_quinquefasciatus | n_sites		1437	results/phylo/rooted/rooting_site_patterns.tsv
rooting_patterns	not intact: invalid ORF: Cx_molestus,Cx_pipiens | third_positions | derived in Cx_pallens+Cx_quinquefasciatus | per_100_loci		671.5	results/phylo/rooted/rooting_site_patterns.tsv
rooting_patterns	not intact: invalid ORF: Cx_molestus,Cx_pipiens | third_positions | derived in Cx_pipiens+Cx_quinquefasciatus | n_sites		183	results/phylo/rooted/rooting_site_patterns.tsv
rooting_patterns	not intact: invalid ORF: Cx_molestus,Cx_pipiens | third_positions | derived in Cx_pipiens+Cx_quinquefasciatus | per_100_loci		85.5	results/phylo/rooted/rooting_site_patterns.tsv
rooting_patterns	not intact: invalid ORF: Cx_molestus,Cx_pipiens | third_positions | derived in Cx_molestus+Cx_pallens+Cx_pipiens | n_sites		535	results/phylo/rooted/rooting_site_patterns.tsv
rooting_patterns	not intact: invalid ORF: Cx_molestus,Cx_pipiens | third_positions | derived in Cx_molestus+Cx_pallens+Cx_pipiens | per_100_loci		250.0	results/phylo/rooted/rooting_site_patterns.tsv
rooting_patterns	not intact: invalid ORF: Cx_molestus,Cx_pipiens | third_positions | derived in Cx_molestus+Cx_pallens+Cx_quinquefasciatus | n_sites		833	results/phylo/rooted/rooting_site_patterns.tsv
rooting_patterns	not intact: invalid ORF: Cx_molestus,Cx_pipiens | third_positions | derived in Cx_molestus+Cx_pallens+Cx_quinquefasciatus | per_100_loci		389.3	results/phylo/rooted/rooting_site_patterns.tsv
rooting_patterns	not intact: invalid ORF: Cx_molestus,Cx_pipiens | third_positions | derived in Cx_molestus+Cx_pipiens+Cx_quinquefasciatus | n_sites		252	results/phylo/rooted/rooting_site_patterns.tsv
rooting_patterns	not intact: invalid ORF: Cx_molestus,Cx_pipiens | third_positions | derived in Cx_molestus+Cx_pipiens+Cx_quinquefasciatus | per_100_loci		117.8	results/phylo/rooted/rooting_site_patterns.tsv
rooting_patterns	not intact: invalid ORF: Cx_molestus,Cx_pipiens | third_positions | derived in Cx_pallens+Cx_pipiens+Cx_quinquefasciatus | n_sites		642	results/phylo/rooted/rooting_site_patterns.tsv
rooting_patterns	not intact: invalid ORF: Cx_molestus,Cx_pipiens | third_positions | derived in Cx_pallens+Cx_pipiens+Cx_quinquefasciatus | per_100_loci		300.0	results/phylo/rooted/rooting_site_patterns.tsv
rooting_patterns	not intact: invalid ORF: Cx_molestus,Cx_pallens | n_loci		130	results/phylo/rooted/rooting_site_patterns.tsv
rooting_patterns	not intact: invalid ORF: Cx_molestus,Cx_pallens | all_sites | derived in Cx_molestus+Cx_pallens | n_sites		6948	results/phylo/rooted/rooting_site_patterns.tsv
rooting_patterns	not intact: invalid ORF: Cx_molestus,Cx_pallens | all_sites | derived in Cx_molestus+Cx_pallens | per_100_loci		5344.6	results/phylo/rooted/rooting_site_patterns.tsv
rooting_patterns	not intact: invalid ORF: Cx_molestus,Cx_pallens | all_sites | derived in Cx_molestus+Cx_pipiens | n_sites		507	results/phylo/rooted/rooting_site_patterns.tsv
rooting_patterns	not intact: invalid ORF: Cx_molestus,Cx_pallens | all_sites | derived in Cx_molestus+Cx_pipiens | per_100_loci		390.0	results/phylo/rooted/rooting_site_patterns.tsv
rooting_patterns	not intact: invalid ORF: Cx_molestus,Cx_pallens | all_sites | derived in Cx_molestus+Cx_quinquefasciatus | n_sites		146	results/phylo/rooted/rooting_site_patterns.tsv
rooting_patterns	not intact: invalid ORF: Cx_molestus,Cx_pallens | all_sites | derived in Cx_molestus+Cx_quinquefasciatus | per_100_loci		112.3	results/phylo/rooted/rooting_site_patterns.tsv
rooting_patterns	not intact: invalid ORF: Cx_molestus,Cx_pallens | all_sites | derived in Cx_pallens+Cx_pipiens | n_sites		161	results/phylo/rooted/rooting_site_patterns.tsv
rooting_patterns	not intact: invalid ORF: Cx_molestus,Cx_pallens | all_sites | derived in Cx_pallens+Cx_pipiens | per_100_loci		123.8	results/phylo/rooted/rooting_site_patterns.tsv
rooting_patterns	not intact: invalid ORF: Cx_molestus,Cx_pallens | all_sites | derived in Cx_pallens+Cx_quinquefasciatus | n_sites		529	results/phylo/rooted/rooting_site_patterns.tsv
rooting_patterns	not intact: invalid ORF: Cx_molestus,Cx_pallens | all_sites | derived in Cx_pallens+Cx_quinquefasciatus | per_100_loci		406.9	results/phylo/rooted/rooting_site_patterns.tsv
rooting_patterns	not intact: invalid ORF: Cx_molestus,Cx_pallens | all_sites | derived in Cx_pipiens+Cx_quinquefasciatus | n_sites		506	results/phylo/rooted/rooting_site_patterns.tsv
rooting_patterns	not intact: invalid ORF: Cx_molestus,Cx_pallens | all_sites | derived in Cx_pipiens+Cx_quinquefasciatus | per_100_loci		389.2	results/phylo/rooted/rooting_site_patterns.tsv
rooting_patterns	not intact: invalid ORF: Cx_molestus,Cx_pallens | all_sites | derived in Cx_molestus+Cx_pallens+Cx_pipiens | n_sites		540	results/phylo/rooted/rooting_site_patterns.tsv
rooting_patterns	not intact: invalid ORF: Cx_molestus,Cx_pallens | all_sites | derived in Cx_molestus+Cx_pallens+Cx_pipiens | per_100_loci		415.4	results/phylo/rooted/rooting_site_patterns.tsv
rooting_patterns	not intact: invalid ORF: Cx_molestus,Cx_pallens | all_sites | derived in Cx_molestus+Cx_pallens+Cx_quinquefasciatus | n_sites		383	results/phylo/rooted/rooting_site_patterns.tsv
rooting_patterns	not intact: invalid ORF: Cx_molestus,Cx_pallens | all_sites | derived in Cx_molestus+Cx_pallens+Cx_quinquefasciatus | per_100_loci		294.6	results/phylo/rooted/rooting_site_patterns.tsv
rooting_patterns	not intact: invalid ORF: Cx_molestus,Cx_pallens | all_sites | derived in Cx_molestus+Cx_pipiens+Cx_quinquefasciatus | n_sites		804	results/phylo/rooted/rooting_site_patterns.tsv
rooting_patterns	not intact: invalid ORF: Cx_molestus,Cx_pallens | all_sites | derived in Cx_molestus+Cx_pipiens+Cx_quinquefasciatus | per_100_loci		618.5	results/phylo/rooted/rooting_site_patterns.tsv
rooting_patterns	not intact: invalid ORF: Cx_molestus,Cx_pallens | all_sites | derived in Cx_pallens+Cx_pipiens+Cx_quinquefasciatus | n_sites		560	results/phylo/rooted/rooting_site_patterns.tsv
rooting_patterns	not intact: invalid ORF: Cx_molestus,Cx_pallens | all_sites | derived in Cx_pallens+Cx_pipiens+Cx_quinquefasciatus | per_100_loci		430.8	results/phylo/rooted/rooting_site_patterns.tsv
rooting_patterns	not intact: invalid ORF: Cx_molestus,Cx_pallens | third_positions | derived in Cx_molestus+Cx_pallens | n_sites		2293	results/phylo/rooted/rooting_site_patterns.tsv
rooting_patterns	not intact: invalid ORF: Cx_molestus,Cx_pallens | third_positions | derived in Cx_molestus+Cx_pallens | per_100_loci		1763.8	results/phylo/rooted/rooting_site_patterns.tsv
rooting_patterns	not intact: invalid ORF: Cx_molestus,Cx_pallens | third_positions | derived in Cx_molestus+Cx_pipiens | n_sites		403	results/phylo/rooted/rooting_site_patterns.tsv
rooting_patterns	not intact: invalid ORF: Cx_molestus,Cx_pallens | third_positions | derived in Cx_molestus+Cx_pipiens | per_100_loci		310.0	results/phylo/rooted/rooting_site_patterns.tsv
rooting_patterns	not intact: invalid ORF: Cx_molestus,Cx_pallens | third_positions | derived in Cx_molestus+Cx_quinquefasciatus | n_sites		116	results/phylo/rooted/rooting_site_patterns.tsv
rooting_patterns	not intact: invalid ORF: Cx_molestus,Cx_pallens | third_positions | derived in Cx_molestus+Cx_quinquefasciatus | per_100_loci		89.2	results/phylo/rooted/rooting_site_patterns.tsv
rooting_patterns	not intact: invalid ORF: Cx_molestus,Cx_pallens | third_positions | derived in Cx_pallens+Cx_pipiens | n_sites		119	results/phylo/rooted/rooting_site_patterns.tsv
rooting_patterns	not intact: invalid ORF: Cx_molestus,Cx_pallens | third_positions | derived in Cx_pallens+Cx_pipiens | per_100_loci		91.5	results/phylo/rooted/rooting_site_patterns.tsv
rooting_patterns	not intact: invalid ORF: Cx_molestus,Cx_pallens | third_positions | derived in Cx_pallens+Cx_quinquefasciatus | n_sites		412	results/phylo/rooted/rooting_site_patterns.tsv
rooting_patterns	not intact: invalid ORF: Cx_molestus,Cx_pallens | third_positions | derived in Cx_pallens+Cx_quinquefasciatus | per_100_loci		316.9	results/phylo/rooted/rooting_site_patterns.tsv
rooting_patterns	not intact: invalid ORF: Cx_molestus,Cx_pallens | third_positions | derived in Cx_pipiens+Cx_quinquefasciatus | n_sites		309	results/phylo/rooted/rooting_site_patterns.tsv
rooting_patterns	not intact: invalid ORF: Cx_molestus,Cx_pallens | third_positions | derived in Cx_pipiens+Cx_quinquefasciatus | per_100_loci		237.7	results/phylo/rooted/rooting_site_patterns.tsv
rooting_patterns	not intact: invalid ORF: Cx_molestus,Cx_pallens | third_positions | derived in Cx_molestus+Cx_pallens+Cx_pipiens | n_sites		422	results/phylo/rooted/rooting_site_patterns.tsv
rooting_patterns	not intact: invalid ORF: Cx_molestus,Cx_pallens | third_positions | derived in Cx_molestus+Cx_pallens+Cx_pipiens | per_100_loci		324.6	results/phylo/rooted/rooting_site_patterns.tsv
rooting_patterns	not intact: invalid ORF: Cx_molestus,Cx_pallens | third_positions | derived in Cx_molestus+Cx_pallens+Cx_quinquefasciatus | n_sites		322	results/phylo/rooted/rooting_site_patterns.tsv
rooting_patterns	not intact: invalid ORF: Cx_molestus,Cx_pallens | third_positions | derived in Cx_molestus+Cx_pallens+Cx_quinquefasciatus | per_100_loci		247.7	results/phylo/rooted/rooting_site_patterns.tsv
rooting_patterns	not intact: invalid ORF: Cx_molestus,Cx_pallens | third_positions | derived in Cx_molestus+Cx_pipiens+Cx_quinquefasciatus | n_sites		573	results/phylo/rooted/rooting_site_patterns.tsv
rooting_patterns	not intact: invalid ORF: Cx_molestus,Cx_pallens | third_positions | derived in Cx_molestus+Cx_pipiens+Cx_quinquefasciatus | per_100_loci		440.8	results/phylo/rooted/rooting_site_patterns.tsv
rooting_patterns	not intact: invalid ORF: Cx_molestus,Cx_pallens | third_positions | derived in Cx_pallens+Cx_pipiens+Cx_quinquefasciatus | n_sites		444	results/phylo/rooted/rooting_site_patterns.tsv
rooting_patterns	not intact: invalid ORF: Cx_molestus,Cx_pallens | third_positions | derived in Cx_pallens+Cx_pipiens+Cx_quinquefasciatus | per_100_loci		341.5	results/phylo/rooted/rooting_site_patterns.tsv
rooting_patterns	not intact: invalid ORF: Cx_pallens,Cx_pipiens | n_loci		105	results/phylo/rooted/rooting_site_patterns.tsv
rooting_patterns	not intact: invalid ORF: Cx_pallens,Cx_pipiens | all_sites | derived in Cx_molestus+Cx_pallens | n_sites		98	results/phylo/rooted/rooting_site_patterns.tsv
rooting_patterns	not intact: invalid ORF: Cx_pallens,Cx_pipiens | all_sites | derived in Cx_molestus+Cx_pallens | per_100_loci		93.3	results/phylo/rooted/rooting_site_patterns.tsv
rooting_patterns	not intact: invalid ORF: Cx_pallens,Cx_pipiens | all_sites | derived in Cx_molestus+Cx_pipiens | n_sites		428	results/phylo/rooted/rooting_site_patterns.tsv
rooting_patterns	not intact: invalid ORF: Cx_pallens,Cx_pipiens | all_sites | derived in Cx_molestus+Cx_pipiens | per_100_loci		407.6	results/phylo/rooted/rooting_site_patterns.tsv
rooting_patterns	not intact: invalid ORF: Cx_pallens,Cx_pipiens | all_sites | derived in Cx_molestus+Cx_quinquefasciatus | n_sites		490	results/phylo/rooted/rooting_site_patterns.tsv
rooting_patterns	not intact: invalid ORF: Cx_pallens,Cx_pipiens | all_sites | derived in Cx_molestus+Cx_quinquefasciatus | per_100_loci		466.7	results/phylo/rooted/rooting_site_patterns.tsv
rooting_patterns	not intact: invalid ORF: Cx_pallens,Cx_pipiens | all_sites | derived in Cx_pallens+Cx_pipiens | n_sites		6887	results/phylo/rooted/rooting_site_patterns.tsv
rooting_patterns	not intact: invalid ORF: Cx_pallens,Cx_pipiens | all_sites | derived in Cx_pallens+Cx_pipiens | per_100_loci		6559.0	results/phylo/rooted/rooting_site_patterns.tsv
rooting_patterns	not intact: invalid ORF: Cx_pallens,Cx_pipiens | all_sites | derived in Cx_pallens+Cx_quinquefasciatus | n_sites		443	results/phylo/rooted/rooting_site_patterns.tsv
rooting_patterns	not intact: invalid ORF: Cx_pallens,Cx_pipiens | all_sites | derived in Cx_pallens+Cx_quinquefasciatus | per_100_loci		421.9	results/phylo/rooted/rooting_site_patterns.tsv
rooting_patterns	not intact: invalid ORF: Cx_pallens,Cx_pipiens | all_sites | derived in Cx_pipiens+Cx_quinquefasciatus | n_sites		100	results/phylo/rooted/rooting_site_patterns.tsv
rooting_patterns	not intact: invalid ORF: Cx_pallens,Cx_pipiens | all_sites | derived in Cx_pipiens+Cx_quinquefasciatus | per_100_loci		95.2	results/phylo/rooted/rooting_site_patterns.tsv
rooting_patterns	not intact: invalid ORF: Cx_pallens,Cx_pipiens | all_sites | derived in Cx_molestus+Cx_pallens+Cx_pipiens | n_sites		412	results/phylo/rooted/rooting_site_patterns.tsv
rooting_patterns	not intact: invalid ORF: Cx_pallens,Cx_pipiens | all_sites | derived in Cx_molestus+Cx_pallens+Cx_pipiens | per_100_loci		392.4	results/phylo/rooted/rooting_site_patterns.tsv
rooting_patterns	not intact: invalid ORF: Cx_pallens,Cx_pipiens | all_sites | derived in Cx_molestus+Cx_pallens+Cx_quinquefasciatus | n_sites		450	results/phylo/rooted/rooting_site_patterns.tsv
rooting_patterns	not intact: invalid ORF: Cx_pallens,Cx_pipiens | all_sites | derived in Cx_molestus+Cx_pallens+Cx_quinquefasciatus | per_100_loci		428.6	results/phylo/rooted/rooting_site_patterns.tsv
rooting_patterns	not intact: invalid ORF: Cx_pallens,Cx_pipiens | all_sites | derived in Cx_molestus+Cx_pipiens+Cx_quinquefasciatus | n_sites		430	results/phylo/rooted/rooting_site_patterns.tsv
rooting_patterns	not intact: invalid ORF: Cx_pallens,Cx_pipiens | all_sites | derived in Cx_molestus+Cx_pipiens+Cx_quinquefasciatus | per_100_loci		409.5	results/phylo/rooted/rooting_site_patterns.tsv
rooting_patterns	not intact: invalid ORF: Cx_pallens,Cx_pipiens | all_sites | derived in Cx_pallens+Cx_pipiens+Cx_quinquefasciatus | n_sites		297	results/phylo/rooted/rooting_site_patterns.tsv
rooting_patterns	not intact: invalid ORF: Cx_pallens,Cx_pipiens | all_sites | derived in Cx_pallens+Cx_pipiens+Cx_quinquefasciatus | per_100_loci		282.9	results/phylo/rooted/rooting_site_patterns.tsv
rooting_patterns	not intact: invalid ORF: Cx_pallens,Cx_pipiens | third_positions | derived in Cx_molestus+Cx_pallens | n_sites		82	results/phylo/rooted/rooting_site_patterns.tsv
rooting_patterns	not intact: invalid ORF: Cx_pallens,Cx_pipiens | third_positions | derived in Cx_molestus+Cx_pallens | per_100_loci		78.1	results/phylo/rooted/rooting_site_patterns.tsv
rooting_patterns	not intact: invalid ORF: Cx_pallens,Cx_pipiens | third_positions | derived in Cx_molestus+Cx_pipiens | n_sites		352	results/phylo/rooted/rooting_site_patterns.tsv
rooting_patterns	not intact: invalid ORF: Cx_pallens,Cx_pipiens | third_positions | derived in Cx_molestus+Cx_pipiens | per_100_loci		335.2	results/phylo/rooted/rooting_site_patterns.tsv
rooting_patterns	not intact: invalid ORF: Cx_pallens,Cx_pipiens | third_positions | derived in Cx_molestus+Cx_quinquefasciatus | n_sites		339	results/phylo/rooted/rooting_site_patterns.tsv
rooting_patterns	not intact: invalid ORF: Cx_pallens,Cx_pipiens | third_positions | derived in Cx_molestus+Cx_quinquefasciatus | per_100_loci		322.9	results/phylo/rooted/rooting_site_patterns.tsv
rooting_patterns	not intact: invalid ORF: Cx_pallens,Cx_pipiens | third_positions | derived in Cx_pallens+Cx_pipiens | n_sites		2292	results/phylo/rooted/rooting_site_patterns.tsv
rooting_patterns	not intact: invalid ORF: Cx_pallens,Cx_pipiens | third_positions | derived in Cx_pallens+Cx_pipiens | per_100_loci		2182.9	results/phylo/rooted/rooting_site_patterns.tsv
rooting_patterns	not intact: invalid ORF: Cx_pallens,Cx_pipiens | third_positions | derived in Cx_pallens+Cx_quinquefasciatus | n_sites		368	results/phylo/rooted/rooting_site_patterns.tsv
rooting_patterns	not intact: invalid ORF: Cx_pallens,Cx_pipiens | third_positions | derived in Cx_pallens+Cx_quinquefasciatus | per_100_loci		350.5	results/phylo/rooted/rooting_site_patterns.tsv
rooting_patterns	not intact: invalid ORF: Cx_pallens,Cx_pipiens | third_positions | derived in Cx_pipiens+Cx_quinquefasciatus | n_sites		85	results/phylo/rooted/rooting_site_patterns.tsv
rooting_patterns	not intact: invalid ORF: Cx_pallens,Cx_pipiens | third_positions | derived in Cx_pipiens+Cx_quinquefasciatus | per_100_loci		81.0	results/phylo/rooted/rooting_site_patterns.tsv
rooting_patterns	not intact: invalid ORF: Cx_pallens,Cx_pipiens | third_positions | derived in Cx_molestus+Cx_pallens+Cx_pipiens | n_sites		324	results/phylo/rooted/rooting_site_patterns.tsv
rooting_patterns	not intact: invalid ORF: Cx_pallens,Cx_pipiens | third_positions | derived in Cx_molestus+Cx_pallens+Cx_pipiens | per_100_loci		308.6	results/phylo/rooted/rooting_site_patterns.tsv
rooting_patterns	not intact: invalid ORF: Cx_pallens,Cx_pipiens | third_positions | derived in Cx_molestus+Cx_pallens+Cx_quinquefasciatus | n_sites		364	results/phylo/rooted/rooting_site_patterns.tsv
rooting_patterns	not intact: invalid ORF: Cx_pallens,Cx_pipiens | third_positions | derived in Cx_molestus+Cx_pallens+Cx_quinquefasciatus | per_100_loci		346.7	results/phylo/rooted/rooting_site_patterns.tsv
rooting_patterns	not intact: invalid ORF: Cx_pallens,Cx_pipiens | third_positions | derived in Cx_molestus+Cx_pipiens+Cx_quinquefasciatus | n_sites		357	results/phylo/rooted/rooting_site_patterns.tsv
rooting_patterns	not intact: invalid ORF: Cx_pallens,Cx_pipiens | third_positions | derived in Cx_molestus+Cx_pipiens+Cx_quinquefasciatus | per_100_loci		340.0	results/phylo/rooted/rooting_site_patterns.tsv
rooting_patterns	not intact: invalid ORF: Cx_pallens,Cx_pipiens | third_positions | derived in Cx_pallens+Cx_pipiens+Cx_quinquefasciatus | n_sites		251	results/phylo/rooted/rooting_site_patterns.tsv
rooting_patterns	not intact: invalid ORF: Cx_pallens,Cx_pipiens | third_positions | derived in Cx_pallens+Cx_pipiens+Cx_quinquefasciatus | per_100_loci		239.0	results/phylo/rooted/rooting_site_patterns.tsv
rooting_patterns	not intact: partial reference model | n_loci		15	results/phylo/rooted/rooting_site_patterns.tsv
rooting_patterns	not intact: partial reference model | all_sites | derived in Cx_molestus+Cx_pallens | n_sites		20	results/phylo/rooted/rooting_site_patterns.tsv
rooting_patterns	not intact: partial reference model | all_sites | derived in Cx_molestus+Cx_pallens | per_100_loci		133.3	results/phylo/rooted/rooting_site_patterns.tsv
rooting_patterns	not intact: partial reference model | all_sites | derived in Cx_molestus+Cx_pipiens | n_sites		167	results/phylo/rooted/rooting_site_patterns.tsv
rooting_patterns	not intact: partial reference model | all_sites | derived in Cx_molestus+Cx_pipiens | per_100_loci		1113.3	results/phylo/rooted/rooting_site_patterns.tsv
rooting_patterns	not intact: partial reference model | all_sites | derived in Cx_molestus+Cx_quinquefasciatus | n_sites		12	results/phylo/rooted/rooting_site_patterns.tsv
rooting_patterns	not intact: partial reference model | all_sites | derived in Cx_molestus+Cx_quinquefasciatus | per_100_loci		80.0	results/phylo/rooted/rooting_site_patterns.tsv
rooting_patterns	not intact: partial reference model | all_sites | derived in Cx_pallens+Cx_pipiens | n_sites		30	results/phylo/rooted/rooting_site_patterns.tsv
rooting_patterns	not intact: partial reference model | all_sites | derived in Cx_pallens+Cx_pipiens | per_100_loci		200.0	results/phylo/rooted/rooting_site_patterns.tsv
rooting_patterns	not intact: partial reference model | all_sites | derived in Cx_pallens+Cx_quinquefasciatus | n_sites		50	results/phylo/rooted/rooting_site_patterns.tsv
rooting_patterns	not intact: partial reference model | all_sites | derived in Cx_pallens+Cx_quinquefasciatus | per_100_loci		333.3	results/phylo/rooted/rooting_site_patterns.tsv
rooting_patterns	not intact: partial reference model | all_sites | derived in Cx_pipiens+Cx_quinquefasciatus | n_sites		17	results/phylo/rooted/rooting_site_patterns.tsv
rooting_patterns	not intact: partial reference model | all_sites | derived in Cx_pipiens+Cx_quinquefasciatus | per_100_loci		113.3	results/phylo/rooted/rooting_site_patterns.tsv
rooting_patterns	not intact: partial reference model | all_sites | derived in Cx_molestus+Cx_pallens+Cx_pipiens | n_sites		71	results/phylo/rooted/rooting_site_patterns.tsv
rooting_patterns	not intact: partial reference model | all_sites | derived in Cx_molestus+Cx_pallens+Cx_pipiens | per_100_loci		473.3	results/phylo/rooted/rooting_site_patterns.tsv
rooting_patterns	not intact: partial reference model | all_sites | derived in Cx_molestus+Cx_pallens+Cx_quinquefasciatus | n_sites		69	results/phylo/rooted/rooting_site_patterns.tsv
rooting_patterns	not intact: partial reference model | all_sites | derived in Cx_molestus+Cx_pallens+Cx_quinquefasciatus | per_100_loci		460.0	results/phylo/rooted/rooting_site_patterns.tsv
rooting_patterns	not intact: partial reference model | all_sites | derived in Cx_molestus+Cx_pipiens+Cx_quinquefasciatus | n_sites		35	results/phylo/rooted/rooting_site_patterns.tsv
rooting_patterns	not intact: partial reference model | all_sites | derived in Cx_molestus+Cx_pipiens+Cx_quinquefasciatus | per_100_loci		233.3	results/phylo/rooted/rooting_site_patterns.tsv
rooting_patterns	not intact: partial reference model | all_sites | derived in Cx_pallens+Cx_pipiens+Cx_quinquefasciatus | n_sites		34	results/phylo/rooted/rooting_site_patterns.tsv
rooting_patterns	not intact: partial reference model | all_sites | derived in Cx_pallens+Cx_pipiens+Cx_quinquefasciatus | per_100_loci		226.7	results/phylo/rooted/rooting_site_patterns.tsv
rooting_patterns	not intact: partial reference model | third_positions | derived in Cx_molestus+Cx_pallens | n_sites		17	results/phylo/rooted/rooting_site_patterns.tsv
rooting_patterns	not intact: partial reference model | third_positions | derived in Cx_molestus+Cx_pallens | per_100_loci		113.3	results/phylo/rooted/rooting_site_patterns.tsv
rooting_patterns	not intact: partial reference model | third_positions | derived in Cx_molestus+Cx_pipiens | n_sites		68	results/phylo/rooted/rooting_site_patterns.tsv
rooting_patterns	not intact: partial reference model | third_positions | derived in Cx_molestus+Cx_pipiens | per_100_loci		453.3	results/phylo/rooted/rooting_site_patterns.tsv
rooting_patterns	not intact: partial reference model | third_positions | derived in Cx_molestus+Cx_quinquefasciatus | n_sites		9	results/phylo/rooted/rooting_site_patterns.tsv
rooting_patterns	not intact: partial reference model | third_positions | derived in Cx_molestus+Cx_quinquefasciatus | per_100_loci		60.0	results/phylo/rooted/rooting_site_patterns.tsv
rooting_patterns	not intact: partial reference model | third_positions | derived in Cx_pallens+Cx_pipiens | n_sites		22	results/phylo/rooted/rooting_site_patterns.tsv
rooting_patterns	not intact: partial reference model | third_positions | derived in Cx_pallens+Cx_pipiens | per_100_loci		146.7	results/phylo/rooted/rooting_site_patterns.tsv
rooting_patterns	not intact: partial reference model | third_positions | derived in Cx_pallens+Cx_quinquefasciatus | n_sites		35	results/phylo/rooted/rooting_site_patterns.tsv
rooting_patterns	not intact: partial reference model | third_positions | derived in Cx_pallens+Cx_quinquefasciatus | per_100_loci		233.3	results/phylo/rooted/rooting_site_patterns.tsv
rooting_patterns	not intact: partial reference model | third_positions | derived in Cx_pipiens+Cx_quinquefasciatus | n_sites		10	results/phylo/rooted/rooting_site_patterns.tsv
rooting_patterns	not intact: partial reference model | third_positions | derived in Cx_pipiens+Cx_quinquefasciatus | per_100_loci		66.7	results/phylo/rooted/rooting_site_patterns.tsv
rooting_patterns	not intact: partial reference model | third_positions | derived in Cx_molestus+Cx_pallens+Cx_pipiens | n_sites		52	results/phylo/rooted/rooting_site_patterns.tsv
rooting_patterns	not intact: partial reference model | third_positions | derived in Cx_molestus+Cx_pallens+Cx_pipiens | per_100_loci		346.7	results/phylo/rooted/rooting_site_patterns.tsv
rooting_patterns	not intact: partial reference model | third_positions | derived in Cx_molestus+Cx_pallens+Cx_quinquefasciatus | n_sites		60	results/phylo/rooted/rooting_site_patterns.tsv
rooting_patterns	not intact: partial reference model | third_positions | derived in Cx_molestus+Cx_pallens+Cx_quinquefasciatus | per_100_loci		400.0	results/phylo/rooted/rooting_site_patterns.tsv
rooting_patterns	not intact: partial reference model | third_positions | derived in Cx_molestus+Cx_pipiens+Cx_quinquefasciatus | n_sites		31	results/phylo/rooted/rooting_site_patterns.tsv
rooting_patterns	not intact: partial reference model | third_positions | derived in Cx_molestus+Cx_pipiens+Cx_quinquefasciatus | per_100_loci		206.7	results/phylo/rooted/rooting_site_patterns.tsv
rooting_patterns	not intact: partial reference model | third_positions | derived in Cx_pallens+Cx_pipiens+Cx_quinquefasciatus | n_sites		27	results/phylo/rooted/rooting_site_patterns.tsv
rooting_patterns	not intact: partial reference model | third_positions | derived in Cx_pallens+Cx_pipiens+Cx_quinquefasciatus | per_100_loci		180.0	results/phylo/rooted/rooting_site_patterns.tsv
rooting_patterns	identity >= 95% | n_loci		5063	results/phylo/rooted/rooting_site_patterns.tsv
rooting_patterns	identity >= 95% | all_sites | derived in Cx_molestus+Cx_pallens | n_sites		4745	results/phylo/rooted/rooting_site_patterns.tsv
rooting_patterns	identity >= 95% | all_sites | derived in Cx_molestus+Cx_pallens | per_100_loci		93.7	results/phylo/rooted/rooting_site_patterns.tsv
rooting_patterns	identity >= 95% | all_sites | derived in Cx_molestus+Cx_pipiens | n_sites		21753	results/phylo/rooted/rooting_site_patterns.tsv
rooting_patterns	identity >= 95% | all_sites | derived in Cx_molestus+Cx_pipiens | per_100_loci		429.6	results/phylo/rooted/rooting_site_patterns.tsv
rooting_patterns	identity >= 95% | all_sites | derived in Cx_molestus+Cx_quinquefasciatus | n_sites		6878	results/phylo/rooted/rooting_site_patterns.tsv
rooting_patterns	identity >= 95% | all_sites | derived in Cx_molestus+Cx_quinquefasciatus | per_100_loci		135.8	results/phylo/rooted/rooting_site_patterns.tsv
rooting_patterns	identity >= 95% | all_sites | derived in Cx_pallens+Cx_pipiens | n_sites		6553	results/phylo/rooted/rooting_site_patterns.tsv
rooting_patterns	identity >= 95% | all_sites | derived in Cx_pallens+Cx_pipiens | per_100_loci		129.4	results/phylo/rooted/rooting_site_patterns.tsv
rooting_patterns	identity >= 95% | all_sites | derived in Cx_pallens+Cx_quinquefasciatus | n_sites		23638	results/phylo/rooted/rooting_site_patterns.tsv
rooting_patterns	identity >= 95% | all_sites | derived in Cx_pallens+Cx_quinquefasciatus | per_100_loci		466.9	results/phylo/rooted/rooting_site_patterns.tsv
rooting_patterns	identity >= 95% | all_sites | derived in Cx_pipiens+Cx_quinquefasciatus | n_sites		4502	results/phylo/rooted/rooting_site_patterns.tsv
rooting_patterns	identity >= 95% | all_sites | derived in Cx_pipiens+Cx_quinquefasciatus | per_100_loci		88.9	results/phylo/rooted/rooting_site_patterns.tsv
rooting_patterns	identity >= 95% | all_sites | derived in Cx_molestus+Cx_pallens+Cx_pipiens | n_sites		19745	results/phylo/rooted/rooting_site_patterns.tsv
rooting_patterns	identity >= 95% | all_sites | derived in Cx_molestus+Cx_pallens+Cx_pipiens | per_100_loci		390.0	results/phylo/rooted/rooting_site_patterns.tsv
rooting_patterns	identity >= 95% | all_sites | derived in Cx_molestus+Cx_pallens+Cx_quinquefasciatus | n_sites		15478	results/phylo/rooted/rooting_site_patterns.tsv
rooting_patterns	identity >= 95% | all_sites | derived in Cx_molestus+Cx_pallens+Cx_quinquefasciatus | per_100_loci		305.7	results/phylo/rooted/rooting_site_patterns.tsv
rooting_patterns	identity >= 95% | all_sites | derived in Cx_molestus+Cx_pipiens+Cx_quinquefasciatus | n_sites		11801	results/phylo/rooted/rooting_site_patterns.tsv
rooting_patterns	identity >= 95% | all_sites | derived in Cx_molestus+Cx_pipiens+Cx_quinquefasciatus | per_100_loci		233.1	results/phylo/rooted/rooting_site_patterns.tsv
rooting_patterns	identity >= 95% | all_sites | derived in Cx_pallens+Cx_pipiens+Cx_quinquefasciatus | n_sites		12579	results/phylo/rooted/rooting_site_patterns.tsv
rooting_patterns	identity >= 95% | all_sites | derived in Cx_pallens+Cx_pipiens+Cx_quinquefasciatus | per_100_loci		248.4	results/phylo/rooted/rooting_site_patterns.tsv
rooting_patterns	identity >= 95% | third_positions | derived in Cx_molestus+Cx_pallens | n_sites		4023	results/phylo/rooted/rooting_site_patterns.tsv
rooting_patterns	identity >= 95% | third_positions | derived in Cx_molestus+Cx_pallens | per_100_loci		79.5	results/phylo/rooted/rooting_site_patterns.tsv
rooting_patterns	identity >= 95% | third_positions | derived in Cx_molestus+Cx_pipiens | n_sites		17853	results/phylo/rooted/rooting_site_patterns.tsv
rooting_patterns	identity >= 95% | third_positions | derived in Cx_molestus+Cx_pipiens | per_100_loci		352.6	results/phylo/rooted/rooting_site_patterns.tsv
rooting_patterns	identity >= 95% | third_positions | derived in Cx_molestus+Cx_quinquefasciatus | n_sites		5780	results/phylo/rooted/rooting_site_patterns.tsv
rooting_patterns	identity >= 95% | third_positions | derived in Cx_molestus+Cx_quinquefasciatus | per_100_loci		114.2	results/phylo/rooted/rooting_site_patterns.tsv
rooting_patterns	identity >= 95% | third_positions | derived in Cx_pallens+Cx_pipiens | n_sites		5364	results/phylo/rooted/rooting_site_patterns.tsv
rooting_patterns	identity >= 95% | third_positions | derived in Cx_pallens+Cx_pipiens | per_100_loci		105.9	results/phylo/rooted/rooting_site_patterns.tsv
rooting_patterns	identity >= 95% | third_positions | derived in Cx_pallens+Cx_quinquefasciatus | n_sites		19748	results/phylo/rooted/rooting_site_patterns.tsv
rooting_patterns	identity >= 95% | third_positions | derived in Cx_pallens+Cx_quinquefasciatus | per_100_loci		390.0	results/phylo/rooted/rooting_site_patterns.tsv
rooting_patterns	identity >= 95% | third_positions | derived in Cx_pipiens+Cx_quinquefasciatus | n_sites		3862	results/phylo/rooted/rooting_site_patterns.tsv
rooting_patterns	identity >= 95% | third_positions | derived in Cx_pipiens+Cx_quinquefasciatus | per_100_loci		76.3	results/phylo/rooted/rooting_site_patterns.tsv
rooting_patterns	identity >= 95% | third_positions | derived in Cx_molestus+Cx_pallens+Cx_pipiens | n_sites		16275	results/phylo/rooted/rooting_site_patterns.tsv
rooting_patterns	identity >= 95% | third_positions | derived in Cx_molestus+Cx_pallens+Cx_pipiens | per_100_loci		321.4	results/phylo/rooted/rooting_site_patterns.tsv
rooting_patterns	identity >= 95% | third_positions | derived in Cx_molestus+Cx_pallens+Cx_quinquefasciatus | n_sites		13314	results/phylo/rooted/rooting_site_patterns.tsv
rooting_patterns	identity >= 95% | third_positions | derived in Cx_molestus+Cx_pallens+Cx_quinquefasciatus | per_100_loci		263.0	results/phylo/rooted/rooting_site_patterns.tsv
rooting_patterns	identity >= 95% | third_positions | derived in Cx_molestus+Cx_pipiens+Cx_quinquefasciatus | n_sites		9988	results/phylo/rooted/rooting_site_patterns.tsv
rooting_patterns	identity >= 95% | third_positions | derived in Cx_molestus+Cx_pipiens+Cx_quinquefasciatus | per_100_loci		197.3	results/phylo/rooted/rooting_site_patterns.tsv
rooting_patterns	identity >= 95% | third_positions | derived in Cx_pallens+Cx_pipiens+Cx_quinquefasciatus | n_sites		10809	results/phylo/rooted/rooting_site_patterns.tsv
rooting_patterns	identity >= 95% | third_positions | derived in Cx_pallens+Cx_pipiens+Cx_quinquefasciatus | per_100_loci		213.5	results/phylo/rooted/rooting_site_patterns.tsv
rooting_patterns	identity >= 98% | n_loci		1102	results/phylo/rooted/rooting_site_patterns.tsv
rooting_patterns	identity >= 98% | all_sites | derived in Cx_molestus+Cx_pallens | n_sites		263	results/phylo/rooted/rooting_site_patterns.tsv
rooting_patterns	identity >= 98% | all_sites | derived in Cx_molestus+Cx_pallens | per_100_loci		23.9	results/phylo/rooted/rooting_site_patterns.tsv
rooting_patterns	identity >= 98% | all_sites | derived in Cx_molestus+Cx_pipiens | n_sites		1508	results/phylo/rooted/rooting_site_patterns.tsv
rooting_patterns	identity >= 98% | all_sites | derived in Cx_molestus+Cx_pipiens | per_100_loci		136.8	results/phylo/rooted/rooting_site_patterns.tsv
rooting_patterns	identity >= 98% | all_sites | derived in Cx_molestus+Cx_quinquefasciatus | n_sites		585	results/phylo/rooted/rooting_site_patterns.tsv
rooting_patterns	identity >= 98% | all_sites | derived in Cx_molestus+Cx_quinquefasciatus | per_100_loci		53.1	results/phylo/rooted/rooting_site_patterns.tsv
rooting_patterns	identity >= 98% | all_sites | derived in Cx_pallens+Cx_pipiens | n_sites		450	results/phylo/rooted/rooting_site_patterns.tsv
rooting_patterns	identity >= 98% | all_sites | derived in Cx_pallens+Cx_pipiens | per_100_loci		40.8	results/phylo/rooted/rooting_site_patterns.tsv
rooting_patterns	identity >= 98% | all_sites | derived in Cx_pallens+Cx_quinquefasciatus | n_sites		1705	results/phylo/rooted/rooting_site_patterns.tsv
rooting_patterns	identity >= 98% | all_sites | derived in Cx_pallens+Cx_quinquefasciatus | per_100_loci		154.7	results/phylo/rooted/rooting_site_patterns.tsv
rooting_patterns	identity >= 98% | all_sites | derived in Cx_pipiens+Cx_quinquefasciatus | n_sites		297	results/phylo/rooted/rooting_site_patterns.tsv
rooting_patterns	identity >= 98% | all_sites | derived in Cx_pipiens+Cx_quinquefasciatus | per_100_loci		27.0	results/phylo/rooted/rooting_site_patterns.tsv
rooting_patterns	identity >= 98% | all_sites | derived in Cx_molestus+Cx_pallens+Cx_pipiens | n_sites		1587	results/phylo/rooted/rooting_site_patterns.tsv
rooting_patterns	identity >= 98% | all_sites | derived in Cx_molestus+Cx_pallens+Cx_pipiens | per_100_loci		144.0	results/phylo/rooted/rooting_site_patterns.tsv
rooting_patterns	identity >= 98% | all_sites | derived in Cx_molestus+Cx_pallens+Cx_quinquefasciatus | n_sites		978	results/phylo/rooted/rooting_site_patterns.tsv
rooting_patterns	identity >= 98% | all_sites | derived in Cx_molestus+Cx_pallens+Cx_quinquefasciatus | per_100_loci		88.7	results/phylo/rooted/rooting_site_patterns.tsv
rooting_patterns	identity >= 98% | all_sites | derived in Cx_molestus+Cx_pipiens+Cx_quinquefasciatus | n_sites		832	results/phylo/rooted/rooting_site_patterns.tsv
rooting_patterns	identity >= 98% | all_sites | derived in Cx_molestus+Cx_pipiens+Cx_quinquefasciatus | per_100_loci		75.5	results/phylo/rooted/rooting_site_patterns.tsv
rooting_patterns	identity >= 98% | all_sites | derived in Cx_pallens+Cx_pipiens+Cx_quinquefasciatus | n_sites		736	results/phylo/rooted/rooting_site_patterns.tsv
rooting_patterns	identity >= 98% | all_sites | derived in Cx_pallens+Cx_pipiens+Cx_quinquefasciatus | per_100_loci		66.8	results/phylo/rooted/rooting_site_patterns.tsv
rooting_patterns	identity >= 98% | third_positions | derived in Cx_molestus+Cx_pallens | n_sites		224	results/phylo/rooted/rooting_site_patterns.tsv
rooting_patterns	identity >= 98% | third_positions | derived in Cx_molestus+Cx_pallens | per_100_loci		20.3	results/phylo/rooted/rooting_site_patterns.tsv
rooting_patterns	identity >= 98% | third_positions | derived in Cx_molestus+Cx_pipiens | n_sites		1306	results/phylo/rooted/rooting_site_patterns.tsv
rooting_patterns	identity >= 98% | third_positions | derived in Cx_molestus+Cx_pipiens | per_100_loci		118.5	results/phylo/rooted/rooting_site_patterns.tsv
rooting_patterns	identity >= 98% | third_positions | derived in Cx_molestus+Cx_quinquefasciatus | n_sites		479	results/phylo/rooted/rooting_site_patterns.tsv
rooting_patterns	identity >= 98% | third_positions | derived in Cx_molestus+Cx_quinquefasciatus | per_100_loci		43.5	results/phylo/rooted/rooting_site_patterns.tsv
rooting_patterns	identity >= 98% | third_positions | derived in Cx_pallens+Cx_pipiens | n_sites		395	results/phylo/rooted/rooting_site_patterns.tsv
rooting_patterns	identity >= 98% | third_positions | derived in Cx_pallens+Cx_pipiens | per_100_loci		35.8	results/phylo/rooted/rooting_site_patterns.tsv
rooting_patterns	identity >= 98% | third_positions | derived in Cx_pallens+Cx_quinquefasciatus | n_sites		1493	results/phylo/rooted/rooting_site_patterns.tsv
rooting_patterns	identity >= 98% | third_positions | derived in Cx_pallens+Cx_quinquefasciatus | per_100_loci		135.5	results/phylo/rooted/rooting_site_patterns.tsv
rooting_patterns	identity >= 98% | third_positions | derived in Cx_pipiens+Cx_quinquefasciatus | n_sites		260	results/phylo/rooted/rooting_site_patterns.tsv
rooting_patterns	identity >= 98% | third_positions | derived in Cx_pipiens+Cx_quinquefasciatus | per_100_loci		23.6	results/phylo/rooted/rooting_site_patterns.tsv
rooting_patterns	identity >= 98% | third_positions | derived in Cx_molestus+Cx_pallens+Cx_pipiens | n_sites		1304	results/phylo/rooted/rooting_site_patterns.tsv
rooting_patterns	identity >= 98% | third_positions | derived in Cx_molestus+Cx_pallens+Cx_pipiens | per_100_loci		118.3	results/phylo/rooted/rooting_site_patterns.tsv
rooting_patterns	identity >= 98% | third_positions | derived in Cx_molestus+Cx_pallens+Cx_quinquefasciatus | n_sites		875	results/phylo/rooted/rooting_site_patterns.tsv
rooting_patterns	identity >= 98% | third_positions | derived in Cx_molestus+Cx_pallens+Cx_quinquefasciatus | per_100_loci		79.4	results/phylo/rooted/rooting_site_patterns.tsv
rooting_patterns	identity >= 98% | third_positions | derived in Cx_molestus+Cx_pipiens+Cx_quinquefasciatus | n_sites		722	results/phylo/rooted/rooting_site_patterns.tsv
rooting_patterns	identity >= 98% | third_positions | derived in Cx_molestus+Cx_pipiens+Cx_quinquefasciatus | per_100_loci		65.5	results/phylo/rooted/rooting_site_patterns.tsv
rooting_patterns	identity >= 98% | third_positions | derived in Cx_pallens+Cx_pipiens+Cx_quinquefasciatus | n_sites		649	results/phylo/rooted/rooting_site_patterns.tsv
rooting_patterns	identity >= 98% | third_positions | derived in Cx_pallens+Cx_pipiens+Cx_quinquefasciatus | per_100_loci		58.9	results/phylo/rooted/rooting_site_patterns.tsv
rooting_patterns	intact, identity >= 95% | n_loci		3995	results/phylo/rooted/rooting_site_patterns.tsv
rooting_patterns	intact, identity >= 95% | all_sites | derived in Cx_molestus+Cx_pallens | n_sites		3786	results/phylo/rooted/rooting_site_patterns.tsv
rooting_patterns	intact, identity >= 95% | all_sites | derived in Cx_molestus+Cx_pallens | per_100_loci		94.8	results/phylo/rooted/rooting_site_patterns.tsv
rooting_patterns	intact, identity >= 95% | all_sites | derived in Cx_molestus+Cx_pipiens | n_sites		17124	results/phylo/rooted/rooting_site_patterns.tsv
rooting_patterns	intact, identity >= 95% | all_sites | derived in Cx_molestus+Cx_pipiens | per_100_loci		428.6	results/phylo/rooted/rooting_site_patterns.tsv
rooting_patterns	intact, identity >= 95% | all_sites | derived in Cx_molestus+Cx_quinquefasciatus | n_sites		5508	results/phylo/rooted/rooting_site_patterns.tsv
rooting_patterns	intact, identity >= 95% | all_sites | derived in Cx_molestus+Cx_quinquefasciatus | per_100_loci		137.9	results/phylo/rooted/rooting_site_patterns.tsv
rooting_patterns	intact, identity >= 95% | all_sites | derived in Cx_pallens+Cx_pipiens | n_sites		5000	results/phylo/rooted/rooting_site_patterns.tsv
rooting_patterns	intact, identity >= 95% | all_sites | derived in Cx_pallens+Cx_pipiens | per_100_loci		125.2	results/phylo/rooted/rooting_site_patterns.tsv
rooting_patterns	intact, identity >= 95% | all_sites | derived in Cx_pallens+Cx_quinquefasciatus | n_sites		18490	results/phylo/rooted/rooting_site_patterns.tsv
rooting_patterns	intact, identity >= 95% | all_sites | derived in Cx_pallens+Cx_quinquefasciatus | per_100_loci		462.8	results/phylo/rooted/rooting_site_patterns.tsv
rooting_patterns	intact, identity >= 95% | all_sites | derived in Cx_pipiens+Cx_quinquefasciatus | n_sites		3548	results/phylo/rooted/rooting_site_patterns.tsv
rooting_patterns	intact, identity >= 95% | all_sites | derived in Cx_pipiens+Cx_quinquefasciatus | per_100_loci		88.8	results/phylo/rooted/rooting_site_patterns.tsv
rooting_patterns	intact, identity >= 95% | all_sites | derived in Cx_molestus+Cx_pallens+Cx_pipiens | n_sites		15705	results/phylo/rooted/rooting_site_patterns.tsv
rooting_patterns	intact, identity >= 95% | all_sites | derived in Cx_molestus+Cx_pallens+Cx_pipiens | per_100_loci		393.1	results/phylo/rooted/rooting_site_patterns.tsv
rooting_patterns	intact, identity >= 95% | all_sites | derived in Cx_molestus+Cx_pallens+Cx_quinquefasciatus | n_sites		12310	results/phylo/rooted/rooting_site_patterns.tsv
rooting_patterns	intact, identity >= 95% | all_sites | derived in Cx_molestus+Cx_pallens+Cx_quinquefasciatus | per_100_loci		308.1	results/phylo/rooted/rooting_site_patterns.tsv
rooting_patterns	intact, identity >= 95% | all_sites | derived in Cx_molestus+Cx_pipiens+Cx_quinquefasciatus | n_sites		9409	results/phylo/rooted/rooting_site_patterns.tsv
rooting_patterns	intact, identity >= 95% | all_sites | derived in Cx_molestus+Cx_pipiens+Cx_quinquefasciatus | per_100_loci		235.5	results/phylo/rooted/rooting_site_patterns.tsv
rooting_patterns	intact, identity >= 95% | all_sites | derived in Cx_pallens+Cx_pipiens+Cx_quinquefasciatus | n_sites		9807	results/phylo/rooted/rooting_site_patterns.tsv
rooting_patterns	intact, identity >= 95% | all_sites | derived in Cx_pallens+Cx_pipiens+Cx_quinquefasciatus | per_100_loci		245.5	results/phylo/rooted/rooting_site_patterns.tsv
rooting_patterns	intact, identity >= 95% | third_positions | derived in Cx_molestus+Cx_pallens | n_sites		3205	results/phylo/rooted/rooting_site_patterns.tsv
rooting_patterns	intact, identity >= 95% | third_positions | derived in Cx_molestus+Cx_pallens | per_100_loci		80.2	results/phylo/rooted/rooting_site_patterns.tsv
rooting_patterns	intact, identity >= 95% | third_positions | derived in Cx_molestus+Cx_pipiens | n_sites		14054	results/phylo/rooted/rooting_site_patterns.tsv
rooting_patterns	intact, identity >= 95% | third_positions | derived in Cx_molestus+Cx_pipiens | per_100_loci		351.8	results/phylo/rooted/rooting_site_patterns.tsv
rooting_patterns	intact, identity >= 95% | third_positions | derived in Cx_molestus+Cx_quinquefasciatus | n_sites		4654	results/phylo/rooted/rooting_site_patterns.tsv
rooting_patterns	intact, identity >= 95% | third_positions | derived in Cx_molestus+Cx_quinquefasciatus | per_100_loci		116.5	results/phylo/rooted/rooting_site_patterns.tsv
rooting_patterns	intact, identity >= 95% | third_positions | derived in Cx_pallens+Cx_pipiens | n_sites		4205	results/phylo/rooted/rooting_site_patterns.tsv
rooting_patterns	intact, identity >= 95% | third_positions | derived in Cx_pallens+Cx_pipiens | per_100_loci		105.3	results/phylo/rooted/rooting_site_patterns.tsv
rooting_patterns	intact, identity >= 95% | third_positions | derived in Cx_pallens+Cx_quinquefasciatus | n_sites		15489	results/phylo/rooted/rooting_site_patterns.tsv
rooting_patterns	intact, identity >= 95% | third_positions | derived in Cx_pallens+Cx_quinquefasciatus | per_100_loci		387.7	results/phylo/rooted/rooting_site_patterns.tsv
rooting_patterns	intact, identity >= 95% | third_positions | derived in Cx_pipiens+Cx_quinquefasciatus | n_sites		3048	results/phylo/rooted/rooting_site_patterns.tsv
rooting_patterns	intact, identity >= 95% | third_positions | derived in Cx_pipiens+Cx_quinquefasciatus | per_100_loci		76.3	results/phylo/rooted/rooting_site_patterns.tsv
rooting_patterns	intact, identity >= 95% | third_positions | derived in Cx_molestus+Cx_pallens+Cx_pipiens | n_sites		12998	results/phylo/rooted/rooting_site_patterns.tsv
rooting_patterns	intact, identity >= 95% | third_positions | derived in Cx_molestus+Cx_pallens+Cx_pipiens | per_100_loci		325.4	results/phylo/rooted/rooting_site_patterns.tsv
rooting_patterns	intact, identity >= 95% | third_positions | derived in Cx_molestus+Cx_pallens+Cx_quinquefasciatus | n_sites		10591	results/phylo/rooted/rooting_site_patterns.tsv
rooting_patterns	intact, identity >= 95% | third_positions | derived in Cx_molestus+Cx_pallens+Cx_quinquefasciatus | per_100_loci		265.1	results/phylo/rooted/rooting_site_patterns.tsv
rooting_patterns	intact, identity >= 95% | third_positions | derived in Cx_molestus+Cx_pipiens+Cx_quinquefasciatus | n_sites		7996	results/phylo/rooted/rooting_site_patterns.tsv
rooting_patterns	intact, identity >= 95% | third_positions | derived in Cx_molestus+Cx_pipiens+Cx_quinquefasciatus | per_100_loci		200.2	results/phylo/rooted/rooting_site_patterns.tsv
rooting_patterns	intact, identity >= 95% | third_positions | derived in Cx_pallens+Cx_pipiens+Cx_quinquefasciatus | n_sites		8478	results/phylo/rooted/rooting_site_patterns.tsv
rooting_patterns	intact, identity >= 95% | third_positions | derived in Cx_pallens+Cx_pipiens+Cx_quinquefasciatus | per_100_loci		212.2	results/phylo/rooted/rooting_site_patterns.tsv
rooting_patterns	intact, identity >= 98% | n_loci		889	results/phylo/rooted/rooting_site_patterns.tsv
rooting_patterns	intact, identity >= 98% | all_sites | derived in Cx_molestus+Cx_pallens | n_sites		226	results/phylo/rooted/rooting_site_patterns.tsv
rooting_patterns	intact, identity >= 98% | all_sites | derived in Cx_molestus+Cx_pallens | per_100_loci		25.4	results/phylo/rooted/rooting_site_patterns.tsv
rooting_patterns	intact, identity >= 98% | all_sites | derived in Cx_molestus+Cx_pipiens | n_sites		1240	results/phylo/rooted/rooting_site_patterns.tsv
rooting_patterns	intact, identity >= 98% | all_sites | derived in Cx_molestus+Cx_pipiens | per_100_loci		139.5	results/phylo/rooted/rooting_site_patterns.tsv
rooting_patterns	intact, identity >= 98% | all_sites | derived in Cx_molestus+Cx_quinquefasciatus | n_sites		473	results/phylo/rooted/rooting_site_patterns.tsv
rooting_patterns	intact, identity >= 98% | all_sites | derived in Cx_molestus+Cx_quinquefasciatus | per_100_loci		53.2	results/phylo/rooted/rooting_site_patterns.tsv
rooting_patterns	intact, identity >= 98% | all_sites | derived in Cx_pallens+Cx_pipiens | n_sites		374	results/phylo/rooted/rooting_site_patterns.tsv
rooting_patterns	intact, identity >= 98% | all_sites | derived in Cx_pallens+Cx_pipiens | per_100_loci		42.1	results/phylo/rooted/rooting_site_patterns.tsv
rooting_patterns	intact, identity >= 98% | all_sites | derived in Cx_pallens+Cx_quinquefasciatus | n_sites		1394	results/phylo/rooted/rooting_site_patterns.tsv
rooting_patterns	intact, identity >= 98% | all_sites | derived in Cx_pallens+Cx_quinquefasciatus | per_100_loci		156.8	results/phylo/rooted/rooting_site_patterns.tsv
rooting_patterns	intact, identity >= 98% | all_sites | derived in Cx_pipiens+Cx_quinquefasciatus | n_sites		257	results/phylo/rooted/rooting_site_patterns.tsv
rooting_patterns	intact, identity >= 98% | all_sites | derived in Cx_pipiens+Cx_quinquefasciatus | per_100_loci		28.9	results/phylo/rooted/rooting_site_patterns.tsv
rooting_patterns	intact, identity >= 98% | all_sites | derived in Cx_molestus+Cx_pallens+Cx_pipiens | n_sites		1357	results/phylo/rooted/rooting_site_patterns.tsv
rooting_patterns	intact, identity >= 98% | all_sites | derived in Cx_molestus+Cx_pallens+Cx_pipiens | per_100_loci		152.6	results/phylo/rooted/rooting_site_patterns.tsv
rooting_patterns	intact, identity >= 98% | all_sites | derived in Cx_molestus+Cx_pallens+Cx_quinquefasciatus | n_sites		805	results/phylo/rooted/rooting_site_patterns.tsv
rooting_patterns	intact, identity >= 98% | all_sites | derived in Cx_molestus+Cx_pallens+Cx_quinquefasciatus | per_100_loci		90.6	results/phylo/rooted/rooting_site_patterns.tsv
rooting_patterns	intact, identity >= 98% | all_sites | derived in Cx_molestus+Cx_pipiens+Cx_quinquefasciatus | n_sites		723	results/phylo/rooted/rooting_site_patterns.tsv
rooting_patterns	intact, identity >= 98% | all_sites | derived in Cx_molestus+Cx_pipiens+Cx_quinquefasciatus | per_100_loci		81.3	results/phylo/rooted/rooting_site_patterns.tsv
rooting_patterns	intact, identity >= 98% | all_sites | derived in Cx_pallens+Cx_pipiens+Cx_quinquefasciatus | n_sites		619	results/phylo/rooted/rooting_site_patterns.tsv
rooting_patterns	intact, identity >= 98% | all_sites | derived in Cx_pallens+Cx_pipiens+Cx_quinquefasciatus | per_100_loci		69.6	results/phylo/rooted/rooting_site_patterns.tsv
rooting_patterns	intact, identity >= 98% | third_positions | derived in Cx_molestus+Cx_pallens | n_sites		191	results/phylo/rooted/rooting_site_patterns.tsv
rooting_patterns	intact, identity >= 98% | third_positions | derived in Cx_molestus+Cx_pallens | per_100_loci		21.5	results/phylo/rooted/rooting_site_patterns.tsv
rooting_patterns	intact, identity >= 98% | third_positions | derived in Cx_molestus+Cx_pipiens | n_sites		1083	results/phylo/rooted/rooting_site_patterns.tsv
rooting_patterns	intact, identity >= 98% | third_positions | derived in Cx_molestus+Cx_pipiens | per_100_loci		121.8	results/phylo/rooted/rooting_site_patterns.tsv
rooting_patterns	intact, identity >= 98% | third_positions | derived in Cx_molestus+Cx_quinquefasciatus | n_sites		406	results/phylo/rooted/rooting_site_patterns.tsv
rooting_patterns	intact, identity >= 98% | third_positions | derived in Cx_molestus+Cx_quinquefasciatus | per_100_loci		45.7	results/phylo/rooted/rooting_site_patterns.tsv
rooting_patterns	intact, identity >= 98% | third_positions | derived in Cx_pallens+Cx_pipiens | n_sites		333	results/phylo/rooted/rooting_site_patterns.tsv
rooting_patterns	intact, identity >= 98% | third_positions | derived in Cx_pallens+Cx_pipiens | per_100_loci		37.5	results/phylo/rooted/rooting_site_patterns.tsv
rooting_patterns	intact, identity >= 98% | third_positions | derived in Cx_pallens+Cx_quinquefasciatus | n_sites		1215	results/phylo/rooted/rooting_site_patterns.tsv
rooting_patterns	intact, identity >= 98% | third_positions | derived in Cx_pallens+Cx_quinquefasciatus | per_100_loci		136.7	results/phylo/rooted/rooting_site_patterns.tsv
rooting_patterns	intact, identity >= 98% | third_positions | derived in Cx_pipiens+Cx_quinquefasciatus | n_sites		224	results/phylo/rooted/rooting_site_patterns.tsv
rooting_patterns	intact, identity >= 98% | third_positions | derived in Cx_pipiens+Cx_quinquefasciatus | per_100_loci		25.2	results/phylo/rooted/rooting_site_patterns.tsv
rooting_patterns	intact, identity >= 98% | third_positions | derived in Cx_molestus+Cx_pallens+Cx_pipiens | n_sites		1116	results/phylo/rooted/rooting_site_patterns.tsv
rooting_patterns	intact, identity >= 98% | third_positions | derived in Cx_molestus+Cx_pallens+Cx_pipiens | per_100_loci		125.5	results/phylo/rooted/rooting_site_patterns.tsv
rooting_patterns	intact, identity >= 98% | third_positions | derived in Cx_molestus+Cx_pallens+Cx_quinquefasciatus | n_sites		720	results/phylo/rooted/rooting_site_patterns.tsv
rooting_patterns	intact, identity >= 98% | third_positions | derived in Cx_molestus+Cx_pallens+Cx_quinquefasciatus | per_100_loci		81.0	results/phylo/rooted/rooting_site_patterns.tsv
rooting_patterns	intact, identity >= 98% | third_positions | derived in Cx_molestus+Cx_pipiens+Cx_quinquefasciatus | n_sites		627	results/phylo/rooted/rooting_site_patterns.tsv
rooting_patterns	intact, identity >= 98% | third_positions | derived in Cx_molestus+Cx_pipiens+Cx_quinquefasciatus | per_100_loci		70.5	results/phylo/rooted/rooting_site_patterns.tsv
rooting_patterns	intact, identity >= 98% | third_positions | derived in Cx_pallens+Cx_pipiens+Cx_quinquefasciatus | n_sites		548	results/phylo/rooted/rooting_site_patterns.tsv
rooting_patterns	intact, identity >= 98% | third_positions | derived in Cx_pallens+Cx_pipiens+Cx_quinquefasciatus | per_100_loci		61.6	results/phylo/rooted/rooting_site_patterns.tsv
locus_quality	five taxon loci		6846	results/phylo/rooted/locus_quality.tsv
locus_quality	reason: intact		4592	results/phylo/rooted/locus_quality.tsv
locus_quality	reason: RefSeq exception		408	results/phylo/rooted/locus_quality.tsv
locus_quality	reason: invalid ORF: Cx_molestus		385	results/phylo/rooted/locus_quality.tsv
locus_quality	reason: invalid ORF: Cx_molestus,Cx_pallens,Cx_pipiens		381	results/phylo/rooted/locus_quality.tsv
locus_quality	reason: invalid ORF: Cx_pipiens		335	results/phylo/rooted/locus_quality.tsv
locus_quality	reason: invalid ORF: Cx_pallens		281	results/phylo/rooted/locus_quality.tsv
locus_quality	reason: invalid ORF: Cx_molestus,Cx_pipiens		214	results/phylo/rooted/locus_quality.tsv
locus_quality	reason: invalid ORF: Cx_molestus,Cx_pallens		130	results/phylo/rooted/locus_quality.tsv
locus_quality	reason: invalid ORF: Cx_pallens,Cx_pipiens		105	results/phylo/rooted/locus_quality.tsv
locus_quality	reason: partial reference model		15	results/phylo/rooted/locus_quality.tsv
locus_quality	loci with a tree alignment		6831	results/phylo/rooted/locus_quality.tsv
locus_quality	loci in the rooted tree		4592	results/phylo/rooted/locus_quality.tsv
quartet	Cx_molestus+Cx_pipiens | Cx_pallens+Cx_quinquefasciatus | role		species_tree	results/phylo/quartet_topology_counts.tsv
quartet	Cx_molestus+Cx_pipiens | Cx_pallens+Cx_quinquefasciatus | n_gene_trees		4491	results/phylo/quartet_topology_counts.tsv
quartet	Cx_molestus+Cx_pipiens | Cx_pallens+Cx_quinquefasciatus | pct		58.93	results/phylo/quartet_topology_counts.tsv
quartet	Cx_molestus+Cx_pipiens | Cx_pallens+Cx_quinquefasciatus | iqtree_label		gCF	results/phylo/quartet_topology_counts.tsv
quartet	Cx_molestus+Cx_quinquefasciatus | Cx_pallens+Cx_pipiens | role		major_discordant	results/phylo/quartet_topology_counts.tsv
quartet	Cx_molestus+Cx_quinquefasciatus | Cx_pallens+Cx_pipiens | n_gene_trees		1746	results/phylo/quartet_topology_counts.tsv
quartet	Cx_molestus+Cx_quinquefasciatus | Cx_pallens+Cx_pipiens | pct		22.91	results/phylo/quartet_topology_counts.tsv
quartet	Cx_molestus+Cx_quinquefasciatus | Cx_pallens+Cx_pipiens | iqtree_label		gDF1	results/phylo/quartet_topology_counts.tsv
quartet	Cx_molestus+Cx_pallens | Cx_pipiens+Cx_quinquefasciatus | role		minor_discordant	results/phylo/quartet_topology_counts.tsv
quartet	Cx_molestus+Cx_pallens | Cx_pipiens+Cx_quinquefasciatus | n_gene_trees		1384	results/phylo/quartet_topology_counts.tsv
quartet	Cx_molestus+Cx_pallens | Cx_pipiens+Cx_quinquefasciatus | pct		18.16	results/phylo/quartet_topology_counts.tsv
quartet	Cx_molestus+Cx_pallens | Cx_pipiens+Cx_quinquefasciatus | iqtree_label		gDF2	results/phylo/quartet_topology_counts.tsv
quartet_support	0 | n_gene_trees		7621	results/phylo/quartet_asymmetry_by_support.tsv
quartet_support	0 | n_concordant		4491	results/phylo/quartet_asymmetry_by_support.tsv
quartet_support	0 | pct_concordant		58.93	results/phylo/quartet_asymmetry_by_support.tsv
quartet_support	0 | major_split		Cx_molestus+Cx_quinquefasciatus | Cx_pallens+Cx_pipiens	results/phylo/quartet_asymmetry_by_support.tsv
quartet_support	0 | n_major		1746	results/phylo/quartet_asymmetry_by_support.tsv
quartet_support	0 | minor_split		Cx_molestus+Cx_pallens | Cx_pipiens+Cx_quinquefasciatus	results/phylo/quartet_asymmetry_by_support.tsv
quartet_support	0 | n_minor		1384	results/phylo/quartet_asymmetry_by_support.tsv
quartet_support	0 | major_share_of_discordant		0.5578	results/phylo/quartet_asymmetry_by_support.tsv
quartet_support	0 | binomial_p		1.050e-10	results/phylo/quartet_asymmetry_by_support.tsv
quartet_support	0 | ci95_low		0.5402	results/phylo/quartet_asymmetry_by_support.tsv
quartet_support	0 | ci95_high		0.5753	results/phylo/quartet_asymmetry_by_support.tsv
quartet_support	50 | n_gene_trees		5933	results/phylo/quartet_asymmetry_by_support.tsv
quartet_support	50 | n_concordant		3901	results/phylo/quartet_asymmetry_by_support.tsv
quartet_support	50 | pct_concordant		65.75	results/phylo/quartet_asymmetry_by_support.tsv
quartet_support	50 | major_split		Cx_molestus+Cx_quinquefasciatus | Cx_pallens+Cx_pipiens	results/phylo/quartet_asymmetry_by_support.tsv
quartet_support	50 | n_major		1216	results/phylo/quartet_asymmetry_by_support.tsv
quartet_support	50 | minor_split		Cx_molestus+Cx_pallens | Cx_pipiens+Cx_quinquefasciatus	results/phylo/quartet_asymmetry_by_support.tsv
quartet_support	50 | n_minor		816	results/phylo/quartet_asymmetry_by_support.tsv
quartet_support	50 | major_share_of_discordant		0.5984	results/phylo/quartet_asymmetry_by_support.tsv
quartet_support	50 | binomial_p		6.695e-19	results/phylo/quartet_asymmetry_by_support.tsv
quartet_support	50 | ci95_low		0.5767	results/phylo/quartet_asymmetry_by_support.tsv
quartet_support	50 | ci95_high		0.6198	results/phylo/quartet_asymmetry_by_support.tsv
quartet_support	70 | n_gene_trees		4904	results/phylo/quartet_asymmetry_by_support.tsv
quartet_support	70 | n_concordant		3440	results/phylo/quartet_asymmetry_by_support.tsv
quartet_support	70 | pct_concordant		70.15	results/phylo/quartet_asymmetry_by_support.tsv
quartet_support	70 | major_split		Cx_molestus+Cx_quinquefasciatus | Cx_pallens+Cx_pipiens	results/phylo/quartet_asymmetry_by_support.tsv
quartet_support	70 | n_major		898	results/phylo/quartet_asymmetry_by_support.tsv
quartet_support	70 | minor_split		Cx_molestus+Cx_pallens | Cx_pipiens+Cx_quinquefasciatus	results/phylo/quartet_asymmetry_by_support.tsv
quartet_support	70 | n_minor		566	results/phylo/quartet_asymmetry_by_support.tsv
quartet_support	70 | major_share_of_discordant		0.6134	results/phylo/quartet_asymmetry_by_support.tsv
quartet_support	70 | binomial_p		3.693e-18	results/phylo/quartet_asymmetry_by_support.tsv
quartet_support	70 | ci95_low		0.5879	results/phylo/quartet_asymmetry_by_support.tsv
quartet_support	70 | ci95_high		0.6384	results/phylo/quartet_asymmetry_by_support.tsv
quartet_support	80 | n_gene_trees		3825	results/phylo/quartet_asymmetry_by_support.tsv
quartet_support	80 | n_concordant		2838	results/phylo/quartet_asymmetry_by_support.tsv
quartet_support	80 | pct_concordant		74.2	results/phylo/quartet_asymmetry_by_support.tsv
quartet_support	80 | major_split		Cx_molestus+Cx_quinquefasciatus | Cx_pallens+Cx_pipiens	results/phylo/quartet_asymmetry_by_support.tsv
quartet_support	80 | n_major		643	results/phylo/quartet_asymmetry_by_support.tsv
quartet_support	80 | minor_split		Cx_molestus+Cx_pallens | Cx_pipiens+Cx_quinquefasciatus	results/phylo/quartet_asymmetry_by_support.tsv
quartet_support	80 | n_minor		344	results/phylo/quartet_asymmetry_by_support.tsv
quartet_support	80 | major_share_of_discordant		0.6515	results/phylo/quartet_asymmetry_by_support.tsv
quartet_support	80 | binomial_p		1.187e-21	results/phylo/quartet_asymmetry_by_support.tsv
quartet_support	80 | ci95_low		0.6208	results/phylo/quartet_asymmetry_by_support.tsv
quartet_support	80 | ci95_high		0.6812	results/phylo/quartet_asymmetry_by_support.tsv
quartet_support	90 | n_gene_trees		3022	results/phylo/quartet_asymmetry_by_support.tsv
quartet_support	90 | n_concordant		2347	results/phylo/quartet_asymmetry_by_support.tsv
quartet_support	90 | pct_concordant		77.66	results/phylo/quartet_asymmetry_by_support.tsv
quartet_support	90 | major_split		Cx_molestus+Cx_quinquefasciatus | Cx_pallens+Cx_pipiens	results/phylo/quartet_asymmetry_by_support.tsv
quartet_support	90 | n_major		444	results/phylo/quartet_asymmetry_by_support.tsv
quartet_support	90 | minor_split		Cx_molestus+Cx_pallens | Cx_pipiens+Cx_quinquefasciatus	results/phylo/quartet_asymmetry_by_support.tsv
quartet_support	90 | n_minor		231	results/phylo/quartet_asymmetry_by_support.tsv
quartet_support	90 | major_share_of_discordant		0.6578	results/phylo/quartet_asymmetry_by_support.tsv
quartet_support	90 | binomial_p		1.897e-16	results/phylo/quartet_asymmetry_by_support.tsv
quartet_support	90 | ci95_low		0.6206	results/phylo/quartet_asymmetry_by_support.tsv
quartet_support	90 | ci95_high		0.6936	results/phylo/quartet_asymmetry_by_support.tsv
quartet_support	95 | n_gene_trees		2502	results/phylo/quartet_asymmetry_by_support.tsv
quartet_support	95 | n_concordant		1969	results/phylo/quartet_asymmetry_by_support.tsv
quartet_support	95 | pct_concordant		78.7	results/phylo/quartet_asymmetry_by_support.tsv
quartet_support	95 | major_split		Cx_molestus+Cx_quinquefasciatus | Cx_pallens+Cx_pipiens	results/phylo/quartet_asymmetry_by_support.tsv
quartet_support	95 | n_major		349	results/phylo/quartet_asymmetry_by_support.tsv
quartet_support	95 | minor_split		Cx_molestus+Cx_pallens | Cx_pipiens+Cx_quinquefasciatus	results/phylo/quartet_asymmetry_by_support.tsv
quartet_support	95 | n_minor		184	results/phylo/quartet_asymmetry_by_support.tsv
quartet_support	95 | major_share_of_discordant		0.6548	results/phylo/quartet_asymmetry_by_support.tsv
quartet_support	95 | binomial_p		8.036e-13	results/phylo/quartet_asymmetry_by_support.tsv
quartet_support	95 | ci95_low		0.6127	results/phylo/quartet_asymmetry_by_support.tsv
quartet_support	95 | ci95_high		0.6951	results/phylo/quartet_asymmetry_by_support.tsv
quartet_sites	Cx_molestus+Cx_pipiens | Cx_pallens+Cx_quinquefasciatus vs species_tree | n_informative_sites		36018	results/phylo/quartet_site_patterns.tsv
quartet_sites	Cx_molestus+Cx_pipiens | Cx_pallens+Cx_quinquefasciatus vs species_tree | pct		45.09	results/phylo/quartet_site_patterns.tsv
quartet_sites	Cx_molestus+Cx_quinquefasciatus | Cx_pallens+Cx_pipiens vs major_discordant_gene_trees | n_informative_sites		21224	results/phylo/quartet_site_patterns.tsv
quartet_sites	Cx_molestus+Cx_quinquefasciatus | Cx_pallens+Cx_pipiens vs major_discordant_gene_trees | pct		26.57	results/phylo/quartet_site_patterns.tsv
quartet_sites	Cx_molestus+Cx_pallens | Cx_pipiens+Cx_quinquefasciatus vs minor_discordant_gene_trees | n_informative_sites		22638	results/phylo/quartet_site_patterns.tsv
quartet_sites	Cx_molestus+Cx_pallens | Cx_pipiens+Cx_quinquefasciatus vs minor_discordant_gene_trees | pct		28.34	results/phylo/quartet_site_patterns.tsv
quartet_sites	discordant sites: gene tree major vs minor vs binomial_test | n_informative_sites		43862	results/phylo/quartet_site_patterns.tsv
quartet_sites	discordant sites: gene tree major vs minor vs binomial_test | pct		48.39	results/phylo/quartet_site_patterns.tsv
quartet_sites	discordant sites: gene tree major vs minor vs binomial_test | binomial_p		1.505e-11	results/phylo/quartet_site_patterns.tsv
quartet_sites	discordant sites: gene tree major vs minor vs binomial_test | ci95_low		0.4792	results/phylo/quartet_site_patterns.tsv
quartet_sites	discordant sites: gene tree major vs minor vs binomial_test | ci95_high		0.4886	results/phylo/quartet_site_patterns.tsv
quartet_sites	Cx_molestus+Cx_pipiens | Cx_pallens+Cx_quinquefasciatus vs locus_majority_species_tree | pct		67.94	results/phylo/quartet_site_patterns.tsv
quartet_sites	Cx_molestus+Cx_pipiens | Cx_pallens+Cx_quinquefasciatus vs locus_majority_species_tree | n_loci		3797	results/phylo/quartet_site_patterns.tsv
quartet_sites	Cx_molestus+Cx_quinquefasciatus | Cx_pallens+Cx_pipiens vs locus_majority_major_discordant_gene_trees | pct		19.31	results/phylo/quartet_site_patterns.tsv
quartet_sites	Cx_molestus+Cx_quinquefasciatus | Cx_pallens+Cx_pipiens vs locus_majority_major_discordant_gene_trees | n_loci		1079	results/phylo/quartet_site_patterns.tsv
quartet_sites	Cx_molestus+Cx_pallens | Cx_pipiens+Cx_quinquefasciatus vs locus_majority_minor_discordant_gene_trees | pct		12.76	results/phylo/quartet_site_patterns.tsv
quartet_sites	Cx_molestus+Cx_pallens | Cx_pipiens+Cx_quinquefasciatus vs locus_majority_minor_discordant_gene_trees | n_loci		713	results/phylo/quartet_site_patterns.tsv
quartet_sites	locus majority: gene tree major vs minor vs binomial_test | pct		60.21	results/phylo/quartet_site_patterns.tsv
quartet_sites	locus majority: gene tree major vs minor vs binomial_test | binomial_p		5.053e-18	results/phylo/quartet_site_patterns.tsv
quartet_sites	locus majority: gene tree major vs minor vs binomial_test | ci95_low		0.579	results/phylo/quartet_site_patterns.tsv
quartet_sites	locus majority: gene tree major vs minor vs binomial_test | ci95_high		0.6249	results/phylo/quartet_site_patterns.tsv
quartet_sites	locus majority: gene tree major vs minor vs binomial_test | n_loci		1792	results/phylo/quartet_site_patterns.tsv
quartet_sites	loci without a majority split vs locus_majority_undecided | n_loci		3533	results/phylo/quartet_site_patterns.tsv
quartet_sites	loci without a majority split vs locus_majority_undecided | n_loci_no_informative_sites		2991	results/phylo/quartet_site_patterns.tsv
quartet_sites	informative sites per locus vs median | n_informative_sites		2.0	results/phylo/quartet_site_patterns.tsv
quartet_sites	informative sites per locus vs median | n_loci		9122	results/phylo/quartet_site_patterns.tsv
quartet_sites	top 1% of loci by informative sites vs concentration | n_informative_sites		36435	results/phylo/quartet_site_patterns.tsv
quartet_sites	top 1% of loci by informative sites vs concentration | pct		45.61	results/phylo/quartet_site_patterns.tsv
quartet_sites	top 1% of loci by informative sites vs concentration | n_loci		91	results/phylo/quartet_site_patterns.tsv
quartet_sites	Cx_molestus+Cx_pipiens | Cx_pallens+Cx_quinquefasciatus vs top_loci_species_tree | n_informative_sites		10054	results/phylo/quartet_site_patterns.tsv
quartet_sites	Cx_molestus+Cx_pipiens | Cx_pallens+Cx_quinquefasciatus vs top_loci_species_tree | pct		27.59	results/phylo/quartet_site_patterns.tsv
quartet_sites	Cx_molestus+Cx_pipiens | Cx_pallens+Cx_quinquefasciatus vs top_loci_species_tree | n_loci		91	results/phylo/quartet_site_patterns.tsv
quartet_sites	Cx_molestus+Cx_quinquefasciatus | Cx_pallens+Cx_pipiens vs top_loci_major_discordant_gene_trees | n_informative_sites		11204	results/phylo/quartet_site_patterns.tsv
quartet_sites	Cx_molestus+Cx_quinquefasciatus | Cx_pallens+Cx_pipiens vs top_loci_major_discordant_gene_trees | pct		30.75	results/phylo/quartet_site_patterns.tsv
quartet_sites	Cx_molestus+Cx_quinquefasciatus | Cx_pallens+Cx_pipiens vs top_loci_major_discordant_gene_trees | n_loci		91	results/phylo/quartet_site_patterns.tsv
quartet_sites	Cx_molestus+Cx_pallens | Cx_pipiens+Cx_quinquefasciatus vs top_loci_minor_discordant_gene_trees | n_informative_sites		15177	results/phylo/quartet_site_patterns.tsv
quartet_sites	Cx_molestus+Cx_pallens | Cx_pipiens+Cx_quinquefasciatus vs top_loci_minor_discordant_gene_trees | pct		41.66	results/phylo/quartet_site_patterns.tsv
quartet_sites	Cx_molestus+Cx_pallens | Cx_pipiens+Cx_quinquefasciatus vs top_loci_minor_discordant_gene_trees | n_loci		91	results/phylo/quartet_site_patterns.tsv
quartet_sites	discordant sites outside the top 1% of loci: gene tree major vs minor vs binomial_test | n_informative_sites		17481	results/phylo/quartet_site_patterns.tsv
quartet_sites	discordant sites outside the top 1% of loci: gene tree major vs minor vs binomial_test | pct		57.32	results/phylo/quartet_site_patterns.tsv
quartet_sites	discordant sites outside the top 1% of loci: gene tree major vs minor vs binomial_test | binomial_p		1.098e-83	results/phylo/quartet_site_patterns.tsv
quartet_sites	discordant sites outside the top 1% of loci: gene tree major vs minor vs binomial_test | ci95_low		0.5658	results/phylo/quartet_site_patterns.tsv
quartet_sites	discordant sites outside the top 1% of loci: gene tree major vs minor vs binomial_test | ci95_high		0.5805	results/phylo/quartet_site_patterns.tsv
quartet_sites	discordant sites outside the top 1% of loci: gene tree major vs minor vs binomial_test | n_loci		9031	results/phylo/quartet_site_patterns.tsv
quartet_sites	top 1% of loci by informative sites vs loci_with_a_model_not_intact | pct		100.0	results/phylo/quartet_site_patterns.tsv
quartet_sites	top 1% of loci by informative sites vs loci_with_a_model_not_intact | n_loci		91	results/phylo/quartet_site_patterns.tsv
quartet_sites	top 1% of loci by informative sites vs loci_with_a_model_not_intact | n_loci_not_intact		91	results/phylo/quartet_site_patterns.tsv
quartet_sites	loci outside the top 1% vs loci_with_a_model_not_intact | pct		34.02	results/phylo/quartet_site_patterns.tsv
quartet_sites	loci outside the top 1% vs loci_with_a_model_not_intact | n_loci		9031	results/phylo/quartet_site_patterns.tsv
quartet_sites	loci outside the top 1% vs loci_with_a_model_not_intact | n_loci_not_intact		3072	results/phylo/quartet_site_patterns.tsv
quartet_sites	Cx_molestus+Cx_pipiens | Cx_pallens+Cx_quinquefasciatus vs intact_loci_species_tree | n_informative_sites		13361	results/phylo/quartet_site_patterns.tsv
quartet_sites	Cx_molestus+Cx_pipiens | Cx_pallens+Cx_quinquefasciatus vs intact_loci_species_tree | pct		74.39	results/phylo/quartet_site_patterns.tsv
quartet_sites	Cx_molestus+Cx_pipiens | Cx_pallens+Cx_quinquefasciatus vs intact_loci_species_tree | n_loci		5959	results/phylo/quartet_site_patterns.tsv
quartet_sites	Cx_molestus+Cx_quinquefasciatus | Cx_pallens+Cx_pipiens vs intact_loci_major_discordant_gene_trees | n_informative_sites		2713	results/phylo/quartet_site_patterns.tsv
quartet_sites	Cx_molestus+Cx_quinquefasciatus | Cx_pallens+Cx_pipiens vs intact_loci_major_discordant_gene_trees | pct		15.11	results/phylo/quartet_site_patterns.tsv
quartet_sites	Cx_molestus+Cx_quinquefasciatus | Cx_pallens+Cx_pipiens vs intact_loci_major_discordant_gene_trees | n_loci		5959	results/phylo/quartet_site_patterns.tsv
quartet_sites	Cx_molestus+Cx_pallens | Cx_pipiens+Cx_quinquefasciatus vs intact_loci_minor_discordant_gene_trees | n_informative_sites		1886	results/phylo/quartet_site_patterns.tsv
quartet_sites	Cx_molestus+Cx_pallens | Cx_pipiens+Cx_quinquefasciatus vs intact_loci_minor_discordant_gene_trees | pct		10.5	results/phylo/quartet_site_patterns.tsv
quartet_sites	Cx_molestus+Cx_pallens | Cx_pipiens+Cx_quinquefasciatus vs intact_loci_minor_discordant_gene_trees | n_loci		5959	results/phylo/quartet_site_patterns.tsv
quartet_sites	loci with four intact models, discordant sites: gene tree major vs minor vs intact_loci_binomial_test | n_informative_sites		4599	results/phylo/quartet_site_patterns.tsv
quartet_sites	loci with four intact models, discordant sites: gene tree major vs minor vs intact_loci_binomial_test | pct		58.99	results/phylo/quartet_site_patterns.tsv
quartet_sites	loci with four intact models, discordant sites: gene tree major vs minor vs intact_loci_binomial_test | binomial_p		2.652e-34	results/phylo/quartet_site_patterns.tsv
quartet_sites	loci with four intact models, discordant sites: gene tree major vs minor vs intact_loci_binomial_test | ci95_low		0.5755	results/phylo/quartet_site_patterns.tsv
quartet_sites	loci with four intact models, discordant sites: gene tree major vs minor vs intact_loci_binomial_test | ci95_high		0.6042	results/phylo/quartet_site_patterns.tsv
quartet_sites	loci with four intact models, discordant sites: gene tree major vs minor vs intact_loci_binomial_test | n_loci		5959	results/phylo/quartet_site_patterns.tsv
quartet_sites	Cx_molestus+Cx_pipiens | Cx_pallens+Cx_quinquefasciatus vs intact_loci_locus_majority_species_tree | n_loci		2476	results/phylo/quartet_site_patterns.tsv
quartet_sites	Cx_molestus+Cx_quinquefasciatus | Cx_pallens+Cx_pipiens vs intact_loci_locus_majority_major_discordant_gene_trees | n_loci		610	results/phylo/quartet_site_patterns.tsv
quartet_sites	Cx_molestus+Cx_pallens | Cx_pipiens+Cx_quinquefasciatus vs intact_loci_locus_majority_minor_discordant_gene_trees | n_loci		366	results/phylo/quartet_site_patterns.tsv
quartet_sites	loci with four intact models, locus majority: gene tree major vs minor vs intact_loci_locus_majority_binomial_test | pct		62.5	results/phylo/quartet_site_patterns.tsv
quartet_sites	loci with four intact models, locus majority: gene tree major vs minor vs intact_loci_locus_majority_binomial_test | binomial_p		5.339e-15	results/phylo/quartet_site_patterns.tsv
quartet_sites	loci with four intact models, locus majority: gene tree major vs minor vs intact_loci_locus_majority_binomial_test | ci95_low		0.5938	results/phylo/quartet_site_patterns.tsv
quartet_sites	loci with four intact models, locus majority: gene tree major vs minor vs intact_loci_locus_majority_binomial_test | ci95_high		0.6555	results/phylo/quartet_site_patterns.tsv
quartet_sites	loci with four intact models, locus majority: gene tree major vs minor vs intact_loci_locus_majority_binomial_test | n_loci		976	results/phylo/quartet_site_patterns.tsv
quartet_robustness	all gene trees | n_gene_trees		7621	results/phylo/quartet_robustness.tsv
quartet_robustness	all gene trees | n_concordant		4491	results/phylo/quartet_robustness.tsv
quartet_robustness	all gene trees | pct_concordant		58.93	results/phylo/quartet_robustness.tsv
quartet_robustness	all gene trees | n_major		1746	results/phylo/quartet_robustness.tsv
quartet_robustness	all gene trees | n_minor		1384	results/phylo/quartet_robustness.tsv
quartet_robustness	all gene trees | major_share_of_discordant		0.5578	results/phylo/quartet_robustness.tsv
quartet_robustness	all gene trees | binomial_p		1.050e-10	results/phylo/quartet_robustness.tsv
quartet_robustness	all gene trees | ci95_low		0.5402	results/phylo/quartet_robustness.tsv
quartet_robustness	all gene trees | ci95_high		0.5753	results/phylo/quartet_robustness.tsv
quartet_robustness	internal branch above the minimum length | n_gene_trees		6344	results/phylo/quartet_robustness.tsv
quartet_robustness	internal branch above the minimum length | n_concordant		4056	results/phylo/quartet_robustness.tsv
quartet_robustness	internal branch above the minimum length | pct_concordant		63.93	results/phylo/quartet_robustness.tsv
quartet_robustness	internal branch above the minimum length | n_major		1344	results/phylo/quartet_robustness.tsv
quartet_robustness	internal branch above the minimum length | n_minor		944	results/phylo/quartet_robustness.tsv
quartet_robustness	internal branch above the minimum length | major_share_of_discordant		0.5874	results/phylo/quartet_robustness.tsv
quartet_robustness	internal branch above the minimum length | binomial_p		6.136e-17	results/phylo/quartet_robustness.tsv
quartet_robustness	internal branch above the minimum length | ci95_low		0.5669	results/phylo/quartet_robustness.tsv
quartet_robustness	internal branch above the minimum length | ci95_high		0.6077	results/phylo/quartet_robustness.tsv
quartet_robustness	internal branch at the minimum length | n_gene_trees		1277	results/phylo/quartet_robustness.tsv
quartet_robustness	internal branch at the minimum length | n_concordant		435	results/phylo/quartet_robustness.tsv
quartet_robustness	internal branch at the minimum length | pct_concordant		34.06	results/phylo/quartet_robustness.tsv
quartet_robustness	internal branch at the minimum length | n_major		402	results/phylo/quartet_robustness.tsv
quartet_robustness	internal branch at the minimum length | n_minor		440	results/phylo/quartet_robustness.tsv
quartet_robustness	internal branch at the minimum length | major_share_of_discordant		0.4774	results/phylo/quartet_robustness.tsv
quartet_robustness	internal branch at the minimum length | binomial_p		2.022e-01	results/phylo/quartet_robustness.tsv
quartet_robustness	internal branch at the minimum length | ci95_low		0.4432	results/phylo/quartet_robustness.tsv
quartet_robustness	internal branch at the minimum length | ci95_high		0.5118	results/phylo/quartet_robustness.tsv
quartet_robustness	no terminal branch longer than 0.1 | n_gene_trees		6556	results/phylo/quartet_robustness.tsv
quartet_robustness	no terminal branch longer than 0.1 | n_concordant		3988	results/phylo/quartet_robustness.tsv
quartet_robustness	no terminal branch longer than 0.1 | pct_concordant		60.83	results/phylo/quartet_robustness.tsv
quartet_robustness	no terminal branch longer than 0.1 | n_major		1457	results/phylo/quartet_robustness.tsv
quartet_robustness	no terminal branch longer than 0.1 | n_minor		1111	results/phylo/quartet_robustness.tsv
quartet_robustness	no terminal branch longer than 0.1 | major_share_of_discordant		0.5674	results/phylo/quartet_robustness.tsv
quartet_robustness	no terminal branch longer than 0.1 | binomial_p		9.224e-12	results/phylo/quartet_robustness.tsv
quartet_robustness	no terminal branch longer than 0.1 | ci95_low		0.5479	results/phylo/quartet_robustness.tsv
quartet_robustness	no terminal branch longer than 0.1 | ci95_high		0.5866	results/phylo/quartet_robustness.tsv
quartet_robustness	a terminal branch longer than 0.1 | n_gene_trees		1065	results/phylo/quartet_robustness.tsv
quartet_robustness	a terminal branch longer than 0.1 | n_concordant		503	results/phylo/quartet_robustness.tsv
quartet_robustness	a terminal branch longer than 0.1 | pct_concordant		47.23	results/phylo/quartet_robustness.tsv
quartet_robustness	a terminal branch longer than 0.1 | n_major		289	results/phylo/quartet_robustness.tsv
quartet_robustness	a terminal branch longer than 0.1 | n_minor		273	results/phylo/quartet_robustness.tsv
quartet_robustness	a terminal branch longer than 0.1 | major_share_of_discordant		0.5142	results/phylo/quartet_robustness.tsv
quartet_robustness	a terminal branch longer than 0.1 | binomial_p		5.269e-01	results/phylo/quartet_robustness.tsv
quartet_robustness	a terminal branch longer than 0.1 | ci95_low		0.472	results/phylo/quartet_robustness.tsv
quartet_robustness	a terminal branch longer than 0.1 | ci95_high		0.5563	results/phylo/quartet_robustness.tsv
quartet_robustness	loci with four intact models | n_gene_trees		4798	results/phylo/quartet_robustness.tsv
quartet_robustness	loci with four intact models | n_concordant		2936	results/phylo/quartet_robustness.tsv
quartet_robustness	loci with four intact models | pct_concordant		61.19	results/phylo/quartet_robustness.tsv
quartet_robustness	loci with four intact models | n_major		1065	results/phylo/quartet_robustness.tsv
quartet_robustness	loci with four intact models | n_minor		797	results/phylo/quartet_robustness.tsv
quartet_robustness	loci with four intact models | major_share_of_discordant		0.572	results/phylo/quartet_robustness.tsv
quartet_robustness	loci with four intact models | binomial_p		5.719e-10	results/phylo/quartet_robustness.tsv
quartet_robustness	loci with four intact models | ci95_low		0.5491	results/phylo/quartet_robustness.tsv
quartet_robustness	loci with four intact models | ci95_high		0.5946	results/phylo/quartet_robustness.tsv
quartet_robustness	loci with four intact models, internal branch above the minimum length | n_gene_trees		3882	results/phylo/quartet_robustness.tsv
quartet_robustness	loci with four intact models, internal branch above the minimum length | n_concordant		2642	results/phylo/quartet_robustness.tsv
quartet_robustness	loci with four intact models, internal branch above the minimum length | pct_concordant		68.06	results/phylo/quartet_robustness.tsv
quartet_robustness	loci with four intact models, internal branch above the minimum length | n_major		761	results/phylo/quartet_robustness.tsv
quartet_robustness	loci with four intact models, internal branch above the minimum length | n_minor		479	results/phylo/quartet_robustness.tsv
quartet_robustness	loci with four intact models, internal branch above the minimum length | major_share_of_discordant		0.6137	results/phylo/quartet_robustness.tsv
quartet_robustness	loci with four intact models, internal branch above the minimum length | binomial_p		1.109e-15	results/phylo/quartet_robustness.tsv
quartet_robustness	loci with four intact models, internal branch above the minimum length | ci95_low		0.586	results/phylo/quartet_robustness.tsv
quartet_robustness	loci with four intact models, internal branch above the minimum length | ci95_high		0.6409	results/phylo/quartet_robustness.tsv
quartet_robustness	loci with four intact models, UFBoot >= 95 | n_gene_trees		1497	results/phylo/quartet_robustness.tsv
quartet_robustness	loci with four intact models, UFBoot >= 95 | n_concordant		1303	results/phylo/quartet_robustness.tsv
quartet_robustness	loci with four intact models, UFBoot >= 95 | pct_concordant		87.04	results/phylo/quartet_robustness.tsv
quartet_robustness	loci with four intact models, UFBoot >= 95 | n_major		151	results/phylo/quartet_robustness.tsv
quartet_robustness	loci with four intact models, UFBoot >= 95 | n_minor		43	results/phylo/quartet_robustness.tsv
quartet_robustness	loci with four intact models, UFBoot >= 95 | major_share_of_discordant		0.7784	results/phylo/quartet_robustness.tsv
quartet_robustness	loci with four intact models, UFBoot >= 95 | binomial_p		2.820e-15	results/phylo/quartet_robustness.tsv
quartet_robustness	loci with four intact models, UFBoot >= 95 | ci95_low		0.7133	results/phylo/quartet_robustness.tsv
quartet_robustness	loci with four intact models, UFBoot >= 95 | ci95_high		0.8347	results/phylo/quartet_robustness.tsv
quartet_robustness	loci with a model that is not intact | n_gene_trees		2823	results/phylo/quartet_robustness.tsv
quartet_robustness	loci with a model that is not intact | n_concordant		1555	results/phylo/quartet_robustness.tsv
quartet_robustness	loci with a model that is not intact | pct_concordant		55.08	results/phylo/quartet_robustness.tsv
quartet_robustness	loci with a model that is not intact | n_major		681	results/phylo/quartet_robustness.tsv
quartet_robustness	loci with a model that is not intact | n_minor		587	results/phylo/quartet_robustness.tsv
quartet_robustness	loci with a model that is not intact | major_share_of_discordant		0.5371	results/phylo/quartet_robustness.tsv
quartet_robustness	loci with a model that is not intact | binomial_p		8.983e-03	results/phylo/quartet_robustness.tsv
quartet_robustness	loci with a model that is not intact | ci95_low		0.5092	results/phylo/quartet_robustness.tsv
quartet_robustness	loci with a model that is not intact | ci95_high		0.5648	results/phylo/quartet_robustness.tsv
branch_lengths	Cx_molestus | concat_tree		0.03378	results/phylo/branch_length_summary.tsv
branch_lengths	Cx_molestus | n_gene_trees		7621	results/phylo/branch_length_summary.tsv
branch_lengths	Cx_molestus | gene_tree_median		0.00397	results/phylo/branch_length_summary.tsv
branch_lengths	Cx_molestus | gene_tree_mean		0.04754	results/phylo/branch_length_summary.tsv
branch_lengths	Cx_molestus | gene_tree_p90		0.02502	results/phylo/branch_length_summary.tsv
branch_lengths	Cx_molestus | n_above_0.1		294	results/phylo/branch_length_summary.tsv
branch_lengths	Cx_molestus | share_above_0.1		0.03858	results/phylo/branch_length_summary.tsv
branch_lengths	Cx_molestus | n_minimum		1801	results/phylo/branch_length_summary.tsv
branch_lengths	Cx_molestus | share_minimum		0.23632	results/phylo/branch_length_summary.tsv
branch_lengths	Cx_pallens | concat_tree		0.02898	results/phylo/branch_length_summary.tsv
branch_lengths	Cx_pallens | n_gene_trees		7621	results/phylo/branch_length_summary.tsv
branch_lengths	Cx_pallens | gene_tree_median		0.0032	results/phylo/branch_length_summary.tsv
branch_lengths	Cx_pallens | gene_tree_mean		0.03747	results/phylo/branch_length_summary.tsv
branch_lengths	Cx_pallens | gene_tree_p90		0.02262	results/phylo/branch_length_summary.tsv
branch_lengths	Cx_pallens | n_above_0.1		252	results/phylo/branch_length_summary.tsv
branch_lengths	Cx_pallens | share_above_0.1		0.03307	results/phylo/branch_length_summary.tsv
branch_lengths	Cx_pallens | n_minimum		2010	results/phylo/branch_length_summary.tsv
branch_lengths	Cx_pallens | share_minimum		0.26374	results/phylo/branch_length_summary.tsv
branch_lengths	Cx_pipiens | concat_tree		0.03534	results/phylo/branch_length_summary.tsv
branch_lengths	Cx_pipiens | n_gene_trees		7621	results/phylo/branch_length_summary.tsv
branch_lengths	Cx_pipiens | gene_tree_median		0.00526	results/phylo/branch_length_summary.tsv
branch_lengths	Cx_pipiens | gene_tree_mean		0.0497	results/phylo/branch_length_summary.tsv
branch_lengths	Cx_pipiens | gene_tree_p90		0.02837	results/phylo/branch_length_summary.tsv
branch_lengths	Cx_pipiens | n_above_0.1		288	results/phylo/branch_length_summary.tsv
branch_lengths	Cx_pipiens | share_above_0.1		0.03779	results/phylo/branch_length_summary.tsv
branch_lengths	Cx_pipiens | n_minimum		1336	results/phylo/branch_length_summary.tsv
branch_lengths	Cx_pipiens | share_minimum		0.17531	results/phylo/branch_length_summary.tsv
branch_lengths	Cx_quinquefasciatus | concat_tree		0.05401	results/phylo/branch_length_summary.tsv
branch_lengths	Cx_quinquefasciatus | n_gene_trees		7621	results/phylo/branch_length_summary.tsv
branch_lengths	Cx_quinquefasciatus | gene_tree_median		0.00607	results/phylo/branch_length_summary.tsv
branch_lengths	Cx_quinquefasciatus | gene_tree_mean		0.07545	results/phylo/branch_length_summary.tsv
branch_lengths	Cx_quinquefasciatus | gene_tree_p90		0.0446	results/phylo/branch_length_summary.tsv
branch_lengths	Cx_quinquefasciatus | n_above_0.1		446	results/phylo/branch_length_summary.tsv
branch_lengths	Cx_quinquefasciatus | share_above_0.1		0.05852	results/phylo/branch_length_summary.tsv
branch_lengths	Cx_quinquefasciatus | n_minimum		1290	results/phylo/branch_length_summary.tsv
branch_lengths	Cx_quinquefasciatus | share_minimum		0.16927	results/phylo/branch_length_summary.tsv
branch_lengths	internal | concat_tree		0.01227	results/phylo/branch_length_summary.tsv
branch_lengths	internal | n_gene_trees		7621	results/phylo/branch_length_summary.tsv
branch_lengths	internal | gene_tree_median		0.00503	results/phylo/branch_length_summary.tsv
branch_lengths	internal | gene_tree_mean		0.05024	results/phylo/branch_length_summary.tsv
branch_lengths	internal | gene_tree_p90		0.03725	results/phylo/branch_length_summary.tsv
branch_lengths	internal | n_above_0.1		397	results/phylo/branch_length_summary.tsv
branch_lengths	internal | share_above_0.1		0.05209	results/phylo/branch_length_summary.tsv
branch_lengths	internal | n_minimum		1277	results/phylo/branch_length_summary.tsv
branch_lengths	internal | share_minimum		0.16756	results/phylo/branch_length_summary.tsv
sco_identity	Cx_molestus vs Cx_pallens | n_loci		9114	results/phylo/sco_pairwise_identity.tsv
sco_identity	Cx_molestus vs Cx_pallens | median_identity		0.98875	results/phylo/sco_pairwise_identity.tsv
sco_identity	Cx_molestus vs Cx_pallens | mean_identity		0.95442	results/phylo/sco_pairwise_identity.tsv
sco_identity	Cx_molestus vs Cx_pallens | p05_identity		0.74758	results/phylo/sco_pairwise_identity.tsv
sco_identity	Cx_molestus vs Cx_pallens | share_below_0.95		0.1477	results/phylo/sco_pairwise_identity.tsv
sco_identity	Cx_molestus vs Cx_pipiens | n_loci		9117	results/phylo/sco_pairwise_identity.tsv
sco_identity	Cx_molestus vs Cx_pipiens | median_identity		0.99096	results/phylo/sco_pairwise_identity.tsv
sco_identity	Cx_molestus vs Cx_pipiens | mean_identity		0.95693	results/phylo/sco_pairwise_identity.tsv
sco_identity	Cx_molestus vs Cx_pipiens | p05_identity		0.72334	results/phylo/sco_pairwise_identity.tsv
sco_identity	Cx_molestus vs Cx_pipiens | share_below_0.95		0.1234	results/phylo/sco_pairwise_identity.tsv
sco_identity	Cx_molestus vs Cx_quinquefasciatus | n_loci		9124	results/phylo/sco_pairwise_identity.tsv
sco_identity	Cx_molestus vs Cx_quinquefasciatus | median_identity		0.98688	results/phylo/sco_pairwise_identity.tsv
sco_identity	Cx_molestus vs Cx_quinquefasciatus | mean_identity		0.94857	results/phylo/sco_pairwise_identity.tsv
sco_identity	Cx_molestus vs Cx_quinquefasciatus | p05_identity		0.67843	results/phylo/sco_pairwise_identity.tsv
sco_identity	Cx_molestus vs Cx_quinquefasciatus | share_below_0.95		0.1828	results/phylo/sco_pairwise_identity.tsv
sco_identity	Cx_pallens vs Cx_pipiens | n_loci		9121	results/phylo/sco_pairwise_identity.tsv
sco_identity	Cx_pallens vs Cx_pipiens | median_identity		0.98813	results/phylo/sco_pairwise_identity.tsv
sco_identity	Cx_pallens vs Cx_pipiens | mean_identity		0.95438	results/phylo/sco_pairwise_identity.tsv
sco_identity	Cx_pallens vs Cx_pipiens | p05_identity		0.75746	results/phylo/sco_pairwise_identity.tsv
sco_identity	Cx_pallens vs Cx_pipiens | share_below_0.95		0.1504	results/phylo/sco_pairwise_identity.tsv
sco_identity	Cx_pallens vs Cx_quinquefasciatus | n_loci		9124	results/phylo/sco_pairwise_identity.tsv
sco_identity	Cx_pallens vs Cx_quinquefasciatus | median_identity		0.99096	results/phylo/sco_pairwise_identity.tsv
sco_identity	Cx_pallens vs Cx_quinquefasciatus | mean_identity		0.95476	results/phylo/sco_pairwise_identity.tsv
sco_identity	Cx_pallens vs Cx_quinquefasciatus | p05_identity		0.70354	results/phylo/sco_pairwise_identity.tsv
sco_identity	Cx_pallens vs Cx_quinquefasciatus | share_below_0.95		0.1419	results/phylo/sco_pairwise_identity.tsv
sco_identity	Cx_pipiens vs Cx_quinquefasciatus | n_loci		9126	results/phylo/sco_pairwise_identity.tsv
sco_identity	Cx_pipiens vs Cx_quinquefasciatus | median_identity		0.98518	results/phylo/sco_pairwise_identity.tsv
sco_identity	Cx_pipiens vs Cx_quinquefasciatus | mean_identity		0.94726	results/phylo/sco_pairwise_identity.tsv
sco_identity	Cx_pipiens vs Cx_quinquefasciatus | p05_identity		0.68207	results/phylo/sco_pairwise_identity.tsv
sco_identity	Cx_pipiens vs Cx_quinquefasciatus | share_below_0.95		0.1921	results/phylo/sco_pairwise_identity.tsv
loci	sco_fastas | value		9168	results/phylo/locus_accounting.tsv
loci	trimmed_alignments_kept | value		9126	results/phylo/locus_accounting.tsv
loci	gene_trees_in_all_gene_trees | value		7621	results/phylo/locus_accounting.tsv
loci	trimmed_without_gene_tree | value		1505	results/phylo/locus_accounting.tsv
loci	trimmed_without_gene_tree_invariant | value		794	results/phylo/locus_accounting.tsv
loci	trimmed_without_gene_tree_fewer_than_4_distinct | value		1505	results/phylo/locus_accounting.tsv
loci	trimmed_invariant_total | value		794	results/phylo/locus_accounting.tsv
loci	trimmed_fewer_than_4_distinct_total | value		3132	results/phylo/locus_accounting.tsv
cafe	lambda		0.044915757099474	results/cafe/output/Gamma_results.txt
cafe	alpha		0.271136	results/cafe/output/Gamma_results.txt
cafe	neg_log_likelihood		24770.5	results/cafe/output/Gamma_results.txt
cafe	significant_families		264	results/cafe/significant_families.tsv
cafe	repeated CAFE5 runs with fixed lambda and alpha		20	results/cafe/cafe5_reruns.tsv
cafe	repeated runs: families with estimated P < 0.05, lowest		192	results/cafe/cafe5_reruns.tsv
cafe	repeated runs: families with estimated P < 0.05, highest		837	results/cafe/cafe5_reruns.tsv
cafe	repeated runs: runs with more than 800		4	results/cafe/cafe5_reruns.tsv
cafe	repeated runs: estimated P of one copy in one form of each pair, mean		0.0562	results/cafe/cafe5_reruns.tsv
cafe	family P values		exact	results/cafe/family_pvalues.tsv
cafe	families with P < 0.05, exact		264	results/cafe/family_pvalues.tsv
cafe	families with P < 0.05, CAFE5 estimate		834	results/cafe/family_pvalues.tsv
cafe	CAFE5 estimate minus exact P, mean		-0.00644	results/cafe/family_pvalues.tsv
cafe	CAFE5 estimate minus exact P, largest absolute		0.03507	results/cafe/family_pvalues.tsv
cafe	families whose call differs between exact P and CAFE5 estimate		574	results/cafe/family_pvalues.tsv
cafe	differing call: molestus 0, pipiens 1, pallens 0, quinquefasciatus 1 | families		158	results/cafe/family_pvalues.tsv
cafe	differing call: molestus 0, pipiens 1, pallens 0, quinquefasciatus 1 | CAFE5 estimate, exact P		0.042, 0.0555	results/cafe/family_pvalues.tsv
cafe	differing call: molestus 0, pipiens 1, pallens 1, quinquefasciatus 0 | families		153	results/cafe/family_pvalues.tsv
cafe	differing call: molestus 0, pipiens 1, pallens 1, quinquefasciatus 0 | CAFE5 estimate, exact P		0.042, 0.0555	results/cafe/family_pvalues.tsv
cafe	differing call: molestus 1, pipiens 0, pallens 1, quinquefasciatus 0 | families		133	results/cafe/family_pvalues.tsv
cafe	differing call: molestus 1, pipiens 0, pallens 1, quinquefasciatus 0 | CAFE5 estimate, exact P		0.042, 0.0555	results/cafe/family_pvalues.tsv
cafe	differing call: molestus 1, pipiens 0, pallens 0, quinquefasciatus 1 | families		128	results/cafe/family_pvalues.tsv
cafe	differing call: molestus 1, pipiens 0, pallens 0, quinquefasciatus 1 | CAFE5 estimate, exact P		0.042, 0.0555	results/cafe/family_pvalues.tsv
cafe	differing call: molestus 5, pipiens 4, pallens 4, quinquefasciatus 7 | families		1	results/cafe/family_pvalues.tsv
cafe	differing call: molestus 5, pipiens 4, pallens 4, quinquefasciatus 7 | CAFE5 estimate, exact P		0.054, 0.0487	results/cafe/family_pvalues.tsv
cafe	differing call: molestus 3, pipiens 3, pallens 5, quinquefasciatus 2 | families		1	results/cafe/family_pvalues.tsv
cafe	differing call: molestus 3, pipiens 3, pallens 5, quinquefasciatus 2 | CAFE5 estimate, exact P		0.059, 0.0480	results/cafe/family_pvalues.tsv
cafe_branches	Cx_molestus+Cx_pipiens | node_label		<6>	results/cafe/branch_summary.tsv
cafe_branches	Cx_molestus+Cx_pipiens | increase		53	results/cafe/branch_summary.tsv
cafe_branches	Cx_molestus+Cx_pipiens | decrease		0	results/cafe/branch_summary.tsv
cafe_branches	Cx_molestus+Cx_pipiens | total		53	results/cafe/branch_summary.tsv
cafe_branches	Cx_molestus+Cx_pipiens | binomial_p		2.220446049250313e-16	results/cafe/branch_summary.tsv
cafe_branches	Cx_molestus | node_label		Cx_molestus<1>	results/cafe/branch_summary.tsv
cafe_branches	Cx_molestus | increase		131	results/cafe/branch_summary.tsv
cafe_branches	Cx_molestus | decrease		1176	results/cafe/branch_summary.tsv
cafe_branches	Cx_molestus | total		1307	results/cafe/branch_summary.tsv
cafe_branches	Cx_molestus | ratio_inc_dec		0.1114	results/cafe/branch_summary.tsv
cafe_branches	Cx_molestus | binomial_p		1.9124272618187448e-210	results/cafe/branch_summary.tsv
cafe_branches	Cx_pipiens | node_label		Cx_pipiens<2>	results/cafe/branch_summary.tsv
cafe_branches	Cx_pipiens | increase		158	results/cafe/branch_summary.tsv
cafe_branches	Cx_pipiens | decrease		746	results/cafe/branch_summary.tsv
cafe_branches	Cx_pipiens | total		904	results/cafe/branch_summary.tsv
cafe_branches	Cx_pipiens | ratio_inc_dec		0.2118	results/cafe/branch_summary.tsv
cafe_branches	Cx_pipiens | binomial_p		5.510820741668715e-92	results/cafe/branch_summary.tsv
cafe_branches	Cx_pallens+Cx_quinquefasciatus | node_label		<7>	results/cafe/branch_summary.tsv
cafe_branches	Cx_pallens+Cx_quinquefasciatus | increase		106	results/cafe/branch_summary.tsv
cafe_branches	Cx_pallens+Cx_quinquefasciatus | decrease		0	results/cafe/branch_summary.tsv
cafe_branches	Cx_pallens+Cx_quinquefasciatus | total		106	results/cafe/branch_summary.tsv
cafe_branches	Cx_pallens+Cx_quinquefasciatus | binomial_p		2.465190328815662e-32	results/cafe/branch_summary.tsv
cafe_branches	Cx_pallens | node_label		Cx_pallens<3>	results/cafe/branch_summary.tsv
cafe_branches	Cx_pallens | increase		61	results/cafe/branch_summary.tsv
cafe_branches	Cx_pallens | decrease		1049	results/cafe/branch_summary.tsv
cafe_branches	Cx_pallens | total		1110	results/cafe/branch_summary.tsv
cafe_branches	Cx_pallens | ratio_inc_dec		0.0582	results/cafe/branch_summary.tsv
cafe_branches	Cx_pallens | binomial_p		3.26228847071546e-233	results/cafe/branch_summary.tsv
cafe_branches	Cx_quinquefasciatus | node_label		Cx_quinquefasciatus<4>	results/cafe/branch_summary.tsv
cafe_branches	Cx_quinquefasciatus | increase		473	results/cafe/branch_summary.tsv
cafe_branches	Cx_quinquefasciatus | decrease		582	results/cafe/branch_summary.tsv
cafe_branches	Cx_quinquefasciatus | total		1055	results/cafe/branch_summary.tsv
cafe_branches	Cx_quinquefasciatus | ratio_inc_dec		0.8127	results/cafe/branch_summary.tsv
cafe_branches	Cx_quinquefasciatus | binomial_p		0.0008756734934605579	results/cafe/branch_summary.tsv
transfer_bias	n_families | value		12864	results/cafe/transfer_bias_summary.tsv
transfer_bias	n_families_in_counts | value		13605	results/cafe/transfer_bias_summary.tsv
transfer_bias	n_families_not_tested | value		741	results/cafe/transfer_bias_summary.tsv
transfer_bias	n_significant | value		264	results/cafe/transfer_bias_summary.tsv
transfer_bias	reference | value		Cx_quinquefasciatus	results/cafe/transfer_bias_summary.tsv
transfer_bias	n_families_single_copy | value		11188	results/cafe/transfer_bias_summary.tsv
transfer_bias	n_families_multi_copy | value		1108	results/cafe/transfer_bias_summary.tsv
transfer_bias	n_families_zero_ref_copy | value		568	results/cafe/transfer_bias_summary.tsv
transfer_bias	n_significant_single_copy | value		12	results/cafe/transfer_bias_summary.tsv
transfer_bias	n_significant_multi_copy | value		182	results/cafe/transfer_bias_summary.tsv
transfer_bias	n_significant_zero_ref_copy | value		70	results/cafe/transfer_bias_summary.tsv
transfer_bias	retention_single_copy | value		0.9364	results/cafe/transfer_bias_summary.tsv
transfer_bias	retention_multi_copy | value		0.7619	results/cafe/transfer_bias_summary.tsv
transfer_bias	pct_significant_single_copy | value		0.107	results/cafe/transfer_bias_summary.tsv
transfer_bias	pct_significant_multi_copy | value		16.426	results/cafe/transfer_bias_summary.tsv
transfer_bias	pct_significant_zero_ref_copy | value		12.324	results/cafe/transfer_bias_summary.tsv
transfer_bias	odds_ratio_multi_vs_single_copy | value		183.048	results/cafe/transfer_bias_summary.tsv
transfer_bias	risk_ratio_multi_vs_single_copy | value		153.145	results/cafe/transfer_bias_summary.tsv
transfer_bias	fisher_p_two_sided | value		5.29e-179	results/cafe/transfer_bias_summary.tsv
transfer_bias	mean_deficit_significant | value		1.9519	results/cafe/transfer_bias_summary.tsv
transfer_bias	mean_deficit_not_significant | value		0.0954	results/cafe/transfer_bias_summary.tsv
transfer_bias	mannwhitney_p_ref_copies_two_sided | value		< 1e-300	results/cafe/transfer_bias_summary.tsv
transfer_bias	mannwhitney_p_deficit_two_sided | value		3.8e-175	results/cafe/transfer_bias_summary.tsv
transfer_bias	per_lineage_pearson_r | value		0.9935	results/cafe/transfer_bias_summary.tsv
transfer_bias	per_lineage_p | value		0.00655	results/cafe/transfer_bias_summary.tsv
transfer_bias	n_lineages | value		4	results/cafe/transfer_bias_summary.tsv
transfer_bias	per_lineage_counts_scope | value		all families (Gamma_clade_results)	results/cafe/transfer_bias_summary.tsv
transfer_bias_bins	0 | n_families		568	results/cafe/transfer_bias_by_copy_number.tsv
transfer_bias_bins	0 | mean_lifted_copies		0.8938	results/cafe/transfer_bias_by_copy_number.tsv
transfer_bias_bins	0 | mean_deficit		-0.8938	results/cafe/transfer_bias_by_copy_number.tsv
transfer_bias_bins	0 | n_significant		70	results/cafe/transfer_bias_by_copy_number.tsv
transfer_bias_bins	0 | pct_significant		12.324	results/cafe/transfer_bias_by_copy_number.tsv
transfer_bias_bins	1 | n_families		11188	results/cafe/transfer_bias_by_copy_number.tsv
transfer_bias_bins	1 | mean_lifted_copies		0.9364	results/cafe/transfer_bias_by_copy_number.tsv
transfer_bias_bins	1 | mean_retention		0.9364	results/cafe/transfer_bias_by_copy_number.tsv
transfer_bias_bins	1 | mean_deficit		0.0636	results/cafe/transfer_bias_by_copy_number.tsv
transfer_bias_bins	1 | n_significant		12	results/cafe/transfer_bias_by_copy_number.tsv
transfer_bias_bins	1 | pct_significant		0.107	results/cafe/transfer_bias_by_copy_number.tsv
transfer_bias_bins	2 | n_families		738	results/cafe/transfer_bias_by_copy_number.tsv
transfer_bias_bins	2 | mean_lifted_copies		1.5537	results/cafe/transfer_bias_by_copy_number.tsv
transfer_bias_bins	2 | mean_retention		0.7769	results/cafe/transfer_bias_by_copy_number.tsv
transfer_bias_bins	2 | mean_deficit		0.4463	results/cafe/transfer_bias_by_copy_number.tsv
transfer_bias_bins	2 | n_significant		83	results/cafe/transfer_bias_by_copy_number.tsv
transfer_bias_bins	2 | pct_significant		11.247	results/cafe/transfer_bias_by_copy_number.tsv
transfer_bias_bins	3-5 | n_families		303	results/cafe/transfer_bias_by_copy_number.tsv
transfer_bias_bins	3-5 | mean_lifted_copies		2.6194	results/cafe/transfer_bias_by_copy_number.tsv
transfer_bias_bins	3-5 | mean_retention		0.7374	results/cafe/transfer_bias_by_copy_number.tsv
transfer_bias_bins	3-5 | mean_deficit		0.9252	results/cafe/transfer_bias_by_copy_number.tsv
transfer_bias_bins	3-5 | n_significant		69	results/cafe/transfer_bias_by_copy_number.tsv
transfer_bias_bins	3-5 | pct_significant		22.772	results/cafe/transfer_bias_by_copy_number.tsv
transfer_bias_bins	6-10 | n_families		45	results/cafe/transfer_bias_by_copy_number.tsv
transfer_bias_bins	6-10 | mean_lifted_copies		5.0222	results/cafe/transfer_bias_by_copy_number.tsv
transfer_bias_bins	6-10 | mean_retention		0.7067	results/cafe/transfer_bias_by_copy_number.tsv
transfer_bias_bins	6-10 | mean_deficit		2.1111	results/cafe/transfer_bias_by_copy_number.tsv
transfer_bias_bins	6-10 | n_significant		15	results/cafe/transfer_bias_by_copy_number.tsv
transfer_bias_bins	6-10 | pct_significant		33.333	results/cafe/transfer_bias_by_copy_number.tsv
transfer_bias_bins	11+ | n_families		22	results/cafe/transfer_bias_by_copy_number.tsv
transfer_bias_bins	11+ | mean_lifted_copies		13.6364	results/cafe/transfer_bias_by_copy_number.tsv
transfer_bias_bins	11+ | mean_retention		0.712	results/cafe/transfer_bias_by_copy_number.tsv
transfer_bias_bins	11+ | mean_deficit		5.3182	results/cafe/transfer_bias_by_copy_number.tsv
transfer_bias_bins	11+ | n_significant		15	results/cafe/transfer_bias_by_copy_number.tsv
transfer_bias_bins	11+ | pct_significant		68.182	results/cafe/transfer_bias_by_copy_number.tsv
transfer_bias_lineage	Cx_quinquefasciatus | total_copies		14476	results/cafe/transfer_bias_by_lineage.tsv
transfer_bias_lineage	Cx_quinquefasciatus | copy_deficit_vs_reference		0	results/cafe/transfer_bias_by_lineage.tsv
transfer_bias_lineage	Cx_quinquefasciatus | increase		473	results/cafe/transfer_bias_by_lineage.tsv
transfer_bias_lineage	Cx_quinquefasciatus | decrease		582	results/cafe/transfer_bias_by_lineage.tsv
transfer_bias_lineage	Cx_quinquefasciatus | net_contraction		109	results/cafe/transfer_bias_by_lineage.tsv
transfer_bias_lineage	Cx_pipiens | total_copies		13737	results/cafe/transfer_bias_by_lineage.tsv
transfer_bias_lineage	Cx_pipiens | copy_deficit_vs_reference		739	results/cafe/transfer_bias_by_lineage.tsv
transfer_bias_lineage	Cx_pipiens | increase		158	results/cafe/transfer_bias_by_lineage.tsv
transfer_bias_lineage	Cx_pipiens | decrease		746	results/cafe/transfer_bias_by_lineage.tsv
transfer_bias_lineage	Cx_pipiens | net_contraction		588	results/cafe/transfer_bias_by_lineage.tsv
transfer_bias_lineage	Cx_pallens | total_copies		13366	results/cafe/transfer_bias_by_lineage.tsv
transfer_bias_lineage	Cx_pallens | copy_deficit_vs_reference		1110	results/cafe/transfer_bias_by_lineage.tsv
transfer_bias_lineage	Cx_pallens | increase		61	results/cafe/transfer_bias_by_lineage.tsv
transfer_bias_lineage	Cx_pallens | decrease		1049	results/cafe/transfer_bias_by_lineage.tsv
transfer_bias_lineage	Cx_pallens | net_contraction		988	results/cafe/transfer_bias_by_lineage.tsv
transfer_bias_lineage	Cx_molestus | total_copies		13250	results/cafe/transfer_bias_by_lineage.tsv
transfer_bias_lineage	Cx_molestus | copy_deficit_vs_reference		1226	results/cafe/transfer_bias_by_lineage.tsv
transfer_bias_lineage	Cx_molestus | increase		131	results/cafe/transfer_bias_by_lineage.tsv
transfer_bias_lineage	Cx_molestus | decrease		1176	results/cafe/transfer_bias_by_lineage.tsv
transfer_bias_lineage	Cx_molestus | net_contraction		1045	results/cafe/transfer_bias_by_lineage.tsv
ani	Cx_quinquefasciatus vs Cx_pallens | ani		94.22	results/synteny/ani_pairs.tsv
ani	Cx_quinquefasciatus vs Cx_pallens | align_fraction_query		24.1600	results/synteny/ani_pairs.tsv
ani	Cx_quinquefasciatus vs Cx_pallens | align_fraction_ref		24.4600	results/synteny/ani_pairs.tsv
ani	Cx_quinquefasciatus vs Cx_molestus | ani		93.19	results/synteny/ani_pairs.tsv
ani	Cx_quinquefasciatus vs Cx_molestus | align_fraction_query		18.9300	results/synteny/ani_pairs.tsv
ani	Cx_quinquefasciatus vs Cx_molestus | align_fraction_ref		19.3800	results/synteny/ani_pairs.tsv
ani	Cx_quinquefasciatus vs Cx_pipiens | ani		92.80	results/synteny/ani_pairs.tsv
ani	Cx_quinquefasciatus vs Cx_pipiens | align_fraction_query		17.4200	results/synteny/ani_pairs.tsv
ani	Cx_quinquefasciatus vs Cx_pipiens | align_fraction_ref		18.7300	results/synteny/ani_pairs.tsv
ani	Cx_quinquefasciatus vs Cx_perexiguus | ani		NA	results/synteny/ani_pairs.tsv
ani	Cx_pallens vs Cx_molestus | ani		93.55	results/synteny/ani_pairs.tsv
ani	Cx_pallens vs Cx_molestus | align_fraction_query		20.6200	results/synteny/ani_pairs.tsv
ani	Cx_pallens vs Cx_molestus | align_fraction_ref		20.8600	results/synteny/ani_pairs.tsv
ani	Cx_pallens vs Cx_pipiens | ani		93.33	results/synteny/ani_pairs.tsv
ani	Cx_pallens vs Cx_pipiens | align_fraction_query		20.6300	results/synteny/ani_pairs.tsv
ani	Cx_pallens vs Cx_pipiens | align_fraction_ref		21.9100	results/synteny/ani_pairs.tsv
ani	Cx_pallens vs Cx_perexiguus | ani		NA	results/synteny/ani_pairs.tsv
ani	Cx_molestus vs Cx_pipiens | ani		94.35	results/synteny/ani_pairs.tsv
ani	Cx_molestus vs Cx_pipiens | align_fraction_query		27.3900	results/synteny/ani_pairs.tsv
ani	Cx_molestus vs Cx_pipiens | align_fraction_ref		28.7500	results/synteny/ani_pairs.tsv
ani	Cx_molestus vs Cx_perexiguus | ani		NA	results/synteny/ani_pairs.tsv
ani	Cx_pipiens vs Cx_perexiguus | ani		NA	results/synteny/ani_pairs.tsv
synteny	Cx_quinquefasciatus_vs_Cx_pallens | sample1		Cx_quinquefasciatus	results/synteny/synteny_summary.tsv
synteny	Cx_quinquefasciatus_vs_Cx_pallens | sample2		Cx_pallens	results/synteny/synteny_summary.tsv
synteny	Cx_quinquefasciatus_vs_Cx_pallens | n_shared_genes_chr1_3		14210	results/synteny/synteny_summary.tsv
synteny	Cx_quinquefasciatus_vs_Cx_pallens | n_shared_genes_top_sequences		16160	results/synteny/synteny_summary.tsv
synteny	Cx_quinquefasciatus_vs_Cx_pallens | n_shared_genes_other_chromosome		1950	results/synteny/synteny_summary.tsv
synteny	Cx_quinquefasciatus_vs_Cx_pallens | pct_shared_genes_other_chromosome		12.07	results/synteny/synteny_summary.tsv
synteny	Cx_quinquefasciatus_vs_Cx_pallens | pct_collinear_anchors		85.38	results/synteny/synteny_summary.tsv
synteny	Cx_quinquefasciatus_vs_Cx_pallens | n_chrom_pairs_reverse_oriented		3	results/synteny/synteny_summary.tsv
synteny	Cx_quinquefasciatus_vs_Cx_pallens | n_inversions_intra_chr		77	results/synteny/synteny_summary.tsv
synteny	Cx_quinquefasciatus_vs_Cx_pallens | max_inversion_size_bp		1814500	results/synteny/synteny_summary.tsv
synteny	Cx_quinquefasciatus_vs_Cx_pallens | top_inversions		NC_051861.1:39.41-41.23Mb(47genes); NC_051863.1:100.05-101.55Mb(3genes); NC_051861.1:42.05-43.54Mb(22genes)	results/synteny/synteny_summary.tsv
synteny	Cx_quinquefasciatus_vs_Cx_pallens | total_aligned_bp		560169870	results/synteny/synteny_summary.tsv
synteny	Cx_quinquefasciatus_vs_Cx_pallens | mean_alignment_identity_pct		94.3256	results/synteny/synteny_summary.tsv
synteny	Cx_quinquefasciatus_vs_Cx_pallens | mean_skani_ani_pct		94.22	results/synteny/synteny_summary.tsv
synteny	Cx_quinquefasciatus_vs_Cx_pallens | aln_identity_source		minimap2 asm20, chromosome-scale sequences	results/synteny/synteny_summary.tsv
synteny	Cx_quinquefasciatus_vs_Cx_molestus | sample1		Cx_quinquefasciatus	results/synteny/synteny_summary.tsv
synteny	Cx_quinquefasciatus_vs_Cx_molestus | sample2		Cx_molestus	results/synteny/synteny_summary.tsv
synteny	Cx_quinquefasciatus_vs_Cx_molestus | n_shared_genes_chr1_3		13762	results/synteny/synteny_summary.tsv
synteny	Cx_quinquefasciatus_vs_Cx_molestus | n_shared_genes_top_sequences		15897	results/synteny/synteny_summary.tsv
synteny	Cx_quinquefasciatus_vs_Cx_molestus | n_shared_genes_other_chromosome		2135	results/synteny/synteny_summary.tsv
synteny	Cx_quinquefasciatus_vs_Cx_molestus | pct_shared_genes_other_chromosome		13.43	results/synteny/synteny_summary.tsv
synteny	Cx_quinquefasciatus_vs_Cx_molestus | pct_collinear_anchors		83.82	results/synteny/synteny_summary.tsv
synteny	Cx_quinquefasciatus_vs_Cx_molestus | n_chrom_pairs_reverse_oriented		1	results/synteny/synteny_summary.tsv
synteny	Cx_quinquefasciatus_vs_Cx_molestus | n_inversions_intra_chr		112	results/synteny/synteny_summary.tsv
synteny	Cx_quinquefasciatus_vs_Cx_molestus | max_inversion_size_bp		1249637	results/synteny/synteny_summary.tsv
synteny	Cx_quinquefasciatus_vs_Cx_molestus | top_inversions		NC_051861.1:38.30-39.55Mb(31genes); NC_051863.1:132.74-133.90Mb(30genes); NC_051861.1:30.54-31.62Mb(10genes)	results/synteny/synteny_summary.tsv
synteny	Cx_quinquefasciatus_vs_Cx_molestus | total_aligned_bp		551290753	results/synteny/synteny_summary.tsv
synteny	Cx_quinquefasciatus_vs_Cx_molestus | mean_alignment_identity_pct		92.8797	results/synteny/synteny_summary.tsv
synteny	Cx_quinquefasciatus_vs_Cx_molestus | mean_skani_ani_pct		93.19	results/synteny/synteny_summary.tsv
synteny	Cx_quinquefasciatus_vs_Cx_molestus | aln_identity_source		minimap2 asm20, chromosome-scale sequences	results/synteny/synteny_summary.tsv
synteny	Cx_quinquefasciatus_vs_Cx_pipiens | sample1		Cx_quinquefasciatus	results/synteny/synteny_summary.tsv
synteny	Cx_quinquefasciatus_vs_Cx_pipiens | sample2		Cx_pipiens	results/synteny/synteny_summary.tsv
synteny	Cx_quinquefasciatus_vs_Cx_pipiens | n_shared_genes_chr1_3		15259	results/synteny/synteny_summary.tsv
synteny	Cx_quinquefasciatus_vs_Cx_pipiens | n_shared_genes_top_sequences		16953	results/synteny/synteny_summary.tsv
synteny	Cx_quinquefasciatus_vs_Cx_pipiens | n_shared_genes_other_chromosome		1694	results/synteny/synteny_summary.tsv
synteny	Cx_quinquefasciatus_vs_Cx_pipiens | pct_shared_genes_other_chromosome		9.99	results/synteny/synteny_summary.tsv
synteny	Cx_quinquefasciatus_vs_Cx_pipiens | pct_collinear_anchors		88.07	results/synteny/synteny_summary.tsv
synteny	Cx_quinquefasciatus_vs_Cx_pipiens | n_chrom_pairs_reverse_oriented		2	results/synteny/synteny_summary.tsv
synteny	Cx_quinquefasciatus_vs_Cx_pipiens | n_inversions_intra_chr		49	results/synteny/synteny_summary.tsv
synteny	Cx_quinquefasciatus_vs_Cx_pipiens | max_inversion_size_bp		1421135	results/synteny/synteny_summary.tsv
synteny	Cx_quinquefasciatus_vs_Cx_pipiens | top_inversions		NC_051861.1:33.60-35.02Mb(31genes); NC_051861.1:30.54-31.62Mb(10genes); NC_051861.1:37.27-38.18Mb(22genes)	results/synteny/synteny_summary.tsv
synteny	Cx_quinquefasciatus_vs_Cx_pipiens | total_aligned_bp		542309752	results/synteny/synteny_summary.tsv
synteny	Cx_quinquefasciatus_vs_Cx_pipiens | mean_alignment_identity_pct		93.2753	results/synteny/synteny_summary.tsv
synteny	Cx_quinquefasciatus_vs_Cx_pipiens | mean_skani_ani_pct		92.8	results/synteny/synteny_summary.tsv
synteny	Cx_quinquefasciatus_vs_Cx_pipiens | aln_identity_source		minimap2 asm20, chromosome-scale sequences	results/synteny/synteny_summary.tsv
synteny	Cx_pallens_vs_Cx_molestus | sample1		Cx_pallens	results/synteny/synteny_summary.tsv
synteny	Cx_pallens_vs_Cx_molestus | sample2		Cx_molestus	results/synteny/synteny_summary.tsv
synteny	Cx_pallens_vs_Cx_molestus | n_shared_genes_chr1_3		12809	results/synteny/synteny_summary.tsv
synteny	Cx_pallens_vs_Cx_molestus | n_shared_genes_top_sequences		14755	results/synteny/synteny_summary.tsv
synteny	Cx_pallens_vs_Cx_molestus | n_shared_genes_other_chromosome		1946	results/synteny/synteny_summary.tsv
synteny	Cx_pallens_vs_Cx_molestus | pct_shared_genes_other_chromosome		13.19	results/synteny/synteny_summary.tsv
synteny	Cx_pallens_vs_Cx_molestus | pct_collinear_anchors		83.07	results/synteny/synteny_summary.tsv
synteny	Cx_pallens_vs_Cx_molestus | n_chrom_pairs_reverse_oriented		2	results/synteny/synteny_summary.tsv
synteny	Cx_pallens_vs_Cx_molestus | n_inversions_intra_chr		129	results/synteny/synteny_summary.tsv
synteny	Cx_pallens_vs_Cx_molestus | max_inversion_size_bp		1624597	results/synteny/synteny_summary.tsv
synteny	Cx_pallens_vs_Cx_molestus | top_inversions		NC_068937.1:70.29-71.92Mb(3genes); NC_068937.1:72.94-74.25Mb(9genes); NC_068937.1:106.18-107.45Mb(21genes)	results/synteny/synteny_summary.tsv
synteny	Cx_pallens_vs_Cx_molestus | total_aligned_bp		549452900	results/synteny/synteny_summary.tsv
synteny	Cx_pallens_vs_Cx_molestus | mean_alignment_identity_pct		93.2645	results/synteny/synteny_summary.tsv
synteny	Cx_pallens_vs_Cx_molestus | mean_skani_ani_pct		93.55	results/synteny/synteny_summary.tsv
synteny	Cx_pallens_vs_Cx_molestus | aln_identity_source		minimap2 asm20, chromosome-scale sequences	results/synteny/synteny_summary.tsv
synteny	Cx_pallens_vs_Cx_pipiens | sample1		Cx_pallens	results/synteny/synteny_summary.tsv
synteny	Cx_pallens_vs_Cx_pipiens | sample2		Cx_pipiens	results/synteny/synteny_summary.tsv
synteny	Cx_pallens_vs_Cx_pipiens | n_shared_genes_chr1_3		13879	results/synteny/synteny_summary.tsv
synteny	Cx_pallens_vs_Cx_pipiens | n_shared_genes_top_sequences		15680	results/synteny/synteny_summary.tsv
synteny	Cx_pallens_vs_Cx_pipiens | n_shared_genes_other_chromosome		1801	results/synteny/synteny_summary.tsv
synteny	Cx_pallens_vs_Cx_pipiens | pct_shared_genes_other_chromosome		11.49	results/synteny/synteny_summary.tsv
synteny	Cx_pallens_vs_Cx_pipiens | pct_collinear_anchors		87.87	results/synteny/synteny_summary.tsv
synteny	Cx_pallens_vs_Cx_pipiens | n_chrom_pairs_reverse_oriented		1	results/synteny/synteny_summary.tsv
synteny	Cx_pallens_vs_Cx_pipiens | n_inversions_intra_chr		59	results/synteny/synteny_summary.tsv
synteny	Cx_pallens_vs_Cx_pipiens | max_inversion_size_bp		1660442	results/synteny/synteny_summary.tsv
synteny	Cx_pallens_vs_Cx_pipiens | top_inversions		NC_068937.1:106.11-107.77Mb(28genes); NC_068937.1:104.27-105.57Mb(16genes); NC_068937.1:62.25-63.42Mb(4genes)	results/synteny/synteny_summary.tsv
synteny	Cx_pallens_vs_Cx_pipiens | total_aligned_bp		548256404	results/synteny/synteny_summary.tsv
synteny	Cx_pallens_vs_Cx_pipiens | mean_alignment_identity_pct		93.7885	results/synteny/synteny_summary.tsv
synteny	Cx_pallens_vs_Cx_pipiens | mean_skani_ani_pct		93.33	results/synteny/synteny_summary.tsv
synteny	Cx_pallens_vs_Cx_pipiens | aln_identity_source		minimap2 asm20, chromosome-scale sequences	results/synteny/synteny_summary.tsv
synteny	Cx_molestus_vs_Cx_pipiens | sample1		Cx_molestus	results/synteny/synteny_summary.tsv
synteny	Cx_molestus_vs_Cx_pipiens | sample2		Cx_pipiens	results/synteny/synteny_summary.tsv
synteny	Cx_molestus_vs_Cx_pipiens | n_shared_genes_chr1_3		13554	results/synteny/synteny_summary.tsv
synteny	Cx_molestus_vs_Cx_pipiens | n_shared_genes_top_sequences		15516	results/synteny/synteny_summary.tsv
synteny	Cx_molestus_vs_Cx_pipiens | n_shared_genes_other_chromosome		1962	results/synteny/synteny_summary.tsv
synteny	Cx_molestus_vs_Cx_pipiens | pct_shared_genes_other_chromosome		12.65	results/synteny/synteny_summary.tsv
synteny	Cx_molestus_vs_Cx_pipiens | pct_collinear_anchors		85.39	results/synteny/synteny_summary.tsv
synteny	Cx_molestus_vs_Cx_pipiens | n_chrom_pairs_reverse_oriented		3	results/synteny/synteny_summary.tsv
synteny	Cx_molestus_vs_Cx_pipiens | n_inversions_intra_chr		109	results/synteny/synteny_summary.tsv
synteny	Cx_molestus_vs_Cx_pipiens | max_inversion_size_bp		1272932	results/synteny/synteny_summary.tsv
synteny	Cx_molestus_vs_Cx_pipiens | top_inversions		CM044970.1:104.41-105.68Mb(4genes); CM044970.1:66.91-67.59Mb(15genes); CM044970.1:110.49-111.14Mb(3genes)	results/synteny/synteny_summary.tsv
synteny	Cx_molestus_vs_Cx_pipiens | total_aligned_bp		547616164	results/synteny/synteny_summary.tsv
synteny	Cx_molestus_vs_Cx_pipiens | mean_alignment_identity_pct		94.6599	results/synteny/synteny_summary.tsv
synteny	Cx_molestus_vs_Cx_pipiens | mean_skani_ani_pct		94.35	results/synteny/synteny_summary.tsv
synteny	Cx_molestus_vs_Cx_pipiens | aln_identity_source		minimap2 asm20, chromosome-scale sequences	results/synteny/synteny_summary.tsv
inversion_recurrence	1 | n_inversions		3	results/synteny/inversion_recurrence.tsv
inversion_recurrence	1 | n_pairs		3	results/synteny/inversion_recurrence.tsv
inversion_recurrence	1 | chromosomes		chr2	results/synteny/inversion_recurrence.tsv
inversion_recurrence	1 | max_span_bp		477479	results/synteny/inversion_recurrence.tsv
inversion_recurrence	1 | genome_in_every_pair		Cx_pallens	results/synteny/inversion_recurrence.tsv
inversion_recurrence	1 | any_at_least_large_span		False	results/synteny/inversion_recurrence.tsv
inversion_recurrence	1 | pairs		Cx_pallens_vs_Cx_molestus;Cx_pallens_vs_Cx_pipiens;Cx_quinquefasciatus_vs_Cx_pallens	results/synteny/inversion_recurrence.tsv
inversion_recurrence	1 | members		Cx_quinquefasciatus_vs_Cx_pallens:NC_051862.1:8960193-9437673;Cx_pallens_vs_Cx_molestus:NC_068938.1:214417624-214787771;Cx_pallens_vs_Cx_pipiens:NC_068938.1:214417624-214605264	results/synteny/inversion_recurrence.tsv
inversion_recurrence	2 | n_inversions		1	results/synteny/inversion_recurrence.tsv
inversion_recurrence	2 | n_pairs		1	results/synteny/inversion_recurrence.tsv
inversion_recurrence	2 | chromosomes		chr2	results/synteny/inversion_recurrence.tsv
inversion_recurrence	2 | max_span_bp		121001	results/synteny/inversion_recurrence.tsv
inversion_recurrence	2 | any_at_least_large_span		False	results/synteny/inversion_recurrence.tsv
inversion_recurrence	2 | pairs		Cx_quinquefasciatus_vs_Cx_pallens	results/synteny/inversion_recurrence.tsv
inversion_recurrence	2 | members		Cx_quinquefasciatus_vs_Cx_pallens:NC_051862.1:18311823-18432824	results/synteny/inversion_recurrence.tsv
inversion_recurrence	3 | n_inversions		2	results/synteny/inversion_recurrence.tsv
inversion_recurrence	3 | n_pairs		2	results/synteny/inversion_recurrence.tsv
inversion_recurrence	3 | chromosomes		chr2	results/synteny/inversion_recurrence.tsv
inversion_recurrence	3 | max_span_bp		370096	results/synteny/inversion_recurrence.tsv
inversion_recurrence	3 | genome_in_every_pair		Cx_pallens	results/synteny/inversion_recurrence.tsv
inversion_recurrence	3 | any_at_least_large_span		False	results/synteny/inversion_recurrence.tsv
inversion_recurrence	3 | pairs		Cx_pallens_vs_Cx_molestus;Cx_quinquefasciatus_vs_Cx_pallens	results/synteny/inversion_recurrence.tsv
inversion_recurrence	3 | members		Cx_quinquefasciatus_vs_Cx_pallens:NC_051862.1:27702505-28072601;Cx_pallens_vs_Cx_molestus:NC_068938.1:163827681-163985207	results/synteny/inversion_recurrence.tsv
inversion_recurrence	4 | n_inversions		3	results/synteny/inversion_recurrence.tsv
inversion_recurrence	4 | n_pairs		3	results/synteny/inversion_recurrence.tsv
inversion_recurrence	4 | chromosomes		chr2	results/synteny/inversion_recurrence.tsv
inversion_recurrence	4 | max_span_bp		122974	results/synteny/inversion_recurrence.tsv
inversion_recurrence	4 | genome_in_every_pair		Cx_pallens	results/synteny/inversion_recurrence.tsv
inversion_recurrence	4 | any_at_least_large_span		False	results/synteny/inversion_recurrence.tsv
inversion_recurrence	4 | pairs		Cx_pallens_vs_Cx_molestus;Cx_pallens_vs_Cx_pipiens;Cx_quinquefasciatus_vs_Cx_pallens	results/synteny/inversion_recurrence.tsv
inversion_recurrence	4 | members		Cx_quinquefasciatus_vs_Cx_pallens:NC_051862.1:31418051-31541025;Cx_pallens_vs_Cx_molestus:NC_068938.1:192275597-192393700;Cx_pallens_vs_Cx_pipiens:NC_068938.1:192275597-192393700	results/synteny/inversion_recurrence.tsv
inversion_recurrence	5 | n_inversions		1	results/synteny/inversion_recurrence.tsv
inversion_recurrence	5 | n_pairs		1	results/synteny/inversion_recurrence.tsv
inversion_recurrence	5 | chromosomes		chr2	results/synteny/inversion_recurrence.tsv
inversion_recurrence	5 | max_span_bp		165225	results/synteny/inversion_recurrence.tsv
inversion_recurrence	5 | any_at_least_large_span		False	results/synteny/inversion_recurrence.tsv
inversion_recurrence	5 | pairs		Cx_quinquefasciatus_vs_Cx_pallens	results/synteny/inversion_recurrence.tsv
inversion_recurrence	5 | members		Cx_quinquefasciatus_vs_Cx_pallens:NC_051862.1:45284720-45449945	results/synteny/inversion_recurrence.tsv
inversion_recurrence	6 | n_inversions		2	results/synteny/inversion_recurrence.tsv
inversion_recurrence	6 | n_pairs		2	results/synteny/inversion_recurrence.tsv
inversion_recurrence	6 | chromosomes		chr2	results/synteny/inversion_recurrence.tsv
inversion_recurrence	6 | max_span_bp		125476	results/synteny/inversion_recurrence.tsv
inversion_recurrence	6 | genome_in_every_pair		Cx_quinquefasciatus	results/synteny/inversion_recurrence.tsv
inversion_recurrence	6 | any_at_least_large_span		False	results/synteny/inversion_recurrence.tsv
inversion_recurrence	6 | pairs		Cx_quinquefasciatus_vs_Cx_pallens;Cx_quinquefasciatus_vs_Cx_pipiens	results/synteny/inversion_recurrence.tsv
inversion_recurrence	6 | members		Cx_quinquefasciatus_vs_Cx_pallens:NC_051862.1:47622216-47741376;Cx_quinquefasciatus_vs_Cx_pipiens:NC_051862.1:47615899-47741376	results/synteny/inversion_recurrence.tsv
inversion_recurrence	7 | n_inversions		1	results/synteny/inversion_recurrence.tsv
inversion_recurrence	7 | n_pairs		1	results/synteny/inversion_recurrence.tsv
inversion_recurrence	7 | chromosomes		chr2	results/synteny/inversion_recurrence.tsv
inversion_recurrence	7 | max_span_bp		248678	results/synteny/inversion_recurrence.tsv
inversion_recurrence	7 | any_at_least_large_span		False	results/synteny/inversion_recurrence.tsv
inversion_recurrence	7 | pairs		Cx_quinquefasciatus_vs_Cx_pallens	results/synteny/inversion_recurrence.tsv
inversion_recurrence	7 | members		Cx_quinquefasciatus_vs_Cx_pallens:NC_051862.1:52393496-52642174	results/synteny/inversion_recurrence.tsv
inversion_recurrence	8 | n_inversions		1	results/synteny/inversion_recurrence.tsv
inversion_recurrence	8 | n_pairs		1	results/synteny/inversion_recurrence.tsv
inversion_recurrence	8 | chromosomes		chr2	results/synteny/inversion_recurrence.tsv
inversion_recurrence	8 | max_span_bp		135203	results/synteny/inversion_recurrence.tsv
inversion_recurrence	8 | any_at_least_large_span		False	results/synteny/inversion_recurrence.tsv
inversion_recurrence	8 | pairs		Cx_quinquefasciatus_vs_Cx_pallens	results/synteny/inversion_recurrence.tsv
inversion_recurrence	8 | members		Cx_quinquefasciatus_vs_Cx_pallens:NC_051862.1:55621646-55756850	results/synteny/inversion_recurrence.tsv
inversion_recurrence	9 | n_inversions		3	results/synteny/inversion_recurrence.tsv
inversion_recurrence	9 | n_pairs		3	results/synteny/inversion_recurrence.tsv
inversion_recurrence	9 | chromosomes		chr2	results/synteny/inversion_recurrence.tsv
inversion_recurrence	9 | max_span_bp		395589	results/synteny/inversion_recurrence.tsv
inversion_recurrence	9 | genome_in_every_pair		Cx_pallens	results/synteny/inversion_recurrence.tsv
inversion_recurrence	9 | any_at_least_large_span		False	results/synteny/inversion_recurrence.tsv
inversion_recurrence	9 | pairs		Cx_pallens_vs_Cx_molestus;Cx_pallens_vs_Cx_pipiens;Cx_quinquefasciatus_vs_Cx_pallens	results/synteny/inversion_recurrence.tsv
inversion_recurrence	9 | members		Cx_quinquefasciatus_vs_Cx_pallens:NC_051862.1:58508340-58767425;Cx_pallens_vs_Cx_molestus:NC_068938.1:162458703-162721365;Cx_pallens_vs_Cx_pipiens:NC_068938.1:162458703-162854292	results/synteny/inversion_recurrence.tsv
inversion_recurrence	10 | n_inversions		1	results/synteny/inversion_recurrence.tsv
inversion_recurrence	10 | n_pairs		1	results/synteny/inversion_recurrence.tsv
inversion_recurrence	10 | chromosomes		chr2	results/synteny/inversion_recurrence.tsv
inversion_recurrence	10 | max_span_bp		348176	results/synteny/inversion_recurrence.tsv
inversion_recurrence	10 | any_at_least_large_span		False	results/synteny/inversion_recurrence.tsv
inversion_recurrence	10 | pairs		Cx_quinquefasciatus_vs_Cx_pallens	results/synteny/inversion_recurrence.tsv
inversion_recurrence	10 | members		Cx_quinquefasciatus_vs_Cx_pallens:NC_051862.1:58996722-59344898	results/synteny/inversion_recurrence.tsv
inversion_recurrence	11 | n_inversions		3	results/synteny/inversion_recurrence.tsv
inversion_recurrence	11 | n_pairs		3	results/synteny/inversion_recurrence.tsv
inversion_recurrence	11 | chromosomes		chr2	results/synteny/inversion_recurrence.tsv
inversion_recurrence	11 | max_span_bp		366568	results/synteny/inversion_recurrence.tsv
inversion_recurrence	11 | genome_in_every_pair		Cx_pallens	results/synteny/inversion_recurrence.tsv
inversion_recurrence	11 | any_at_least_large_span		False	results/synteny/inversion_recurrence.tsv
inversion_recurrence	11 | pairs		Cx_pallens_vs_Cx_molestus;Cx_pallens_vs_Cx_pipiens;Cx_quinquefasciatus_vs_Cx_pallens	results/synteny/inversion_recurrence.tsv
inversion_recurrence	11 | members		Cx_quinquefasciatus_vs_Cx_pallens:NC_051862.1:62627758-62755675;Cx_pallens_vs_Cx_molestus:NC_068938.1:158005250-158371818;Cx_pallens_vs_Cx_pipiens:NC_068938.1:158005250-158371818	results/synteny/inversion_recurrence.tsv
inversion_recurrence	12 | n_inversions		1	results/synteny/inversion_recurrence.tsv
inversion_recurrence	12 | n_pairs		1	results/synteny/inversion_recurrence.tsv
inversion_recurrence	12 | chromosomes		chr2	results/synteny/inversion_recurrence.tsv
inversion_recurrence	12 | max_span_bp		265162	results/synteny/inversion_recurrence.tsv
inversion_recurrence	12 | any_at_least_large_span		False	results/synteny/inversion_recurrence.tsv
inversion_recurrence	12 | pairs		Cx_quinquefasciatus_vs_Cx_pallens	results/synteny/inversion_recurrence.tsv
inversion_recurrence	12 | members		Cx_quinquefasciatus_vs_Cx_pallens:NC_051862.1:63773108-64038270	results/synteny/inversion_recurrence.tsv
inversion_recurrence	13 | n_inversions		1	results/synteny/inversion_recurrence.tsv
inversion_recurrence	13 | n_pairs		1	results/synteny/inversion_recurrence.tsv
inversion_recurrence	13 | chromosomes		chr2	results/synteny/inversion_recurrence.tsv
inversion_recurrence	13 | max_span_bp		139145	results/synteny/inversion_recurrence.tsv
inversion_recurrence	13 | any_at_least_large_span		False	results/synteny/inversion_recurrence.tsv
inversion_recurrence	13 | pairs		Cx_quinquefasciatus_vs_Cx_pallens	results/synteny/inversion_recurrence.tsv
inversion_recurrence	13 | members		Cx_quinquefasciatus_vs_Cx_pallens:NC_051862.1:64129334-64268480	results/synteny/inversion_recurrence.tsv
inversion_recurrence	14 | n_inversions		1	results/synteny/inversion_recurrence.tsv
inversion_recurrence	14 | n_pairs		1	results/synteny/inversion_recurrence.tsv
inversion_recurrence	14 | chromosomes		chr2	results/synteny/inversion_recurrence.tsv
inversion_recurrence	14 | max_span_bp		188821	results/synteny/inversion_recurrence.tsv
inversion_recurrence	14 | any_at_least_large_span		False	results/synteny/inversion_recurrence.tsv
inversion_recurrence	14 | pairs		Cx_quinquefasciatus_vs_Cx_pallens	results/synteny/inversion_recurrence.tsv
inversion_recurrence	14 | members		Cx_quinquefasciatus_vs_Cx_pallens:NC_051862.1:74007441-74196262	results/synteny/inversion_recurrence.tsv
inversion_recurrence	15 | n_inversions		1	results/synteny/inversion_recurrence.tsv
inversion_recurrence	15 | n_pairs		1	results/synteny/inversion_recurrence.tsv
inversion_recurrence	15 | chromosomes		chr2	results/synteny/inversion_recurrence.tsv
inversion_recurrence	15 | max_span_bp		131602	results/synteny/inversion_recurrence.tsv
inversion_recurrence	15 | any_at_least_large_span		False	results/synteny/inversion_recurrence.tsv
inversion_recurrence	15 | pairs		Cx_quinquefasciatus_vs_Cx_pallens	results/synteny/inversion_recurrence.tsv
inversion_recurrence	15 | members		Cx_quinquefasciatus_vs_Cx_pallens:NC_051862.1:76293912-76425514	results/synteny/inversion_recurrence.tsv
inversion_recurrence	16 | n_inversions		1	results/synteny/inversion_recurrence.tsv
inversion_recurrence	16 | n_pairs		1	results/synteny/inversion_recurrence.tsv
inversion_recurrence	16 | chromosomes		chr2	results/synteny/inversion_recurrence.tsv
inversion_recurrence	16 | max_span_bp		1022888	results/synteny/inversion_recurrence.tsv
inversion_recurrence	16 | any_at_least_large_span		True	results/synteny/inversion_recurrence.tsv
inversion_recurrence	16 | pairs		Cx_quinquefasciatus_vs_Cx_pallens	results/synteny/inversion_recurrence.tsv
inversion_recurrence	16 | members		Cx_quinquefasciatus_vs_Cx_pallens:NC_051862.1:103689997-104712885	results/synteny/inversion_recurrence.tsv
inversion_recurrence	17 | n_inversions		1	results/synteny/inversion_recurrence.tsv
inversion_recurrence	17 | n_pairs		1	results/synteny/inversion_recurrence.tsv
inversion_recurrence	17 | chromosomes		chr2	results/synteny/inversion_recurrence.tsv
inversion_recurrence	17 | max_span_bp		277219	results/synteny/inversion_recurrence.tsv
inversion_recurrence	17 | any_at_least_large_span		False	results/synteny/inversion_recurrence.tsv
inversion_recurrence	17 | pairs		Cx_quinquefasciatus_vs_Cx_pallens	results/synteny/inversion_recurrence.tsv
inversion_recurrence	17 | members		Cx_quinquefasciatus_vs_Cx_pallens:NC_051862.1:109831260-110108479	results/synteny/inversion_recurrence.tsv
inversion_recurrence	18 | n_inversions		1	results/synteny/inversion_recurrence.tsv
inversion_recurrence	18 | n_pairs		1	results/synteny/inversion_recurrence.tsv
inversion_recurrence	18 | chromosomes		chr2	results/synteny/inversion_recurrence.tsv
inversion_recurrence	18 | max_span_bp		452804	results/synteny/inversion_recurrence.tsv
inversion_recurrence	18 | any_at_least_large_span		False	results/synteny/inversion_recurrence.tsv
inversion_recurrence	18 | pairs		Cx_quinquefasciatus_vs_Cx_pallens	results/synteny/inversion_recurrence.tsv
inversion_recurrence	18 | members		Cx_quinquefasciatus_vs_Cx_pallens:NC_051862.1:113682849-114135654	results/synteny/inversion_recurrence.tsv
inversion_recurrence	19 | n_inversions		1	results/synteny/inversion_recurrence.tsv
inversion_recurrence	19 | n_pairs		1	results/synteny/inversion_recurrence.tsv
inversion_recurrence	19 | chromosomes		chr2	results/synteny/inversion_recurrence.tsv
inversion_recurrence	19 | max_span_bp		113916	results/synteny/inversion_recurrence.tsv
inversion_recurrence	19 | any_at_least_large_span		False	results/synteny/inversion_recurrence.tsv
inversion_recurrence	19 | pairs		Cx_quinquefasciatus_vs_Cx_pallens	results/synteny/inversion_recurrence.tsv
inversion_recurrence	19 | members		Cx_quinquefasciatus_vs_Cx_pallens:NC_051862.1:114316993-114430909	results/synteny/inversion_recurrence.tsv
inversion_recurrence	20 | n_inversions		1	results/synteny/inversion_recurrence.tsv
inversion_recurrence	20 | n_pairs		1	results/synteny/inversion_recurrence.tsv
inversion_recurrence	20 | chromosomes		chr2	results/synteny/inversion_recurrence.tsv
inversion_recurrence	20 | max_span_bp		278657	results/synteny/inversion_recurrence.tsv
inversion_recurrence	20 | any_at_least_large_span		False	results/synteny/inversion_recurrence.tsv
inversion_recurrence	20 | pairs		Cx_quinquefasciatus_vs_Cx_pallens	results/synteny/inversion_recurrence.tsv
inversion_recurrence	20 | members		Cx_quinquefasciatus_vs_Cx_pallens:NC_051862.1:125998723-126277380	results/synteny/inversion_recurrence.tsv
inversion_recurrence	21 | n_inversions		1	results/synteny/inversion_recurrence.tsv
inversion_recurrence	21 | n_pairs		1	results/synteny/inversion_recurrence.tsv
inversion_recurrence	21 | chromosomes		chr2	results/synteny/inversion_recurrence.tsv
inversion_recurrence	21 | max_span_bp		136204	results/synteny/inversion_recurrence.tsv
inversion_recurrence	21 | any_at_least_large_span		False	results/synteny/inversion_recurrence.tsv
inversion_recurrence	21 | pairs		Cx_quinquefasciatus_vs_Cx_pallens	results/synteny/inversion_recurrence.tsv
inversion_recurrence	21 | members		Cx_quinquefasciatus_vs_Cx_pallens:NC_051862.1:148455818-148592023	results/synteny/inversion_recurrence.tsv
inversion_recurrence	22 | n_inversions		1	results/synteny/inversion_recurrence.tsv
inversion_recurrence	22 | n_pairs		1	results/synteny/inversion_recurrence.tsv
inversion_recurrence	22 | chromosomes		chr2	results/synteny/inversion_recurrence.tsv
inversion_recurrence	22 | max_span_bp		197132	results/synteny/inversion_recurrence.tsv
inversion_recurrence	22 | any_at_least_large_span		False	results/synteny/inversion_recurrence.tsv
inversion_recurrence	22 | pairs		Cx_quinquefasciatus_vs_Cx_pallens	results/synteny/inversion_recurrence.tsv
inversion_recurrence	22 | members		Cx_quinquefasciatus_vs_Cx_pallens:NC_051862.1:164266994-164464126	results/synteny/inversion_recurrence.tsv
inversion_recurrence	23 | n_inversions		1	results/synteny/inversion_recurrence.tsv
inversion_recurrence	23 | n_pairs		1	results/synteny/inversion_recurrence.tsv
inversion_recurrence	23 | chromosomes		chr2	results/synteny/inversion_recurrence.tsv
inversion_recurrence	23 | max_span_bp		126209	results/synteny/inversion_recurrence.tsv
inversion_recurrence	23 | any_at_least_large_span		False	results/synteny/inversion_recurrence.tsv
inversion_recurrence	23 | pairs		Cx_quinquefasciatus_vs_Cx_pallens	results/synteny/inversion_recurrence.tsv
inversion_recurrence	23 | members		Cx_quinquefasciatus_vs_Cx_pallens:NC_051862.1:164534201-164660410	results/synteny/inversion_recurrence.tsv
inversion_recurrence	24 | n_inversions		2	results/synteny/inversion_recurrence.tsv
inversion_recurrence	24 | n_pairs		2	results/synteny/inversion_recurrence.tsv
inversion_recurrence	24 | chromosomes		chr2	results/synteny/inversion_recurrence.tsv
inversion_recurrence	24 | max_span_bp		161568	results/synteny/inversion_recurrence.tsv
inversion_recurrence	24 | genome_in_every_pair		Cx_quinquefasciatus	results/synteny/inversion_recurrence.tsv
inversion_recurrence	24 | any_at_least_large_span		False	results/synteny/inversion_recurrence.tsv
inversion_recurrence	24 | pairs		Cx_quinquefasciatus_vs_Cx_pallens;Cx_quinquefasciatus_vs_Cx_pipiens	results/synteny/inversion_recurrence.tsv
inversion_recurrence	24 | members		Cx_quinquefasciatus_vs_Cx_pallens:NC_051862.1:209608010-209769578;Cx_quinquefasciatus_vs_Cx_pipiens:NC_051862.1:209592838-209701593	results/synteny/inversion_recurrence.tsv
inversion_recurrence	25 | n_inversions		2	results/synteny/inversion_recurrence.tsv
inversion_recurrence	25 | n_pairs		2	results/synteny/inversion_recurrence.tsv
inversion_recurrence	25 | chromosomes		chr2	results/synteny/inversion_recurrence.tsv
inversion_recurrence	25 | max_span_bp		113938	results/synteny/inversion_recurrence.tsv
inversion_recurrence	25 | genome_in_every_pair		Cx_quinquefasciatus	results/synteny/inversion_recurrence.tsv
inversion_recurrence	25 | any_at_least_large_span		False	results/synteny/inversion_recurrence.tsv
inversion_recurrence	25 | pairs		Cx_quinquefasciatus_vs_Cx_molestus;Cx_quinquefasciatus_vs_Cx_pallens	results/synteny/inversion_recurrence.tsv
inversion_recurrence	25 | members		Cx_quinquefasciatus_vs_Cx_pallens:NC_051862.1:211533447-211647385;Cx_quinquefasciatus_vs_Cx_molestus:NC_051862.1:211533447-211647385	results/synteny/inversion_recurrence.tsv
inversion_recurrence	26 | n_inversions		1	results/synteny/inversion_recurrence.tsv
inversion_recurrence	26 | n_pairs		1	results/synteny/inversion_recurrence.tsv
inversion_recurrence	26 | chromosomes		chr2	results/synteny/inversion_recurrence.tsv
inversion_recurrence	26 | max_span_bp		233295	results/synteny/inversion_recurrence.tsv
inversion_recurrence	26 | any_at_least_large_span		False	results/synteny/inversion_recurrence.tsv
inversion_recurrence	26 | pairs		Cx_quinquefasciatus_vs_Cx_pallens	results/synteny/inversion_recurrence.tsv
inversion_recurrence	26 | members		Cx_quinquefasciatus_vs_Cx_pallens:NC_051862.1:216885186-217118481	results/synteny/inversion_recurrence.tsv
inversion_recurrence	27 | n_inversions		1	results/synteny/inversion_recurrence.tsv
inversion_recurrence	27 | n_pairs		1	results/synteny/inversion_recurrence.tsv
inversion_recurrence	27 | chromosomes		chr3	results/synteny/inversion_recurrence.tsv
inversion_recurrence	27 | max_span_bp		158425	results/synteny/inversion_recurrence.tsv
inversion_recurrence	27 | any_at_least_large_span		False	results/synteny/inversion_recurrence.tsv
inversion_recurrence	27 | pairs		Cx_quinquefasciatus_vs_Cx_pallens	results/synteny/inversion_recurrence.tsv
inversion_recurrence	27 | members		Cx_quinquefasciatus_vs_Cx_pallens:NC_051863.1:32261535-32419960	results/synteny/inversion_recurrence.tsv
inversion_recurrence	28 | n_inversions		2	results/synteny/inversion_recurrence.tsv
inversion_recurrence	28 | n_pairs		2	results/synteny/inversion_recurrence.tsv
inversion_recurrence	28 | chromosomes		chr3	results/synteny/inversion_recurrence.tsv
inversion_recurrence	28 | max_span_bp		127757	results/synteny/inversion_recurrence.tsv
inversion_recurrence	28 | genome_in_every_pair		Cx_quinquefasciatus	results/synteny/inversion_recurrence.tsv
inversion_recurrence	28 | any_at_least_large_span		False	results/synteny/inversion_recurrence.tsv
inversion_recurrence	28 | pairs		Cx_quinquefasciatus_vs_Cx_molestus;Cx_quinquefasciatus_vs_Cx_pallens	results/synteny/inversion_recurrence.tsv
inversion_recurrence	28 | members		Cx_quinquefasciatus_vs_Cx_pallens:NC_051863.1:59006210-59133967;Cx_quinquefasciatus_vs_Cx_molestus:NC_051863.1:59006210-59133967	results/synteny/inversion_recurrence.tsv
inversion_recurrence	29 | n_inversions		1	results/synteny/inversion_recurrence.tsv
inversion_recurrence	29 | n_pairs		1	results/synteny/inversion_recurrence.tsv
inversion_recurrence	29 | chromosomes		chr3	results/synteny/inversion_recurrence.tsv
inversion_recurrence	29 | max_span_bp		271220	results/synteny/inversion_recurrence.tsv
inversion_recurrence	29 | any_at_least_large_span		False	results/synteny/inversion_recurrence.tsv
inversion_recurrence	29 | pairs		Cx_quinquefasciatus_vs_Cx_pallens	results/synteny/inversion_recurrence.tsv
inversion_recurrence	29 | members		Cx_quinquefasciatus_vs_Cx_pallens:NC_051863.1:70705942-70977162	results/synteny/inversion_recurrence.tsv
inversion_recurrence	30 | n_inversions		1	results/synteny/inversion_recurrence.tsv
inversion_recurrence	30 | n_pairs		1	results/synteny/inversion_recurrence.tsv
inversion_recurrence	30 | chromosomes		chr3	results/synteny/inversion_recurrence.tsv
inversion_recurrence	30 | max_span_bp		555185	results/synteny/inversion_recurrence.tsv
inversion_recurrence	30 | any_at_least_large_span		False	results/synteny/inversion_recurrence.tsv
inversion_recurrence	30 | pairs		Cx_quinquefasciatus_vs_Cx_pallens	results/synteny/inversion_recurrence.tsv
inversion_recurrence	30 | members		Cx_quinquefasciatus_vs_Cx_pallens:NC_051863.1:84227710-84782895	results/synteny/inversion_recurrence.tsv
inversion_recurrence	31 | n_inversions		1	results/synteny/inversion_recurrence.tsv
inversion_recurrence	31 | n_pairs		1	results/synteny/inversion_recurrence.tsv
inversion_recurrence	31 | chromosomes		chr3	results/synteny/inversion_recurrence.tsv
inversion_recurrence	31 | max_span_bp		232139	results/synteny/inversion_recurrence.tsv
inversion_recurrence	31 | any_at_least_large_span		False	results/synteny/inversion_recurrence.tsv
inversion_recurrence	31 | pairs		Cx_quinquefasciatus_vs_Cx_pallens	results/synteny/inversion_recurrence.tsv
inversion_recurrence	31 | members		Cx_quinquefasciatus_vs_Cx_pallens:NC_051863.1:85389435-85621575	results/synteny/inversion_recurrence.tsv
inversion_recurrence	32 | n_inversions		1	results/synteny/inversion_recurrence.tsv
inversion_recurrence	32 | n_pairs		1	results/synteny/inversion_recurrence.tsv
inversion_recurrence	32 | chromosomes		chr3	results/synteny/inversion_recurrence.tsv
inversion_recurrence	32 | max_span_bp		230877	results/synteny/inversion_recurrence.tsv
inversion_recurrence	32 | any_at_least_large_span		False	results/synteny/inversion_recurrence.tsv
inversion_recurrence	32 | pairs		Cx_quinquefasciatus_vs_Cx_pallens	results/synteny/inversion_recurrence.tsv
inversion_recurrence	32 | members		Cx_quinquefasciatus_vs_Cx_pallens:NC_051863.1:88084627-88315505	results/synteny/inversion_recurrence.tsv
inversion_recurrence	33 | n_inversions		1	results/synteny/inversion_recurrence.tsv
inversion_recurrence	33 | n_pairs		1	results/synteny/inversion_recurrence.tsv
inversion_recurrence	33 | chromosomes		chr3	results/synteny/inversion_recurrence.tsv
inversion_recurrence	33 | max_span_bp		1506935	results/synteny/inversion_recurrence.tsv
inversion_recurrence	33 | any_at_least_large_span		True	results/synteny/inversion_recurrence.tsv
inversion_recurrence	33 | pairs		Cx_quinquefasciatus_vs_Cx_pallens	results/synteny/inversion_recurrence.tsv
inversion_recurrence	33 | members		Cx_quinquefasciatus_vs_Cx_pallens:NC_051863.1:100047397-101554333	results/synteny/inversion_recurrence.tsv
inversion_recurrence	34 | n_inversions		1	results/synteny/inversion_recurrence.tsv
inversion_recurrence	34 | n_pairs		1	results/synteny/inversion_recurrence.tsv
inversion_recurrence	34 | chromosomes		chr3	results/synteny/inversion_recurrence.tsv
inversion_recurrence	34 | max_span_bp		867055	results/synteny/inversion_recurrence.tsv
inversion_recurrence	34 | any_at_least_large_span		False	results/synteny/inversion_recurrence.tsv
inversion_recurrence	34 | pairs		Cx_quinquefasciatus_vs_Cx_pallens	results/synteny/inversion_recurrence.tsv
inversion_recurrence	34 | members		Cx_quinquefasciatus_vs_Cx_pallens:NC_051863.1:102936771-103803827	results/synteny/inversion_recurrence.tsv
inversion_recurrence	35 | n_inversions		1	results/synteny/inversion_recurrence.tsv
inversion_recurrence	35 | n_pairs		1	results/synteny/inversion_recurrence.tsv
inversion_recurrence	35 | chromosomes		chr3	results/synteny/inversion_recurrence.tsv
inversion_recurrence	35 | max_span_bp		155906	results/synteny/inversion_recurrence.tsv
inversion_recurrence	35 | any_at_least_large_span		False	results/synteny/inversion_recurrence.tsv
inversion_recurrence	35 | pairs		Cx_quinquefasciatus_vs_Cx_pallens	results/synteny/inversion_recurrence.tsv
inversion_recurrence	35 | members		Cx_quinquefasciatus_vs_Cx_pallens:NC_051863.1:122092840-122248746	results/synteny/inversion_recurrence.tsv
inversion_recurrence	36 | n_inversions		1	results/synteny/inversion_recurrence.tsv
inversion_recurrence	36 | n_pairs		1	results/synteny/inversion_recurrence.tsv
inversion_recurrence	36 | chromosomes		chr3	results/synteny/inversion_recurrence.tsv
inversion_recurrence	36 | max_span_bp		319436	results/synteny/inversion_recurrence.tsv
inversion_recurrence	36 | any_at_least_large_span		False	results/synteny/inversion_recurrence.tsv
inversion_recurrence	36 | pairs		Cx_quinquefasciatus_vs_Cx_pallens	results/synteny/inversion_recurrence.tsv
inversion_recurrence	36 | members		Cx_quinquefasciatus_vs_Cx_pallens:NC_051863.1:178234366-178553802	results/synteny/inversion_recurrence.tsv
inversion_recurrence	37 | n_inversions		2	results/synteny/inversion_recurrence.tsv
inversion_recurrence	37 | n_pairs		2	results/synteny/inversion_recurrence.tsv
inversion_recurrence	37 | chromosomes		chr3	results/synteny/inversion_recurrence.tsv
inversion_recurrence	37 | max_span_bp		179703	results/synteny/inversion_recurrence.tsv
inversion_recurrence	37 | genome_in_every_pair		Cx_quinquefasciatus	results/synteny/inversion_recurrence.tsv
inversion_recurrence	37 | any_at_least_large_span		False	results/synteny/inversion_recurrence.tsv
inversion_recurrence	37 | pairs		Cx_quinquefasciatus_vs_Cx_pallens;Cx_quinquefasciatus_vs_Cx_pipiens	results/synteny/inversion_recurrence.tsv
inversion_recurrence	37 | members		Cx_quinquefasciatus_vs_Cx_pallens:NC_051863.1:182822731-183002434;Cx_quinquefasciatus_vs_Cx_pipiens:NC_051863.1:182822731-182999401	results/synteny/inversion_recurrence.tsv
inversion_recurrence	38 | n_inversions		3	results/synteny/inversion_recurrence.tsv
inversion_recurrence	38 | n_pairs		3	results/synteny/inversion_recurrence.tsv
inversion_recurrence	38 | chromosomes		chr1	results/synteny/inversion_recurrence.tsv
inversion_recurrence	38 | max_span_bp		286570	results/synteny/inversion_recurrence.tsv
inversion_recurrence	38 | genome_in_every_pair		Cx_pallens	results/synteny/inversion_recurrence.tsv
inversion_recurrence	38 | any_at_least_large_span		False	results/synteny/inversion_recurrence.tsv
inversion_recurrence	38 | pairs		Cx_pallens_vs_Cx_molestus;Cx_pallens_vs_Cx_pipiens;Cx_quinquefasciatus_vs_Cx_pallens	results/synteny/inversion_recurrence.tsv
inversion_recurrence	38 | members		Cx_quinquefasciatus_vs_Cx_pallens:NC_051861.1:16621291-16907861;Cx_pallens_vs_Cx_molestus:NC_068937.1:121788914-122032218;Cx_pallens_vs_Cx_pipiens:NC_068937.1:121788914-122032218	results/synteny/inversion_recurrence.tsv
inversion_recurrence	39 | n_inversions		3	results/synteny/inversion_recurrence.tsv
inversion_recurrence	39 | n_pairs		3	results/synteny/inversion_recurrence.tsv
inversion_recurrence	39 | chromosomes		chr1	results/synteny/inversion_recurrence.tsv
inversion_recurrence	39 | max_span_bp		169190	results/synteny/inversion_recurrence.tsv
inversion_recurrence	39 | genome_in_every_pair		Cx_pallens	results/synteny/inversion_recurrence.tsv
inversion_recurrence	39 | any_at_least_large_span		False	results/synteny/inversion_recurrence.tsv
inversion_recurrence	39 | pairs		Cx_pallens_vs_Cx_molestus;Cx_pallens_vs_Cx_pipiens;Cx_quinquefasciatus_vs_Cx_pallens	results/synteny/inversion_recurrence.tsv
inversion_recurrence	39 | members		Cx_quinquefasciatus_vs_Cx_pallens:NC_051861.1:28098348-28267539;Cx_pallens_vs_Cx_molestus:NC_068937.1:90635264-90776003;Cx_pallens_vs_Cx_pipiens:NC_068937.1:90635264-90771677	results/synteny/inversion_recurrence.tsv
inversion_recurrence	40 | n_inversions		3	results/synteny/inversion_recurrence.tsv
inversion_recurrence	40 | n_pairs		3	results/synteny/inversion_recurrence.tsv
inversion_recurrence	40 | chromosomes		chr1	results/synteny/inversion_recurrence.tsv
inversion_recurrence	40 | max_span_bp		139309	results/synteny/inversion_recurrence.tsv
inversion_recurrence	40 | genome_in_every_pair		none	results/synteny/inversion_recurrence.tsv
inversion_recurrence	40 | any_at_least_large_span		False	results/synteny/inversion_recurrence.tsv
inversion_recurrence	40 | pairs		Cx_molestus_vs_Cx_pipiens;Cx_quinquefasciatus_vs_Cx_molestus;Cx_quinquefasciatus_vs_Cx_pallens	results/synteny/inversion_recurrence.tsv
inversion_recurrence	40 | members		Cx_quinquefasciatus_vs_Cx_pallens:NC_051861.1:29004716-29141675;Cx_quinquefasciatus_vs_Cx_molestus:NC_051861.1:29004716-29141675;Cx_molestus_vs_Cx_pipiens:CM044968.1:39829305-39968614	results/synteny/inversion_recurrence.tsv
inversion_recurrence	41 | n_inversions		1	results/synteny/inversion_recurrence.tsv
inversion_recurrence	41 | n_pairs		1	results/synteny/inversion_recurrence.tsv
inversion_recurrence	41 | chromosomes		chr1	results/synteny/inversion_recurrence.tsv
inversion_recurrence	41 | max_span_bp		528035	results/synteny/inversion_recurrence.tsv
inversion_recurrence	41 | any_at_least_large_span		False	results/synteny/inversion_recurrence.tsv
inversion_recurrence	41 | pairs		Cx_quinquefasciatus_vs_Cx_pallens	results/synteny/inversion_recurrence.tsv
inversion_recurrence	41 | members		Cx_quinquefasciatus_vs_Cx_pallens:NC_051861.1:29158315-29686351	results/synteny/inversion_recurrence.tsv
inversion_recurrence	42 | n_inversions		3	results/synteny/inversion_recurrence.tsv
inversion_recurrence	42 | n_pairs		3	results/synteny/inversion_recurrence.tsv
inversion_recurrence	42 | chromosomes		chr1	results/synteny/inversion_recurrence.tsv
inversion_recurrence	42 | max_span_bp		1075681	results/synteny/inversion_recurrence.tsv
inversion_recurrence	42 | genome_in_every_pair		Cx_quinquefasciatus	results/synteny/inversion_recurrence.tsv
inversion_recurrence	42 | any_at_least_large_span		True	results/synteny/inversion_recurrence.tsv
inversion_recurrence	42 | pairs		Cx_quinquefasciatus_vs_Cx_molestus;Cx_quinquefasciatus_vs_Cx_pallens;Cx_quinquefasciatus_vs_Cx_pipiens	results/synteny/inversion_recurrence.tsv
inversion_recurrence	42 | members		Cx_quinquefasciatus_vs_Cx_pallens:NC_051861.1:29828253-30865272;Cx_quinquefasciatus_vs_Cx_molestus:NC_051861.1:30543825-31619506;Cx_quinquefasciatus_vs_Cx_pipiens:NC_051861.1:30543825-31619506	results/synteny/inversion_recurrence.tsv
inversion_recurrence	43 | n_inversions		1	results/synteny/inversion_recurrence.tsv
inversion_recurrence	43 | n_pairs		1	results/synteny/inversion_recurrence.tsv
inversion_recurrence	43 | chromosomes		chr1	results/synteny/inversion_recurrence.tsv
inversion_recurrence	43 | max_span_bp		647275	results/synteny/inversion_recurrence.tsv
inversion_recurrence	43 | any_at_least_large_span		False	results/synteny/inversion_recurrence.tsv
inversion_recurrence	43 | pairs		Cx_quinquefasciatus_vs_Cx_pallens	results/synteny/inversion_recurrence.tsv
inversion_recurrence	43 | members		Cx_quinquefasciatus_vs_Cx_pallens:NC_051861.1:30972231-31619506	results/synteny/inversion_recurrence.tsv
inversion_recurrence	44 | n_inversions		2	results/synteny/inversion_recurrence.tsv
inversion_recurrence	44 | n_pairs		2	results/synteny/inversion_recurrence.tsv
inversion_recurrence	44 | chromosomes		chr1	results/synteny/inversion_recurrence.tsv
inversion_recurrence	44 | max_span_bp		127325	results/synteny/inversion_recurrence.tsv
inversion_recurrence	44 | genome_in_every_pair		Cx_quinquefasciatus	results/synteny/inversion_recurrence.tsv
inversion_recurrence	44 | any_at_least_large_span		False	results/synteny/inversion_recurrence.tsv
inversion_recurrence	44 | pairs		Cx_quinquefasciatus_vs_Cx_molestus;Cx_quinquefasciatus_vs_Cx_pallens	results/synteny/inversion_recurrence.tsv
inversion_recurrence	44 | members		Cx_quinquefasciatus_vs_Cx_pallens:NC_051861.1:31718804-31842378;Cx_quinquefasciatus_vs_Cx_molestus:NC_051861.1:31725327-31852652	results/synteny/inversion_recurrence.tsv
inversion_recurrence	45 | n_inversions		3	results/synteny/inversion_recurrence.tsv
inversion_recurrence	45 | n_pairs		3	results/synteny/inversion_recurrence.tsv
inversion_recurrence	45 | chromosomes		chr1	results/synteny/inversion_recurrence.tsv
inversion_recurrence	45 | max_span_bp		771919	results/synteny/inversion_recurrence.tsv
inversion_recurrence	45 | genome_in_every_pair		Cx_quinquefasciatus	results/synteny/inversion_recurrence.tsv
inversion_recurrence	45 | any_at_least_large_span		False	results/synteny/inversion_recurrence.tsv
inversion_recurrence	45 | pairs		Cx_quinquefasciatus_vs_Cx_molestus;Cx_quinquefasciatus_vs_Cx_pallens;Cx_quinquefasciatus_vs_Cx_pipiens	results/synteny/inversion_recurrence.tsv
inversion_recurrence	45 | members		Cx_quinquefasciatus_vs_Cx_pallens:NC_051861.1:31854510-32599801;Cx_quinquefasciatus_vs_Cx_molestus:NC_051861.1:31878299-32510140;Cx_quinquefasciatus_vs_Cx_pipiens:NC_051861.1:31854510-32626429	results/synteny/inversion_recurrence.tsv
inversion_recurrence	46 | n_inversions		3	results/synteny/inversion_recurrence.tsv
inversion_recurrence	46 | n_pairs		3	results/synteny/inversion_recurrence.tsv
inversion_recurrence	46 | chromosomes		chr1	results/synteny/inversion_recurrence.tsv
inversion_recurrence	46 | max_span_bp		799993	results/synteny/inversion_recurrence.tsv
inversion_recurrence	46 | genome_in_every_pair		Cx_quinquefasciatus	results/synteny/inversion_recurrence.tsv
inversion_recurrence	46 | any_at_least_large_span		False	results/synteny/inversion_recurrence.tsv
inversion_recurrence	46 | pairs		Cx_quinquefasciatus_vs_Cx_molestus;Cx_quinquefasciatus_vs_Cx_pallens;Cx_quinquefasciatus_vs_Cx_pipiens	results/synteny/inversion_recurrence.tsv
inversion_recurrence	46 | members		Cx_quinquefasciatus_vs_Cx_pallens:NC_051861.1:32613049-33413042;Cx_quinquefasciatus_vs_Cx_molestus:NC_051861.1:32613049-33304561;Cx_quinquefasciatus_vs_Cx_pipiens:NC_051861.1:32709495-33304561	results/synteny/inversion_recurrence.tsv
inversion_recurrence	47 | n_inversions		1	results/synteny/inversion_recurrence.tsv
inversion_recurrence	47 | n_pairs		1	results/synteny/inversion_recurrence.tsv
inversion_recurrence	47 | chromosomes		chr1	results/synteny/inversion_recurrence.tsv
inversion_recurrence	47 | max_span_bp		118123	results/synteny/inversion_recurrence.tsv
inversion_recurrence	47 | any_at_least_large_span		False	results/synteny/inversion_recurrence.tsv
inversion_recurrence	47 | pairs		Cx_quinquefasciatus_vs_Cx_pallens	results/synteny/inversion_recurrence.tsv
inversion_recurrence	47 | members		Cx_quinquefasciatus_vs_Cx_pallens:NC_051861.1:33596433-33714556	results/synteny/inversion_recurrence.tsv
inversion_recurrence	48 | n_inversions		3	results/synteny/inversion_recurrence.tsv
inversion_recurrence	48 | n_pairs		3	results/synteny/inversion_recurrence.tsv
inversion_recurrence	48 | chromosomes		chr1	results/synteny/inversion_recurrence.tsv
inversion_recurrence	48 | max_span_bp		1421135	results/synteny/inversion_recurrence.tsv
inversion_recurrence	48 | genome_in_every_pair		Cx_quinquefasciatus	results/synteny/inversion_recurrence.tsv
inversion_recurrence	48 | any_at_least_large_span		True	results/synteny/inversion_recurrence.tsv
inversion_recurrence	48 | pairs		Cx_quinquefasciatus_vs_Cx_molestus;Cx_quinquefasciatus_vs_Cx_pallens;Cx_quinquefasciatus_vs_Cx_pipiens	results/synteny/inversion_recurrence.tsv
inversion_recurrence	48 | members		Cx_quinquefasciatus_vs_Cx_pallens:NC_051861.1:33715596-33991185;Cx_quinquefasciatus_vs_Cx_molestus:NC_051861.1:33596433-33991185;Cx_quinquefasciatus_vs_Cx_pipiens:NC_051861.1:33596433-35017568	results/synteny/inversion_recurrence.tsv
inversion_recurrence	49 | n_inversions		2	results/synteny/inversion_recurrence.tsv
inversion_recurrence	49 | n_pairs		2	results/synteny/inversion_recurrence.tsv
inversion_recurrence	49 | chromosomes		chr1	results/synteny/inversion_recurrence.tsv
inversion_recurrence	49 | max_span_bp		740360	results/synteny/inversion_recurrence.tsv
inversion_recurrence	49 | genome_in_every_pair		Cx_quinquefasciatus	results/synteny/inversion_recurrence.tsv
inversion_recurrence	49 | any_at_least_large_span		False	results/synteny/inversion_recurrence.tsv
inversion_recurrence	49 | pairs		Cx_quinquefasciatus_vs_Cx_molestus;Cx_quinquefasciatus_vs_Cx_pallens	results/synteny/inversion_recurrence.tsv
inversion_recurrence	49 | members		Cx_quinquefasciatus_vs_Cx_pallens:NC_051861.1:34277208-35017568;Cx_quinquefasciatus_vs_Cx_molestus:NC_051861.1:34799277-34954048	results/synteny/inversion_recurrence.tsv
inversion_recurrence	50 | n_inversions		3	results/synteny/inversion_recurrence.tsv
inversion_recurrence	50 | n_pairs		3	results/synteny/inversion_recurrence.tsv
inversion_recurrence	50 | chromosomes		chr1	results/synteny/inversion_recurrence.tsv
inversion_recurrence	50 | max_span_bp		218274	results/synteny/inversion_recurrence.tsv
inversion_recurrence	50 | genome_in_every_pair		Cx_quinquefasciatus	results/synteny/inversion_recurrence.tsv
inversion_recurrence	50 | any_at_least_large_span		False	results/synteny/inversion_recurrence.tsv
inversion_recurrence	50 | pairs		Cx_quinquefasciatus_vs_Cx_molestus;Cx_quinquefasciatus_vs_Cx_pallens;Cx_quinquefasciatus_vs_Cx_pipiens	results/synteny/inversion_recurrence.tsv
inversion_recurrence	50 | members		Cx_quinquefasciatus_vs_Cx_pallens:NC_051861.1:35050808-35258742;Cx_quinquefasciatus_vs_Cx_molestus:NC_051861.1:35041960-35260235;Cx_quinquefasciatus_vs_Cx_pipiens:NC_051861.1:35041960-35258742	results/synteny/inversion_recurrence.tsv
inversion_recurrence	51 | n_inversions		2	results/synteny/inversion_recurrence.tsv
inversion_recurrence	51 | n_pairs		2	results/synteny/inversion_recurrence.tsv
inversion_recurrence	51 | chromosomes		chr1	results/synteny/inversion_recurrence.tsv
inversion_recurrence	51 | max_span_bp		1457410	results/synteny/inversion_recurrence.tsv
inversion_recurrence	51 | genome_in_every_pair		Cx_quinquefasciatus	results/synteny/inversion_recurrence.tsv
inversion_recurrence	51 | any_at_least_large_span		True	results/synteny/inversion_recurrence.tsv
inversion_recurrence	51 | pairs		Cx_quinquefasciatus_vs_Cx_pallens;Cx_quinquefasciatus_vs_Cx_pipiens	results/synteny/inversion_recurrence.tsv
inversion_recurrence	51 | members		Cx_quinquefasciatus_vs_Cx_pallens:NC_051861.1:35260235-36717645;Cx_quinquefasciatus_vs_Cx_pipiens:NC_051861.1:35260235-36055180	results/synteny/inversion_recurrence.tsv
inversion_recurrence	52 | n_inversions		1	results/synteny/inversion_recurrence.tsv
inversion_recurrence	52 | n_pairs		1	results/synteny/inversion_recurrence.tsv
inversion_recurrence	52 | chromosomes		chr1	results/synteny/inversion_recurrence.tsv
inversion_recurrence	52 | max_span_bp		1272260	results/synteny/inversion_recurrence.tsv
inversion_recurrence	52 | any_at_least_large_span		True	results/synteny/inversion_recurrence.tsv
inversion_recurrence	52 | pairs		Cx_quinquefasciatus_vs_Cx_pallens	results/synteny/inversion_recurrence.tsv
inversion_recurrence	52 | members		Cx_quinquefasciatus_vs_Cx_pallens:NC_051861.1:36743764-38016024	results/synteny/inversion_recurrence.tsv
inversion_recurrence	53 | n_inversions		1	results/synteny/inversion_recurrence.tsv
inversion_recurrence	53 | n_pairs		1	results/synteny/inversion_recurrence.tsv
inversion_recurrence	53 | chromosomes		chr1	results/synteny/inversion_recurrence.tsv
inversion_recurrence	53 | max_span_bp		962271	results/synteny/inversion_recurrence.tsv
inversion_recurrence	53 | any_at_least_large_span		False	results/synteny/inversion_recurrence.tsv
inversion_recurrence	53 | pairs		Cx_quinquefasciatus_vs_Cx_pallens	results/synteny/inversion_recurrence.tsv
inversion_recurrence	53 | members		Cx_quinquefasciatus_vs_Cx_pallens:NC_051861.1:38307149-39269420	results/synteny/inversion_recurrence.tsv
inversion_recurrence	54 | n_inversions		1	results/synteny/inversion_recurrence.tsv
inversion_recurrence	54 | n_pairs		1	results/synteny/inversion_recurrence.tsv
inversion_recurrence	54 | chromosomes		chr1	results/synteny/inversion_recurrence.tsv
inversion_recurrence	54 | max_span_bp		1814500	results/synteny/inversion_recurrence.tsv
inversion_recurrence	54 | any_at_least_large_span		True	results/synteny/inversion_recurrence.tsv
inversion_recurrence	54 | pairs		Cx_quinquefasciatus_vs_Cx_pallens	results/synteny/inversion_recurrence.tsv
inversion_recurrence	54 | members		Cx_quinquefasciatus_vs_Cx_pallens:NC_051861.1:39411371-41225871	results/synteny/inversion_recurrence.tsv
inversion_recurrence	55 | n_inversions		3	results/synteny/inversion_recurrence.tsv
inversion_recurrence	55 | n_pairs		3	results/synteny/inversion_recurrence.tsv
inversion_recurrence	55 | chromosomes		chr1	results/synteny/inversion_recurrence.tsv
inversion_recurrence	55 | max_span_bp		474925	results/synteny/inversion_recurrence.tsv
inversion_recurrence	55 | genome_in_every_pair		Cx_pallens	results/synteny/inversion_recurrence.tsv
inversion_recurrence	55 | any_at_least_large_span		False	results/synteny/inversion_recurrence.tsv
inversion_recurrence	55 | pairs		Cx_pallens_vs_Cx_molestus;Cx_pallens_vs_Cx_pipiens;Cx_quinquefasciatus_vs_Cx_pallens	results/synteny/inversion_recurrence.tsv
inversion_recurrence	55 | members		Cx_quinquefasciatus_vs_Cx_pallens:NC_051861.1:41467541-41942466;Cx_pallens_vs_Cx_molestus:NC_068937.1:103631488-104031452;Cx_pallens_vs_Cx_pipiens:NC_068937.1:103631488-104031452	results/synteny/inversion_recurrence.tsv
inversion_recurrence	56 | n_inversions		3	results/synteny/inversion_recurrence.tsv
inversion_recurrence	56 | n_pairs		3	results/synteny/inversion_recurrence.tsv
inversion_recurrence	56 | chromosomes		chr1	results/synteny/inversion_recurrence.tsv
inversion_recurrence	56 | max_span_bp		1494413	results/synteny/inversion_recurrence.tsv
inversion_recurrence	56 | genome_in_every_pair		Cx_pallens	results/synteny/inversion_recurrence.tsv
inversion_recurrence	56 | any_at_least_large_span		True	results/synteny/inversion_recurrence.tsv
inversion_recurrence	56 | pairs		Cx_pallens_vs_Cx_molestus;Cx_pallens_vs_Cx_pipiens;Cx_quinquefasciatus_vs_Cx_pallens	results/synteny/inversion_recurrence.tsv
inversion_recurrence	56 | members		Cx_quinquefasciatus_vs_Cx_pallens:NC_051861.1:42047558-43541971;Cx_pallens_vs_Cx_molestus:NC_068937.1:104870963-105562082;Cx_pallens_vs_Cx_pipiens:NC_068937.1:104271592-105573157	results/synteny/inversion_recurrence.tsv
inversion_recurrence	57 | n_inversions		3	results/synteny/inversion_recurrence.tsv
inversion_recurrence	57 | n_pairs		3	results/synteny/inversion_recurrence.tsv
inversion_recurrence	57 | chromosomes		chr1	results/synteny/inversion_recurrence.tsv
inversion_recurrence	57 | max_span_bp		468467	results/synteny/inversion_recurrence.tsv
inversion_recurrence	57 | genome_in_every_pair		Cx_pallens	results/synteny/inversion_recurrence.tsv
inversion_recurrence	57 | any_at_least_large_span		False	results/synteny/inversion_recurrence.tsv
inversion_recurrence	57 | pairs		Cx_pallens_vs_Cx_molestus;Cx_pallens_vs_Cx_pipiens;Cx_quinquefasciatus_vs_Cx_pallens	results/synteny/inversion_recurrence.tsv
inversion_recurrence	57 | members		Cx_quinquefasciatus_vs_Cx_pallens:NC_051861.1:43574478-43752759;Cx_pallens_vs_Cx_molestus:NC_068937.1:105573157-106041625;Cx_pallens_vs_Cx_pipiens:NC_068937.1:105598183-105819784	results/synteny/inversion_recurrence.tsv
inversion_recurrence	58 | n_inversions		1	results/synteny/inversion_recurrence.tsv
inversion_recurrence	58 | n_pairs		1	results/synteny/inversion_recurrence.tsv
inversion_recurrence	58 | chromosomes		chr1	results/synteny/inversion_recurrence.tsv
inversion_recurrence	58 | max_span_bp		132381	results/synteny/inversion_recurrence.tsv
inversion_recurrence	58 | any_at_least_large_span		False	results/synteny/inversion_recurrence.tsv
inversion_recurrence	58 | pairs		Cx_quinquefasciatus_vs_Cx_pallens	results/synteny/inversion_recurrence.tsv
inversion_recurrence	58 | members		Cx_quinquefasciatus_vs_Cx_pallens:NC_051861.1:43769441-43901822	results/synteny/inversion_recurrence.tsv
inversion_recurrence	59 | n_inversions		1	results/synteny/inversion_recurrence.tsv
inversion_recurrence	59 | n_pairs		1	results/synteny/inversion_recurrence.tsv
inversion_recurrence	59 | chromosomes		chr1	results/synteny/inversion_recurrence.tsv
inversion_recurrence	59 | max_span_bp		204225	results/synteny/inversion_recurrence.tsv
inversion_recurrence	59 | any_at_least_large_span		False	results/synteny/inversion_recurrence.tsv
inversion_recurrence	59 | pairs		Cx_quinquefasciatus_vs_Cx_pallens	results/synteny/inversion_recurrence.tsv
inversion_recurrence	59 | members		Cx_quinquefasciatus_vs_Cx_pallens:NC_051861.1:43913314-44117539	results/synteny/inversion_recurrence.tsv
inversion_recurrence	60 | n_inversions		3	results/synteny/inversion_recurrence.tsv
inversion_recurrence	60 | n_pairs		3	results/synteny/inversion_recurrence.tsv
inversion_recurrence	60 | chromosomes		chr1	results/synteny/inversion_recurrence.tsv
inversion_recurrence	60 | max_span_bp		1660442	results/synteny/inversion_recurrence.tsv
inversion_recurrence	60 | genome_in_every_pair		Cx_pallens	results/synteny/inversion_recurrence.tsv
inversion_recurrence	60 | any_at_least_large_span		True	results/synteny/inversion_recurrence.tsv
inversion_recurrence	60 | pairs		Cx_pallens_vs_Cx_molestus;Cx_pallens_vs_Cx_pipiens;Cx_quinquefasciatus_vs_Cx_pallens	results/synteny/inversion_recurrence.tsv
inversion_recurrence	60 | members		Cx_quinquefasciatus_vs_Cx_pallens:NC_051861.1:44529957-45445266;Cx_pallens_vs_Cx_molestus:NC_068937.1:106181270-107445133;Cx_pallens_vs_Cx_pipiens:NC_068937.1:106107520-107767962	results/synteny/inversion_recurrence.tsv
inversion_recurrence	61 | n_inversions		1	results/synteny/inversion_recurrence.tsv
inversion_recurrence	61 | n_pairs		1	results/synteny/inversion_recurrence.tsv
inversion_recurrence	61 | chromosomes		chr1	results/synteny/inversion_recurrence.tsv
inversion_recurrence	61 | max_span_bp		472359	results/synteny/inversion_recurrence.tsv
inversion_recurrence	61 | any_at_least_large_span		False	results/synteny/inversion_recurrence.tsv
inversion_recurrence	61 | pairs		Cx_quinquefasciatus_vs_Cx_pallens	results/synteny/inversion_recurrence.tsv
inversion_recurrence	61 | members		Cx_quinquefasciatus_vs_Cx_pallens:NC_051861.1:45454387-45926746	results/synteny/inversion_recurrence.tsv
inversion_recurrence	62 | n_inversions		1	results/synteny/inversion_recurrence.tsv
inversion_recurrence	62 | n_pairs		1	results/synteny/inversion_recurrence.tsv
inversion_recurrence	62 | chromosomes		chr1	results/synteny/inversion_recurrence.tsv
inversion_recurrence	62 | max_span_bp		651801	results/synteny/inversion_recurrence.tsv
inversion_recurrence	62 | any_at_least_large_span		False	results/synteny/inversion_recurrence.tsv
inversion_recurrence	62 | pairs		Cx_quinquefasciatus_vs_Cx_pallens	results/synteny/inversion_recurrence.tsv
inversion_recurrence	62 | members		Cx_quinquefasciatus_vs_Cx_pallens:NC_051861.1:46100548-46752350	results/synteny/inversion_recurrence.tsv
inversion_recurrence	63 | n_inversions		1	results/synteny/inversion_recurrence.tsv
inversion_recurrence	63 | n_pairs		1	results/synteny/inversion_recurrence.tsv
inversion_recurrence	63 | chromosomes		chr1	results/synteny/inversion_recurrence.tsv
inversion_recurrence	63 | max_span_bp		623191	results/synteny/inversion_recurrence.tsv
inversion_recurrence	63 | any_at_least_large_span		False	results/synteny/inversion_recurrence.tsv
inversion_recurrence	63 | pairs		Cx_quinquefasciatus_vs_Cx_pallens	results/synteny/inversion_recurrence.tsv
inversion_recurrence	63 | members		Cx_quinquefasciatus_vs_Cx_pallens:NC_051861.1:46966586-47589777	results/synteny/inversion_recurrence.tsv
inversion_recurrence	64 | n_inversions		1	results/synteny/inversion_recurrence.tsv
inversion_recurrence	64 | n_pairs		1	results/synteny/inversion_recurrence.tsv
inversion_recurrence	64 | chromosomes		chr1	results/synteny/inversion_recurrence.tsv
inversion_recurrence	64 | max_span_bp		376319	results/synteny/inversion_recurrence.tsv
inversion_recurrence	64 | any_at_least_large_span		False	results/synteny/inversion_recurrence.tsv
inversion_recurrence	64 | pairs		Cx_quinquefasciatus_vs_Cx_pallens	results/synteny/inversion_recurrence.tsv
inversion_recurrence	64 | members		Cx_quinquefasciatus_vs_Cx_pallens:NC_051861.1:47772761-48149080	results/synteny/inversion_recurrence.tsv
inversion_recurrence	65 | n_inversions		3	results/synteny/inversion_recurrence.tsv
inversion_recurrence	65 | n_pairs		3	results/synteny/inversion_recurrence.tsv
inversion_recurrence	65 | chromosomes		chr1	results/synteny/inversion_recurrence.tsv
inversion_recurrence	65 | max_span_bp		1054735	results/synteny/inversion_recurrence.tsv
inversion_recurrence	65 | genome_in_every_pair		Cx_pallens	results/synteny/inversion_recurrence.tsv
inversion_recurrence	65 | any_at_least_large_span		True	results/synteny/inversion_recurrence.tsv
inversion_recurrence	65 | pairs		Cx_pallens_vs_Cx_molestus;Cx_pallens_vs_Cx_pipiens;Cx_quinquefasciatus_vs_Cx_pallens	results/synteny/inversion_recurrence.tsv
inversion_recurrence	65 | members		Cx_quinquefasciatus_vs_Cx_pallens:NC_051861.1:48226319-49281054;Cx_pallens_vs_Cx_molestus:NC_068937.1:109859790-110581566;Cx_pallens_vs_Cx_pipiens:NC_068937.1:109597941-110037275	results/synteny/inversion_recurrence.tsv
inversion_recurrence	66 | n_inversions		1	results/synteny/inversion_recurrence.tsv
inversion_recurrence	66 | n_pairs		1	results/synteny/inversion_recurrence.tsv
inversion_recurrence	66 | chromosomes		chr1	results/synteny/inversion_recurrence.tsv
inversion_recurrence	66 | max_span_bp		160806	results/synteny/inversion_recurrence.tsv
inversion_recurrence	66 | any_at_least_large_span		False	results/synteny/inversion_recurrence.tsv
inversion_recurrence	66 | pairs		Cx_quinquefasciatus_vs_Cx_pallens	results/synteny/inversion_recurrence.tsv
inversion_recurrence	66 | members		Cx_quinquefasciatus_vs_Cx_pallens:NC_051861.1:49703286-49864092	results/synteny/inversion_recurrence.tsv
inversion_recurrence	67 | n_inversions		1	results/synteny/inversion_recurrence.tsv
inversion_recurrence	67 | n_pairs		1	results/synteny/inversion_recurrence.tsv
inversion_recurrence	67 | chromosomes		chr1	results/synteny/inversion_recurrence.tsv
inversion_recurrence	67 | max_span_bp		277453	results/synteny/inversion_recurrence.tsv
inversion_recurrence	67 | any_at_least_large_span		False	results/synteny/inversion_recurrence.tsv
inversion_recurrence	67 | pairs		Cx_quinquefasciatus_vs_Cx_pallens	results/synteny/inversion_recurrence.tsv
inversion_recurrence	67 | members		Cx_quinquefasciatus_vs_Cx_pallens:NC_051861.1:52638607-52916060	results/synteny/inversion_recurrence.tsv
inversion_recurrence	68 | n_inversions		1	results/synteny/inversion_recurrence.tsv
inversion_recurrence	68 | n_pairs		1	results/synteny/inversion_recurrence.tsv
inversion_recurrence	68 | chromosomes		chr1	results/synteny/inversion_recurrence.tsv
inversion_recurrence	68 | max_span_bp		229339	results/synteny/inversion_recurrence.tsv
inversion_recurrence	68 | any_at_least_large_span		False	results/synteny/inversion_recurrence.tsv
inversion_recurrence	68 | pairs		Cx_quinquefasciatus_vs_Cx_pallens	results/synteny/inversion_recurrence.tsv
inversion_recurrence	68 | members		Cx_quinquefasciatus_vs_Cx_pallens:NC_051861.1:56565810-56795150	results/synteny/inversion_recurrence.tsv
inversion_recurrence	69 | n_inversions		1	results/synteny/inversion_recurrence.tsv
inversion_recurrence	69 | n_pairs		1	results/synteny/inversion_recurrence.tsv
inversion_recurrence	69 | chromosomes		chr1	results/synteny/inversion_recurrence.tsv
inversion_recurrence	69 | max_span_bp		518267	results/synteny/inversion_recurrence.tsv
inversion_recurrence	69 | any_at_least_large_span		False	results/synteny/inversion_recurrence.tsv
inversion_recurrence	69 | pairs		Cx_quinquefasciatus_vs_Cx_pallens	results/synteny/inversion_recurrence.tsv
inversion_recurrence	69 | members		Cx_quinquefasciatus_vs_Cx_pallens:NC_051861.1:57008242-57526509	results/synteny/inversion_recurrence.tsv
inversion_recurrence	70 | n_inversions		1	results/synteny/inversion_recurrence.tsv
inversion_recurrence	70 | n_pairs		1	results/synteny/inversion_recurrence.tsv
inversion_recurrence	70 | chromosomes		chr1	results/synteny/inversion_recurrence.tsv
inversion_recurrence	70 | max_span_bp		561591	results/synteny/inversion_recurrence.tsv
inversion_recurrence	70 | any_at_least_large_span		False	results/synteny/inversion_recurrence.tsv
inversion_recurrence	70 | pairs		Cx_quinquefasciatus_vs_Cx_pallens	results/synteny/inversion_recurrence.tsv
inversion_recurrence	70 | members		Cx_quinquefasciatus_vs_Cx_pallens:NC_051861.1:59027862-59589453	results/synteny/inversion_recurrence.tsv
inversion_recurrence	71 | n_inversions		1	results/synteny/inversion_recurrence.tsv
inversion_recurrence	71 | n_pairs		1	results/synteny/inversion_recurrence.tsv
inversion_recurrence	71 | chromosomes		chr1	results/synteny/inversion_recurrence.tsv
inversion_recurrence	71 | max_span_bp		200952	results/synteny/inversion_recurrence.tsv
inversion_recurrence	71 | any_at_least_large_span		False	results/synteny/inversion_recurrence.tsv
inversion_recurrence	71 | pairs		Cx_quinquefasciatus_vs_Cx_pallens	results/synteny/inversion_recurrence.tsv
inversion_recurrence	71 | members		Cx_quinquefasciatus_vs_Cx_pallens:NC_051861.1:61126806-61327758	results/synteny/inversion_recurrence.tsv
inversion_recurrence	72 | n_inversions		1	results/synteny/inversion_recurrence.tsv
inversion_recurrence	72 | n_pairs		1	results/synteny/inversion_recurrence.tsv
inversion_recurrence	72 | chromosomes		chr1	results/synteny/inversion_recurrence.tsv
inversion_recurrence	72 | max_span_bp		109006	results/synteny/inversion_recurrence.tsv
inversion_recurrence	72 | any_at_least_large_span		False	results/synteny/inversion_recurrence.tsv
inversion_recurrence	72 | pairs		Cx_quinquefasciatus_vs_Cx_pallens	results/synteny/inversion_recurrence.tsv
inversion_recurrence	72 | members		Cx_quinquefasciatus_vs_Cx_pallens:NC_051861.1:63483133-63592140	results/synteny/inversion_recurrence.tsv
inversion_recurrence	73 | n_inversions		1	results/synteny/inversion_recurrence.tsv
inversion_recurrence	73 | n_pairs		1	results/synteny/inversion_recurrence.tsv
inversion_recurrence	73 | chromosomes		chr1	results/synteny/inversion_recurrence.tsv
inversion_recurrence	73 | max_span_bp		394752	results/synteny/inversion_recurrence.tsv
inversion_recurrence	73 | any_at_least_large_span		False	results/synteny/inversion_recurrence.tsv
inversion_recurrence	73 | pairs		Cx_quinquefasciatus_vs_Cx_pallens	results/synteny/inversion_recurrence.tsv
inversion_recurrence	73 | members		Cx_quinquefasciatus_vs_Cx_pallens:NC_051861.1:64365701-64760453	results/synteny/inversion_recurrence.tsv
inversion_recurrence	74 | n_inversions		1	results/synteny/inversion_recurrence.tsv
inversion_recurrence	74 | n_pairs		1	results/synteny/inversion_recurrence.tsv
inversion_recurrence	74 | chromosomes		chr1	results/synteny/inversion_recurrence.tsv
inversion_recurrence	74 | max_span_bp		106333	results/synteny/inversion_recurrence.tsv
inversion_recurrence	74 | any_at_least_large_span		False	results/synteny/inversion_recurrence.tsv
inversion_recurrence	74 | pairs		Cx_quinquefasciatus_vs_Cx_pallens	results/synteny/inversion_recurrence.tsv
inversion_recurrence	74 | members		Cx_quinquefasciatus_vs_Cx_pallens:NC_051861.1:65371112-65477445	results/synteny/inversion_recurrence.tsv
inversion_recurrence	75 | n_inversions		1	results/synteny/inversion_recurrence.tsv
inversion_recurrence	75 | n_pairs		1	results/synteny/inversion_recurrence.tsv
inversion_recurrence	75 | chromosomes		chr1	results/synteny/inversion_recurrence.tsv
inversion_recurrence	75 | max_span_bp		365261	results/synteny/inversion_recurrence.tsv
inversion_recurrence	75 | any_at_least_large_span		False	results/synteny/inversion_recurrence.tsv
inversion_recurrence	75 | pairs		Cx_quinquefasciatus_vs_Cx_pallens	results/synteny/inversion_recurrence.tsv
inversion_recurrence	75 | members		Cx_quinquefasciatus_vs_Cx_pallens:NC_051861.1:65885233-66250494	results/synteny/inversion_recurrence.tsv
inversion_recurrence	76 | n_inversions		1	results/synteny/inversion_recurrence.tsv
inversion_recurrence	76 | n_pairs		1	results/synteny/inversion_recurrence.tsv
inversion_recurrence	76 | chromosomes		chr1	results/synteny/inversion_recurrence.tsv
inversion_recurrence	76 | max_span_bp		123332	results/synteny/inversion_recurrence.tsv
inversion_recurrence	76 | any_at_least_large_span		False	results/synteny/inversion_recurrence.tsv
inversion_recurrence	76 | pairs		Cx_quinquefasciatus_vs_Cx_pallens	results/synteny/inversion_recurrence.tsv
inversion_recurrence	76 | members		Cx_quinquefasciatus_vs_Cx_pallens:NC_051861.1:69712545-69835877	results/synteny/inversion_recurrence.tsv
inversion_recurrence	77 | n_inversions		1	results/synteny/inversion_recurrence.tsv
inversion_recurrence	77 | n_pairs		1	results/synteny/inversion_recurrence.tsv
inversion_recurrence	77 | chromosomes		chr1	results/synteny/inversion_recurrence.tsv
inversion_recurrence	77 | max_span_bp		471633	results/synteny/inversion_recurrence.tsv
inversion_recurrence	77 | any_at_least_large_span		False	results/synteny/inversion_recurrence.tsv
inversion_recurrence	77 | pairs		Cx_quinquefasciatus_vs_Cx_pallens	results/synteny/inversion_recurrence.tsv
inversion_recurrence	77 | members		Cx_quinquefasciatus_vs_Cx_pallens:NC_051861.1:96902075-97373708	results/synteny/inversion_recurrence.tsv
inversion_recurrence	78 | n_inversions		3	results/synteny/inversion_recurrence.tsv
inversion_recurrence	78 | n_pairs		3	results/synteny/inversion_recurrence.tsv
inversion_recurrence	78 | chromosomes		chr2	results/synteny/inversion_recurrence.tsv
inversion_recurrence	78 | max_span_bp		252742	results/synteny/inversion_recurrence.tsv
inversion_recurrence	78 | genome_in_every_pair		Cx_molestus	results/synteny/inversion_recurrence.tsv
inversion_recurrence	78 | any_at_least_large_span		False	results/synteny/inversion_recurrence.tsv
inversion_recurrence	78 | pairs		Cx_molestus_vs_Cx_pipiens;Cx_pallens_vs_Cx_molestus;Cx_quinquefasciatus_vs_Cx_molestus	results/synteny/inversion_recurrence.tsv
inversion_recurrence	78 | members		Cx_quinquefasciatus_vs_Cx_molestus:NC_051862.1:12156264-12368797;Cx_pallens_vs_Cx_molestus:NC_068938.1:211473101-211679834;Cx_molestus_vs_Cx_pipiens:CM044969.1:15625912-15878654	results/synteny/inversion_recurrence.tsv
inversion_recurrence	79 | n_inversions		3	results/synteny/inversion_recurrence.tsv
inversion_recurrence	79 | n_pairs		3	results/synteny/inversion_recurrence.tsv
inversion_recurrence	79 | chromosomes		chr2	results/synteny/inversion_recurrence.tsv
inversion_recurrence	79 | max_span_bp		737861	results/synteny/inversion_recurrence.tsv
inversion_recurrence	79 | genome_in_every_pair		Cx_molestus	results/synteny/inversion_recurrence.tsv
inversion_recurrence	79 | any_at_least_large_span		False	results/synteny/inversion_recurrence.tsv
inversion_recurrence	79 | pairs		Cx_molestus_vs_Cx_pipiens;Cx_pallens_vs_Cx_molestus;Cx_quinquefasciatus_vs_Cx_molestus	results/synteny/inversion_recurrence.tsv
inversion_recurrence	79 | members		Cx_quinquefasciatus_vs_Cx_molestus:NC_051862.1:37049479-37787340;Cx_pallens_vs_Cx_molestus:NC_068938.1:185636958-186315888;Cx_molestus_vs_Cx_pipiens:CM044969.1:36635527-37250228	results/synteny/inversion_recurrence.tsv
inversion_recurrence	80 | n_inversions		2	results/synteny/inversion_recurrence.tsv
inversion_recurrence	80 | n_pairs		2	results/synteny/inversion_recurrence.tsv
inversion_recurrence	80 | chromosomes		chr2	results/synteny/inversion_recurrence.tsv
inversion_recurrence	80 | max_span_bp		578675	results/synteny/inversion_recurrence.tsv
inversion_recurrence	80 | genome_in_every_pair		Cx_molestus	results/synteny/inversion_recurrence.tsv
inversion_recurrence	80 | any_at_least_large_span		False	results/synteny/inversion_recurrence.tsv
inversion_recurrence	80 | pairs		Cx_pallens_vs_Cx_molestus;Cx_quinquefasciatus_vs_Cx_molestus	results/synteny/inversion_recurrence.tsv
inversion_recurrence	80 | members		Cx_quinquefasciatus_vs_Cx_molestus:NC_051862.1:45632570-45789921;Cx_pallens_vs_Cx_molestus:NC_068938.1:176953062-177531737	results/synteny/inversion_recurrence.tsv
inversion_recurrence	81 | n_inversions		1	results/synteny/inversion_recurrence.tsv
inversion_recurrence	81 | n_pairs		1	results/synteny/inversion_recurrence.tsv
inversion_recurrence	81 | chromosomes		chr2	results/synteny/inversion_recurrence.tsv
inversion_recurrence	81 | max_span_bp		310514	results/synteny/inversion_recurrence.tsv
inversion_recurrence	81 | any_at_least_large_span		False	results/synteny/inversion_recurrence.tsv
inversion_recurrence	81 | pairs		Cx_quinquefasciatus_vs_Cx_molestus	results/synteny/inversion_recurrence.tsv
inversion_recurrence	81 | members		Cx_quinquefasciatus_vs_Cx_molestus:NC_051862.1:45861280-46171794	results/synteny/inversion_recurrence.tsv
inversion_recurrence	82 | n_inversions		3	results/synteny/inversion_recurrence.tsv
inversion_recurrence	82 | n_pairs		3	results/synteny/inversion_recurrence.tsv
inversion_recurrence	82 | chromosomes		chr2	results/synteny/inversion_recurrence.tsv
inversion_recurrence	82 | max_span_bp		264479	results/synteny/inversion_recurrence.tsv
inversion_recurrence	82 | genome_in_every_pair		Cx_molestus	results/synteny/inversion_recurrence.tsv
inversion_recurrence	82 | any_at_least_large_span		False	results/synteny/inversion_recurrence.tsv
inversion_recurrence	82 | pairs		Cx_molestus_vs_Cx_pipiens;Cx_pallens_vs_Cx_molestus;Cx_quinquefasciatus_vs_Cx_molestus	results/synteny/inversion_recurrence.tsv
inversion_recurrence	82 | members		Cx_quinquefasciatus_vs_Cx_molestus:NC_051862.1:47796870-48032255;Cx_pallens_vs_Cx_molestus:NC_068938.1:175101180-175365660;Cx_molestus_vs_Cx_pipiens:CM044969.1:46732158-46928465	results/synteny/inversion_recurrence.tsv
inversion_recurrence	83 | n_inversions		1	results/synteny/inversion_recurrence.tsv
inversion_recurrence	83 | n_pairs		1	results/synteny/inversion_recurrence.tsv
inversion_recurrence	83 | chromosomes		chr2	results/synteny/inversion_recurrence.tsv
inversion_recurrence	83 | max_span_bp		423140	results/synteny/inversion_recurrence.tsv
inversion_recurrence	83 | any_at_least_large_span		False	results/synteny/inversion_recurrence.tsv
inversion_recurrence	83 | pairs		Cx_quinquefasciatus_vs_Cx_molestus	results/synteny/inversion_recurrence.tsv
inversion_recurrence	83 | members		Cx_quinquefasciatus_vs_Cx_molestus:NC_051862.1:48072163-48495303	results/synteny/inversion_recurrence.tsv
inversion_recurrence	84 | n_inversions		2	results/synteny/inversion_recurrence.tsv
inversion_recurrence	84 | n_pairs		2	results/synteny/inversion_recurrence.tsv
inversion_recurrence	84 | chromosomes		chr2	results/synteny/inversion_recurrence.tsv
inversion_recurrence	84 | max_span_bp		199035	results/synteny/inversion_recurrence.tsv
inversion_recurrence	84 | genome_in_every_pair		Cx_molestus	results/synteny/inversion_recurrence.tsv
inversion_recurrence	84 | any_at_least_large_span		False	results/synteny/inversion_recurrence.tsv
inversion_recurrence	84 | pairs		Cx_pallens_vs_Cx_molestus;Cx_quinquefasciatus_vs_Cx_molestus	results/synteny/inversion_recurrence.tsv
inversion_recurrence	84 | members		Cx_quinquefasciatus_vs_Cx_molestus:NC_051862.1:49478271-49677306;Cx_pallens_vs_Cx_molestus:NC_068938.1:173532106-173715954	results/synteny/inversion_recurrence.tsv
inversion_recurrence	85 | n_inversions		3	results/synteny/inversion_recurrence.tsv
inversion_recurrence	85 | n_pairs		3	results/synteny/inversion_recurrence.tsv
inversion_recurrence	85 | chromosomes		chr2	results/synteny/inversion_recurrence.tsv
inversion_recurrence	85 | max_span_bp		398044	results/synteny/inversion_recurrence.tsv
inversion_recurrence	85 | genome_in_every_pair		Cx_molestus	results/synteny/inversion_recurrence.tsv
inversion_recurrence	85 | any_at_least_large_span		False	results/synteny/inversion_recurrence.tsv
inversion_recurrence	85 | pairs		Cx_molestus_vs_Cx_pipiens;Cx_pallens_vs_Cx_molestus;Cx_quinquefasciatus_vs_Cx_molestus	results/synteny/inversion_recurrence.tsv
inversion_recurrence	85 | members		Cx_quinquefasciatus_vs_Cx_molestus:NC_051862.1:54820020-54998893;Cx_pallens_vs_Cx_molestus:NC_068938.1:167856143-168052398;Cx_molestus_vs_Cx_pipiens:CM044969.1:53910240-54308284	results/synteny/inversion_recurrence.tsv
inversion_recurrence	86 | n_inversions		2	results/synteny/inversion_recurrence.tsv
inversion_recurrence	86 | n_pairs		2	results/synteny/inversion_recurrence.tsv
inversion_recurrence	86 | chromosomes		chr2	results/synteny/inversion_recurrence.tsv
inversion_recurrence	86 | max_span_bp		140043	results/synteny/inversion_recurrence.tsv
inversion_recurrence	86 | genome_in_every_pair		Cx_molestus	results/synteny/inversion_recurrence.tsv
inversion_recurrence	86 | any_at_least_large_span		False	results/synteny/inversion_recurrence.tsv
inversion_recurrence	86 | pairs		Cx_pallens_vs_Cx_molestus;Cx_quinquefasciatus_vs_Cx_molestus	results/synteny/inversion_recurrence.tsv
inversion_recurrence	86 | members		Cx_quinquefasciatus_vs_Cx_molestus:NC_051862.1:68685600-68811664;Cx_pallens_vs_Cx_molestus:NC_068938.1:151730289-151870332	results/synteny/inversion_recurrence.tsv
inversion_recurrence	87 | n_inversions		3	results/synteny/inversion_recurrence.tsv
inversion_recurrence	87 | n_pairs		3	results/synteny/inversion_recurrence.tsv
inversion_recurrence	87 | chromosomes		chr2	results/synteny/inversion_recurrence.tsv
inversion_recurrence	87 | max_span_bp		153760	results/synteny/inversion_recurrence.tsv
inversion_recurrence	87 | genome_in_every_pair		Cx_molestus	results/synteny/inversion_recurrence.tsv
inversion_recurrence	87 | any_at_least_large_span		False	results/synteny/inversion_recurrence.tsv
inversion_recurrence	87 | pairs		Cx_molestus_vs_Cx_pipiens;Cx_pallens_vs_Cx_molestus;Cx_quinquefasciatus_vs_Cx_molestus	results/synteny/inversion_recurrence.tsv
inversion_recurrence	87 | members		Cx_quinquefasciatus_vs_Cx_molestus:NC_051862.1:81789299-81916445;Cx_pallens_vs_Cx_molestus:NC_068938.1:137701489-137804388;Cx_molestus_vs_Cx_pipiens:CM044969.1:79336566-79490326	results/synteny/inversion_recurrence.tsv
inversion_recurrence	88 | n_inversions		2	results/synteny/inversion_recurrence.tsv
inversion_recurrence	88 | n_pairs		2	results/synteny/inversion_recurrence.tsv
inversion_recurrence	88 | chromosomes		chr2	results/synteny/inversion_recurrence.tsv
inversion_recurrence	88 | max_span_bp		167619	results/synteny/inversion_recurrence.tsv
inversion_recurrence	88 | genome_in_every_pair		Cx_molestus	results/synteny/inversion_recurrence.tsv
inversion_recurrence	88 | any_at_least_large_span		False	results/synteny/inversion_recurrence.tsv
inversion_recurrence	88 | pairs		Cx_pallens_vs_Cx_molestus;Cx_quinquefasciatus_vs_Cx_molestus	results/synteny/inversion_recurrence.tsv
inversion_recurrence	88 | members		Cx_quinquefasciatus_vs_Cx_molestus:NC_051862.1:86803704-86971323;Cx_pallens_vs_Cx_molestus:NC_068938.1:132573778-132701548	results/synteny/inversion_recurrence.tsv
inversion_recurrence	89 | n_inversions		1	results/synteny/inversion_recurrence.tsv
inversion_recurrence	89 | n_pairs		1	results/synteny/inversion_recurrence.tsv
inversion_recurrence	89 | chromosomes		chr2	results/synteny/inversion_recurrence.tsv
inversion_recurrence	89 | max_span_bp		435064	results/synteny/inversion_recurrence.tsv
inversion_recurrence	89 | any_at_least_large_span		False	results/synteny/inversion_recurrence.tsv
inversion_recurrence	89 | pairs		Cx_quinquefasciatus_vs_Cx_molestus	results/synteny/inversion_recurrence.tsv
inversion_recurrence	89 | members		Cx_quinquefasciatus_vs_Cx_molestus:NC_051862.1:91332088-91767152	results/synteny/inversion_recurrence.tsv
inversion_recurrence	90 | n_inversions		1	results/synteny/inversion_recurrence.tsv
inversion_recurrence	90 | n_pairs		1	results/synteny/inversion_recurrence.tsv
inversion_recurrence	90 | chromosomes		chr2	results/synteny/inversion_recurrence.tsv
inversion_recurrence	90 | max_span_bp		324519	results/synteny/inversion_recurrence.tsv
inversion_recurrence	90 | any_at_least_large_span		False	results/synteny/inversion_recurrence.tsv
inversion_recurrence	90 | pairs		Cx_quinquefasciatus_vs_Cx_molestus	results/synteny/inversion_recurrence.tsv
inversion_recurrence	90 | members		Cx_quinquefasciatus_vs_Cx_molestus:NC_051862.1:101502655-101827174	results/synteny/inversion_recurrence.tsv
inversion_recurrence	91 | n_inversions		1	results/synteny/inversion_recurrence.tsv
inversion_recurrence	91 | n_pairs		1	results/synteny/inversion_recurrence.tsv
inversion_recurrence	91 | chromosomes		chr2	results/synteny/inversion_recurrence.tsv
inversion_recurrence	91 | max_span_bp		433786	results/synteny/inversion_recurrence.tsv
inversion_recurrence	91 | any_at_least_large_span		False	results/synteny/inversion_recurrence.tsv
inversion_recurrence	91 | pairs		Cx_quinquefasciatus_vs_Cx_molestus	results/synteny/inversion_recurrence.tsv
inversion_recurrence	91 | members		Cx_quinquefasciatus_vs_Cx_molestus:NC_051862.1:106521098-106954884	results/synteny/inversion_recurrence.tsv
inversion_recurrence	92 | n_inversions		1	results/synteny/inversion_recurrence.tsv
inversion_recurrence	92 | n_pairs		1	results/synteny/inversion_recurrence.tsv
inversion_recurrence	92 | chromosomes		chr2	results/synteny/inversion_recurrence.tsv
inversion_recurrence	92 | max_span_bp		367254	results/synteny/inversion_recurrence.tsv
inversion_recurrence	92 | any_at_least_large_span		False	results/synteny/inversion_recurrence.tsv
inversion_recurrence	92 | pairs		Cx_quinquefasciatus_vs_Cx_molestus	results/synteny/inversion_recurrence.tsv
inversion_recurrence	92 | members		Cx_quinquefasciatus_vs_Cx_molestus:NC_051862.1:106956342-107323596	results/synteny/inversion_recurrence.tsv
inversion_recurrence	93 | n_inversions		1	results/synteny/inversion_recurrence.tsv
inversion_recurrence	93 | n_pairs		1	results/synteny/inversion_recurrence.tsv
inversion_recurrence	93 | chromosomes		chr2	results/synteny/inversion_recurrence.tsv
inversion_recurrence	93 | max_span_bp		556135	results/synteny/inversion_recurrence.tsv
inversion_recurrence	93 | any_at_least_large_span		False	results/synteny/inversion_recurrence.tsv
inversion_recurrence	93 | pairs		Cx_quinquefasciatus_vs_Cx_molestus	results/synteny/inversion_recurrence.tsv
inversion_recurrence	93 | members		Cx_quinquefasciatus_vs_Cx_molestus:NC_051862.1:107503955-108060090	results/synteny/inversion_recurrence.tsv
inversion_recurrence	94 | n_inversions		1	results/synteny/inversion_recurrence.tsv
inversion_recurrence	94 | n_pairs		1	results/synteny/inversion_recurrence.tsv
inversion_recurrence	94 | chromosomes		chr2	results/synteny/inversion_recurrence.tsv
inversion_recurrence	94 | max_span_bp		395415	results/synteny/inversion_recurrence.tsv
inversion_recurrence	94 | any_at_least_large_span		False	results/synteny/inversion_recurrence.tsv
inversion_recurrence	94 | pairs		Cx_quinquefasciatus_vs_Cx_molestus	results/synteny/inversion_recurrence.tsv
inversion_recurrence	94 | members		Cx_quinquefasciatus_vs_Cx_molestus:NC_051862.1:108186657-108582073	results/synteny/inversion_recurrence.tsv
inversion_recurrence	95 | n_inversions		1	results/synteny/inversion_recurrence.tsv
inversion_recurrence	95 | n_pairs		1	results/synteny/inversion_recurrence.tsv
inversion_recurrence	95 | chromosomes		chr2	results/synteny/inversion_recurrence.tsv
inversion_recurrence	95 | max_span_bp		254946	results/synteny/inversion_recurrence.tsv
inversion_recurrence	95 | any_at_least_large_span		False	results/synteny/inversion_recurrence.tsv
inversion_recurrence	95 | pairs		Cx_quinquefasciatus_vs_Cx_molestus	results/synteny/inversion_recurrence.tsv
inversion_recurrence	95 | members		Cx_quinquefasciatus_vs_Cx_molestus:NC_051862.1:108649861-108904807	results/synteny/inversion_recurrence.tsv
inversion_recurrence	96 | n_inversions		1	results/synteny/inversion_recurrence.tsv
inversion_recurrence	96 | n_pairs		1	results/synteny/inversion_recurrence.tsv
inversion_recurrence	96 | chromosomes		chr2	results/synteny/inversion_recurrence.tsv
inversion_recurrence	96 | max_span_bp		434204	results/synteny/inversion_recurrence.tsv
inversion_recurrence	96 | any_at_least_large_span		False	results/synteny/inversion_recurrence.tsv
inversion_recurrence	96 | pairs		Cx_quinquefasciatus_vs_Cx_molestus	results/synteny/inversion_recurrence.tsv
inversion_recurrence	96 | members		Cx_quinquefasciatus_vs_Cx_molestus:NC_051862.1:109179358-109613562	results/synteny/inversion_recurrence.tsv
inversion_recurrence	97 | n_inversions		1	results/synteny/inversion_recurrence.tsv
inversion_recurrence	97 | n_pairs		1	results/synteny/inversion_recurrence.tsv
inversion_recurrence	97 | chromosomes		chr2	results/synteny/inversion_recurrence.tsv
inversion_recurrence	97 | max_span_bp		363159	results/synteny/inversion_recurrence.tsv
inversion_recurrence	97 | any_at_least_large_span		False	results/synteny/inversion_recurrence.tsv
inversion_recurrence	97 | pairs		Cx_quinquefasciatus_vs_Cx_molestus	results/synteny/inversion_recurrence.tsv
inversion_recurrence	97 | members		Cx_quinquefasciatus_vs_Cx_molestus:NC_051862.1:113122919-113486078	results/synteny/inversion_recurrence.tsv
inversion_recurrence	98 | n_inversions		2	results/synteny/inversion_recurrence.tsv
inversion_recurrence	98 | n_pairs		2	results/synteny/inversion_recurrence.tsv
inversion_recurrence	98 | chromosomes		chr2	results/synteny/inversion_recurrence.tsv
inversion_recurrence	98 | max_span_bp		628472	results/synteny/inversion_recurrence.tsv
inversion_recurrence	98 | genome_in_every_pair		Cx_molestus	results/synteny/inversion_recurrence.tsv
inversion_recurrence	98 | any_at_least_large_span		False	results/synteny/inversion_recurrence.tsv
inversion_recurrence	98 | pairs		Cx_molestus_vs_Cx_pipiens;Cx_quinquefasciatus_vs_Cx_molestus	results/synteny/inversion_recurrence.tsv
inversion_recurrence	98 | members		Cx_quinquefasciatus_vs_Cx_molestus:NC_051862.1:124641270-124977486;Cx_molestus_vs_Cx_pipiens:CM044969.1:108852461-109480934	results/synteny/inversion_recurrence.tsv
inversion_recurrence	99 | n_inversions		1	results/synteny/inversion_recurrence.tsv
inversion_recurrence	99 | n_pairs		1	results/synteny/inversion_recurrence.tsv
inversion_recurrence	99 | chromosomes		chr2	results/synteny/inversion_recurrence.tsv
inversion_recurrence	99 | max_span_bp		250565	results/synteny/inversion_recurrence.tsv
inversion_recurrence	99 | any_at_least_large_span		False	results/synteny/inversion_recurrence.tsv
inversion_recurrence	99 | pairs		Cx_quinquefasciatus_vs_Cx_molestus	results/synteny/inversion_recurrence.tsv
inversion_recurrence	99 | members		Cx_quinquefasciatus_vs_Cx_molestus:NC_051862.1:133097664-133348230	results/synteny/inversion_recurrence.tsv
inversion_recurrence	100 | n_inversions		3	results/synteny/inversion_recurrence.tsv
inversion_recurrence	100 | n_pairs		3	results/synteny/inversion_recurrence.tsv
inversion_recurrence	100 | chromosomes		chr2	results/synteny/inversion_recurrence.tsv
inversion_recurrence	100 | max_span_bp		260269	results/synteny/inversion_recurrence.tsv
inversion_recurrence	100 | genome_in_every_pair		Cx_molestus	results/synteny/inversion_recurrence.tsv
inversion_recurrence	100 | any_at_least_large_span		False	results/synteny/inversion_recurrence.tsv
inversion_recurrence	100 | pairs		Cx_molestus_vs_Cx_pipiens;Cx_pallens_vs_Cx_molestus;Cx_quinquefasciatus_vs_Cx_molestus	results/synteny/inversion_recurrence.tsv
inversion_recurrence	100 | members		Cx_quinquefasciatus_vs_Cx_molestus:NC_051862.1:138647552-138750520;Cx_pallens_vs_Cx_molestus:NC_068938.1:94091816-94218047;Cx_molestus_vs_Cx_pipiens:CM044969.1:120954483-121214752	results/synteny/inversion_recurrence.tsv
inversion_recurrence	101 | n_inversions		3	results/synteny/inversion_recurrence.tsv
inversion_recurrence	101 | n_pairs		3	results/synteny/inversion_recurrence.tsv
inversion_recurrence	101 | chromosomes		chr2	results/synteny/inversion_recurrence.tsv
inversion_recurrence	101 | max_span_bp		159756	results/synteny/inversion_recurrence.tsv
inversion_recurrence	101 | genome_in_every_pair		Cx_molestus	results/synteny/inversion_recurrence.tsv
inversion_recurrence	101 | any_at_least_large_span		False	results/synteny/inversion_recurrence.tsv
inversion_recurrence	101 | pairs		Cx_molestus_vs_Cx_pipiens;Cx_pallens_vs_Cx_molestus;Cx_quinquefasciatus_vs_Cx_molestus	results/synteny/inversion_recurrence.tsv
inversion_recurrence	101 | members		Cx_quinquefasciatus_vs_Cx_molestus:NC_051862.1:138795437-138955194;Cx_pallens_vs_Cx_molestus:NC_068938.1:93922911-94046289;Cx_molestus_vs_Cx_pipiens:CM044969.1:123430706-123568329	results/synteny/inversion_recurrence.tsv
inversion_recurrence	102 | n_inversions		1	results/synteny/inversion_recurrence.tsv
inversion_recurrence	102 | n_pairs		1	results/synteny/inversion_recurrence.tsv
inversion_recurrence	102 | chromosomes		chr2	results/synteny/inversion_recurrence.tsv
inversion_recurrence	102 | max_span_bp		488509	results/synteny/inversion_recurrence.tsv
inversion_recurrence	102 | any_at_least_large_span		False	results/synteny/inversion_recurrence.tsv
inversion_recurrence	102 | pairs		Cx_quinquefasciatus_vs_Cx_molestus	results/synteny/inversion_recurrence.tsv
inversion_recurrence	102 | members		Cx_quinquefasciatus_vs_Cx_molestus:NC_051862.1:143069372-143557882	results/synteny/inversion_recurrence.tsv
inversion_recurrence	103 | n_inversions		3	results/synteny/inversion_recurrence.tsv
inversion_recurrence	103 | n_pairs		3	results/synteny/inversion_recurrence.tsv
inversion_recurrence	103 | chromosomes		chr2	results/synteny/inversion_recurrence.tsv
inversion_recurrence	103 | max_span_bp		406428	results/synteny/inversion_recurrence.tsv
inversion_recurrence	103 | genome_in_every_pair		Cx_molestus	results/synteny/inversion_recurrence.tsv
inversion_recurrence	103 | any_at_least_large_span		False	results/synteny/inversion_recurrence.tsv
inversion_recurrence	103 | pairs		Cx_molestus_vs_Cx_pipiens;Cx_pallens_vs_Cx_molestus;Cx_quinquefasciatus_vs_Cx_molestus	results/synteny/inversion_recurrence.tsv
inversion_recurrence	103 | members		Cx_quinquefasciatus_vs_Cx_molestus:NC_051862.1:160378351-160496205;Cx_pallens_vs_Cx_molestus:NC_068938.1:70490660-70607966;Cx_molestus_vs_Cx_pipiens:CM044969.1:145497091-145903519	results/synteny/inversion_recurrence.tsv
inversion_recurrence	104 | n_inversions		1	results/synteny/inversion_recurrence.tsv
inversion_recurrence	104 | n_pairs		1	results/synteny/inversion_recurrence.tsv
inversion_recurrence	104 | chromosomes		chr2	results/synteny/inversion_recurrence.tsv
inversion_recurrence	104 | max_span_bp		104378	results/synteny/inversion_recurrence.tsv
inversion_recurrence	104 | any_at_least_large_span		False	results/synteny/inversion_recurrence.tsv
inversion_recurrence	104 | pairs		Cx_quinquefasciatus_vs_Cx_molestus	results/synteny/inversion_recurrence.tsv
inversion_recurrence	104 | members		Cx_quinquefasciatus_vs_Cx_molestus:NC_051862.1:160672460-160776838	results/synteny/inversion_recurrence.tsv
inversion_recurrence	105 | n_inversions		3	results/synteny/inversion_recurrence.tsv
inversion_recurrence	105 | n_pairs		3	results/synteny/inversion_recurrence.tsv
inversion_recurrence	105 | chromosomes		chr2	results/synteny/inversion_recurrence.tsv
inversion_recurrence	105 | max_span_bp		474954	results/synteny/inversion_recurrence.tsv
inversion_recurrence	105 | genome_in_every_pair		Cx_molestus	results/synteny/inversion_recurrence.tsv
inversion_recurrence	105 | any_at_least_large_span		False	results/synteny/inversion_recurrence.tsv
inversion_recurrence	105 | pairs		Cx_molestus_vs_Cx_pipiens;Cx_pallens_vs_Cx_molestus;Cx_quinquefasciatus_vs_Cx_molestus	results/synteny/inversion_recurrence.tsv
inversion_recurrence	105 | members		Cx_quinquefasciatus_vs_Cx_molestus:NC_051862.1:171303478-171543111;Cx_pallens_vs_Cx_molestus:NC_068938.1:57985768-58460722;Cx_molestus_vs_Cx_pipiens:CM044969.1:156538107-156871903	results/synteny/inversion_recurrence.tsv
inversion_recurrence	106 | n_inversions		2	results/synteny/inversion_recurrence.tsv
inversion_recurrence	106 | n_pairs		2	results/synteny/inversion_recurrence.tsv
inversion_recurrence	106 | chromosomes		chr2	results/synteny/inversion_recurrence.tsv
inversion_recurrence	106 | max_span_bp		254376	results/synteny/inversion_recurrence.tsv
inversion_recurrence	106 | genome_in_every_pair		Cx_molestus	results/synteny/inversion_recurrence.tsv
inversion_recurrence	106 | any_at_least_large_span		False	results/synteny/inversion_recurrence.tsv
inversion_recurrence	106 | pairs		Cx_pallens_vs_Cx_molestus;Cx_quinquefasciatus_vs_Cx_molestus	results/synteny/inversion_recurrence.tsv
inversion_recurrence	106 | members		Cx_quinquefasciatus_vs_Cx_molestus:NC_051862.1:189472070-189726446;Cx_pallens_vs_Cx_molestus:NC_068938.1:37197212-37448202	results/synteny/inversion_recurrence.tsv
inversion_recurrence	107 | n_inversions		3	results/synteny/inversion_recurrence.tsv
inversion_recurrence	107 | n_pairs		3	results/synteny/inversion_recurrence.tsv
inversion_recurrence	107 | chromosomes		chr2	results/synteny/inversion_recurrence.tsv
inversion_recurrence	107 | max_span_bp		651038	results/synteny/inversion_recurrence.tsv
inversion_recurrence	107 | genome_in_every_pair		Cx_molestus	results/synteny/inversion_recurrence.tsv
inversion_recurrence	107 | any_at_least_large_span		False	results/synteny/inversion_recurrence.tsv
inversion_recurrence	107 | pairs		Cx_molestus_vs_Cx_pipiens;Cx_pallens_vs_Cx_molestus;Cx_quinquefasciatus_vs_Cx_molestus	results/synteny/inversion_recurrence.tsv
inversion_recurrence	107 | members		Cx_quinquefasciatus_vs_Cx_molestus:NC_051862.1:192003535-192163314;Cx_pallens_vs_Cx_molestus:NC_068938.1:34480670-34649931;Cx_molestus_vs_Cx_pipiens:CM044969.1:178035190-178686228	results/synteny/inversion_recurrence.tsv
inversion_recurrence	108 | n_inversions		3	results/synteny/inversion_recurrence.tsv
inversion_recurrence	108 | n_pairs		3	results/synteny/inversion_recurrence.tsv
inversion_recurrence	108 | chromosomes		chr2	results/synteny/inversion_recurrence.tsv
inversion_recurrence	108 | max_span_bp		651032	results/synteny/inversion_recurrence.tsv
inversion_recurrence	108 | genome_in_every_pair		Cx_molestus	results/synteny/inversion_recurrence.tsv
inversion_recurrence	108 | any_at_least_large_span		False	results/synteny/inversion_recurrence.tsv
inversion_recurrence	108 | pairs		Cx_molestus_vs_Cx_pipiens;Cx_pallens_vs_Cx_molestus;Cx_quinquefasciatus_vs_Cx_molestus	results/synteny/inversion_recurrence.tsv
inversion_recurrence	108 | members		Cx_quinquefasciatus_vs_Cx_molestus:NC_051862.1:200258607-200909640;Cx_pallens_vs_Cx_molestus:NC_068938.1:25248020-25877659;Cx_molestus_vs_Cx_pipiens:CM044969.1:185514942-185863429	results/synteny/inversion_recurrence.tsv
inversion_recurrence	109 | n_inversions		1	results/synteny/inversion_recurrence.tsv
inversion_recurrence	109 | n_pairs		1	results/synteny/inversion_recurrence.tsv
inversion_recurrence	109 | chromosomes		chr2	results/synteny/inversion_recurrence.tsv
inversion_recurrence	109 | max_span_bp		164808	results/synteny/inversion_recurrence.tsv
inversion_recurrence	109 | any_at_least_large_span		False	results/synteny/inversion_recurrence.tsv
inversion_recurrence	109 | pairs		Cx_quinquefasciatus_vs_Cx_molestus	results/synteny/inversion_recurrence.tsv
inversion_recurrence	109 | members		Cx_quinquefasciatus_vs_Cx_molestus:NC_051862.1:209026200-209191008	results/synteny/inversion_recurrence.tsv
inversion_recurrence	110 | n_inversions		3	results/synteny/inversion_recurrence.tsv
inversion_recurrence	110 | n_pairs		3	results/synteny/inversion_recurrence.tsv
inversion_recurrence	110 | chromosomes		chr2	results/synteny/inversion_recurrence.tsv
inversion_recurrence	110 | max_span_bp		316977	results/synteny/inversion_recurrence.tsv
inversion_recurrence	110 | genome_in_every_pair		Cx_molestus	results/synteny/inversion_recurrence.tsv
inversion_recurrence	110 | any_at_least_large_span		False	results/synteny/inversion_recurrence.tsv
inversion_recurrence	110 | pairs		Cx_molestus_vs_Cx_pipiens;Cx_pallens_vs_Cx_molestus;Cx_quinquefasciatus_vs_Cx_molestus	results/synteny/inversion_recurrence.tsv
inversion_recurrence	110 | members		Cx_quinquefasciatus_vs_Cx_molestus:NC_051862.1:215991046-216284735;Cx_pallens_vs_Cx_molestus:NC_068938.1:9070197-9387175;Cx_molestus_vs_Cx_pipiens:CM044969.1:202877548-203083219	results/synteny/inversion_recurrence.tsv
inversion_recurrence	111 | n_inversions		3	results/synteny/inversion_recurrence.tsv
inversion_recurrence	111 | n_pairs		3	results/synteny/inversion_recurrence.tsv
inversion_recurrence	111 | chromosomes		chr3	results/synteny/inversion_recurrence.tsv
inversion_recurrence	111 | max_span_bp		223302	results/synteny/inversion_recurrence.tsv
inversion_recurrence	111 | genome_in_every_pair		Cx_molestus	results/synteny/inversion_recurrence.tsv
inversion_recurrence	111 | any_at_least_large_span		False	results/synteny/inversion_recurrence.tsv
inversion_recurrence	111 | pairs		Cx_molestus_vs_Cx_pipiens;Cx_pallens_vs_Cx_molestus;Cx_quinquefasciatus_vs_Cx_molestus	results/synteny/inversion_recurrence.tsv
inversion_recurrence	111 | members		Cx_quinquefasciatus_vs_Cx_molestus:NC_051863.1:4283288-4460784;Cx_pallens_vs_Cx_molestus:NC_068939.1:181826729-182050031;Cx_molestus_vs_Cx_pipiens:CM044970.1:10963565-11136251	results/synteny/inversion_recurrence.tsv
inversion_recurrence	112 | n_inversions		1	results/synteny/inversion_recurrence.tsv
inversion_recurrence	112 | n_pairs		1	results/synteny/inversion_recurrence.tsv
inversion_recurrence	112 | chromosomes		chr3	results/synteny/inversion_recurrence.tsv
inversion_recurrence	112 | max_span_bp		363475	results/synteny/inversion_recurrence.tsv
inversion_recurrence	112 | any_at_least_large_span		False	results/synteny/inversion_recurrence.tsv
inversion_recurrence	112 | pairs		Cx_quinquefasciatus_vs_Cx_molestus	results/synteny/inversion_recurrence.tsv
inversion_recurrence	112 | members		Cx_quinquefasciatus_vs_Cx_molestus:NC_051863.1:11167911-11531386	results/synteny/inversion_recurrence.tsv
inversion_recurrence	113 | n_inversions		2	results/synteny/inversion_recurrence.tsv
inversion_recurrence	113 | n_pairs		2	results/synteny/inversion_recurrence.tsv
inversion_recurrence	113 | chromosomes		chr3	results/synteny/inversion_recurrence.tsv
inversion_recurrence	113 | max_span_bp		146825	results/synteny/inversion_recurrence.tsv
inversion_recurrence	113 | genome_in_every_pair		Cx_molestus	results/synteny/inversion_recurrence.tsv
inversion_recurrence	113 | any_at_least_large_span		False	results/synteny/inversion_recurrence.tsv
inversion_recurrence	113 | pairs		Cx_pallens_vs_Cx_molestus;Cx_quinquefasciatus_vs_Cx_molestus	results/synteny/inversion_recurrence.tsv
inversion_recurrence	113 | members		Cx_quinquefasciatus_vs_Cx_molestus:NC_051863.1:34133453-34280278;Cx_pallens_vs_Cx_molestus:NC_068939.1:153359239-153476342	results/synteny/inversion_recurrence.tsv
inversion_recurrence	114 | n_inversions		3	results/synteny/inversion_recurrence.tsv
inversion_recurrence	114 | n_pairs		3	results/synteny/inversion_recurrence.tsv
inversion_recurrence	114 | chromosomes		chr3	results/synteny/inversion_recurrence.tsv
inversion_recurrence	114 | max_span_bp		145235	results/synteny/inversion_recurrence.tsv
inversion_recurrence	114 | genome_in_every_pair		Cx_molestus	results/synteny/inversion_recurrence.tsv
inversion_recurrence	114 | any_at_least_large_span		False	results/synteny/inversion_recurrence.tsv
inversion_recurrence	114 | pairs		Cx_molestus_vs_Cx_pipiens;Cx_pallens_vs_Cx_molestus;Cx_quinquefasciatus_vs_Cx_molestus	results/synteny/inversion_recurrence.tsv
inversion_recurrence	114 | members		Cx_quinquefasciatus_vs_Cx_molestus:NC_051863.1:46440459-46559769;Cx_pallens_vs_Cx_molestus:NC_068939.1:139919324-140048181;Cx_molestus_vs_Cx_pipiens:CM044970.1:154725882-154871118	results/synteny/inversion_recurrence.tsv
inversion_recurrence	115 | n_inversions		3	results/synteny/inversion_recurrence.tsv
inversion_recurrence	115 | n_pairs		3	results/synteny/inversion_recurrence.tsv
inversion_recurrence	115 | chromosomes		chr3	results/synteny/inversion_recurrence.tsv
inversion_recurrence	115 | max_span_bp		486467	results/synteny/inversion_recurrence.tsv
inversion_recurrence	115 | genome_in_every_pair		Cx_molestus	results/synteny/inversion_recurrence.tsv
inversion_recurrence	115 | any_at_least_large_span		False	results/synteny/inversion_recurrence.tsv
inversion_recurrence	115 | pairs		Cx_molestus_vs_Cx_pipiens;Cx_pallens_vs_Cx_molestus;Cx_quinquefasciatus_vs_Cx_molestus	results/synteny/inversion_recurrence.tsv
inversion_recurrence	115 | members		Cx_quinquefasciatus_vs_Cx_molestus:NC_051863.1:54106721-54447729;Cx_pallens_vs_Cx_molestus:NC_068939.1:132240694-132727161;Cx_molestus_vs_Cx_pipiens:CM044970.1:157268250-157479377	results/synteny/inversion_recurrence.tsv
inversion_recurrence	116 | n_inversions		1	results/synteny/inversion_recurrence.tsv
inversion_recurrence	116 | n_pairs		1	results/synteny/inversion_recurrence.tsv
inversion_recurrence	116 | chromosomes		chr3	results/synteny/inversion_recurrence.tsv
inversion_recurrence	116 | max_span_bp		136825	results/synteny/inversion_recurrence.tsv
inversion_recurrence	116 | any_at_least_large_span		False	results/synteny/inversion_recurrence.tsv
inversion_recurrence	116 | pairs		Cx_quinquefasciatus_vs_Cx_molestus	results/synteny/inversion_recurrence.tsv
inversion_recurrence	116 | members		Cx_quinquefasciatus_vs_Cx_molestus:NC_051863.1:68279118-68415944	results/synteny/inversion_recurrence.tsv
inversion_recurrence	117 | n_inversions		1	results/synteny/inversion_recurrence.tsv
inversion_recurrence	117 | n_pairs		1	results/synteny/inversion_recurrence.tsv
inversion_recurrence	117 | chromosomes		chr3	results/synteny/inversion_recurrence.tsv
inversion_recurrence	117 | max_span_bp		410901	results/synteny/inversion_recurrence.tsv
inversion_recurrence	117 | any_at_least_large_span		False	results/synteny/inversion_recurrence.tsv
inversion_recurrence	117 | pairs		Cx_quinquefasciatus_vs_Cx_molestus	results/synteny/inversion_recurrence.tsv
inversion_recurrence	117 | members		Cx_quinquefasciatus_vs_Cx_molestus:NC_051863.1:74088369-74499270	results/synteny/inversion_recurrence.tsv
inversion_recurrence	118 | n_inversions		3	results/synteny/inversion_recurrence.tsv
inversion_recurrence	118 | n_pairs		3	results/synteny/inversion_recurrence.tsv
inversion_recurrence	118 | chromosomes		chr3	results/synteny/inversion_recurrence.tsv
inversion_recurrence	118 | max_span_bp		214404	results/synteny/inversion_recurrence.tsv
inversion_recurrence	118 | genome_in_every_pair		Cx_molestus	results/synteny/inversion_recurrence.tsv
inversion_recurrence	118 | any_at_least_large_span		False	results/synteny/inversion_recurrence.tsv
inversion_recurrence	118 | pairs		Cx_molestus_vs_Cx_pipiens;Cx_pallens_vs_Cx_molestus;Cx_quinquefasciatus_vs_Cx_molestus	results/synteny/inversion_recurrence.tsv
inversion_recurrence	118 | members		Cx_quinquefasciatus_vs_Cx_molestus:NC_051863.1:74525999-74701493;Cx_pallens_vs_Cx_molestus:NC_068939.1:111752668-111967072;Cx_molestus_vs_Cx_pipiens:CM044970.1:127663946-127824039	results/synteny/inversion_recurrence.tsv
inversion_recurrence	119 | n_inversions		3	results/synteny/inversion_recurrence.tsv
inversion_recurrence	119 | n_pairs		3	results/synteny/inversion_recurrence.tsv
inversion_recurrence	119 | chromosomes		chr3	results/synteny/inversion_recurrence.tsv
inversion_recurrence	119 | max_span_bp		531931	results/synteny/inversion_recurrence.tsv
inversion_recurrence	119 | genome_in_every_pair		Cx_molestus	results/synteny/inversion_recurrence.tsv
inversion_recurrence	119 | any_at_least_large_span		False	results/synteny/inversion_recurrence.tsv
inversion_recurrence	119 | pairs		Cx_molestus_vs_Cx_pipiens;Cx_pallens_vs_Cx_molestus;Cx_quinquefasciatus_vs_Cx_molestus	results/synteny/inversion_recurrence.tsv
inversion_recurrence	119 | members		Cx_quinquefasciatus_vs_Cx_molestus:NC_051863.1:74711418-75200396;Cx_pallens_vs_Cx_molestus:NC_068939.1:111157679-111689610;Cx_molestus_vs_Cx_pipiens:CM044970.1:127830861-128327895	results/synteny/inversion_recurrence.tsv
inversion_recurrence	120 | n_inversions		2	results/synteny/inversion_recurrence.tsv
inversion_recurrence	120 | n_pairs		2	results/synteny/inversion_recurrence.tsv
inversion_recurrence	120 | chromosomes		chr3	results/synteny/inversion_recurrence.tsv
inversion_recurrence	120 | max_span_bp		386646	results/synteny/inversion_recurrence.tsv
inversion_recurrence	120 | genome_in_every_pair		Cx_molestus	results/synteny/inversion_recurrence.tsv
inversion_recurrence	120 | any_at_least_large_span		False	results/synteny/inversion_recurrence.tsv
inversion_recurrence	120 | pairs		Cx_molestus_vs_Cx_pipiens;Cx_quinquefasciatus_vs_Cx_molestus	results/synteny/inversion_recurrence.tsv
inversion_recurrence	120 | members		Cx_quinquefasciatus_vs_Cx_molestus:NC_051863.1:75201899-75505585;Cx_molestus_vs_Cx_pipiens:CM044970.1:128342132-128728779	results/synteny/inversion_recurrence.tsv
inversion_recurrence	121 | n_inversions		1	results/synteny/inversion_recurrence.tsv
inversion_recurrence	121 | n_pairs		1	results/synteny/inversion_recurrence.tsv
inversion_recurrence	121 | chromosomes		chr3	results/synteny/inversion_recurrence.tsv
inversion_recurrence	121 | max_span_bp		153779	results/synteny/inversion_recurrence.tsv
inversion_recurrence	121 | any_at_least_large_span		False	results/synteny/inversion_recurrence.tsv
inversion_recurrence	121 | pairs		Cx_quinquefasciatus_vs_Cx_molestus	results/synteny/inversion_recurrence.tsv
inversion_recurrence	121 | members		Cx_quinquefasciatus_vs_Cx_molestus:NC_051863.1:81124858-81278638	results/synteny/inversion_recurrence.tsv
inversion_recurrence	122 | n_inversions		1	results/synteny/inversion_recurrence.tsv
inversion_recurrence	122 | n_pairs		1	results/synteny/inversion_recurrence.tsv
inversion_recurrence	122 | chromosomes		chr3	results/synteny/inversion_recurrence.tsv
inversion_recurrence	122 | max_span_bp		318966	results/synteny/inversion_recurrence.tsv
inversion_recurrence	122 | any_at_least_large_span		False	results/synteny/inversion_recurrence.tsv
inversion_recurrence	122 | pairs		Cx_quinquefasciatus_vs_Cx_molestus	results/synteny/inversion_recurrence.tsv
inversion_recurrence	122 | members		Cx_quinquefasciatus_vs_Cx_molestus:NC_051863.1:81774844-82093811	results/synteny/inversion_recurrence.tsv
inversion_recurrence	123 | n_inversions		1	results/synteny/inversion_recurrence.tsv
inversion_recurrence	123 | n_pairs		1	results/synteny/inversion_recurrence.tsv
inversion_recurrence	123 | chromosomes		chr3	results/synteny/inversion_recurrence.tsv
inversion_recurrence	123 | max_span_bp		345952	results/synteny/inversion_recurrence.tsv
inversion_recurrence	123 | any_at_least_large_span		False	results/synteny/inversion_recurrence.tsv
inversion_recurrence	123 | pairs		Cx_quinquefasciatus_vs_Cx_molestus	results/synteny/inversion_recurrence.tsv
inversion_recurrence	123 | members		Cx_quinquefasciatus_vs_Cx_molestus:NC_051863.1:86440729-86786682	results/synteny/inversion_recurrence.tsv
inversion_recurrence	124 | n_inversions		2	results/synteny/inversion_recurrence.tsv
inversion_recurrence	124 | n_pairs		2	results/synteny/inversion_recurrence.tsv
inversion_recurrence	124 | chromosomes		chr3	results/synteny/inversion_recurrence.tsv
inversion_recurrence	124 | max_span_bp		287915	results/synteny/inversion_recurrence.tsv
inversion_recurrence	124 | genome_in_every_pair		Cx_molestus	results/synteny/inversion_recurrence.tsv
inversion_recurrence	124 | any_at_least_large_span		False	results/synteny/inversion_recurrence.tsv
inversion_recurrence	124 | pairs		Cx_molestus_vs_Cx_pipiens;Cx_quinquefasciatus_vs_Cx_molestus	results/synteny/inversion_recurrence.tsv
inversion_recurrence	124 | members		Cx_quinquefasciatus_vs_Cx_molestus:NC_051863.1:87066034-87280752;Cx_molestus_vs_Cx_pipiens:CM044970.1:116643605-116931520	results/synteny/inversion_recurrence.tsv
inversion_recurrence	125 | n_inversions		1	results/synteny/inversion_recurrence.tsv
inversion_recurrence	125 | n_pairs		1	results/synteny/inversion_recurrence.tsv
inversion_recurrence	125 | chromosomes		chr3	results/synteny/inversion_recurrence.tsv
inversion_recurrence	125 | max_span_bp		183926	results/synteny/inversion_recurrence.tsv
inversion_recurrence	125 | any_at_least_large_span		False	results/synteny/inversion_recurrence.tsv
inversion_recurrence	125 | pairs		Cx_quinquefasciatus_vs_Cx_molestus	results/synteny/inversion_recurrence.tsv
inversion_recurrence	125 | members		Cx_quinquefasciatus_vs_Cx_molestus:NC_051863.1:90242640-90426566	results/synteny/inversion_recurrence.tsv
inversion_recurrence	126 | n_inversions		1	results/synteny/inversion_recurrence.tsv
inversion_recurrence	126 | n_pairs		1	results/synteny/inversion_recurrence.tsv
inversion_recurrence	126 | chromosomes		chr3	results/synteny/inversion_recurrence.tsv
inversion_recurrence	126 | max_span_bp		462128	results/synteny/inversion_recurrence.tsv
inversion_recurrence	126 | any_at_least_large_span		False	results/synteny/inversion_recurrence.tsv
inversion_recurrence	126 | pairs		Cx_quinquefasciatus_vs_Cx_molestus	results/synteny/inversion_recurrence.tsv
inversion_recurrence	126 | members		Cx_quinquefasciatus_vs_Cx_molestus:NC_051863.1:91244686-91706814	results/synteny/inversion_recurrence.tsv
inversion_recurrence	127 | n_inversions		1	results/synteny/inversion_recurrence.tsv
inversion_recurrence	127 | n_pairs		1	results/synteny/inversion_recurrence.tsv
inversion_recurrence	127 | chromosomes		chr3	results/synteny/inversion_recurrence.tsv
inversion_recurrence	127 | max_span_bp		107215	results/synteny/inversion_recurrence.tsv
inversion_recurrence	127 | any_at_least_large_span		False	results/synteny/inversion_recurrence.tsv
inversion_recurrence	127 | pairs		Cx_quinquefasciatus_vs_Cx_molestus	results/synteny/inversion_recurrence.tsv
inversion_recurrence	127 | members		Cx_quinquefasciatus_vs_Cx_molestus:NC_051863.1:92032260-92139475	results/synteny/inversion_recurrence.tsv
inversion_recurrence	128 | n_inversions		1	results/synteny/inversion_recurrence.tsv
inversion_recurrence	128 | n_pairs		1	results/synteny/inversion_recurrence.tsv
inversion_recurrence	128 | chromosomes		chr3	results/synteny/inversion_recurrence.tsv
inversion_recurrence	128 | max_span_bp		189521	results/synteny/inversion_recurrence.tsv
inversion_recurrence	128 | any_at_least_large_span		False	results/synteny/inversion_recurrence.tsv
inversion_recurrence	128 | pairs		Cx_quinquefasciatus_vs_Cx_molestus	results/synteny/inversion_recurrence.tsv
inversion_recurrence	128 | members		Cx_quinquefasciatus_vs_Cx_molestus:NC_051863.1:93467424-93656946	results/synteny/inversion_recurrence.tsv
inversion_recurrence	129 | n_inversions		1	results/synteny/inversion_recurrence.tsv
inversion_recurrence	129 | n_pairs		1	results/synteny/inversion_recurrence.tsv
inversion_recurrence	129 | chromosomes		chr3	results/synteny/inversion_recurrence.tsv
inversion_recurrence	129 | max_span_bp		108484	results/synteny/inversion_recurrence.tsv
inversion_recurrence	129 | any_at_least_large_span		False	results/synteny/inversion_recurrence.tsv
inversion_recurrence	129 | pairs		Cx_quinquefasciatus_vs_Cx_molestus	results/synteny/inversion_recurrence.tsv
inversion_recurrence	129 | members		Cx_quinquefasciatus_vs_Cx_molestus:NC_051863.1:95861166-95969650	results/synteny/inversion_recurrence.tsv
inversion_recurrence	130 | n_inversions		1	results/synteny/inversion_recurrence.tsv
inversion_recurrence	130 | n_pairs		1	results/synteny/inversion_recurrence.tsv
inversion_recurrence	130 | chromosomes		chr3	results/synteny/inversion_recurrence.tsv
inversion_recurrence	130 | max_span_bp		243785	results/synteny/inversion_recurrence.tsv
inversion_recurrence	130 | any_at_least_large_span		False	results/synteny/inversion_recurrence.tsv
inversion_recurrence	130 | pairs		Cx_quinquefasciatus_vs_Cx_molestus	results/synteny/inversion_recurrence.tsv
inversion_recurrence	130 | members		Cx_quinquefasciatus_vs_Cx_molestus:NC_051863.1:96536880-96780665	results/synteny/inversion_recurrence.tsv
inversion_recurrence	131 | n_inversions		1	results/synteny/inversion_recurrence.tsv
inversion_recurrence	131 | n_pairs		1	results/synteny/inversion_recurrence.tsv
inversion_recurrence	131 | chromosomes		chr3	results/synteny/inversion_recurrence.tsv
inversion_recurrence	131 | max_span_bp		145500	results/synteny/inversion_recurrence.tsv
inversion_recurrence	131 | any_at_least_large_span		False	results/synteny/inversion_recurrence.tsv
inversion_recurrence	131 | pairs		Cx_quinquefasciatus_vs_Cx_molestus	results/synteny/inversion_recurrence.tsv
inversion_recurrence	131 | members		Cx_quinquefasciatus_vs_Cx_molestus:NC_051863.1:99640050-99785550	results/synteny/inversion_recurrence.tsv
inversion_recurrence	132 | n_inversions		1	results/synteny/inversion_recurrence.tsv
inversion_recurrence	132 | n_pairs		1	results/synteny/inversion_recurrence.tsv
inversion_recurrence	132 | chromosomes		chr3	results/synteny/inversion_recurrence.tsv
inversion_recurrence	132 | max_span_bp		281624	results/synteny/inversion_recurrence.tsv
inversion_recurrence	132 | any_at_least_large_span		False	results/synteny/inversion_recurrence.tsv
inversion_recurrence	132 | pairs		Cx_quinquefasciatus_vs_Cx_molestus	results/synteny/inversion_recurrence.tsv
inversion_recurrence	132 | members		Cx_quinquefasciatus_vs_Cx_molestus:NC_051863.1:100357239-100638863	results/synteny/inversion_recurrence.tsv
inversion_recurrence	133 | n_inversions		1	results/synteny/inversion_recurrence.tsv
inversion_recurrence	133 | n_pairs		1	results/synteny/inversion_recurrence.tsv
inversion_recurrence	133 | chromosomes		chr3	results/synteny/inversion_recurrence.tsv
inversion_recurrence	133 | max_span_bp		763429	results/synteny/inversion_recurrence.tsv
inversion_recurrence	133 | any_at_least_large_span		False	results/synteny/inversion_recurrence.tsv
inversion_recurrence	133 | pairs		Cx_quinquefasciatus_vs_Cx_molestus	results/synteny/inversion_recurrence.tsv
inversion_recurrence	133 | members		Cx_quinquefasciatus_vs_Cx_molestus:NC_051863.1:100790904-101554333	results/synteny/inversion_recurrence.tsv
inversion_recurrence	134 | n_inversions		1	results/synteny/inversion_recurrence.tsv
inversion_recurrence	134 | n_pairs		1	results/synteny/inversion_recurrence.tsv
inversion_recurrence	134 | chromosomes		chr3	results/synteny/inversion_recurrence.tsv
inversion_recurrence	134 | max_span_bp		181846	results/synteny/inversion_recurrence.tsv
inversion_recurrence	134 | any_at_least_large_span		False	results/synteny/inversion_recurrence.tsv
inversion_recurrence	134 | pairs		Cx_quinquefasciatus_vs_Cx_molestus	results/synteny/inversion_recurrence.tsv
inversion_recurrence	134 | members		Cx_quinquefasciatus_vs_Cx_molestus:NC_051863.1:101963108-102144954	results/synteny/inversion_recurrence.tsv
inversion_recurrence	135 | n_inversions		1	results/synteny/inversion_recurrence.tsv
inversion_recurrence	135 | n_pairs		1	results/synteny/inversion_recurrence.tsv
inversion_recurrence	135 | chromosomes		chr3	results/synteny/inversion_recurrence.tsv
inversion_recurrence	135 | max_span_bp		236697	results/synteny/inversion_recurrence.tsv
inversion_recurrence	135 | any_at_least_large_span		False	results/synteny/inversion_recurrence.tsv
inversion_recurrence	135 | pairs		Cx_quinquefasciatus_vs_Cx_molestus	results/synteny/inversion_recurrence.tsv
inversion_recurrence	135 | members		Cx_quinquefasciatus_vs_Cx_molestus:NC_051863.1:102249025-102485722	results/synteny/inversion_recurrence.tsv
inversion_recurrence	136 | n_inversions		1	results/synteny/inversion_recurrence.tsv
inversion_recurrence	136 | n_pairs		1	results/synteny/inversion_recurrence.tsv
inversion_recurrence	136 | chromosomes		chr3	results/synteny/inversion_recurrence.tsv
inversion_recurrence	136 | max_span_bp		107257	results/synteny/inversion_recurrence.tsv
inversion_recurrence	136 | any_at_least_large_span		False	results/synteny/inversion_recurrence.tsv
inversion_recurrence	136 | pairs		Cx_quinquefasciatus_vs_Cx_molestus	results/synteny/inversion_recurrence.tsv
inversion_recurrence	136 | members		Cx_quinquefasciatus_vs_Cx_molestus:NC_051863.1:102893169-103000427	results/synteny/inversion_recurrence.tsv
inversion_recurrence	137 | n_inversions		3	results/synteny/inversion_recurrence.tsv
inversion_recurrence	137 | n_pairs		3	results/synteny/inversion_recurrence.tsv
inversion_recurrence	137 | chromosomes		chr3	results/synteny/inversion_recurrence.tsv
inversion_recurrence	137 | max_span_bp		314474	results/synteny/inversion_recurrence.tsv
inversion_recurrence	137 | genome_in_every_pair		Cx_molestus	results/synteny/inversion_recurrence.tsv
inversion_recurrence	137 | any_at_least_large_span		False	results/synteny/inversion_recurrence.tsv
inversion_recurrence	137 | pairs		Cx_molestus_vs_Cx_pipiens;Cx_pallens_vs_Cx_molestus;Cx_quinquefasciatus_vs_Cx_molestus	results/synteny/inversion_recurrence.tsv
inversion_recurrence	137 | members		Cx_quinquefasciatus_vs_Cx_molestus:NC_051863.1:116876581-117191055;Cx_pallens_vs_Cx_molestus:NC_068939.1:89048107-89349730;Cx_molestus_vs_Cx_pipiens:CM044970.1:85149409-85399024	results/synteny/inversion_recurrence.tsv
inversion_recurrence	138 | n_inversions		3	results/synteny/inversion_recurrence.tsv
inversion_recurrence	138 | n_pairs		3	results/synteny/inversion_recurrence.tsv
inversion_recurrence	138 | chromosomes		chr3	results/synteny/inversion_recurrence.tsv
inversion_recurrence	138 | max_span_bp		201657	results/synteny/inversion_recurrence.tsv
inversion_recurrence	138 | genome_in_every_pair		Cx_molestus	results/synteny/inversion_recurrence.tsv
inversion_recurrence	138 | any_at_least_large_span		False	results/synteny/inversion_recurrence.tsv
inversion_recurrence	138 | pairs		Cx_molestus_vs_Cx_pipiens;Cx_pallens_vs_Cx_molestus;Cx_quinquefasciatus_vs_Cx_molestus	results/synteny/inversion_recurrence.tsv
inversion_recurrence	138 | members		Cx_quinquefasciatus_vs_Cx_molestus:NC_051863.1:120377030-120578688;Cx_pallens_vs_Cx_molestus:NC_068939.1:85391763-85548896;Cx_molestus_vs_Cx_pipiens:CM044970.1:81058959-81194700	results/synteny/inversion_recurrence.tsv
inversion_recurrence	139 | n_inversions		2	results/synteny/inversion_recurrence.tsv
inversion_recurrence	139 | n_pairs		2	results/synteny/inversion_recurrence.tsv
inversion_recurrence	139 | chromosomes		chr3	results/synteny/inversion_recurrence.tsv
inversion_recurrence	139 | max_span_bp		366642	results/synteny/inversion_recurrence.tsv
inversion_recurrence	139 | genome_in_every_pair		Cx_molestus	results/synteny/inversion_recurrence.tsv
inversion_recurrence	139 | any_at_least_large_span		False	results/synteny/inversion_recurrence.tsv
inversion_recurrence	139 | pairs		Cx_pallens_vs_Cx_molestus;Cx_quinquefasciatus_vs_Cx_molestus	results/synteny/inversion_recurrence.tsv
inversion_recurrence	139 | members		Cx_quinquefasciatus_vs_Cx_molestus:NC_051863.1:121080510-121414512;Cx_pallens_vs_Cx_molestus:NC_068939.1:84440090-84806732	results/synteny/inversion_recurrence.tsv
inversion_recurrence	140 | n_inversions		1	results/synteny/inversion_recurrence.tsv
inversion_recurrence	140 | n_pairs		1	results/synteny/inversion_recurrence.tsv
inversion_recurrence	140 | chromosomes		chr3	results/synteny/inversion_recurrence.tsv
inversion_recurrence	140 | max_span_bp		154051	results/synteny/inversion_recurrence.tsv
inversion_recurrence	140 | any_at_least_large_span		False	results/synteny/inversion_recurrence.tsv
inversion_recurrence	140 | pairs		Cx_quinquefasciatus_vs_Cx_molestus	results/synteny/inversion_recurrence.tsv
inversion_recurrence	140 | members		Cx_quinquefasciatus_vs_Cx_molestus:NC_051863.1:121491112-121645164	results/synteny/inversion_recurrence.tsv
inversion_recurrence	141 | n_inversions		2	results/synteny/inversion_recurrence.tsv
inversion_recurrence	141 | n_pairs		2	results/synteny/inversion_recurrence.tsv
inversion_recurrence	141 | chromosomes		chr3	results/synteny/inversion_recurrence.tsv
inversion_recurrence	141 | max_span_bp		316571	results/synteny/inversion_recurrence.tsv
inversion_recurrence	141 | genome_in_every_pair		Cx_molestus	results/synteny/inversion_recurrence.tsv
inversion_recurrence	141 | any_at_least_large_span		False	results/synteny/inversion_recurrence.tsv
inversion_recurrence	141 | pairs		Cx_pallens_vs_Cx_molestus;Cx_quinquefasciatus_vs_Cx_molestus	results/synteny/inversion_recurrence.tsv
inversion_recurrence	141 | members		Cx_quinquefasciatus_vs_Cx_molestus:NC_051863.1:123457683-123774254;Cx_pallens_vs_Cx_molestus:NC_068939.1:82145434-82274480	results/synteny/inversion_recurrence.tsv
inversion_recurrence	142 | n_inversions		3	results/synteny/inversion_recurrence.tsv
inversion_recurrence	142 | n_pairs		3	results/synteny/inversion_recurrence.tsv
inversion_recurrence	142 | chromosomes		chr3	results/synteny/inversion_recurrence.tsv
inversion_recurrence	142 | max_span_bp		540882	results/synteny/inversion_recurrence.tsv
inversion_recurrence	142 | genome_in_every_pair		Cx_molestus	results/synteny/inversion_recurrence.tsv
inversion_recurrence	142 | any_at_least_large_span		False	results/synteny/inversion_recurrence.tsv
inversion_recurrence	142 | pairs		Cx_molestus_vs_Cx_pipiens;Cx_pallens_vs_Cx_molestus;Cx_quinquefasciatus_vs_Cx_molestus	results/synteny/inversion_recurrence.tsv
inversion_recurrence	142 | members		Cx_quinquefasciatus_vs_Cx_molestus:NC_051863.1:132116980-132561044;Cx_pallens_vs_Cx_molestus:NC_068939.1:72557117-73097999;Cx_molestus_vs_Cx_pipiens:CM044970.1:68589690-68971448	results/synteny/inversion_recurrence.tsv
inversion_recurrence	143 | n_inversions		3	results/synteny/inversion_recurrence.tsv
inversion_recurrence	143 | n_pairs		3	results/synteny/inversion_recurrence.tsv
inversion_recurrence	143 | chromosomes		chr3	results/synteny/inversion_recurrence.tsv
inversion_recurrence	143 | max_span_bp		1159595	results/synteny/inversion_recurrence.tsv
inversion_recurrence	143 | genome_in_every_pair		Cx_molestus	results/synteny/inversion_recurrence.tsv
inversion_recurrence	143 | any_at_least_large_span		True	results/synteny/inversion_recurrence.tsv
inversion_recurrence	143 | pairs		Cx_molestus_vs_Cx_pipiens;Cx_pallens_vs_Cx_molestus;Cx_quinquefasciatus_vs_Cx_molestus	results/synteny/inversion_recurrence.tsv
inversion_recurrence	143 | members		Cx_quinquefasciatus_vs_Cx_molestus:NC_051863.1:132743247-133902842;Cx_pallens_vs_Cx_molestus:NC_068939.1:71340636-71700580;Cx_molestus_vs_Cx_pipiens:CM044970.1:67590491-67979138	results/synteny/inversion_recurrence.tsv
inversion_recurrence	144 | n_inversions		3	results/synteny/inversion_recurrence.tsv
inversion_recurrence	144 | n_pairs		3	results/synteny/inversion_recurrence.tsv
inversion_recurrence	144 | chromosomes		chr3	results/synteny/inversion_recurrence.tsv
inversion_recurrence	144 | max_span_bp		283154	results/synteny/inversion_recurrence.tsv
inversion_recurrence	144 | genome_in_every_pair		Cx_molestus	results/synteny/inversion_recurrence.tsv
inversion_recurrence	144 | any_at_least_large_span		False	results/synteny/inversion_recurrence.tsv
inversion_recurrence	144 | pairs		Cx_molestus_vs_Cx_pipiens;Cx_pallens_vs_Cx_molestus;Cx_quinquefasciatus_vs_Cx_molestus	results/synteny/inversion_recurrence.tsv
inversion_recurrence	144 | members		Cx_quinquefasciatus_vs_Cx_molestus:NC_051863.1:134024865-134173749;Cx_pallens_vs_Cx_molestus:NC_068939.1:70972949-71236327;Cx_molestus_vs_Cx_pipiens:CM044970.1:68080965-68364119	results/synteny/inversion_recurrence.tsv
inversion_recurrence	145 | n_inversions		1	results/synteny/inversion_recurrence.tsv
inversion_recurrence	145 | n_pairs		1	results/synteny/inversion_recurrence.tsv
inversion_recurrence	145 | chromosomes		chr3	results/synteny/inversion_recurrence.tsv
inversion_recurrence	145 | max_span_bp		224709	results/synteny/inversion_recurrence.tsv
inversion_recurrence	145 | any_at_least_large_span		False	results/synteny/inversion_recurrence.tsv
inversion_recurrence	145 | pairs		Cx_quinquefasciatus_vs_Cx_molestus	results/synteny/inversion_recurrence.tsv
inversion_recurrence	145 | members		Cx_quinquefasciatus_vs_Cx_molestus:NC_051863.1:134187017-134411727	results/synteny/inversion_recurrence.tsv
inversion_recurrence	146 | n_inversions		3	results/synteny/inversion_recurrence.tsv
inversion_recurrence	146 | n_pairs		3	results/synteny/inversion_recurrence.tsv
inversion_recurrence	146 | chromosomes		chr3	results/synteny/inversion_recurrence.tsv
inversion_recurrence	146 | max_span_bp		245992	results/synteny/inversion_recurrence.tsv
inversion_recurrence	146 | genome_in_every_pair		Cx_molestus	results/synteny/inversion_recurrence.tsv
inversion_recurrence	146 | any_at_least_large_span		False	results/synteny/inversion_recurrence.tsv
inversion_recurrence	146 | pairs		Cx_molestus_vs_Cx_pipiens;Cx_pallens_vs_Cx_molestus;Cx_quinquefasciatus_vs_Cx_molestus	results/synteny/inversion_recurrence.tsv
inversion_recurrence	146 | members		Cx_quinquefasciatus_vs_Cx_molestus:NC_051863.1:134527930-134717731;Cx_pallens_vs_Cx_molestus:NC_068939.1:70560638-70674716;Cx_molestus_vs_Cx_pipiens:CM044970.1:200589421-200835413	results/synteny/inversion_recurrence.tsv
inversion_recurrence	147 | n_inversions		2	results/synteny/inversion_recurrence.tsv
inversion_recurrence	147 | n_pairs		2	results/synteny/inversion_recurrence.tsv
inversion_recurrence	147 | chromosomes		chr3	results/synteny/inversion_recurrence.tsv
inversion_recurrence	147 | max_span_bp		276932	results/synteny/inversion_recurrence.tsv
inversion_recurrence	147 | genome_in_every_pair		Cx_molestus	results/synteny/inversion_recurrence.tsv
inversion_recurrence	147 | any_at_least_large_span		False	results/synteny/inversion_recurrence.tsv
inversion_recurrence	147 | pairs		Cx_pallens_vs_Cx_molestus;Cx_quinquefasciatus_vs_Cx_molestus	results/synteny/inversion_recurrence.tsv
inversion_recurrence	147 | members		Cx_quinquefasciatus_vs_Cx_molestus:NC_051863.1:134723148-135000080;Cx_pallens_vs_Cx_molestus:NC_068939.1:70300804-70552326	results/synteny/inversion_recurrence.tsv
inversion_recurrence	148 | n_inversions		3	results/synteny/inversion_recurrence.tsv
inversion_recurrence	148 | n_pairs		3	results/synteny/inversion_recurrence.tsv
inversion_recurrence	148 | chromosomes		chr3	results/synteny/inversion_recurrence.tsv
inversion_recurrence	148 | max_span_bp		244958	results/synteny/inversion_recurrence.tsv
inversion_recurrence	148 | genome_in_every_pair		Cx_molestus	results/synteny/inversion_recurrence.tsv
inversion_recurrence	148 | any_at_least_large_span		False	results/synteny/inversion_recurrence.tsv
inversion_recurrence	148 | pairs		Cx_molestus_vs_Cx_pipiens;Cx_pallens_vs_Cx_molestus;Cx_quinquefasciatus_vs_Cx_molestus	results/synteny/inversion_recurrence.tsv
inversion_recurrence	148 | members		Cx_quinquefasciatus_vs_Cx_molestus:NC_051863.1:140970175-141142175;Cx_pallens_vs_Cx_molestus:NC_068939.1:64011183-64194871;Cx_molestus_vs_Cx_pipiens:CM044970.1:60233085-60478043	results/synteny/inversion_recurrence.tsv
inversion_recurrence	149 | n_inversions		2	results/synteny/inversion_recurrence.tsv
inversion_recurrence	149 | n_pairs		2	results/synteny/inversion_recurrence.tsv
inversion_recurrence	149 | chromosomes		chr3	results/synteny/inversion_recurrence.tsv
inversion_recurrence	149 | max_span_bp		215637	results/synteny/inversion_recurrence.tsv
inversion_recurrence	149 | genome_in_every_pair		Cx_molestus	results/synteny/inversion_recurrence.tsv
inversion_recurrence	149 | any_at_least_large_span		False	results/synteny/inversion_recurrence.tsv
inversion_recurrence	149 | pairs		Cx_molestus_vs_Cx_pipiens;Cx_quinquefasciatus_vs_Cx_molestus	results/synteny/inversion_recurrence.tsv
inversion_recurrence	149 | members		Cx_quinquefasciatus_vs_Cx_molestus:NC_051863.1:147898962-148114599;Cx_molestus_vs_Cx_pipiens:CM044970.1:29917916-30019942	results/synteny/inversion_recurrence.tsv
inversion_recurrence	150 | n_inversions		2	results/synteny/inversion_recurrence.tsv
inversion_recurrence	150 | n_pairs		2	results/synteny/inversion_recurrence.tsv
inversion_recurrence	150 | chromosomes		chr3	results/synteny/inversion_recurrence.tsv
inversion_recurrence	150 | max_span_bp		185128	results/synteny/inversion_recurrence.tsv
inversion_recurrence	150 | genome_in_every_pair		Cx_molestus	results/synteny/inversion_recurrence.tsv
inversion_recurrence	150 | any_at_least_large_span		False	results/synteny/inversion_recurrence.tsv
inversion_recurrence	150 | pairs		Cx_pallens_vs_Cx_molestus;Cx_quinquefasciatus_vs_Cx_molestus	results/synteny/inversion_recurrence.tsv
inversion_recurrence	150 | members		Cx_quinquefasciatus_vs_Cx_molestus:NC_051863.1:157873654-158058782;Cx_pallens_vs_Cx_molestus:NC_068939.1:44318453-44490755	results/synteny/inversion_recurrence.tsv
inversion_recurrence	151 | n_inversions		1	results/synteny/inversion_recurrence.tsv
inversion_recurrence	151 | n_pairs		1	results/synteny/inversion_recurrence.tsv
inversion_recurrence	151 | chromosomes		chr3	results/synteny/inversion_recurrence.tsv
inversion_recurrence	151 | max_span_bp		367529	results/synteny/inversion_recurrence.tsv
inversion_recurrence	151 | any_at_least_large_span		False	results/synteny/inversion_recurrence.tsv
inversion_recurrence	151 | pairs		Cx_quinquefasciatus_vs_Cx_molestus	results/synteny/inversion_recurrence.tsv
inversion_recurrence	151 | members		Cx_quinquefasciatus_vs_Cx_molestus:NC_051863.1:158259409-158626938	results/synteny/inversion_recurrence.tsv
inversion_recurrence	152 | n_inversions		3	results/synteny/inversion_recurrence.tsv
inversion_recurrence	152 | n_pairs		3	results/synteny/inversion_recurrence.tsv
inversion_recurrence	152 | chromosomes		chr3	results/synteny/inversion_recurrence.tsv
inversion_recurrence	152 | max_span_bp		552452	results/synteny/inversion_recurrence.tsv
inversion_recurrence	152 | genome_in_every_pair		Cx_molestus	results/synteny/inversion_recurrence.tsv
inversion_recurrence	152 | any_at_least_large_span		False	results/synteny/inversion_recurrence.tsv
inversion_recurrence	152 | pairs		Cx_molestus_vs_Cx_pipiens;Cx_pallens_vs_Cx_molestus;Cx_quinquefasciatus_vs_Cx_molestus	results/synteny/inversion_recurrence.tsv
inversion_recurrence	152 | members		Cx_quinquefasciatus_vs_Cx_molestus:NC_051863.1:158661417-158817792;Cx_pallens_vs_Cx_molestus:NC_068939.1:43614013-44117296;Cx_molestus_vs_Cx_pipiens:CM044970.1:41048048-41600501	results/synteny/inversion_recurrence.tsv
inversion_recurrence	153 | n_inversions		3	results/synteny/inversion_recurrence.tsv
inversion_recurrence	153 | n_pairs		3	results/synteny/inversion_recurrence.tsv
inversion_recurrence	153 | chromosomes		chr3	results/synteny/inversion_recurrence.tsv
inversion_recurrence	153 | max_span_bp		226188	results/synteny/inversion_recurrence.tsv
inversion_recurrence	153 | genome_in_every_pair		Cx_molestus	results/synteny/inversion_recurrence.tsv
inversion_recurrence	153 | any_at_least_large_span		False	results/synteny/inversion_recurrence.tsv
inversion_recurrence	153 | pairs		Cx_molestus_vs_Cx_pipiens;Cx_pallens_vs_Cx_molestus;Cx_quinquefasciatus_vs_Cx_molestus	results/synteny/inversion_recurrence.tsv
inversion_recurrence	153 | members		Cx_quinquefasciatus_vs_Cx_molestus:NC_051863.1:174943348-175169536;Cx_pallens_vs_Cx_molestus:NC_068939.1:26739549-26940977;Cx_molestus_vs_Cx_pipiens:CM044970.1:7949122-8156254	results/synteny/inversion_recurrence.tsv
inversion_recurrence	154 | n_inversions		1	results/synteny/inversion_recurrence.tsv
inversion_recurrence	154 | n_pairs		1	results/synteny/inversion_recurrence.tsv
inversion_recurrence	154 | chromosomes		chr3	results/synteny/inversion_recurrence.tsv
inversion_recurrence	154 | max_span_bp		104909	results/synteny/inversion_recurrence.tsv
inversion_recurrence	154 | any_at_least_large_span		False	results/synteny/inversion_recurrence.tsv
inversion_recurrence	154 | pairs		Cx_quinquefasciatus_vs_Cx_molestus	results/synteny/inversion_recurrence.tsv
inversion_recurrence	154 | members		Cx_quinquefasciatus_vs_Cx_molestus:NC_051863.1:191679013-191783922	results/synteny/inversion_recurrence.tsv
inversion_recurrence	155 | n_inversions		3	results/synteny/inversion_recurrence.tsv
inversion_recurrence	155 | n_pairs		3	results/synteny/inversion_recurrence.tsv
inversion_recurrence	155 | chromosomes		chr1	results/synteny/inversion_recurrence.tsv
inversion_recurrence	155 | max_span_bp		425562	results/synteny/inversion_recurrence.tsv
inversion_recurrence	155 | genome_in_every_pair		Cx_molestus	results/synteny/inversion_recurrence.tsv
inversion_recurrence	155 | any_at_least_large_span		False	results/synteny/inversion_recurrence.tsv
inversion_recurrence	155 | pairs		Cx_molestus_vs_Cx_pipiens;Cx_pallens_vs_Cx_molestus;Cx_quinquefasciatus_vs_Cx_molestus	results/synteny/inversion_recurrence.tsv
inversion_recurrence	155 | members		Cx_quinquefasciatus_vs_Cx_molestus:NC_051861.1:2031468-2457030;Cx_pallens_vs_Cx_molestus:NC_068937.1:136803376-137158711;Cx_molestus_vs_Cx_pipiens:CM044968.1:3431353-3610340	results/synteny/inversion_recurrence.tsv
inversion_recurrence	156 | n_inversions		3	results/synteny/inversion_recurrence.tsv
inversion_recurrence	156 | n_pairs		3	results/synteny/inversion_recurrence.tsv
inversion_recurrence	156 | chromosomes		chr1	results/synteny/inversion_recurrence.tsv
inversion_recurrence	156 | max_span_bp		473880	results/synteny/inversion_recurrence.tsv
inversion_recurrence	156 | genome_in_every_pair		Cx_molestus	results/synteny/inversion_recurrence.tsv
inversion_recurrence	156 | any_at_least_large_span		False	results/synteny/inversion_recurrence.tsv
inversion_recurrence	156 | pairs		Cx_molestus_vs_Cx_pipiens;Cx_pallens_vs_Cx_molestus;Cx_quinquefasciatus_vs_Cx_molestus	results/synteny/inversion_recurrence.tsv
inversion_recurrence	156 | members		Cx_quinquefasciatus_vs_Cx_molestus:NC_051861.1:26706769-27180649;Cx_pallens_vs_Cx_molestus:NC_068937.1:111596942-112003450;Cx_molestus_vs_Cx_pipiens:CM044968.1:27435547-27892236	results/synteny/inversion_recurrence.tsv
inversion_recurrence	157 | n_inversions		2	results/synteny/inversion_recurrence.tsv
inversion_recurrence	157 | n_pairs		2	results/synteny/inversion_recurrence.tsv
inversion_recurrence	157 | chromosomes		chr1	results/synteny/inversion_recurrence.tsv
inversion_recurrence	157 | max_span_bp		318803	results/synteny/inversion_recurrence.tsv
inversion_recurrence	157 | genome_in_every_pair		Cx_quinquefasciatus	results/synteny/inversion_recurrence.tsv
inversion_recurrence	157 | any_at_least_large_span		False	results/synteny/inversion_recurrence.tsv
inversion_recurrence	157 | pairs		Cx_quinquefasciatus_vs_Cx_molestus;Cx_quinquefasciatus_vs_Cx_pipiens	results/synteny/inversion_recurrence.tsv
inversion_recurrence	157 | members		Cx_quinquefasciatus_vs_Cx_molestus:NC_051861.1:29402581-29686351;Cx_quinquefasciatus_vs_Cx_pipiens:NC_051861.1:29408043-29726847	results/synteny/inversion_recurrence.tsv
inversion_recurrence	158 | n_inversions		2	results/synteny/inversion_recurrence.tsv
inversion_recurrence	158 | n_pairs		2	results/synteny/inversion_recurrence.tsv
inversion_recurrence	158 | chromosomes		chr1	results/synteny/inversion_recurrence.tsv
inversion_recurrence	158 | max_span_bp		402370	results/synteny/inversion_recurrence.tsv
inversion_recurrence	158 | genome_in_every_pair		Cx_quinquefasciatus	results/synteny/inversion_recurrence.tsv
inversion_recurrence	158 | any_at_least_large_span		False	results/synteny/inversion_recurrence.tsv
inversion_recurrence	158 | pairs		Cx_quinquefasciatus_vs_Cx_molestus;Cx_quinquefasciatus_vs_Cx_pipiens	results/synteny/inversion_recurrence.tsv
inversion_recurrence	158 | members		Cx_quinquefasciatus_vs_Cx_molestus:NC_051861.1:29686848-29818807;Cx_quinquefasciatus_vs_Cx_pipiens:NC_051861.1:29741701-30144072	results/synteny/inversion_recurrence.tsv
inversion_recurrence	159 | n_inversions		2	results/synteny/inversion_recurrence.tsv
inversion_recurrence	159 | n_pairs		2	results/synteny/inversion_recurrence.tsv
inversion_recurrence	159 | chromosomes		chr1	results/synteny/inversion_recurrence.tsv
inversion_recurrence	159 | max_span_bp		653324	results/synteny/inversion_recurrence.tsv
inversion_recurrence	159 | genome_in_every_pair		Cx_quinquefasciatus	results/synteny/inversion_recurrence.tsv
inversion_recurrence	159 | any_at_least_large_span		False	results/synteny/inversion_recurrence.tsv
inversion_recurrence	159 | pairs		Cx_quinquefasciatus_vs_Cx_molestus;Cx_quinquefasciatus_vs_Cx_pipiens	results/synteny/inversion_recurrence.tsv
inversion_recurrence	159 | members		Cx_quinquefasciatus_vs_Cx_molestus:NC_051861.1:29869672-30522997;Cx_quinquefasciatus_vs_Cx_pipiens:NC_051861.1:30168071-30522997	results/synteny/inversion_recurrence.tsv
inversion_recurrence	160 | n_inversions		2	results/synteny/inversion_recurrence.tsv
inversion_recurrence	160 | n_pairs		2	results/synteny/inversion_recurrence.tsv
inversion_recurrence	160 | chromosomes		chr1	results/synteny/inversion_recurrence.tsv
inversion_recurrence	160 | max_span_bp		247568	results/synteny/inversion_recurrence.tsv
inversion_recurrence	160 | genome_in_every_pair		Cx_quinquefasciatus	results/synteny/inversion_recurrence.tsv
inversion_recurrence	160 | any_at_least_large_span		False	results/synteny/inversion_recurrence.tsv
inversion_recurrence	160 | pairs		Cx_quinquefasciatus_vs_Cx_molestus;Cx_quinquefasciatus_vs_Cx_pipiens	results/synteny/inversion_recurrence.tsv
inversion_recurrence	160 | members		Cx_quinquefasciatus_vs_Cx_molestus:NC_051861.1:33353290-33553133;Cx_quinquefasciatus_vs_Cx_pipiens:NC_051861.1:33305565-33553133	results/synteny/inversion_recurrence.tsv
inversion_recurrence	161 | n_inversions		1	results/synteny/inversion_recurrence.tsv
inversion_recurrence	161 | n_pairs		1	results/synteny/inversion_recurrence.tsv
inversion_recurrence	161 | chromosomes		chr1	results/synteny/inversion_recurrence.tsv
inversion_recurrence	161 | max_span_bp		234781	results/synteny/inversion_recurrence.tsv
inversion_recurrence	161 | any_at_least_large_span		False	results/synteny/inversion_recurrence.tsv
inversion_recurrence	161 | pairs		Cx_quinquefasciatus_vs_Cx_molestus	results/synteny/inversion_recurrence.tsv
inversion_recurrence	161 | members		Cx_quinquefasciatus_vs_Cx_molestus:NC_051861.1:34151320-34386101	results/synteny/inversion_recurrence.tsv
inversion_recurrence	162 | n_inversions		1	results/synteny/inversion_recurrence.tsv
inversion_recurrence	162 | n_pairs		1	results/synteny/inversion_recurrence.tsv
inversion_recurrence	162 | chromosomes		chr1	results/synteny/inversion_recurrence.tsv
inversion_recurrence	162 | max_span_bp		296779	results/synteny/inversion_recurrence.tsv
inversion_recurrence	162 | any_at_least_large_span		False	results/synteny/inversion_recurrence.tsv
inversion_recurrence	162 | pairs		Cx_quinquefasciatus_vs_Cx_molestus	results/synteny/inversion_recurrence.tsv
inversion_recurrence	162 | members		Cx_quinquefasciatus_vs_Cx_molestus:NC_051861.1:35270599-35567379	results/synteny/inversion_recurrence.tsv
inversion_recurrence	163 | n_inversions		1	results/synteny/inversion_recurrence.tsv
inversion_recurrence	163 | n_pairs		1	results/synteny/inversion_recurrence.tsv
inversion_recurrence	163 | chromosomes		chr1	results/synteny/inversion_recurrence.tsv
inversion_recurrence	163 | max_span_bp		472661	results/synteny/inversion_recurrence.tsv
inversion_recurrence	163 | any_at_least_large_span		False	results/synteny/inversion_recurrence.tsv
inversion_recurrence	163 | pairs		Cx_quinquefasciatus_vs_Cx_molestus	results/synteny/inversion_recurrence.tsv
inversion_recurrence	163 | members		Cx_quinquefasciatus_vs_Cx_molestus:NC_051861.1:35738927-36211589	results/synteny/inversion_recurrence.tsv
inversion_recurrence	164 | n_inversions		2	results/synteny/inversion_recurrence.tsv
inversion_recurrence	164 | n_pairs		2	results/synteny/inversion_recurrence.tsv
inversion_recurrence	164 | chromosomes		chr1	results/synteny/inversion_recurrence.tsv
inversion_recurrence	164 | max_span_bp		824758	results/synteny/inversion_recurrence.tsv
inversion_recurrence	164 | genome_in_every_pair		Cx_quinquefasciatus	results/synteny/inversion_recurrence.tsv
inversion_recurrence	164 | any_at_least_large_span		False	results/synteny/inversion_recurrence.tsv
inversion_recurrence	164 | pairs		Cx_quinquefasciatus_vs_Cx_molestus;Cx_quinquefasciatus_vs_Cx_pipiens	results/synteny/inversion_recurrence.tsv
inversion_recurrence	164 | members		Cx_quinquefasciatus_vs_Cx_molestus:NC_051861.1:36654321-37319234;Cx_quinquefasciatus_vs_Cx_pipiens:NC_051861.1:36434912-37259671	results/synteny/inversion_recurrence.tsv
inversion_recurrence	165 | n_inversions		2	results/synteny/inversion_recurrence.tsv
inversion_recurrence	165 | n_pairs		2	results/synteny/inversion_recurrence.tsv
inversion_recurrence	165 | chromosomes		chr1	results/synteny/inversion_recurrence.tsv
inversion_recurrence	165 | max_span_bp		913002	results/synteny/inversion_recurrence.tsv
inversion_recurrence	165 | genome_in_every_pair		Cx_quinquefasciatus	results/synteny/inversion_recurrence.tsv
inversion_recurrence	165 | any_at_least_large_span		False	results/synteny/inversion_recurrence.tsv
inversion_recurrence	165 | pairs		Cx_quinquefasciatus_vs_Cx_molestus;Cx_quinquefasciatus_vs_Cx_pipiens	results/synteny/inversion_recurrence.tsv
inversion_recurrence	165 | members		Cx_quinquefasciatus_vs_Cx_molestus:NC_051861.1:37415968-38181234;Cx_quinquefasciatus_vs_Cx_pipiens:NC_051861.1:37266816-38179818	results/synteny/inversion_recurrence.tsv
inversion_recurrence	166 | n_inversions		1	results/synteny/inversion_recurrence.tsv
inversion_recurrence	166 | n_pairs		1	results/synteny/inversion_recurrence.tsv
inversion_recurrence	166 | chromosomes		chr1	results/synteny/inversion_recurrence.tsv
inversion_recurrence	166 | max_span_bp		1249637	results/synteny/inversion_recurrence.tsv
inversion_recurrence	166 | any_at_least_large_span		True	results/synteny/inversion_recurrence.tsv
inversion_recurrence	166 | pairs		Cx_quinquefasciatus_vs_Cx_molestus	results/synteny/inversion_recurrence.tsv
inversion_recurrence	166 | members		Cx_quinquefasciatus_vs_Cx_molestus:NC_051861.1:38298646-39548283	results/synteny/inversion_recurrence.tsv
inversion_recurrence	167 | n_inversions		1	results/synteny/inversion_recurrence.tsv
inversion_recurrence	167 | n_pairs		1	results/synteny/inversion_recurrence.tsv
inversion_recurrence	167 | chromosomes		chr1	results/synteny/inversion_recurrence.tsv
inversion_recurrence	167 | max_span_bp		206288	results/synteny/inversion_recurrence.tsv
inversion_recurrence	167 | any_at_least_large_span		False	results/synteny/inversion_recurrence.tsv
inversion_recurrence	167 | pairs		Cx_quinquefasciatus_vs_Cx_molestus	results/synteny/inversion_recurrence.tsv
inversion_recurrence	167 | members		Cx_quinquefasciatus_vs_Cx_molestus:NC_051861.1:39759863-39966151	results/synteny/inversion_recurrence.tsv
inversion_recurrence	168 | n_inversions		2	results/synteny/inversion_recurrence.tsv
inversion_recurrence	168 | n_pairs		2	results/synteny/inversion_recurrence.tsv
inversion_recurrence	168 | chromosomes		chr1	results/synteny/inversion_recurrence.tsv
inversion_recurrence	168 | max_span_bp		1240277	results/synteny/inversion_recurrence.tsv
inversion_recurrence	168 | genome_in_every_pair		Cx_molestus	results/synteny/inversion_recurrence.tsv
inversion_recurrence	168 | any_at_least_large_span		True	results/synteny/inversion_recurrence.tsv
inversion_recurrence	168 | pairs		Cx_pallens_vs_Cx_molestus;Cx_quinquefasciatus_vs_Cx_molestus	results/synteny/inversion_recurrence.tsv
inversion_recurrence	168 | members		Cx_quinquefasciatus_vs_Cx_molestus:NC_051861.1:50771764-51538807;Cx_pallens_vs_Cx_molestus:NC_068937.1:87132035-88372312	results/synteny/inversion_recurrence.tsv
inversion_recurrence	169 | n_inversions		3	results/synteny/inversion_recurrence.tsv
inversion_recurrence	169 | n_pairs		3	results/synteny/inversion_recurrence.tsv
inversion_recurrence	169 | chromosomes		chr1	results/synteny/inversion_recurrence.tsv
inversion_recurrence	169 | max_span_bp		382950	results/synteny/inversion_recurrence.tsv
inversion_recurrence	169 | genome_in_every_pair		Cx_molestus	results/synteny/inversion_recurrence.tsv
inversion_recurrence	169 | any_at_least_large_span		False	results/synteny/inversion_recurrence.tsv
inversion_recurrence	169 | pairs		Cx_molestus_vs_Cx_pipiens;Cx_pallens_vs_Cx_molestus;Cx_quinquefasciatus_vs_Cx_molestus	results/synteny/inversion_recurrence.tsv
inversion_recurrence	169 | members		Cx_quinquefasciatus_vs_Cx_molestus:NC_051861.1:53672431-54055381;Cx_pallens_vs_Cx_molestus:NC_068937.1:85283918-85603746;Cx_molestus_vs_Cx_pipiens:CM044968.1:55323313-55487383	results/synteny/inversion_recurrence.tsv
inversion_recurrence	170 | n_inversions		1	results/synteny/inversion_recurrence.tsv
inversion_recurrence	170 | n_pairs		1	results/synteny/inversion_recurrence.tsv
inversion_recurrence	170 | chromosomes		chr1	results/synteny/inversion_recurrence.tsv
inversion_recurrence	170 | max_span_bp		109436	results/synteny/inversion_recurrence.tsv
inversion_recurrence	170 | any_at_least_large_span		False	results/synteny/inversion_recurrence.tsv
inversion_recurrence	170 | pairs		Cx_quinquefasciatus_vs_Cx_molestus	results/synteny/inversion_recurrence.tsv
inversion_recurrence	170 | members		Cx_quinquefasciatus_vs_Cx_molestus:NC_051861.1:56685714-56795150	results/synteny/inversion_recurrence.tsv
inversion_recurrence	171 | n_inversions		1	results/synteny/inversion_recurrence.tsv
inversion_recurrence	171 | n_pairs		1	results/synteny/inversion_recurrence.tsv
inversion_recurrence	171 | chromosomes		chr1	results/synteny/inversion_recurrence.tsv
inversion_recurrence	171 | max_span_bp		922897	results/synteny/inversion_recurrence.tsv
inversion_recurrence	171 | any_at_least_large_span		False	results/synteny/inversion_recurrence.tsv
inversion_recurrence	171 | pairs		Cx_quinquefasciatus_vs_Cx_molestus	results/synteny/inversion_recurrence.tsv
inversion_recurrence	171 | members		Cx_quinquefasciatus_vs_Cx_molestus:NC_051861.1:57063062-57985959	results/synteny/inversion_recurrence.tsv
inversion_recurrence	172 | n_inversions		1	results/synteny/inversion_recurrence.tsv
inversion_recurrence	172 | n_pairs		1	results/synteny/inversion_recurrence.tsv
inversion_recurrence	172 | chromosomes		chr1	results/synteny/inversion_recurrence.tsv
inversion_recurrence	172 | max_span_bp		204858	results/synteny/inversion_recurrence.tsv
inversion_recurrence	172 | any_at_least_large_span		False	results/synteny/inversion_recurrence.tsv
inversion_recurrence	172 | pairs		Cx_quinquefasciatus_vs_Cx_molestus	results/synteny/inversion_recurrence.tsv
inversion_recurrence	172 | members		Cx_quinquefasciatus_vs_Cx_molestus:NC_051861.1:58017071-58221930	results/synteny/inversion_recurrence.tsv
inversion_recurrence	173 | n_inversions		1	results/synteny/inversion_recurrence.tsv
inversion_recurrence	173 | n_pairs		1	results/synteny/inversion_recurrence.tsv
inversion_recurrence	173 | chromosomes		chr1	results/synteny/inversion_recurrence.tsv
inversion_recurrence	173 | max_span_bp		388787	results/synteny/inversion_recurrence.tsv
inversion_recurrence	173 | any_at_least_large_span		False	results/synteny/inversion_recurrence.tsv
inversion_recurrence	173 | pairs		Cx_quinquefasciatus_vs_Cx_molestus	results/synteny/inversion_recurrence.tsv
inversion_recurrence	173 | members		Cx_quinquefasciatus_vs_Cx_molestus:NC_051861.1:58326975-58715762	results/synteny/inversion_recurrence.tsv
inversion_recurrence	174 | n_inversions		1	results/synteny/inversion_recurrence.tsv
inversion_recurrence	174 | n_pairs		1	results/synteny/inversion_recurrence.tsv
inversion_recurrence	174 | chromosomes		chr1	results/synteny/inversion_recurrence.tsv
inversion_recurrence	174 | max_span_bp		357217	results/synteny/inversion_recurrence.tsv
inversion_recurrence	174 | any_at_least_large_span		False	results/synteny/inversion_recurrence.tsv
inversion_recurrence	174 | pairs		Cx_quinquefasciatus_vs_Cx_molestus	results/synteny/inversion_recurrence.tsv
inversion_recurrence	174 | members		Cx_quinquefasciatus_vs_Cx_molestus:NC_051861.1:60400411-60757628	results/synteny/inversion_recurrence.tsv
inversion_recurrence	175 | n_inversions		1	results/synteny/inversion_recurrence.tsv
inversion_recurrence	175 | n_pairs		1	results/synteny/inversion_recurrence.tsv
inversion_recurrence	175 | chromosomes		chr1	results/synteny/inversion_recurrence.tsv
inversion_recurrence	175 | max_span_bp		950206	results/synteny/inversion_recurrence.tsv
inversion_recurrence	175 | any_at_least_large_span		False	results/synteny/inversion_recurrence.tsv
inversion_recurrence	175 | pairs		Cx_quinquefasciatus_vs_Cx_molestus	results/synteny/inversion_recurrence.tsv
inversion_recurrence	175 | members		Cx_quinquefasciatus_vs_Cx_molestus:NC_051861.1:60929287-61879494	results/synteny/inversion_recurrence.tsv
inversion_recurrence	176 | n_inversions		1	results/synteny/inversion_recurrence.tsv
inversion_recurrence	176 | n_pairs		1	results/synteny/inversion_recurrence.tsv
inversion_recurrence	176 | chromosomes		chr1	results/synteny/inversion_recurrence.tsv
inversion_recurrence	176 | max_span_bp		204258	results/synteny/inversion_recurrence.tsv
inversion_recurrence	176 | any_at_least_large_span		False	results/synteny/inversion_recurrence.tsv
inversion_recurrence	176 | pairs		Cx_quinquefasciatus_vs_Cx_molestus	results/synteny/inversion_recurrence.tsv
inversion_recurrence	176 | members		Cx_quinquefasciatus_vs_Cx_molestus:NC_051861.1:62569928-62774187	results/synteny/inversion_recurrence.tsv
inversion_recurrence	177 | n_inversions		3	results/synteny/inversion_recurrence.tsv
inversion_recurrence	177 | n_pairs		3	results/synteny/inversion_recurrence.tsv
inversion_recurrence	177 | chromosomes		chr1	results/synteny/inversion_recurrence.tsv
inversion_recurrence	177 | max_span_bp		401635	results/synteny/inversion_recurrence.tsv
inversion_recurrence	177 | genome_in_every_pair		Cx_molestus	results/synteny/inversion_recurrence.tsv
inversion_recurrence	177 | any_at_least_large_span		False	results/synteny/inversion_recurrence.tsv
inversion_recurrence	177 | pairs		Cx_molestus_vs_Cx_pipiens;Cx_pallens_vs_Cx_molestus;Cx_quinquefasciatus_vs_Cx_molestus	results/synteny/inversion_recurrence.tsv
inversion_recurrence	177 | members		Cx_quinquefasciatus_vs_Cx_molestus:NC_051861.1:77809505-78137887;Cx_pallens_vs_Cx_molestus:NC_068937.1:55738173-56074633;Cx_molestus_vs_Cx_pipiens:CM044968.1:64221640-64623275	results/synteny/inversion_recurrence.tsv
inversion_recurrence	178 | n_inversions		1	results/synteny/inversion_recurrence.tsv
inversion_recurrence	178 | n_pairs		1	results/synteny/inversion_recurrence.tsv
inversion_recurrence	178 | chromosomes		chr1	results/synteny/inversion_recurrence.tsv
inversion_recurrence	178 | max_span_bp		134315	results/synteny/inversion_recurrence.tsv
inversion_recurrence	178 | any_at_least_large_span		False	results/synteny/inversion_recurrence.tsv
inversion_recurrence	178 | pairs		Cx_quinquefasciatus_vs_Cx_molestus	results/synteny/inversion_recurrence.tsv
inversion_recurrence	178 | members		Cx_quinquefasciatus_vs_Cx_molestus:NC_051861.1:87632819-87767134	results/synteny/inversion_recurrence.tsv
inversion_recurrence	179 | n_inversions		3	results/synteny/inversion_recurrence.tsv
inversion_recurrence	179 | n_pairs		3	results/synteny/inversion_recurrence.tsv
inversion_recurrence	179 | chromosomes		chr1	results/synteny/inversion_recurrence.tsv
inversion_recurrence	179 | max_span_bp		585115	results/synteny/inversion_recurrence.tsv
inversion_recurrence	179 | genome_in_every_pair		Cx_molestus	results/synteny/inversion_recurrence.tsv
inversion_recurrence	179 | any_at_least_large_span		False	results/synteny/inversion_recurrence.tsv
inversion_recurrence	179 | pairs		Cx_molestus_vs_Cx_pipiens;Cx_pallens_vs_Cx_molestus;Cx_quinquefasciatus_vs_Cx_molestus	results/synteny/inversion_recurrence.tsv
inversion_recurrence	179 | members		Cx_quinquefasciatus_vs_Cx_molestus:NC_051861.1:87782030-88181673;Cx_pallens_vs_Cx_molestus:NC_068937.1:45228232-45813347;Cx_molestus_vs_Cx_pipiens:CM044968.1:73815736-74340839	results/synteny/inversion_recurrence.tsv
inversion_recurrence	180 | n_inversions		1	results/synteny/inversion_recurrence.tsv
inversion_recurrence	180 | n_pairs		1	results/synteny/inversion_recurrence.tsv
inversion_recurrence	180 | chromosomes		chr2	results/synteny/inversion_recurrence.tsv
inversion_recurrence	180 | max_span_bp		262808	results/synteny/inversion_recurrence.tsv
inversion_recurrence	180 | any_at_least_large_span		False	results/synteny/inversion_recurrence.tsv
inversion_recurrence	180 | pairs		Cx_quinquefasciatus_vs_Cx_pipiens	results/synteny/inversion_recurrence.tsv
inversion_recurrence	180 | members		Cx_quinquefasciatus_vs_Cx_pipiens:NC_051862.1:61324738-61587546	results/synteny/inversion_recurrence.tsv
inversion_recurrence	181 | n_inversions		1	results/synteny/inversion_recurrence.tsv
inversion_recurrence	181 | n_pairs		1	results/synteny/inversion_recurrence.tsv
inversion_recurrence	181 | chromosomes		chr2	results/synteny/inversion_recurrence.tsv
inversion_recurrence	181 | max_span_bp		112722	results/synteny/inversion_recurrence.tsv
inversion_recurrence	181 | any_at_least_large_span		False	results/synteny/inversion_recurrence.tsv
inversion_recurrence	181 | pairs		Cx_quinquefasciatus_vs_Cx_pipiens	results/synteny/inversion_recurrence.tsv
inversion_recurrence	181 | members		Cx_quinquefasciatus_vs_Cx_pipiens:NC_051862.1:68829440-68942162	results/synteny/inversion_recurrence.tsv
inversion_recurrence	182 | n_inversions		1	results/synteny/inversion_recurrence.tsv
inversion_recurrence	182 | n_pairs		1	results/synteny/inversion_recurrence.tsv
inversion_recurrence	182 | chromosomes		chr2	results/synteny/inversion_recurrence.tsv
inversion_recurrence	182 | max_span_bp		233065	results/synteny/inversion_recurrence.tsv
inversion_recurrence	182 | any_at_least_large_span		False	results/synteny/inversion_recurrence.tsv
inversion_recurrence	182 | pairs		Cx_quinquefasciatus_vs_Cx_pipiens	results/synteny/inversion_recurrence.tsv
inversion_recurrence	182 | members		Cx_quinquefasciatus_vs_Cx_pipiens:NC_051862.1:112902473-113135538	results/synteny/inversion_recurrence.tsv
inversion_recurrence	183 | n_inversions		1	results/synteny/inversion_recurrence.tsv
inversion_recurrence	183 | n_pairs		1	results/synteny/inversion_recurrence.tsv
inversion_recurrence	183 | chromosomes		chr2	results/synteny/inversion_recurrence.tsv
inversion_recurrence	183 | max_span_bp		112706	results/synteny/inversion_recurrence.tsv
inversion_recurrence	183 | any_at_least_large_span		False	results/synteny/inversion_recurrence.tsv
inversion_recurrence	183 | pairs		Cx_quinquefasciatus_vs_Cx_pipiens	results/synteny/inversion_recurrence.tsv
inversion_recurrence	183 | members		Cx_quinquefasciatus_vs_Cx_pipiens:NC_051862.1:114352212-114464919	results/synteny/inversion_recurrence.tsv
inversion_recurrence	184 | n_inversions		1	results/synteny/inversion_recurrence.tsv
inversion_recurrence	184 | n_pairs		1	results/synteny/inversion_recurrence.tsv
inversion_recurrence	184 | chromosomes		chr2	results/synteny/inversion_recurrence.tsv
inversion_recurrence	184 | max_span_bp		122240	results/synteny/inversion_recurrence.tsv
inversion_recurrence	184 | any_at_least_large_span		False	results/synteny/inversion_recurrence.tsv
inversion_recurrence	184 | pairs		Cx_quinquefasciatus_vs_Cx_pipiens	results/synteny/inversion_recurrence.tsv
inversion_recurrence	184 | members		Cx_quinquefasciatus_vs_Cx_pipiens:NC_051862.1:114948029-115070270	results/synteny/inversion_recurrence.tsv
inversion_recurrence	185 | n_inversions		1	results/synteny/inversion_recurrence.tsv
inversion_recurrence	185 | n_pairs		1	results/synteny/inversion_recurrence.tsv
inversion_recurrence	185 | chromosomes		chr2	results/synteny/inversion_recurrence.tsv
inversion_recurrence	185 | max_span_bp		341332	results/synteny/inversion_recurrence.tsv
inversion_recurrence	185 | any_at_least_large_span		False	results/synteny/inversion_recurrence.tsv
inversion_recurrence	185 | pairs		Cx_quinquefasciatus_vs_Cx_pipiens	results/synteny/inversion_recurrence.tsv
inversion_recurrence	185 | members		Cx_quinquefasciatus_vs_Cx_pipiens:NC_051862.1:123037927-123379259	results/synteny/inversion_recurrence.tsv
inversion_recurrence	186 | n_inversions		1	results/synteny/inversion_recurrence.tsv
inversion_recurrence	186 | n_pairs		1	results/synteny/inversion_recurrence.tsv
inversion_recurrence	186 | chromosomes		chr2	results/synteny/inversion_recurrence.tsv
inversion_recurrence	186 | max_span_bp		136110	results/synteny/inversion_recurrence.tsv
inversion_recurrence	186 | any_at_least_large_span		False	results/synteny/inversion_recurrence.tsv
inversion_recurrence	186 | pairs		Cx_quinquefasciatus_vs_Cx_pipiens	results/synteny/inversion_recurrence.tsv
inversion_recurrence	186 | members		Cx_quinquefasciatus_vs_Cx_pipiens:NC_051862.1:128160984-128297094	results/synteny/inversion_recurrence.tsv
inversion_recurrence	187 | n_inversions		1	results/synteny/inversion_recurrence.tsv
inversion_recurrence	187 | n_pairs		1	results/synteny/inversion_recurrence.tsv
inversion_recurrence	187 | chromosomes		chr2	results/synteny/inversion_recurrence.tsv
inversion_recurrence	187 | max_span_bp		276911	results/synteny/inversion_recurrence.tsv
inversion_recurrence	187 | any_at_least_large_span		False	results/synteny/inversion_recurrence.tsv
inversion_recurrence	187 | pairs		Cx_quinquefasciatus_vs_Cx_pipiens	results/synteny/inversion_recurrence.tsv
inversion_recurrence	187 | members		Cx_quinquefasciatus_vs_Cx_pipiens:NC_051862.1:136061829-136338740	results/synteny/inversion_recurrence.tsv
inversion_recurrence	188 | n_inversions		1	results/synteny/inversion_recurrence.tsv
inversion_recurrence	188 | n_pairs		1	results/synteny/inversion_recurrence.tsv
inversion_recurrence	188 | chromosomes		chr2	results/synteny/inversion_recurrence.tsv
inversion_recurrence	188 | max_span_bp		102079	results/synteny/inversion_recurrence.tsv
inversion_recurrence	188 | any_at_least_large_span		False	results/synteny/inversion_recurrence.tsv
inversion_recurrence	188 | pairs		Cx_quinquefasciatus_vs_Cx_pipiens	results/synteny/inversion_recurrence.tsv
inversion_recurrence	188 | members		Cx_quinquefasciatus_vs_Cx_pipiens:NC_051862.1:138566970-138669049	results/synteny/inversion_recurrence.tsv
inversion_recurrence	189 | n_inversions		1	results/synteny/inversion_recurrence.tsv
inversion_recurrence	189 | n_pairs		1	results/synteny/inversion_recurrence.tsv
inversion_recurrence	189 | chromosomes		chr2	results/synteny/inversion_recurrence.tsv
inversion_recurrence	189 | max_span_bp		104442	results/synteny/inversion_recurrence.tsv
inversion_recurrence	189 | any_at_least_large_span		False	results/synteny/inversion_recurrence.tsv
inversion_recurrence	189 | pairs		Cx_quinquefasciatus_vs_Cx_pipiens	results/synteny/inversion_recurrence.tsv
inversion_recurrence	189 | members		Cx_quinquefasciatus_vs_Cx_pipiens:NC_051862.1:147442122-147546564	results/synteny/inversion_recurrence.tsv
inversion_recurrence	190 | n_inversions		1	results/synteny/inversion_recurrence.tsv
inversion_recurrence	190 | n_pairs		1	results/synteny/inversion_recurrence.tsv
inversion_recurrence	190 | chromosomes		chr3	results/synteny/inversion_recurrence.tsv
inversion_recurrence	190 | max_span_bp		209526	results/synteny/inversion_recurrence.tsv
inversion_recurrence	190 | any_at_least_large_span		False	results/synteny/inversion_recurrence.tsv
inversion_recurrence	190 | pairs		Cx_quinquefasciatus_vs_Cx_pipiens	results/synteny/inversion_recurrence.tsv
inversion_recurrence	190 | members		Cx_quinquefasciatus_vs_Cx_pipiens:NC_051863.1:29965238-30174765	results/synteny/inversion_recurrence.tsv
inversion_recurrence	191 | n_inversions		1	results/synteny/inversion_recurrence.tsv
inversion_recurrence	191 | n_pairs		1	results/synteny/inversion_recurrence.tsv
inversion_recurrence	191 | chromosomes		chr3	results/synteny/inversion_recurrence.tsv
inversion_recurrence	191 | max_span_bp		138683	results/synteny/inversion_recurrence.tsv
inversion_recurrence	191 | any_at_least_large_span		False	results/synteny/inversion_recurrence.tsv
inversion_recurrence	191 | pairs		Cx_quinquefasciatus_vs_Cx_pipiens	results/synteny/inversion_recurrence.tsv
inversion_recurrence	191 | members		Cx_quinquefasciatus_vs_Cx_pipiens:NC_051863.1:57221921-57360605	results/synteny/inversion_recurrence.tsv
inversion_recurrence	192 | n_inversions		1	results/synteny/inversion_recurrence.tsv
inversion_recurrence	192 | n_pairs		1	results/synteny/inversion_recurrence.tsv
inversion_recurrence	192 | chromosomes		chr3	results/synteny/inversion_recurrence.tsv
inversion_recurrence	192 | max_span_bp		607405	results/synteny/inversion_recurrence.tsv
inversion_recurrence	192 | any_at_least_large_span		False	results/synteny/inversion_recurrence.tsv
inversion_recurrence	192 | pairs		Cx_quinquefasciatus_vs_Cx_pipiens	results/synteny/inversion_recurrence.tsv
inversion_recurrence	192 | members		Cx_quinquefasciatus_vs_Cx_pipiens:NC_051863.1:89845865-90453270	results/synteny/inversion_recurrence.tsv
inversion_recurrence	193 | n_inversions		1	results/synteny/inversion_recurrence.tsv
inversion_recurrence	193 | n_pairs		1	results/synteny/inversion_recurrence.tsv
inversion_recurrence	193 | chromosomes		chr3	results/synteny/inversion_recurrence.tsv
inversion_recurrence	193 | max_span_bp		120480	results/synteny/inversion_recurrence.tsv
inversion_recurrence	193 | any_at_least_large_span		False	results/synteny/inversion_recurrence.tsv
inversion_recurrence	193 | pairs		Cx_quinquefasciatus_vs_Cx_pipiens	results/synteny/inversion_recurrence.tsv
inversion_recurrence	193 | members		Cx_quinquefasciatus_vs_Cx_pipiens:NC_051863.1:90685877-90806357	results/synteny/inversion_recurrence.tsv
inversion_recurrence	194 | n_inversions		1	results/synteny/inversion_recurrence.tsv
inversion_recurrence	194 | n_pairs		1	results/synteny/inversion_recurrence.tsv
inversion_recurrence	194 | chromosomes		chr3	results/synteny/inversion_recurrence.tsv
inversion_recurrence	194 | max_span_bp		696025	results/synteny/inversion_recurrence.tsv
inversion_recurrence	194 | any_at_least_large_span		False	results/synteny/inversion_recurrence.tsv
inversion_recurrence	194 | pairs		Cx_quinquefasciatus_vs_Cx_pipiens	results/synteny/inversion_recurrence.tsv
inversion_recurrence	194 | members		Cx_quinquefasciatus_vs_Cx_pipiens:NC_051863.1:110921308-111617333	results/synteny/inversion_recurrence.tsv
inversion_recurrence	195 | n_inversions		1	results/synteny/inversion_recurrence.tsv
inversion_recurrence	195 | n_pairs		1	results/synteny/inversion_recurrence.tsv
inversion_recurrence	195 | chromosomes		chr3	results/synteny/inversion_recurrence.tsv
inversion_recurrence	195 | max_span_bp		190404	results/synteny/inversion_recurrence.tsv
inversion_recurrence	195 | any_at_least_large_span		False	results/synteny/inversion_recurrence.tsv
inversion_recurrence	195 | pairs		Cx_quinquefasciatus_vs_Cx_pipiens	results/synteny/inversion_recurrence.tsv
inversion_recurrence	195 | members		Cx_quinquefasciatus_vs_Cx_pipiens:NC_051863.1:122937957-123128362	results/synteny/inversion_recurrence.tsv
inversion_recurrence	196 | n_inversions		1	results/synteny/inversion_recurrence.tsv
inversion_recurrence	196 | n_pairs		1	results/synteny/inversion_recurrence.tsv
inversion_recurrence	196 | chromosomes		chr3	results/synteny/inversion_recurrence.tsv
inversion_recurrence	196 | max_span_bp		205104	results/synteny/inversion_recurrence.tsv
inversion_recurrence	196 | any_at_least_large_span		False	results/synteny/inversion_recurrence.tsv
inversion_recurrence	196 | pairs		Cx_quinquefasciatus_vs_Cx_pipiens	results/synteny/inversion_recurrence.tsv
inversion_recurrence	196 | members		Cx_quinquefasciatus_vs_Cx_pipiens:NC_051863.1:128356092-128561196	results/synteny/inversion_recurrence.tsv
inversion_recurrence	197 | n_inversions		1	results/synteny/inversion_recurrence.tsv
inversion_recurrence	197 | n_pairs		1	results/synteny/inversion_recurrence.tsv
inversion_recurrence	197 | chromosomes		chr3	results/synteny/inversion_recurrence.tsv
inversion_recurrence	197 | max_span_bp		122023	results/synteny/inversion_recurrence.tsv
inversion_recurrence	197 | any_at_least_large_span		False	results/synteny/inversion_recurrence.tsv
inversion_recurrence	197 | pairs		Cx_quinquefasciatus_vs_Cx_pipiens	results/synteny/inversion_recurrence.tsv
inversion_recurrence	197 | members		Cx_quinquefasciatus_vs_Cx_pipiens:NC_051863.1:133902842-134024865	results/synteny/inversion_recurrence.tsv
inversion_recurrence	198 | n_inversions		1	results/synteny/inversion_recurrence.tsv
inversion_recurrence	198 | n_pairs		1	results/synteny/inversion_recurrence.tsv
inversion_recurrence	198 | chromosomes		chr3	results/synteny/inversion_recurrence.tsv
inversion_recurrence	198 | max_span_bp		134466	results/synteny/inversion_recurrence.tsv
inversion_recurrence	198 | any_at_least_large_span		False	results/synteny/inversion_recurrence.tsv
inversion_recurrence	198 | pairs		Cx_quinquefasciatus_vs_Cx_pipiens	results/synteny/inversion_recurrence.tsv
inversion_recurrence	198 | members		Cx_quinquefasciatus_vs_Cx_pipiens:NC_051863.1:136914755-137049221	results/synteny/inversion_recurrence.tsv
inversion_recurrence	199 | n_inversions		1	results/synteny/inversion_recurrence.tsv
inversion_recurrence	199 | n_pairs		1	results/synteny/inversion_recurrence.tsv
inversion_recurrence	199 | chromosomes		chr3	results/synteny/inversion_recurrence.tsv
inversion_recurrence	199 | max_span_bp		193186	results/synteny/inversion_recurrence.tsv
inversion_recurrence	199 | any_at_least_large_span		False	results/synteny/inversion_recurrence.tsv
inversion_recurrence	199 | pairs		Cx_quinquefasciatus_vs_Cx_pipiens	results/synteny/inversion_recurrence.tsv
inversion_recurrence	199 | members		Cx_quinquefasciatus_vs_Cx_pipiens:NC_051863.1:142246931-142440117	results/synteny/inversion_recurrence.tsv
inversion_recurrence	200 | n_inversions		1	results/synteny/inversion_recurrence.tsv
inversion_recurrence	200 | n_pairs		1	results/synteny/inversion_recurrence.tsv
inversion_recurrence	200 | chromosomes		chr3	results/synteny/inversion_recurrence.tsv
inversion_recurrence	200 | max_span_bp		268052	results/synteny/inversion_recurrence.tsv
inversion_recurrence	200 | any_at_least_large_span		False	results/synteny/inversion_recurrence.tsv
inversion_recurrence	200 | pairs		Cx_quinquefasciatus_vs_Cx_pipiens	results/synteny/inversion_recurrence.tsv
inversion_recurrence	200 | members		Cx_quinquefasciatus_vs_Cx_pipiens:NC_051863.1:145026605-145294657	results/synteny/inversion_recurrence.tsv
inversion_recurrence	201 | n_inversions		1	results/synteny/inversion_recurrence.tsv
inversion_recurrence	201 | n_pairs		1	results/synteny/inversion_recurrence.tsv
inversion_recurrence	201 | chromosomes		chr3	results/synteny/inversion_recurrence.tsv
inversion_recurrence	201 | max_span_bp		112446	results/synteny/inversion_recurrence.tsv
inversion_recurrence	201 | any_at_least_large_span		False	results/synteny/inversion_recurrence.tsv
inversion_recurrence	201 | pairs		Cx_quinquefasciatus_vs_Cx_pipiens	results/synteny/inversion_recurrence.tsv
inversion_recurrence	201 | members		Cx_quinquefasciatus_vs_Cx_pipiens:NC_051863.1:187696698-187809144	results/synteny/inversion_recurrence.tsv
inversion_recurrence	202 | n_inversions		1	results/synteny/inversion_recurrence.tsv
inversion_recurrence	202 | n_pairs		1	results/synteny/inversion_recurrence.tsv
inversion_recurrence	202 | chromosomes		chr1	results/synteny/inversion_recurrence.tsv
inversion_recurrence	202 | max_span_bp		295432	results/synteny/inversion_recurrence.tsv
inversion_recurrence	202 | any_at_least_large_span		False	results/synteny/inversion_recurrence.tsv
inversion_recurrence	202 | pairs		Cx_quinquefasciatus_vs_Cx_pipiens	results/synteny/inversion_recurrence.tsv
inversion_recurrence	202 | members		Cx_quinquefasciatus_vs_Cx_pipiens:NC_051861.1:6694872-6990304	results/synteny/inversion_recurrence.tsv
inversion_recurrence	203 | n_inversions		1	results/synteny/inversion_recurrence.tsv
inversion_recurrence	203 | n_pairs		1	results/synteny/inversion_recurrence.tsv
inversion_recurrence	203 | chromosomes		chr1	results/synteny/inversion_recurrence.tsv
inversion_recurrence	203 | max_span_bp		438941	results/synteny/inversion_recurrence.tsv
inversion_recurrence	203 | any_at_least_large_span		False	results/synteny/inversion_recurrence.tsv
inversion_recurrence	203 | pairs		Cx_quinquefasciatus_vs_Cx_pipiens	results/synteny/inversion_recurrence.tsv
inversion_recurrence	203 | members		Cx_quinquefasciatus_vs_Cx_pipiens:NC_051861.1:38310670-38749611	results/synteny/inversion_recurrence.tsv
inversion_recurrence	204 | n_inversions		1	results/synteny/inversion_recurrence.tsv
inversion_recurrence	204 | n_pairs		1	results/synteny/inversion_recurrence.tsv
inversion_recurrence	204 | chromosomes		chr1	results/synteny/inversion_recurrence.tsv
inversion_recurrence	204 | max_span_bp		522302	results/synteny/inversion_recurrence.tsv
inversion_recurrence	204 | any_at_least_large_span		False	results/synteny/inversion_recurrence.tsv
inversion_recurrence	204 | pairs		Cx_quinquefasciatus_vs_Cx_pipiens	results/synteny/inversion_recurrence.tsv
inversion_recurrence	204 | members		Cx_quinquefasciatus_vs_Cx_pipiens:NC_051861.1:38791749-39314052	results/synteny/inversion_recurrence.tsv
inversion_recurrence	205 | n_inversions		3	results/synteny/inversion_recurrence.tsv
inversion_recurrence	205 | n_pairs		3	results/synteny/inversion_recurrence.tsv
inversion_recurrence	205 | chromosomes		chr1	results/synteny/inversion_recurrence.tsv
inversion_recurrence	205 | max_span_bp		517340	results/synteny/inversion_recurrence.tsv
inversion_recurrence	205 | genome_in_every_pair		none	results/synteny/inversion_recurrence.tsv
inversion_recurrence	205 | any_at_least_large_span		False	results/synteny/inversion_recurrence.tsv
inversion_recurrence	205 | pairs		Cx_molestus_vs_Cx_pipiens;Cx_pallens_vs_Cx_molestus;Cx_quinquefasciatus_vs_Cx_pipiens	results/synteny/inversion_recurrence.tsv
inversion_recurrence	205 | members		Cx_quinquefasciatus_vs_Cx_pipiens:NC_051861.1:39448811-39966151;Cx_pallens_vs_Cx_molestus:NC_068937.1:101586689-101817736;Cx_molestus_vs_Cx_pipiens:CM044968.1:29698017-29911806	results/synteny/inversion_recurrence.tsv
inversion_recurrence	206 | n_inversions		1	results/synteny/inversion_recurrence.tsv
inversion_recurrence	206 | n_pairs		1	results/synteny/inversion_recurrence.tsv
inversion_recurrence	206 | chromosomes		chr1	results/synteny/inversion_recurrence.tsv
inversion_recurrence	206 | max_span_bp		137373	results/synteny/inversion_recurrence.tsv
inversion_recurrence	206 | any_at_least_large_span		False	results/synteny/inversion_recurrence.tsv
inversion_recurrence	206 | pairs		Cx_quinquefasciatus_vs_Cx_pipiens	results/synteny/inversion_recurrence.tsv
inversion_recurrence	206 | members		Cx_quinquefasciatus_vs_Cx_pipiens:NC_051861.1:63238851-63376224	results/synteny/inversion_recurrence.tsv
inversion_recurrence	207 | n_inversions		1	results/synteny/inversion_recurrence.tsv
inversion_recurrence	207 | n_pairs		1	results/synteny/inversion_recurrence.tsv
inversion_recurrence	207 | chromosomes		chr1	results/synteny/inversion_recurrence.tsv
inversion_recurrence	207 | max_span_bp		409497	results/synteny/inversion_recurrence.tsv
inversion_recurrence	207 | any_at_least_large_span		False	results/synteny/inversion_recurrence.tsv
inversion_recurrence	207 | pairs		Cx_quinquefasciatus_vs_Cx_pipiens	results/synteny/inversion_recurrence.tsv
inversion_recurrence	207 | members		Cx_quinquefasciatus_vs_Cx_pipiens:NC_051861.1:63869414-64278911	results/synteny/inversion_recurrence.tsv
inversion_recurrence	208 | n_inversions		1	results/synteny/inversion_recurrence.tsv
inversion_recurrence	208 | n_pairs		1	results/synteny/inversion_recurrence.tsv
inversion_recurrence	208 | chromosomes		chr1	results/synteny/inversion_recurrence.tsv
inversion_recurrence	208 | max_span_bp		253505	results/synteny/inversion_recurrence.tsv
inversion_recurrence	208 | any_at_least_large_span		False	results/synteny/inversion_recurrence.tsv
inversion_recurrence	208 | pairs		Cx_quinquefasciatus_vs_Cx_pipiens	results/synteny/inversion_recurrence.tsv
inversion_recurrence	208 | members		Cx_quinquefasciatus_vs_Cx_pipiens:NC_051861.1:64416089-64669594	results/synteny/inversion_recurrence.tsv
inversion_recurrence	209 | n_inversions		1	results/synteny/inversion_recurrence.tsv
inversion_recurrence	209 | n_pairs		1	results/synteny/inversion_recurrence.tsv
inversion_recurrence	209 | chromosomes		chr1	results/synteny/inversion_recurrence.tsv
inversion_recurrence	209 | max_span_bp		143909	results/synteny/inversion_recurrence.tsv
inversion_recurrence	209 | any_at_least_large_span		False	results/synteny/inversion_recurrence.tsv
inversion_recurrence	209 | pairs		Cx_quinquefasciatus_vs_Cx_pipiens	results/synteny/inversion_recurrence.tsv
inversion_recurrence	209 | members		Cx_quinquefasciatus_vs_Cx_pipiens:NC_051861.1:64921049-65064958	results/synteny/inversion_recurrence.tsv
inversion_recurrence	210 | n_inversions		1	results/synteny/inversion_recurrence.tsv
inversion_recurrence	210 | n_pairs		1	results/synteny/inversion_recurrence.tsv
inversion_recurrence	210 | chromosomes		chr1	results/synteny/inversion_recurrence.tsv
inversion_recurrence	210 | max_span_bp		127605	results/synteny/inversion_recurrence.tsv
inversion_recurrence	210 | any_at_least_large_span		False	results/synteny/inversion_recurrence.tsv
inversion_recurrence	210 | pairs		Cx_quinquefasciatus_vs_Cx_pipiens	results/synteny/inversion_recurrence.tsv
inversion_recurrence	210 | members		Cx_quinquefasciatus_vs_Cx_pipiens:NC_051861.1:67068374-67195979	results/synteny/inversion_recurrence.tsv
inversion_recurrence	211 | n_inversions		1	results/synteny/inversion_recurrence.tsv
inversion_recurrence	211 | n_pairs		1	results/synteny/inversion_recurrence.tsv
inversion_recurrence	211 | chromosomes		chr1	results/synteny/inversion_recurrence.tsv
inversion_recurrence	211 | max_span_bp		176676	results/synteny/inversion_recurrence.tsv
inversion_recurrence	211 | any_at_least_large_span		False	results/synteny/inversion_recurrence.tsv
inversion_recurrence	211 | pairs		Cx_quinquefasciatus_vs_Cx_pipiens	results/synteny/inversion_recurrence.tsv
inversion_recurrence	211 | members		Cx_quinquefasciatus_vs_Cx_pipiens:NC_051861.1:68110721-68287397	results/synteny/inversion_recurrence.tsv
inversion_recurrence	212 | n_inversions		1	results/synteny/inversion_recurrence.tsv
inversion_recurrence	212 | n_pairs		1	results/synteny/inversion_recurrence.tsv
inversion_recurrence	212 | chromosomes		chr1	results/synteny/inversion_recurrence.tsv
inversion_recurrence	212 | max_span_bp		624648	results/synteny/inversion_recurrence.tsv
inversion_recurrence	212 | any_at_least_large_span		False	results/synteny/inversion_recurrence.tsv
inversion_recurrence	212 | pairs		Cx_quinquefasciatus_vs_Cx_pipiens	results/synteny/inversion_recurrence.tsv
inversion_recurrence	212 | members		Cx_quinquefasciatus_vs_Cx_pipiens:NC_051861.1:88394833-89019481	results/synteny/inversion_recurrence.tsv
inversion_recurrence	213 | n_inversions		2	results/synteny/inversion_recurrence.tsv
inversion_recurrence	213 | n_pairs		2	results/synteny/inversion_recurrence.tsv
inversion_recurrence	213 | chromosomes		chr1	results/synteny/inversion_recurrence.tsv
inversion_recurrence	213 | max_span_bp		235426	results/synteny/inversion_recurrence.tsv
inversion_recurrence	213 | genome_in_every_pair		Cx_pipiens	results/synteny/inversion_recurrence.tsv
inversion_recurrence	213 | any_at_least_large_span		False	results/synteny/inversion_recurrence.tsv
inversion_recurrence	213 | pairs		Cx_pallens_vs_Cx_pipiens;Cx_quinquefasciatus_vs_Cx_pipiens	results/synteny/inversion_recurrence.tsv
inversion_recurrence	213 | members		Cx_quinquefasciatus_vs_Cx_pipiens:NC_051861.1:107518558-107753984;Cx_pallens_vs_Cx_pipiens:NC_068937.1:25793949-26015664	results/synteny/inversion_recurrence.tsv
inversion_recurrence	214 | n_inversions		1	results/synteny/inversion_recurrence.tsv
inversion_recurrence	214 | n_pairs		1	results/synteny/inversion_recurrence.tsv
inversion_recurrence	214 | chromosomes		chr2	results/synteny/inversion_recurrence.tsv
inversion_recurrence	214 | max_span_bp		154568	results/synteny/inversion_recurrence.tsv
inversion_recurrence	214 | any_at_least_large_span		False	results/synteny/inversion_recurrence.tsv
inversion_recurrence	214 | pairs		Cx_pallens_vs_Cx_molestus	results/synteny/inversion_recurrence.tsv
inversion_recurrence	214 | members		Cx_pallens_vs_Cx_molestus:NC_068938.1:24647531-24802099	results/synteny/inversion_recurrence.tsv
inversion_recurrence	215 | n_inversions		1	results/synteny/inversion_recurrence.tsv
inversion_recurrence	215 | n_pairs		1	results/synteny/inversion_recurrence.tsv
inversion_recurrence	215 | chromosomes		chr2	results/synteny/inversion_recurrence.tsv
inversion_recurrence	215 | max_span_bp		120200	results/synteny/inversion_recurrence.tsv
inversion_recurrence	215 | any_at_least_large_span		False	results/synteny/inversion_recurrence.tsv
inversion_recurrence	215 | pairs		Cx_pallens_vs_Cx_molestus	results/synteny/inversion_recurrence.tsv
inversion_recurrence	215 | members		Cx_pallens_vs_Cx_molestus:NC_068938.1:25952346-26072546	results/synteny/inversion_recurrence.tsv
inversion_recurrence	216 | n_inversions		1	results/synteny/inversion_recurrence.tsv
inversion_recurrence	216 | n_pairs		1	results/synteny/inversion_recurrence.tsv
inversion_recurrence	216 | chromosomes		chr2	results/synteny/inversion_recurrence.tsv
inversion_recurrence	216 | max_span_bp		284454	results/synteny/inversion_recurrence.tsv
inversion_recurrence	216 | any_at_least_large_span		False	results/synteny/inversion_recurrence.tsv
inversion_recurrence	216 | pairs		Cx_pallens_vs_Cx_molestus	results/synteny/inversion_recurrence.tsv
inversion_recurrence	216 | members		Cx_pallens_vs_Cx_molestus:NC_068938.1:65348501-65632955	results/synteny/inversion_recurrence.tsv
inversion_recurrence	217 | n_inversions		1	results/synteny/inversion_recurrence.tsv
inversion_recurrence	217 | n_pairs		1	results/synteny/inversion_recurrence.tsv
inversion_recurrence	217 | chromosomes		chr2	results/synteny/inversion_recurrence.tsv
inversion_recurrence	217 | max_span_bp		149806	results/synteny/inversion_recurrence.tsv
inversion_recurrence	217 | any_at_least_large_span		False	results/synteny/inversion_recurrence.tsv
inversion_recurrence	217 | pairs		Cx_pallens_vs_Cx_molestus	results/synteny/inversion_recurrence.tsv
inversion_recurrence	217 | members		Cx_pallens_vs_Cx_molestus:NC_068938.1:66015140-66164947	results/synteny/inversion_recurrence.tsv
inversion_recurrence	218 | n_inversions		1	results/synteny/inversion_recurrence.tsv
inversion_recurrence	218 | n_pairs		1	results/synteny/inversion_recurrence.tsv
inversion_recurrence	218 | chromosomes		chr2	results/synteny/inversion_recurrence.tsv
inversion_recurrence	218 | max_span_bp		112551	results/synteny/inversion_recurrence.tsv
inversion_recurrence	218 | any_at_least_large_span		False	results/synteny/inversion_recurrence.tsv
inversion_recurrence	218 | pairs		Cx_pallens_vs_Cx_molestus	results/synteny/inversion_recurrence.tsv
inversion_recurrence	218 | members		Cx_pallens_vs_Cx_molestus:NC_068938.1:68653147-68765698	results/synteny/inversion_recurrence.tsv
inversion_recurrence	219 | n_inversions		1	results/synteny/inversion_recurrence.tsv
inversion_recurrence	219 | n_pairs		1	results/synteny/inversion_recurrence.tsv
inversion_recurrence	219 | chromosomes		chr2	results/synteny/inversion_recurrence.tsv
inversion_recurrence	219 | max_span_bp		119297	results/synteny/inversion_recurrence.tsv
inversion_recurrence	219 | any_at_least_large_span		False	results/synteny/inversion_recurrence.tsv
inversion_recurrence	219 | pairs		Cx_pallens_vs_Cx_molestus	results/synteny/inversion_recurrence.tsv
inversion_recurrence	219 | members		Cx_pallens_vs_Cx_molestus:NC_068938.1:79915485-80034782	results/synteny/inversion_recurrence.tsv
inversion_recurrence	220 | n_inversions		1	results/synteny/inversion_recurrence.tsv
inversion_recurrence	220 | n_pairs		1	results/synteny/inversion_recurrence.tsv
inversion_recurrence	220 | chromosomes		chr2	results/synteny/inversion_recurrence.tsv
inversion_recurrence	220 | max_span_bp		141669	results/synteny/inversion_recurrence.tsv
inversion_recurrence	220 | any_at_least_large_span		False	results/synteny/inversion_recurrence.tsv
inversion_recurrence	220 | pairs		Cx_pallens_vs_Cx_molestus	results/synteny/inversion_recurrence.tsv
inversion_recurrence	220 | members		Cx_pallens_vs_Cx_molestus:NC_068938.1:86436918-86578587	results/synteny/inversion_recurrence.tsv
inversion_recurrence	221 | n_inversions		1	results/synteny/inversion_recurrence.tsv
inversion_recurrence	221 | n_pairs		1	results/synteny/inversion_recurrence.tsv
inversion_recurrence	221 | chromosomes		chr2	results/synteny/inversion_recurrence.tsv
inversion_recurrence	221 | max_span_bp		126082	results/synteny/inversion_recurrence.tsv
inversion_recurrence	221 | any_at_least_large_span		False	results/synteny/inversion_recurrence.tsv
inversion_recurrence	221 | pairs		Cx_pallens_vs_Cx_molestus	results/synteny/inversion_recurrence.tsv
inversion_recurrence	221 | members		Cx_pallens_vs_Cx_molestus:NC_068938.1:95376270-95502353	results/synteny/inversion_recurrence.tsv
inversion_recurrence	222 | n_inversions		1	results/synteny/inversion_recurrence.tsv
inversion_recurrence	222 | n_pairs		1	results/synteny/inversion_recurrence.tsv
inversion_recurrence	222 | chromosomes		chr2	results/synteny/inversion_recurrence.tsv
inversion_recurrence	222 | max_span_bp		191091	results/synteny/inversion_recurrence.tsv
inversion_recurrence	222 | any_at_least_large_span		False	results/synteny/inversion_recurrence.tsv
inversion_recurrence	222 | pairs		Cx_pallens_vs_Cx_molestus	results/synteny/inversion_recurrence.tsv
inversion_recurrence	222 | members		Cx_pallens_vs_Cx_molestus:NC_068938.1:107321701-107512792	results/synteny/inversion_recurrence.tsv
inversion_recurrence	223 | n_inversions		1	results/synteny/inversion_recurrence.tsv
inversion_recurrence	223 | n_pairs		1	results/synteny/inversion_recurrence.tsv
inversion_recurrence	223 | chromosomes		chr2	results/synteny/inversion_recurrence.tsv
inversion_recurrence	223 | max_span_bp		287578	results/synteny/inversion_recurrence.tsv
inversion_recurrence	223 | any_at_least_large_span		False	results/synteny/inversion_recurrence.tsv
inversion_recurrence	223 | pairs		Cx_pallens_vs_Cx_molestus	results/synteny/inversion_recurrence.tsv
inversion_recurrence	223 | members		Cx_pallens_vs_Cx_molestus:NC_068938.1:111138502-111426080	results/synteny/inversion_recurrence.tsv
inversion_recurrence	224 | n_inversions		1	results/synteny/inversion_recurrence.tsv
inversion_recurrence	224 | n_pairs		1	results/synteny/inversion_recurrence.tsv
inversion_recurrence	224 | chromosomes		chr2	results/synteny/inversion_recurrence.tsv
inversion_recurrence	224 | max_span_bp		484863	results/synteny/inversion_recurrence.tsv
inversion_recurrence	224 | any_at_least_large_span		False	results/synteny/inversion_recurrence.tsv
inversion_recurrence	224 | pairs		Cx_pallens_vs_Cx_molestus	results/synteny/inversion_recurrence.tsv
inversion_recurrence	224 | members		Cx_pallens_vs_Cx_molestus:NC_068938.1:112420321-112905184	results/synteny/inversion_recurrence.tsv
inversion_recurrence	225 | n_inversions		1	results/synteny/inversion_recurrence.tsv
inversion_recurrence	225 | n_pairs		1	results/synteny/inversion_recurrence.tsv
inversion_recurrence	225 | chromosomes		chr2	results/synteny/inversion_recurrence.tsv
inversion_recurrence	225 | max_span_bp		423267	results/synteny/inversion_recurrence.tsv
inversion_recurrence	225 | any_at_least_large_span		False	results/synteny/inversion_recurrence.tsv
inversion_recurrence	225 | pairs		Cx_pallens_vs_Cx_molestus	results/synteny/inversion_recurrence.tsv
inversion_recurrence	225 | members		Cx_pallens_vs_Cx_molestus:NC_068938.1:120049884-120473151	results/synteny/inversion_recurrence.tsv
inversion_recurrence	226 | n_inversions		2	results/synteny/inversion_recurrence.tsv
inversion_recurrence	226 | n_pairs		2	results/synteny/inversion_recurrence.tsv
inversion_recurrence	226 | chromosomes		chr2	results/synteny/inversion_recurrence.tsv
inversion_recurrence	226 | max_span_bp		206851	results/synteny/inversion_recurrence.tsv
inversion_recurrence	226 | genome_in_every_pair		Cx_pallens	results/synteny/inversion_recurrence.tsv
inversion_recurrence	226 | any_at_least_large_span		False	results/synteny/inversion_recurrence.tsv
inversion_recurrence	226 | pairs		Cx_pallens_vs_Cx_molestus;Cx_pallens_vs_Cx_pipiens	results/synteny/inversion_recurrence.tsv
inversion_recurrence	226 | members		Cx_pallens_vs_Cx_molestus:NC_068938.1:121714446-121921298;Cx_pallens_vs_Cx_pipiens:NC_068938.1:121717033-121921298	results/synteny/inversion_recurrence.tsv
inversion_recurrence	227 | n_inversions		1	results/synteny/inversion_recurrence.tsv
inversion_recurrence	227 | n_pairs		1	results/synteny/inversion_recurrence.tsv
inversion_recurrence	227 | chromosomes		chr2	results/synteny/inversion_recurrence.tsv
inversion_recurrence	227 | max_span_bp		345855	results/synteny/inversion_recurrence.tsv
inversion_recurrence	227 | any_at_least_large_span		False	results/synteny/inversion_recurrence.tsv
inversion_recurrence	227 | pairs		Cx_pallens_vs_Cx_molestus	results/synteny/inversion_recurrence.tsv
inversion_recurrence	227 | members		Cx_pallens_vs_Cx_molestus:NC_068938.1:125967492-126313347	results/synteny/inversion_recurrence.tsv
inversion_recurrence	228 | n_inversions		2	results/synteny/inversion_recurrence.tsv
inversion_recurrence	228 | n_pairs		2	results/synteny/inversion_recurrence.tsv
inversion_recurrence	228 | chromosomes		chr2	results/synteny/inversion_recurrence.tsv
inversion_recurrence	228 | max_span_bp		257644	results/synteny/inversion_recurrence.tsv
inversion_recurrence	228 | genome_in_every_pair		Cx_molestus	results/synteny/inversion_recurrence.tsv
inversion_recurrence	228 | any_at_least_large_span		False	results/synteny/inversion_recurrence.tsv
inversion_recurrence	228 | pairs		Cx_molestus_vs_Cx_pipiens;Cx_pallens_vs_Cx_molestus	results/synteny/inversion_recurrence.tsv
inversion_recurrence	228 | members		Cx_pallens_vs_Cx_molestus:NC_068938.1:148884607-149134278;Cx_molestus_vs_Cx_pipiens:CM044969.1:69825713-70083357	results/synteny/inversion_recurrence.tsv
inversion_recurrence	229 | n_inversions		2	results/synteny/inversion_recurrence.tsv
inversion_recurrence	229 | n_pairs		2	results/synteny/inversion_recurrence.tsv
inversion_recurrence	229 | chromosomes		chr2	results/synteny/inversion_recurrence.tsv
inversion_recurrence	229 | max_span_bp		620012	results/synteny/inversion_recurrence.tsv
inversion_recurrence	229 | genome_in_every_pair		Cx_pallens	results/synteny/inversion_recurrence.tsv
inversion_recurrence	229 | any_at_least_large_span		False	results/synteny/inversion_recurrence.tsv
inversion_recurrence	229 | pairs		Cx_pallens_vs_Cx_molestus;Cx_pallens_vs_Cx_pipiens	results/synteny/inversion_recurrence.tsv
inversion_recurrence	229 | members		Cx_pallens_vs_Cx_molestus:NC_068938.1:156688858-157308871;Cx_pallens_vs_Cx_pipiens:NC_068938.1:157063944-157308871	results/synteny/inversion_recurrence.tsv
inversion_recurrence	230 | n_inversions		1	results/synteny/inversion_recurrence.tsv
inversion_recurrence	230 | n_pairs		1	results/synteny/inversion_recurrence.tsv
inversion_recurrence	230 | chromosomes		chr2	results/synteny/inversion_recurrence.tsv
inversion_recurrence	230 | max_span_bp		272019	results/synteny/inversion_recurrence.tsv
inversion_recurrence	230 | any_at_least_large_span		False	results/synteny/inversion_recurrence.tsv
inversion_recurrence	230 | pairs		Cx_pallens_vs_Cx_molestus	results/synteny/inversion_recurrence.tsv
inversion_recurrence	230 | members		Cx_pallens_vs_Cx_molestus:NC_068938.1:157351176-157623195	results/synteny/inversion_recurrence.tsv
inversion_recurrence	231 | n_inversions		1	results/synteny/inversion_recurrence.tsv
inversion_recurrence	231 | n_pairs		1	results/synteny/inversion_recurrence.tsv
inversion_recurrence	231 | chromosomes		chr2	results/synteny/inversion_recurrence.tsv
inversion_recurrence	231 | max_span_bp		131676	results/synteny/inversion_recurrence.tsv
inversion_recurrence	231 | any_at_least_large_span		False	results/synteny/inversion_recurrence.tsv
inversion_recurrence	231 | pairs		Cx_pallens_vs_Cx_molestus	results/synteny/inversion_recurrence.tsv
inversion_recurrence	231 | members		Cx_pallens_vs_Cx_molestus:NC_068938.1:157646346-157778022	results/synteny/inversion_recurrence.tsv
inversion_recurrence	232 | n_inversions		1	results/synteny/inversion_recurrence.tsv
inversion_recurrence	232 | n_pairs		1	results/synteny/inversion_recurrence.tsv
inversion_recurrence	232 | chromosomes		chr2	results/synteny/inversion_recurrence.tsv
inversion_recurrence	232 | max_span_bp		490438	results/synteny/inversion_recurrence.tsv
inversion_recurrence	232 | any_at_least_large_span		False	results/synteny/inversion_recurrence.tsv
inversion_recurrence	232 | pairs		Cx_pallens_vs_Cx_molestus	results/synteny/inversion_recurrence.tsv
inversion_recurrence	232 | members		Cx_pallens_vs_Cx_molestus:NC_068938.1:162937674-163428112	results/synteny/inversion_recurrence.tsv
inversion_recurrence	233 | n_inversions		2	results/synteny/inversion_recurrence.tsv
inversion_recurrence	233 | n_pairs		2	results/synteny/inversion_recurrence.tsv
inversion_recurrence	233 | chromosomes		chr2	results/synteny/inversion_recurrence.tsv
inversion_recurrence	233 | max_span_bp		688254	results/synteny/inversion_recurrence.tsv
inversion_recurrence	233 | genome_in_every_pair		Cx_pallens	results/synteny/inversion_recurrence.tsv
inversion_recurrence	233 | any_at_least_large_span		False	results/synteny/inversion_recurrence.tsv
inversion_recurrence	233 | pairs		Cx_pallens_vs_Cx_molestus;Cx_pallens_vs_Cx_pipiens	results/synteny/inversion_recurrence.tsv
inversion_recurrence	233 | members		Cx_pallens_vs_Cx_molestus:NC_068938.1:163464246-163625929;Cx_pallens_vs_Cx_pipiens:NC_068938.1:162937674-163625929	results/synteny/inversion_recurrence.tsv
inversion_recurrence	234 | n_inversions		1	results/synteny/inversion_recurrence.tsv
inversion_recurrence	234 | n_pairs		1	results/synteny/inversion_recurrence.tsv
inversion_recurrence	234 | chromosomes		chr2	results/synteny/inversion_recurrence.tsv
inversion_recurrence	234 | max_span_bp		109593	results/synteny/inversion_recurrence.tsv
inversion_recurrence	234 | any_at_least_large_span		False	results/synteny/inversion_recurrence.tsv
inversion_recurrence	234 | pairs		Cx_pallens_vs_Cx_molestus	results/synteny/inversion_recurrence.tsv
inversion_recurrence	234 | members		Cx_pallens_vs_Cx_molestus:NC_068938.1:171919259-172028853	results/synteny/inversion_recurrence.tsv
inversion_recurrence	235 | n_inversions		1	results/synteny/inversion_recurrence.tsv
inversion_recurrence	235 | n_pairs		1	results/synteny/inversion_recurrence.tsv
inversion_recurrence	235 | chromosomes		chr2	results/synteny/inversion_recurrence.tsv
inversion_recurrence	235 | max_span_bp		175445	results/synteny/inversion_recurrence.tsv
inversion_recurrence	235 | any_at_least_large_span		False	results/synteny/inversion_recurrence.tsv
inversion_recurrence	235 | pairs		Cx_pallens_vs_Cx_molestus	results/synteny/inversion_recurrence.tsv
inversion_recurrence	235 | members		Cx_pallens_vs_Cx_molestus:NC_068938.1:175382245-175557690	results/synteny/inversion_recurrence.tsv
inversion_recurrence	236 | n_inversions		1	results/synteny/inversion_recurrence.tsv
inversion_recurrence	236 | n_pairs		1	results/synteny/inversion_recurrence.tsv
inversion_recurrence	236 | chromosomes		chr2	results/synteny/inversion_recurrence.tsv
inversion_recurrence	236 | max_span_bp		127825	results/synteny/inversion_recurrence.tsv
inversion_recurrence	236 | any_at_least_large_span		False	results/synteny/inversion_recurrence.tsv
inversion_recurrence	236 | pairs		Cx_pallens_vs_Cx_molestus	results/synteny/inversion_recurrence.tsv
inversion_recurrence	236 | members		Cx_pallens_vs_Cx_molestus:NC_068938.1:180953600-181081425	results/synteny/inversion_recurrence.tsv
inversion_recurrence	237 | n_inversions		1	results/synteny/inversion_recurrence.tsv
inversion_recurrence	237 | n_pairs		1	results/synteny/inversion_recurrence.tsv
inversion_recurrence	237 | chromosomes		chr2	results/synteny/inversion_recurrence.tsv
inversion_recurrence	237 | max_span_bp		125118	results/synteny/inversion_recurrence.tsv
inversion_recurrence	237 | any_at_least_large_span		False	results/synteny/inversion_recurrence.tsv
inversion_recurrence	237 | pairs		Cx_pallens_vs_Cx_molestus	results/synteny/inversion_recurrence.tsv
inversion_recurrence	237 | members		Cx_pallens_vs_Cx_molestus:NC_068938.1:186338593-186463711	results/synteny/inversion_recurrence.tsv
inversion_recurrence	238 | n_inversions		2	results/synteny/inversion_recurrence.tsv
inversion_recurrence	238 | n_pairs		2	results/synteny/inversion_recurrence.tsv
inversion_recurrence	238 | chromosomes		chr2	results/synteny/inversion_recurrence.tsv
inversion_recurrence	238 | max_span_bp		204407	results/synteny/inversion_recurrence.tsv
inversion_recurrence	238 | genome_in_every_pair		Cx_pallens	results/synteny/inversion_recurrence.tsv
inversion_recurrence	238 | any_at_least_large_span		False	results/synteny/inversion_recurrence.tsv
inversion_recurrence	238 | pairs		Cx_pallens_vs_Cx_molestus;Cx_pallens_vs_Cx_pipiens	results/synteny/inversion_recurrence.tsv
inversion_recurrence	238 | members		Cx_pallens_vs_Cx_molestus:NC_068938.1:206780897-206985305;Cx_pallens_vs_Cx_pipiens:NC_068938.1:206780897-206985305	results/synteny/inversion_recurrence.tsv
inversion_recurrence	239 | n_inversions		1	results/synteny/inversion_recurrence.tsv
inversion_recurrence	239 | n_pairs		1	results/synteny/inversion_recurrence.tsv
inversion_recurrence	239 | chromosomes		chr3	results/synteny/inversion_recurrence.tsv
inversion_recurrence	239 | max_span_bp		709924	results/synteny/inversion_recurrence.tsv
inversion_recurrence	239 | any_at_least_large_span		False	results/synteny/inversion_recurrence.tsv
inversion_recurrence	239 | pairs		Cx_pallens_vs_Cx_molestus	results/synteny/inversion_recurrence.tsv
inversion_recurrence	239 | members		Cx_pallens_vs_Cx_molestus:NC_068939.1:173012-882936	results/synteny/inversion_recurrence.tsv
inversion_recurrence	240 | n_inversions		1	results/synteny/inversion_recurrence.tsv
inversion_recurrence	240 | n_pairs		1	results/synteny/inversion_recurrence.tsv
inversion_recurrence	240 | chromosomes		chr3	results/synteny/inversion_recurrence.tsv
inversion_recurrence	240 | max_span_bp		114529	results/synteny/inversion_recurrence.tsv
inversion_recurrence	240 | any_at_least_large_span		False	results/synteny/inversion_recurrence.tsv
inversion_recurrence	240 | pairs		Cx_pallens_vs_Cx_molestus	results/synteny/inversion_recurrence.tsv
inversion_recurrence	240 | members		Cx_pallens_vs_Cx_molestus:NC_068939.1:26400370-26514899	results/synteny/inversion_recurrence.tsv
inversion_recurrence	241 | n_inversions		1	results/synteny/inversion_recurrence.tsv
inversion_recurrence	241 | n_pairs		1	results/synteny/inversion_recurrence.tsv
inversion_recurrence	241 | chromosomes		chr3	results/synteny/inversion_recurrence.tsv
inversion_recurrence	241 | max_span_bp		274002	results/synteny/inversion_recurrence.tsv
inversion_recurrence	241 | any_at_least_large_span		False	results/synteny/inversion_recurrence.tsv
inversion_recurrence	241 | pairs		Cx_pallens_vs_Cx_molestus	results/synteny/inversion_recurrence.tsv
inversion_recurrence	241 | members		Cx_pallens_vs_Cx_molestus:NC_068939.1:53074195-53348198	results/synteny/inversion_recurrence.tsv
inversion_recurrence	242 | n_inversions		1	results/synteny/inversion_recurrence.tsv
inversion_recurrence	242 | n_pairs		1	results/synteny/inversion_recurrence.tsv
inversion_recurrence	242 | chromosomes		chr3	results/synteny/inversion_recurrence.tsv
inversion_recurrence	242 | max_span_bp		176748	results/synteny/inversion_recurrence.tsv
inversion_recurrence	242 | any_at_least_large_span		False	results/synteny/inversion_recurrence.tsv
inversion_recurrence	242 | pairs		Cx_pallens_vs_Cx_molestus	results/synteny/inversion_recurrence.tsv
inversion_recurrence	242 | members		Cx_pallens_vs_Cx_molestus:NC_068939.1:55513056-55689804	results/synteny/inversion_recurrence.tsv
inversion_recurrence	243 | n_inversions		1	results/synteny/inversion_recurrence.tsv
inversion_recurrence	243 | n_pairs		1	results/synteny/inversion_recurrence.tsv
inversion_recurrence	243 | chromosomes		chr3	results/synteny/inversion_recurrence.tsv
inversion_recurrence	243 | max_span_bp		590198	results/synteny/inversion_recurrence.tsv
inversion_recurrence	243 | any_at_least_large_span		False	results/synteny/inversion_recurrence.tsv
inversion_recurrence	243 | pairs		Cx_pallens_vs_Cx_molestus	results/synteny/inversion_recurrence.tsv
inversion_recurrence	243 | members		Cx_pallens_vs_Cx_molestus:NC_068939.1:56530395-57120594	results/synteny/inversion_recurrence.tsv
inversion_recurrence	244 | n_inversions		2	results/synteny/inversion_recurrence.tsv
inversion_recurrence	244 | n_pairs		2	results/synteny/inversion_recurrence.tsv
inversion_recurrence	244 | chromosomes		chr3	results/synteny/inversion_recurrence.tsv
inversion_recurrence	244 | max_span_bp		812388	results/synteny/inversion_recurrence.tsv
inversion_recurrence	244 | genome_in_every_pair		Cx_molestus	results/synteny/inversion_recurrence.tsv
inversion_recurrence	244 | any_at_least_large_span		False	results/synteny/inversion_recurrence.tsv
inversion_recurrence	244 | pairs		Cx_molestus_vs_Cx_pipiens;Cx_pallens_vs_Cx_molestus	results/synteny/inversion_recurrence.tsv
inversion_recurrence	244 | members		Cx_pallens_vs_Cx_molestus:NC_068939.1:71711526-72523914;Cx_molestus_vs_Cx_pipiens:CM044970.1:66910216-67586163	results/synteny/inversion_recurrence.tsv
inversion_recurrence	245 | n_inversions		1	results/synteny/inversion_recurrence.tsv
inversion_recurrence	245 | n_pairs		1	results/synteny/inversion_recurrence.tsv
inversion_recurrence	245 | chromosomes		chr3	results/synteny/inversion_recurrence.tsv
inversion_recurrence	245 | max_span_bp		104984	results/synteny/inversion_recurrence.tsv
inversion_recurrence	245 | any_at_least_large_span		False	results/synteny/inversion_recurrence.tsv
inversion_recurrence	245 | pairs		Cx_pallens_vs_Cx_molestus	results/synteny/inversion_recurrence.tsv
inversion_recurrence	245 | members		Cx_pallens_vs_Cx_molestus:NC_068939.1:75330312-75435296	results/synteny/inversion_recurrence.tsv
inversion_recurrence	246 | n_inversions		1	results/synteny/inversion_recurrence.tsv
inversion_recurrence	246 | n_pairs		1	results/synteny/inversion_recurrence.tsv
inversion_recurrence	246 | chromosomes		chr3	results/synteny/inversion_recurrence.tsv
inversion_recurrence	246 | max_span_bp		489032	results/synteny/inversion_recurrence.tsv
inversion_recurrence	246 | any_at_least_large_span		False	results/synteny/inversion_recurrence.tsv
inversion_recurrence	246 | pairs		Cx_pallens_vs_Cx_molestus	results/synteny/inversion_recurrence.tsv
inversion_recurrence	246 | members		Cx_pallens_vs_Cx_molestus:NC_068939.1:93514823-94003856	results/synteny/inversion_recurrence.tsv
inversion_recurrence	247 | n_inversions		1	results/synteny/inversion_recurrence.tsv
inversion_recurrence	247 | n_pairs		1	results/synteny/inversion_recurrence.tsv
inversion_recurrence	247 | chromosomes		chr3	results/synteny/inversion_recurrence.tsv
inversion_recurrence	247 | max_span_bp		196050	results/synteny/inversion_recurrence.tsv
inversion_recurrence	247 | any_at_least_large_span		False	results/synteny/inversion_recurrence.tsv
inversion_recurrence	247 | pairs		Cx_pallens_vs_Cx_molestus	results/synteny/inversion_recurrence.tsv
inversion_recurrence	247 | members		Cx_pallens_vs_Cx_molestus:NC_068939.1:110854934-111050985	results/synteny/inversion_recurrence.tsv
inversion_recurrence	248 | n_inversions		1	results/synteny/inversion_recurrence.tsv
inversion_recurrence	248 | n_pairs		1	results/synteny/inversion_recurrence.tsv
inversion_recurrence	248 | chromosomes		chr3	results/synteny/inversion_recurrence.tsv
inversion_recurrence	248 | max_span_bp		348842	results/synteny/inversion_recurrence.tsv
inversion_recurrence	248 | any_at_least_large_span		False	results/synteny/inversion_recurrence.tsv
inversion_recurrence	248 | pairs		Cx_pallens_vs_Cx_molestus	results/synteny/inversion_recurrence.tsv
inversion_recurrence	248 | members		Cx_pallens_vs_Cx_molestus:NC_068939.1:111969807-112318649	results/synteny/inversion_recurrence.tsv
inversion_recurrence	249 | n_inversions		1	results/synteny/inversion_recurrence.tsv
inversion_recurrence	249 | n_pairs		1	results/synteny/inversion_recurrence.tsv
inversion_recurrence	249 | chromosomes		chr3	results/synteny/inversion_recurrence.tsv
inversion_recurrence	249 | max_span_bp		621935	results/synteny/inversion_recurrence.tsv
inversion_recurrence	249 | any_at_least_large_span		False	results/synteny/inversion_recurrence.tsv
inversion_recurrence	249 | pairs		Cx_pallens_vs_Cx_molestus	results/synteny/inversion_recurrence.tsv
inversion_recurrence	249 | members		Cx_pallens_vs_Cx_molestus:NC_068939.1:112327224-112949160	results/synteny/inversion_recurrence.tsv
inversion_recurrence	250 | n_inversions		1	results/synteny/inversion_recurrence.tsv
inversion_recurrence	250 | n_pairs		1	results/synteny/inversion_recurrence.tsv
inversion_recurrence	250 | chromosomes		chr3	results/synteny/inversion_recurrence.tsv
inversion_recurrence	250 | max_span_bp		335358	results/synteny/inversion_recurrence.tsv
inversion_recurrence	250 | any_at_least_large_span		False	results/synteny/inversion_recurrence.tsv
inversion_recurrence	250 | pairs		Cx_pallens_vs_Cx_molestus	results/synteny/inversion_recurrence.tsv
inversion_recurrence	250 | members		Cx_pallens_vs_Cx_molestus:NC_068939.1:123154744-123490102	results/synteny/inversion_recurrence.tsv
inversion_recurrence	251 | n_inversions		1	results/synteny/inversion_recurrence.tsv
inversion_recurrence	251 | n_pairs		1	results/synteny/inversion_recurrence.tsv
inversion_recurrence	251 | chromosomes		chr3	results/synteny/inversion_recurrence.tsv
inversion_recurrence	251 | max_span_bp		246543	results/synteny/inversion_recurrence.tsv
inversion_recurrence	251 | any_at_least_large_span		False	results/synteny/inversion_recurrence.tsv
inversion_recurrence	251 | pairs		Cx_pallens_vs_Cx_molestus	results/synteny/inversion_recurrence.tsv
inversion_recurrence	251 | members		Cx_pallens_vs_Cx_molestus:NC_068939.1:142017487-142264030	results/synteny/inversion_recurrence.tsv
inversion_recurrence	252 | n_inversions		1	results/synteny/inversion_recurrence.tsv
inversion_recurrence	252 | n_pairs		1	results/synteny/inversion_recurrence.tsv
inversion_recurrence	252 | chromosomes		chr3	results/synteny/inversion_recurrence.tsv
inversion_recurrence	252 | max_span_bp		137876	results/synteny/inversion_recurrence.tsv
inversion_recurrence	252 | any_at_least_large_span		False	results/synteny/inversion_recurrence.tsv
inversion_recurrence	252 | pairs		Cx_pallens_vs_Cx_molestus	results/synteny/inversion_recurrence.tsv
inversion_recurrence	252 | members		Cx_pallens_vs_Cx_molestus:NC_068939.1:146095033-146232909	results/synteny/inversion_recurrence.tsv
inversion_recurrence	253 | n_inversions		2	results/synteny/inversion_recurrence.tsv
inversion_recurrence	253 | n_pairs		2	results/synteny/inversion_recurrence.tsv
inversion_recurrence	253 | chromosomes		chr3	results/synteny/inversion_recurrence.tsv
inversion_recurrence	253 | max_span_bp		548194	results/synteny/inversion_recurrence.tsv
inversion_recurrence	253 | genome_in_every_pair		Cx_molestus	results/synteny/inversion_recurrence.tsv
inversion_recurrence	253 | any_at_least_large_span		False	results/synteny/inversion_recurrence.tsv
inversion_recurrence	253 | pairs		Cx_molestus_vs_Cx_pipiens;Cx_pallens_vs_Cx_molestus	results/synteny/inversion_recurrence.tsv
inversion_recurrence	253 | members		Cx_pallens_vs_Cx_molestus:NC_068939.1:146271367-146606944;Cx_molestus_vs_Cx_pipiens:CM044970.1:160907033-161455228	results/synteny/inversion_recurrence.tsv
inversion_recurrence	254 | n_inversions		1	results/synteny/inversion_recurrence.tsv
inversion_recurrence	254 | n_pairs		1	results/synteny/inversion_recurrence.tsv
inversion_recurrence	254 | chromosomes		chr3	results/synteny/inversion_recurrence.tsv
inversion_recurrence	254 | max_span_bp		635147	results/synteny/inversion_recurrence.tsv
inversion_recurrence	254 | any_at_least_large_span		False	results/synteny/inversion_recurrence.tsv
inversion_recurrence	254 | pairs		Cx_pallens_vs_Cx_molestus	results/synteny/inversion_recurrence.tsv
inversion_recurrence	254 | members		Cx_pallens_vs_Cx_molestus:NC_068939.1:147109784-147744931	results/synteny/inversion_recurrence.tsv
inversion_recurrence	255 | n_inversions		1	results/synteny/inversion_recurrence.tsv
inversion_recurrence	255 | n_pairs		1	results/synteny/inversion_recurrence.tsv
inversion_recurrence	255 | chromosomes		chr3	results/synteny/inversion_recurrence.tsv
inversion_recurrence	255 | max_span_bp		103962	results/synteny/inversion_recurrence.tsv
inversion_recurrence	255 | any_at_least_large_span		False	results/synteny/inversion_recurrence.tsv
inversion_recurrence	255 | pairs		Cx_pallens_vs_Cx_molestus	results/synteny/inversion_recurrence.tsv
inversion_recurrence	255 | members		Cx_pallens_vs_Cx_molestus:NC_068939.1:164480453-164584415	results/synteny/inversion_recurrence.tsv
inversion_recurrence	256 | n_inversions		1	results/synteny/inversion_recurrence.tsv
inversion_recurrence	256 | n_pairs		1	results/synteny/inversion_recurrence.tsv
inversion_recurrence	256 | chromosomes		chr3	results/synteny/inversion_recurrence.tsv
inversion_recurrence	256 | max_span_bp		251088	results/synteny/inversion_recurrence.tsv
inversion_recurrence	256 | any_at_least_large_span		False	results/synteny/inversion_recurrence.tsv
inversion_recurrence	256 | pairs		Cx_pallens_vs_Cx_molestus	results/synteny/inversion_recurrence.tsv
inversion_recurrence	256 | members		Cx_pallens_vs_Cx_molestus:NC_068939.1:172001552-172252640	results/synteny/inversion_recurrence.tsv
inversion_recurrence	257 | n_inversions		1	results/synteny/inversion_recurrence.tsv
inversion_recurrence	257 | n_pairs		1	results/synteny/inversion_recurrence.tsv
inversion_recurrence	257 | chromosomes		chr1	results/synteny/inversion_recurrence.tsv
inversion_recurrence	257 | max_span_bp		453800	results/synteny/inversion_recurrence.tsv
inversion_recurrence	257 | any_at_least_large_span		False	results/synteny/inversion_recurrence.tsv
inversion_recurrence	257 | pairs		Cx_pallens_vs_Cx_molestus	results/synteny/inversion_recurrence.tsv
inversion_recurrence	257 | members		Cx_pallens_vs_Cx_molestus:NC_068937.1:168571-622371	results/synteny/inversion_recurrence.tsv
inversion_recurrence	258 | n_inversions		1	results/synteny/inversion_recurrence.tsv
inversion_recurrence	258 | n_pairs		1	results/synteny/inversion_recurrence.tsv
inversion_recurrence	258 | chromosomes		chr1	results/synteny/inversion_recurrence.tsv
inversion_recurrence	258 | max_span_bp		163315	results/synteny/inversion_recurrence.tsv
inversion_recurrence	258 | any_at_least_large_span		False	results/synteny/inversion_recurrence.tsv
inversion_recurrence	258 | pairs		Cx_pallens_vs_Cx_molestus	results/synteny/inversion_recurrence.tsv
inversion_recurrence	258 | members		Cx_pallens_vs_Cx_molestus:NC_068937.1:23254476-23417791	results/synteny/inversion_recurrence.tsv
inversion_recurrence	259 | n_inversions		1	results/synteny/inversion_recurrence.tsv
inversion_recurrence	259 | n_pairs		1	results/synteny/inversion_recurrence.tsv
inversion_recurrence	259 | chromosomes		chr1	results/synteny/inversion_recurrence.tsv
inversion_recurrence	259 | max_span_bp		125039	results/synteny/inversion_recurrence.tsv
inversion_recurrence	259 | any_at_least_large_span		False	results/synteny/inversion_recurrence.tsv
inversion_recurrence	259 | pairs		Cx_pallens_vs_Cx_molestus	results/synteny/inversion_recurrence.tsv
inversion_recurrence	259 | members		Cx_pallens_vs_Cx_molestus:NC_068937.1:47203772-47328811	results/synteny/inversion_recurrence.tsv
inversion_recurrence	260 | n_inversions		1	results/synteny/inversion_recurrence.tsv
inversion_recurrence	260 | n_pairs		1	results/synteny/inversion_recurrence.tsv
inversion_recurrence	260 | chromosomes		chr1	results/synteny/inversion_recurrence.tsv
inversion_recurrence	260 | max_span_bp		505394	results/synteny/inversion_recurrence.tsv
inversion_recurrence	260 | any_at_least_large_span		False	results/synteny/inversion_recurrence.tsv
inversion_recurrence	260 | pairs		Cx_pallens_vs_Cx_molestus	results/synteny/inversion_recurrence.tsv
inversion_recurrence	260 | members		Cx_pallens_vs_Cx_molestus:NC_068937.1:56313685-56819079	results/synteny/inversion_recurrence.tsv
inversion_recurrence	261 | n_inversions		1	results/synteny/inversion_recurrence.tsv
inversion_recurrence	261 | n_pairs		1	results/synteny/inversion_recurrence.tsv
inversion_recurrence	261 | chromosomes		chr1	results/synteny/inversion_recurrence.tsv
inversion_recurrence	261 | max_span_bp		235330	results/synteny/inversion_recurrence.tsv
inversion_recurrence	261 | any_at_least_large_span		False	results/synteny/inversion_recurrence.tsv
inversion_recurrence	261 | pairs		Cx_pallens_vs_Cx_molestus	results/synteny/inversion_recurrence.tsv
inversion_recurrence	261 | members		Cx_pallens_vs_Cx_molestus:NC_068937.1:59719994-59955325	results/synteny/inversion_recurrence.tsv
inversion_recurrence	262 | n_inversions		2	results/synteny/inversion_recurrence.tsv
inversion_recurrence	262 | n_pairs		2	results/synteny/inversion_recurrence.tsv
inversion_recurrence	262 | chromosomes		chr1	results/synteny/inversion_recurrence.tsv
inversion_recurrence	262 | max_span_bp		1170728	results/synteny/inversion_recurrence.tsv
inversion_recurrence	262 | genome_in_every_pair		Cx_pallens	results/synteny/inversion_recurrence.tsv
inversion_recurrence	262 | any_at_least_large_span		True	results/synteny/inversion_recurrence.tsv
inversion_recurrence	262 | pairs		Cx_pallens_vs_Cx_molestus;Cx_pallens_vs_Cx_pipiens	results/synteny/inversion_recurrence.tsv
inversion_recurrence	262 | members		Cx_pallens_vs_Cx_molestus:NC_068937.1:62365834-63417956;Cx_pallens_vs_Cx_pipiens:NC_068937.1:62247227-63417956	results/synteny/inversion_recurrence.tsv
inversion_recurrence	263 | n_inversions		1	results/synteny/inversion_recurrence.tsv
inversion_recurrence	263 | n_pairs		1	results/synteny/inversion_recurrence.tsv
inversion_recurrence	263 | chromosomes		chr1	results/synteny/inversion_recurrence.tsv
inversion_recurrence	263 | max_span_bp		730486	results/synteny/inversion_recurrence.tsv
inversion_recurrence	263 | any_at_least_large_span		False	results/synteny/inversion_recurrence.tsv
inversion_recurrence	263 | pairs		Cx_pallens_vs_Cx_molestus	results/synteny/inversion_recurrence.tsv
inversion_recurrence	263 | members		Cx_pallens_vs_Cx_molestus:NC_068937.1:64326864-65057350	results/synteny/inversion_recurrence.tsv
inversion_recurrence	264 | n_inversions		1	results/synteny/inversion_recurrence.tsv
inversion_recurrence	264 | n_pairs		1	results/synteny/inversion_recurrence.tsv
inversion_recurrence	264 | chromosomes		chr1	results/synteny/inversion_recurrence.tsv
inversion_recurrence	264 | max_span_bp		374208	results/synteny/inversion_recurrence.tsv
inversion_recurrence	264 | any_at_least_large_span		False	results/synteny/inversion_recurrence.tsv
inversion_recurrence	264 | pairs		Cx_pallens_vs_Cx_molestus	results/synteny/inversion_recurrence.tsv
inversion_recurrence	264 | members		Cx_pallens_vs_Cx_molestus:NC_068937.1:66621874-66996082	results/synteny/inversion_recurrence.tsv
inversion_recurrence	265 | n_inversions		1	results/synteny/inversion_recurrence.tsv
inversion_recurrence	265 | n_pairs		1	results/synteny/inversion_recurrence.tsv
inversion_recurrence	265 | chromosomes		chr1	results/synteny/inversion_recurrence.tsv
inversion_recurrence	265 | max_span_bp		396003	results/synteny/inversion_recurrence.tsv
inversion_recurrence	265 | any_at_least_large_span		False	results/synteny/inversion_recurrence.tsv
inversion_recurrence	265 | pairs		Cx_pallens_vs_Cx_molestus	results/synteny/inversion_recurrence.tsv
inversion_recurrence	265 | members		Cx_pallens_vs_Cx_molestus:NC_068937.1:67566465-67962468	results/synteny/inversion_recurrence.tsv
inversion_recurrence	266 | n_inversions		1	results/synteny/inversion_recurrence.tsv
inversion_recurrence	266 | n_pairs		1	results/synteny/inversion_recurrence.tsv
inversion_recurrence	266 | chromosomes		chr1	results/synteny/inversion_recurrence.tsv
inversion_recurrence	266 | max_span_bp		1624597	results/synteny/inversion_recurrence.tsv
inversion_recurrence	266 | any_at_least_large_span		True	results/synteny/inversion_recurrence.tsv
inversion_recurrence	266 | pairs		Cx_pallens_vs_Cx_molestus	results/synteny/inversion_recurrence.tsv
inversion_recurrence	266 | members		Cx_pallens_vs_Cx_molestus:NC_068937.1:70292614-71917211	results/synteny/inversion_recurrence.tsv
inversion_recurrence	267 | n_inversions		1	results/synteny/inversion_recurrence.tsv
inversion_recurrence	267 | n_pairs		1	results/synteny/inversion_recurrence.tsv
inversion_recurrence	267 | chromosomes		chr1	results/synteny/inversion_recurrence.tsv
inversion_recurrence	267 | max_span_bp		432918	results/synteny/inversion_recurrence.tsv
inversion_recurrence	267 | any_at_least_large_span		False	results/synteny/inversion_recurrence.tsv
inversion_recurrence	267 | pairs		Cx_pallens_vs_Cx_molestus	results/synteny/inversion_recurrence.tsv
inversion_recurrence	267 | members		Cx_pallens_vs_Cx_molestus:NC_068937.1:72434750-72867668	results/synteny/inversion_recurrence.tsv
inversion_recurrence	268 | n_inversions		1	results/synteny/inversion_recurrence.tsv
inversion_recurrence	268 | n_pairs		1	results/synteny/inversion_recurrence.tsv
inversion_recurrence	268 | chromosomes		chr1	results/synteny/inversion_recurrence.tsv
inversion_recurrence	268 | max_span_bp		1302453	results/synteny/inversion_recurrence.tsv
inversion_recurrence	268 | any_at_least_large_span		True	results/synteny/inversion_recurrence.tsv
inversion_recurrence	268 | pairs		Cx_pallens_vs_Cx_molestus	results/synteny/inversion_recurrence.tsv
inversion_recurrence	268 | members		Cx_pallens_vs_Cx_molestus:NC_068937.1:72944594-74247047	results/synteny/inversion_recurrence.tsv
inversion_recurrence	269 | n_inversions		1	results/synteny/inversion_recurrence.tsv
inversion_recurrence	269 | n_pairs		1	results/synteny/inversion_recurrence.tsv
inversion_recurrence	269 | chromosomes		chr1	results/synteny/inversion_recurrence.tsv
inversion_recurrence	269 | max_span_bp		338628	results/synteny/inversion_recurrence.tsv
inversion_recurrence	269 | any_at_least_large_span		False	results/synteny/inversion_recurrence.tsv
inversion_recurrence	269 | pairs		Cx_pallens_vs_Cx_molestus	results/synteny/inversion_recurrence.tsv
inversion_recurrence	269 | members		Cx_pallens_vs_Cx_molestus:NC_068937.1:74354750-74693378	results/synteny/inversion_recurrence.tsv
inversion_recurrence	270 | n_inversions		1	results/synteny/inversion_recurrence.tsv
inversion_recurrence	270 | n_pairs		1	results/synteny/inversion_recurrence.tsv
inversion_recurrence	270 | chromosomes		chr1	results/synteny/inversion_recurrence.tsv
inversion_recurrence	270 | max_span_bp		302221	results/synteny/inversion_recurrence.tsv
inversion_recurrence	270 | any_at_least_large_span		False	results/synteny/inversion_recurrence.tsv
inversion_recurrence	270 | pairs		Cx_pallens_vs_Cx_molestus	results/synteny/inversion_recurrence.tsv
inversion_recurrence	270 | members		Cx_pallens_vs_Cx_molestus:NC_068937.1:75972244-76274465	results/synteny/inversion_recurrence.tsv
inversion_recurrence	271 | n_inversions		1	results/synteny/inversion_recurrence.tsv
inversion_recurrence	271 | n_pairs		1	results/synteny/inversion_recurrence.tsv
inversion_recurrence	271 | chromosomes		chr1	results/synteny/inversion_recurrence.tsv
inversion_recurrence	271 | max_span_bp		650285	results/synteny/inversion_recurrence.tsv
inversion_recurrence	271 | any_at_least_large_span		False	results/synteny/inversion_recurrence.tsv
inversion_recurrence	271 | pairs		Cx_pallens_vs_Cx_molestus	results/synteny/inversion_recurrence.tsv
inversion_recurrence	271 | members		Cx_pallens_vs_Cx_molestus:NC_068937.1:77833055-78483340	results/synteny/inversion_recurrence.tsv
inversion_recurrence	272 | n_inversions		1	results/synteny/inversion_recurrence.tsv
inversion_recurrence	272 | n_pairs		1	results/synteny/inversion_recurrence.tsv
inversion_recurrence	272 | chromosomes		chr1	results/synteny/inversion_recurrence.tsv
inversion_recurrence	272 | max_span_bp		517705	results/synteny/inversion_recurrence.tsv
inversion_recurrence	272 | any_at_least_large_span		False	results/synteny/inversion_recurrence.tsv
inversion_recurrence	272 | pairs		Cx_pallens_vs_Cx_molestus	results/synteny/inversion_recurrence.tsv
inversion_recurrence	272 | members		Cx_pallens_vs_Cx_molestus:NC_068937.1:80729285-81246990	results/synteny/inversion_recurrence.tsv
inversion_recurrence	273 | n_inversions		1	results/synteny/inversion_recurrence.tsv
inversion_recurrence	273 | n_pairs		1	results/synteny/inversion_recurrence.tsv
inversion_recurrence	273 | chromosomes		chr1	results/synteny/inversion_recurrence.tsv
inversion_recurrence	273 | max_span_bp		465467	results/synteny/inversion_recurrence.tsv
inversion_recurrence	273 | any_at_least_large_span		False	results/synteny/inversion_recurrence.tsv
inversion_recurrence	273 | pairs		Cx_pallens_vs_Cx_molestus	results/synteny/inversion_recurrence.tsv
inversion_recurrence	273 | members		Cx_pallens_vs_Cx_molestus:NC_068937.1:81709953-82175420	results/synteny/inversion_recurrence.tsv
inversion_recurrence	274 | n_inversions		1	results/synteny/inversion_recurrence.tsv
inversion_recurrence	274 | n_pairs		1	results/synteny/inversion_recurrence.tsv
inversion_recurrence	274 | chromosomes		chr1	results/synteny/inversion_recurrence.tsv
inversion_recurrence	274 | max_span_bp		172488	results/synteny/inversion_recurrence.tsv
inversion_recurrence	274 | any_at_least_large_span		False	results/synteny/inversion_recurrence.tsv
inversion_recurrence	274 | pairs		Cx_pallens_vs_Cx_molestus	results/synteny/inversion_recurrence.tsv
inversion_recurrence	274 | members		Cx_pallens_vs_Cx_molestus:NC_068937.1:82441267-82613756	results/synteny/inversion_recurrence.tsv
inversion_recurrence	275 | n_inversions		1	results/synteny/inversion_recurrence.tsv
inversion_recurrence	275 | n_pairs		1	results/synteny/inversion_recurrence.tsv
inversion_recurrence	275 | chromosomes		chr1	results/synteny/inversion_recurrence.tsv
inversion_recurrence	275 | max_span_bp		567101	results/synteny/inversion_recurrence.tsv
inversion_recurrence	275 | any_at_least_large_span		False	results/synteny/inversion_recurrence.tsv
inversion_recurrence	275 | pairs		Cx_pallens_vs_Cx_molestus	results/synteny/inversion_recurrence.tsv
inversion_recurrence	275 | members		Cx_pallens_vs_Cx_molestus:NC_068937.1:82659365-83226467	results/synteny/inversion_recurrence.tsv
inversion_recurrence	276 | n_inversions		1	results/synteny/inversion_recurrence.tsv
inversion_recurrence	276 | n_pairs		1	results/synteny/inversion_recurrence.tsv
inversion_recurrence	276 | chromosomes		chr1	results/synteny/inversion_recurrence.tsv
inversion_recurrence	276 | max_span_bp		591068	results/synteny/inversion_recurrence.tsv
inversion_recurrence	276 | any_at_least_large_span		False	results/synteny/inversion_recurrence.tsv
inversion_recurrence	276 | pairs		Cx_pallens_vs_Cx_molestus	results/synteny/inversion_recurrence.tsv
inversion_recurrence	276 | members		Cx_pallens_vs_Cx_molestus:NC_068937.1:89672619-90263687	results/synteny/inversion_recurrence.tsv
inversion_recurrence	277 | n_inversions		1	results/synteny/inversion_recurrence.tsv
inversion_recurrence	277 | n_pairs		1	results/synteny/inversion_recurrence.tsv
inversion_recurrence	277 | chromosomes		chr1	results/synteny/inversion_recurrence.tsv
inversion_recurrence	277 | max_span_bp		431313	results/synteny/inversion_recurrence.tsv
inversion_recurrence	277 | any_at_least_large_span		False	results/synteny/inversion_recurrence.tsv
inversion_recurrence	277 | pairs		Cx_pallens_vs_Cx_molestus	results/synteny/inversion_recurrence.tsv
inversion_recurrence	277 | members		Cx_pallens_vs_Cx_molestus:NC_068937.1:91091262-91522575	results/synteny/inversion_recurrence.tsv
inversion_recurrence	278 | n_inversions		2	results/synteny/inversion_recurrence.tsv
inversion_recurrence	278 | n_pairs		2	results/synteny/inversion_recurrence.tsv
inversion_recurrence	278 | chromosomes		chr1	results/synteny/inversion_recurrence.tsv
inversion_recurrence	278 | max_span_bp		487145	results/synteny/inversion_recurrence.tsv
inversion_recurrence	278 | genome_in_every_pair		Cx_pallens	results/synteny/inversion_recurrence.tsv
inversion_recurrence	278 | any_at_least_large_span		False	results/synteny/inversion_recurrence.tsv
inversion_recurrence	278 | pairs		Cx_pallens_vs_Cx_molestus;Cx_pallens_vs_Cx_pipiens	results/synteny/inversion_recurrence.tsv
inversion_recurrence	278 | members		Cx_pallens_vs_Cx_molestus:NC_068937.1:101958397-102322770;Cx_pallens_vs_Cx_pipiens:NC_068937.1:101958397-102445542	results/synteny/inversion_recurrence.tsv
inversion_recurrence	279 | n_inversions		2	results/synteny/inversion_recurrence.tsv
inversion_recurrence	279 | n_pairs		2	results/synteny/inversion_recurrence.tsv
inversion_recurrence	279 | chromosomes		chr1	results/synteny/inversion_recurrence.tsv
inversion_recurrence	279 | max_span_bp		735416	results/synteny/inversion_recurrence.tsv
inversion_recurrence	279 | genome_in_every_pair		Cx_pallens	results/synteny/inversion_recurrence.tsv
inversion_recurrence	279 | any_at_least_large_span		False	results/synteny/inversion_recurrence.tsv
inversion_recurrence	279 | pairs		Cx_pallens_vs_Cx_molestus;Cx_pallens_vs_Cx_pipiens	results/synteny/inversion_recurrence.tsv
inversion_recurrence	279 | members		Cx_pallens_vs_Cx_molestus:NC_068937.1:102462119-103197536;Cx_pallens_vs_Cx_pipiens:NC_068937.1:102614825-103132225	results/synteny/inversion_recurrence.tsv
inversion_recurrence	280 | n_inversions		2	results/synteny/inversion_recurrence.tsv
inversion_recurrence	280 | n_pairs		2	results/synteny/inversion_recurrence.tsv
inversion_recurrence	280 | chromosomes		chr1	results/synteny/inversion_recurrence.tsv
inversion_recurrence	280 | max_span_bp		251092	results/synteny/inversion_recurrence.tsv
inversion_recurrence	280 | genome_in_every_pair		Cx_pallens	results/synteny/inversion_recurrence.tsv
inversion_recurrence	280 | any_at_least_large_span		False	results/synteny/inversion_recurrence.tsv
inversion_recurrence	280 | pairs		Cx_pallens_vs_Cx_molestus;Cx_pallens_vs_Cx_pipiens	results/synteny/inversion_recurrence.tsv
inversion_recurrence	280 | members		Cx_pallens_vs_Cx_molestus:NC_068937.1:103347764-103598856;Cx_pallens_vs_Cx_pipiens:NC_068937.1:103347764-103598856	results/synteny/inversion_recurrence.tsv
inversion_recurrence	281 | n_inversions		1	results/synteny/inversion_recurrence.tsv
inversion_recurrence	281 | n_pairs		1	results/synteny/inversion_recurrence.tsv
inversion_recurrence	281 | chromosomes		chr1	results/synteny/inversion_recurrence.tsv
inversion_recurrence	281 | max_span_bp		407064	results/synteny/inversion_recurrence.tsv
inversion_recurrence	281 | any_at_least_large_span		False	results/synteny/inversion_recurrence.tsv
inversion_recurrence	281 | pairs		Cx_pallens_vs_Cx_molestus	results/synteny/inversion_recurrence.tsv
inversion_recurrence	281 | members		Cx_pallens_vs_Cx_molestus:NC_068937.1:104324955-104732019	results/synteny/inversion_recurrence.tsv
inversion_recurrence	282 | n_inversions		1	results/synteny/inversion_recurrence.tsv
inversion_recurrence	282 | n_pairs		1	results/synteny/inversion_recurrence.tsv
inversion_recurrence	282 | chromosomes		chr1	results/synteny/inversion_recurrence.tsv
inversion_recurrence	282 | max_span_bp		302966	results/synteny/inversion_recurrence.tsv
inversion_recurrence	282 | any_at_least_large_span		False	results/synteny/inversion_recurrence.tsv
inversion_recurrence	282 | pairs		Cx_pallens_vs_Cx_molestus	results/synteny/inversion_recurrence.tsv
inversion_recurrence	282 | members		Cx_pallens_vs_Cx_molestus:NC_068937.1:107464996-107767962	results/synteny/inversion_recurrence.tsv
inversion_recurrence	283 | n_inversions		2	results/synteny/inversion_recurrence.tsv
inversion_recurrence	283 | n_pairs		2	results/synteny/inversion_recurrence.tsv
inversion_recurrence	283 | chromosomes		chr1	results/synteny/inversion_recurrence.tsv
inversion_recurrence	283 | max_span_bp		527588	results/synteny/inversion_recurrence.tsv
inversion_recurrence	283 | genome_in_every_pair		Cx_pallens	results/synteny/inversion_recurrence.tsv
inversion_recurrence	283 | any_at_least_large_span		False	results/synteny/inversion_recurrence.tsv
inversion_recurrence	283 | pairs		Cx_pallens_vs_Cx_molestus;Cx_pallens_vs_Cx_pipiens	results/synteny/inversion_recurrence.tsv
inversion_recurrence	283 | members		Cx_pallens_vs_Cx_molestus:NC_068937.1:108141570-108669158;Cx_pallens_vs_Cx_pipiens:NC_068937.1:108141570-108669158	results/synteny/inversion_recurrence.tsv
inversion_recurrence	284 | n_inversions		2	results/synteny/inversion_recurrence.tsv
inversion_recurrence	284 | n_pairs		2	results/synteny/inversion_recurrence.tsv
inversion_recurrence	284 | chromosomes		chr1	results/synteny/inversion_recurrence.tsv
inversion_recurrence	284 | max_span_bp		372442	results/synteny/inversion_recurrence.tsv
inversion_recurrence	284 | genome_in_every_pair		Cx_pallens	results/synteny/inversion_recurrence.tsv
inversion_recurrence	284 | any_at_least_large_span		False	results/synteny/inversion_recurrence.tsv
inversion_recurrence	284 | pairs		Cx_pallens_vs_Cx_molestus;Cx_pallens_vs_Cx_pipiens	results/synteny/inversion_recurrence.tsv
inversion_recurrence	284 | members		Cx_pallens_vs_Cx_molestus:NC_068937.1:108935642-109308084;Cx_pallens_vs_Cx_pipiens:NC_068937.1:108967487-109285766	results/synteny/inversion_recurrence.tsv
inversion_recurrence	285 | n_inversions		2	results/synteny/inversion_recurrence.tsv
inversion_recurrence	285 | n_pairs		2	results/synteny/inversion_recurrence.tsv
inversion_recurrence	285 | chromosomes		chr1	results/synteny/inversion_recurrence.tsv
inversion_recurrence	285 | max_span_bp		235308	results/synteny/inversion_recurrence.tsv
inversion_recurrence	285 | genome_in_every_pair		Cx_pallens	results/synteny/inversion_recurrence.tsv
inversion_recurrence	285 | any_at_least_large_span		False	results/synteny/inversion_recurrence.tsv
inversion_recurrence	285 | pairs		Cx_pallens_vs_Cx_molestus;Cx_pallens_vs_Cx_pipiens	results/synteny/inversion_recurrence.tsv
inversion_recurrence	285 | members		Cx_pallens_vs_Cx_molestus:NC_068937.1:109384768-109548463;Cx_pallens_vs_Cx_pipiens:NC_068937.1:109301174-109536482	results/synteny/inversion_recurrence.tsv
inversion_recurrence	286 | n_inversions		1	results/synteny/inversion_recurrence.tsv
inversion_recurrence	286 | n_pairs		1	results/synteny/inversion_recurrence.tsv
inversion_recurrence	286 | chromosomes		chr1	results/synteny/inversion_recurrence.tsv
inversion_recurrence	286 | max_span_bp		158680	results/synteny/inversion_recurrence.tsv
inversion_recurrence	286 | any_at_least_large_span		False	results/synteny/inversion_recurrence.tsv
inversion_recurrence	286 | pairs		Cx_pallens_vs_Cx_molestus	results/synteny/inversion_recurrence.tsv
inversion_recurrence	286 | members		Cx_pallens_vs_Cx_molestus:NC_068937.1:109597941-109756622	results/synteny/inversion_recurrence.tsv
inversion_recurrence	287 | n_inversions		1	results/synteny/inversion_recurrence.tsv
inversion_recurrence	287 | n_pairs		1	results/synteny/inversion_recurrence.tsv
inversion_recurrence	287 | chromosomes		chr1	results/synteny/inversion_recurrence.tsv
inversion_recurrence	287 | max_span_bp		816490	results/synteny/inversion_recurrence.tsv
inversion_recurrence	287 | any_at_least_large_span		False	results/synteny/inversion_recurrence.tsv
inversion_recurrence	287 | pairs		Cx_pallens_vs_Cx_molestus	results/synteny/inversion_recurrence.tsv
inversion_recurrence	287 | members		Cx_pallens_vs_Cx_molestus:NC_068937.1:113435642-114252132	results/synteny/inversion_recurrence.tsv
inversion_recurrence	288 | n_inversions		1	results/synteny/inversion_recurrence.tsv
inversion_recurrence	288 | n_pairs		1	results/synteny/inversion_recurrence.tsv
inversion_recurrence	288 | chromosomes		chr2	results/synteny/inversion_recurrence.tsv
inversion_recurrence	288 | max_span_bp		267566	results/synteny/inversion_recurrence.tsv
inversion_recurrence	288 | any_at_least_large_span		False	results/synteny/inversion_recurrence.tsv
inversion_recurrence	288 | pairs		Cx_pallens_vs_Cx_pipiens	results/synteny/inversion_recurrence.tsv
inversion_recurrence	288 | members		Cx_pallens_vs_Cx_pipiens:NC_068938.1:13671326-13938893	results/synteny/inversion_recurrence.tsv
inversion_recurrence	289 | n_inversions		1	results/synteny/inversion_recurrence.tsv
inversion_recurrence	289 | n_pairs		1	results/synteny/inversion_recurrence.tsv
inversion_recurrence	289 | chromosomes		chr2	results/synteny/inversion_recurrence.tsv
inversion_recurrence	289 | max_span_bp		141090	results/synteny/inversion_recurrence.tsv
inversion_recurrence	289 | any_at_least_large_span		False	results/synteny/inversion_recurrence.tsv
inversion_recurrence	289 | pairs		Cx_pallens_vs_Cx_pipiens	results/synteny/inversion_recurrence.tsv
inversion_recurrence	289 | members		Cx_pallens_vs_Cx_pipiens:NC_068938.1:26574305-26715395	results/synteny/inversion_recurrence.tsv
inversion_recurrence	290 | n_inversions		1	results/synteny/inversion_recurrence.tsv
inversion_recurrence	290 | n_pairs		1	results/synteny/inversion_recurrence.tsv
inversion_recurrence	290 | chromosomes		chr2	results/synteny/inversion_recurrence.tsv
inversion_recurrence	290 | max_span_bp		111427	results/synteny/inversion_recurrence.tsv
inversion_recurrence	290 | any_at_least_large_span		False	results/synteny/inversion_recurrence.tsv
inversion_recurrence	290 | pairs		Cx_pallens_vs_Cx_pipiens	results/synteny/inversion_recurrence.tsv
inversion_recurrence	290 | members		Cx_pallens_vs_Cx_pipiens:NC_068938.1:35623162-35734589	results/synteny/inversion_recurrence.tsv
inversion_recurrence	291 | n_inversions		1	results/synteny/inversion_recurrence.tsv
inversion_recurrence	291 | n_pairs		1	results/synteny/inversion_recurrence.tsv
inversion_recurrence	291 | chromosomes		chr2	results/synteny/inversion_recurrence.tsv
inversion_recurrence	291 | max_span_bp		144904	results/synteny/inversion_recurrence.tsv
inversion_recurrence	291 | any_at_least_large_span		False	results/synteny/inversion_recurrence.tsv
inversion_recurrence	291 | pairs		Cx_pallens_vs_Cx_pipiens	results/synteny/inversion_recurrence.tsv
inversion_recurrence	291 | members		Cx_pallens_vs_Cx_pipiens:NC_068938.1:48153985-48298890	results/synteny/inversion_recurrence.tsv
inversion_recurrence	292 | n_inversions		1	results/synteny/inversion_recurrence.tsv
inversion_recurrence	292 | n_pairs		1	results/synteny/inversion_recurrence.tsv
inversion_recurrence	292 | chromosomes		chr2	results/synteny/inversion_recurrence.tsv
inversion_recurrence	292 | max_span_bp		311218	results/synteny/inversion_recurrence.tsv
inversion_recurrence	292 | any_at_least_large_span		False	results/synteny/inversion_recurrence.tsv
inversion_recurrence	292 | pairs		Cx_pallens_vs_Cx_pipiens	results/synteny/inversion_recurrence.tsv
inversion_recurrence	292 | members		Cx_pallens_vs_Cx_pipiens:NC_068938.1:57611359-57922577	results/synteny/inversion_recurrence.tsv
inversion_recurrence	293 | n_inversions		1	results/synteny/inversion_recurrence.tsv
inversion_recurrence	293 | n_pairs		1	results/synteny/inversion_recurrence.tsv
inversion_recurrence	293 | chromosomes		chr2	results/synteny/inversion_recurrence.tsv
inversion_recurrence	293 | max_span_bp		481549	results/synteny/inversion_recurrence.tsv
inversion_recurrence	293 | any_at_least_large_span		False	results/synteny/inversion_recurrence.tsv
inversion_recurrence	293 | pairs		Cx_pallens_vs_Cx_pipiens	results/synteny/inversion_recurrence.tsv
inversion_recurrence	293 | members		Cx_pallens_vs_Cx_pipiens:NC_068938.1:115245985-115727534	results/synteny/inversion_recurrence.tsv
inversion_recurrence	294 | n_inversions		1	results/synteny/inversion_recurrence.tsv
inversion_recurrence	294 | n_pairs		1	results/synteny/inversion_recurrence.tsv
inversion_recurrence	294 | chromosomes		chr2	results/synteny/inversion_recurrence.tsv
inversion_recurrence	294 | max_span_bp		277863	results/synteny/inversion_recurrence.tsv
inversion_recurrence	294 | any_at_least_large_span		False	results/synteny/inversion_recurrence.tsv
inversion_recurrence	294 | pairs		Cx_pallens_vs_Cx_pipiens	results/synteny/inversion_recurrence.tsv
inversion_recurrence	294 | members		Cx_pallens_vs_Cx_pipiens:NC_068938.1:116622573-116900437	results/synteny/inversion_recurrence.tsv
inversion_recurrence	295 | n_inversions		1	results/synteny/inversion_recurrence.tsv
inversion_recurrence	295 | n_pairs		1	results/synteny/inversion_recurrence.tsv
inversion_recurrence	295 | chromosomes		chr2	results/synteny/inversion_recurrence.tsv
inversion_recurrence	295 | max_span_bp		230110	results/synteny/inversion_recurrence.tsv
inversion_recurrence	295 | any_at_least_large_span		False	results/synteny/inversion_recurrence.tsv
inversion_recurrence	295 | pairs		Cx_pallens_vs_Cx_pipiens	results/synteny/inversion_recurrence.tsv
inversion_recurrence	295 | members		Cx_pallens_vs_Cx_pipiens:NC_068938.1:124951298-125181409	results/synteny/inversion_recurrence.tsv
inversion_recurrence	296 | n_inversions		1	results/synteny/inversion_recurrence.tsv
inversion_recurrence	296 | n_pairs		1	results/synteny/inversion_recurrence.tsv
inversion_recurrence	296 | chromosomes		chr2	results/synteny/inversion_recurrence.tsv
inversion_recurrence	296 | max_span_bp		420379	results/synteny/inversion_recurrence.tsv
inversion_recurrence	296 | any_at_least_large_span		False	results/synteny/inversion_recurrence.tsv
inversion_recurrence	296 | pairs		Cx_pallens_vs_Cx_pipiens	results/synteny/inversion_recurrence.tsv
inversion_recurrence	296 | members		Cx_pallens_vs_Cx_pipiens:NC_068938.1:145081008-145501387	results/synteny/inversion_recurrence.tsv
inversion_recurrence	297 | n_inversions		1	results/synteny/inversion_recurrence.tsv
inversion_recurrence	297 | n_pairs		1	results/synteny/inversion_recurrence.tsv
inversion_recurrence	297 | chromosomes		chr2	results/synteny/inversion_recurrence.tsv
inversion_recurrence	297 | max_span_bp		208858	results/synteny/inversion_recurrence.tsv
inversion_recurrence	297 | any_at_least_large_span		False	results/synteny/inversion_recurrence.tsv
inversion_recurrence	297 | pairs		Cx_pallens_vs_Cx_pipiens	results/synteny/inversion_recurrence.tsv
inversion_recurrence	297 | members		Cx_pallens_vs_Cx_pipiens:NC_068938.1:153616750-153825608	results/synteny/inversion_recurrence.tsv
inversion_recurrence	298 | n_inversions		1	results/synteny/inversion_recurrence.tsv
inversion_recurrence	298 | n_pairs		1	results/synteny/inversion_recurrence.tsv
inversion_recurrence	298 | chromosomes		chr3	results/synteny/inversion_recurrence.tsv
inversion_recurrence	298 | max_span_bp		534675	results/synteny/inversion_recurrence.tsv
inversion_recurrence	298 | any_at_least_large_span		False	results/synteny/inversion_recurrence.tsv
inversion_recurrence	298 | pairs		Cx_pallens_vs_Cx_pipiens	results/synteny/inversion_recurrence.tsv
inversion_recurrence	298 | members		Cx_pallens_vs_Cx_pipiens:NC_068939.1:25465033-25999708	results/synteny/inversion_recurrence.tsv
inversion_recurrence	299 | n_inversions		1	results/synteny/inversion_recurrence.tsv
inversion_recurrence	299 | n_pairs		1	results/synteny/inversion_recurrence.tsv
inversion_recurrence	299 | chromosomes		chr3	results/synteny/inversion_recurrence.tsv
inversion_recurrence	299 | max_span_bp		191048	results/synteny/inversion_recurrence.tsv
inversion_recurrence	299 | any_at_least_large_span		False	results/synteny/inversion_recurrence.tsv
inversion_recurrence	299 | pairs		Cx_pallens_vs_Cx_pipiens	results/synteny/inversion_recurrence.tsv
inversion_recurrence	299 | members		Cx_pallens_vs_Cx_pipiens:NC_068939.1:91041023-91232071	results/synteny/inversion_recurrence.tsv
inversion_recurrence	300 | n_inversions		1	results/synteny/inversion_recurrence.tsv
inversion_recurrence	300 | n_pairs		1	results/synteny/inversion_recurrence.tsv
inversion_recurrence	300 | chromosomes		chr3	results/synteny/inversion_recurrence.tsv
inversion_recurrence	300 | max_span_bp		545632	results/synteny/inversion_recurrence.tsv
inversion_recurrence	300 | any_at_least_large_span		False	results/synteny/inversion_recurrence.tsv
inversion_recurrence	300 | pairs		Cx_pallens_vs_Cx_pipiens	results/synteny/inversion_recurrence.tsv
inversion_recurrence	300 | members		Cx_pallens_vs_Cx_pipiens:NC_068939.1:95725954-96271586	results/synteny/inversion_recurrence.tsv
inversion_recurrence	301 | n_inversions		1	results/synteny/inversion_recurrence.tsv
inversion_recurrence	301 | n_pairs		1	results/synteny/inversion_recurrence.tsv
inversion_recurrence	301 | chromosomes		chr3	results/synteny/inversion_recurrence.tsv
inversion_recurrence	301 | max_span_bp		423225	results/synteny/inversion_recurrence.tsv
inversion_recurrence	301 | any_at_least_large_span		False	results/synteny/inversion_recurrence.tsv
inversion_recurrence	301 | pairs		Cx_pallens_vs_Cx_pipiens	results/synteny/inversion_recurrence.tsv
inversion_recurrence	301 | members		Cx_pallens_vs_Cx_pipiens:NC_068939.1:116323109-116746335	results/synteny/inversion_recurrence.tsv
inversion_recurrence	302 | n_inversions		1	results/synteny/inversion_recurrence.tsv
inversion_recurrence	302 | n_pairs		1	results/synteny/inversion_recurrence.tsv
inversion_recurrence	302 | chromosomes		chr3	results/synteny/inversion_recurrence.tsv
inversion_recurrence	302 | max_span_bp		104088	results/synteny/inversion_recurrence.tsv
inversion_recurrence	302 | any_at_least_large_span		False	results/synteny/inversion_recurrence.tsv
inversion_recurrence	302 | pairs		Cx_pallens_vs_Cx_pipiens	results/synteny/inversion_recurrence.tsv
inversion_recurrence	302 | members		Cx_pallens_vs_Cx_pipiens:NC_068939.1:130252702-130356791	results/synteny/inversion_recurrence.tsv
inversion_recurrence	303 | n_inversions		1	results/synteny/inversion_recurrence.tsv
inversion_recurrence	303 | n_pairs		1	results/synteny/inversion_recurrence.tsv
inversion_recurrence	303 | chromosomes		chr1	results/synteny/inversion_recurrence.tsv
inversion_recurrence	303 | max_span_bp		213340	results/synteny/inversion_recurrence.tsv
inversion_recurrence	303 | any_at_least_large_span		False	results/synteny/inversion_recurrence.tsv
inversion_recurrence	303 | pairs		Cx_pallens_vs_Cx_pipiens	results/synteny/inversion_recurrence.tsv
inversion_recurrence	303 | members		Cx_pallens_vs_Cx_pipiens:NC_068937.1:63909989-64123329	results/synteny/inversion_recurrence.tsv
inversion_recurrence	304 | n_inversions		1	results/synteny/inversion_recurrence.tsv
inversion_recurrence	304 | n_pairs		1	results/synteny/inversion_recurrence.tsv
inversion_recurrence	304 | chromosomes		chr1	results/synteny/inversion_recurrence.tsv
inversion_recurrence	304 | max_span_bp		353385	results/synteny/inversion_recurrence.tsv
inversion_recurrence	304 | any_at_least_large_span		False	results/synteny/inversion_recurrence.tsv
inversion_recurrence	304 | pairs		Cx_pallens_vs_Cx_pipiens	results/synteny/inversion_recurrence.tsv
inversion_recurrence	304 | members		Cx_pallens_vs_Cx_pipiens:NC_068937.1:64146056-64499442	results/synteny/inversion_recurrence.tsv
inversion_recurrence	305 | n_inversions		1	results/synteny/inversion_recurrence.tsv
inversion_recurrence	305 | n_pairs		1	results/synteny/inversion_recurrence.tsv
inversion_recurrence	305 | chromosomes		chr1	results/synteny/inversion_recurrence.tsv
inversion_recurrence	305 | max_span_bp		174730	results/synteny/inversion_recurrence.tsv
inversion_recurrence	305 | any_at_least_large_span		False	results/synteny/inversion_recurrence.tsv
inversion_recurrence	305 | pairs		Cx_pallens_vs_Cx_pipiens	results/synteny/inversion_recurrence.tsv
inversion_recurrence	305 | members		Cx_pallens_vs_Cx_pipiens:NC_068937.1:65331460-65506190	results/synteny/inversion_recurrence.tsv
inversion_recurrence	306 | n_inversions		1	results/synteny/inversion_recurrence.tsv
inversion_recurrence	306 | n_pairs		1	results/synteny/inversion_recurrence.tsv
inversion_recurrence	306 | chromosomes		chr1	results/synteny/inversion_recurrence.tsv
inversion_recurrence	306 | max_span_bp		392091	results/synteny/inversion_recurrence.tsv
inversion_recurrence	306 | any_at_least_large_span		False	results/synteny/inversion_recurrence.tsv
inversion_recurrence	306 | pairs		Cx_pallens_vs_Cx_pipiens	results/synteny/inversion_recurrence.tsv
inversion_recurrence	306 | members		Cx_pallens_vs_Cx_pipiens:NC_068937.1:66399290-66791381	results/synteny/inversion_recurrence.tsv
inversion_recurrence	307 | n_inversions		1	results/synteny/inversion_recurrence.tsv
inversion_recurrence	307 | n_pairs		1	results/synteny/inversion_recurrence.tsv
inversion_recurrence	307 | chromosomes		chr1	results/synteny/inversion_recurrence.tsv
inversion_recurrence	307 | max_span_bp		187556	results/synteny/inversion_recurrence.tsv
inversion_recurrence	307 | any_at_least_large_span		False	results/synteny/inversion_recurrence.tsv
inversion_recurrence	307 | pairs		Cx_pallens_vs_Cx_pipiens	results/synteny/inversion_recurrence.tsv
inversion_recurrence	307 | members		Cx_pallens_vs_Cx_pipiens:NC_068937.1:66816818-67004374	results/synteny/inversion_recurrence.tsv
inversion_recurrence	308 | n_inversions		1	results/synteny/inversion_recurrence.tsv
inversion_recurrence	308 | n_pairs		1	results/synteny/inversion_recurrence.tsv
inversion_recurrence	308 | chromosomes		chr1	results/synteny/inversion_recurrence.tsv
inversion_recurrence	308 | max_span_bp		1105336	results/synteny/inversion_recurrence.tsv
inversion_recurrence	308 | any_at_least_large_span		True	results/synteny/inversion_recurrence.tsv
inversion_recurrence	308 | pairs		Cx_pallens_vs_Cx_pipiens	results/synteny/inversion_recurrence.tsv
inversion_recurrence	308 | members		Cx_pallens_vs_Cx_pipiens:NC_068937.1:67093819-68199155	results/synteny/inversion_recurrence.tsv
inversion_recurrence	309 | n_inversions		1	results/synteny/inversion_recurrence.tsv
inversion_recurrence	309 | n_pairs		1	results/synteny/inversion_recurrence.tsv
inversion_recurrence	309 | chromosomes		chr1	results/synteny/inversion_recurrence.tsv
inversion_recurrence	309 | max_span_bp		186626	results/synteny/inversion_recurrence.tsv
inversion_recurrence	309 | any_at_least_large_span		False	results/synteny/inversion_recurrence.tsv
inversion_recurrence	309 | pairs		Cx_pallens_vs_Cx_pipiens	results/synteny/inversion_recurrence.tsv
inversion_recurrence	309 | members		Cx_pallens_vs_Cx_pipiens:NC_068937.1:69154393-69341019	results/synteny/inversion_recurrence.tsv
inversion_recurrence	310 | n_inversions		1	results/synteny/inversion_recurrence.tsv
inversion_recurrence	310 | n_pairs		1	results/synteny/inversion_recurrence.tsv
inversion_recurrence	310 | chromosomes		chr1	results/synteny/inversion_recurrence.tsv
inversion_recurrence	310 | max_span_bp		776001	results/synteny/inversion_recurrence.tsv
inversion_recurrence	310 | any_at_least_large_span		False	results/synteny/inversion_recurrence.tsv
inversion_recurrence	310 | pairs		Cx_pallens_vs_Cx_pipiens	results/synteny/inversion_recurrence.tsv
inversion_recurrence	310 | members		Cx_pallens_vs_Cx_pipiens:NC_068937.1:71309989-72085990	results/synteny/inversion_recurrence.tsv
inversion_recurrence	311 | n_inversions		1	results/synteny/inversion_recurrence.tsv
inversion_recurrence	311 | n_pairs		1	results/synteny/inversion_recurrence.tsv
inversion_recurrence	311 | chromosomes		chr1	results/synteny/inversion_recurrence.tsv
inversion_recurrence	311 | max_span_bp		267694	results/synteny/inversion_recurrence.tsv
inversion_recurrence	311 | any_at_least_large_span		False	results/synteny/inversion_recurrence.tsv
inversion_recurrence	311 | pairs		Cx_pallens_vs_Cx_pipiens	results/synteny/inversion_recurrence.tsv
inversion_recurrence	311 | members		Cx_pallens_vs_Cx_pipiens:NC_068937.1:76929016-77196710	results/synteny/inversion_recurrence.tsv
inversion_recurrence	312 | n_inversions		1	results/synteny/inversion_recurrence.tsv
inversion_recurrence	312 | n_pairs		1	results/synteny/inversion_recurrence.tsv
inversion_recurrence	312 | chromosomes		chr1	results/synteny/inversion_recurrence.tsv
inversion_recurrence	312 | max_span_bp		184711	results/synteny/inversion_recurrence.tsv
inversion_recurrence	312 | any_at_least_large_span		False	results/synteny/inversion_recurrence.tsv
inversion_recurrence	312 | pairs		Cx_pallens_vs_Cx_pipiens	results/synteny/inversion_recurrence.tsv
inversion_recurrence	312 | members		Cx_pallens_vs_Cx_pipiens:NC_068937.1:78256678-78441389	results/synteny/inversion_recurrence.tsv
inversion_recurrence	313 | n_inversions		1	results/synteny/inversion_recurrence.tsv
inversion_recurrence	313 | n_pairs		1	results/synteny/inversion_recurrence.tsv
inversion_recurrence	313 | chromosomes		chr1	results/synteny/inversion_recurrence.tsv
inversion_recurrence	313 | max_span_bp		110571	results/synteny/inversion_recurrence.tsv
inversion_recurrence	313 | any_at_least_large_span		False	results/synteny/inversion_recurrence.tsv
inversion_recurrence	313 | pairs		Cx_pallens_vs_Cx_pipiens	results/synteny/inversion_recurrence.tsv
inversion_recurrence	313 | members		Cx_pallens_vs_Cx_pipiens:NC_068937.1:80687568-80798139	results/synteny/inversion_recurrence.tsv
inversion_recurrence	314 | n_inversions		1	results/synteny/inversion_recurrence.tsv
inversion_recurrence	314 | n_pairs		1	results/synteny/inversion_recurrence.tsv
inversion_recurrence	314 | chromosomes		chr1	results/synteny/inversion_recurrence.tsv
inversion_recurrence	314 | max_span_bp		156511	results/synteny/inversion_recurrence.tsv
inversion_recurrence	314 | any_at_least_large_span		False	results/synteny/inversion_recurrence.tsv
inversion_recurrence	314 | pairs		Cx_pallens_vs_Cx_pipiens	results/synteny/inversion_recurrence.tsv
inversion_recurrence	314 | members		Cx_pallens_vs_Cx_pipiens:NC_068937.1:81266963-81423474	results/synteny/inversion_recurrence.tsv
inversion_recurrence	315 | n_inversions		1	results/synteny/inversion_recurrence.tsv
inversion_recurrence	315 | n_pairs		1	results/synteny/inversion_recurrence.tsv
inversion_recurrence	315 | chromosomes		chr1	results/synteny/inversion_recurrence.tsv
inversion_recurrence	315 | max_span_bp		221906	results/synteny/inversion_recurrence.tsv
inversion_recurrence	315 | any_at_least_large_span		False	results/synteny/inversion_recurrence.tsv
inversion_recurrence	315 | pairs		Cx_pallens_vs_Cx_pipiens	results/synteny/inversion_recurrence.tsv
inversion_recurrence	315 | members		Cx_pallens_vs_Cx_pipiens:NC_068937.1:81643477-81865383	results/synteny/inversion_recurrence.tsv
inversion_recurrence	316 | n_inversions		1	results/synteny/inversion_recurrence.tsv
inversion_recurrence	316 | n_pairs		1	results/synteny/inversion_recurrence.tsv
inversion_recurrence	316 | chromosomes		chr1	results/synteny/inversion_recurrence.tsv
inversion_recurrence	316 | max_span_bp		144479	results/synteny/inversion_recurrence.tsv
inversion_recurrence	316 | any_at_least_large_span		False	results/synteny/inversion_recurrence.tsv
inversion_recurrence	316 | pairs		Cx_pallens_vs_Cx_pipiens	results/synteny/inversion_recurrence.tsv
inversion_recurrence	316 | members		Cx_pallens_vs_Cx_pipiens:NC_068937.1:81876319-82020798	results/synteny/inversion_recurrence.tsv
inversion_recurrence	317 | n_inversions		1	results/synteny/inversion_recurrence.tsv
inversion_recurrence	317 | n_pairs		1	results/synteny/inversion_recurrence.tsv
inversion_recurrence	317 | chromosomes		chr1	results/synteny/inversion_recurrence.tsv
inversion_recurrence	317 | max_span_bp		165490	results/synteny/inversion_recurrence.tsv
inversion_recurrence	317 | any_at_least_large_span		False	results/synteny/inversion_recurrence.tsv
inversion_recurrence	317 | pairs		Cx_pallens_vs_Cx_pipiens	results/synteny/inversion_recurrence.tsv
inversion_recurrence	317 | members		Cx_pallens_vs_Cx_pipiens:NC_068937.1:82116028-82281519	results/synteny/inversion_recurrence.tsv
inversion_recurrence	318 | n_inversions		1	results/synteny/inversion_recurrence.tsv
inversion_recurrence	318 | n_pairs		1	results/synteny/inversion_recurrence.tsv
inversion_recurrence	318 | chromosomes		chr1	results/synteny/inversion_recurrence.tsv
inversion_recurrence	318 | max_span_bp		244958	results/synteny/inversion_recurrence.tsv
inversion_recurrence	318 | any_at_least_large_span		False	results/synteny/inversion_recurrence.tsv
inversion_recurrence	318 | pairs		Cx_pallens_vs_Cx_pipiens	results/synteny/inversion_recurrence.tsv
inversion_recurrence	318 | members		Cx_pallens_vs_Cx_pipiens:NC_068937.1:89482717-89727675	results/synteny/inversion_recurrence.tsv
inversion_recurrence	319 | n_inversions		1	results/synteny/inversion_recurrence.tsv
inversion_recurrence	319 | n_pairs		1	results/synteny/inversion_recurrence.tsv
inversion_recurrence	319 | chromosomes		chr1	results/synteny/inversion_recurrence.tsv
inversion_recurrence	319 | max_span_bp		932440	results/synteny/inversion_recurrence.tsv
inversion_recurrence	319 | any_at_least_large_span		False	results/synteny/inversion_recurrence.tsv
inversion_recurrence	319 | pairs		Cx_pallens_vs_Cx_pipiens	results/synteny/inversion_recurrence.tsv
inversion_recurrence	319 | members		Cx_pallens_vs_Cx_pipiens:NC_068937.1:90825712-91758152	results/synteny/inversion_recurrence.tsv
inversion_recurrence	320 | n_inversions		1	results/synteny/inversion_recurrence.tsv
inversion_recurrence	320 | n_pairs		1	results/synteny/inversion_recurrence.tsv
inversion_recurrence	320 | chromosomes		chr1	results/synteny/inversion_recurrence.tsv
inversion_recurrence	320 | max_span_bp		122450	results/synteny/inversion_recurrence.tsv
inversion_recurrence	320 | any_at_least_large_span		False	results/synteny/inversion_recurrence.tsv
inversion_recurrence	320 | pairs		Cx_pallens_vs_Cx_pipiens	results/synteny/inversion_recurrence.tsv
inversion_recurrence	320 | members		Cx_pallens_vs_Cx_pipiens:NC_068937.1:102462119-102584570	results/synteny/inversion_recurrence.tsv
inversion_recurrence	321 | n_inversions		1	results/synteny/inversion_recurrence.tsv
inversion_recurrence	321 | n_pairs		1	results/synteny/inversion_recurrence.tsv
inversion_recurrence	321 | chromosomes		chr1	results/synteny/inversion_recurrence.tsv
inversion_recurrence	321 | max_span_bp		248956	results/synteny/inversion_recurrence.tsv
inversion_recurrence	321 | any_at_least_large_span		False	results/synteny/inversion_recurrence.tsv
inversion_recurrence	321 | pairs		Cx_pallens_vs_Cx_pipiens	results/synteny/inversion_recurrence.tsv
inversion_recurrence	321 | members		Cx_pallens_vs_Cx_pipiens:NC_068937.1:105826087-106075043	results/synteny/inversion_recurrence.tsv
inversion_recurrence	322 | n_inversions		1	results/synteny/inversion_recurrence.tsv
inversion_recurrence	322 | n_pairs		1	results/synteny/inversion_recurrence.tsv
inversion_recurrence	322 | chromosomes		chr1	results/synteny/inversion_recurrence.tsv
inversion_recurrence	322 | max_span_bp		294079	results/synteny/inversion_recurrence.tsv
inversion_recurrence	322 | any_at_least_large_span		False	results/synteny/inversion_recurrence.tsv
inversion_recurrence	322 | pairs		Cx_pallens_vs_Cx_pipiens	results/synteny/inversion_recurrence.tsv
inversion_recurrence	322 | members		Cx_pallens_vs_Cx_pipiens:NC_068937.1:110323423-110617502	results/synteny/inversion_recurrence.tsv
inversion_recurrence	323 | n_inversions		2	results/synteny/inversion_recurrence.tsv
inversion_recurrence	323 | n_pairs		2	results/synteny/inversion_recurrence.tsv
inversion_recurrence	323 | chromosomes		chr1	results/synteny/inversion_recurrence.tsv
inversion_recurrence	323 | max_span_bp		503633	results/synteny/inversion_recurrence.tsv
inversion_recurrence	323 | genome_in_every_pair		Cx_pipiens	results/synteny/inversion_recurrence.tsv
inversion_recurrence	323 | any_at_least_large_span		False	results/synteny/inversion_recurrence.tsv
inversion_recurrence	323 | pairs		Cx_molestus_vs_Cx_pipiens;Cx_pallens_vs_Cx_pipiens	results/synteny/inversion_recurrence.tsv
inversion_recurrence	323 | members		Cx_pallens_vs_Cx_pipiens:NC_068937.1:127216479-127436157;Cx_molestus_vs_Cx_pipiens:CM044968.1:13293022-13796655	results/synteny/inversion_recurrence.tsv
inversion_recurrence	324 | n_inversions		1	results/synteny/inversion_recurrence.tsv
inversion_recurrence	324 | n_pairs		1	results/synteny/inversion_recurrence.tsv
inversion_recurrence	324 | chromosomes		chr2	results/synteny/inversion_recurrence.tsv
inversion_recurrence	324 | max_span_bp		239043	results/synteny/inversion_recurrence.tsv
inversion_recurrence	324 | any_at_least_large_span		False	results/synteny/inversion_recurrence.tsv
inversion_recurrence	324 | pairs		Cx_molestus_vs_Cx_pipiens	results/synteny/inversion_recurrence.tsv
inversion_recurrence	324 | members		Cx_molestus_vs_Cx_pipiens:CM044969.1:18241197-18480241	results/synteny/inversion_recurrence.tsv
inversion_recurrence	325 | n_inversions		1	results/synteny/inversion_recurrence.tsv
inversion_recurrence	325 | n_pairs		1	results/synteny/inversion_recurrence.tsv
inversion_recurrence	325 | chromosomes		chr2	results/synteny/inversion_recurrence.tsv
inversion_recurrence	325 | max_span_bp		473629	results/synteny/inversion_recurrence.tsv
inversion_recurrence	325 | any_at_least_large_span		False	results/synteny/inversion_recurrence.tsv
inversion_recurrence	325 | pairs		Cx_molestus_vs_Cx_pipiens	results/synteny/inversion_recurrence.tsv
inversion_recurrence	325 | members		Cx_molestus_vs_Cx_pipiens:CM044969.1:23710733-24184362	results/synteny/inversion_recurrence.tsv
inversion_recurrence	326 | n_inversions		1	results/synteny/inversion_recurrence.tsv
inversion_recurrence	326 | n_pairs		1	results/synteny/inversion_recurrence.tsv
inversion_recurrence	326 | chromosomes		chr2	results/synteny/inversion_recurrence.tsv
inversion_recurrence	326 | max_span_bp		192407	results/synteny/inversion_recurrence.tsv
inversion_recurrence	326 | any_at_least_large_span		False	results/synteny/inversion_recurrence.tsv
inversion_recurrence	326 | pairs		Cx_molestus_vs_Cx_pipiens	results/synteny/inversion_recurrence.tsv
inversion_recurrence	326 | members		Cx_molestus_vs_Cx_pipiens:CM044969.1:45238957-45431364	results/synteny/inversion_recurrence.tsv
inversion_recurrence	327 | n_inversions		1	results/synteny/inversion_recurrence.tsv
inversion_recurrence	327 | n_pairs		1	results/synteny/inversion_recurrence.tsv
inversion_recurrence	327 | chromosomes		chr2	results/synteny/inversion_recurrence.tsv
inversion_recurrence	327 | max_span_bp		196100	results/synteny/inversion_recurrence.tsv
inversion_recurrence	327 | any_at_least_large_span		False	results/synteny/inversion_recurrence.tsv
inversion_recurrence	327 | pairs		Cx_molestus_vs_Cx_pipiens	results/synteny/inversion_recurrence.tsv
inversion_recurrence	327 | members		Cx_molestus_vs_Cx_pipiens:CM044969.1:45470063-45666163	results/synteny/inversion_recurrence.tsv
inversion_recurrence	328 | n_inversions		1	results/synteny/inversion_recurrence.tsv
inversion_recurrence	328 | n_pairs		1	results/synteny/inversion_recurrence.tsv
inversion_recurrence	328 | chromosomes		chr2	results/synteny/inversion_recurrence.tsv
inversion_recurrence	328 | max_span_bp		129968	results/synteny/inversion_recurrence.tsv
inversion_recurrence	328 | any_at_least_large_span		False	results/synteny/inversion_recurrence.tsv
inversion_recurrence	328 | pairs		Cx_molestus_vs_Cx_pipiens	results/synteny/inversion_recurrence.tsv
inversion_recurrence	328 | members		Cx_molestus_vs_Cx_pipiens:CM044969.1:45755168-45885136	results/synteny/inversion_recurrence.tsv
inversion_recurrence	329 | n_inversions		1	results/synteny/inversion_recurrence.tsv
inversion_recurrence	329 | n_pairs		1	results/synteny/inversion_recurrence.tsv
inversion_recurrence	329 | chromosomes		chr2	results/synteny/inversion_recurrence.tsv
inversion_recurrence	329 | max_span_bp		160859	results/synteny/inversion_recurrence.tsv
inversion_recurrence	329 | any_at_least_large_span		False	results/synteny/inversion_recurrence.tsv
inversion_recurrence	329 | pairs		Cx_molestus_vs_Cx_pipiens	results/synteny/inversion_recurrence.tsv
inversion_recurrence	329 | members		Cx_molestus_vs_Cx_pipiens:CM044969.1:48611584-48772443	results/synteny/inversion_recurrence.tsv
inversion_recurrence	330 | n_inversions		1	results/synteny/inversion_recurrence.tsv
inversion_recurrence	330 | n_pairs		1	results/synteny/inversion_recurrence.tsv
inversion_recurrence	330 | chromosomes		chr2	results/synteny/inversion_recurrence.tsv
inversion_recurrence	330 | max_span_bp		158774	results/synteny/inversion_recurrence.tsv
inversion_recurrence	330 | any_at_least_large_span		False	results/synteny/inversion_recurrence.tsv
inversion_recurrence	330 | pairs		Cx_molestus_vs_Cx_pipiens	results/synteny/inversion_recurrence.tsv
inversion_recurrence	330 | members		Cx_molestus_vs_Cx_pipiens:CM044969.1:48777027-48935801	results/synteny/inversion_recurrence.tsv
inversion_recurrence	331 | n_inversions		1	results/synteny/inversion_recurrence.tsv
inversion_recurrence	331 | n_pairs		1	results/synteny/inversion_recurrence.tsv
inversion_recurrence	331 | chromosomes		chr2	results/synteny/inversion_recurrence.tsv
inversion_recurrence	331 | max_span_bp		221973	results/synteny/inversion_recurrence.tsv
inversion_recurrence	331 | any_at_least_large_span		False	results/synteny/inversion_recurrence.tsv
inversion_recurrence	331 | pairs		Cx_molestus_vs_Cx_pipiens	results/synteny/inversion_recurrence.tsv
inversion_recurrence	331 | members		Cx_molestus_vs_Cx_pipiens:CM044969.1:73301110-73523083	results/synteny/inversion_recurrence.tsv
inversion_recurrence	332 | n_inversions		1	results/synteny/inversion_recurrence.tsv
inversion_recurrence	332 | n_pairs		1	results/synteny/inversion_recurrence.tsv
inversion_recurrence	332 | chromosomes		chr2	results/synteny/inversion_recurrence.tsv
inversion_recurrence	332 | max_span_bp		531330	results/synteny/inversion_recurrence.tsv
inversion_recurrence	332 | any_at_least_large_span		False	results/synteny/inversion_recurrence.tsv
inversion_recurrence	332 | pairs		Cx_molestus_vs_Cx_pipiens	results/synteny/inversion_recurrence.tsv
inversion_recurrence	332 | members		Cx_molestus_vs_Cx_pipiens:CM044969.1:95757507-96288837	results/synteny/inversion_recurrence.tsv
inversion_recurrence	333 | n_inversions		1	results/synteny/inversion_recurrence.tsv
inversion_recurrence	333 | n_pairs		1	results/synteny/inversion_recurrence.tsv
inversion_recurrence	333 | chromosomes		chr2	results/synteny/inversion_recurrence.tsv
inversion_recurrence	333 | max_span_bp		159195	results/synteny/inversion_recurrence.tsv
inversion_recurrence	333 | any_at_least_large_span		False	results/synteny/inversion_recurrence.tsv
inversion_recurrence	333 | pairs		Cx_molestus_vs_Cx_pipiens	results/synteny/inversion_recurrence.tsv
inversion_recurrence	333 | members		Cx_molestus_vs_Cx_pipiens:CM044969.1:98687949-98847145	results/synteny/inversion_recurrence.tsv
inversion_recurrence	334 | n_inversions		1	results/synteny/inversion_recurrence.tsv
inversion_recurrence	334 | n_pairs		1	results/synteny/inversion_recurrence.tsv
inversion_recurrence	334 | chromosomes		chr2	results/synteny/inversion_recurrence.tsv
inversion_recurrence	334 | max_span_bp		111600	results/synteny/inversion_recurrence.tsv
inversion_recurrence	334 | any_at_least_large_span		False	results/synteny/inversion_recurrence.tsv
inversion_recurrence	334 | pairs		Cx_molestus_vs_Cx_pipiens	results/synteny/inversion_recurrence.tsv
inversion_recurrence	334 | members		Cx_molestus_vs_Cx_pipiens:CM044969.1:101706722-101818323	results/synteny/inversion_recurrence.tsv
inversion_recurrence	335 | n_inversions		1	results/synteny/inversion_recurrence.tsv
inversion_recurrence	335 | n_pairs		1	results/synteny/inversion_recurrence.tsv
inversion_recurrence	335 | chromosomes		chr2	results/synteny/inversion_recurrence.tsv
inversion_recurrence	335 | max_span_bp		101875	results/synteny/inversion_recurrence.tsv
inversion_recurrence	335 | any_at_least_large_span		False	results/synteny/inversion_recurrence.tsv
inversion_recurrence	335 | pairs		Cx_molestus_vs_Cx_pipiens	results/synteny/inversion_recurrence.tsv
inversion_recurrence	335 | members		Cx_molestus_vs_Cx_pipiens:CM044969.1:102387473-102489349	results/synteny/inversion_recurrence.tsv
inversion_recurrence	336 | n_inversions		1	results/synteny/inversion_recurrence.tsv
inversion_recurrence	336 | n_pairs		1	results/synteny/inversion_recurrence.tsv
inversion_recurrence	336 | chromosomes		chr2	results/synteny/inversion_recurrence.tsv
inversion_recurrence	336 | max_span_bp		513794	results/synteny/inversion_recurrence.tsv
inversion_recurrence	336 | any_at_least_large_span		False	results/synteny/inversion_recurrence.tsv
inversion_recurrence	336 | pairs		Cx_molestus_vs_Cx_pipiens	results/synteny/inversion_recurrence.tsv
inversion_recurrence	336 | members		Cx_molestus_vs_Cx_pipiens:CM044969.1:127288859-127802654	results/synteny/inversion_recurrence.tsv
inversion_recurrence	337 | n_inversions		1	results/synteny/inversion_recurrence.tsv
inversion_recurrence	337 | n_pairs		1	results/synteny/inversion_recurrence.tsv
inversion_recurrence	337 | chromosomes		chr2	results/synteny/inversion_recurrence.tsv
inversion_recurrence	337 | max_span_bp		113044	results/synteny/inversion_recurrence.tsv
inversion_recurrence	337 | any_at_least_large_span		False	results/synteny/inversion_recurrence.tsv
inversion_recurrence	337 | pairs		Cx_molestus_vs_Cx_pipiens	results/synteny/inversion_recurrence.tsv
inversion_recurrence	337 | members		Cx_molestus_vs_Cx_pipiens:CM044969.1:138384141-138497185	results/synteny/inversion_recurrence.tsv
inversion_recurrence	338 | n_inversions		1	results/synteny/inversion_recurrence.tsv
inversion_recurrence	338 | n_pairs		1	results/synteny/inversion_recurrence.tsv
inversion_recurrence	338 | chromosomes		chr2	results/synteny/inversion_recurrence.tsv
inversion_recurrence	338 | max_span_bp		126333	results/synteny/inversion_recurrence.tsv
inversion_recurrence	338 | any_at_least_large_span		False	results/synteny/inversion_recurrence.tsv
inversion_recurrence	338 | pairs		Cx_molestus_vs_Cx_pipiens	results/synteny/inversion_recurrence.tsv
inversion_recurrence	338 | members		Cx_molestus_vs_Cx_pipiens:CM044969.1:145927530-146053864	results/synteny/inversion_recurrence.tsv
inversion_recurrence	339 | n_inversions		1	results/synteny/inversion_recurrence.tsv
inversion_recurrence	339 | n_pairs		1	results/synteny/inversion_recurrence.tsv
inversion_recurrence	339 | chromosomes		chr2	results/synteny/inversion_recurrence.tsv
inversion_recurrence	339 | max_span_bp		384129	results/synteny/inversion_recurrence.tsv
inversion_recurrence	339 | any_at_least_large_span		False	results/synteny/inversion_recurrence.tsv
inversion_recurrence	339 | pairs		Cx_molestus_vs_Cx_pipiens	results/synteny/inversion_recurrence.tsv
inversion_recurrence	339 | members		Cx_molestus_vs_Cx_pipiens:CM044969.1:152769571-153153700	results/synteny/inversion_recurrence.tsv
inversion_recurrence	340 | n_inversions		1	results/synteny/inversion_recurrence.tsv
inversion_recurrence	340 | n_pairs		1	results/synteny/inversion_recurrence.tsv
inversion_recurrence	340 | chromosomes		chr2	results/synteny/inversion_recurrence.tsv
inversion_recurrence	340 | max_span_bp		142898	results/synteny/inversion_recurrence.tsv
inversion_recurrence	340 | any_at_least_large_span		False	results/synteny/inversion_recurrence.tsv
inversion_recurrence	340 | pairs		Cx_molestus_vs_Cx_pipiens	results/synteny/inversion_recurrence.tsv
inversion_recurrence	340 | members		Cx_molestus_vs_Cx_pipiens:CM044969.1:184303475-184446373	results/synteny/inversion_recurrence.tsv
inversion_recurrence	341 | n_inversions		1	results/synteny/inversion_recurrence.tsv
inversion_recurrence	341 | n_pairs		1	results/synteny/inversion_recurrence.tsv
inversion_recurrence	341 | chromosomes		chr2	results/synteny/inversion_recurrence.tsv
inversion_recurrence	341 | max_span_bp		234776	results/synteny/inversion_recurrence.tsv
inversion_recurrence	341 | any_at_least_large_span		False	results/synteny/inversion_recurrence.tsv
inversion_recurrence	341 | pairs		Cx_molestus_vs_Cx_pipiens	results/synteny/inversion_recurrence.tsv
inversion_recurrence	341 | members		Cx_molestus_vs_Cx_pipiens:CM044969.1:184932995-185167772	results/synteny/inversion_recurrence.tsv
inversion_recurrence	342 | n_inversions		1	results/synteny/inversion_recurrence.tsv
inversion_recurrence	342 | n_pairs		1	results/synteny/inversion_recurrence.tsv
inversion_recurrence	342 | chromosomes		chr2	results/synteny/inversion_recurrence.tsv
inversion_recurrence	342 | max_span_bp		220343	results/synteny/inversion_recurrence.tsv
inversion_recurrence	342 | any_at_least_large_span		False	results/synteny/inversion_recurrence.tsv
inversion_recurrence	342 | pairs		Cx_molestus_vs_Cx_pipiens	results/synteny/inversion_recurrence.tsv
inversion_recurrence	342 | members		Cx_molestus_vs_Cx_pipiens:CM044969.1:186462960-186683303	results/synteny/inversion_recurrence.tsv
inversion_recurrence	343 | n_inversions		1	results/synteny/inversion_recurrence.tsv
inversion_recurrence	343 | n_pairs		1	results/synteny/inversion_recurrence.tsv
inversion_recurrence	343 | chromosomes		chr2	results/synteny/inversion_recurrence.tsv
inversion_recurrence	343 | max_span_bp		140962	results/synteny/inversion_recurrence.tsv
inversion_recurrence	343 | any_at_least_large_span		False	results/synteny/inversion_recurrence.tsv
inversion_recurrence	343 | pairs		Cx_molestus_vs_Cx_pipiens	results/synteny/inversion_recurrence.tsv
inversion_recurrence	343 | members		Cx_molestus_vs_Cx_pipiens:CM044969.1:194301618-194442581	results/synteny/inversion_recurrence.tsv
inversion_recurrence	344 | n_inversions		1	results/synteny/inversion_recurrence.tsv
inversion_recurrence	344 | n_pairs		1	results/synteny/inversion_recurrence.tsv
inversion_recurrence	344 | chromosomes		chr2	results/synteny/inversion_recurrence.tsv
inversion_recurrence	344 | max_span_bp		152231	results/synteny/inversion_recurrence.tsv
inversion_recurrence	344 | any_at_least_large_span		False	results/synteny/inversion_recurrence.tsv
inversion_recurrence	344 | pairs		Cx_molestus_vs_Cx_pipiens	results/synteny/inversion_recurrence.tsv
inversion_recurrence	344 | members		Cx_molestus_vs_Cx_pipiens:CM044969.1:206872080-207024311	results/synteny/inversion_recurrence.tsv
inversion_recurrence	345 | n_inversions		1	results/synteny/inversion_recurrence.tsv
inversion_recurrence	345 | n_pairs		1	results/synteny/inversion_recurrence.tsv
inversion_recurrence	345 | chromosomes		chr2	results/synteny/inversion_recurrence.tsv
inversion_recurrence	345 | max_span_bp		217516	results/synteny/inversion_recurrence.tsv
inversion_recurrence	345 | any_at_least_large_span		False	results/synteny/inversion_recurrence.tsv
inversion_recurrence	345 | pairs		Cx_molestus_vs_Cx_pipiens	results/synteny/inversion_recurrence.tsv
inversion_recurrence	345 | members		Cx_molestus_vs_Cx_pipiens:CM044969.1:207773632-207991148	results/synteny/inversion_recurrence.tsv
inversion_recurrence	346 | n_inversions		1	results/synteny/inversion_recurrence.tsv
inversion_recurrence	346 | n_pairs		1	results/synteny/inversion_recurrence.tsv
inversion_recurrence	346 | chromosomes		chr3	results/synteny/inversion_recurrence.tsv
inversion_recurrence	346 | max_span_bp		257533	results/synteny/inversion_recurrence.tsv
inversion_recurrence	346 | any_at_least_large_span		False	results/synteny/inversion_recurrence.tsv
inversion_recurrence	346 | pairs		Cx_molestus_vs_Cx_pipiens	results/synteny/inversion_recurrence.tsv
inversion_recurrence	346 | members		Cx_molestus_vs_Cx_pipiens:CM044970.1:31946078-32203611	results/synteny/inversion_recurrence.tsv
inversion_recurrence	347 | n_inversions		1	results/synteny/inversion_recurrence.tsv
inversion_recurrence	347 | n_pairs		1	results/synteny/inversion_recurrence.tsv
inversion_recurrence	347 | chromosomes		chr3	results/synteny/inversion_recurrence.tsv
inversion_recurrence	347 | max_span_bp		308691	results/synteny/inversion_recurrence.tsv
inversion_recurrence	347 | any_at_least_large_span		False	results/synteny/inversion_recurrence.tsv
inversion_recurrence	347 | pairs		Cx_molestus_vs_Cx_pipiens	results/synteny/inversion_recurrence.tsv
inversion_recurrence	347 | members		Cx_molestus_vs_Cx_pipiens:CM044970.1:38374819-38683511	results/synteny/inversion_recurrence.tsv
inversion_recurrence	348 | n_inversions		1	results/synteny/inversion_recurrence.tsv
inversion_recurrence	348 | n_pairs		1	results/synteny/inversion_recurrence.tsv
inversion_recurrence	348 | chromosomes		chr3	results/synteny/inversion_recurrence.tsv
inversion_recurrence	348 | max_span_bp		249781	results/synteny/inversion_recurrence.tsv
inversion_recurrence	348 | any_at_least_large_span		False	results/synteny/inversion_recurrence.tsv
inversion_recurrence	348 | pairs		Cx_molestus_vs_Cx_pipiens	results/synteny/inversion_recurrence.tsv
inversion_recurrence	348 | members		Cx_molestus_vs_Cx_pipiens:CM044970.1:50839054-51088835	results/synteny/inversion_recurrence.tsv
inversion_recurrence	349 | n_inversions		1	results/synteny/inversion_recurrence.tsv
inversion_recurrence	349 | n_pairs		1	results/synteny/inversion_recurrence.tsv
inversion_recurrence	349 | chromosomes		chr3	results/synteny/inversion_recurrence.tsv
inversion_recurrence	349 | max_span_bp		277496	results/synteny/inversion_recurrence.tsv
inversion_recurrence	349 | any_at_least_large_span		False	results/synteny/inversion_recurrence.tsv
inversion_recurrence	349 | pairs		Cx_molestus_vs_Cx_pipiens	results/synteny/inversion_recurrence.tsv
inversion_recurrence	349 | members		Cx_molestus_vs_Cx_pipiens:CM044970.1:52055688-52333184	results/synteny/inversion_recurrence.tsv
inversion_recurrence	350 | n_inversions		1	results/synteny/inversion_recurrence.tsv
inversion_recurrence	350 | n_pairs		1	results/synteny/inversion_recurrence.tsv
inversion_recurrence	350 | chromosomes		chr3	results/synteny/inversion_recurrence.tsv
inversion_recurrence	350 | max_span_bp		192699	results/synteny/inversion_recurrence.tsv
inversion_recurrence	350 | any_at_least_large_span		False	results/synteny/inversion_recurrence.tsv
inversion_recurrence	350 | pairs		Cx_molestus_vs_Cx_pipiens	results/synteny/inversion_recurrence.tsv
inversion_recurrence	350 | members		Cx_molestus_vs_Cx_pipiens:CM044970.1:52843175-53035874	results/synteny/inversion_recurrence.tsv
inversion_recurrence	351 | n_inversions		1	results/synteny/inversion_recurrence.tsv
inversion_recurrence	351 | n_pairs		1	results/synteny/inversion_recurrence.tsv
inversion_recurrence	351 | chromosomes		chr3	results/synteny/inversion_recurrence.tsv
inversion_recurrence	351 | max_span_bp		133154	results/synteny/inversion_recurrence.tsv
inversion_recurrence	351 | any_at_least_large_span		False	results/synteny/inversion_recurrence.tsv
inversion_recurrence	351 | pairs		Cx_molestus_vs_Cx_pipiens	results/synteny/inversion_recurrence.tsv
inversion_recurrence	351 | members		Cx_molestus_vs_Cx_pipiens:CM044970.1:80887754-81020909	results/synteny/inversion_recurrence.tsv
inversion_recurrence	352 | n_inversions		1	results/synteny/inversion_recurrence.tsv
inversion_recurrence	352 | n_pairs		1	results/synteny/inversion_recurrence.tsv
inversion_recurrence	352 | chromosomes		chr3	results/synteny/inversion_recurrence.tsv
inversion_recurrence	352 | max_span_bp		555928	results/synteny/inversion_recurrence.tsv
inversion_recurrence	352 | any_at_least_large_span		False	results/synteny/inversion_recurrence.tsv
inversion_recurrence	352 | pairs		Cx_molestus_vs_Cx_pipiens	results/synteny/inversion_recurrence.tsv
inversion_recurrence	352 | members		Cx_molestus_vs_Cx_pipiens:CM044970.1:99201533-99757461	results/synteny/inversion_recurrence.tsv
inversion_recurrence	353 | n_inversions		1	results/synteny/inversion_recurrence.tsv
inversion_recurrence	353 | n_pairs		1	results/synteny/inversion_recurrence.tsv
inversion_recurrence	353 | chromosomes		chr3	results/synteny/inversion_recurrence.tsv
inversion_recurrence	353 | max_span_bp		278197	results/synteny/inversion_recurrence.tsv
inversion_recurrence	353 | any_at_least_large_span		False	results/synteny/inversion_recurrence.tsv
inversion_recurrence	353 | pairs		Cx_molestus_vs_Cx_pipiens	results/synteny/inversion_recurrence.tsv
inversion_recurrence	353 | members		Cx_molestus_vs_Cx_pipiens:CM044970.1:100774637-101052835	results/synteny/inversion_recurrence.tsv
inversion_recurrence	354 | n_inversions		1	results/synteny/inversion_recurrence.tsv
inversion_recurrence	354 | n_pairs		1	results/synteny/inversion_recurrence.tsv
inversion_recurrence	354 | chromosomes		chr3	results/synteny/inversion_recurrence.tsv
inversion_recurrence	354 | max_span_bp		336731	results/synteny/inversion_recurrence.tsv
inversion_recurrence	354 | any_at_least_large_span		False	results/synteny/inversion_recurrence.tsv
inversion_recurrence	354 | pairs		Cx_molestus_vs_Cx_pipiens	results/synteny/inversion_recurrence.tsv
inversion_recurrence	354 | members		Cx_molestus_vs_Cx_pipiens:CM044970.1:101470235-101806966	results/synteny/inversion_recurrence.tsv
inversion_recurrence	355 | n_inversions		1	results/synteny/inversion_recurrence.tsv
inversion_recurrence	355 | n_pairs		1	results/synteny/inversion_recurrence.tsv
inversion_recurrence	355 | chromosomes		chr3	results/synteny/inversion_recurrence.tsv
inversion_recurrence	355 | max_span_bp		256481	results/synteny/inversion_recurrence.tsv
inversion_recurrence	355 | any_at_least_large_span		False	results/synteny/inversion_recurrence.tsv
inversion_recurrence	355 | pairs		Cx_molestus_vs_Cx_pipiens	results/synteny/inversion_recurrence.tsv
inversion_recurrence	355 | members		Cx_molestus_vs_Cx_pipiens:CM044970.1:103952098-104208579	results/synteny/inversion_recurrence.tsv
inversion_recurrence	356 | n_inversions		1	results/synteny/inversion_recurrence.tsv
inversion_recurrence	356 | n_pairs		1	results/synteny/inversion_recurrence.tsv
inversion_recurrence	356 | chromosomes		chr3	results/synteny/inversion_recurrence.tsv
inversion_recurrence	356 | max_span_bp		1272932	results/synteny/inversion_recurrence.tsv
inversion_recurrence	356 | any_at_least_large_span		True	results/synteny/inversion_recurrence.tsv
inversion_recurrence	356 | pairs		Cx_molestus_vs_Cx_pipiens	results/synteny/inversion_recurrence.tsv
inversion_recurrence	356 | members		Cx_molestus_vs_Cx_pipiens:CM044970.1:104411069-105684001	results/synteny/inversion_recurrence.tsv
inversion_recurrence	357 | n_inversions		1	results/synteny/inversion_recurrence.tsv
inversion_recurrence	357 | n_pairs		1	results/synteny/inversion_recurrence.tsv
inversion_recurrence	357 | chromosomes		chr3	results/synteny/inversion_recurrence.tsv
inversion_recurrence	357 | max_span_bp		152078	results/synteny/inversion_recurrence.tsv
inversion_recurrence	357 | any_at_least_large_span		False	results/synteny/inversion_recurrence.tsv
inversion_recurrence	357 | pairs		Cx_molestus_vs_Cx_pipiens	results/synteny/inversion_recurrence.tsv
inversion_recurrence	357 | members		Cx_molestus_vs_Cx_pipiens:CM044970.1:106467435-106619514	results/synteny/inversion_recurrence.tsv
inversion_recurrence	358 | n_inversions		1	results/synteny/inversion_recurrence.tsv
inversion_recurrence	358 | n_pairs		1	results/synteny/inversion_recurrence.tsv
inversion_recurrence	358 | chromosomes		chr3	results/synteny/inversion_recurrence.tsv
inversion_recurrence	358 | max_span_bp		197702	results/synteny/inversion_recurrence.tsv
inversion_recurrence	358 | any_at_least_large_span		False	results/synteny/inversion_recurrence.tsv
inversion_recurrence	358 | pairs		Cx_molestus_vs_Cx_pipiens	results/synteny/inversion_recurrence.tsv
inversion_recurrence	358 | members		Cx_molestus_vs_Cx_pipiens:CM044970.1:106981147-107178850	results/synteny/inversion_recurrence.tsv
inversion_recurrence	359 | n_inversions		1	results/synteny/inversion_recurrence.tsv
inversion_recurrence	359 | n_pairs		1	results/synteny/inversion_recurrence.tsv
inversion_recurrence	359 | chromosomes		chr3	results/synteny/inversion_recurrence.tsv
inversion_recurrence	359 | max_span_bp		103410	results/synteny/inversion_recurrence.tsv
inversion_recurrence	359 | any_at_least_large_span		False	results/synteny/inversion_recurrence.tsv
inversion_recurrence	359 | pairs		Cx_molestus_vs_Cx_pipiens	results/synteny/inversion_recurrence.tsv
inversion_recurrence	359 | members		Cx_molestus_vs_Cx_pipiens:CM044970.1:107467497-107570907	results/synteny/inversion_recurrence.tsv
inversion_recurrence	360 | n_inversions		1	results/synteny/inversion_recurrence.tsv
inversion_recurrence	360 | n_pairs		1	results/synteny/inversion_recurrence.tsv
inversion_recurrence	360 | chromosomes		chr3	results/synteny/inversion_recurrence.tsv
inversion_recurrence	360 | max_span_bp		118038	results/synteny/inversion_recurrence.tsv
inversion_recurrence	360 | any_at_least_large_span		False	results/synteny/inversion_recurrence.tsv
inversion_recurrence	360 | pairs		Cx_molestus_vs_Cx_pipiens	results/synteny/inversion_recurrence.tsv
inversion_recurrence	360 | members		Cx_molestus_vs_Cx_pipiens:CM044970.1:107754613-107872652	results/synteny/inversion_recurrence.tsv
inversion_recurrence	361 | n_inversions		1	results/synteny/inversion_recurrence.tsv
inversion_recurrence	361 | n_pairs		1	results/synteny/inversion_recurrence.tsv
inversion_recurrence	361 | chromosomes		chr3	results/synteny/inversion_recurrence.tsv
inversion_recurrence	361 | max_span_bp		182606	results/synteny/inversion_recurrence.tsv
inversion_recurrence	361 | any_at_least_large_span		False	results/synteny/inversion_recurrence.tsv
inversion_recurrence	361 | pairs		Cx_molestus_vs_Cx_pipiens	results/synteny/inversion_recurrence.tsv
inversion_recurrence	361 | members		Cx_molestus_vs_Cx_pipiens:CM044970.1:108065121-108247727	results/synteny/inversion_recurrence.tsv
inversion_recurrence	362 | n_inversions		1	results/synteny/inversion_recurrence.tsv
inversion_recurrence	362 | n_pairs		1	results/synteny/inversion_recurrence.tsv
inversion_recurrence	362 | chromosomes		chr3	results/synteny/inversion_recurrence.tsv
inversion_recurrence	362 | max_span_bp		156629	results/synteny/inversion_recurrence.tsv
inversion_recurrence	362 | any_at_least_large_span		False	results/synteny/inversion_recurrence.tsv
inversion_recurrence	362 | pairs		Cx_molestus_vs_Cx_pipiens	results/synteny/inversion_recurrence.tsv
inversion_recurrence	362 | members		Cx_molestus_vs_Cx_pipiens:CM044970.1:109469619-109626248	results/synteny/inversion_recurrence.tsv
inversion_recurrence	363 | n_inversions		1	results/synteny/inversion_recurrence.tsv
inversion_recurrence	363 | n_pairs		1	results/synteny/inversion_recurrence.tsv
inversion_recurrence	363 | chromosomes		chr3	results/synteny/inversion_recurrence.tsv
inversion_recurrence	363 | max_span_bp		654511	results/synteny/inversion_recurrence.tsv
inversion_recurrence	363 | any_at_least_large_span		False	results/synteny/inversion_recurrence.tsv
inversion_recurrence	363 | pairs		Cx_molestus_vs_Cx_pipiens	results/synteny/inversion_recurrence.tsv
inversion_recurrence	363 | members		Cx_molestus_vs_Cx_pipiens:CM044970.1:110490353-111144864	results/synteny/inversion_recurrence.tsv
inversion_recurrence	364 | n_inversions		1	results/synteny/inversion_recurrence.tsv
inversion_recurrence	364 | n_pairs		1	results/synteny/inversion_recurrence.tsv
inversion_recurrence	364 | chromosomes		chr3	results/synteny/inversion_recurrence.tsv
inversion_recurrence	364 | max_span_bp		217649	results/synteny/inversion_recurrence.tsv
inversion_recurrence	364 | any_at_least_large_span		False	results/synteny/inversion_recurrence.tsv
inversion_recurrence	364 | pairs		Cx_molestus_vs_Cx_pipiens	results/synteny/inversion_recurrence.tsv
inversion_recurrence	364 | members		Cx_molestus_vs_Cx_pipiens:CM044970.1:114264669-114482318	results/synteny/inversion_recurrence.tsv
inversion_recurrence	365 | n_inversions		1	results/synteny/inversion_recurrence.tsv
inversion_recurrence	365 | n_pairs		1	results/synteny/inversion_recurrence.tsv
inversion_recurrence	365 | chromosomes		chr3	results/synteny/inversion_recurrence.tsv
inversion_recurrence	365 | max_span_bp		158029	results/synteny/inversion_recurrence.tsv
inversion_recurrence	365 | any_at_least_large_span		False	results/synteny/inversion_recurrence.tsv
inversion_recurrence	365 | pairs		Cx_molestus_vs_Cx_pipiens	results/synteny/inversion_recurrence.tsv
inversion_recurrence	365 | members		Cx_molestus_vs_Cx_pipiens:CM044970.1:115042569-115200599	results/synteny/inversion_recurrence.tsv
inversion_recurrence	366 | n_inversions		1	results/synteny/inversion_recurrence.tsv
inversion_recurrence	366 | n_pairs		1	results/synteny/inversion_recurrence.tsv
inversion_recurrence	366 | chromosomes		chr3	results/synteny/inversion_recurrence.tsv
inversion_recurrence	366 | max_span_bp		187426	results/synteny/inversion_recurrence.tsv
inversion_recurrence	366 | any_at_least_large_span		False	results/synteny/inversion_recurrence.tsv
inversion_recurrence	366 | pairs		Cx_molestus_vs_Cx_pipiens	results/synteny/inversion_recurrence.tsv
inversion_recurrence	366 | members		Cx_molestus_vs_Cx_pipiens:CM044970.1:116282468-116469894	results/synteny/inversion_recurrence.tsv
inversion_recurrence	367 | n_inversions		1	results/synteny/inversion_recurrence.tsv
inversion_recurrence	367 | n_pairs		1	results/synteny/inversion_recurrence.tsv
inversion_recurrence	367 | chromosomes		chr3	results/synteny/inversion_recurrence.tsv
inversion_recurrence	367 | max_span_bp		220942	results/synteny/inversion_recurrence.tsv
inversion_recurrence	367 | any_at_least_large_span		False	results/synteny/inversion_recurrence.tsv
inversion_recurrence	367 | pairs		Cx_molestus_vs_Cx_pipiens	results/synteny/inversion_recurrence.tsv
inversion_recurrence	367 | members		Cx_molestus_vs_Cx_pipiens:CM044970.1:117132967-117353909	results/synteny/inversion_recurrence.tsv
inversion_recurrence	368 | n_inversions		1	results/synteny/inversion_recurrence.tsv
inversion_recurrence	368 | n_pairs		1	results/synteny/inversion_recurrence.tsv
inversion_recurrence	368 | chromosomes		chr3	results/synteny/inversion_recurrence.tsv
inversion_recurrence	368 | max_span_bp		120983	results/synteny/inversion_recurrence.tsv
inversion_recurrence	368 | any_at_least_large_span		False	results/synteny/inversion_recurrence.tsv
inversion_recurrence	368 | pairs		Cx_molestus_vs_Cx_pipiens	results/synteny/inversion_recurrence.tsv
inversion_recurrence	368 | members		Cx_molestus_vs_Cx_pipiens:CM044970.1:120109497-120230480	results/synteny/inversion_recurrence.tsv
inversion_recurrence	369 | n_inversions		1	results/synteny/inversion_recurrence.tsv
inversion_recurrence	369 | n_pairs		1	results/synteny/inversion_recurrence.tsv
inversion_recurrence	369 | chromosomes		chr3	results/synteny/inversion_recurrence.tsv
inversion_recurrence	369 | max_span_bp		233753	results/synteny/inversion_recurrence.tsv
inversion_recurrence	369 | any_at_least_large_span		False	results/synteny/inversion_recurrence.tsv
inversion_recurrence	369 | pairs		Cx_molestus_vs_Cx_pipiens	results/synteny/inversion_recurrence.tsv
inversion_recurrence	369 | members		Cx_molestus_vs_Cx_pipiens:CM044970.1:127417740-127651493	results/synteny/inversion_recurrence.tsv
inversion_recurrence	370 | n_inversions		1	results/synteny/inversion_recurrence.tsv
inversion_recurrence	370 | n_pairs		1	results/synteny/inversion_recurrence.tsv
inversion_recurrence	370 | chromosomes		chr3	results/synteny/inversion_recurrence.tsv
inversion_recurrence	370 | max_span_bp		207299	results/synteny/inversion_recurrence.tsv
inversion_recurrence	370 | any_at_least_large_span		False	results/synteny/inversion_recurrence.tsv
inversion_recurrence	370 | pairs		Cx_molestus_vs_Cx_pipiens	results/synteny/inversion_recurrence.tsv
inversion_recurrence	370 | members		Cx_molestus_vs_Cx_pipiens:CM044970.1:152571411-152778710	results/synteny/inversion_recurrence.tsv
inversion_recurrence	371 | n_inversions		1	results/synteny/inversion_recurrence.tsv
inversion_recurrence	371 | n_pairs		1	results/synteny/inversion_recurrence.tsv
inversion_recurrence	371 | chromosomes		chr3	results/synteny/inversion_recurrence.tsv
inversion_recurrence	371 | max_span_bp		147282	results/synteny/inversion_recurrence.tsv
inversion_recurrence	371 | any_at_least_large_span		False	results/synteny/inversion_recurrence.tsv
inversion_recurrence	371 | pairs		Cx_molestus_vs_Cx_pipiens	results/synteny/inversion_recurrence.tsv
inversion_recurrence	371 | members		Cx_molestus_vs_Cx_pipiens:CM044970.1:153329489-153476772	results/synteny/inversion_recurrence.tsv
inversion_recurrence	372 | n_inversions		1	results/synteny/inversion_recurrence.tsv
inversion_recurrence	372 | n_pairs		1	results/synteny/inversion_recurrence.tsv
inversion_recurrence	372 | chromosomes		chr3	results/synteny/inversion_recurrence.tsv
inversion_recurrence	372 | max_span_bp		124625	results/synteny/inversion_recurrence.tsv
inversion_recurrence	372 | any_at_least_large_span		False	results/synteny/inversion_recurrence.tsv
inversion_recurrence	372 | pairs		Cx_molestus_vs_Cx_pipiens	results/synteny/inversion_recurrence.tsv
inversion_recurrence	372 | members		Cx_molestus_vs_Cx_pipiens:CM044970.1:155179664-155304290	results/synteny/inversion_recurrence.tsv
inversion_recurrence	373 | n_inversions		1	results/synteny/inversion_recurrence.tsv
inversion_recurrence	373 | n_pairs		1	results/synteny/inversion_recurrence.tsv
inversion_recurrence	373 | chromosomes		chr3	results/synteny/inversion_recurrence.tsv
inversion_recurrence	373 | max_span_bp		123888	results/synteny/inversion_recurrence.tsv
inversion_recurrence	373 | any_at_least_large_span		False	results/synteny/inversion_recurrence.tsv
inversion_recurrence	373 | pairs		Cx_molestus_vs_Cx_pipiens	results/synteny/inversion_recurrence.tsv
inversion_recurrence	373 | members		Cx_molestus_vs_Cx_pipiens:CM044970.1:159081465-159205354	results/synteny/inversion_recurrence.tsv
inversion_recurrence	374 | n_inversions		1	results/synteny/inversion_recurrence.tsv
inversion_recurrence	374 | n_pairs		1	results/synteny/inversion_recurrence.tsv
inversion_recurrence	374 | chromosomes		chr3	results/synteny/inversion_recurrence.tsv
inversion_recurrence	374 | max_span_bp		121278	results/synteny/inversion_recurrence.tsv
inversion_recurrence	374 | any_at_least_large_span		False	results/synteny/inversion_recurrence.tsv
inversion_recurrence	374 | pairs		Cx_molestus_vs_Cx_pipiens	results/synteny/inversion_recurrence.tsv
inversion_recurrence	374 | members		Cx_molestus_vs_Cx_pipiens:CM044970.1:167065408-167186686	results/synteny/inversion_recurrence.tsv
inversion_recurrence	375 | n_inversions		1	results/synteny/inversion_recurrence.tsv
inversion_recurrence	375 | n_pairs		1	results/synteny/inversion_recurrence.tsv
inversion_recurrence	375 | chromosomes		chr3	results/synteny/inversion_recurrence.tsv
inversion_recurrence	375 | max_span_bp		179625	results/synteny/inversion_recurrence.tsv
inversion_recurrence	375 | any_at_least_large_span		False	results/synteny/inversion_recurrence.tsv
inversion_recurrence	375 | pairs		Cx_molestus_vs_Cx_pipiens	results/synteny/inversion_recurrence.tsv
inversion_recurrence	375 | members		Cx_molestus_vs_Cx_pipiens:CM044970.1:168771274-168950899	results/synteny/inversion_recurrence.tsv
inversion_recurrence	376 | n_inversions		1	results/synteny/inversion_recurrence.tsv
inversion_recurrence	376 | n_pairs		1	results/synteny/inversion_recurrence.tsv
inversion_recurrence	376 | chromosomes		chr3	results/synteny/inversion_recurrence.tsv
inversion_recurrence	376 | max_span_bp		176668	results/synteny/inversion_recurrence.tsv
inversion_recurrence	376 | any_at_least_large_span		False	results/synteny/inversion_recurrence.tsv
inversion_recurrence	376 | pairs		Cx_molestus_vs_Cx_pipiens	results/synteny/inversion_recurrence.tsv
inversion_recurrence	376 | members		Cx_molestus_vs_Cx_pipiens:CM044970.1:200411807-200588476	results/synteny/inversion_recurrence.tsv
inversion_recurrence	377 | n_inversions		1	results/synteny/inversion_recurrence.tsv
inversion_recurrence	377 | n_pairs		1	results/synteny/inversion_recurrence.tsv
inversion_recurrence	377 | chromosomes		chr1	results/synteny/inversion_recurrence.tsv
inversion_recurrence	377 | max_span_bp		516236	results/synteny/inversion_recurrence.tsv
inversion_recurrence	377 | any_at_least_large_span		False	results/synteny/inversion_recurrence.tsv
inversion_recurrence	377 | pairs		Cx_molestus_vs_Cx_pipiens	results/synteny/inversion_recurrence.tsv
inversion_recurrence	377 | members		Cx_molestus_vs_Cx_pipiens:CM044968.1:882853-1399089	results/synteny/inversion_recurrence.tsv
inversion_recurrence	378 | n_inversions		1	results/synteny/inversion_recurrence.tsv
inversion_recurrence	378 | n_pairs		1	results/synteny/inversion_recurrence.tsv
inversion_recurrence	378 | chromosomes		chr1	results/synteny/inversion_recurrence.tsv
inversion_recurrence	378 | max_span_bp		411144	results/synteny/inversion_recurrence.tsv
inversion_recurrence	378 | any_at_least_large_span		False	results/synteny/inversion_recurrence.tsv
inversion_recurrence	378 | pairs		Cx_molestus_vs_Cx_pipiens	results/synteny/inversion_recurrence.tsv
inversion_recurrence	378 | members		Cx_molestus_vs_Cx_pipiens:CM044968.1:28750595-29161739	results/synteny/inversion_recurrence.tsv
inversion_recurrence	379 | n_inversions		1	results/synteny/inversion_recurrence.tsv
inversion_recurrence	379 | n_pairs		1	results/synteny/inversion_recurrence.tsv
inversion_recurrence	379 | chromosomes		chr1	results/synteny/inversion_recurrence.tsv
inversion_recurrence	379 | max_span_bp		369871	results/synteny/inversion_recurrence.tsv
inversion_recurrence	379 | any_at_least_large_span		False	results/synteny/inversion_recurrence.tsv
inversion_recurrence	379 | pairs		Cx_molestus_vs_Cx_pipiens	results/synteny/inversion_recurrence.tsv
inversion_recurrence	379 | members		Cx_molestus_vs_Cx_pipiens:CM044968.1:37149383-37519254	results/synteny/inversion_recurrence.tsv
inversion_recurrence	380 | n_inversions		1	results/synteny/inversion_recurrence.tsv
inversion_recurrence	380 | n_pairs		1	results/synteny/inversion_recurrence.tsv
inversion_recurrence	380 | chromosomes		chr1	results/synteny/inversion_recurrence.tsv
inversion_recurrence	380 | max_span_bp		261000	results/synteny/inversion_recurrence.tsv
inversion_recurrence	380 | any_at_least_large_span		False	results/synteny/inversion_recurrence.tsv
inversion_recurrence	380 | pairs		Cx_molestus_vs_Cx_pipiens	results/synteny/inversion_recurrence.tsv
inversion_recurrence	380 | members		Cx_molestus_vs_Cx_pipiens:CM044968.1:43905413-44166413	results/synteny/inversion_recurrence.tsv
inversion_recurrence	381 | n_inversions		1	results/synteny/inversion_recurrence.tsv
inversion_recurrence	381 | n_pairs		1	results/synteny/inversion_recurrence.tsv
inversion_recurrence	381 | chromosomes		chr1	results/synteny/inversion_recurrence.tsv
inversion_recurrence	381 | max_span_bp		318917	results/synteny/inversion_recurrence.tsv
inversion_recurrence	381 | any_at_least_large_span		False	results/synteny/inversion_recurrence.tsv
inversion_recurrence	381 | pairs		Cx_molestus_vs_Cx_pipiens	results/synteny/inversion_recurrence.tsv
inversion_recurrence	381 | members		Cx_molestus_vs_Cx_pipiens:CM044968.1:47012545-47331462	results/synteny/inversion_recurrence.tsv
inversion_recurrence	382 | n_inversions		1	results/synteny/inversion_recurrence.tsv
inversion_recurrence	382 | n_pairs		1	results/synteny/inversion_recurrence.tsv
inversion_recurrence	382 | chromosomes		chr1	results/synteny/inversion_recurrence.tsv
inversion_recurrence	382 | max_span_bp		269442	results/synteny/inversion_recurrence.tsv
inversion_recurrence	382 | any_at_least_large_span		False	results/synteny/inversion_recurrence.tsv
inversion_recurrence	382 | pairs		Cx_molestus_vs_Cx_pipiens	results/synteny/inversion_recurrence.tsv
inversion_recurrence	382 | members		Cx_molestus_vs_Cx_pipiens:CM044968.1:49223714-49493156	results/synteny/inversion_recurrence.tsv
inversion_recurrence	383 | n_inversions		1	results/synteny/inversion_recurrence.tsv
inversion_recurrence	383 | n_pairs		1	results/synteny/inversion_recurrence.tsv
inversion_recurrence	383 | chromosomes		chr1	results/synteny/inversion_recurrence.tsv
inversion_recurrence	383 | max_span_bp		229315	results/synteny/inversion_recurrence.tsv
inversion_recurrence	383 | any_at_least_large_span		False	results/synteny/inversion_recurrence.tsv
inversion_recurrence	383 | pairs		Cx_molestus_vs_Cx_pipiens	results/synteny/inversion_recurrence.tsv
inversion_recurrence	383 | members		Cx_molestus_vs_Cx_pipiens:CM044968.1:50520132-50749447	results/synteny/inversion_recurrence.tsv
inversion_recurrence	384 | n_inversions		1	results/synteny/inversion_recurrence.tsv
inversion_recurrence	384 | n_pairs		1	results/synteny/inversion_recurrence.tsv
inversion_recurrence	384 | chromosomes		chr1	results/synteny/inversion_recurrence.tsv
inversion_recurrence	384 | max_span_bp		101345	results/synteny/inversion_recurrence.tsv
inversion_recurrence	384 | any_at_least_large_span		False	results/synteny/inversion_recurrence.tsv
inversion_recurrence	384 | pairs		Cx_molestus_vs_Cx_pipiens	results/synteny/inversion_recurrence.tsv
inversion_recurrence	384 | members		Cx_molestus_vs_Cx_pipiens:CM044968.1:51912323-52013669	results/synteny/inversion_recurrence.tsv
inversion_recurrence	385 | n_inversions		1	results/synteny/inversion_recurrence.tsv
inversion_recurrence	385 | n_pairs		1	results/synteny/inversion_recurrence.tsv
inversion_recurrence	385 | chromosomes		chr1	results/synteny/inversion_recurrence.tsv
inversion_recurrence	385 | max_span_bp		324886	results/synteny/inversion_recurrence.tsv
inversion_recurrence	385 | any_at_least_large_span		False	results/synteny/inversion_recurrence.tsv
inversion_recurrence	385 | pairs		Cx_molestus_vs_Cx_pipiens	results/synteny/inversion_recurrence.tsv
inversion_recurrence	385 | members		Cx_molestus_vs_Cx_pipiens:CM044968.1:56897172-57222059	results/synteny/inversion_recurrence.tsv
inversion_recurrence	386 | n_inversions		1	results/synteny/inversion_recurrence.tsv
inversion_recurrence	386 | n_pairs		1	results/synteny/inversion_recurrence.tsv
inversion_recurrence	386 | chromosomes		chr1	results/synteny/inversion_recurrence.tsv
inversion_recurrence	386 | max_span_bp		155646	results/synteny/inversion_recurrence.tsv
inversion_recurrence	386 | any_at_least_large_span		False	results/synteny/inversion_recurrence.tsv
inversion_recurrence	386 | pairs		Cx_molestus_vs_Cx_pipiens	results/synteny/inversion_recurrence.tsv
inversion_recurrence	386 | members		Cx_molestus_vs_Cx_pipiens:CM044968.1:57576667-57732313	results/synteny/inversion_recurrence.tsv
inversion_recurrence	387 | n_inversions		1	results/synteny/inversion_recurrence.tsv
inversion_recurrence	387 | n_pairs		1	results/synteny/inversion_recurrence.tsv
inversion_recurrence	387 | chromosomes		chr1	results/synteny/inversion_recurrence.tsv
inversion_recurrence	387 | max_span_bp		136978	results/synteny/inversion_recurrence.tsv
inversion_recurrence	387 | any_at_least_large_span		False	results/synteny/inversion_recurrence.tsv
inversion_recurrence	387 | pairs		Cx_molestus_vs_Cx_pipiens	results/synteny/inversion_recurrence.tsv
inversion_recurrence	387 | members		Cx_molestus_vs_Cx_pipiens:CM044968.1:61777761-61914740	results/synteny/inversion_recurrence.tsv
inversion_recurrence	388 | n_inversions		1	results/synteny/inversion_recurrence.tsv
inversion_recurrence	388 | n_pairs		1	results/synteny/inversion_recurrence.tsv
inversion_recurrence	388 | chromosomes		chr1	results/synteny/inversion_recurrence.tsv
inversion_recurrence	388 | max_span_bp		108466	results/synteny/inversion_recurrence.tsv
inversion_recurrence	388 | any_at_least_large_span		False	results/synteny/inversion_recurrence.tsv
inversion_recurrence	388 | pairs		Cx_molestus_vs_Cx_pipiens	results/synteny/inversion_recurrence.tsv
inversion_recurrence	388 | members		Cx_molestus_vs_Cx_pipiens:CM044968.1:71501912-71610378	results/synteny/inversion_recurrence.tsv
inversion_recurrence	389 | n_inversions		1	results/synteny/inversion_recurrence.tsv
inversion_recurrence	389 | n_pairs		1	results/synteny/inversion_recurrence.tsv
inversion_recurrence	389 | chromosomes		chr1	results/synteny/inversion_recurrence.tsv
inversion_recurrence	389 | max_span_bp		489814	results/synteny/inversion_recurrence.tsv
inversion_recurrence	389 | any_at_least_large_span		False	results/synteny/inversion_recurrence.tsv
inversion_recurrence	389 | pairs		Cx_molestus_vs_Cx_pipiens	results/synteny/inversion_recurrence.tsv
inversion_recurrence	389 | members		Cx_molestus_vs_Cx_pipiens:CM044968.1:74638556-75128371	results/synteny/inversion_recurrence.tsv
inversion_recurrence	390 | n_inversions		1	results/synteny/inversion_recurrence.tsv
inversion_recurrence	390 | n_pairs		1	results/synteny/inversion_recurrence.tsv
inversion_recurrence	390 | chromosomes		chr1	results/synteny/inversion_recurrence.tsv
inversion_recurrence	390 | max_span_bp		123741	results/synteny/inversion_recurrence.tsv
inversion_recurrence	390 | any_at_least_large_span		False	results/synteny/inversion_recurrence.tsv
inversion_recurrence	390 | pairs		Cx_molestus_vs_Cx_pipiens	results/synteny/inversion_recurrence.tsv
inversion_recurrence	390 | members		Cx_molestus_vs_Cx_pipiens:CM044968.1:98870366-98994107	results/synteny/inversion_recurrence.tsv
inversion_recurrence	391 | n_inversions		1	results/synteny/inversion_recurrence.tsv
inversion_recurrence	391 | n_pairs		1	results/synteny/inversion_recurrence.tsv
inversion_recurrence	391 | chromosomes		chr1	results/synteny/inversion_recurrence.tsv
inversion_recurrence	391 | max_span_bp		259789	results/synteny/inversion_recurrence.tsv
inversion_recurrence	391 | any_at_least_large_span		False	results/synteny/inversion_recurrence.tsv
inversion_recurrence	391 | pairs		Cx_molestus_vs_Cx_pipiens	results/synteny/inversion_recurrence.tsv
inversion_recurrence	391 | members		Cx_molestus_vs_Cx_pipiens:CM044968.1:110087582-110347372	results/synteny/inversion_recurrence.tsv
synteny	inversions_total		535	results/synteny/inversions_detail.tsv
synteny	inversions_at_least_1Mb		23	results/synteny/inversions_detail.tsv
synteny	largest_inversion		Cx_quinquefasciatus vs Cx_pallens chr1 NC_051861.1:39411371-41225871 (47 genes)	results/synteny/inversions_detail.tsv
repeats	bases_masked_pct	Cx_quinquefasciatus	58.00	results/repeats/Cx_quinquefasciatus/Cx_quinquefasciatus.fasta.tbl
repeats	interspersed_pct	Cx_quinquefasciatus	54.11	results/repeats/Cx_quinquefasciatus/Cx_quinquefasciatus.fasta.tbl
repeats	simple_repeats_pct	Cx_quinquefasciatus	3.59	results/repeats/Cx_quinquefasciatus/Cx_quinquefasciatus.fasta.tbl
repeats	low_complexity_pct	Cx_quinquefasciatus	0.15	results/repeats/Cx_quinquefasciatus/Cx_quinquefasciatus.fasta.tbl
repeats	bases_masked_pct	Cx_pallens	58.95	results/repeats/Cx_pallens/Cx_pallens.fasta.tbl
repeats	interspersed_pct	Cx_pallens	54.67	results/repeats/Cx_pallens/Cx_pallens.fasta.tbl
repeats	simple_repeats_pct	Cx_pallens	3.93	results/repeats/Cx_pallens/Cx_pallens.fasta.tbl
repeats	low_complexity_pct	Cx_pallens	0.18	results/repeats/Cx_pallens/Cx_pallens.fasta.tbl
repeats	bases_masked_pct	Cx_molestus	58.21	results/repeats/Cx_molestus/Cx_molestus.fasta.tbl
repeats	interspersed_pct	Cx_molestus	53.68	results/repeats/Cx_molestus/Cx_molestus.fasta.tbl
repeats	simple_repeats_pct	Cx_molestus	4.18	results/repeats/Cx_molestus/Cx_molestus.fasta.tbl
repeats	low_complexity_pct	Cx_molestus	0.17	results/repeats/Cx_molestus/Cx_molestus.fasta.tbl
repeats	bases_masked_pct	Cx_pipiens	57.41	results/repeats/Cx_pipiens/Cx_pipiens.fasta.tbl
repeats	interspersed_pct	Cx_pipiens	52.98	results/repeats/Cx_pipiens/Cx_pipiens.fasta.tbl
repeats	simple_repeats_pct	Cx_pipiens	4.08	results/repeats/Cx_pipiens/Cx_pipiens.fasta.tbl
repeats	low_complexity_pct	Cx_pipiens	0.16	results/repeats/Cx_pipiens/Cx_pipiens.fasta.tbl
tools	liftoff		1.6.3	.snakemake/conda/*/conda-meta
tools	gffread		0.12.9	.snakemake/conda/*/conda-meta
tools	orthofinder		3.1.5	.snakemake/conda/*/conda-meta
tools	diamond		2.2.8	.snakemake/conda/*/conda-meta
tools	mafft		7.526	.snakemake/conda/*/conda-meta
tools	trimal		1.5.1	.snakemake/conda/*/conda-meta
tools	iqtree		3.1.3	.snakemake/conda/*/conda-meta
tools	cafe		5.1.0	.snakemake/conda/*/conda-meta
tools	skani		0.3.2	.snakemake/conda/*/conda-meta
tools	minimap2		2.24,2.31	.snakemake/conda/*/conda-meta
tools	miniprot		0.18	.snakemake/conda/*/conda-meta
tools	busco		6.1.0	.snakemake/conda/*/conda-meta
tools	quast		5.3.0	.snakemake/conda/*/conda-meta
tools	repeatmodeler		2.0.7	.snakemake/conda/*/conda-meta
tools	repeatmasker		4.1.7p1	.snakemake/conda/*/conda-meta
tools	eggnog-mapper		2.1.12	.snakemake/conda/*/conda-meta
tools	biopython		1.88	.snakemake/conda/*/conda-meta
tools_observed	iqtree		3.1.3	results/phylo/concat_tree.iqtree
tools_observed	orthofinder		3.1.5	results/orthofinder/output/Results_Sep26/Log.txt
tools_observed	liftoff		1.6.3	results/annotation/Cx_molestus_liftoff.gff3
tools_observed	liftoff command		-g results/annotation/liftoff_intermediates/Cx_molestus/ref.gff3 resources/genomes/Cx_molestus.fasta resources/genomes/Cx_quinquefasciatus.fasta -o results/annotation/Cx_molestus_liftoff.gff3 -p 32 -sc 0.95 -s 0.9 -dir results/annotation/liftoff_intermediates/Cx_molestus	results/annotation/Cx_molestus_liftoff.gff3
tools_observed	repeatmasker		4.1.7-p1	results/repeats/Cx_molestus/Cx_molestus.fasta.tbl
tools_observed	rmblastn		2.14.1+	results/repeats/Cx_molestus/Cx_molestus.fasta.tbl
tools_observed	skani command		skani dist -s 80	results/synteny/ani_pairs.tsv
parameters	liftoff -s (min child feature identity)		0.9	config/config.yaml and workflow rules
parameters	liftoff -sc (copy identity; inert without -copies)		0.95	config/config.yaml and workflow rules
parameters	liftoff -copies / -polish		not used	config/config.yaml and workflow rules
parameters	orthofinder		-M msa -S diamond -a 4	config/config.yaml and workflow rules
parameters	iqtree species tree		-p per locus partitions -m MFP -mrate E,I,G,I+G -bb 1000	config/config.yaml and workflow rules
parameters	iqtree gene trees		-m MFP -bb 1000, one per trimmed SCO	config/config.yaml and workflow rules
parameters	concordance		--gcf all_gene_trees.nwk --scf 100	config/config.yaml and workflow rules
parameters	cafe		-p -k 3; ingroup counts; species tree rooted with Cx_perexiguus; branch lengths assumed (tips 1, root branches 0.5 when the root falls between the two pairs); family P values exact under the fitted model, as CAFE5 defines them	config/config.yaml and workflow rules
parameters	outgroup		Cx_perexiguus GCA_964243045.1 (idCulPerx1.1), own Ensembl gene set	config/config.yaml and workflow rules
parameters	rooted tree		five taxon single copy loci (intact loci: four intact ingroup models unless 'all'); MAFFT --auto, trimAl -automated1, alignments of at least 50 columns; iqtree -p per locus partitions -m MFP -bb 1000 -o Cx_perexiguus; --gcf (gene trees of the same loci) and --scf 100	config/config.yaml and workflow rules
parameters	D statistics		codon alignments (trimAl columns of the protein alignment); sites with A, C, G or T in all five taxa; weighted block jackknife over 5 Mb windows of the reference assembly	config/config.yaml and workflow rules
parameters	busco lineage		diptera_odb10	config/config.yaml and workflow rules
parameters	minimap2 synteny		-x asm20 --secondary=no on the three longest sequences	config/config.yaml and workflow rules
parameters	synteny inversions		runs of >= 3 anchors spanning >= 100 kb after orientation normalisation	config/config.yaml and workflow rules
parameters	absence validation		miniprot --outn 1; minimap2 -x asm20 -N 1; hit id >= 0.80, protein cov >= 0.70, DNA cov >= 0.50; same gene protein identity >= 0.90	config/config.yaml and workflow rules
rooted_all_loci	concatenated alignment loci		6831	results/phylo/rooted/first_pass_all_loci_summary.tsv
rooted_all_loci	concatenated alignment columns		3976880	results/phylo/rooted/first_pass_all_loci_summary.tsv
rooted_all_loci	rooted ingroup topology		(((Cx_molestus,Cx_pipiens),Cx_pallens),Cx_quinquefasciatus);	results/phylo/rooted/first_pass_all_loci_summary.tsv
rooted_all_loci	root position		between (Cx_molestus,Cx_pallens,Cx_pipiens) and Cx_quinquefasciatus	results/phylo/rooted/first_pass_all_loci_summary.tsv
rooted_all_loci	(Cx_molestus,Cx_pipiens) UFBoot		100.0	results/phylo/rooted/first_pass_all_loci_summary.tsv
rooted_all_loci	(Cx_molestus,Cx_pipiens) branch length		0.0069061313	results/phylo/rooted/first_pass_all_loci_summary.tsv
rooted_all_loci	(Cx_molestus,Cx_pipiens) gCF		39.3	results/phylo/rooted/first_pass_all_loci_summary.tsv
rooted_all_loci	(Cx_molestus,Cx_pipiens) gCF_N		2412	results/phylo/rooted/first_pass_all_loci_summary.tsv
rooted_all_loci	(Cx_molestus,Cx_pipiens) gDF1		11.68	results/phylo/rooted/first_pass_all_loci_summary.tsv
rooted_all_loci	(Cx_molestus,Cx_pipiens) gDF1_N		717	results/phylo/rooted/first_pass_all_loci_summary.tsv
rooted_all_loci	(Cx_molestus,Cx_pipiens) gDF2		17.48	results/phylo/rooted/first_pass_all_loci_summary.tsv
rooted_all_loci	(Cx_molestus,Cx_pipiens) gDF2_N		1073	results/phylo/rooted/first_pass_all_loci_summary.tsv
rooted_all_loci	(Cx_molestus,Cx_pipiens) gDFP		31.54	results/phylo/rooted/first_pass_all_loci_summary.tsv
rooted_all_loci	(Cx_molestus,Cx_pipiens) gDFP_N		1936	results/phylo/rooted/first_pass_all_loci_summary.tsv
rooted_all_loci	(Cx_molestus,Cx_pipiens) gN		6138	results/phylo/rooted/first_pass_all_loci_summary.tsv
rooted_all_loci	(Cx_molestus,Cx_pipiens) sCF		35.23	results/phylo/rooted/first_pass_all_loci_summary.tsv
rooted_all_loci	(Cx_molestus,Cx_pipiens) sDF1		31.56	results/phylo/rooted/first_pass_all_loci_summary.tsv
rooted_all_loci	(Cx_molestus,Cx_pipiens) sDF2		33.21	results/phylo/rooted/first_pass_all_loci_summary.tsv
rooted_all_loci	(Cx_molestus,Cx_pipiens) sN		47052.64	results/phylo/rooted/first_pass_all_loci_summary.tsv
rooted_all_loci	(Cx_molestus,Cx_pallens,Cx_pipiens) UFBoot		100.0	results/phylo/rooted/first_pass_all_loci_summary.tsv
rooted_all_loci	(Cx_molestus,Cx_pallens,Cx_pipiens) branch length		0.032935557	results/phylo/rooted/first_pass_all_loci_summary.tsv
rooted_all_loci	(Cx_molestus,Cx_pallens,Cx_pipiens) gCF		32.06	results/phylo/rooted/first_pass_all_loci_summary.tsv
rooted_all_loci	(Cx_molestus,Cx_pallens,Cx_pipiens) gCF_N		1968	results/phylo/rooted/first_pass_all_loci_summary.tsv
rooted_all_loci	(Cx_molestus,Cx_pallens,Cx_pipiens) gDF1		33.68	results/phylo/rooted/first_pass_all_loci_summary.tsv
rooted_all_loci	(Cx_molestus,Cx_pallens,Cx_pipiens) gDF1_N		2067	results/phylo/rooted/first_pass_all_loci_summary.tsv
rooted_all_loci	(Cx_molestus,Cx_pallens,Cx_pipiens) gDF2		13.9	results/phylo/rooted/first_pass_all_loci_summary.tsv
rooted_all_loci	(Cx_molestus,Cx_pallens,Cx_pipiens) gDF2_N		853	results/phylo/rooted/first_pass_all_loci_summary.tsv
rooted_all_loci	(Cx_molestus,Cx_pallens,Cx_pipiens) gDFP		20.36	results/phylo/rooted/first_pass_all_loci_summary.tsv
rooted_all_loci	(Cx_molestus,Cx_pallens,Cx_pipiens) gDFP_N		1250	results/phylo/rooted/first_pass_all_loci_summary.tsv
rooted_all_loci	(Cx_molestus,Cx_pallens,Cx_pipiens) gN		6138	results/phylo/rooted/first_pass_all_loci_summary.tsv
rooted_all_loci	(Cx_molestus,Cx_pallens,Cx_pipiens) sCF		88.26	results/phylo/rooted/first_pass_all_loci_summary.tsv
rooted_all_loci	(Cx_molestus,Cx_pallens,Cx_pipiens) sDF1		8.04	results/phylo/rooted/first_pass_all_loci_summary.tsv
rooted_all_loci	(Cx_molestus,Cx_pallens,Cx_pipiens) sDF2		3.71	results/phylo/rooted/first_pass_all_loci_summary.tsv
rooted_all_loci	(Cx_molestus,Cx_pallens,Cx_pipiens) sN		78378.68	results/phylo/rooted/first_pass_all_loci_summary.tsv
rooted_all_loci	gene trees all		6138	results/phylo/rooted/first_pass_all_loci_summary.tsv
rooted_all_loci	gene trees resolved		3653	results/phylo/rooted/first_pass_all_loci_summary.tsv
rooted_all_loci	gene trees ufboot95		153	results/phylo/rooted/first_pass_all_loci_summary.tsv
rooted_all_loci	gene trees without all five taxa		0	results/phylo/rooted/first_pass_all_loci_summary.tsv
rooted_all_loci	gene trees matching the rooted species tree (pct of all)		13.85	results/phylo/rooted/first_pass_all_loci_summary.tsv
rooted_all_loci	gene trees with the species tree quartet split (pct of all)		52.66	results/phylo/rooted/first_pass_all_loci_summary.tsv
anvio	clusters | input proteins		57815	results/anvio/anvio_summary.tsv
anvio	clusters | proteins in gene clusters		57716	results/anvio/anvio_summary.tsv
anvio	clusters | gene clusters		16623	results/anvio/anvio_summary.tsv
anvio	not clustered | proteins without a DIAMOND hit, left out of gene clusters		99	results/anvio/anvio_summary.tsv
anvio	not clustered | protein length, median (residues)		12	results/anvio/anvio_summary.tsv
anvio	not clustered | protein length, at most 10 residues		40	results/anvio/anvio_summary.tsv
anvio	not clustered | protein length, largest (residues)		380	results/anvio/anvio_summary.tsv
anvio	not clustered | Cx_quinquefasciatus | proteins		18	results/anvio/anvio_summary.tsv
anvio	not clustered | Cx_pallens | proteins		23	results/anvio/anvio_summary.tsv
anvio	not clustered | Cx_molestus | proteins		27	results/anvio/anvio_summary.tsv
anvio	not clustered | Cx_pipiens | proteins		31	results/anvio/anvio_summary.tsv
anvio	not clustered | OrthoFinder core		0	results/anvio/anvio_summary.tsv
anvio	not clustered | OrthoFinder shell		2	results/anvio/anvio_summary.tsv
anvio	not clustered | OrthoFinder cloud		0	results/anvio/anvio_summary.tsv
anvio	not clustered | OrthoFinder unassigned		97	results/anvio/anvio_summary.tsv
anvio	not clustered | transferred models without a valid ORF		79	results/anvio/anvio_summary.tsv
anvio	not clustered | transferred models		81	results/anvio/anvio_summary.tsv
anvio	clusters | clusters in all four forms		9465	results/anvio/anvio_summary.tsv
anvio	clusters | clusters in all four forms (%)		56.9	results/anvio/anvio_summary.tsv
anvio	clusters | clusters in three forms		2479	results/anvio/anvio_summary.tsv
anvio	clusters | clusters in three forms (%)		14.9	results/anvio/anvio_summary.tsv
anvio	clusters | clusters in two forms		1663	results/anvio/anvio_summary.tsv
anvio	clusters | clusters in two forms (%)		10.0	results/anvio/anvio_summary.tsv
anvio	clusters | clusters in one form		3016	results/anvio/anvio_summary.tsv
anvio	clusters | clusters in one form (%)		18.1	results/anvio/anvio_summary.tsv
anvio	clusters | genes in all four clusters		43398	results/anvio/anvio_summary.tsv
anvio	clusters | genes in all four clusters (%)		75.2	results/anvio/anvio_summary.tsv
anvio	clusters | genes in two or three clusters		11223	results/anvio/anvio_summary.tsv
anvio	clusters | genes in two or three clusters (%)		19.4	results/anvio/anvio_summary.tsv
anvio	clusters | genes in one form clusters		3095	results/anvio/anvio_summary.tsv
anvio	clusters | genes in one form clusters (%)		5.4	results/anvio/anvio_summary.tsv
anvio	clusters | clusters with one gene in each form		8577	results/anvio/anvio_summary.tsv
anvio	clusters | genes per cluster, median		4	results/anvio/anvio_summary.tsv
anvio	clusters | genes per cluster, largest		111	results/anvio/anvio_summary.tsv
anvio	clusters | clusters of one gene		2952	results/anvio/anvio_summary.tsv
anvio	per form | Cx_quinquefasciatus | clusters with its genes		12957	results/anvio/anvio_summary.tsv
anvio	per form | Cx_quinquefasciatus | one form clusters		603	results/anvio/anvio_summary.tsv
anvio	per form | Cx_quinquefasciatus | clusters missing only this form		422	results/anvio/anvio_summary.tsv
anvio	per form | Cx_pallens | clusters with its genes		12778	results/anvio/anvio_summary.tsv
anvio	per form | Cx_pallens | one form clusters		700	results/anvio/anvio_summary.tsv
anvio	per form | Cx_pallens | clusters missing only this form		709	results/anvio/anvio_summary.tsv
anvio	per form | Cx_molestus | clusters with its genes		12810	results/anvio/anvio_summary.tsv
anvio	per form | Cx_molestus | one form clusters		905	results/anvio/anvio_summary.tsv
anvio	per form | Cx_molestus | clusters missing only this form		843	results/anvio/anvio_summary.tsv
anvio	per form | Cx_pipiens | clusters with its genes		13094	results/anvio/anvio_summary.tsv
anvio	per form | Cx_pipiens | one form clusters		808	results/anvio/anvio_summary.tsv
anvio	per form | Cx_pipiens | clusters missing only this form		505	results/anvio/anvio_summary.tsv
anvio	one form clusters | Cx_quinquefasciatus | genes		650	results/anvio/anvio_summary.tsv
anvio	one form clusters | Cx_quinquefasciatus | genes with a kept model of the same gene in another form		585	results/anvio/anvio_summary.tsv
anvio	one form clusters | Cx_quinquefasciatus | genes whose RefSeq model is partial or has an exception		200	results/anvio/anvio_summary.tsv
anvio	one form clusters | Cx_quinquefasciatus | genes whose RefSeq model is partial or has an exception (%)		30.8	results/anvio/anvio_summary.tsv
anvio	one form clusters | Cx_quinquefasciatus | genes OrthoFinder left unassigned		54	results/anvio/anvio_summary.tsv
anvio	one form clusters | Cx_quinquefasciatus | genes in OrthoFinder cloud orthogroups		150	results/anvio/anvio_summary.tsv
anvio	one form clusters | Cx_pallens | genes		714	results/anvio/anvio_summary.tsv
anvio	one form clusters | Cx_pallens | genes with a kept model of the same gene in another form		714	results/anvio/anvio_summary.tsv
anvio	one form clusters | Cx_pallens | genes whose RefSeq model is partial or has an exception		62	results/anvio/anvio_summary.tsv
anvio	one form clusters | Cx_pallens | genes whose RefSeq model is partial or has an exception (%)		8.7	results/anvio/anvio_summary.tsv
anvio	one form clusters | Cx_pallens | genes OrthoFinder left unassigned		371	results/anvio/anvio_summary.tsv
anvio	one form clusters | Cx_pallens | genes in OrthoFinder cloud orthogroups		16	results/anvio/anvio_summary.tsv
anvio	one form clusters | Cx_molestus | genes		913	results/anvio/anvio_summary.tsv
anvio	one form clusters | Cx_molestus | genes with a kept model of the same gene in another form		913	results/anvio/anvio_summary.tsv
anvio	one form clusters | Cx_molestus | genes whose RefSeq model is partial or has an exception		91	results/anvio/anvio_summary.tsv
anvio	one form clusters | Cx_molestus | genes whose RefSeq model is partial or has an exception (%)		10.0	results/anvio/anvio_summary.tsv
anvio	one form clusters | Cx_molestus | genes OrthoFinder left unassigned		545	results/anvio/anvio_summary.tsv
anvio	one form clusters | Cx_molestus | genes in OrthoFinder cloud orthogroups		11	results/anvio/anvio_summary.tsv
anvio	one form clusters | Cx_pipiens | genes		818	results/anvio/anvio_summary.tsv
anvio	one form clusters | Cx_pipiens | genes with a kept model of the same gene in another form		818	results/anvio/anvio_summary.tsv
anvio	one form clusters | Cx_pipiens | genes whose RefSeq model is partial or has an exception		80	results/anvio/anvio_summary.tsv
anvio	one form clusters | Cx_pipiens | genes whose RefSeq model is partial or has an exception (%)		9.8	results/anvio/anvio_summary.tsv
anvio	one form clusters | Cx_pipiens | genes OrthoFinder left unassigned		425	results/anvio/anvio_summary.tsv
anvio	one form clusters | Cx_pipiens | genes in OrthoFinder cloud orthogroups		13	results/anvio/anvio_summary.tsv
anvio	one form clusters | Cx_quinquefasciatus | all kept models whose RefSeq model is partial or has an exception (%)		5.8	results/anvio/anvio_summary.tsv
anvio	one form clusters | all forms | genes		3095	results/anvio/anvio_summary.tsv
anvio	one form clusters | all forms | genes with a kept model of the same gene in another form		3030	results/anvio/anvio_summary.tsv
anvio	one form clusters | transferred forms | genes		2445	results/anvio/anvio_summary.tsv
anvio	one form clusters | transferred forms | genes with a kept model of the same gene in another form		2445	results/anvio/anvio_summary.tsv
anvio	one form clusters | transferred forms | genes without a valid ORF		2440	results/anvio/anvio_summary.tsv
anvio	one form clusters | transferred forms | genes without a valid ORF (%)		99.8	results/anvio/anvio_summary.tsv
anvio	reference gene | transferred models without a valid ORF		13851	results/anvio/anvio_summary.tsv
anvio	reference gene | transferred models without a valid ORF | not in the gene cluster of the reference model		5703	results/anvio/anvio_summary.tsv
anvio	reference gene | transferred models without a valid ORF | not in the gene cluster of the reference model (%)		41.2	results/anvio/anvio_summary.tsv
anvio	reference gene | transferred models without a valid ORF | not in the orthogroup of the reference model		3794	results/anvio/anvio_summary.tsv
anvio	reference gene | transferred models without a valid ORF | not in the orthogroup of the reference model (%)		27.4	results/anvio/anvio_summary.tsv
anvio	reference gene | transferred models with a valid ORF		28870	results/anvio/anvio_summary.tsv
anvio	reference gene | transferred models with a valid ORF | not in the gene cluster of the reference model		47	results/anvio/anvio_summary.tsv
anvio	reference gene | transferred models with a valid ORF | not in the gene cluster of the reference model (%)		0.2	results/anvio/anvio_summary.tsv
anvio	reference gene | transferred models with a valid ORF | not in the orthogroup of the reference model		102	results/anvio/anvio_summary.tsv
anvio	reference gene | transferred models with a valid ORF | not in the orthogroup of the reference model (%)		0.4	results/anvio/anvio_summary.tsv
anvio	one form clusters | Cx_quinquefasciatus | genes with a transferred model without a valid ORF		582	results/anvio/anvio_summary.tsv
anvio	one form clusters | all forms | broken transfers or reference models with a broken transfer		3022	results/anvio/anvio_summary.tsv
anvio	one form clusters | all forms | broken transfers or reference models with a broken transfer (%)		97.6	results/anvio/anvio_summary.tsv
anvio	models without a valid ORF | Cx_pallens | all four (%)		19.4	results/anvio/anvio_summary.tsv
anvio	models without a valid ORF | Cx_pallens | two or three (%)		53.4	results/anvio/anvio_summary.tsv
anvio	models without a valid ORF | Cx_pallens | one form (%)		99.7	results/anvio/anvio_summary.tsv
anvio	models without a valid ORF | Cx_molestus | all four (%)		22.4	results/anvio/anvio_summary.tsv
anvio	models without a valid ORF | Cx_molestus | two or three (%)		59.8	results/anvio/anvio_summary.tsv
anvio	models without a valid ORF | Cx_molestus | one form (%)		99.9	results/anvio/anvio_summary.tsv
anvio	models without a valid ORF | Cx_pipiens | all four (%)		21.7	results/anvio/anvio_summary.tsv
anvio	models without a valid ORF | Cx_pipiens | two or three (%)		54.9	results/anvio/anvio_summary.tsv
anvio	models without a valid ORF | Cx_pipiens | one form (%)		99.8	results/anvio/anvio_summary.tsv
anvio	genes by class and compartment | all four | core		42481	results/anvio/anvio_summary.tsv
anvio	genes by class and compartment | all four | core (%)		97.9	results/anvio/anvio_summary.tsv
anvio	genes by class and compartment | all four | shell		718	results/anvio/anvio_summary.tsv
anvio	genes by class and compartment | all four | shell (%)		1.7	results/anvio/anvio_summary.tsv
anvio	genes by class and compartment | all four | cloud		92	results/anvio/anvio_summary.tsv
anvio	genes by class and compartment | all four | cloud (%)		0.2	results/anvio/anvio_summary.tsv
anvio	genes by class and compartment | all four | unassigned		107	results/anvio/anvio_summary.tsv
anvio	genes by class and compartment | all four | unassigned (%)		0.2	results/anvio/anvio_summary.tsv
anvio	genes by class and compartment | two or three | core		3571	results/anvio/anvio_summary.tsv
anvio	genes by class and compartment | two or three | core (%)		31.8	results/anvio/anvio_summary.tsv
anvio	genes by class and compartment | two or three | shell		7558	results/anvio/anvio_summary.tsv
anvio	genes by class and compartment | two or three | shell (%)		67.3	results/anvio/anvio_summary.tsv
anvio	genes by class and compartment | two or three | cloud		21	results/anvio/anvio_summary.tsv
anvio	genes by class and compartment | two or three | cloud (%)		0.2	results/anvio/anvio_summary.tsv
anvio	genes by class and compartment | two or three | unassigned		73	results/anvio/anvio_summary.tsv
anvio	genes by class and compartment | two or three | unassigned (%)		0.7	results/anvio/anvio_summary.tsv
anvio	genes by class and compartment | one form | core		1118	results/anvio/anvio_summary.tsv
anvio	genes by class and compartment | one form | core (%)		36.1	results/anvio/anvio_summary.tsv
anvio	genes by class and compartment | one form | shell		392	results/anvio/anvio_summary.tsv
anvio	genes by class and compartment | one form | shell (%)		12.7	results/anvio/anvio_summary.tsv
anvio	genes by class and compartment | one form | cloud		190	results/anvio/anvio_summary.tsv
anvio	genes by class and compartment | one form | cloud (%)		6.1	results/anvio/anvio_summary.tsv
anvio	genes by class and compartment | one form | unassigned		1395	results/anvio/anvio_summary.tsv
anvio	genes by class and compartment | one form | unassigned (%)		45.1	results/anvio/anvio_summary.tsv
anvio	against OrthoFinder | genes in the corresponding class and compartment		51624	results/anvio/anvio_summary.tsv
anvio	against OrthoFinder | genes in the corresponding class and compartment (%)		89.4	results/anvio/anvio_summary.tsv
anvio	against OrthoFinder | orthogroups with ingroup genes in gene clusters		13604	results/anvio/anvio_summary.tsv
anvio	against OrthoFinder | gene clusters identical to an orthogroup (ingroup genes)		10870	results/anvio/anvio_summary.tsv
anvio	against OrthoFinder | gene clusters identical to an orthogroup (%)		65.4	results/anvio/anvio_summary.tsv
anvio	against OrthoFinder | orthogroups whose genes fall in more than one gene cluster		1646	results/anvio/anvio_summary.tsv
anvio	against OrthoFinder | gene clusters holding genes of more than one orthogroup		529	results/anvio/anvio_summary.tsv
anvio	against OrthoFinder | core orthogroups		10228	results/anvio/anvio_summary.tsv
anvio	against OrthoFinder | core orthogroups whose genes are all in four form gene clusters		9086	results/anvio/anvio_summary.tsv
anvio	against OrthoFinder | four form gene clusters		9465	results/anvio/anvio_summary.tsv
anvio	against OrthoFinder | four form gene clusters whose genes are all in core orthogroups		9174	results/anvio/anvio_summary.tsv
anvio	versions | anvio		eunice (v9)	results/anvio/anvio_summary.tsv
anvio	versions | diamond		2.2.8	results/anvio/anvio_summary.tsv
anvio	versions | mcl		22-282	results/anvio/anvio_summary.tsv
anvio	versions | famsa		2.2.2-7eb7612	results/anvio/anvio_summary.tsv
anvio	sources | gene cluster table		results/anvio/summary/Culex_pipiens_complex_gene_clusters_summary.txt.gz	results/anvio/anvio_summary.tsv
anvio	sources | genes and ORF flags		transcript_genes.tsv	results/anvio/anvio_summary.tsv
anvio_combinations	qui + pal + mol + pip | n_clusters		9465	results/anvio/anvio_combinations.tsv
anvio_combinations	qui + pal + mol + pip | n_genes		43398	results/anvio/anvio_combinations.tsv
anvio_combinations	qui + pal + pip | n_clusters		843	results/anvio/anvio_combinations.tsv
anvio_combinations	qui + pal + pip | n_genes		2623	results/anvio/anvio_combinations.tsv
anvio_combinations	qui + mol + pip | n_clusters		709	results/anvio/anvio_combinations.tsv
anvio_combinations	qui + mol + pip | n_genes		2241	results/anvio/anvio_combinations.tsv
anvio_combinations	qui + pal + mol | n_clusters		505	results/anvio/anvio_combinations.tsv
anvio_combinations	qui + pal + mol | n_genes		1564	results/anvio/anvio_combinations.tsv
anvio_combinations	pal + mol + pip | n_clusters		422	results/anvio/anvio_combinations.tsv
anvio_combinations	pal + mol + pip | n_genes		1354	results/anvio/anvio_combinations.tsv
anvio_combinations	qui + pal | n_clusters		351	results/anvio/anvio_combinations.tsv
anvio_combinations	qui + pal | n_genes		747	results/anvio/anvio_combinations.tsv
anvio_combinations	mol + pip | n_clusters		339	results/anvio/anvio_combinations.tsv
anvio_combinations	mol + pip | n_genes		698	results/anvio/anvio_combinations.tsv
anvio_combinations	pal + pip | n_clusters		255	results/anvio/anvio_combinations.tsv
anvio_combinations	pal + pip | n_genes		513	results/anvio/anvio_combinations.tsv
anvio_combinations	qui + pip | n_clusters		253	results/anvio/anvio_combinations.tsv
anvio_combinations	qui + pip | n_genes		531	results/anvio/anvio_combinations.tsv
anvio_combinations	pal + mol | n_clusters		237	results/anvio/anvio_combinations.tsv
anvio_combinations	pal + mol | n_genes		483	results/anvio/anvio_combinations.tsv
anvio_combinations	qui + mol | n_clusters		228	results/anvio/anvio_combinations.tsv
anvio_combinations	qui + mol | n_genes		469	results/anvio/anvio_combinations.tsv
anvio_combinations	mol | n_clusters		905	results/anvio/anvio_combinations.tsv
anvio_combinations	mol | n_genes		913	results/anvio/anvio_combinations.tsv
anvio_combinations	pip | n_clusters		808	results/anvio/anvio_combinations.tsv
anvio_combinations	pip | n_genes		818	results/anvio/anvio_combinations.tsv
anvio_combinations	pal | n_clusters		700	results/anvio/anvio_combinations.tsv
anvio_combinations	pal | n_genes		714	results/anvio/anvio_combinations.tsv
anvio_combinations	qui | n_clusters		603	results/anvio/anvio_combinations.tsv
anvio_combinations	qui | n_genes		650	results/anvio/anvio_combinations.tsv
anvio_vs_orthofinder	all four | core		42481	results/anvio/anvio_vs_orthofinder.tsv
anvio_vs_orthofinder	all four | shell		718	results/anvio/anvio_vs_orthofinder.tsv
anvio_vs_orthofinder	all four | cloud		92	results/anvio/anvio_vs_orthofinder.tsv
anvio_vs_orthofinder	all four | unassigned		107	results/anvio/anvio_vs_orthofinder.tsv
anvio_vs_orthofinder	all four | total		43398	results/anvio/anvio_vs_orthofinder.tsv
anvio_vs_orthofinder	two or three | core		3571	results/anvio/anvio_vs_orthofinder.tsv
anvio_vs_orthofinder	two or three | shell		7558	results/anvio/anvio_vs_orthofinder.tsv
anvio_vs_orthofinder	two or three | cloud		21	results/anvio/anvio_vs_orthofinder.tsv
anvio_vs_orthofinder	two or three | unassigned		73	results/anvio/anvio_vs_orthofinder.tsv
anvio_vs_orthofinder	two or three | total		11223	results/anvio/anvio_vs_orthofinder.tsv
anvio_vs_orthofinder	one form | core		1118	results/anvio/anvio_vs_orthofinder.tsv
anvio_vs_orthofinder	one form | shell		392	results/anvio/anvio_vs_orthofinder.tsv
anvio_vs_orthofinder	one form | cloud		190	results/anvio/anvio_vs_orthofinder.tsv
anvio_vs_orthofinder	one form | unassigned		1395	results/anvio/anvio_vs_orthofinder.tsv
anvio_vs_orthofinder	one form | total		3095	results/anvio/anvio_vs_orthofinder.tsv
anvio_orf_by_class	Cx_pallens vs all four | n_genes		10685	results/anvio/anvio_orf_by_class.tsv
anvio_orf_by_class	Cx_pallens vs all four | n_without_valid_orf		2072	results/anvio/anvio_orf_by_class.tsv
anvio_orf_by_class	Cx_pallens vs all four | pct_without_valid_orf		19.4	results/anvio/anvio_orf_by_class.tsv
anvio_orf_by_class	Cx_pallens vs two or three | n_genes		2684	results/anvio/anvio_orf_by_class.tsv
anvio_orf_by_class	Cx_pallens vs two or three | n_without_valid_orf		1434	results/anvio/anvio_orf_by_class.tsv
anvio_orf_by_class	Cx_pallens vs two or three | pct_without_valid_orf		53.4	results/anvio/anvio_orf_by_class.tsv
anvio_orf_by_class	Cx_pallens vs one form | n_genes		714	results/anvio/anvio_orf_by_class.tsv
anvio_orf_by_class	Cx_pallens vs one form | n_without_valid_orf		712	results/anvio/anvio_orf_by_class.tsv
anvio_orf_by_class	Cx_pallens vs one form | pct_without_valid_orf		99.7	results/anvio/anvio_orf_by_class.tsv
anvio_orf_by_class	Cx_molestus vs all four | n_genes		10656	results/anvio/anvio_orf_by_class.tsv
anvio_orf_by_class	Cx_molestus vs all four | n_without_valid_orf		2390	results/anvio/anvio_orf_by_class.tsv
anvio_orf_by_class	Cx_molestus vs all four | pct_without_valid_orf		22.4	results/anvio/anvio_orf_by_class.tsv
anvio_orf_by_class	Cx_molestus vs two or three | n_genes		2530	results/anvio/anvio_orf_by_class.tsv
anvio_orf_by_class	Cx_molestus vs two or three | n_without_valid_orf		1514	results/anvio/anvio_orf_by_class.tsv
anvio_orf_by_class	Cx_molestus vs two or three | pct_without_valid_orf		59.8	results/anvio/anvio_orf_by_class.tsv
anvio_orf_by_class	Cx_molestus vs one form | n_genes		913	results/anvio/anvio_orf_by_class.tsv
anvio_orf_by_class	Cx_molestus vs one form | n_without_valid_orf		912	results/anvio/anvio_orf_by_class.tsv
anvio_orf_by_class	Cx_molestus vs one form | pct_without_valid_orf		99.9	results/anvio/anvio_orf_by_class.tsv
anvio_orf_by_class	Cx_pipiens vs all four | n_genes		10727	results/anvio/anvio_orf_by_class.tsv
anvio_orf_by_class	Cx_pipiens vs all four | n_without_valid_orf		2323	results/anvio/anvio_orf_by_class.tsv
anvio_orf_by_class	Cx_pipiens vs all four | pct_without_valid_orf		21.7	results/anvio/anvio_orf_by_class.tsv
anvio_orf_by_class	Cx_pipiens vs two or three | n_genes		2913	results/anvio/anvio_orf_by_class.tsv
anvio_orf_by_class	Cx_pipiens vs two or three | n_without_valid_orf		1599	results/anvio/anvio_orf_by_class.tsv
anvio_orf_by_class	Cx_pipiens vs two or three | pct_without_valid_orf		54.9	results/anvio/anvio_orf_by_class.tsv
anvio_orf_by_class	Cx_pipiens vs one form | n_genes		818	results/anvio/anvio_orf_by_class.tsv
anvio_orf_by_class	Cx_pipiens vs one form | n_without_valid_orf		816	results/anvio/anvio_orf_by_class.tsv
anvio_orf_by_class	Cx_pipiens vs one form | pct_without_valid_orf		99.8	results/anvio/anvio_orf_by_class.tsv
anvio_one_form	Cx_quinquefasciatus | clusters		603	results/anvio/anvio_one_form.tsv
anvio_one_form	Cx_quinquefasciatus | genes		650	results/anvio/anvio_one_form.tsv
anvio_one_form	Cx_quinquefasciatus | same_gene_in_another_form		585	results/anvio/anvio_one_form.tsv
anvio_one_form	Cx_quinquefasciatus | refseq_model_not_clean		200	results/anvio/anvio_one_form.tsv
anvio_one_form	Cx_quinquefasciatus | orthofinder_core		333	results/anvio/anvio_one_form.tsv
anvio_one_form	Cx_quinquefasciatus | orthofinder_shell		113	results/anvio/anvio_one_form.tsv
anvio_one_form	Cx_quinquefasciatus | orthofinder_cloud		150	results/anvio/anvio_one_form.tsv
anvio_one_form	Cx_quinquefasciatus | orthofinder_unassigned		54	results/anvio/anvio_one_form.tsv
anvio_one_form	Cx_quinquefasciatus | without_valid_orf		NA	results/anvio/anvio_one_form.tsv
anvio_one_form	Cx_pallens | clusters		700	results/anvio/anvio_one_form.tsv
anvio_one_form	Cx_pallens | genes		714	results/anvio/anvio_one_form.tsv
anvio_one_form	Cx_pallens | same_gene_in_another_form		714	results/anvio/anvio_one_form.tsv
anvio_one_form	Cx_pallens | refseq_model_not_clean		62	results/anvio/anvio_one_form.tsv
anvio_one_form	Cx_pallens | orthofinder_core		229	results/anvio/anvio_one_form.tsv
anvio_one_form	Cx_pallens | orthofinder_shell		98	results/anvio/anvio_one_form.tsv
anvio_one_form	Cx_pallens | orthofinder_cloud		16	results/anvio/anvio_one_form.tsv
anvio_one_form	Cx_pallens | orthofinder_unassigned		371	results/anvio/anvio_one_form.tsv
anvio_one_form	Cx_pallens | without_valid_orf		712	results/anvio/anvio_one_form.tsv
anvio_one_form	Cx_molestus | clusters		905	results/anvio/anvio_one_form.tsv
anvio_one_form	Cx_molestus | genes		913	results/anvio/anvio_one_form.tsv
anvio_one_form	Cx_molestus | same_gene_in_another_form		913	results/anvio/anvio_one_form.tsv
anvio_one_form	Cx_molestus | refseq_model_not_clean		91	results/anvio/anvio_one_form.tsv
anvio_one_form	Cx_molestus | orthofinder_core		268	results/anvio/anvio_one_form.tsv
anvio_one_form	Cx_molestus | orthofinder_shell		89	results/anvio/anvio_one_form.tsv
anvio_one_form	Cx_molestus | orthofinder_cloud		11	results/anvio/anvio_one_form.tsv
anvio_one_form	Cx_molestus | orthofinder_unassigned		545	results/anvio/anvio_one_form.tsv
anvio_one_form	Cx_molestus | without_valid_orf		912	results/anvio/anvio_one_form.tsv
anvio_one_form	Cx_pipiens | clusters		808	results/anvio/anvio_one_form.tsv
anvio_one_form	Cx_pipiens | genes		818	results/anvio/anvio_one_form.tsv
anvio_one_form	Cx_pipiens | same_gene_in_another_form		818	results/anvio/anvio_one_form.tsv
anvio_one_form	Cx_pipiens | refseq_model_not_clean		80	results/anvio/anvio_one_form.tsv
anvio_one_form	Cx_pipiens | orthofinder_core		288	results/anvio/anvio_one_form.tsv
anvio_one_form	Cx_pipiens | orthofinder_shell		92	results/anvio/anvio_one_form.tsv
anvio_one_form	Cx_pipiens | orthofinder_cloud		13	results/anvio/anvio_one_form.tsv
anvio_one_form	Cx_pipiens | orthofinder_unassigned		425	results/anvio/anvio_one_form.tsv
anvio_one_form	Cx_pipiens | without_valid_orf		816	results/anvio/anvio_one_form.tsv
